tree
version=v4
num_class=1
num_tree_per_iteration=1
label_index=0
max_feature_idx=24
objective=regression
feature_names=Column_0 Column_1 Column_2 Column_3 Column_4 Column_5 Column_6 Column_7 Column_8 Column_9 Column_10 Column_11 Column_12 Column_13 Column_14 Column_15 Column_16 Column_17 Column_18 Column_19 Column_20 Column_21 Column_22 Column_23 Column_24
monotone_constraints=1 0 -1 0 0 0 -1 0 0 0 0 0 0 0 -1 1 1 1 1 1 1 1 1 1 -1
feature_infos=[13.300000190734863:33.799999237060547] [27:100] [0:7.809999942779541] [0:359] [-5.5399999618530273:4.0500001907348633] [-7.4200000762939453:7.440000057220459] [10:2015] [1009.0999755859375:1028] [0:888] [-1:1] [-1:1] [-0.9749000072479248:0.9749000072479248] [-0.90100002288818359:1] [0:1] [22:58] [1.0199999809265137:2.380000114440918] [0.079999998211860657:1] [0.087999999523162842:0.17499999701976776] [0.40000000596046448:29] [0.53200000524520874:0.66200000047683716] [3:26.600000381469727] [3.4000000953674316:38.099998474121094] [0.40000000596046448:29] [2:151] [15:1854.1700439453125]
tree_sizes=2698 2799 2787 2808 2796 2787 2808 2804 2823 2822 2829 2805 2826 2829 2809 2831 2830 2830 2819 2804 2845 2842 2814 2829 2812 2843 2834 2836 2817 2845 2829 2849 2817 2828 2829 2836 2834 2844 2839 2837 2830 2837 2837 2836 2848 2829 2820 2838 2849 2832 2839 2831 2852 2834 2832 2833 2830 2849 2850 2817 2868 2842 2828 2838 2861 2518 2848 2242 2837 2828 2836 2599 2841 2841 2841 2862 2837 2847 2834 2830 1993 2817 2829 2855 1995 2820 2157 2836 2590 2864 1810 2418 2867 2511 2859 1838 2850 2513 2820 2874 1978 2584 2098 2849 2862 2866 1836 2601 2674 1732 2703 2740 2344 2852 1911 2057 2357 2443 2846 1560

Tree=0
num_leaves=31
num_cat=0
split_feature=6 6 3 18 18 24 6 20 6 18 12 10 24 7 24 12 24 7 11 10 11 18 24 11 8 12 24 18 24 17
split_gain=155727 38250.5 17926.3 14272.5 8675.92 6030.12 5805.97 3856.17 3095.25 2408.76 1827.44 1780.85 1594.13 1417.88 1281.91 1130.72 1112.54 981.833 972.421 923.597 891 815.296 798.632 786.415 675.685 603.052 566.296 501.095 454.618 445.267
threshold=257.50000000000006 537.50000000000011 276.50000000000006 7.4500000476837167 4.2500000000000009 172.91500091552737 42.500000000000007 12.750000000000002 782.50000000000011 19.750000000000004 -0.56175000965595234 1.0000000180025095e-35 391.25000000000006 1025.350036621094 410.41499328613287 1.0000000180025095e-35 700.41500854492199 1019.5499877929689 0.60784998536109935 0.3793999999761582 -0.60784998536109913 4.9500000476837167 185.41500091552737 0.60784998536109935 356.50000000000006 1.0000000180025095e-35 410.41499328613287 19.849999427795414 80.415000915527358 0.14050000160932544
decision_type=2 2 2 2 2 2 2 2 2 2 2 2 2 2 2 2 2 2 2 2 2 2 2 2 2 2 2 2 2 2
left_child=2 3 6 22 14 9 13 17 16 10 21 27 -13 19 -3 -11 -6 -8 -17 29 -5 -4 -2 -12 -16 -14 -10 -7 -15 -1
right_child=1 4 5 20 8 11 7 -9 26 15 23 12 25 28 24 18 -18 -19 -20 -21 -22 -23 -24 -25 -26 -27 -28 -29 -30 -31
leaf_value=9.4650663723028021 9.2251660335728314 9.0123621567335217 9.6031927846587681 9.230342087488614 9.13695202814562 9.3809808337798 9.3892232056514224 9.4650663723028021 9.0677878090561972 9.7421990266923881 9.6031927846587681 9.6031927846587681 9.5285266098604904 9.966395533235243 8.9686403973623694 9.8127417144078333 9.0682073554460558 9.3133800390000427 10.117741660252756 9.6349368353753331 9.3133800390000427 9.7421990266923881 9.13695202814562 9.6875431490004829 8.9067637871842802 9.3830905491466048 9.0123621567335217 9.6031927846587681 9.6807417131362676 9.6835416960019192
leaf_weight=104 150 319 40 523 1009 230 378 269 224 140 289 346 90 26 388 56 655 652 49 123 1320 260 1021 277 1268 129 766 25 30 25
leaf_count=104 150 319 40 523 1009 230 378 269 224 140 289 346 90 26 388 56 655 652 49 123 1320 260 1021 277 1268 129 766 25 30 25
internal_value=9.23973 9.11277 9.51399 9.25139 9.02251 9.61666 9.39062 9.34434 9.08156 9.69257 9.65341 9.51381 9.56332 9.58579 8.94316 9.83099 9.12321 9.31338 9.95508 9.53522 9.31338 9.7422 9.13695 9.60319 8.92492 9.45386 9.01236 9.40413 9.81337 9.46507
internal_weight=11181 7643 3538 3014 4629 1931 1607 1299 2654 1111 866 820 565 308 1975 245 1664 1030 105 252 1843 300 1171 566 1656 219 990 255 56 129
internal_count=11181 7643 3538 3014 4629 1931 1607 1299 2654 1111 866 820 565 308 1975 245 1664 1030 105 252 1843 300 1171 566 1656 219 990 255 56 129
is_linear=0
shrinkage=1


Tree=1
num_leaves=31
num_cat=0
split_feature=6 6 3 18 18 24 6 20 6 7 18 10 11 18 12 11 24 24 18 7 11 24 8 7 24 10 18 18 24 18
split_gain=139758 34705.1 16342.4 13276 7807.33 5468.43 5247.69 3119.79 2863.24 2824.95 2227.29 1856.19 1581.24 1418.86 1421.31 1271.21 1175.75 1025.94 950.325 991.649 697.693 687.918 620.921 540.707 522.562 373.736 307.4 248.16 234.029 191.522
threshold=257.50000000000006 537.50000000000011 276.50000000000006 7.4500000476837167 4.2500000000000009 69.58499908447267 47.500000000000007 12.750000000000002 782.50000000000011 1013.9500122070314 4.2500000000000009 1.0000000180025095e-35 -0.60784998536109913 19.750000000000004 -0.56175000965595234 0.60784998536109935 410.41499328613287 684.58499145507824 4.9500000476837167 1025.2500000000002 -0.60784998536109913 133.75000000000003 356.50000000000006 1019.5499877929689 410.41499328613287 0.3793999999761582 5.1499998569488534 5.8500001430511483 665.41500854492199 15.550000190734865
decision_type=2 2 2 2 2 2 2 2 2 2 2 2 2 2 2 2 2 2 2 2 2 2 2 2 2 2 2 2 2 2
left_child=2 3 6 21 16 13 12 23 17 29 -11 -12 -1 14 26 -15 -3 -6 -14 -20 -5 -2 -18 27 -10 -19 -4 -8 -24 -7
right_child=1 4 5 20 8 9 7 -9 24 10 11 -13 18 15 -16 -17 22 25 19 -21 -22 -23 28 -25 -26 -27 -28 -29 -30 -31
leaf_value=0.19820222526717679 -0.013591750630213284 -0.21573367634507232 0.40600313561501955 -0.0089167207821377378 -0.097097880735821707 0.069914379475395125 0.069914379475395125 0.19820222526717679 -0.16287826091881141 0.069914379475395125 0.2746180003823932 0.39706533258631027 0.19820222526717679 0.54201571248737224 0.40600313561501955 0.85931234684857449 -0.25730990619762095 -0.16287826091881141 0.35198001724808514 0.59278505888852207 0.069914379475395125 -0.097097880735821707 -0.28715432572257898 0.069914379475395125 -0.21573367634507232 -0.12880344096734925 0.54201571248737224 0.13405830237128596 -0.33213867247829765 0.1817799313593719
leaf_weight=104 84 319 20 523 957 100 22 244 224 23 544 718 29 98 212 44 388 346 192 55 1320 1087 446 627 766 361 113 334 822 59
leaf_count=104 84 319 20 523 957 100 22 244 224 23 544 718 29 98 212 44 388 346 192 55 1320 1087 446 627 766 361 113 334 822 59
internal_value=0.000140808 -0.120131 0.25996 0.0119089 -0.206105 0.357992 0.142164 0.0918815 -0.150089 0.309128 0.333728 0.344283 0.304523 0.502879 0.448126 0.635906 -0.281379 -0.110023 0.371079 0.405601 0.0699144 -0.0970979 -0.298886 0.0699144 -0.215734 -0.160509 0.542016 0.134058 -0.316316 0.110315
internal_weight=11181 7643 3538 3014 4629 1931 1607 1227 2654 1444 1285 1262 380 487 345 142 1975 1664 276 247 1843 1171 1656 983 990 707 133 356 1268 159
internal_count=11181 7643 3538 3014 4629 1931 1607 1227 2654 1444 1285 1262 380 487 345 142 1975 1664 276 247 1843 1171 1656 983 990 707 133 356 1268 159
is_linear=0
shrinkage=0.05


Tree=2
num_leaves=31
num_cat=0
split_feature=6 18 3 6 24 6 9 5 11 8 18 10 24 18 11 8 24 24 18 7 10 24 7 7 24 6 12 1 18 6
split_gain=125535 30082.5 16904.2 16627.6 5268.12 5226.46 3289.52 2797.43 2752.66 2221.6 1882.8 1746.04 1563.09 1513.7 1476.8 1126.53 1051.21 1002.24 895.025 894.963 865.305 819.703 793.787 1029.2 556.062 472.435 415.459 409.447 364.959 279.391
threshold=277.50000000000006 5.2500000000000009 276.50000000000006 567.50000000000011 172.91500091552737 47.500000000000007 -0.37939999997615809 -0.94499999284744252 -0.60784998536109913 17.500000000000004 4.9500000476837167 0.78654998540878307 65.415000915527358 5.8500001430511483 -0.60784998536109913 336.50000000000006 215.41500091552737 646.25000000000011 4.9500000476837167 1025.2500000000002 0.91595000028610241 391.25000000000006 1018.6499938964845 1020.3500061035157 522.08499145507824 527.50000000000011 1.0000000180025095e-35 97.500000000000014 16.94999980926514 617.50000000000011
decision_type=2 2 2 2 2 2 2 2 2 2 2 2 2 2 2 2 2 2 2 2 2 2 2 2 2 2 2 2 2 2
left_child=2 6 5 8 9 14 15 13 20 10 -4 22 -12 -7 -1 25 -5 -8 -16 -20 -3 -13 28 -24 -17 -2 -23 -9 -6 -18
right_child=1 3 4 16 11 7 17 27 -10 -11 12 21 -14 -15 18 24 29 -19 19 -21 -22 26 23 -25 -26 -27 -28 -29 -30 -31
leaf_value=0.18308463815936715 -0.13412317381492836 -0.037634934493769562 0.32586823985384922 -0.037634934493769562 0.096183935277337262 0.059361230643802214 -0.13412317381492836 0.059361230643802214 0.059361230643802214 0.32586823985384922 0.55517027638078797 0.32586823985384922 0.41595853375367436 0.18308463815936715 0.18308463815936715 -0.23961825901942868 -0.085879054154348961 -0.24356286686520245 0.3343810241126145 0.56314579486846927 0.059361230643802214 0.27352079864574391 0.32586823985384922 0.12628076287531637 -0.29893756567859159 -0.22289312276801077 0.15477447712963277 0.18308463815936715 0.21755539136067312 -0.13412317381492836
leaf_weight=104 97 537 55 176 215 46 527 828 1607 231 337 186 502 452 29 558 289 215 192 55 168 77 98 82 1353 396 110 44 87 1528
leaf_count=104 97 537 55 176 215 46 527 828 1607 231 337 186 502 452 29 558 289 215 192 55 168 77 98 82 1353 396 110 44 87 1528
internal_value=0.000235109 -0.118303 0.237026 -0.0324191 0.337095 0.123805 -0.235827 0.0782968 0.0588533 0.408195 0.447283 0.243541 0.471876 0.181957 0.287872 -0.264232 -0.134123 -0.143799 0.351889 0.385321 -0.0376349 0.324765 0.180686 0.263798 -0.281617 -0.196844 0.221173 0.0593612 0.131149 -0.134123
internal_weight=11181 7451 3730 4305 1980 1750 3146 1370 2312 1125 894 855 839 498 380 2404 1993 742 276 247 705 373 482 180 1911 493 187 872 302 1817
internal_count=11181 7451 3730 4305 1980 1750 3146 1370 2312 1125 894 855 839 498 380 2404 1993 742 276 247 705 373 482 180 1911 493 187 872 302 1817
is_linear=0
shrinkage=0.05


Tree=3
num_leaves=31
num_cat=0
split_feature=6 3 18 18 6 24 11 8 8 20 10 18 24 8 8 24 7 24 7 24 2 24 24 18 24 18 11 7 18 10
split_gain=113705 26526.8 14248 9117.69 6933.6 6781.08 4673.67 3086.96 2829.5 2765.77 2642.64 2025.25 1970.75 1502.49 1429.72 1377.07 1289.36 1083.02 841.414 766.131 493.814 378.6 365.907 281.447 233.892 211.154 208.44 162.23 104.934 86.8033
threshold=422.50000000000006 276.50000000000006 5.2500000000000009 6.1499998569488534 622.50000000000011 172.91500091552737 -0.60784998536109913 41.500000000000007 17.500000000000004 12.750000000000002 0.78654998540878307 4.9500000476837167 328.75000000000006 12.500000000000002 394.50000000000006 65.415000915527358 1018.6499938964845 339.58500671386724 1020.3500061035157 452.91499328613287 3.4550000429153447 627.91500854492199 142.08499908447268 2.1499999761581425 65.415000915527358 13.949999809265138 0.87834998965263378 1020.8500061035157 3.3500000238418584 -1.0000000180025095e-35
decision_type=2 2 2 2 2 2 2 2 2 2 2 2 2 2 2 2 2 2 2 2 2 2 2 2 2 2 2 2 2 2
left_child=1 3 12 -1 13 8 -5 9 11 -8 16 -3 -2 27 23 -13 20 -6 -18 -12 -7 28 -15 -14 -9 -21 -19 -4 -16 -23
right_child=2 5 4 6 17 10 7 24 -10 -11 19 15 14 22 21 -17 18 26 -20 25 -22 29 -24 -25 -26 -27 -28 -29 -30 -31
leaf_value=0.0080209193731315409 -0.15611858080878863 0.29313493672225804 0.0080209193731315409 0.072029337800404325 -0.073331393301503095 0.13579388272751555 0.18853778224187032 0.26842733444202516 0.29313493672225804 0.37721559401528509 0.29313493672225804 0.52803441631117254 -0.31794852290237163 0.0080209193731315409 -0.26412638132274152 0.39769188614760936 0.29313493672225804 -0.15611858080878863 0.13000288505836863 0.14669298882373669 0.027529280981833833 -0.30456962557939388 -0.073331393301503095 -0.20342096001113183 0.072029337800404325 0.24143642656832431 -0.11472498705514585 -0.073331393301503095 -0.22176265828163025 -0.27143417793398528
leaf_weight=917 332 56 822 727 266 312 815 21 279 255 274 338 57 49 350 506 121 1268 97 113 159 780 401 751 256 69 115 181 251 243
leaf_count=917 332 56 822 727 266 312 815 21 279 255 274 338 57 49 350 506 121 1268 97 113 159 780 401 751 256 69 115 181 251 243
internal_value=0.000153758 0.167663 -0.151621 0.0692005 -0.0780641 0.294385 0.136038 0.194433 0.378553 0.233503 0.207717 0.425111 -0.234173 0.00157123 -0.250723 0.449891 0.145779 -0.148234 0.246317 0.293135 0.099246 -0.277931 -0.0733314 -0.203421 0.0720293 0.189738 -0.156119 0.00802092 -0.246434 -0.296435
internal_weight=11181 5315 5866 2991 3102 2324 2074 1347 1179 1070 1145 900 2764 1453 2432 844 689 1649 218 456 471 1624 450 808 277 182 1383 1003 601 1023
internal_count=11181 5315 5866 2991 3102 2324 2074 1347 1179 1070 1145 900 2764 1453 2432 844 689 1649 218 456 471 1624 450 808 277 182 1383 1003 601 1023
is_linear=0
shrinkage=0.05


Tree=4
num_leaves=31
num_cat=0
split_feature=6 18 6 3 6 24 9 20 21 11 8 18 8 11 12 24 7 24 10 10 7 24 24 11 6 24 18 18 17 10
split_gain=102046 26351.6 14705.7 12261.9 4264.19 4023.1 3589.59 3030.8 2448.6 1971.85 1605.41 1455.77 1358.07 1339.76 1298.94 1221.37 1063.21 1037.4 901.327 813.849 589.906 572.842 490.67 436.885 432.168 397.914 389.189 358.779 351.362 316.057
threshold=257.50000000000006 5.6499998569488534 552.50000000000011 276.50000000000006 42.500000000000007 96.250000000000014 -0.37939999997615809 12.750000000000002 9.2500000000000018 -0.60784998536109913 1.0000000180025095e-35 19.750000000000004 336.50000000000006 0.60784998536109935 -0.56175000965595234 283.75000000000006 1025.350036621094 646.25000000000011 0.91595000028610241 0.3793999999761582 1019.5499877929689 215.41500091552737 522.08499145507824 1.0000000180025095e-35 527.50000000000011 80.415000915527358 5.0499999523162851 13.550000190734865 0.14050000160932544 -0.91595000028610218
decision_type=2 2 2 2 2 2 2 2 2 2 2 2 2 2 2 2 2 2 2 2 2 2 2 2 2 2 2 2 2 2
left_child=3 6 9 4 16 11 12 20 23 18 15 14 24 -13 26 -10 19 -8 -3 28 29 -4 -14 -7 -2 -18 -5 -21 -1 -6
right_child=1 2 21 5 7 8 17 -9 10 -11 -12 13 22 -15 -16 -17 25 -19 -20 27 -22 -23 -24 -25 -26 -27 -28 -29 -30 -31
leaf_value=0.18358061851405508 -0.11201601270895574 -0.026297788146997427 -0.026297788146997427 0.33071390319351962 0.059420436414960892 0.059420436414960892 -0.11201601270895574 0.18358061851405508 0.33071390319351962 0.059420436414960892 0.20107349545573758 0.45003995643275535 -0.21686041831366115 0.76150459025768535 0.33071390319351962 0.22957633488911131 0.62727639124943657 -0.21874604562054512 0.059420436414960892 0.29161117225885391 0.059420436414960892 -0.11201601270895574 -0.27124581326646496 0.17439840711333729 -0.19315910181813423 0.36003041744232178 0.45003995643275535 0.49526635163596699 0.38353447723388673 0.12150052746450797
leaf_weight=104 139 538 161 25 39 110 641 269 584 1595 121 117 592 47 323 318 26 230 166 95 652 1732 1385 137 464 30 149 28 25 339
leaf_count=104 139 538 161 25 39 110 641 269 584 1595 121 117 592 47 323 318 26 230 166 95 652 1732 1385 137 464 30 149 28 25 339
internal_value=-0.000200543 -0.102972 -0.0187351 0.221813 0.119777 0.306729 -0.205297 0.0801174 0.254662 0.0594204 0.288777 0.406766 -0.234926 0.535939 0.364141 0.315848 0.287044 -0.117532 -0.0252636 0.243252 0.0594204 -0.112016 -0.25496 0.11337 -0.169241 0.484109 0.45004 0.337972 0.183581 0.121501
internal_weight=11181 7643 4192 3538 1607 1931 3451 1299 1270 2299 1023 661 2580 164 497 902 308 871 704 252 1030 1893 1977 247 603 56 174 123 129 378
internal_count=11181 7643 4192 3538 1607 1931 3451 1299 1270 2299 1023 661 2580 164 497 902 308 871 704 252 1030 1893 1977 247 603 56 174 123 129 378
is_linear=0
shrinkage=0.05


Tree=5
num_leaves=31
num_cat=0
split_feature=6 3 18 10 6 24 24 24 8 7 10 18 24 21 8 8 3 24 11 12 11 1 2 18 18 18 24 24 18 3
split_gain=91997.9 22258 11486.1 7848.16 5952.68 5144.08 4763.99 3405.05 2769.02 2710.31 2402.45 1964.66 1689.8 1522.04 1323.65 1217.47 1096.95 932.452 766.939 713.752 712.117 658.873 609.51 532.502 481.851 476.242 312.867 303.807 244.996 177.269
threshold=422.50000000000006 268.50000000000006 5.2500000000000009 0.60354998707771312 622.50000000000011 206.25000000000003 302.91499328613287 65.415000915527358 17.500000000000004 1019.0499877929689 0.78654998540878307 4.9500000476837167 328.75000000000006 10.34999990463257 12.500000000000002 394.50000000000006 63.500000000000007 339.58500671386724 -0.60784998536109913 -0.56175000965595234 -0.60784998536109913 94.500000000000014 3.4850000143051152 4.9500000476837167 5.4500000476837167 19.849999427795414 627.91500854492199 142.08499908447268 2.1499999761581425 32.500000000000007
decision_type=2 2 2 2 2 2 2 2 2 2 2 2 2 2 2 2 2 2 2 2 2 2 2 2 2 2 2 2 2 2
left_child=1 3 12 7 14 8 19 20 11 18 22 -3 -2 -13 -4 28 -11 -6 -8 29 -1 -21 25 -22 -12 -7 -17 -16 -14 -5
right_child=2 5 4 6 17 10 9 -9 -10 16 24 13 15 -15 27 26 -18 -19 -20 21 23 -23 -24 -25 -26 -27 -28 -29 -30 -31
leaf_value=0.13121914607941562 -0.14067625413473908 0.25170299081783787 0.006959286978802548 0.56461650505661964 -0.066208779629606127 0.12223180197906547 0.093998067804331925 0.006959286978802548 0.25170299081783787 0.11769248692192853 0.006959286978802548 0.32130657901079418 -0.29117079450373068 0.42654556909113384 0.006959286978802548 -0.22274853364005068 0.006959286978802548 -0.14067625413473908 0.23921919958797885 0.23921919958797885 0.13121914607941562 0.47652820734416745 0.022525525149213126 0.37746611451834777 0.25170299081783787 0.25170299081783787 -0.26820206049017664 -0.066208779629606127 -0.18345202225405829 0.42156541276333936
leaf_weight=34 332 69 1003 32 266 397 103 1570 318 281 20 219 57 781 49 601 298 1383 279 86 25 34 146 89 423 44 1023 401 751 67
leaf_count=34 332 69 1003 32 266 397 103 1570 318 281 20 219 57 781 49 601 298 1383 279 86 25 34 146 89 423 44 1023 401 751 67
internal_value=-0.000117196 0.150557 -0.136638 0.0571129 -0.070594 0.262596 0.157973 0.00695929 0.325455 0.110013 0.177951 0.368035 -0.210759 0.39091 0.00319355 -0.226228 0.0418092 -0.135611 0.213391 0.368425 0.255479 0.286437 0.111075 0.320063 0.251703 0.14039 -0.251381 -0.0662088 -0.183452 0.467804
internal_weight=11181 5315 5866 2898 3102 2417 1180 1718 1387 961 1030 1069 2764 1000 1453 2432 579 1649 382 219 148 120 587 114 443 441 1624 450 808 99
internal_count=11181 5315 5866 2898 3102 2417 1180 1718 1387 961 1030 1069 2764 1000 1453 2432 579 1649 382 219 148 120 587 114 443 441 1624 450 808 99
is_linear=0
shrinkage=0.05


Tree=6
num_leaves=31
num_cat=0
split_feature=6 18 18 6 24 10 24 9 12 18 11 11 12 8 18 24 10 10 24 18 4 6 2 11 11 18 5 6 11 24
split_gain=82552.5 20159.4 12245.1 11478.9 8620.33 3749.42 3123.16 2898.66 2641.9 2281.09 1725.8 1193.65 1146.34 1120.63 826.014 812.791 611.904 582.974 554.073 432.497 384.667 357.015 232.366 189.005 175.924 166.29 136.506 125.394 123.476 110.492
threshold=277.50000000000006 5.6499998569488534 4.9500000476837167 557.50000000000011 92.08499908447267 0.60354998707771312 342.08500671386724 -0.37939999997615809 -0.56175000965595234 19.750000000000004 -0.60784998536109913 0.60784998536109935 1.0000000180025095e-35 336.50000000000006 20.349999427795414 646.25000000000011 0.91595000028610241 -0.37939999997615809 298.75000000000006 2.8500000238418584 0.61500000953674328 527.50000000000011 4.0150001049041757 -0.60784998536109913 0.60784998536109935 2.1499999761581425 -1.5950000286102293 772.50000000000011 0.60784998536109935 831.25000000000011
decision_type=2 2 2 2 2 2 2 2 2 2 2 2 2 2 2 2 2 2 2 2 2 2 2 2 2 2 2 2 2 2
left_child=2 7 -1 10 8 14 -7 13 17 28 16 -11 -8 21 24 -9 -3 20 27 29 -4 -2 -21 -16 -6 -23 -18 -5 -10 -15
right_child=1 3 4 18 5 6 12 15 9 11 -12 -13 -14 19 23 -17 26 -19 -20 22 -22 25 -24 -25 -26 -27 -28 -29 -30 -31
leaf_value=0.047487345008067741 -0.1040450446613299 -0.028278849826631078 0.53951029922904048 -0.028278849826631078 0.13753419686262008 0.27385308876829501 0.21799455829488157 -0.1040450446613299 0.27385308876829501 0.39329326367547124 0.047487345008067741 0.70210207929002477 0.13753419686262008 -0.24051186045330458 0.20569364281545754 -0.19848301311333974 0.047487345008067741 0.54536114974194261 -0.1040450446613299 -0.1840919516324997 0.35962238979560363 -0.27749947177039253 -0.23182289136281664 0.27385308876829501 0.20569364281545754 -0.1656099518230098 -0.028278849826631078 -0.066161947243980487 0.34835800691617758 -0.27490886744193749
leaf_weight=399 128 507 41 151 934 489 338 601 288 58 1525 47 358 544 32 228 124 166 1622 500 108 36 515 72 273 428 37 96 127 409
leaf_count=399 128 507 41 151 934 489 338 601 288 58 1525 47 358 544 32 228 124 166 1622 500 108 36 515 72 273 428 37 96 127 409
internal_value=-0.000459806 -0.096586 0.191561 -0.0214641 0.227581 0.181058 0.246623 -0.186626 0.366648 0.297427 0.0474873 0.512733 0.162136 -0.21294 0.137534 -0.105366 -0.0282788 0.480918 -0.104045 -0.231084 0.409122 -0.152624 -0.208372 0.273853 0.137534 -0.174291 0.0474873 -0.0282788 0.273853 -0.255274
internal_weight=11181 7451 3730 4062 3331 2496 1185 3389 835 520 2193 105 696 2560 1311 829 668 315 1869 1968 149 592 1015 104 1207 464 161 247 415 953
internal_count=11181 7451 3730 4062 3331 2496 1185 3389 835 520 2193 105 696 2560 1311 829 668 315 1869 1968 149 592 1015 104 1207 464 161 247 415 953
is_linear=0
shrinkage=0.05


Tree=7
num_leaves=31
num_cat=0
split_feature=6 3 8 10 24 24 24 24 24 10 24 7 9 10 18 5 11 7 7 11 18 18 18 12 24 1 11 7 11 1
split_gain=74000.9 18971.2 9455.61 6865.2 5529.47 4916.19 4446.17 4085.71 3223.08 2591.55 2744.48 2456.07 1293.89 1252.9 1016.98 953.869 775.92 704.468 976.024 680.917 644.239 632.155 618.219 614.284 573.387 572.847 569.395 507.093 423.785 391.801
threshold=422.50000000000006 276.50000000000006 134.50000000000003 0.60354998707771312 293.75000000000006 677.08499145507824 275.41499328613287 302.91499328613287 62.084999084472663 0.3793999999761582 69.58499908447267 1019.0499877929689 -1.0000000180025095e-35 0.78654998540878307 19.849999427795414 0.2650000005960465 -0.60784998536109913 1015.8500061035157 1021.7500000000001 -0.60784998536109913 3.4500000476837163 4.8500001430511483 6.1499998569488534 -0.56175000965595234 114.58499908447267 94.500000000000014 -0.60784998536109913 1017.4500122070314 -0.60784998536109913 81.500000000000014
decision_type=2 2 2 2 2 2 2 2 2 2 2 2 2 2 2 2 2 2 2 2 2 2 2 2 2 2 2 2 2 2
left_child=1 3 5 8 24 28 9 23 16 10 14 19 26 27 -3 -13 -1 29 -19 -9 -6 -18 -15 -5 -4 -25 -7 -8 -2 -11
right_child=2 6 4 7 20 12 13 11 -10 17 -12 15 -14 22 -16 -17 21 18 -20 -21 -22 -23 -24 25 -26 -27 -28 -29 -30 -31
leaf_value=0.11751937684141907 -0.054777565423656464 0.30602495076021913 0.0056903102299628583 0.42763514401865943 -0.22846091410608463 -0.15289447072574069 0.040267639712189621 0.085150925448397183 0.0056903102299628583 0.38567318320274357 0.21643168940411581 0.098419967655920315 -0.1774129496647312 0.0056903102299628583 0.47497474986021637 0.0056903102299628583 0.11751937684141907 0.47809970604471003 0.28618013991249935 0.21876012196103156 -0.18075494501649148 0.34882362267037609 0.21643168940411581 0.21876012196103156 -0.067844128772496667 0.4367885688373021 -0.057618246138784683 0.15783636873509266 0.0056903102299628583 0.21643168940411581
leaf_weight=39 391 330 125 102 1479 175 259 104 1619 38 695 342 551 24 122 246 27 251 90 282 1357 106 339 89 459 35 481 142 848 34
leaf_count=39 391 330 125 102 1479 175 259 104 1619 38 695 342 551 24 122 246 27 251 90 282 1357 106 339 89 459 35 481 142 848 34
internal_value=-0.000656377 0.134479 -0.123098 0.0512109 -0.176784 -0.0480345 0.241644 0.145215 0.00569031 0.290043 0.251372 0.100774 -0.120927 0.142821 0.351626 0.0364437 0.229348 0.39744 0.427446 0.198769 -0.205634 0.292898 0.210118 0.336746 -0.0366814 0.261983 -0.0734819 0.0819005 0.00569031 0.255326
internal_weight=11181 5315 5866 2991 3420 2446 2324 1200 1791 1560 1147 974 1207 764 452 588 172 413 341 386 2836 133 363 226 584 124 656 401 1239 72
internal_count=11181 5315 5866 2991 3420 2446 2324 1200 1791 1560 1147 974 1207 764 452 588 172 413 341 386 2836 133 363 226 584 124 656 401 1239 72
is_linear=0
shrinkage=0.05


Tree=8
num_leaves=31
num_cat=0
split_feature=6 18 18 6 24 9 10 24 12 18 8 24 11 12 18 11 10 18 6 1 6 10 2 11 5 24 3 8 12 8
split_gain=66440.8 18498.1 9484.38 9295.92 6661.56 3573.19 2974.88 2654.09 2277.52 1868.29 1299.13 1098.66 1057 865.828 658.862 619.388 514.083 440.82 413.719 370.004 303.903 272.056 260.137 250.436 116.173 109.873 105.263 103.747 103.402 64.9053
threshold=257.50000000000006 6.7500000000000009 4.9500000476837167 537.50000000000011 92.08499908447267 -0.37939999997615809 0.60354998707771312 342.08500671386724 -0.56175000965595234 19.750000000000004 298.50000000000006 596.25000000000011 0.60784998536109935 1.0000000180025095e-35 19.250000000000004 -0.60784998536109913 -0.37939999997615809 2.8500000238418584 597.50000000000011 95.500000000000014 612.50000000000011 0.60354998707771312 4.0150001049041757 -0.60784998536109913 4.5850000381469735 856.25000000000011 301.50000000000006 172.50000000000003 1.0000000180025095e-35 1.0000000180025095e-35
decision_type=2 2 2 2 2 2 2 2 2 2 2 2 2 2 2 2 2 2 2 2 2 2 2 2 2 2 2 2 2 2
left_child=2 5 -1 15 8 10 14 -8 16 -10 18 -7 -11 -9 -6 29 19 25 28 -4 21 -5 -19 -16 -20 -12 -18 -13 -2 -3
right_child=1 3 4 20 6 11 7 13 9 12 17 27 -14 -15 23 -17 26 22 24 -21 -22 -23 -24 -25 -26 -27 -28 -29 -30 -31
leaf_value=0.047277559715655393 -0.11992652979746961 0.0039713645423070923 0.32895042913115546 -0.05336931171827855 0.12862227488029418 -0.080691555135992715 0.24967350741652178 0.19690198177708029 0.24967350741652178 0.35696555357816157 -0.2180553728423151 -0.15206250407372079 0.6432183356995278 0.12862227488029418 0.18752913651040468 0.047277559715655393 0.46736571671915988 -0.16337552978235947 -0.14206888463738163 0.52358487652194119 -0.080691555135992715 -0.016706997710168661 -0.20915217204534642 0.24967350741652178 -0.20341062306243685 -0.25238845919698016 0.54916907213628297 -0.21135966986940621 -0.080691555135992715 -0.016706997710168661
leaf_weight=347 87 404 115 142 1084 796 488 307 410 58 588 209 47 342 45 1424 102 608 277 31 1315 200 623 98 107 386 64 114 177 186
leaf_count=347 87 404 115 142 1084 796 488 307 410 58 588 209 47 342 45 1424 102 608 277 31 1315 200 623 98 107 386 64 114 177 186
internal_value=-0.000830682 -0.0837573 0.178312 -0.00284518 0.209967 -0.158538 0.167238 0.226813 0.332109 0.267526 -0.188238 -0.0828147 0.464258 0.14413 0.128622 0.0472776 0.438713 -0.206529 -0.125999 0.370277 -0.0806916 -0.0260471 -0.186643 0.246436 -0.159162 -0.231662 0.498904 -0.172991 -0.0806916 -0.016707
internal_weight=11181 7643 3538 3671 3191 3972 2364 1137 827 515 2853 1119 105 649 1227 2014 312 2205 648 146 1657 342 1231 143 384 974 166 323 264 590
internal_count=11181 7643 3538 3671 3191 3972 2364 1137 827 515 2853 1119 105 649 1227 2014 312 2205 648 146 1657 342 1231 143 384 974 166 323 264 590
is_linear=0
shrinkage=0.05


Tree=9
num_leaves=31
num_cat=0
split_feature=6 3 10 6 18 24 18 24 10 24 11 8 10 24 24 21 24 11 8 24 12 20 24 12 8 5 8 5 24 7
split_gain=60095.3 19641.6 7389.08 5403.73 3761.18 4135.99 3715.01 3156.62 2877.67 2379.94 2259.41 2254.95 2133.03 1773.9 1171.57 1041.74 1021.36 480.817 464.636 414.58 398.336 396.928 389.304 288.894 283.849 207.403 201.601 167.35 117.401 73.0292
threshold=487.50000000000006 268.50000000000006 0.60354998707771312 782.50000000000011 4.2500000000000009 172.91500091552737 4.9500000476837167 279.58500671386724 0.60354998707771312 65.415000915527358 -0.60784998536109913 1.0000000180025095e-35 0.3793999999761582 302.91499328613287 407.08500671386724 10.34999990463257 450.41499328613287 0.87834998965263378 312.50000000000006 37.084999084472663 0.81174999475479137 10.449999809265138 730.41500854492199 -0.56175000965595234 226.50000000000003 5.0150001049041757 546.50000000000011 -2.7949999570846553 531.25000000000011 1024.049987792969
decision_type=2 2 2 2 2 2 2 2 2 2 2 2 2 2 2 2 2 2 2 2 2 2 2 2 2 2 2 2 2 2
left_child=1 2 9 8 -3 11 -4 20 13 19 -9 15 -7 26 -5 -6 -14 -15 25 23 -8 -21 -10 -1 -19 -16 29 -24 -20 -2
right_child=3 4 6 14 5 12 7 10 22 -11 -12 -13 16 17 18 -17 -18 24 28 21 -22 -23 27 -25 -26 -27 -28 -29 -30 -31
leaf_value=0.4496304363012314 -0.0098977376747808946 -0.0098977376747808946 -0.0098977376747808946 -0.13115369144753636 0.2257982960431261 0.10775865899326263 0.39787103371186694 0.070735334545211179 -0.0098977376747808946 -0.0098977376747808946 0.17740517183623622 0.22460567473745227 0.22460567473745227 -0.13115369144753636 -0.16550714938477576 0.36075584423565599 0.12770820585268455 -0.070608748094689977 -0.18385244454175498 0.097227856474476904 0.24107770052345995 0.23473591953295531 -0.042485587203685546 0.23473591953295531 -0.13115369144753636 -0.22221495619526618 -0.070608748094689977 -0.10361644160511391 -0.22329628291418002 -0.070608748094689977
leaf_weight=24 229 60 153 402 178 487 132 375 557 1950 760 321 433 1409 442 727 276 109 228 54 27 46 67 25 147 162 98 183 1093 27
leaf_count=24 229 60 153 402 178 487 132 375 557 1950 760 321 433 1409 442 727 276 109 228 54 27 46 67 25 147 162 98 183 1093 27
internal_value=-0.000798371 0.106377 0.0308668 -0.126172 0.214256 0.225415 0.119865 0.151368 -0.0797099 -0.00989774 0.122139 0.28995 0.159262 -0.111805 -0.182597 0.334212 0.217284 -0.131154 -0.199861 0.204353 0.360016 0.145971 -0.00989774 0.3235 -0.0706087 -0.165507 -0.0100638 -0.0750734 -0.216488 -0.00989774
internal_weight=11181 6028 3546 5153 2482 2422 1447 1294 2826 2099 1135 1226 1196 2019 2327 905 709 1665 1925 149 159 100 807 49 256 604 354 250 1321 256
internal_count=11181 6028 3546 5153 2482 2422 1447 1294 2826 2099 1135 1226 1196 2019 2327 905 709 1665 1925 149 159 100 807 49 256 604 354 250 1321 256
is_linear=0
shrinkage=0.05


Tree=10
num_leaves=31
num_cat=0
split_feature=6 3 10 6 18 24 18 24 10 10 11 24 8 24 24 18 24 18 11 8 24 12 20 24 12 8 5 8 9 24
split_gain=53400.3 17968.4 6645.97 4871.66 3508.36 3687.06 3432.11 2859.95 2671.13 2158.08 2095.14 2089.44 1895.96 1635.93 1079.54 919.68 737.702 531.586 450.697 433.318 373.719 368.658 368.173 324.072 263.934 256.688 189.25 182.19 158.522 106.257
threshold=487.50000000000006 268.50000000000006 0.60354998707771312 782.50000000000011 4.2500000000000009 165.41500091552737 4.9500000476837167 279.58500671386724 0.60354998707771312 0.60354998707771312 -0.60784998536109913 65.415000915527358 1.0000000180025095e-35 302.91499328613287 407.08500671386724 19.750000000000004 452.91499328613287 21.849999427795414 0.87834998965263378 312.50000000000006 37.084999084472663 0.81174999475479137 10.449999809265138 730.41500854492199 -0.56175000965595234 140.50000000000003 5.0150001049041757 546.50000000000011 -1.0000000180025095e-35 547.08499145507824
decision_type=2 2 2 2 2 2 2 2 2 2 2 2 2 2 2 2 2 2 2 2 2 2 2 2 2 2 2 2 2 2
left_child=1 2 11 8 -3 12 -4 21 13 17 -9 20 15 27 -5 -6 -11 -7 -15 26 24 -8 -22 -10 -1 -20 -16 -2 -25 -21
right_child=3 4 6 14 5 9 7 10 23 16 -12 -13 -14 18 19 -17 -18 -19 25 29 22 -23 -24 28 -26 -27 -28 -29 -30 -31
leaf_value=0.42714893023173017 -0.0097925899394138219 -0.0097925899394138219 -0.0097925899394138219 -0.12412890546366794 0.28823705838319996 0.10203563199040477 0.37797747949759164 0.066530145774064672 -0.0097925899394138219 0.21518866059379277 0.16853491152848094 -0.0097925899394138219 0.21518866059379277 -0.12412890546366794 -0.1568631440037955 0.40623960040543416 0.12789572243021466 0.21518866059379277 -0.066960747701540882 -0.17755506460401993 0.091792564442527202 0.22824250870685706 0.22222412434121483 -0.044950517995209348 0.22222412434121483 -0.12412890546366794 -0.21110421146875546 -0.066960747701540882 -0.12412890546366794 -0.21281802315487819
leaf_weight=24 256 60 153 402 653 561 132 375 557 379 760 1950 311 1409 442 221 244 53 78 268 54 27 46 177 25 178 162 98 73 1053
leaf_count=24 256 60 153 402 653 561 132 375 557 379 760 1950 311 1409 442 221 244 53 78 268 54 27 46 177 25 178 162 98 73 1053
internal_value=-0.00121505 0.0998137 0.0275916 -0.119399 0.202996 0.213864 0.112303 0.142853 -0.0752835 0.153483 0.115031 -0.00979259 0.276894 -0.106286 -0.172974 0.318075 0.215189 0.102036 -0.124129 -0.189597 0.193378 0.341454 0.137947 -0.00979259 0.306501 -0.0669607 -0.156863 -0.00979259 -0.0707118 -0.205664
internal_weight=11181 6028 3546 5153 2482 2422 1447 1294 2826 1237 1135 2099 1185 2019 2327 874 623 614 1665 1925 149 159 100 807 49 256 604 354 250 1321
internal_count=11181 6028 3546 5153 2482 2422 1447 1294 2826 1237 1135 2099 1185 2019 2327 874 623 614 1665 1925 149 159 100 807 49 256 604 354 250 1321
is_linear=0
shrinkage=0.05


Tree=11
num_leaves=31
num_cat=0
split_feature=6 18 18 6 24 9 11 12 21 18 12 8 11 24 11 7 7 7 18 10 2 11 24 2 18 1 8 24 2 18
split_gain=48122.6 14373 7734.02 6888.04 5008.63 2855.47 2448.3 1993.99 1692.62 1458.26 1069.68 1059.27 940.296 842.353 744.908 696.428 433.447 587.252 401.779 400.822 234.56 230.496 209.116 196.326 126.736 108.429 65.4751 61.8381 47.1323 32.7291
threshold=257.50000000000006 6.7500000000000009 4.9500000476837167 567.50000000000011 92.08499908447267 -0.37939999997615809 0.60784998536109935 -0.56175000965595234 15.650000095367433 19.750000000000004 -0.56175000965595234 157.50000000000003 0.60784998536109935 596.25000000000011 -0.60784998536109913 1023.1499938964845 1017.1499938964845 1024.850036621094 2.8500000238418584 0.91595000028610241 4.0950000286102304 -1.0000000180025095e-35 339.58500671386724 2.6800000667572026 1.5500000119209292 96.500000000000014 200.50000000000003 640.41500854492199 3.1550000905990605 3.1499999761581425
decision_type=2 2 2 2 2 2 2 2 2 2 2 2 2 2 2 2 2 2 2 2 2 2 2 2 2 2 2 2 2 2
left_child=2 5 -1 14 7 11 8 16 -6 -9 -10 21 -11 -7 19 23 25 -18 24 -3 -20 28 -5 -8 -13 -4 29 -21 -2 -15
right_child=1 3 4 22 6 13 15 9 10 12 -12 18 -14 26 -16 -17 17 -19 20 27 -22 -23 -24 -25 -26 -27 -28 -29 -30 -31
leaf_value=0.039341497123879701 -0.1114225633111265 -0.015066195715083275 0.39542068129494079 -0.015066195715083275 0.10978263676336922 -0.069473888554046251 0.21465349507675821 0.21465349507675821 0.21465349507675821 0.30862064249914584 0.15231598167433802 -0.24735216518243153 0.57270762514560791 -0.1928141026672992 0.039341497123879701 0.10978263676336922 0.28263863279963986 0.44066551743813281 -0.13908227725245989 0.039341497123879701 -0.17878677224639483 -0.069473888554046251 -0.069473888554046251 0.10978263676336922 -0.19277678425309497 0.52966942832155051 -0.18337357500020196 -0.015066195715083275 -0.18162846705492808 -0.12854600278801057
leaf_weight=347 45 465 21 215 1168 796 423 410 274 58 313 120 47 22 1494 73 132 106 754 141 724 222 1323 113 937 53 102 33 51 199
leaf_count=347 45 465 21 215 1168 796 423 410 274 58 313 120 47 22 1494 73 132 106 754 141 724 222 1323 113 937 53 102 33 51 199
internal_value=-0.00160122 -0.0721763 0.150859 -0.000854237 0.180224 -0.138094 0.143173 0.286134 0.11282 0.225704 0.194849 -0.164644 0.402588 -0.0704011 0.0393415 0.214653 0.385882 0.35302 -0.175434 -0.0150662 -0.158601 -0.0786242 -0.0694739 0.214653 -0.198973 0.491572 -0.150237 0.0393415 -0.148719 -0.134944
internal_weight=11181 7643 3538 3671 3191 3972 2364 827 1755 515 587 2853 105 1119 2133 609 312 238 2535 639 1478 318 1538 536 1057 74 323 174 96 221
internal_count=11181 7643 3538 3671 3191 3972 2364 827 1755 515 587 2853 105 1119 2133 609 312 238 2535 639 1478 318 1538 536 1057 74 323 174 96 221
is_linear=0
shrinkage=0.05


Tree=12
num_leaves=31
num_cat=0
split_feature=6 3 8 24 24 6 7 18 3 24 8 11 9 10 11 8 11 4 18 12 18 7 12 20 24 10 4 5 6 24
split_gain=43065.1 10546.1 9505.88 4962.91 4865.82 3326.07 2607.18 2612.45 2046.33 1990.99 1422.16 1411.31 1316.36 1276.25 685.253 622.899 594.333 520.314 501.438 320.225 292.957 288.81 281.68 273.982 217.12 224.859 187.797 152.803 147.638 145.683
threshold=337.50000000000006 276.50000000000006 134.50000000000003 677.08499145507824 271.25000000000006 42.500000000000007 1013.9500122070314 4.2500000000000009 45.500000000000007 206.25000000000003 17.500000000000004 -0.60784998536109913 -1.0000000180025095e-35 0.78654998540878307 -0.60784998536109913 1.0000000180025095e-35 -0.60784998536109913 -1.1850000023841856 3.4500000476837163 1.0000000180025095e-35 17.44999980926514 1015.1499938964845 0.81174999475479137 11.150000095367433 445.41499328613287 1.0000000180025095e-35 0.2950000017881394 5.1050000190734872 692.50000000000011 831.25000000000011
decision_type=2 2 2 2 2 2 2 2 2 2 2 2 2 2 2 2 2 2 2 2 2 2 2 2 2 2 2 2 2 2
left_child=1 5 3 19 17 14 -3 -8 11 10 -9 20 16 -11 -1 22 28 -4 29 -2 -7 -19 -16 -21 -20 -26 -14 -18 -5 -6
right_child=2 6 4 12 18 8 7 9 -10 13 -12 -13 26 -15 15 -17 27 21 24 23 -22 -23 -24 -25 25 -27 -28 -29 -30 -31
leaf_value=0.10902092649264553 0.019689291485156132 0.019689291485156132 -0.082148490606156754 -0.10138468412061533 -0.16855192698395458 0.019689291485156132 0.019689291485156132 0.30004911108706622 0.019689291485156132 0.12322874414520196 0.21502962436030926 0.10902092649264553 -0.10326559341898778 0.21502962436030926 0.33210568260401491 0.10902092649264553 -0.036037402154566876 -0.082148490606156754 -0.11013649640575288 -0.036037402154566876 0.10902092649264553 0.019689291485156132 0.2068322506305334 0.019689291485156132 -0.15993844667427581 -0.13085617702533012 -0.16657326944717549 -0.168399384713942 -0.20294111916359436 -0.20054791189528803
leaf_weight=82 1209 184 113 150 991 209 40 936 1239 383 241 459 164 362 114 38 506 29 441 515 45 459 74 39 752 364 410 31 47 555
leaf_count=82 1209 184 113 150 991 209 40 936 1239 383 241 459 164 362 114 38 506 29 441 515 45 459 74 39 752 364 410 31 47 555
internal_value=-0.00158477 0.120097 -0.0807182 -0.0156742 -0.134646 0.0447169 0.199481 0.216358 0.0206225 0.226768 0.267255 0.104409 -0.0917641 0.162804 0.197419 0.244039 -0.0474071 -0.00442979 -0.159867 0.0196893 0.0196893 0.0183721 0.282796 -0.0337931 -0.139839 -0.151576 -0.148485 -0.0360374 -0.125614 -0.180038
internal_weight=11181 4406 6775 3071 3704 2260 2146 1962 1952 1922 1177 713 1308 745 308 226 734 601 3103 1763 254 488 188 554 1557 1116 574 537 197 1546
internal_count=11181 4406 6775 3071 3704 2260 2146 1962 1952 1922 1177 713 1308 745 308 226 734 601 3103 1763 254 488 188 554 1557 1116 574 537 197 1546
is_linear=0
shrinkage=0.05


Tree=13
num_leaves=31
num_cat=0
split_feature=8 24 5 24 18 6 17 7 11 18 7 11 10 9 24 18 12 12 12 24 6 24 4 12 18 18 4 4 11 3
split_gain=39331.2 18814.5 9137.67 5249.17 4093.54 4033.07 3512.49 2920.01 2484.5 1685.05 1385.64 1311.19 949.836 947.517 943.547 913.841 806.212 791.102 747.686 718.733 581.084 546.427 539.417 511.025 498.266 476.061 388.202 312.412 273.867 266.392
threshold=80.500000000000014 206.25000000000003 0.86500000953674328 202.91500091552737 5.1499998569488534 442.50000000000006 0.10549999773502351 1018.0499877929689 1.0000000180025095e-35 6.7500000000000009 1022.5499877929689 0.60784998536109935 0.78654998540878307 1.0000000180025095e-35 109.58499908447267 11.150000095367433 -0.56175000965595234 -0.56175000965595234 -0.56175000965595234 32.08500003814698 697.50000000000011 386.25000000000006 0.95499998331069957 -0.56175000965595234 2.8500000238418584 4.5499999523162851 0.40500000119209295 0.79500001668930065 -0.60784998536109913 20.500000000000004
decision_type=2 2 2 2 2 2 2 2 2 2 2 2 2 2 2 2 2 2 2 2 2 2 2 2 2 2 2 2 2 2
left_child=1 6 4 14 25 12 17 8 20 24 11 16 -6 23 18 -7 -8 -1 27 -12 -4 -15 -13 -9 -5 -3 -11 -2 -26 -16
right_child=3 2 7 9 5 15 10 13 -10 26 19 22 -14 21 29 -17 -18 -19 -20 -21 -22 -23 -24 -25 28 -27 -28 -29 -30 -31
leaf_value=0.1897537563214077 0.26990139238667071 -0.25558429030193525 0.11956739534791527 -0.18028806178401754 0.071035384774925783 -0.045500490834494124 0.31127169413699046 0.032159867401545243 0.11956739534791527 -0.061125700619706104 0.37119041502475741 0.34148077939828619 0.11956739534791527 -0.069938147607169071 0.018278262769969963 0.052656728947357567 0.20173993523284378 0.11956739534791527 0.028180305969372793 0.1897537563214077 -0.13914297273149714 -0.15915836253086663 0.50184673479625164 -0.080831112395460925 -0.15940762612686887 -0.074696285517946368 -0.11219722870879736 0.080118791721761229 -0.12681324090821353 -0.061125700619706104
leaf_weight=115 57 88 25 1112 1042 500 315 144 162 586 60 209 1048 237 108 451 360 417 222 250 128 622 70 328 533 62 186 35 1464 245
leaf_count=115 57 88 25 1112 1042 500 315 144 162 586 60 209 1048 237 108 451 360 417 222 250 128 622 70 328 533 62 186 35 1464 245
internal_value=-0.00152646 0.0761257 0.0248128 -0.114778 0.0741701 0.0867476 0.214322 -0.0708731 0.0660198 -0.137047 0.25994 0.290541 0.119567 -0.103271 0.0147951 0.00104936 0.252855 0.119567 0.0778489 0.189754 -0.0960706 -0.134542 0.381716 -0.0463593 -0.153464 -0.180817 -0.0709306 0.197701 -0.138527 -0.0412924
internal_weight=11181 6633 4837 4548 3191 3041 1796 1646 315 3881 1264 954 2090 1331 667 951 675 532 314 310 153 859 279 472 3109 150 772 92 1997 353
internal_count=11181 6633 4837 4548 3191 3041 1796 1646 315 3881 1264 954 2090 1331 667 951 675 532 314 310 153 859 279 472 3109 150 772 92 1997 353
is_linear=0
shrinkage=0.05


Tree=14
num_leaves=31
num_cat=0
split_feature=8 24 24 24 5 10 20 11 18 18 24 10 18 11 9 7 24 11 12 12 10 18 7 18 6 4 18 11 5 20
split_gain=35657 17094.1 5013.19 4733.09 3931.38 3575.43 2085.78 1945.95 1529.37 1183.45 1144.17 1078.72 962.515 924.403 1131.52 875.282 854.91 850.353 755.753 674.786 546.78 446.275 412.25 398.4 367.157 281.952 258.312 252.285 250.032 237.188
threshold=80.500000000000014 465.00000000000006 172.91500091552737 202.91500091552737 1.2250000238418581 0.60354998707771312 10.550000190734865 -0.60784998536109913 6.7500000000000009 4.9500000476837167 69.58499908447267 0.3793999999761582 6.6499998569488534 0.87834998965263378 0.3793999999761582 1020.3500061035157 109.58499908447267 -0.87834998965263356 -0.56175000965595234 -0.56175000965595234 1.0000000180025095e-35 2.8500000238418584 1023.7500000000001 20.650000572204593 742.50000000000011 0.79500001668930065 4.9500000476837167 -0.60784998536109913 -1.705000042915344 16.800000190734867
decision_type=2 2 2 2 2 2 2 2 2 2 2 2 2 2 2 2 2 2 2 2 2 2 2 2 2 2 2 2 2 2
left_child=1 2 6 16 7 23 10 22 21 -9 26 -11 -7 14 18 -15 19 -8 -6 25 -19 -5 29 -4 -10 -2 -1 -23 -18 -3
right_child=3 4 5 8 13 12 17 9 24 11 -12 -13 -14 15 -16 -17 28 20 -20 -21 -22 27 -24 -25 -26 -27 -28 -29 -30 -31
leaf_value=0.18883910134325488 0.25640632043707007 -0.074106226192636487 0.06118816813942482 -0.17127365746984272 0.031080498600221541 0.06118816813942482 0.22438950985952172 -0.27639529429949244 -0.058154775224539802 -0.072824410750315746 0.15328869282698809 0.06118816813942482 0.15328869282698809 0.06118816813942482 -0.16294262922540004 -0.13766469695305422 0.011565139858269846 0.26672396754457367 -0.098881921710028339 0.02677129062001047 0.36906549892411 -0.15151260670516908 0.06118816813942482 0.15328869282698809 -0.10657327679228208 0.076112850164728518 0.22438950985952172 -0.1204725789776469 -0.058154775224539802 0.06118816813942482
leaf_weight=27 57 457 1082 1112 166 148 83 26 510 156 590 1012 886 80 490 59 154 278 343 222 246 533 29 133 262 35 313 1464 199 29
leaf_count=27 57 457 1082 1112 166 148 83 26 510 156 590 1012 886 80 490 59 154 278 343 222 246 533 29 133 262 35 313 1464 199 29
internal_value=-0.00126941 0.0726668 0.142272 -0.109101 -0.0198956 0.0947079 0.21187 0.02805 -0.130247 0.0611882 0.164813 0.0611882 0.153289 -0.0918983 -0.108708 0.0289123 0.0139373 0.283966 -0.0564973 0.0739565 0.31477 -0.145887 -0.0532254 0.0611882 -0.0672591 0.187816 0.22439 -0.131752 -0.0394508 -0.0652722
internal_weight=11181 6633 3786 4548 2847 2249 1537 1709 3881 1194 930 1168 1034 1138 999 139 667 607 509 314 524 3109 515 1215 772 92 340 1997 353 486
internal_count=11181 6633 3786 4548 2847 2249 1537 1709 3881 1194 930 1168 1034 1138 999 139 667 607 509 314 524 3109 515 1215 772 92 340 1997 353 486
is_linear=0
shrinkage=0.05


Tree=15
num_leaves=31
num_cat=0
split_feature=8 24 5 24 18 7 10 24 18 6 12 11 10 11 9 24 11 11 12 24 18 8 12 2 18 4 3 20 12 24
split_gain=32198.6 15273.4 5694.63 4252.56 3469.23 2688.61 2634.25 2730.26 2452.13 2528.34 1927.41 1875.67 1426.49 1280.08 1043.99 779.967 685.099 681.563 608.995 567.849 549.832 546.747 545.998 337.182 331.764 254.462 232.866 220.562 177.489 167.616
threshold=80.500000000000014 307.08500671386724 0.50499999523162853 202.91500091552737 4.9500000476837167 1018.0499877929689 0.3793999999761582 69.58499908447267 4.7500000000000009 472.50000000000006 0.81174999475479137 1.0000000180025095e-35 0.3793999999761582 -0.87834998965263356 0.3793999999761582 109.58499908447267 -0.60784998536109913 -0.60784998536109913 -0.56175000965595234 383.75000000000006 9.3499999046325701 420.50000000000006 -0.56175000965595234 4.4049999713897714 5.3500001430511483 0.79500001668930065 20.500000000000004 10.84999990463257 1.0000000180025095e-35 386.25000000000006
decision_type=2 2 2 2 2 2 2 2 2 2 2 2 2 2 2 2 2 2 2 2 2 2 2 2 2 2 2 2 2 2
left_child=1 4 8 15 -1 11 7 17 -3 16 13 23 19 -8 22 18 -10 -6 25 24 -11 -21 -7 -4 -5 -2 -17 -20 -29 -16
right_child=3 2 5 12 6 14 10 -9 9 20 -12 -13 -14 -15 29 26 -18 -19 27 21 -22 -23 -24 -25 -26 -27 -28 28 -30 -31
leaf_value=0.088054645640211829 0.24358600082300735 -0.27500179756771431 0.027162065156377282 -0.11932743870666095 0.20057238623985754 0.026993685836593312 0.15451910490791004 0.1394535990002185 0.038929695987321905 -0.057067827788035111 0.1394535990002185 0.088054645640211829 -0.055404076622799718 0.33536827488380644 -0.087607876447288957 0.016097398036332932 0.088054645640211829 0.29755676462640607 0.016097398036332932 -0.11932743870666095 0.025308228010173017 -0.16184012952686688 -0.079201314403541334 -0.14641487986564336 -0.055404076622799718 0.072307206392288201 -0.055404076622799718 0.048975494409264242 0.13107512895681564 -0.15249817552389922
leaf_weight=236 57 55 39 424 104 168 120 1026 426 356 125 142 352 530 122 108 1273 369 90 1094 470 1703 433 99 308 35 245 45 87 540
leaf_count=236 57 55 39 424 104 168 120 1026 426 356 125 142 352 530 122 108 1273 369 90 1094 470 1703 433 99 308 35 245 45 87 540
internal_value=-0.00122601 0.0690332 0.0098344 -0.103695 0.166275 -0.0661498 0.190853 0.152158 0.0552776 0.0624718 0.265696 0.0740261 -0.123739 0.301981 -0.097226 0.0129305 0.0880546 0.261691 0.0702587 -0.1338 -0.0101953 -0.144061 -0.0495162 -0.0973605 -0.0945942 0.178426 -0.0380639 0.0254327 0.0818536 -0.14054
internal_weight=11181 6633 4123 4548 2510 1543 2274 1499 2580 2525 775 280 3881 650 1263 667 1699 473 314 3529 826 2797 601 138 732 92 353 222 132 662
internal_count=11181 6633 4123 4548 2510 1543 2274 1499 2580 2525 775 280 3881 650 1263 667 1699 473 314 3529 826 2797 601 138 732 92 353 222 132 662
is_linear=0
shrinkage=0.05


Tree=16
num_leaves=31
num_cat=0
split_feature=8 24 18 24 24 5 10 12 18 11 10 9 18 24 11 10 12 12 18 18 2 24 12 11 7 2 18 4 5 20
split_gain=28966.4 13599.8 4424.77 4081.2 3779.39 3430.4 2099.65 1968.53 1656.12 1600.09 1313.45 810.692 759.526 686.63 640.729 629.322 565.764 563.902 520.781 488.879 449.224 317.107 306.126 294.773 289.54 288.722 257.789 229.652 220.366 199.585
threshold=80.500000000000014 477.08500671386724 4.9500000476837167 172.91500091552737 202.91500091552737 1.0549999475479128 0.78654998540878307 -0.56175000965595234 8.8499999046325701 0.60784998536109935 0.3793999999761582 0.3793999999761582 4.7500000000000009 109.58499908447267 0.87834998965263378 -1.0000000180025095e-35 -0.56175000965595234 1.0000000180025095e-35 3.4500000476837163 5.0499999523162851 2.6800000667572026 511.25000000000006 0.81174999475479137 -0.60784998536109913 1021.0499877929689 4.5950000286102304 7.6499998569488534 0.79500001668930065 -1.705000042915344 10.84999990463257
decision_type=2 2 2 2 2 2 2 2 2 2 2 2 2 2 2 2 2 2 2 2 2 2 2 2 2 2 2 2 2 2
left_child=1 2 -1 7 13 8 -5 15 12 -9 18 17 -3 16 -13 -4 27 24 -6 -16 -14 26 -8 -10 -7 -19 -20 -2 -15 -18
right_child=4 5 3 6 10 11 22 9 23 -11 -12 14 20 28 19 -17 29 25 21 -21 -22 -23 -24 -25 -26 -27 -28 -29 -30 -31
leaf_value=0.052410538708068555 0.23140670796366117 -0.25429638388909792 0.24036386550356778 0.099746015837563096 -0.14796126334860946 0.043159593696314731 0.158471547348948 0.158471547348948 0.0074937486053972468 0.26514566009406182 -0.052962267725030557 -0.15049085108123894 0.0074937486053972468 0.011899904249985884 -0.15826370737382345 0.3568413208189764 0.014429924483406227 -0.058701321069106818 -0.10371007914565361 0.052410538708068555 -0.064114370985910121 -0.12762410864523363 0.099746015837563096 0.052410538708068555 -0.053148283943020069 -0.16408597478326761 -0.052962267725030557 0.068691844429288593 -0.052962267725030557 0.076699260283600204
leaf_weight=365 57 38 236 1340 1618 169 640 573 246 366 352 479 273 154 28 228 90 168 624 25 336 1062 158 714 145 106 225 35 199 132
leaf_count=365 57 38 236 1340 1618 169 640 573 246 366 352 479 273 154 28 228 90 168 624 25 336 1062 158 714 145 106 225 35 199 132
internal_value=-0.00129737 0.0653423 0.125164 0.147081 -0.0984875 -0.0203427 0.103598 0.213345 0.026474 0.171712 -0.117383 -0.0875163 -0.037423 0.0114586 -0.132238 0.297598 0.0652473 -0.0470535 -0.127087 0.0327225 -0.0238907 -0.109413 0.158472 0.0524105 -0.00131379 -0.0994706 -0.0866332 0.169504 -0.0363875 0.0220417
internal_weight=11181 6633 3906 3541 4548 2727 2138 1403 1607 939 3881 1120 647 667 532 464 314 588 3529 53 609 1911 798 960 314 274 849 92 353 222
internal_count=11181 6633 3906 3541 4548 2727 2138 1403 1607 939 3881 1120 647 667 532 464 314 588 3529 53 609 1911 798 960 314 274 849 92 353 222
is_linear=0
shrinkage=0.05


Tree=17
num_leaves=31
num_cat=0
split_feature=8 24 5 24 10 7 18 6 24 6 10 12 18 9 18 24 12 11 20 12 12 18 18 11 12 11 5 4 2 20
split_gain=25951.3 11973.3 6173.6 3357.54 2786.74 2638.88 2628.81 2856.05 2137.42 1492.48 1209.77 957.638 962.878 813.731 757.867 756.687 616.183 539.043 533.372 521.379 479.383 458.284 438.319 369.565 368.081 294.72 214.966 207.261 198.813 197.143
threshold=80.500000000000014 239.58499908447268 0.37000000476837164 230.41500091552737 0.3793999999761582 1018.0499877929689 4.8500001430511483 472.50000000000006 72.915000915527358 662.50000000000011 0.3793999999761582 0.81174999475479137 4.9500000476837167 1.0000000180025095e-35 5.1499998569488534 109.58499908447267 -0.56175000965595234 -0.60784998536109913 11.84999990463257 -0.56175000965595234 1.0000000180025095e-35 11.150000095367433 3.4500000476837163 -0.60784998536109913 -0.56175000965595234 0.60784998536109935 -2.564999938011169 0.79500001668930065 3.3449999094009404 10.84999990463257
decision_type=2 2 2 2 2 2 2 2 2 2 2 2 2 2 2 2 2 2 2 2 2 2 2 2 2 2 2 2 2 2
left_child=1 4 6 15 8 9 -3 17 14 -4 22 12 -6 24 -1 19 -16 -8 -10 27 -11 -9 -5 -14 -7 -24 -17 -2 -27 -21
right_child=3 2 5 10 11 13 7 21 18 20 -12 -13 23 -15 16 26 -18 -19 -20 29 -22 -23 25 -25 -26 28 -28 -29 -30 -31
leaf_value=0.14770609222490336 0.21983637333308398 -0.24087048028196609 0.090393739989013899 -0.14190399247097338 0.090393739989013899 0.029126127064228059 0.040034485520816926 -0.042949780469818011 0.090393739989013899 0.012820041468285033 -0.056036721893281731 0.095846459232270725 0.22965278560013483 -0.11636135269880446 0.30774419785284718 0.010713739559850506 0.19222028984014805 0.090393739989013899 0.14770609222490336 0.010713739559850506 -0.13589222943600343 0.032087746031789315 -0.11895584675134251 0.32839018577665446 -0.064629234499641988 -0.056036721893281731 -0.056036721893281731 0.065257257223129278 -0.10128016415786484 0.072864297306461434
leaf_weight=42 57 70 169 1607 28 149 514 468 693 63 352 80 132 893 179 144 325 1489 193 90 98 360 1283 336 352 196 321 35 331 132
leaf_count=42 57 70 169 1607 28 149 514 468 693 63 352 80 132 893 179 144 325 1489 193 90 98 360 1283 336 352 196 321 35 331 132
internal_value=-0.00152648 0.0615496 0.0172859 -0.0935193 0.163502 -0.0576498 0.0618185 0.0693029 0.126144 0.0694913 -0.11305 0.256376 0.282268 -0.0877478 0.205018 0.000976967 0.23325 0.0903937 0.0903937 0.0609452 -0.0647537 -0.0103248 -0.122899 0.300541 -0.0367459 -0.106025 -0.0395177 0.161029 -0.0745444 0.0194689
internal_weight=11181 6633 4625 4548 2008 1724 2901 2831 1432 330 3769 576 496 1394 546 779 504 2003 886 314 161 828 3417 468 501 1810 465 92 527 222
internal_count=11181 6633 4625 4548 2008 1724 2901 2831 1432 330 3769 576 496 1394 546 779 504 2003 886 314 161 828 3417 468 501 1810 465 92 527 222
is_linear=0
shrinkage=0.05


Tree=18
num_leaves=31
num_cat=0
split_feature=8 24 3 24 5 20 7 18 11 24 18 20 12 9 10 11 11 9 7 24 18 12 24 18 12 7 18 5 4 11
split_gain=23461.4 10838.1 3778.6 2994.23 2683.72 2333.36 1969.73 1625.29 1567.16 1362.42 1146.59 1066.84 998.454 933.119 867.523 830.779 748.749 783.376 629.038 597.772 565.877 531.131 394.388 374.249 369.299 362.081 343.267 327.998 272.514 270.668
threshold=80.500000000000014 465.00000000000006 276.50000000000006 202.91500091552737 1.2250000238418581 12.84999990463257 1017.9500122070314 4.2500000000000009 -0.60784998536109913 80.415000915527358 6.7500000000000009 14.34999990463257 0.81174999475479137 1.0000000180025095e-35 0.60354998707771312 -0.60784998536109913 0.87834998965263378 0.3793999999761582 1020.3500061035157 46.250000000000007 25.10000038146973 -0.56175000965595234 185.41500091552737 5.0499999523162851 -0.56175000965595234 1023.7500000000001 2.1499999761581425 -0.4549999982118606 0.39499999582767492 0.60784998536109935
decision_type=2 2 2 2 2 2 2 2 2 2 2 2 2 2 2 2 2 2 2 2 2 2 2 2 2 2 2 2 2 2
left_child=1 2 5 19 8 13 9 -8 25 15 26 -11 -9 -1 -10 -4 17 21 -18 -2 22 -6 -7 -16 27 -3 -5 -21 -12 -26
right_child=3 4 6 10 16 20 7 12 14 11 28 -13 -14 -15 23 -17 18 -19 -20 24 -22 -23 -24 -25 29 -27 -28 -29 -30 -31
leaf_value=0.12389267078830038 0.14962085563251201 -0.060483946742819539 0.17212499654900418 -0.15532565150685884 0.027254152154347983 0.24152035789579906 0.049575540377420013 0.2361279226737116 -0.046858290066965957 0.049575540377420013 -0.048205403772074197 0.17212499654900418 0.13263113058743548 0.049575540377420013 -0.22940908718109132 0.38744273619218306 0.049575540377420013 -0.13473306640678523 -0.11537132150793479 0.071403549548281417 0.41579560527095094 -0.08169615445984392 0.12389267078830038 0.049575540377420013 -0.048205403772074197 0.049575540377420013 -0.11147082012970365 -0.048205403772074197 -0.08504742384572278 0.029143479919951892
leaf_weight=221 68 486 32 540 166 119 29 982 239 524 584 111 181 1360 25 66 80 490 59 103 27 343 134 930 307 29 2569 51 188 138
leaf_count=221 68 486 32 540 166 119 29 982 239 524 584 111 181 1360 25 66 80 490 59 103 27 343 134 930 307 29 2569 51 188 138
internal_value=-0.00125832 0.0587155 0.114139 -0.0887267 -0.014988 0.0633363 0.163253 0.202915 0.0246256 0.0987551 -0.105545 0.0719758 0.215687 0.0495755 0.0495755 0.272274 -0.074478 -0.0896064 0.0342502 0.0091346 0.19821 -0.0461642 0.174989 0.0495755 -0.00681376 -0.0487775 -0.119088 0.0599231 -0.0510069 -0.0299092
internal_weight=11181 6633 3786 4548 2847 1861 1925 1192 1709 733 3881 635 1163 1581 1194 98 1138 999 139 667 280 509 253 955 599 515 3109 154 772 445
internal_count=11181 6633 3786 4548 2847 1861 1925 1192 1709 733 3881 635 1163 1581 1194 98 1138 999 139 667 280 509 253 955 599 515 3109 154 772 445
is_linear=0
shrinkage=0.05


Tree=19
num_leaves=31
num_cat=0
split_feature=18 6 11 24 10 11 12 20 18 12 10 3 24 7 18 11 24 8 5 3 5 20 1 8 18 11 7 10 3 10
split_gain=21192.5 13808.3 4752.32 3097.01 2694.81 1763.41 1692.49 1131.53 1021.78 831.648 737.475 479.95 415.603 396.729 375.691 295.075 269.382 224.198 205.002 167.794 137.338 120.16 94.7174 91.3841 86.5076 84.6731 60.0426 40.2862 39.95 34.4888
threshold=4.9500000476837167 422.50000000000006 -0.60784998536109913 80.415000915527358 0.60354998707771312 0.87834998965263378 0.81174999475479137 11.949999809265138 4.2500000000000009 0.81174999475479137 0.98295000195503246 285.50000000000006 180.41500091552737 1017.1499938964845 2.1499999761581425 -1.0000000180025095e-35 40.415000915527351 194.50000000000003 -1.5349999666213987 288.50000000000006 5.1050000190734872 15.449999809265138 84.500000000000014 216.50000000000003 1.3499999642372134 0.87834998965263378 1017.6499938964845 -0.78654998540878285 29.500000000000004 0.78654998540878307
decision_type=2 2 2 2 2 2 2 2 2 2 2 2 2 2 2 2 2 2 2 2 2 2 2 2 2 2 2 2 2 2
left_child=8 2 10 9 7 -3 -6 -5 14 13 16 22 -10 -4 17 21 19 29 27 -2 -20 28 -12 -7 -19 -14 -26 -17 -16 -1
right_child=1 5 3 4 6 23 -8 -9 12 -11 11 -13 25 -15 15 18 -18 24 20 -21 -22 -23 -24 -25 26 -27 -28 -29 -30 -31
leaf_value=-0.30742795052735705 0.10727536744766038 -0.032053846889559721 0.37983268652525215 0.040502676566573963 0.17290571751218811 0.033805302957806892 0.045032153498014496 0.1542842593202127 -0.032053846889559721 0.17290571751218811 0.19612858176231385 0.38533375564341749 -0.086151637510323537 0.25182738574319763 -0.11002806583932907 -0.08797205359195219 0.033805302957806892 -0.19541104075349408 -0.086151637510323537 0.2433840729841372 -0.13390449416833458 -0.086151637510323537 0.054689667939112112 -0.032053846889559721 -0.16504344488742084 -0.057335794332159941 -0.13390449416833458 -0.13043009063208497 -0.13390449416833458 -0.21880176933038806
leaf_weight=23 22 2883 72 1128 944 254 264 271 148 145 20 24 404 380 150 66 1234 81 639 41 140 78 29 167 169 94 291 364 635 21
leaf_count=23 22 2883 72 1128 944 254 264 271 148 145 20 24 404 380 150 66 1234 81 639 41 140 78 29 167 169 94 291 364 635 21
internal_value=-0.00118507 0.0433874 0.0996645 0.133305 0.109781 -0.0320538 0.164487 0.0625433 -0.107495 0.23603 0.0338053 0.202145 -0.0510957 0.272218 -0.121208 -0.111217 0.0338053 -0.156592 -0.0952758 0.180745 -0.0861516 -0.133551 0.11242 0.0338053 -0.147764 -0.0826177 -0.139374 -0.123913 -0.133904 -0.265129
internal_weight=11181 7878 4574 3204 2607 3304 1208 1399 3303 597 1370 73 646 452 2657 2072 1297 585 1209 63 779 863 49 421 541 498 460 430 785 44
internal_count=11181 7878 4574 3204 2607 3304 1208 1399 3303 597 1370 73 646 452 2657 2072 1297 585 1209 63 779 863 49 421 541 498 460 430 785 44
is_linear=0
shrinkage=0.05


Tree=20
num_leaves=31
num_cat=0
split_feature=8 24 5 5 24 7 11 11 18 12 11 10 10 18 9 20 10 24 11 7 12 24 6 12 11 24 8 7 20 10
split_gain=19440.2 9062.12 2903.49 2889.29 2483.42 2060.02 1866.13 1720.75 1592.68 1410.57 1228.47 1010.79 963.638 935.224 853.258 817.509 607.736 580.001 491.931 490.357 447.62 432.983 389.067 379.695 359.411 383.108 418.068 292.776 626.924 287.168
threshold=80.500000000000014 357.08500671386724 -0.10500000044703482 0.50499999523162853 230.41500091552737 1018.0499877929689 -0.60784998536109913 -0.60784998536109913 18.750000000000004 0.81174999475479137 1.0000000180025095e-35 0.91595000028610241 0.3793999999761582 4.9500000476837167 0.3793999999761582 6.3500001430511483 -0.37939999997615809 109.58499908447267 -0.87834998965263356 1018.4500122070314 -0.56175000965595234 37.084999084472663 442.50000000000006 1.0000000180025095e-35 -0.60784998536109913 410.41499328613287 420.50000000000006 1018.3500061035157 10.650000095367433 1.0000000180025095e-35
decision_type=2 2 2 2 2 2 2 2 2 2 2 2 2 2 2 2 2 2 2 2 2 2 2 2 2 2 2 2 2 2
left_child=1 2 6 7 17 10 11 18 9 -8 -5 21 24 -9 23 -15 -10 20 22 -13 -2 -1 -3 -7 -6 -26 -27 28 -4 -30
right_child=4 3 27 5 12 14 8 13 16 -11 -12 19 -14 15 -16 -17 -18 -19 -20 -21 -22 -23 -24 -25 25 26 -28 -29 29 -31
leaf_value=0.24865360715809992 0.14563083246998165 0.061223508747579251 0.070095499778867837 -0.096961622424796223 -0.13363650525824175 -0.0048707488068747661 0.17854468989391098 -0.22352251472144294 0.21317030758271344 0.061223508747579251 0.061223508747579251 0.16617583673997005 -0.048639714812993499 -0.039167465057066635 -0.12393609893565277 0.061223508747579251 0.32460776060296781 -0.035059185680602831 -0.066823589738641845 0.44152829538692129 0.0144654361690554 0.061223508747579251 -0.037235242883850647 -0.085290746698592559 -0.05698915067815831 -0.08170246699851097 -0.12432685302082945 0.061223508747579251 0.36178183317184454 0.17178495091907051
leaf_weight=34 92 119 159 125 903 344 949 29 133 186 131 61 352 213 588 1416 228 465 396 22 222 439 143 256 486 771 1257 573 30 59
leaf_count=34 92 119 159 125 903 344 949 29 133 186 131 61 352 213 588 1416 228 465 396 22 222 439 143 256 486 771 1257 573 30 59
internal_value=-0.00125542 0.0533374 0.120196 0.0022512 -0.080876 -0.053257 0.152911 0.0368599 0.181979 0.152884 0.0612235 0.0746975 -0.0976733 0.0612235 -0.0811316 0.0612235 0.273457 0.000393892 -0.0316585 0.239161 0.0528961 0.0612235 0.0214919 -0.0391833 -0.106579 -0.0968608 -0.106416 0.0612235 0.129572 0.235829
internal_weight=11181 6633 2873 3760 4548 1444 2052 2316 1496 1135 256 556 3769 1658 1188 1629 361 779 658 83 314 473 262 600 3417 2514 2028 821 248 89
internal_count=11181 6633 2873 3760 4548 1444 2052 2316 1496 1135 256 556 3769 1658 1188 1629 361 779 658 83 314 473 262 600 3417 2514 2028 821 248 89
is_linear=0
shrinkage=0.05


Tree=21
num_leaves=31
num_cat=0
split_feature=8 24 5 18 24 17 6 7 6 7 11 10 10 9 24 12 11 24 18 11 24 7 7 10 12 24 11 9 5 11
split_gain=17497.3 8114.08 4681.83 2333.52 2230.69 2222.69 2221.42 2141.46 1146.89 1145.39 975.354 908.642 696.112 615.342 528.41 469.055 456.82 437.039 379.357 374.39 334.419 311.349 466.952 344.821 304.139 277.084 273.384 271.432 215.042 183.547
threshold=80.500000000000014 206.25000000000003 0.37000000476837164 4.8500001430511483 230.41500091552737 0.10549999773502351 472.50000000000006 1018.0499877929689 692.50000000000011 1022.5499877929689 0.60784998536109935 1.0000000180025095e-35 0.78654998540878307 1.0000000180025095e-35 46.250000000000007 -0.56175000965595234 0.87834998965263378 511.25000000000006 11.150000095367433 0.87834998965263378 789.58499145507824 1021.1499938964845 1015.3500061035157 -0.91595000028610218 -0.56175000965595234 32.08500003814698 -0.60784998536109913 -0.6035499870777129 0.37000000476837164 1.0000000180025095e-35
decision_type=2 2 2 2 2 2 2 2 2 2 2 2 2 2 2 2 2 2 2 2 2 2 2 2 2 2 2 2 2 2
left_child=1 5 3 -3 14 24 12 8 -4 10 15 17 -5 20 29 -7 -12 27 -8 -10 -9 22 -16 -24 -1 -11 -13 -6 -29 -2
right_child=4 2 7 6 11 9 18 13 19 25 16 26 -14 -15 21 -17 -18 -19 -20 -21 -22 -23 23 -25 -26 -27 -28 28 -30 -31
leaf_value=0.12895334194600844 0.070896131523646586 -0.2189296154599441 0.079209064257659861 0.036785629572980899 -0.099967651368445792 0.2202553488692594 -0.038874653275880938 0.0075656277188302385 -0.10418381529743784 0.2712594272692998 0.32563083522460046 -0.10050293827082689 0.079209064257659861 -0.097926881760916129 -0.046097405472882672 0.13670906397824487 0.18131993353366851 -0.11991701852416484 0.029396113231260748 0.010094190086952743 -0.074461728891572071 -0.046097405472882672 0.060585587139583043 -0.046097405472882672 0.079209064257659861 0.12895334194600844 -0.046097405472882672 -0.046097405472882672 -0.099967651368445792 0.24126623892784119
leaf_weight=115 43 76 192 1081 385 315 468 276 128 60 204 231 1064 940 99 360 75 1883 360 26 226 265 288 59 417 250 575 468 227 25
leaf_count=115 43 76 192 1081 385 315 468 276 128 60 204 231 1064 940 99 360 75 1883 360 26 226 265 288 59 417 250 575 468 227 25
internal_value=-0.00111237 0.0506805 0.0169828 0.0546528 -0.0766493 0.141435 0.0616465 -0.0472541 0.0644542 0.178698 0.208201 -0.092569 0.0792091 -0.0740579 0.000374198 0.175697 0.286838 -0.105374 -0.00919171 -0.0590207 -0.029363 -0.012361 0.0135652 0.0430059 0.0792091 0.128953 -0.0460974 -0.0800183 -0.0600325 0.133532
internal_weight=11181 6633 4837 3049 4548 1796 2973 1788 346 1264 954 3769 2145 1442 779 675 279 2963 828 154 502 711 446 347 532 310 806 1080 695 68
internal_count=11181 6633 4837 3049 4548 1796 2973 1788 346 1264 954 3769 2145 1442 779 675 279 2963 828 154 502 711 446 347 532 310 806 1080 695 68
is_linear=0
shrinkage=0.05


Tree=22
num_leaves=31
num_cat=0
split_feature=18 6 11 24 10 12 18 18 12 11 10 3 1 24 18 11 8 5 20 5 18 11 6 7 3 10 10 3 24 1
split_gain=15995 10440.6 4264.96 2635.66 2911.92 1420.96 1370 804.249 741.873 507.674 481.161 433.727 385.248 306.884 306.856 260.94 227.24 160.232 108.42 103.533 81.5751 68.8949 61.1043 50.318 49.5022 37.9432 32.3605 30.5404 13.8335 12.7768
threshold=4.9500000476837167 477.50000000000006 -0.60784998536109913 84.58499908447267 0.60354998707771312 0.81174999475479137 20.349999427795414 4.2500000000000009 0.81174999475479137 0.87834998965263378 0.98295000195503246 285.50000000000006 87.500000000000014 180.41500091552737 2.1499999761581425 -1.0000000180025095e-35 194.50000000000003 -1.5349999666213987 15.449999809265138 5.1050000190734872 1.3499999642372134 0.87834998965263378 832.50000000000011 1017.6499938964845 44.500000000000007 0.78654998540878307 -0.78654998540878285 29.500000000000004 40.415000915527351 91.500000000000014
decision_type=2 2 2 2 2 2 2 2 2 2 2 2 2 2 2 2 2 2 2 2 2 2 2 2 2 2 2 2 2 2
left_child=7 2 10 8 6 -6 -5 14 12 -3 28 24 -4 -9 16 18 25 26 27 -19 -18 29 -11 -22 -12 -1 -17 -16 -2 -15
right_child=1 9 3 4 5 -7 -8 13 -10 22 11 -13 -14 21 15 17 20 19 -20 -21 23 -23 -24 -25 -26 -27 -28 -29 -30 -31
leaf_value=-0.29097933458245318 0.15696829494739337 -0.027656700251449007 0.18759696726124772 0.029742661229637798 0.14884093376177004 0.03453879706704846 0.14884093376177004 -0.027656700251449007 0.14884093376177004 0.026801232899288825 0.13182938874644393 0.35057314274211726 0.27926125215612496 -0.074261548605864272 -0.095549628540139681 -0.074797816439108419 -0.17472283369229166 -0.074261548605864272 -0.074261548605864272 -0.11683770847441509 -0.14471434979043771 -0.049176339512155519 -0.027656700251449007 -0.11683770847441509 0.032694954350590708 -0.19802068954422361 -0.11285081432088391 -0.11683770847441509 0.026801232899288825 -0.049176339512155519
leaf_weight=23 63 2498 202 1423 1088 273 155 148 150 274 34 24 265 378 150 66 81 639 78 140 169 94 53 291 20 21 364 635 1356 26
leaf_count=23 63 2498 202 1423 1088 273 155 148 150 274 34 24 265 378 150 66 81 639 78 140 169 94 53 291 20 21 364 635 1356 26
internal_value=-0.000839068 0.0378838 0.0812592 0.111728 0.0920049 0.145595 0.0457843 -0.0931972 0.205677 -0.0276567 0.0268012 0.173716 0.239612 -0.0431603 -0.105363 -0.0963341 -0.137341 -0.0813404 -0.116838 -0.0742615 -0.128454 -0.070696 0.0268012 -0.120307 0.0951129 -0.246613 -0.10701 -0.116838 0.0268012 -0.0742615
internal_weight=11181 7878 5053 3556 2939 1361 1578 3303 617 2825 1497 78 467 646 2657 2072 585 1209 863 779 541 498 327 460 54 44 430 785 1419 404
internal_count=11181 7878 5053 3556 2939 1361 1578 3303 617 2825 1497 78 467 646 2657 2072 585 1209 863 779 541 498 327 460 54 44 430 785 1419 404
is_linear=0
shrinkage=0.05


Tree=23
num_leaves=31
num_cat=0
split_feature=8 24 11 18 24 9 12 10 11 10 6 11 24 10 24 7 9 5 5 18 5 7 8 18 18 7 1 24 12 3
split_gain=14547.8 7047.65 2757.76 2898.85 2120.33 1961.72 1816.59 1959.07 1008.08 821.339 803.203 703.723 650.772 510.113 760.526 489.504 460.015 450.694 435.52 353.067 352.945 391.673 329.636 306.165 233.103 213.482 171.905 166.431 164.377 159.225
threshold=70.500000000000014 477.08500671386724 -0.60784998536109913 4.9500000476837167 109.58499908447267 0.3793999999761582 0.81174999475479137 0.3793999999761582 -0.60784998536109913 0.3793999999761582 702.50000000000011 0.87834998965263378 336.25000000000006 0.78654998540878307 332.91499328613287 1026.850036621094 -1.0000000180025095e-35 -0.095000002533197389 1.1150000095367434 13.750000000000002 -1.4350000023841856 1023.4500122070314 356.50000000000006 10.34999990463257 5.0499999523162851 1014.4500122070314 86.500000000000014 80.415000915527358 1.0000000180025095e-35 194.50000000000003
decision_type=2 2 2 2 2 2 2 2 2 2 2 2 2 2 2 2 2 2 2 2 2 2 2 2 2 2 2 2 2 2
left_child=1 2 13 -4 15 8 7 -5 19 12 -10 18 17 -1 23 20 -8 25 26 29 21 27 -14 -15 -13 -6 -7 -2 -12 -3
right_child=4 5 3 6 9 11 16 -9 10 -11 28 24 22 14 -16 -17 -18 -19 -20 -21 -22 -23 -24 -25 -26 -27 -28 -29 -30 -31
leaf_value=0.037385903890222595 0.19599584061347072 -0.052653367225037412 0.037385903890222595 0.11792205049179792 -0.072431910388480097 0.01959191247677574 0.37012649316054125 0.21873079309338594 0.037385903890222595 -0.012393544184625616 -0.011458255628323449 -0.12090894549057402 -0.072431910388480097 0.1193540897082581 0.037385903890222595 0.28157395178621469 0.087571673520376758 -0.072431910388480097 -0.11671221945318151 0.029153097135865169 -0.012040101934901693 -0.012393544184625616 -0.10747655395092844 0.25128348721692001 0.037385903890222595 -0.012393544184625616 -0.062303602793526348 0.073605907786929728 -0.095184770411228747 -0.13191073302711762
leaf_weight=843 61 258 281 1113 63 78 26 850 1028 363 112 29 906 34 155 22 476 338 479 115 165 26 2094 93 47 509 359 51 123 84
leaf_count=843 61 258 281 1113 63 78 26 850 1028 363 112 29 906 34 155 22 476 338 479 115 165 26 2094 93 47 509 359 51 123 84
internal_value=-0.00102641 0.0466388 0.0899413 0.117413 -0.0692691 -0.0151695 0.137757 0.161573 0.0171255 -0.0786331 0.0373859 -0.0711649 -0.0853331 0.0373859 0.110605 0.053846 0.0875717 -0.0482961 -0.0837816 -0.0466356 0.0373113 0.0963185 -0.0965677 0.201322 0.0373859 -0.0186121 -0.0476861 0.140265 -0.0552811 -0.0721201
internal_weight=11181 6583 3871 2746 4598 2712 2465 1963 1720 4273 1263 992 3910 1125 282 325 502 910 916 457 303 138 3000 127 76 572 437 112 235 342
internal_count=11181 6583 3871 2746 4598 2712 2465 1963 1720 4273 1263 992 3910 1125 282 325 502 910 916 457 303 138 3000 127 76 572 437 112 235 342
is_linear=0
shrinkage=0.05


Tree=24
num_leaves=31
num_cat=0
split_feature=18 6 11 6 10 12 18 24 18 8 11 10 3 9 5 24 24 11 7 3 1 5 21 7 11 8 3 8 6 1
split_gain=13074.2 8608.48 3676.1 2329.26 1885.28 1287.26 967.035 949.409 706.239 533.187 459.634 395.165 366.237 332.625 675.505 323.791 255.301 224.924 219.108 102.205 91.3405 85.9524 67.9506 62.7098 58.8204 51.9904 41.168 37.2686 27.2984 8.76816
threshold=4.9500000476837167 477.50000000000006 -0.60784998536109913 77.500000000000014 0.3793999999761582 0.81174999475479137 20.650000572204593 609.58499145507824 4.2500000000000009 1.0000000180025095e-35 0.87834998965263378 0.98295000195503246 285.50000000000006 1.0000000180025095e-35 0.2650000005960465 823.75000000000011 180.41500091552737 -0.60784998536109913 1018.9500122070314 290.50000000000006 88.500000000000014 -1.7949999570846555 20.44999980926514 1023.6499938964845 0.87834998965263378 109.50000000000001 44.500000000000007 510.50000000000006 832.50000000000011 91.500000000000014
decision_type=2 2 2 2 2 2 2 2 2 2 2 2 2 2 2 2 2 2 2 2 2 2 2 2 2 2 2 2 2 2
left_child=8 2 11 5 6 9 -5 -6 13 -4 -3 -2 26 15 18 17 -10 22 -15 -20 23 -19 -1 -16 29 -17 -13 -27 -12 -18
right_child=1 10 3 4 7 -7 -8 -9 16 -11 28 12 -14 14 20 25 24 21 19 -21 -22 -23 -24 -25 -26 27 -28 -29 -30 -31
leaf_value=-0.097147933934495251 0.023795211858592132 -0.025533454033585846 0.22360303961793759 0.023795211858592132 0.12035303246067325 0.12035303246067325 0.12035303246067325 0.04664776159386913 -0.025533454033585846 0.12035303246067325 0.023795211858592132 0.12281827304293128 0.32407957414786021 -0.1196654355951718 -0.098156334662979294 -0.19128551923710368 -0.067044188543305225 -0.088849007980858222 -0.26486652406553429 -0.39939826250076299 -0.067044188543305225 -0.067044188543305225 -0.067044188543305225 -0.1647800900168338 -0.044768826294431574 -0.10165307641473434 0.032413333132863043 -0.12497251170565082 -0.025533454033585846 -0.044768826294431574
leaf_weight=404 1419 2498 619 1095 887 298 106 440 148 111 274 34 24 21 88 23 378 468 48 20 97 676 55 59 94 302 20 396 53 26
leaf_count=404 1419 2498 619 1095 887 298 106 440 148 111 274 34 24 21 88 23 378 468 48 20 97 676 55 59 94 302 20 396 53 26
internal_value=-0.00128765 0.0337217 0.0731239 0.101526 0.0757212 0.164985 0.030334 0.116799 -0.0847886 0.205286 -0.0255335 0.0237952 0.161564 -0.0961888 -0.142924 -0.0894922 -0.0378996 -0.0769756 -0.260837 -0.304435 -0.0999151 -0.0670442 -0.0971479 -0.124896 -0.0640042 -0.11732 0.089335 -0.114883 0.0237952 -0.0670442
internal_weight=11181 7878 5053 3556 2528 1028 1201 1327 3303 730 2825 1497 78 2657 333 2324 646 1603 89 68 244 1144 459 147 498 721 54 698 327 404
internal_count=11181 7878 5053 3556 2528 1028 1201 1327 3303 730 2825 1497 78 2657 333 2324 646 1603 89 68 244 1144 459 147 498 721 54 698 327 404
is_linear=0
shrinkage=0.05


Tree=25
num_leaves=31
num_cat=0
split_feature=8 24 5 10 24 7 18 10 12 18 18 11 10 24 9 11 11 24 12 12 5 7 12 5 8 18 4 7 2 20
split_gain=11955.7 5890.15 2353.89 2292.78 1826.01 1763.03 1494.59 1332.21 1057.38 966.153 773.998 760.128 685.794 662.873 639.671 606.461 604.109 524.148 456.743 421.195 373.483 368.886 340.715 337.158 260.781 248.723 231.632 215.596 206.988 189.798
threshold=70.500000000000014 307.08500671386724 0.50499999523162853 0.3793999999761582 109.58499908447267 1018.0499877929689 19.650000572204593 0.78654998540878307 0.81174999475479137 4.9500000476837167 5.1499998569488534 1.0000000180025095e-35 0.3793999999761582 42.915000915527351 0.60354998707771312 -0.87834998965263356 0.87834998965263378 352.91499328613287 -0.56175000965595234 1.0000000180025095e-35 -0.095000002533197389 1016.5499877929689 -0.56175000965595234 -3.814999938011169 356.50000000000006 21.000000000000004 0.46500000357627874 1015.6499938964845 4.4049999713897714 10.84999990463257
decision_type=2 2 2 2 2 2 2 2 2 2 2 2 2 2 2 2 2 2 2 2 2 2 2 2 2 2 2 2 2 2
left_child=1 3 7 6 18 11 13 16 9 -5 -9 28 17 -1 22 -11 23 20 -2 21 27 -8 -7 -3 -19 -21 -18 -6 -4 -20
right_child=4 2 5 8 12 14 19 10 -10 15 -12 -13 -14 -15 -16 -17 26 24 29 25 -22 -23 -24 -25 -26 -27 -28 -29 -30 -31
leaf_value=0.12208118059774176 0.13981078653782605 -0.052613601081299768 0.030800709873437884 0.053771712563596509 -0.067638312133273398 0.015094657646639659 0.2882328520502363 -0.20219346761703491 0.053771712563596509 0.13301341856712753 0.053771712563596509 0.053771712563596509 -0.010570810737388787 0.053771712563596509 -0.1133943829253316 0.23578320444965703 0.053771712563596509 -0.067638312133273398 -0.010570810737388787 0.22964152146929076 -0.067638312133273398 0.12208118059774176 -0.060780675262869566 0.0051254127439471541 -0.098601033631210519 0.43141751516432997 -0.055262125293283088 -0.010570810737388787 -0.10706865043466679 0.055884105458531078
leaf_weight=181 100 477 38 39 96 202 35 35 133 120 1322 142 363 1256 500 530 144 887 93 56 358 108 553 538 2042 21 57 527 96 132
leaf_count=181 100 477 38 39 96 202 35 35 133 120 1322 142 363 1256 500 530 144 887 93 56 358 108 553 538 2042 21 57 527 96 132
internal_value=-0.00148656 0.0417241 0.00496571 0.102578 -0.0633516 -0.0441241 0.0687099 0.0341754 0.170849 0.195862 0.0537717 0.0537717 -0.0720414 0.0537717 -0.0695297 0.212255 -0.00582257 -0.0781573 0.0508998 0.190391 -0.0465248 0.139624 -0.0404803 -0.0220091 -0.0887519 0.284671 0.0537717 -0.020727 -0.0679714 0.0113838
internal_weight=11181 6583 4104 2479 4598 1531 1657 2573 822 689 1357 276 4273 1437 1255 650 1216 3910 325 220 981 143 755 1015 2929 77 201 623 134 225
internal_count=11181 6583 4104 2479 4598 1531 1657 2573 822 689 1357 276 4273 1437 1255 650 1216 3910 325 220 981 143 755 1015 2929 77 201 623 134 225
is_linear=0
shrinkage=0.05


Tree=26
num_leaves=31
num_cat=0
split_feature=8 5 18 24 7 11 24 11 6 12 10 18 12 10 2 11 7 5 3 9 7 5 7 24 10 1 11 9 11 12
split_gain=10867 5252.68 4335.55 3734.71 2757.1 1926.97 1633.47 1431.07 1315.06 1242.8 1159.69 759.423 658.882 624.084 471.35 453.228 430.077 424.573 414.593 393.761 399.85 306.666 355.008 292.729 282.777 265.167 163.548 154.433 149.769 146.498
threshold=70.500000000000014 0.32500000298023229 4.2500000000000009 395.41499328613287 1018.3500061035157 0.60784998536109935 109.58499908447267 -0.60784998536109913 657.50000000000011 0.81174999475479137 0.78654998540878307 16.550000190734867 1.0000000180025095e-35 0.3793999999761582 4.0450000762939462 1.0000000180025095e-35 1026.850036621094 -3.9950000047683711 18.500000000000004 1.0000000180025095e-35 1019.7500000000001 -1.2849999666213987 1023.4500122070314 789.58499145507824 0.91595000028610241 96.500000000000014 -0.60784998536109913 0.60354998707771312 -1.0000000180025095e-35 1.0000000180025095e-35
decision_type=2 2 2 2 2 2 2 2 2 2 2 2 2 2 2 2 2 2 2 2 2 2 2 2 2 2 2 2 2 2
left_child=1 2 -1 7 5 8 16 24 15 -9 17 27 -12 14 18 -3 21 -5 -8 23 25 22 28 -6 -4 -21 -15 -7 -2 -25
right_child=6 4 3 10 19 11 13 9 -10 -11 12 -13 -14 26 -16 -17 -18 -19 -20 20 -22 -23 -24 29 -26 -27 -28 -29 -30 -31
leaf_value=-0.24211240941231404 0.17914399040527032 0.16926478584927898 0.072568610896317942 -0.051635374309735721 0.012543999562873992 0.096086509864438674 -0.010374379082270201 0.16300006386986934 -0.08627270469129486 0.072568610896317942 0.072568610896317942 0.54840702329363145 0.010041633452891186 -0.074630686570659729 -0.092679817254492369 0.025391301164897729 0.26122283502058552 0.016161023288813615 -0.067395765088067244 -0.037728002928420462 -0.091625038499016931 -0.010374379082270201 -0.010374379082270201 -0.02991833638697863 0.17022274453098876 0.12150126962411789 -0.010374379082270201 0.25554971403005172 0.068793824759702527 -0.11253919377923012
leaf_weight=109 61 124 563 418 268 22 310 1450 149 340 629 21 453 101 1849 98 22 516 1751 167 858 153 27 125 99 31 262 49 62 94
leaf_count=109 61 124 563 418 268 22 310 1450 149 340 629 21 453 101 1849 98 22 516 1751 167 858 153 27 125 99 31 262 49 62 94
internal_value=-0.00131419 0.0398819 0.06945 0.0770508 -0.0275823 0.0794275 -0.0602951 0.118501 0.0286322 0.142488 0.0266362 0.284265 0.0618697 -0.068514 -0.0743514 0.105753 0.0477653 -0.0141804 -0.0579084 -0.0596922 -0.076845 0.0322667 0.0833485 -0.0224983 0.0725686 -0.0127982 -0.0103744 0.206139 0.12352 -0.0653812
internal_weight=11181 6583 4577 4468 2006 463 4598 2452 371 1790 2016 92 1082 4273 3910 222 325 934 2061 1543 1056 303 150 487 662 198 363 71 123 219
internal_count=11181 6583 4577 4468 2006 463 4598 2452 371 1790 2016 92 1082 4273 3910 222 325 934 2061 1543 1056 303 150 487 662 198 363 71 123 219
is_linear=0
shrinkage=0.05


Tree=27
num_leaves=31
num_cat=0
split_feature=8 24 9 10 24 11 24 18 12 18 5 7 12 8 11 24 12 12 5 7 24 18 1 7 11 18 3 5 18 11
split_gain=9807.62 4642.48 2014.05 1883.94 1747.73 1359.95 1327.89 1246.27 899.192 841.788 810.443 621.316 613.82 603.873 526.515 401.877 394.169 389.681 378.367 370.322 354.607 352.034 334.628 320.648 290.211 277.805 277.501 272.366 217.902 215.934
threshold=41.500000000000007 307.08500671386724 0.3793999999761582 0.3793999999761582 114.58499908447267 0.87834998965263378 726.25000000000011 19.650000572204593 0.81174999475479137 4.9500000476837167 0.86500000953674328 1023.4500122070314 -0.56175000965595234 269.50000000000006 -0.87834998965263356 320.41499328613287 -0.56175000965595234 1.0000000180025095e-35 5.1949999332427987 1020.7500000000001 410.41499328613287 9.3499999046325701 93.500000000000014 1016.5499877929689 -0.60784998536109913 4.7500000000000009 34.500000000000007 -1.7350000143051145 21.000000000000004 -0.60784998536109913
decision_type=2 2 2 2 2 2 2 2 2 2 2 2 2 2 2 2 2 2 2 2 2 2 2 2 2 2 2 2 2 2
left_child=1 3 6 7 16 10 -3 12 9 -5 20 -7 25 19 -11 26 -2 23 21 22 -4 -8 24 -9 -6 -1 -15 -18 -19 -17
right_child=4 2 5 8 13 11 18 17 -10 14 -12 -13 -14 15 -16 29 27 28 -20 -21 -22 -23 -24 -25 -26 -27 -28 -29 -30 -31
leaf_value=0.050538130967251516 0.12704924844406748 0.050538130967251516 0.029555095022784153 0.050538130967251516 -0.063425501860395264 0.050538130967251516 -0.052375048983359963 0.26560855763299124 0.050538130967251516 0.12254180051097137 -0.091695961177360147 -0.10105110690207549 0.050538130967251516 -0.0080909665233652537 0.21657342837921362 -0.10942750986630888 0.092221043626891416 0.21283542402088643 -0.14267142556481444 -0.070975478797129565 -0.03945914137202261 0.014446908594567077 -0.14786765115542544 0.11209802582434983 -0.0080909665233652537 0.11209802582434983 -0.061604611725887971 -0.0080909665233652537 0.40169663996923544 -0.075959930074389184
leaf_weight=25 111 1429 264 39 237 233 282 35 133 120 674 71 971 248 530 646 82 56 59 465 631 342 45 108 549 345 345 187 21 1898
leaf_count=25 111 1429 264 39 237 233 282 35 133 120 674 71 971 248 530 646 82 56 59 465 631 342 45 108 549 345 345 187 21 1898
internal_value=-0.0012703 0.0394413 0.00642778 0.0946485 -0.0551351 -0.031318 0.0399022 0.0623876 0.155913 0.179029 -0.0502863 0.0505381 0.0505381 -0.0639566 0.194545 -0.0758181 0.0477747 0.173658 -0.0216443 -0.0352456 -0.0191019 -0.010201 -0.0152523 0.124827 -0.00809097 0.112098 -0.0387508 0.0150629 0.264343 -0.0844584
internal_weight=11181 6368 3985 2383 4813 1873 2112 1561 822 689 1569 304 1341 4433 650 3137 380 220 683 1296 895 624 831 143 786 370 593 269 77 2544
internal_count=11181 6368 3985 2383 4813 1873 2112 1561 822 689 1569 304 1341 4433 650 3137 380 220 683 1296 895 624 831 143 786 370 593 269 77 2544
is_linear=0
shrinkage=0.05


Tree=28
num_leaves=31
num_cat=0
split_feature=18 6 11 24 10 12 18 12 18 9 5 7 24 11 7 11 24 10 3 3 1 18 18 21 11 8 8 3 8 6
split_gain=8911.13 5999.27 3002.17 1740.22 2315.19 1070.87 984.132 537.179 533.887 332.93 617.29 316.529 264.63 255.474 196.381 186.405 171.209 166.066 313.951 95.0939 72.7341 83.684 68.1846 56.0704 48.2789 47.7697 32.298 25.7993 18.1494 10.0336
threshold=4.9500000476837167 487.50000000000006 -0.60784998536109913 84.58499908447267 0.60354998707771312 0.81174999475479137 20.349999427795414 0.81174999475479137 4.2500000000000009 1.0000000180025095e-35 0.2650000005960465 1017.1499938964845 828.75000000000011 0.87834998965263378 1018.9500122070314 -0.60784998536109913 180.41500091552737 0.98295000195503246 285.50000000000006 290.50000000000006 93.500000000000014 3.4500000476837163 1.9499999880790713 20.44999980926514 0.60784998536109935 109.50000000000001 608.50000000000011 44.500000000000007 497.50000000000006 867.50000000000011
decision_type=2 2 2 2 2 2 2 2 2 2 2 2 2 2 2 2 2 2 2 2 2 2 2 2 2 2 2 2 2 2
left_child=8 2 17 7 6 -6 -5 11 9 12 14 -4 15 -3 -11 23 -10 -2 27 -16 21 -12 -17 -1 -18 -14 -27 -19 -26 -15
right_child=1 13 3 4 5 -7 -8 -9 16 10 20 -13 25 29 19 22 24 18 -20 -21 -22 -23 -24 -25 28 26 -28 -29 -30 -31
leaf_value=-0.080360298765515634 0.019409032637357534 -0.021159756161821742 0.28650650044752135 0.019409032637357534 0.11624876144474035 0.019409032637357534 0.11624876144474035 0.11624876144474035 -0.021159756161821742 -0.10581623997007097 -0.19424110365950542 0.17378085924705855 -0.16953953193581625 0.019409032637357534 -0.24257371950273715 -0.080360298765515634 -0.054651495219702577 0.095968891523386307 0.2849949870724231 -0.37234099447727204 -0.054651495219702577 -0.091006611215312103 -0.054651495219702577 -0.054651495219702577 -0.036535726355995321 -0.088339784982859534 -0.11100894662836368 0.027931662132455543 -0.054651495219702577 -0.021159756161821742
leaf_weight=404 1445 2426 74 1455 1112 274 155 150 148 21 23 393 23 275 48 119 274 38 24 20 87 134 1033 55 189 448 242 22 35 35
leaf_count=404 1445 2426 74 1455 1112 274 155 150 148 21 23 393 23 275 48 119 274 38 24 20 87 134 1033 55 189 448 242 22 35 35
internal_value=-0.00114295 0.02776 0.0599778 0.0858896 0.0701422 0.116249 0.0293529 0.162355 -0.0700795 -0.0799915 -0.126748 0.191643 -0.0732918 -0.0211598 -0.239466 -0.0620673 -0.0293115 0.019409 0.132157 -0.280741 -0.0856342 -0.10613 -0.0546515 -0.0803603 -0.0519117 -0.0986533 -0.0962904 0.0710219 -0.0365357 0.019409
internal_weight=11181 7878 5142 3613 2996 1386 1610 617 3303 2657 333 467 2324 2736 89 1611 646 1529 84 68 244 157 1152 459 498 713 690 60 224 310
internal_count=11181 7878 5142 3613 2996 1386 1610 617 3303 2657 333 467 2324 2736 89 1611 646 1529 84 68 244 157 1152 459 498 713 690 60 224 310
is_linear=0
shrinkage=0.05


Tree=29
num_leaves=31
num_cat=0
split_feature=8 5 18 24 7 11 24 11 6 11 12 10 12 17 8 7 5 5 24 7 9 11 1 7 11 1 11 24 3 1
split_gain=8155.45 4000.49 3557.28 2923.08 2538.66 1791.32 1445.01 1308.85 1103.25 1068.44 1061.57 943.139 577.482 563.444 511.229 366.448 352.23 345.724 338.842 326.372 322.337 310.164 308.906 293.615 255.122 248.236 234.78 239.979 231.043 191.342
threshold=41.500000000000007 0.32500000298023229 4.2500000000000009 395.41499328613287 1018.4500122070314 0.87834998965263378 114.58499908447267 1.0000000180025095e-35 657.50000000000011 0.87834998965263378 -0.56175000965595234 0.78654998540878307 1.0000000180025095e-35 0.11150000244379045 269.50000000000006 1026.850036621094 -3.9950000047683711 -1.814999997615814 336.25000000000006 1020.7500000000001 -1.0000000180025095e-35 1.0000000180025095e-35 93.500000000000014 1019.7500000000001 -0.60784998536109913 96.500000000000014 -0.60784998536109913 792.91500854492199 34.500000000000007 88.500000000000014
decision_type=2 2 2 2 2 2 2 2 2 2 2 2 2 2 2 2 2 2 2 2 2 2 2 2 2 2 2 2 2 2
left_child=1 2 -1 7 5 8 15 10 21 -9 -4 16 -13 -7 19 17 -5 29 28 22 26 -3 24 25 -8 -22 -6 -28 -16 -2
right_child=6 4 3 11 20 13 14 9 -10 -11 -12 12 -14 -15 18 -17 -18 -19 -20 -21 23 -23 -24 -25 -26 -27 27 -29 -30 -31
leaf_value=-0.22301309843347453 0.064595701218102916 0.16351322375892385 0.15356248277186588 -0.048105845011627492 -0.087971694961888725 0.21543424375473508 -0.05962639425759389 0.18173959116153179 -0.075262792919363303 0.070452006274063741 0.06520994264840789 0.06520994264840789 0.0068010739350966923 0.51449190094357444 -0.0076583999288321802 0.24120722142132847 0.014698860226255703 -0.0054650851351499274 -0.077713673359004198 -0.065581690826792743 -0.036258402411563848 0.037826594223522331 -0.14086082793772223 -0.079542376817449148 -0.0076583999288321802 0.11995432575543721 0.055406739379184833 -0.039837400750147078 -0.057360025905173084 0.21263599736349925
leaf_weight=107 99 111 352 408 80 63 237 725 140 307 979 629 453 21 273 22 493 231 2494 465 167 88 45 950 549 30 138 127 370 28
leaf_count=107 99 111 352 408 80 63 237 725 140 307 979 629 453 21 273 22 493 231 2494 465 167 88 45 950 549 30 138 127 370 28
internal_value=-0.00131604 0.0358084 0.061797 0.0688091 -0.0246236 0.0834955 -0.0504348 0.106373 0.032277 0.148634 0.0736066 0.0240465 0.0555127 0.290199 -0.058456 0.0431392 -0.013741 0.0309675 -0.0693698 -0.032039 -0.0552766 0.107933 -0.0132697 -0.0680225 -0.0076584 -0.0124697 -0.0129013 0.00976143 -0.0370064 0.0972345
internal_weight=11181 6368 4453 4346 1915 423 4813 2363 339 1032 1331 1983 1082 84 4433 380 901 358 3137 1296 1492 199 831 1147 786 197 345 265 643 127
internal_count=11181 6368 4453 4346 1915 423 4813 2363 339 1032 1331 1983 1082 84 4433 380 901 358 3137 1296 1492 199 831 1147 786 197 345 265 643 127
is_linear=0
shrinkage=0.05


Tree=30
num_leaves=31
num_cat=0
split_feature=8 24 5 24 7 10 18 18 18 11 11 18 4 20 12 18 9 12 12 20 9 12 20 12 5 4 24 4 18 11
split_gain=7371.65 3746.28 2092.84 1807.09 1479.78 1276.4 1181.12 739.655 730.038 632.692 530.857 497.169 484.421 477.013 434.714 477.516 427.237 391.325 334.894 379.095 292.512 288.729 260.257 253.231 245.108 219.13 217.369 245.719 206.559 181.031
threshold=12.500000000000002 239.58499908447268 0.37000000476837164 114.58499908447267 1018.0499877929689 0.3793999999761582 9.8499999046325701 19.44999980926514 4.7500000000000009 -0.60784998536109913 -0.60784998536109913 7.2500000000000009 2.1550000905990605 10.750000000000002 0.81174999475479137 4.9500000476837167 0.60354998707771312 -0.56175000965595234 -0.56175000965595234 10.550000190734865 0.60354998707771312 1.0000000180025095e-35 14.750000000000002 1.0000000180025095e-35 -1.9049999713897703 0.54500001668930065 32.08500003814698 0.79500001668930065 21.000000000000004 -0.87834998965263356
decision_type=2 2 2 2 2 2 2 2 2 2 2 2 2 2 2 2 2 2 2 2 2 2 2 2 2 2 2 2 2 2
left_child=1 5 6 18 12 7 8 13 -3 -10 22 -12 -4 -1 15 -7 17 -6 26 -20 -8 -9 -5 -21 -17 -13 -2 -28 -23 -24
right_child=3 2 4 10 16 14 20 21 9 -11 11 25 -14 -15 -16 24 -18 -19 19 23 -22 28 29 -25 -26 -27 27 -29 -30 -31
leaf_value=0.055239964492584614 0.25077599516345955 -0.17606132064582938 0.055239964492584614 -0.091171263233235822 0.03268721904206489 0.055239964492584614 0.055239964492584614 0.10672572303573157 -0.056870632613597275 0.024988583880103006 -0.054625993715794699 -0.0045819045852970195 -0.067658556387367022 0.10672572303573157 0.055239964492584614 0.24393733076254526 -0.08994166936739513 -0.054952818796617724 -0.0045819045852970195 0.033970527705693233 0.024988583880103006 0.18276380437707146 -0.059820971345757146 0.1160468404908685 0.16612054720443115 -0.032150533365021515 0.1499070836129249 0.0064915483950504244 0.36383578777313236 -0.0045819045852970195
leaf_weight=785 23 59 204 1094 175 28 1032 110 294 683 2608 559 83 172 80 150 593 468 167 58 663 63 128 137 311 246 64 56 21 67
leaf_count=785 23 59 204 1094 175 28 1032 110 294 683 2608 559 83 172 80 150 593 468 167 58 663 63 128 137 311 246 64 56 21 67
internal_value=-0.00120906 0.0366939 0.011517 -0.0446952 -0.0354454 0.098963 0.0377065 0.0686787 -0.0052628 0.00505155 -0.0543484 -0.0440237 0.05524 0.05524 0.160223 0.177907 -0.059331 -0.0311006 0.0451846 0.0195933 0.05524 0.158211 -0.0816859 0.072523 0.191441 -0.00967507 0.109968 0.0829798 0.228032 -0.0284707
internal_weight=11181 5974 4254 5207 1523 1720 2731 1151 1036 977 4702 3413 287 957 569 489 1236 643 505 362 1695 194 1289 195 461 805 143 120 84 195
internal_count=11181 5974 4254 5207 1523 1720 2731 1151 1036 977 4702 3413 287 957 569 489 1236 643 505 362 1695 194 1289 195 461 805 143 120 84 195
is_linear=0
shrinkage=0.05


Tree=31
num_leaves=31
num_cat=0
split_feature=8 24 20 24 9 11 18 12 11 8 21 11 6 10 12 20 24 7 18 1 16 9 12 3 5 20 5 10 24 4
split_gain=6713.78 3316.78 1707.85 1595.04 1249.18 1172.66 1428.74 1008.34 657.901 486.072 473.253 429.418 416.728 404.54 312.055 342.546 300.192 297.83 297.305 288.307 298.84 253.058 236.04 223.552 213.727 205.592 197.479 213.84 196.175 221.762
threshold=12.500000000000002 477.08500671386724 13.750000000000002 114.58499908447267 0.3793999999761582 1.0000000180025095e-35 4.7500000000000009 -0.56175000965595234 -0.60784998536109913 269.50000000000006 7.9500000476837167 0.87834998965263378 792.50000000000011 1.0000000180025095e-35 -0.56175000965595234 10.550000190734865 320.41499328613287 1020.7500000000001 23.050000190734867 93.500000000000014 0.27699999511241918 -1.0000000180025095e-35 1.0000000180025095e-35 34.500000000000007 1.1150000095367434 16.800000190734867 -0.90500000119209278 -1.0000000180025095e-35 32.08500003814698 0.79500001668930065
decision_type=2 2 2 2 2 2 2 2 2 2 2 2 2 2 2 2 2 2 2 2 2 2 2 2 2 2 2 2 2 2
left_child=1 2 5 14 8 7 -7 10 21 17 -1 24 -10 -8 28 -16 23 19 26 20 -5 25 -17 -11 -6 -3 27 -4 -2 -30
right_child=3 4 18 9 11 6 13 -9 12 16 -12 -13 -14 -15 15 22 -18 -19 -20 -21 -22 -23 -24 -25 -26 -27 -28 -29 29 -31
leaf_value=0.028813244343307582 0.2382371884001338 -0.078297407570607908 0.10876454480800433 -0.057091560437051707 -0.039778332607051652 0.028813244343307582 0.068788894575655957 0.028813244343307582 0.028813244343307582 -0.0048213056720147257 0.10876454480800433 0.028813244343307582 -0.071671575865019918 0.10876454480800433 -0.0048213056720147257 0.031559967311637731 -0.070399190799936104 -0.058614491256791412 0.26521079657507723 -0.11733913933228671 -0.0048213056720147257 0.018892396211072252 0.11024449886278297 -0.050647203173291216 -0.089314361036294837 0.028813244343307582 0.10876454480800433 0.20528528686586159 0.1424117277842015 0.0061669693860624524
leaf_weight=51 23 256 31 274 436 166 528 1304 1017 248 366 69 115 672 167 58 2544 546 61 62 683 135 137 345 435 22 168 142 64 56
leaf_count=51 23 256 31 274 436 166 528 1304 1017 248 366 69 115 672 167 58 2544 546 61 62 683 135 137 345 435 22 168 142 64 56
internal_value=-0.00100728 0.0351649 0.0666068 -0.0425077 -0.00898026 0.053983 0.0886281 0.0288132 0.0186713 -0.0515768 0.106708 -0.0544288 0.0288132 0.108765 0.0419342 0.017231 -0.0629316 -0.0288165 0.163546 -0.0128501 -0.00608068 -0.0372719 0.0679412 -0.0308952 -0.0645179 -0.0645459 0.14536 0.182882 0.10447 0.0788308
internal_weight=11181 5974 3489 5207 2485 3087 1366 1721 1545 4702 417 940 1132 1200 505 362 3137 1565 402 1019 957 413 195 593 871 278 341 173 143 120
internal_count=11181 5974 3489 5207 2485 3087 1366 1721 1545 4702 417 940 1132 1200 505 362 3137 1565 402 1019 957 413 195 593 871 278 341 173 143 120
is_linear=0
shrinkage=0.05


Tree=32
num_leaves=31
num_cat=0
split_feature=18 6 11 24 12 10 7 5 18 11 12 18 7 9 5 18 7 24 24 3 24 1 18 18 1 3 11 11 18 6
split_gain=6090.85 4259.17 2589.4 1765.81 1223.11 1139.75 1042.28 1123.88 809.89 726.022 502.861 413.978 326.396 320.735 539.331 226.416 183.869 151.222 110.293 82.0309 70.3806 68.9365 94.8161 68.5943 68.3588 59.4376 57.66 39.9306 15.9247 11.0384
threshold=4.9500000476837167 532.50000000000011 0.60784998536109935 105.41500091552736 -0.56175000965595234 0.78654998540878307 1021.7500000000001 -1.1950000524520872 12.050000190734865 0.87834998965263378 1.0000000180025095e-35 4.2500000000000009 1016.5499877929689 1.0000000180025095e-35 0.15500000119209292 2.1499999761581425 1018.9500122070314 802.08499145507824 180.41500091552737 290.50000000000006 40.415000915527351 93.500000000000014 3.4500000476837163 1.3499999642372134 92.500000000000014 95.500000000000014 -0.60784998536109913 0.60784998536109935 1.0500000119209292 1002.5000000000001
decision_type=2 2 2 2 2 2 2 2 2 2 2 2 2 2 2 2 2 2 2 2 2 2 2 2 2 2 2 2 2 2
left_child=11 2 3 4 12 -5 7 9 -9 -4 -7 13 -2 15 16 23 -15 26 -13 -18 -6 22 -16 28 -8 -25 -17 -20 -1 -29
right_child=1 -3 6 5 20 10 24 8 -10 -11 -12 18 -14 14 21 17 19 -19 27 -21 -22 -23 -24 25 -26 -27 -28 29 -30 -31
leaf_value=-0.15667747367512097 0.28537184715270997 -0.01748947972237486 0.15780109163864467 0.015143315032090916 0.10655498798309922 0.055267105706642866 0.015143315032090916 0.11764205767408663 0.29452300932812125 0.064533831990112908 0.015143315032090916 -0.01748947972237486 0.14725407685241285 -0.092865750477427539 -0.18440996706485749 -0.05685835556254009 -0.22520547448234127 -0.069368415998277227 -0.04434829512680296 -0.34733122944831851 0.055267105706642866 -0.04434829512680296 -0.078403046848597349 -0.069368415998277227 0.095239510374336422 -0.1051086324845906 -0.04434829512680296 -0.029536031074037496 -0.11174529681400376 -0.04434829512680296
leaf_weight=33 50 2353 334 2219 107 683 189 115 148 556 458 148 296 21 25 354 44 532 274 20 341 88 135 327 29 159 870 201 49 23
leaf_count=33 50 2353 334 2219 107 683 189 115 148 556 458 148 296 21 25 354 44 532 274 20 341 88 135 327 29 159 870 201 49 23
internal_value=-0.000940641 0.0229548 0.0477761 0.0281113 0.0953909 0.0151433 0.107359 0.12637 0.21718 0.0995353 0.0552671 -0.0579338 0.167213 -0.066662 -0.112555 -0.0600861 -0.221245 -0.0512101 -0.0220346 -0.26337 0.0552671 -0.0753018 -0.0949666 -0.0875267 0.0151433 -0.0803895 -0.0443483 -0.0415826 -0.129828 -0.029536
internal_weight=11181 7878 5525 4154 794 3360 1371 1153 263 890 1141 3303 346 2657 333 2324 85 1756 646 64 448 248 160 568 218 486 1224 498 82 224
internal_count=11181 7878 5525 4154 794 3360 1371 1153 263 890 1141 3303 346 2657 333 2324 85 1756 646 64 448 248 160 568 218 486 1224 498 82 224
is_linear=0
shrinkage=0.05


Tree=33
num_leaves=31
num_cat=0
split_feature=8 24 9 24 24 7 21 11 7 11 24 16 2 5 1 17 7 5 7 18 7 1 24 5 1 6 7 17 18 8
split_gain=5607.05 2872.42 1938.08 1293.54 1271.16 1068.25 1030.05 917.134 812.125 530.797 484.909 454.556 388.837 380.571 293.597 284.904 282.398 356.811 294.412 270.776 253.08 223.648 208.05 204.164 173.202 170.312 149.829 149.809 141.488 136.85
threshold=12.500000000000002 206.25000000000003 0.60354998707771312 726.25000000000011 114.58499908447267 1020.1499938964845 10.34999990463257 0.87834998965263378 1022.5499877929689 0.60784998536109935 445.41499328613287 0.27699999511241918 4.0450000762939462 0.15500000119209292 91.500000000000014 0.12550000101327899 1026.850036621094 -1.3650000095367429 1023.4500122070314 7.2500000000000009 1021.1499938964845 85.500000000000014 42.915000915527351 -3.0549999475479122 79.500000000000014 47.500000000000007 1021.9500122070314 0.15550000220537188 6.7500000000000009 291.50000000000006
decision_type=2 2 2 2 2 2 2 2 2 2 2 2 2 2 2 2 2 2 2 2 2 2 2 2 2 2 2 2 2 2
left_child=1 6 3 20 16 7 -1 10 9 15 -4 24 19 28 -11 -8 17 18 22 -13 -3 -15 -2 -7 -6 -22 -25 -19 -5 -14
right_child=4 2 5 13 11 23 8 -9 -10 14 -12 12 29 21 -16 -17 -18 27 -20 -21 25 -23 -24 26 -26 -27 -28 -29 -30 -31
leaf_value=0.05116967823631783 0.25188582908539547 0.05116967823631783 0.013192015742626887 -0.064556275153982226 -0.085169385723932525 0.05116967823631783 0.098145566751452126 0.05116967823631783 0.085104001503194152 0.27512385006089812 -0.052130552836689187 -0.034732147019224877 -0.038148159557151777 -0.034240956825943657 0.16230031210459939 0.17191442614657626 0.21139065894213591 -0.0055420781471918652 -0.0055420781471918652 -0.0055420781471918652 0.05116967823631783 -0.1265773905024809 0.084558483172693988 -0.11860269780706439 -0.055153033544105605 0.014836143266910518 -0.0665519290198298 0.12558508095416157 0.014836143266910518 -0.055153033544105605
leaf_weight=447 21 1350 538 58 915 23 390 199 262 103 602 1302 556 287 131 197 22 253 26 447 78 85 161 233 374 414 340 22 237 1108
leaf_count=447 21 1350 538 58 915 23 390 199 262 103 602 1302 556 287 131 197 22 253 26 447 78 85 161 233 374 414 340 22 237 1108
internal_value=-0.00125953 0.0317971 0.0114538 0.0404512 -0.0391854 -0.0261453 0.0908855 -0.00135974 0.119038 0.148286 -0.0213029 -0.0472816 -0.0377277 -0.0214974 0.211962 0.122903 0.0361975 0.0282177 0.0777355 -0.0212663 0.0511697 -0.0553393 0.103865 -0.0818297 -0.0725783 0.0148361 -0.0877174 -0.00554208 0.0148361 -0.05503
internal_weight=11181 5974 4444 2509 5207 1935 1530 1339 1083 821 1140 4702 3413 667 234 587 505 483 208 1749 1842 372 182 596 1289 492 573 275 295 1664
internal_count=11181 5974 4444 2509 5207 1935 1530 1339 1083 821 1140 4702 3413 667 234 587 505 483 208 1749 1842 372 182 596 1289 492 573 275 295 1664
is_linear=0
shrinkage=0.05


Tree=34
num_leaves=31
num_cat=0
split_feature=8 5 18 2 7 11 18 12 24 6 18 9 11 11 12 11 16 17 4 2 11 9 5 7 4 18 9 24 23 3
split_gain=5099.88 2929.14 2473.78 2073.03 1887.28 1677.38 1471.59 1110.34 799.451 771.079 562.891 547.863 475.187 415.503 351.353 254.524 232.193 216.838 191.706 191.044 173.908 166.826 149.09 136.724 134.15 130.008 115.328 112.047 235.584 133.866
threshold=152.50000000000003 0.32500000298023229 4.1499998569488534 3.6800000667572026 1018.0499877929689 0.87834998965263378 18.550000190734867 -0.56175000965595234 230.41500091552737 657.50000000000011 12.050000190734865 0.3793999999761582 0.60784998536109935 1.0000000180025095e-35 -0.56175000965595234 -0.60784998536109913 0.27699999511241918 0.12650000303983691 0.89499998092651378 4.0450000762939462 0.60784998536109935 0.91595000028610241 5.1949999332427987 1019.8500061035157 -1.5249999761581419 12.34999990463257 0.60354998707771312 96.250000000000014 53.500000000000007 201.50000000000003
decision_type=2 2 2 2 2 2 2 2 2 2 2 2 2 2 2 2 2 2 2 2 2 2 2 2 2 2 2 2 2 2
left_child=1 2 24 6 5 9 7 -4 14 13 26 15 -8 -3 27 -5 -10 21 20 -18 -16 22 -6 -23 -1 -13 -7 28 -2 -29
right_child=8 4 3 11 17 10 12 -9 16 -11 -12 25 -14 -15 18 -17 19 -19 -20 -21 -22 23 -24 -25 -26 -27 -28 29 -30 -31
leaf_value=-0.075821455500342638 0.071524155927999808 0.14454055497200288 0.098270774829887636 -0.024050690614525718 -0.038654872403069133 0.08347669906603794 0.10541111456787132 0.034690170430164279 -0.078816204096712431 -0.066773295265464286 0.43697038378034325 -0.055402622270455074 0.19403169752061367 0.0060465986518046036 -0.027307782150606471 0.034690170430164279 -0.033111945747080387 0.037346688260299125 0.076954553038515949 -0.061348283223438438 0.02774252841805315 -0.030262335289395259 -0.10936830817379906 -0.1033357632950994 -0.21355558204154176 -0.0098743229573692703 0.21725797044987583 0.071524155927999808 0.20362467408180238 -0.027307782150606471
leaf_weight=22 28 113 913 191 1320 24 383 1936 871 159 28 358 250 104 322 495 1084 74 47 1339 144 89 79 228 90 279 49 75 40 47
leaf_count=22 28 113 913 191 1320 24 383 1936 871 159 28 358 250 104 322 495 1084 74 47 1339 144 89 79 228 90 279 49 75 40 47
internal_value=-0.00107313 0.0241149 0.0457935 0.0512081 -0.022905 0.0654701 0.0714518 0.0561302 -0.0463447 0.0168749 0.246379 -0.00207151 0.140411 0.0781656 0.00205949 0.0289336 -0.056675 -0.0464552 -0.0194526 -0.0487159 -0.0273078 -0.050069 -0.042648 -0.0828199 -0.186501 -0.0354617 0.173275 0.0601421 0.111572 0.0314761
internal_weight=11181 7184 4917 4805 2267 477 3482 2849 3997 376 101 1323 633 217 703 686 3294 1790 513 2423 466 1716 1399 317 112 637 73 190 68 122
internal_count=11181 7184 4917 4805 2267 477 3482 2849 3997 376 101 1323 633 217 703 686 3294 1790 513 2423 466 1716 1399 317 112 637 73 190 68 122
is_linear=0
shrinkage=0.05


Tree=35
num_leaves=31
num_cat=0
split_feature=8 24 12 10 24 10 18 9 11 12 18 11 23 16 18 10 24 6 24 12 5 20 12 7 5 1 7 24 7 1
split_gain=4695.77 2390.75 1363.78 1295.32 1015.23 899.839 813.246 755.584 871.19 652.032 716.697 611.43 541.312 372.045 362.245 346.091 369.042 266.408 251.388 244.865 268.348 233.326 209.254 285.699 203.337 180.847 176.471 167.1 200.5 148.714
threshold=12.500000000000002 342.08500671386724 1.0000000180025095e-35 0.3793999999761582 114.58499908447267 0.60354998707771312 19.849999427795414 -1.0000000180025095e-35 -1.0000000180025095e-35 0.81174999475479137 4.9500000476837167 0.87834998965263378 46.500000000000007 0.27699999511241918 5.0499999523162851 1.0000000180025095e-35 419.58500671386724 42.500000000000007 37.084999084472663 -0.56175000965595234 -1.7949999570846555 17.150000572204593 1.0000000180025095e-35 1016.8500061035157 -0.085000000894069658 87.500000000000014 1023.4500122070314 32.08500003814698 1019.4500122070314 80.500000000000014
decision_type=2 2 2 2 2 2 2 2 2 2 2 2 2 2 2 2 2 2 2 2 2 2 2 2 2 2 2 2 2 2
left_child=1 3 5 6 19 11 18 8 21 10 -5 24 -12 29 -7 16 25 -9 -1 27 -21 -4 23 -8 -3 -15 -13 -2 -29 -6
right_child=4 2 7 9 13 14 22 17 -10 -11 12 26 -14 15 -16 -17 -18 -19 -20 20 -22 -23 -24 -25 -26 -27 -28 28 -30 -31
leaf_value=0.084695296573075327 0.21048815684474032 -0.023867851116169528 -0.1014125353298945 0.035374953656190547 -0.07710964705452189 -0.086719585125464752 0.2216363766254523 0.035374953656190547 0.035374953656190547 0.035374953656190547 0.10971202083604131 0.035374953656190547 0.19616562702245066 -0.0056662733315189151 0.035374953656190547 -0.0056662733315189151 -0.05008930591499039 -0.068598412082085294 0.035374953656190547 0.085536587950620024 -0.0056662733315189151 0.035374953656190547 0.1996116947044026 0.084695296573075327 -0.086470649037425878 -0.033089593726837119 -0.099286050652859337 0.11995820742757882 -0.0056662733315189151 -0.05008930591499039
leaf_weight=103 23 314 164 50 948 93 39 32 363 165 424 130 316 802 1330 719 1764 856 1149 91 271 21 77 94 221 128 33 68 52 341
leaf_count=103 23 314 164 50 948 93 39 32 363 165 424 130 316 802 1330 719 1764 856 1149 91 271 21 77 94 221 128 33 68 52 341
internal_value=-0.00102527 0.029226 0.00315247 0.0675974 -0.0357326 0.028627 0.038014 -0.034474 0.011695 0.112886 0.131948 -0.0226016 0.14663 -0.0429681 0.035375 -0.0343247 -0.0425671 -0.0629656 0.035375 0.0316355 0.00975278 -0.0805295 0.134016 0.096039 -0.0497281 -0.0160899 0.035375 0.087031 0.0633683 -0.065854
internal_weight=11181 5974 3557 2417 5207 2121 1462 1436 548 955 790 698 740 4702 1423 3413 2694 888 1252 505 362 185 210 133 535 930 163 143 120 1289
internal_count=11181 5974 3557 2417 5207 2121 1462 1436 548 955 790 698 740 4702 1423 3413 2694 888 1252 505 362 185 210 133 535 930 163 143 120 1289
is_linear=0
shrinkage=0.05


Tree=36
num_leaves=31
num_cat=0
split_feature=8 5 18 7 24 11 11 24 9 11 6 12 11 17 23 2 18 18 23 24 7 5 7 8 1 20 5 5 3 7
split_gain=4283.69 2196.41 2382.07 1682.17 1576.85 1323.34 938.814 911.561 748.643 690.193 687.38 607.676 475.278 371.932 371.374 328.956 317.302 291.041 262.13 236.362 258.186 249.4 216.694 170.699 162.711 140.021 126.149 103.008 96.8839 85.9347
threshold=12.500000000000002 0.32500000298023229 4.2500000000000009 1018.4500122070314 395.41499328613287 0.87834998965263378 1.0000000180025095e-35 114.58499908447267 0.3793999999761582 0.87834998965263378 657.50000000000011 -0.56175000965595234 -0.60784998536109913 0.11150000244379045 30.500000000000004 4.0450000762939462 25.60000038146973 7.2500000000000009 19.500000000000004 42.915000915527351 1026.350036621094 -1.3049999475479124 1021.2500000000001 295.50000000000006 97.500000000000014 16.050000190734867 -0.61500000953674305 -0.13499999791383741 216.50000000000003 1015.1499938964845
decision_type=2 2 2 2 2 2 2 2 2 2 2 2 2 2 2 2 2 2 2 2 2 2 2 2 2 2 2 2 2 2
left_child=1 2 -1 5 6 10 11 19 12 -8 18 -4 -6 -7 -5 17 -10 27 -3 20 21 -2 26 -17 25 -16 -21 29 -12 -9
right_child=7 3 4 14 8 13 9 15 16 -11 28 -13 -14 -15 24 23 -18 -19 -20 22 -22 -23 -24 -25 -26 -27 -28 -29 -30 -31
leaf_value=-0.19218792989112365 0.21778834656528803 0.013873866578026346 0.11870312603419918 -0.096436558151952664 -0.010702994638829039 0.19069606145577772 0.147076920520641 -0.041704814553221663 -0.029205774645830303 0.054418155386184275 -0.081800996526232309 0.051437120001849461 0.051437120001849461 0.43743844372885565 -0.037533938083944188 -0.041704814553221663 0.051437120001849461 -0.0055868831784646666 0.1237841732113074 0.052904239801774035 0.25207101504007973 0.052904239801774035 -0.0055868831784646666 -0.065255328817356406 0.083090613782405856 0.092861268917719522 -0.0055868831784646666 -0.041704814553221663 0.013873866578026346 -0.022123038526588801
leaf_weight=101 23 49 337 278 323 56 676 231 684 286 106 892 875 21 1049 744 23 633 141 155 21 67 167 1470 30 21 72 699 26 925
leaf_count=101 23 49 337 278 323 56 676 231 684 286 106 892 875 21 1049 744 23 633 141 155 21 67 167 1470 30 21 72 699 26 925
internal_value=-0.000927255 0.0279662 0.0476935 -0.0186266 0.0536086 0.0717798 0.0825361 -0.0340768 0.0203382 0.11953 0.0272514 0.0535793 0.0444173 0.257989 -0.0448038 -0.0409328 -0.0204636 -0.0284572 0.088142 0.0297591 0.0942057 0.0573704 0.0116028 -0.0549524 -0.0317548 -0.0349748 0.0482589 -0.0386592 -0.0603943 -0.0262889
internal_weight=11181 5974 4197 1777 4096 399 2191 5207 1905 962 322 1229 1198 77 1378 4702 707 2488 190 505 111 90 394 2214 1100 1070 227 1855 132 1156
internal_count=11181 5974 4197 1777 4096 399 2191 5207 1905 962 322 1229 1198 77 1378 4702 707 2488 190 505 111 90 394 2214 1100 1070 227 1855 132 1156
is_linear=0
shrinkage=0.05


Tree=37
num_leaves=31
num_cat=0
split_feature=8 18 24 11 12 10 7 5 24 9 5 11 7 16 20 20 10 24 5 7 24 1 1 17 18 21 8 3 6 9
split_gain=3871.03 2001.84 2185.49 1587.98 1082.07 885.27 927.486 827.079 813.382 527.215 500.767 375.347 361.747 355.754 340.63 324.243 308.985 307.179 290.429 280.056 193.816 150.625 138.139 132.48 127.994 117.627 97.1415 79.9278 72.7239 72.0918
threshold=12.500000000000002 4.2500000000000009 592.08499145507824 1.0000000180025095e-35 -0.56175000965595234 0.3793999999761582 1016.1499938964845 -3.445000052452087 133.75000000000003 1.0000000180025095e-35 0.2650000005960465 -0.60784998536109913 1026.9500122070315 0.27699999511241918 17.849999427795414 10.550000190734865 1.0000000180025095e-35 511.25000000000006 -1.3650000095367429 1023.4500122070314 42.915000915527351 91.500000000000014 87.500000000000014 0.15550000220537188 3.6499999761581425 11.949999809265138 604.50000000000011 297.50000000000006 792.50000000000011 -1.0000000180025095e-35
decision_type=2 2 2 2 2 2 2 2 2 2 2 2 2 2 2 2 2 2 2 2 2 2 2 2 2 2 2 2 2 2
left_child=1 10 3 4 7 6 -5 -3 12 11 27 29 18 25 -6 -7 17 22 19 20 -2 24 -15 -20 -12 -10 -27 -1 -13 -4
right_child=8 2 9 5 14 15 -8 -9 13 -11 21 28 -14 16 -16 -17 -18 -19 23 -21 -22 -23 -24 -25 -26 26 -28 -29 -30 -31
leaf_value=-0.15439287490923614 0.22378644659405664 0.018872815222791078 -0.027875603182279329 0.22712793358734676 0.018872815222791078 0.1027984749268987 0.036679351715918893 0.12435511749502666 -0.08874689726721896 -0.027875603182279329 -0.18560436152178666 0.018872815222791078 0.23106101036071777 -0.0088424298909807273 0.15144383851438761 0.16660784415568516 -0.0088424298909807273 -0.046749885124124778 -0.0088424298909807273 -0.0088424298909807273 0.064332833101303832 -0.027875603182279329 -0.032549466013716388 0.11793186698447576 -0.064652936445193349 -0.046749885124124778 -0.071106292621230568 -0.25126551235875777 -0.027875603182279329 0.018872815222791078
leaf_weight=68 21 149 226 70 1702 544 737 443 316 616 29 629 20 1019 64 314 719 1495 304 34 206 133 115 22 89 682 254 31 84 46
leaf_count=68 21 149 226 70 1702 544 737 443 316 616 29 629 20 1019 64 314 719 1495 304 34 206 133 115 22 89 682 254 31 84 46
internal_value=-0.000941294 0.0265253 0.0337457 0.0534084 0.0270114 0.0907921 0.0531991 0.0883952 -0.0324537 -0.0156627 -0.0894969 0.0118804 0.0219474 -0.0396323 0.0188728 0.126151 -0.0311292 -0.0392787 0.0148226 0.0547298 0.079084 -0.0519361 -0.018349 -0.00884243 -0.0943783 -0.0623705 -0.0534657 -0.184727 0.0188728 -0.0278756
internal_weight=11181 5974 5624 4023 2358 1665 807 592 5207 1601 350 985 607 4600 1766 858 3348 2629 587 261 227 251 1134 326 118 1252 936 99 713 272
internal_count=11181 5974 5624 4023 2358 1665 807 592 5207 1601 350 985 607 4600 1766 858 3348 2629 587 261 227 251 1134 326 118 1252 936 99 713 272
is_linear=0
shrinkage=0.05


Tree=38
num_leaves=31
num_cat=0
split_feature=8 5 18 5 7 11 18 11 7 6 18 24 12 11 23 7 7 10 6 10 24 23 16 11 2 4 15 1 10 7
split_gain=3513.95 2095.17 1808.96 1513.75 1418.64 1326.22 1202.54 863.549 607.898 562.287 473.357 428.536 381.054 357.419 326.031 316.967 312.815 229.143 344.391 173.799 410.601 159.238 153.292 152.323 126.389 95.5903 87.152 87.1019 83.2701 78.4416
threshold=152.50000000000003 0.32500000298023229 4.1499998569488534 -3.9950000047683711 1018.0499877929689 0.87834998965263378 18.550000190734867 -0.60784998536109913 1027.850036621094 657.50000000000011 12.050000190734865 230.41500091552737 1.0000000180025095e-35 1.0000000180025095e-35 33.500000000000007 1021.2500000000001 1015.3500061035157 0.78654998540878307 407.50000000000006 0.3793999999761582 239.58499908447268 72.500000000000014 0.27699999511241918 -0.87834998965263356 4.0450000762939462 -1.3849999904632566 1.7099999785423281 81.500000000000014 1.0000000180025095e-35 1022.0499877929689
decision_type=2 2 2 2 2 2 2 2 2 2 2 2 2 2 2 2 2 2 2 2 2 2 2 2 2 2 2 2 2 2
left_child=1 2 21 17 5 9 7 -5 11 13 -7 15 -8 -3 26 16 -2 -4 -19 25 -21 28 -13 -18 29 -16 -6 -11 -1 -24
right_child=8 4 3 6 14 10 12 -9 -10 27 -12 22 -14 -15 19 -17 23 18 -20 20 -22 -23 24 -25 -26 -27 -28 -29 -30 -31
leaf_value=-0.26143931767770223 -0.026032855626285507 0.12733630216227168 -0.034971919875760267 -0.001781529625330939 -0.09417544422940638 0.15037672975904323 0.09273123594755231 0.058407854814924713 0.22331716689196501 -0.022226784637243285 0.39219239098685132 -0.065727069385640588 0.17506923686073284 0.0037970038414192778 0.017252662230063887 -0.026032855626285507 -0.024612843478937097 0.093949979213157717 -0.014284249774743397 0.17131680455701104 -0.020508699204981082 -0.058972621521188373 -0.026032855626285507 0.063704478676272921 -0.051520888587572339 -0.054068893784400857 -0.055455769577190818 -0.09627764246293477 -0.15780917864943309 -0.040019926875854803
leaf_weight=28 93 113 559 792 318 73 484 2407 22 82 28 871 198 104 51 252 59 102 263 29 733 21 816 283 1339 596 63 77 63 262
leaf_count=28 93 113 559 792 318 73 484 2407 22 82 28 871 198 104 51 252 59 102 263 29 733 21 816 283 1339 596 63 77 63 262
internal_value=-0.00120901 0.0196989 0.0380336 0.0426637 -0.0200679 0.0565532 0.0563572 0.0435063 -0.0387879 0.0133431 0.217415 -0.0402385 0.116636 0.0656819 -0.0404859 -0.00432295 0.0246229 -0.0148519 0.015962 -0.0293895 -0.0132083 -0.160609 -0.0477428 0.0484684 -0.0412619 -0.0484469 -0.081522 -0.0580879 -0.189695 -0.028519
internal_weight=11181 7184 4917 4805 2267 477 3881 3199 3997 376 101 3975 682 217 1790 687 435 924 365 1409 762 112 3288 342 2417 647 381 159 91 1078
internal_count=11181 7184 4917 4805 2267 477 3881 3199 3997 376 101 3975 682 217 1790 687 435 924 365 1409 762 112 3288 342 2417 647 381 159 91 1078
is_linear=0
shrinkage=0.05


Tree=39
num_leaves=31
num_cat=0
split_feature=8 5 18 7 5 20 11 7 24 6 11 9 6 16 10 17 23 24 23 12 5 1 1 4 21 23 8 9 1 24
split_gain=3188.94 1723.39 1783.95 1318.49 1233.42 1083.29 969.653 689.569 636.81 483.854 479.536 428.347 391.911 312.195 349.683 300.255 296.849 245.518 221.357 193.108 217.975 150.131 136.191 135.936 131.118 121.53 162.507 109.286 106.147 102.503
threshold=6.5000000000000009 0.32500000298023229 4.2500000000000009 1018.4500122070314 -3.6850000619888301 10.550000190734865 0.87834998965263378 1020.8500061035157 114.58499908447267 657.50000000000011 -0.60784998536109913 0.3793999999761582 442.50000000000006 0.27699999511241918 1.0000000180025095e-35 0.11150000244379045 30.500000000000004 419.58500671386724 19.500000000000004 -0.56175000965595234 -1.7949999570846555 87.500000000000014 97.500000000000014 1.075000047683716 11.949999809265138 53.500000000000007 184.50000000000003 0.78654998540878307 76.500000000000014 348.75000000000006
decision_type=2 2 2 2 2 2 2 2 2 2 2 2 2 2 2 2 2 2 2 2 2 2 2 2 2 2 2 2 2 2
left_child=1 2 -1 6 11 7 9 -6 19 18 -7 12 -4 24 17 -8 -5 21 -3 23 28 -15 27 25 -10 26 -2 -18 -21 -13
right_child=8 3 4 16 5 10 15 -9 13 -11 -12 29 -14 14 -16 -17 22 -19 -20 20 -22 -23 -24 -25 -26 -27 -28 -29 -30 -31
leaf_value=-0.1655666679807819 0.098380231503105917 0.012134038190480246 0.095781039466706699 -0.086684515770765955 0.060000061581548005 0.070760247275596558 0.16461720356185522 -0.0053290603158529853 -0.082367447910703259 -0.051331100475788122 0.12318246306526104 0.029457256868481635 -0.0033628697296290244 -0.0052605156907327422 -0.0052605156907327422 0.39030755400657657 -0.019989861005604487 -0.041186295569569167 0.10923677755774355 0.015055430648712124 -0.0052605156907327422 -0.027582880118299569 0.076303244630495703 -0.0052605156907327422 -0.046250078102211552 0.15097007254677777 -0.0052605156907327422 -0.053923875739741514 0.12359002484753728 -0.037257691842803198
leaf_weight=101 28 49 169 278 1310 303 56 584 337 125 830 65 243 807 798 20 685 1764 139 41 271 128 30 33 988 57 25 363 50 504
leaf_count=101 28 49 169 278 1310 303 56 584 337 125 830 65 243 807 798 20 685 1764 139 41 271 128 30 33 988 57 25 363 50 504
internal_value=-0.00118083 0.0242915 0.0419708 -0.0173385 0.0472006 0.0629909 0.0638071 0.0398563 -0.0291731 0.0249082 0.101664 -0.00152226 0.0373054 -0.0347677 -0.0269364 0.224009 -0.040617 -0.0358 0.0755992 0.0242466 0.00481367 -0.0139795 -0.0287369 0.0734405 -0.0554362 0.100293 0.0457904 -0.0317437 0.0746898 -0.0296365
internal_weight=11181 5854 4109 1745 4008 3027 389 1894 5327 313 1133 981 412 4822 3497 76 1356 2699 188 505 362 935 1078 143 1325 110 53 1048 91 569
internal_count=11181 5854 4109 1745 4008 3027 389 1894 5327 313 1133 981 412 4822 3497 76 1356 2699 188 505 362 935 1078 143 1325 110 53 1048 91 569
is_linear=0
shrinkage=0.05


Tree=40
num_leaves=31
num_cat=0
split_feature=8 5 18 11 7 11 18 2 7 4 23 7 6 18 24 11 12 7 7 23 10 24 23 11 16 2 3 15 1 7
split_gain=2916.69 1707.07 1476.44 1278.9 1142.19 1122 968.158 775.209 531.665 519.279 584.086 515.308 444.527 398.126 343.936 327.025 304.543 285.758 274.254 257.812 153.282 357.972 135.83 130.385 124.038 110.801 78.9103 78.6295 78.3292 69.3389
threshold=152.50000000000003 0.37000000476837164 4.1499998569488534 -0.60784998536109913 1018.0499877929689 0.87834998965263378 18.550000190734867 2.7649999856948857 1027.850036621094 0.21499999612569812 37.500000000000007 1024.549987792969 657.50000000000011 12.050000190734865 230.41500091552737 1.0000000180025095e-35 1.0000000180025095e-35 1021.2500000000001 1015.3500061035157 33.500000000000007 0.3793999999761582 239.58499908447268 72.500000000000014 -0.87834998965263356 0.27699999511241918 4.0450000762939462 297.50000000000006 1.7099999785423281 82.500000000000014 1022.0499877929689
decision_type=2 2 2 2 2 2 2 2 2 2 2 2 2 2 2 2 2 2 2 2 2 2 2 2 2 2 2 2 2 2
left_child=1 2 22 9 5 12 7 -5 14 11 -11 -4 15 -7 17 -3 -8 18 -2 27 -21 -22 26 -20 -16 29 -1 -6 -14 -26
right_child=8 4 3 6 19 13 16 -9 -10 10 -12 -13 28 -15 24 -17 -18 -19 23 20 21 -23 -24 -25 25 -27 -28 -29 -30 -31
leaf_value=-0.13990826211296595 -0.024095121834284298 0.11852213571514558 -0.035159327865671719 0.065330161786353091 -0.085758745617729726 0.13694955607085196 0.090450288957163366 0.013622484804624822 0.20965543010018092 -0.012372232071666463 0.094990843328768795 0.2101867445490577 -0.023923787435418682 0.35871836032186238 -0.059721839856078374 0.0026257922156024908 0.17097943924593204 -0.024095121834284298 -0.022042027663763109 -0.045132756139935011 0.16054787389163316 -0.018595407324068291 -0.052631161285119243 0.059668299943034277 -0.024095121834284298 -0.04732018005981161 -0.24031032898596358 -0.050150120795243759 -0.095485161454416823 -0.036551774867436285
leaf_weight=65 93 109 787 1648 317 73 407 1294 22 282 230 22 95 28 871 102 165 252 59 629 29 726 21 283 816 1339 28 63 64 262
leaf_count=65 93 109 787 1648 317 73 407 1294 22 282 230 22 95 28 871 102 165 252 59 629 29 726 21 283 816 1339 28 63 64 262
internal_value=-0.00122828 0.0178201 0.0341993 0.0383928 -0.0184486 0.0507248 0.0541595 0.0425872 -0.0354649 -0.00354834 0.0358573 -0.0284874 0.0104053 0.19843 -0.0368215 0.05798 0.11368 -0.00464587 0.0232303 -0.0369184 -0.0269024 -0.0117144 -0.143655 0.0455721 -0.0435444 -0.0377146 -0.170137 -0.0733979 -0.0527284 -0.0257834
internal_weight=11181 7184 4949 4835 2235 471 3514 2942 3997 1321 512 809 370 101 3975 211 572 687 435 1764 1384 755 114 342 3288 2417 93 380 159 1078
internal_count=11181 7184 4949 4835 2235 471 3514 2942 3997 1321 512 809 370 101 3975 211 572 687 435 1764 1384 755 114 342 3288 2417 93 380 159 1078
is_linear=0
shrinkage=0.05


Tree=41
num_leaves=31
num_cat=0
split_feature=8 5 18 5 7 11 11 12 7 20 6 18 24 11 7 9 23 7 4 10 6 10 12 23 7 2 8 15 10 1
split_gain=2645.55 1539.17 1332.3 1159.14 1047.54 1001.79 950.65 850.261 480.293 464.582 413.254 359.309 302.26 281.173 257.33 354.905 236.109 204.001 197.13 185.454 287.105 137.478 222.939 128.468 111.174 105.593 82.6532 74.2261 73.6701 71.2498
threshold=152.50000000000003 0.32500000298023229 4.1499998569488534 -3.9950000047683711 1018.0499877929689 0.87834998965263378 -0.60784998536109913 0.81174999475479137 1027.850036621094 8.1500000953674334 657.50000000000011 12.050000190734865 302.91499328613287 1.0000000180025095e-35 1021.2500000000001 -0.37939999997615809 33.500000000000007 1015.8500061035157 0.61500000953674328 0.78654998540878307 407.50000000000006 0.60354998707771312 -0.56175000965595234 72.500000000000014 1019.8500061035157 4.0950000286102304 526.50000000000011 1.7099999785423281 1.0000000180025095e-35 81.500000000000014
decision_type=2 2 2 2 2 2 2 2 2 2 2 2 2 2 2 2 2 2 2 2 2 2 2 2 2 2 2 2 2 2
left_child=1 2 23 19 5 10 9 -8 12 -5 13 -7 14 -3 15 18 27 -17 -2 -4 -21 24 -23 28 -18 -14 -27 -6 -1 -12
right_child=8 4 3 6 16 11 7 -9 -10 -11 29 -13 25 -15 -16 17 21 -19 -20 20 -22 22 -24 -25 -26 26 -28 -29 -30 -31
leaf_value=-0.23162162665809904 -0.026700248837073105 0.11078463447234127 -0.031798963025103995 -0.050592306402292599 -0.08167566570406487 0.13010207724897829 0.076086944320030367 0.0076293245457556905 0.19917265881191604 0.02359942625031787 -0.017657851745806089 0.34078244652066914 -0.032050061634504398 0.0029615781539964973 -0.026700248837073105 -0.026700248837073105 -0.0073667003394126199 0.051956711478273354 0.1317927113423745 0.085229686855831571 -0.013593587525252663 0.046815810766874827 -0.024507677712390763 -0.050592306402292599 -0.047425540857476814 -0.041494527374348694 -0.062554638864768058 -0.047425540857476814 -0.13414801130337375 -0.084632154041296481
leaf_weight=28 156 113 559 200 318 73 2351 562 22 768 82 28 1295 104 335 69 215 370 24 102 263 146 439 21 609 913 813 63 63 77
leaf_count=28 156 113 559 200 318 73 2351 562 22 768 82 28 1295 104 335 69 215 370 24 102 263 146 439 21 609 913 813 63 63 77
internal_value=-0.00119803 0.0169434 0.0326581 0.0366317 -0.0171409 0.0487002 0.0486144 0.0628795 -0.0338045 0.00568636 0.0111454 0.188509 -0.0350939 0.0560151 -0.0105585 0.0112584 -0.0346863 0.036961 -0.0267002 -0.0136984 0.0140228 -0.0252433 -0.00670729 -0.137816 -0.038403 -0.042842 -0.050939 -0.0696078 -0.16414 -0.0500919
internal_weight=11181 7184 4917 4805 2267 477 3881 2913 3997 968 376 101 3975 217 954 619 1790 439 180 924 365 1409 585 112 824 3021 1726 381 91 159
internal_count=11181 7184 4917 4805 2267 477 3881 2913 3997 968 376 101 3975 217 954 619 1790 439 180 924 365 1409 585 112 824 3021 1726 381 91 159
is_linear=0
shrinkage=0.05


Tree=42
num_leaves=31
num_cat=0
split_feature=8 24 9 6 21 7 5 24 11 24 10 16 6 6 11 18 5 3 10 7 11 7 20 2 7 9 18 20 7 21
split_gain=2437.77 1345.17 1343.84 642.769 592.903 585.447 580.285 493.868 475.93 359.667 345.989 282.213 308.683 270.521 234.482 222.919 219.146 215.493 243.391 165.171 158.686 152.846 147.547 133.475 113 109.041 91.9236 79.1476 72.0372 59.7963
threshold=6.5000000000000009 206.25000000000003 0.60354998707771312 617.50000000000011 10.34999990463257 1020.1499938964845 -1.8849999904632566 52.915000915527351 0.87834998965263378 42.915000915527351 -1.0000000180025095e-35 0.27699999511241918 827.50000000000011 82.500000000000014 1.0000000180025095e-35 6.6499998569488534 -1.4800000190734861 43.500000000000007 0.3793999999761582 1026.4500122070315 1.0000000180025095e-35 1018.1499938964845 13.750000000000002 5.4549999237060556 1021.8500061035157 0.91595000028610241 3.7500000000000004 17.399999618530277 1023.6499938964845 11.949999809265138
decision_type=2 2 2 2 2 2 2 2 2 2 2 2 2 2 2 2 2 2 2 2 2 2 2 2 2 2 2 2 2 2
left_child=1 4 3 15 -1 8 10 16 13 20 21 22 17 -4 -12 -3 -2 26 -19 -18 -8 -6 29 -5 25 -7 -13 -11 -26 -9
right_child=7 2 5 23 6 24 9 11 -10 27 14 12 -14 -15 -16 -17 19 18 -20 -21 -22 -23 -24 -25 28 -27 -28 -29 -30 -31
leaf_value=0.034070150664416841 0.18773467248236692 0.0019434681597006289 0.034070150664416841 -0.017055464595944786 0.058665072756113462 -0.068530111199382834 0.094962446620667482 -0.073213727020521244 0.034070150664416841 0.058665072756113462 0.13604466866473763 -0.021931104125459094 -0.034230888871346406 -0.027312327711777124 0.25181163734273065 0.034070150664416841 0.014080504468827651 -0.021931104125459094 0.014080504468827651 0.15958893326195805 0.18830158292160681 0.191571875593879 -0.034230888871346406 -0.095026341893456212 -0.02754632403615432 -0.14048586944356942 0.014080504468827651 0.094962446620667482 -0.072846218229977375 -0.049162380346315898
leaf_weight=447 27 348 79 326 38 162 103 390 199 596 98 48 1392 1061 79 1649 127 1480 227 22 72 22 288 66 199 78 560 75 157 766
leaf_count=447 27 348 79 326 38 162 103 390 199 596 98 48 1392 1061 79 1649 127 1480 227 22 72 22 288 66 199 78 560 75 157 766
internal_value=-0.00121878 0.0210523 0.00679506 0.0318811 0.0613452 -0.0241768 0.08326 -0.0256931 -0.00582812 0.0638884 0.152409 -0.0285072 -0.0212028 -0.0199063 0.187715 0.0340702 0.0566683 -0.00963132 -0.0187542 0.032918 0.13126 0.0586651 -0.0472589 -0.0301832 -0.0653999 -0.0919157 0.0140805 0.0586651 -0.0475241 -0.0572766
internal_weight=11181 5854 4324 2389 1530 1935 1083 5327 1339 846 237 5151 3707 1140 177 1997 176 2315 1707 149 175 60 1444 392 596 240 608 671 356 1156
internal_count=11181 5854 4324 2389 1530 1935 1083 5327 1339 846 237 5151 3707 1140 177 1997 176 2315 1707 149 175 60 1444 392 596 240 608 671 356 1156
is_linear=0
shrinkage=0.05


Tree=43
num_leaves=31
num_cat=0
split_feature=8 18 24 12 10 10 12 24 24 23 11 5 2 7 18 5 4 12 6 7 8 24 1 1 18 16 16 7 12 3
split_gain=2214.98 1211.69 1428.39 1020.75 863.487 636.095 561.133 511.306 444.556 367.818 353.573 260.874 256.965 258.597 250.753 198.135 191.268 164.053 151.167 149.366 137.019 91.3842 86.774 80.7921 103.941 79.9516 79.0889 74.3332 73.5535 71.335
threshold=6.5000000000000009 4.4500000476837167 339.58500671386724 1.0000000180025095e-35 0.3793999999761582 0.60354998707771312 0.81174999475479137 75.415000915527358 52.915000915527351 46.500000000000007 0.87834998965263378 1.1150000095367434 3.7649999856948857 1021.1499938964845 5.3500001430511483 -1.4800000190734861 0.97500002384185802 -0.56175000965595234 47.500000000000007 1026.4500122070315 435.50000000000006 367.91499328613287 82.500000000000014 91.500000000000014 3.6499999761581425 0.27699999511241918 0.27699999511241918 1023.0499877929689 0.81174999475479137 303.50000000000006
decision_type=2 2 2 2 2 2 2 2 2 2 2 2 2 2 2 2 2 2 2 2 2 2 2 2 2 2 2 2 2 2
left_child=1 11 4 5 7 10 9 17 15 -6 -4 16 13 14 28 -2 22 -3 -5 -17 25 -22 -1 24 -13 -14 -16 -18 -10 -24
right_child=8 2 3 18 6 -7 -8 -9 12 -11 -12 23 20 -15 26 19 27 -19 -20 -21 21 -23 29 -25 -26 -27 -28 -29 -30 -31
leaf_value=-0.081192268431186682 0.1783479362174317 0.1319189932756126 -0.018900430794441689 0.031221362699895991 0.083310637226237397 0.031221362699895991 0.031221362699895991 0.031221362699895991 -0.027112450424508529 0.15496569548575384 0.031221362699895991 -0.16095255973156206 -0.051508027961521985 -0.027112450424508529 -0.004979055916411357 0.013317097925000621 -0.018900430794441689 0.0648937843079474 -0.018900430794441689 0.15160948579961606 -0.027112450424508529 -0.054943551925002082 -0.14312121810184583 -0.018900430794441689 -0.040342765478907451 -0.027112450424508529 0.013317097925000621 -0.11206543347798288 -0.004979055916411357 -0.2475165989001592
leaf_weight=25 27 135 521 64 410 1295 161 905 642 318 137 22 336 904 269 127 45 282 1228 22 121 1151 36 113 95 962 603 32 163 30
leaf_count=25 27 135 521 64 410 1295 161 905 642 318 137 22 336 904 269 127 45 282 1228 22 121 1151 36 113 95 962 603 32 163 30
internal_value=-0.00108947 0.0201395 0.0262834 0.00516585 0.0572769 0.0287335 0.0953807 0.0316534 -0.0244187 0.114611 -0.0181258 -0.0640843 -0.0270886 -0.0159448 -0.00308223 0.0537228 -0.111449 0.0865926 -0.0189004 0.0311397 -0.0382801 -0.049944 -0.160524 -0.0294876 -0.0630215 -0.0271125 0.0133171 -0.053451 -0.0232752 -0.190574
internal_weight=11181 5854 5456 3245 2211 1953 889 1322 5327 728 658 398 5151 2581 1677 176 168 417 1292 149 2570 1272 91 230 117 1298 872 77 805 66
internal_count=11181 5854 5456 3245 2211 1953 889 1322 5327 728 658 398 5151 2581 1677 176 168 417 1292 149 2570 1272 91 230 117 1298 872 77 805 66
is_linear=0
shrinkage=0.05


Tree=44
num_leaves=31
num_cat=0
split_feature=10 24 24 11 24 7 7 23 18 9 16 16 6 11 10 7 20 1 1 24 11 17 23 5 4 16 17 17 21 7
split_gain=2038.18 1687.41 1555.06 778.516 622.165 632.026 600.663 529.18 721.419 497.525 392.588 353.858 326.635 316.463 302.296 291.823 275.978 304.425 211.044 215.306 207.592 212.312 189.464 155.782 147.56 144.697 132.77 128.446 117.434 117.286
threshold=0.3793999999761582 190.41500091552737 592.08499145507824 1.0000000180025095e-35 42.915000915527351 1020.8500061035157 1022.0499877929689 53.500000000000007 7.0499999523162851 -0.37939999997615809 0.27699999511241918 0.27699999511241918 27.500000000000004 0.87834998965263378 0.91595000028610241 1020.1499938964845 8.8499999046325701 91.500000000000014 94.500000000000014 383.75000000000006 1.0000000180025095e-35 0.10649999976158143 38.500000000000007 -0.70499998331069935 1.7849999666213991 0.27699999511241918 0.10050000250339509 0.11850000172853471 15.550000190734865 1021.4500122070314
decision_type=2 2 2 2 2 2 2 2 2 2 2 2 2 2 2 2 2 2 2 2 2 2 2 2 2 2 2 2 2 2
left_child=1 4 3 7 20 11 16 28 -9 -10 14 -6 -8 18 -4 -15 22 -18 19 25 23 -22 -5 -1 -16 -3 -13 -17 -2 -12
right_child=2 13 10 6 5 -7 12 8 9 -11 29 26 -14 15 24 27 17 -19 -20 -21 21 -23 -24 -25 -26 -27 -28 -29 -30 -31
leaf_value=0.1337586414934904 0.022938281817210658 -0.027959359324916652 -0.05571774052052389 0.038443144442945047 -0.0045276639700826812 -0.0045276639700826812 0.17808294868894986 0.051312346497031182 0.097753183799962493 0.20563971135351392 0.022938281817210658 0.023156463149386727 0.022938281817210658 -0.0045276639700826812 -0.0056786272001686927 -0.080575605791786478 0.16965543331883171 0.10484529750178143 -0.082598251720460564 -0.041438782007965497 0.050840590268856137 0.17485445276739039 0.10484529750178143 0.050840590268856137 -0.086286906441042241 -0.0045276639700826812 0.050840590268856137 -0.0136248641142606 0.051312346497031182 -0.0056786272001686927
leaf_weight=57 743 387 518 177 309 540 35 179 96 153 599 107 172 535 424 180 275 154 247 3101 23 98 157 110 59 586 621 119 189 231
leaf_count=57 743 387 518 177 309 540 35 179 96 153 599 107 172 535 424 180 275 154 247 3101 23 98 157 110 59 586 621 119 189 231
internal_value=-0.00109761 -0.0175331 0.0266305 0.0537269 0.0232225 0.0108811 0.0879492 0.0293183 0.0796864 0.144194 -0.00785035 0.0388861 0.0229383 -0.0322778 -0.0289326 -0.00452766 0.108619 0.135152 -0.037721 -0.0350002 0.0908001 0.140671 0.0745386 0.0546663 -0.00567863 -0.0144799 0.0508406 -0.0539297 0.0229383 0.0175753
internal_weight=11181 7020 4161 2330 1865 1577 970 1360 428 249 1831 1037 207 5155 1001 834 763 429 4321 4074 288 121 334 167 483 973 728 299 932 830
internal_count=11181 7020 4161 2330 1865 1577 970 1360 428 249 1831 1037 207 5155 1001 834 763 429 4321 4074 288 121 334 167 483 973 728 299 932 830
is_linear=0
shrinkage=0.05


Tree=45
num_leaves=31
num_cat=0
split_feature=10 24 24 11 7 7 7 7 3 5 20 24 11 7 4 1 1 24 18 10 21 18 5 4 4 12 5 9 7 20
split_gain=1801.75 1513.74 1378.67 698.576 620.126 439.346 747.533 360.347 360.162 347 360.137 309.058 303.187 363.387 293.908 287.889 275.984 383.178 272.774 265.442 245.699 241.859 188.639 187.759 184.155 155.025 233.38 178.523 150.713 150.361
threshold=0.3793999999761582 105.41500091552736 399.58500671386724 -0.60784998536109913 1021.1499938964845 1021.5499877929689 1015.8500061035157 1022.7500000000001 290.50000000000006 -0.25499999523162836 8.9499998092651385 32.08500003814698 0.60784998536109935 1020.8500061035157 2.0249999761581425 97.500000000000014 94.500000000000014 230.41500091552737 21.000000000000004 0.98295000195503246 12.750000000000002 4.1499998569488534 2.1550000905990605 -0.65500000119209278 1.075000047683716 1.0000000180025095e-35 0.10500000044703485 -1.0000000180025095e-35 1013.5499877929689 13.750000000000002
decision_type=2 2 2 2 2 2 2 2 2 2 2 2 2 2 2 2 2 2 2 2 2 2 2 2 2 2 2 2 2 2
left_child=1 7 5 19 14 6 29 8 20 10 -8 -9 16 23 21 18 17 -3 -10 -4 -1 -5 -11 -14 28 26 -6 -27 -18 -2
right_child=2 12 3 4 25 -7 9 11 15 22 -12 -13 13 -15 -16 -17 24 -19 -20 -21 -22 -23 -24 -25 -26 27 -28 -29 -30 -31
leaf_value=0.0063121354271373836 0.037549581781643249 0.0044976777466597838 -0.044818370356152555 -0.12898153881154334 0.037549581781643249 0.037549581781643249 0.092363096221080021 0.12093006532925826 0.059845376586807636 0.040876322338795845 0.1779255540751119 0.0063121354271373836 -0.0248315289027988 -0.039263093388335141 -0.057798835623687428 0.18528840742524594 0.0063121354271373836 -0.036986530287434365 0.24086560356346043 0.037549581781643249 0.076638321421571134 0.037549581781643249 0.19647300961342726 0.0063121354271373836 -0.0015170648480292226 -0.016985505086369812 -0.031797456070303154 -0.095385112881399045 -0.11135586040044153 0.13909886301547852
leaf_weight=154 209 670 696 24 122 292 231 65 385 170 263 225 491 621 81 62 23 3290 22 99 127 1390 22 602 61 200 195 114 222 53
leaf_count=154 209 670 696 24 122 292 231 65 385 170 263 225 491 621 81 62 23 3290 22 99 127 1390 22 602 61 200 195 114 222 53
internal_value=-0.00123127 -0.0166841 0.0248391 0.00608713 0.0210396 0.069012 0.0870814 0.038991 0.0581 0.115746 0.137916 0.00631214 -0.0263667 -0.00860521 0.0375496 0.0849198 -0.0335029 -0.0299677 0.0696303 -0.033899 0.0133368 0.0375496 0.0587051 0.00631214 -0.0792526 -0.0205478 0.00411779 -0.0454491 -0.0986072 0.0375496
internal_weight=11181 7020 4161 2921 2126 1240 948 1040 750 686 494 290 5980 1714 1495 469 4266 3960 407 795 281 1414 192 1093 306 631 317 314 245 262
internal_count=11181 7020 4161 2921 2126 1240 948 1040 750 686 494 290 5980 1714 1495 469 4266 3960 407 795 281 1414 192 1093 306 631 317 314 245 262
is_linear=0
shrinkage=0.05


Tree=46
num_leaves=31
num_cat=0
split_feature=18 2 11 18 12 11 7 7 11 17 3 9 5 7 18 5 24 7 5 11 11 7 5 23 1 23 4 8 10 5
split_gain=1644.71 1359.53 991.778 1065.98 697.459 1076.1 700.202 560.606 832.136 391.545 269.859 188.823 268.014 217.976 166.748 164.394 143.055 117.631 116.75 104.352 92.3126 83.2439 69.1404 41.7526 28.7954 31.1468 18.4248 34.3219 15.578 14.3291
threshold=4.3500001430511483 3.6800000667572026 0.60784998536109935 20.050000190734867 -0.56175000965595234 1.0000000180025095e-35 1025.4500122070315 1022.0499877929689 0.87834998965263378 0.10050000250339509 328.50000000000006 1.0000000180025095e-35 0.69499999284744274 1018.5499877929689 1.5500000119209292 -3.195000052452087 856.25000000000011 1024.7500000000002 -0.085000000894069658 0.87834998965263378 -0.87834998965263356 1018.7500000000001 -1.7949999570846555 71.500000000000014 83.500000000000014 66.500000000000014 -1.2549999952316282 515.50000000000011 1.0000000180025095e-35 1.544999957084656
decision_type=2 2 2 2 2 2 2 2 2 2 2 2 2 2 2 2 2 2 2 2 2 2 2 2 2 2 2 2 2 2
left_child=11 2 4 7 5 9 -7 8 -4 -2 21 14 13 -13 23 -12 20 18 -15 -3 -16 -5 -22 -1 25 28 27 -18 -14 -26
right_child=1 19 3 10 -6 6 -8 -9 -10 -11 15 12 24 17 16 -17 26 -19 -20 -21 22 -23 -24 -25 29 -27 -28 -29 -30 -31
leaf_value=-0.13455955656245353 0.0059838490503105329 -0.012495302855001177 0.10894043567566346 0.31639866210796219 0.0059838490503105329 0.0059838490503105329 0.15580657370961631 0.0059838490503105329 0.01635771527849654 0.096709224218213333 0.24644700392432839 -0.012495302855001177 -0.11228623479604721 -0.18502029025036357 -0.033039780442997671 0.11259741819474728 -0.033039780442997671 -0.26486833549681166 -0.0648007231247094 0.0059838490503105329 -0.029316846573828655 0.20919985641132702 -0.012495302855001177 -0.068610838738580551 -0.043933393786612318 -0.034603630783838324 -0.05576413269111305 -0.05576413269111305 -0.060076974394097406 -0.012495302855001177
leaf_weight=32 69 2514 503 27 2358 943 78 287 469 676 23 29 25 46 222 59 177 21 36 369 613 55 814 96 38 90 226 200 20 66
leaf_count=32 69 2514 503 27 2358 943 78 287 469 676 23 29 25 46 222 59 177 21 36 369 613 55 814 96 38 90 226 200 20 66
internal_value=-0.00118805 0.00976679 0.024463 0.0604549 0.0120439 0.0387421 0.00598385 0.044836 0.0642683 0.0844367 0.180359 -0.0347574 -0.0679357 -0.12512 -0.0295855 0.116221 -0.0264302 -0.159281 -0.132241 -0.0124953 -0.0188097 0.244497 -0.013147 -0.085098 -0.036353 -0.0515859 -0.0472699 -0.0403503 -0.0855503 -0.0165795
internal_weight=11181 8430 5547 1423 4124 1766 1021 1259 972 745 164 2751 371 132 2380 82 2252 103 82 2883 1649 82 1427 128 239 135 603 377 45 104
internal_count=11181 8430 5547 1423 4124 1766 1021 1259 972 745 164 2751 371 132 2380 82 2252 103 82 2883 1649 82 1427 128 239 135 603 377 45 104
is_linear=0
shrinkage=0.05


Tree=47
num_leaves=31
num_cat=0
split_feature=10 24 24 11 0 23 18 9 7 3 16 7 11 24 6 18 11 1 10 24 18 21 3 5 4 1 2 1 12 24
split_gain=1554.02 1234.42 1186.03 658.627 521.488 437.243 640.637 433.015 326.176 325.728 311.964 274.173 399.245 422.764 266.608 256.394 282.481 256.354 254.729 250.537 225.776 221.701 210.797 161.685 168.304 128.122 125.775 112.597 104.756 98.9812
threshold=0.3793999999761582 105.41500091552736 592.08499145507824 1.0000000180025095e-35 21.650000572204593 53.500000000000007 7.0499999523162851 -0.37939999997615809 1022.7500000000001 290.50000000000006 0.27699999511241918 1020.8500061035157 0.60784998536109935 230.41500091552737 42.500000000000007 11.750000000000002 0.60784998536109935 97.500000000000014 0.91595000028610241 32.08500003814698 21.000000000000004 12.750000000000002 293.50000000000006 -3.4850000143051143 0.48499999940395361 93.500000000000014 4.2349998950958261 96.500000000000014 1.0000000180025095e-35 966.25000000000011
decision_type=2 2 2 2 2 2 2 2 2 2 2 2 2 2 2 2 2 2 2 2 2 2 2 2 2 2 2 2 2 2
left_child=1 8 3 5 14 -2 -7 -8 9 21 18 12 13 -3 -5 -6 -17 20 -4 -10 -11 -1 -16 24 -14 -15 -20 -13 -19 -12
right_child=2 11 10 4 15 6 7 -9 19 17 29 27 23 25 22 16 -18 28 26 -21 -22 -23 -24 -25 -26 -27 -28 -29 -30 -31
leaf_value=0.0049469578717643726 0.019518957658319416 0.0049469578717643726 -0.050817953125469419 0.090876293370392255 0.090876293370392255 0.045095167361933704 0.088559211160217519 0.18930576823505701 0.11026269706395958 0.055026966307974462 0.019518957658319416 -0.039504853546207933 -0.018983228308539778 -0.032827317748070295 0.019518957658319416 0.12462148174830767 0.20895590172182743 0.23015263046537129 -0.0054335421097044083 0.0049469578717643726 0.21971573877063666 0.07148395315340654 0.063725785880415761 0.0049469578717643726 -0.14124506988352345 -0.077130557026181906 -0.064702307825729721 -0.11568925070762635 0.099071573976565297 -0.0054335421097044083
leaf_weight=154 932 628 518 89 75 179 96 153 65 385 608 1616 306 2418 222 109 139 35 389 225 22 127 336 756 31 175 94 50 27 222
leaf_count=154 932 628 518 89 75 179 96 153 65 385 608 1616 306 2418 222 109 139 35 389 225 22 127 336 756 31 175 94 50 27 222
internal_value=-0.00146833 -0.0158195 0.0227435 0.0464074 0.0778845 0.0239568 0.0706714 0.132023 0.0344572 0.0528515 -0.00736947 -0.0245633 -0.0179101 -0.0268274 0.0519812 0.129771 0.158367 0.0783569 -0.0261626 0.00494696 0.0639291 0.0102818 0.0365753 0.00494696 -0.0302299 -0.0358173 -0.00543354 -0.0417913 0.173069 0.0152956
internal_weight=11181 7020 4161 2330 970 1360 428 249 1040 750 1831 5980 4314 3221 647 323 248 469 1001 290 407 281 558 1093 337 2593 483 1666 62 830
internal_count=11181 7020 4161 2330 970 1360 428 249 1040 750 1831 5980 4314 3221 647 323 248 469 1001 290 407 281 558 1093 337 2593 483 1666 62 830
is_linear=0
shrinkage=0.05


Tree=48
num_leaves=31
num_cat=0
split_feature=8 20 18 11 12 24 21 0 7 5 6 14 18 0 7 10 1 10 10 0 18 3 1 18 9 9 20 24 5 4
split_gain=1401.58 1007.5 756.375 773.338 777.029 574.55 482.602 414.359 361.468 280.793 274.171 264.617 222.16 305.548 221.695 286.267 179.803 161.179 147.33 113.185 87.0651 86.3861 82.6668 133.209 66.0102 58.0145 57.8293 54.1739 44.0184 27.6518
threshold=2.5000000000000004 13.750000000000002 4.2500000000000009 1.0000000180025095e-35 -0.56175000965595234 700.41500854492199 7.9500000476837167 21.44999980926514 1027.850036621094 1.0000000180025095e-35 827.50000000000011 48.000000000000007 9.6500000953674334 22.050000190734867 1019.2500000000001 -1.0000000180025095e-35 97.500000000000014 0.91595000028610241 1.0000000180025095e-35 24.150000572204593 25.60000038146973 42.500000000000007 88.500000000000014 3.6499999761581425 -1.0000000180025095e-35 0.3793999999761582 17.750000000000004 547.08499145507824 -0.40500000119209284 -1.9049999713897703
decision_type=2 2 2 2 2 2 2 2 2 2 2 2 2 2 2 2 2 2 2 2 2 2 2 2 2 2 2 2 2 2
left_child=1 2 9 4 6 18 -4 -6 10 25 11 12 21 -14 15 -3 17 -17 -5 29 26 -2 23 -11 -7 -1 -16 -21 -27 -12
right_child=8 14 3 5 7 24 -8 -9 -10 22 19 -13 13 -15 20 16 -18 -19 -20 27 -22 -23 -24 -25 -26 28 -28 -29 -30 -31
leaf_value=-0.08663329671447477 0.0056693368126071036 0.044928892034606573 -0.024429324467536321 0.019058658576445977 -0.024429324467536321 0.011117364256274501 0.044928892034606573 0.012031935203319074 0.18291250792416661 -0.16351311823417403 -0.075439168081795877 -0.024183360460027691 0.0056693368126071036 0.059763619485224975 0.044928892034606573 0.12057051418361649 0.044928892034606573 0.21255292807306564 0.044928892034606573 -0.024183360460027691 0.14674087031966163 -0.013551757258987954 -0.024429324467536321 -0.039222566351721375 -0.024429324467536321 -0.20797656213535981 0.09339782948225317 -0.037917841366756029 -0.11449426651000977 -0.048600708196694355
leaf_weight=30 474 59 147 621 1182 119 607 821 22 29 121 1091 319 324 147 149 27 70 1037 451 21 1494 141 84 216 34 71 789 20 464
leaf_count=30 474 59 147 621 1182 119 607 821 22 29 121 1091 319 324 147 149 27 70 1037 451 21 1494 141 84 216 34 71 789 20 464
internal_value=-0.00152279 0.0160489 0.00913403 0.0142766 -0.00287657 0.0380052 0.0403873 -0.0191626 -0.0193574 -0.0631352 -0.0201625 -0.0123435 -0.00292015 0.0225955 0.0807238 0.108979 0.134347 0.149971 0.0449289 -0.0360232 0.0449289 -0.0112568 -0.0369276 -0.0711201 -0.0226942 -0.142382 0.0449289 -0.0274706 -0.173353 -0.0541519
internal_weight=11181 5632 5088 4750 2757 1993 754 2003 5549 338 5527 3702 2611 643 544 305 246 219 1658 1825 239 1968 254 113 335 84 218 1240 54 585
internal_count=11181 5632 5088 4750 2757 1993 754 2003 5549 338 5527 3702 2611 643 544 305 246 219 1658 1825 239 1968 254 113 335 84 218 1240 54 585
is_linear=0
shrinkage=0.05


Tree=49
num_leaves=31
num_cat=0
split_feature=8 20 18 11 12 24 21 0 7 5 6 14 7 11 10 1 18 0 10 0 3 18 3 23 18 9 20 1 18 24
split_gain=1277.01 884.224 678.555 725.609 724.589 530.401 442.739 374.515 326.72 256.823 236.674 240.537 204.004 265.225 226.297 217.435 195.545 281.631 120.185 104.359 79.616 79.0694 70.3621 62.4051 59.8191 59.357 51.5236 50.1171 74.9397 49.3624
threshold=2.5000000000000004 13.750000000000002 4.2500000000000009 1.0000000180025095e-35 -0.56175000965595234 700.41500854492199 7.9500000476837167 21.44999980926514 1027.850036621094 0.75499999523162853 827.50000000000011 48.000000000000007 1019.2500000000001 -0.60784998536109913 0.78654998540878307 95.500000000000014 9.6500000953674334 22.050000190734867 1.0000000180025095e-35 24.150000572204593 42.500000000000007 25.60000038146973 297.50000000000006 43.500000000000007 2.9500000476837163 -1.0000000180025095e-35 17.750000000000004 90.500000000000014 3.6499999761581425 547.08499145507824
decision_type=2 2 2 2 2 2 2 2 2 2 2 2 2 2 2 2 2 2 2 2 2 2 2 2 2 2 2 2 2 2
left_child=1 2 9 4 6 18 -4 -6 10 22 11 16 13 14 -3 23 20 -18 -5 -12 -2 26 24 -15 -1 -7 -14 28 -11 -21
right_child=8 12 3 5 7 25 -8 -9 -10 27 19 -13 21 15 -16 -17 17 -19 -20 29 -22 -23 -24 -25 -26 -27 -28 -29 -30 -31
leaf_value=-0.15394785930713017 0.00506922393037191 0.042316596459155802 -0.023006857495258409 0.018105725494277893 -0.023006857495258409 0.010106273825560005 0.042316596459155802 0.011430338565027625 0.17376687635074964 -0.13804666928785003 -0.051444315194574181 -0.023036396007414583 0.042316596459155802 0.15449257431131216 0.15151326413057289 0.042316596459155802 0.00506922393037191 0.056775438188816668 0.042316596459155802 -0.023036396007414583 -0.013012867882295968 0.13940382869470688 -0.18559888382752737 0.23202479912175075 -0.06672074573825261 -0.023006857495258409 0.088727937932585321 -0.023006857495258409 -0.035917529708524125 -0.0360219491350229
leaf_weight=30 474 95 147 621 1182 119 607 821 22 23 585 1091 147 93 49 32 319 324 1037 451 1494 21 30 36 57 216 71 116 82 789
leaf_count=30 474 95 147 621 1182 119 607 821 22 23 585 1091 147 93 49 32 319 324 1037 451 1494 21 30 36 57 216 71 116 82 789
internal_value=-0.00151157 0.0152611 0.00878305 0.0136539 -0.00296151 0.0366386 0.0388169 -0.0186884 -0.0185351 -0.0596676 -0.0193006 -0.012036 0.0758501 0.102962 0.0536603 0.147057 -0.00298934 0.0209492 0.0423166 -0.0340368 -0.0108107 0.0423166 -0.119568 0.176129 -0.0967991 -0.022104 0.0423166 -0.0279554 -0.0582887 -0.0258244
internal_weight=11181 5632 5088 4750 2757 1993 754 2003 5549 338 5527 3702 544 305 144 161 2611 643 1658 1825 1968 239 117 129 87 335 218 221 105 1240
internal_count=11181 5632 5088 4750 2757 1993 754 2003 5549 338 5527 3702 544 305 144 161 2611 643 1658 1825 1968 239 117 129 87 335 218 221 105 1240
is_linear=0
shrinkage=0.05


Tree=50
num_leaves=31
num_cat=0
split_feature=3 10 12 6 18 18 2 24 10 24 14 11 2 21 24 4 0 24 11 4 11 7 1 7 18 11 17 1 12 11
split_gain=1203.89 746.762 756.419 657.635 592.836 509.602 484.96 476.544 422.527 421.885 406.343 402.854 400.749 297.197 292.999 241.56 236.31 312.198 235.47 228.759 186.002 184.83 178.026 164.378 153.271 148.937 144.159 139.166 135.709 132.791
threshold=290.50000000000006 0.3793999999761582 1.0000000180025095e-35 47.500000000000007 4.9500000476837167 20.44999980926514 0.87500000000000011 592.08499145507824 1.0000000180025095e-35 342.08500671386724 48.000000000000007 0.87834998965263378 2.7050000429153447 14.750000000000002 37.084999084472663 0.6850000023841859 20.44999980926514 230.41500091552737 -0.60784998536109913 0.14500000327825549 1.0000000180025095e-35 1020.1499938964845 93.500000000000014 1023.2500000000001 15.84999990463257 0.60784998536109935 0.10050000250339509 94.500000000000014 -0.56175000965595234 1.0000000180025095e-35
decision_type=2 2 2 2 2 2 2 2 2 2 2 2 2 2 2 2 2 2 2 2 2 2 2 2 2 2 2 2 2 2
left_child=1 5 4 20 28 14 19 18 12 -10 -8 -7 23 -9 -1 -14 21 -18 -6 -4 27 -16 29 26 -22 -12 -5 -2 -3 -11
right_child=3 2 6 8 7 11 10 13 9 22 25 -13 15 -15 16 -17 17 -19 -20 -21 24 -23 -24 -25 -26 -27 -28 -29 -30 -31
leaf_value=0.033170291724592071 0.056226822211237565 -0.16781536848123732 0.14727866550286611 -0.0053003731634406019 0.03815187305078923 0.033170291724592071 0.019853559947172712 -0.009791455308006982 0.056226822211237565 -0.019557305673758189 -0.055825804986522044 0.22287953350995041 -0.013302667159960672 0.03815187305078923 -0.035191459995415154 -0.090099047806695212 0.0038370885091547572 -0.026726527550994462 0.083140714592308429 0.030645362230729969 0.095384379885600598 -0.068958506373289444 -0.12008808012189415 -0.0053003731634406019 0.20616168014283451 -0.012275192286729509 0.0447678116739125 0.13743255192583256 -0.045499003291703193 0.030321710317911168
leaf_weight=92 155 29 66 80 258 63 333 590 521 189 709 37 374 294 293 141 697 3685 577 30 76 560 27 79 53 233 544 55 104 237
leaf_count=92 155 29 66 80 258 63 333 590 521 189 709 37 374 294 293 141 697 3685 577 30 76 560 27 79 53 233 544 55 104 237
internal_value=-0.00149726 -0.0103721 0.00869138 0.0288337 0.0295324 -0.0216936 -0.0194615 0.0374011 0.0188107 0.043359 -0.0276214 0.0901334 -0.000819846 0.0118152 -0.0237929 -0.0343285 -0.0254961 -0.0208092 0.0644885 0.0889121 0.0936429 -0.0495738 0.0044166 0.0237277 0.140898 -0.0444039 0.0347979 0.0646151 -0.0721695 0.0123077
internal_weight=11181 8650 3223 2531 1852 5427 1371 1719 2192 974 1275 100 1218 884 5327 515 5235 4382 835 96 339 853 453 703 129 942 624 210 133 426
internal_count=11181 8650 3223 2531 1852 5427 1371 1719 2192 974 1275 100 1218 884 5327 515 5235 4382 835 96 339 853 453 703 129 942 624 210 133 426
is_linear=0
shrinkage=0.05


Tree=51
num_leaves=31
num_cat=0
split_feature=3 10 12 7 7 1 0 18 11 11 18 18 6 4 11 11 2 7 24 7 12 2 10 18 11 11 0 7 18 5
split_gain=1085.71 689.917 843.756 591.782 519.703 484.174 717.949 551.432 515.083 448.107 493.513 382.694 480.823 345.729 505.651 339.7 335.757 321.122 419.379 283.474 272.931 267.763 255.525 249.432 232.671 222.502 222.14 193.568 190.242 182.876
threshold=290.50000000000006 0.78654998540878307 1.0000000180025095e-35 1018.1499938964845 1022.7500000000001 97.500000000000014 20.250000000000004 14.650000095367433 0.87834998965263378 -0.60784998536109913 20.050000190734867 5.0499999523162851 367.50000000000006 0.59499999880790722 0.87834998965263378 0.60784998536109935 0.98500001430511486 1021.0499877929689 42.915000915527351 1025.850036621094 0.81174999475479137 4.2950000762939462 0.3793999999761582 10.84999990463257 -0.60784998536109913 -0.60784998536109913 21.44999980926514 1021.6499938964845 16.750000000000004 -0.054999999701976769
decision_type=2 2 2 2 2 2 2 2 2 2 2 2 2 2 2 2 2 2 2 2 2 2 2 2 2 2 2 2 2 2
left_child=1 9 11 5 13 6 8 -8 -2 -1 17 -3 29 -5 20 -9 27 21 -19 23 -15 -11 -12 24 -6 -7 -18 -4 -14 -13
right_child=3 2 16 4 19 25 7 15 -10 10 22 12 28 14 -16 -17 26 18 -20 -21 -22 -23 -24 -25 -26 -27 -28 -29 -30 -31
leaf_value=-0.036814520608849412 -0.027914026514890625 -0.065593968943825784 0.15060653378566108 0.034209900261200174 -0.042851223491300432 0.011334884772077204 -0.010425763093066052 0.055140648274119575 -0.15704176038065379 0.010003583193943557 0.15545309753053718 0.1255268871439276 0.0056832464479789416 0.12852743320082399 -0.024814910811641402 0.20345723662069259 -0.063316396996378907 0.04028627166748399 -0.037133701535099962 0.10652783995582944 0.044540915184188637 -0.018876962623102171 0.04028627166748399 0.0099520246046736396 -0.15240421607880528 0.17830302962717021 -0.0054215804103365135 0.02452972234566703 0.062748335773824424 0.062748335773824424
leaf_weight=2006 318 70 45 517 26 32 400 182 102 1856 72 243 377 396 83 49 325 71 1422 42 128 1414 47 132 71 53 338 23 200 141
leaf_count=2006 318 70 45 517 26 32 400 182 102 1856 72 243 377 396 83 49 325 71 1422 42 128 1414 47 132 71 53 338 23 200 141
internal_value=-0.00134941 -0.00977741 0.0181419 0.0274543 0.0492719 0.00066246 -0.00862057 0.0250946 -0.0592736 -0.0169194 -0.00874449 0.0472762 0.0554977 0.0642571 0.0898492 0.0866017 -0.0229491 -0.0112573 -0.0304709 -0.0128806 0.108012 -0.00248482 0.0918298 -0.0347809 -0.0956545 0.115444 -0.0338014 0.0828608 0.0266456 0.0988511
internal_weight=11181 8650 1762 2531 1395 1136 1051 631 420 6888 4882 1031 961 1124 607 231 731 4763 1493 271 524 3270 119 229 97 85 663 68 577 384
internal_count=11181 8650 1762 2531 1395 1136 1051 631 420 6888 4882 1031 961 1124 607 231 731 4763 1493 271 524 3270 119 229 97 85 663 68 577 384
is_linear=0
shrinkage=0.05


Tree=52
num_leaves=31
num_cat=0
split_feature=10 24 24 11 9 12 7 7 0 3 24 7 1 24 4 10 24 23 14 24 11 7 17 18 7 15 5 11 11 20
split_gain=1001.09 884.608 830.458 476.656 451.973 504.112 316.669 561.895 548.779 302.643 265.931 295.897 240.901 261.241 234.881 207.898 195.564 193.391 180.382 157.172 147.795 143.821 142.773 127.699 113.817 112.924 112.851 107.043 89.5788 122.407
threshold=0.3793999999761582 399.58500671386724 105.41500091552736 -0.60784998536109913 -1.0000000180025095e-35 0.81174999475479137 1021.5499877929689 1015.8500061035157 21.44999980926514 273.50000000000006 42.915000915527351 1021.2500000000001 94.500000000000014 517.08499145507824 1.0049999952316286 0.98295000195503246 966.25000000000011 62.500000000000007 48.000000000000007 577.91500854492199 1.0000000180025095e-35 1020.7500000000001 0.10649999976158143 11.949999809265138 1016.1499938964845 1.1500000357627871 -0.70499998331069935 0.60784998536109935 -0.87834998965263356 16.050000190734867
decision_type=2 2 2 2 2 2 2 2 2 2 2 2 2 2 2 2 2 2 2 2 2 2 2 2 2 2 2 2 2 2
left_child=2 6 10 15 16 19 7 -2 9 -9 20 25 13 18 23 28 -5 -10 21 -6 26 -4 -22 -14 -7 -12 -1 -15 -3 -30
right_child=1 3 12 4 5 24 -8 8 17 -11 11 -13 14 27 -16 -17 -18 -19 -20 -21 22 -23 -24 -25 -26 -27 -28 -29 29 -31
leaf_value=0.11151370157798131 0.028343653139830539 -0.019552768067031809 0.0042438100360502164 0.028343653139830539 0.022970077201540845 -0.0086493066941889431 0.028343653139830539 0.028343653139830539 0.14047895269955471 0.093717469351445037 0.0042438100360502164 0.0042438100360502164 -0.12912939272147816 -0.034722790997188925 -0.0022025093680071669 0.028343653139830539 -0.019051853934833475 0.27882050563549171 -0.017404688425535424 -0.023716141111650269 0.041052885560226494 -0.0074538362360891779 0.13983534869490838 -0.057409281359973897 -0.12528195523213004 0.041052885560226494 0.041052885560226494 -0.017404688425535424 -0.06453715098138095 0.028343653139830539
leaf_weight=57 262 309 1428 1010 427 26 292 154 196 307 78 267 101 1972 127 99 244 29 849 312 23 542 98 161 107 407 110 800 352 35
leaf_count=57 262 309 1428 1010 427 26 292 154 196 307 78 267 101 1972 127 99 244 29 849 312 23 542 98 161 107 407 110 800 352 35
internal_value=-0.00127061 0.0181623 -0.0127891 0.0031415 0.0154927 -0.0128684 0.0535458 0.0691589 0.094297 0.0630544 0.0284485 0.0128018 -0.0199609 -0.0173138 -0.0580069 -0.0298882 0.0283437 0.15831 -0.0065963 0.00325952 0.069304 0.00249702 0.111433 -0.0850571 -0.102482 0.0410529 0.0410529 -0.0282131 -0.0396273 -0.0556557
internal_weight=11181 4161 7020 2921 2126 872 1240 948 686 461 1040 752 5980 5591 389 795 1254 225 2819 739 288 1970 121 262 133 485 167 2772 696 387
internal_count=11181 4161 7020 2921 2126 872 1240 948 686 461 1040 752 5980 5591 389 795 1254 225 2819 739 288 1970 121 262 133 485 167 2772 696 387
is_linear=0
shrinkage=0.05


Tree=53
num_leaves=31
num_cat=0
split_feature=18 10 24 24 11 0 11 7 7 7 24 21 17 14 10 1 4 18 18 7 1 12 17 9 7 6 10 4 9 1
split_gain=917.319 659.051 525.331 500.938 500.268 839.817 415.593 235.444 221.162 197.995 192.246 176.011 140.543 135.823 131.031 89.9078 128.991 146.484 95.624 98.0247 78.451 76.2271 60.0651 55.433 49.0443 47.9257 35.1226 34.4611 32.2475 25.104
threshold=18.750000000000004 0.3793999999761582 190.41500091552737 757.08499145507824 0.60784998536109935 20.650000572204593 0.87834998965263378 1022.7500000000001 1018.3500061035157 1021.5499877929689 525.41500854492199 11.650000095367433 0.12150000035762788 48.000000000000007 -0.37939999997615809 94.500000000000014 1.0049999952316286 15.34999990463257 1.5500000119209292 1014.4500122070314 97.500000000000014 1.0000000180025095e-35 0.13049999624490741 1.0000000180025095e-35 1021.6499938964845 42.500000000000007 0.78654998540878307 -1.7949999570846555 0.3793999999761582 84.500000000000014
decision_type=2 2 2 2 2 2 2 2 2 2 2 2 2 2 2 2 2 2 2 2 2 2 2 2 2 2 2 2 2 2
left_child=1 2 7 9 12 6 -6 11 10 -3 -7 20 -2 24 -14 18 17 -17 -4 -20 -1 26 23 -16 -5 -11 -15 -26 -10 -23
right_child=4 3 15 13 5 8 -8 -9 28 25 -12 -13 14 21 22 16 -18 -19 19 -21 -22 29 -24 -25 27 -27 -28 -29 -30 -31
leaf_value=-0.0068843455557196266 0.018495886598707954 0.018495886598707954 -0.065799406281680115 -0.00086512979201866654 0.10202587823756848 0.28125590652715965 0.018495886598707954 -0.0068843455557196266 0.10202587823756848 0.018495886598707954 0.10585546990235646 0.018495886598707954 0.036922637341773097 -0.056863160656454664 0.036922637341773097 -0.12050830496334902 -0.0094330749068812468 -0.01061852807386054 -0.037049748414554558 -0.017478592649153898 0.0058057705214941639 -0.04505920833172767 0.12152670572910991 0.091629788361135001 -0.00086512979201866654 -0.00086512979201866654 -0.021107319264534713 -0.021107319264534713 0.15257528465655115 -0.076760462123268064
leaf_weight=510 462 2009 121 325 77 61 115 303 33 105 21 698 84 72 42 93 97 45 769 3808 72 152 70 63 47 526 128 131 36 106
leaf_count=510 462 2009 121 325 77 61 115 303 33 105 21 698 84 72 42 93 97 45 769 3808 72 152 70 63 47 526 128 131 36 106
internal_value=-0.00126269 -0.00590715 -0.0153941 0.0112594 0.0428989 0.0926063 0.0232233 0.00966767 0.180828 0.0184959 0.236336 0.0184959 0.0192517 -0.0202261 0.0553494 -0.0234364 -0.0536175 -0.0846747 -0.0219267 -0.0207668 -0.00688435 -0.0399253 0.0856504 0.0617329 -0.00228938 -0.00086513 -0.0211073 -0.0211073 0.114863 -0.0580838
internal_weight=11181 10117 6516 3601 1064 343 192 1583 151 2640 82 1280 721 961 259 4933 235 138 4698 4577 582 458 175 105 503 631 200 178 69 258
internal_count=11181 10117 6516 3601 1064 343 192 1583 151 2640 82 1280 721 961 259 4933 235 138 4698 4577 582 458 175 105 503 631 200 178 69 258
is_linear=0
shrinkage=0.05


Tree=54
num_leaves=31
num_cat=0
split_feature=3 11 18 6 7 10 4 11 21 7 0 12 7 24 1 24 2 18 11 7 10 0 23 1 1 17 11 8 0 10
split_gain=841.414 580.208 572.857 523.255 482.464 536.127 356.269 342.358 336.479 335.026 419.971 424.283 352.984 316.75 288.89 240.276 223.985 218.347 152.299 129.915 129.084 127.272 114.257 112.537 112.494 93.4642 87.432 75.6796 129.543 75.1094
threshold=290.50000000000006 -0.60784998536109913 19.550000190734867 47.500000000000007 1021.0499877929689 0.3793999999761582 1.9950000047683718 0.60784998536109935 18.44999980926514 1017.9500122070314 20.550000190734867 -0.56175000965595234 1020.7500000000001 42.915000915527351 90.500000000000014 386.25000000000006 3.7350000143051152 6.4500000476837167 1.0000000180025095e-35 1017.6499938964845 0.98295000195503246 17.44999980926514 130.50000000000003 94.500000000000014 87.500000000000014 0.13250000029802325 -0.87834998965263356 608.50000000000011 21.849999427795414 -0.37939999997615809
decision_type=2 2 2 2 2 2 2 2 2 2 2 2 2 2 2 2 2 2 2 2 2 2 2 2 2 2 2 2 2 2
left_child=1 20 4 18 5 15 -7 25 9 10 11 -5 -11 -6 -14 -3 -9 -12 23 -18 22 -15 27 -2 -20 -4 -22 28 -1 -10
right_child=3 2 7 8 13 6 -8 16 29 12 17 -13 14 21 -16 -17 19 -19 24 -21 26 -23 -24 -25 -26 -27 -28 -29 -30 -31
leaf_value=-0.043723991158774296 0.04865588554373021 0.016790707464146758 0.032061410307712777 -0.020694534520131282 0.032061410307712777 0.032061410307712777 -0.06282271427488087 0.20338857213656111 0.027638755140700046 0.027638755140700046 -0.020694534520131282 -0.11534864659256794 -0.00027706232933195858 -0.11615519236841398 -0.11452535312513219 -0.017040294668640803 0.13050718422477128 0.027638755140700046 0.055143235512077809 0.032061410307712777 0.068092290817626897 -0.027062288816094723 0.079710687243420147 0.12151369495825336 0.15609280237028103 0.13866639931996663 -0.022873713783919811 -0.056393606991363025 -0.01848827706953968 0.04865588554373021
leaf_weight=870 155 738 166 207 72 1283 99 60 134 621 124 170 297 41 68 1817 22 371 40 25 56 1797 23 55 89 21 50 286 1224 200
leaf_count=870 155 738 166 207 72 1283 99 60 134 621 124 170 297 41 68 1817 22 371 40 25 56 1797 23 55 89 21 50 286 1224 200
internal_value=-0.00113567 -0.00855513 -0.000277911 0.0242213 -0.00370228 0.00630163 0.0313894 0.0678251 0.0152808 0.00662162 -0.0159554 -0.055716 0.0265883 -0.0243229 -0.0215617 -0.00726837 0.139362 0.0143269 0.082031 0.0576258 -0.0288144 -0.0290497 -0.0311963 0.0557644 0.124791 0.0320614 0.0251838 -0.0322681 -0.028973 0.0486559
internal_weight=11181 8650 6141 2531 5847 3937 1382 294 2192 1858 872 377 986 1910 365 2555 107 495 339 47 2509 1838 2403 210 129 187 106 2380 2094 334
internal_count=11181 8650 6141 2531 5847 3937 1382 294 2192 1858 872 377 986 1910 365 2555 107 495 339 47 2509 1838 2403 210 129 187 106 2380 2094 334
is_linear=0
shrinkage=0.05


Tree=55
num_leaves=31
num_cat=0
split_feature=10 24 24 12 14 7 24 18 11 3 23 20 18 6 1 5 11 0 1 3 24 7 5 7 18 11 7 0 20 3
split_gain=786.041 717.06 641.954 517.542 387.809 329.815 659.249 307.505 302.078 268.92 334.984 228.932 217.371 181.907 181.499 205.251 165.12 168.112 163.351 157.399 143.531 136.868 192.432 119.894 117.003 104.26 99.1566 96.4905 127.309 85.6528
threshold=0.3793999999761582 342.08500671386724 42.915000915527351 1.0000000180025095e-35 48.000000000000007 1020.8500061035157 190.41500091552737 5.1499998569488534 0.87834998965263378 293.50000000000006 46.500000000000007 10.550000190734865 6.6499998569488534 382.50000000000006 94.500000000000014 -0.61500000953674305 0.60784998536109935 21.44999980926514 93.500000000000014 6.5000000000000009 684.58499145507824 1025.1499633789065 -0.79500001668930043 1019.9500122070314 2.9500000476837163 -0.87834998965263356 1019.9500122070314 17.44999980926514 10.650000095367433 28.500000000000004
decision_type=2 2 2 2 2 2 2 2 2 2 2 2 2 2 2 2 2 2 2 2 2 2 2 2 2 2 2 2 2 2
left_child=2 9 21 7 23 6 25 24 18 19 11 -11 -12 -9 27 29 17 -6 -8 -2 -15 22 -1 -5 -3 -4 -14 28 -7 -16
right_child=1 3 5 4 16 14 8 13 -10 10 12 -13 26 20 15 -17 -18 -19 -20 -21 -22 -23 -24 -25 -26 -27 -28 -29 -30 -31
leaf_value=0.10918055859704812 0.095279869719684787 -0.14544202762727554 0.0034141219174220528 0.029424386324714731 -0.076759246128523306 -0.16258159770685085 -0.020647104481229632 0.029424386324714731 0.0034141219174220528 0.029424386324714731 0.086364840824685263 0.086364840824685263 0.18995527361964321 0.018998609712581875 -0.10395731447320995 -0.042287038459908222 -0.0068855093511280821 -0.027154536493657028 -0.066296682129614065 0.029424386324714731 -0.011162623450174583 0.12645083819224964 0.02385107576805693 -0.0068855093511280821 -0.027803327509952066 0.02385107576805693 0.12447556644458944 -0.024522780178030279 -0.056770076763153043 -0.22665256619453433
leaf_weight=78 91 26 178 217 307 34 2933 674 580 134 50 138 111 657 33 120 239 385 210 398 404 64 146 171 113 859 46 1734 26 25
leaf_count=78 91 26 178 217 307 34 2933 674 580 134 50 138 111 657 33 120 239 385 210 398 404 64 146 171 113 859 46 1734 26 25
internal_value=-0.00092961 0.0162899 -0.0111362 0.0048615 -0.0191327 -0.0142636 -0.00714027 0.0217496 -0.0170228 0.0539873 0.0806378 0.0441612 0.128569 0.0274824 -0.0314579 -0.0796143 -0.0366351 -0.0491613 -0.0236972 0.0294244 0.00857283 0.0619658 0.0435414 0.0228641 -0.0498077 0.0238511 0.162586 -0.0266798 -0.0890174 -0.156843
internal_weight=11181 4161 7020 3193 1319 6732 4760 1874 3723 968 479 272 207 1735 1972 178 931 692 3143 489 1061 288 224 388 139 1037 157 1794 60 58
internal_count=11181 4161 7020 3193 1319 6732 4760 1874 3723 968 479 272 207 1735 1972 178 931 692 3143 489 1061 288 224 388 139 1037 157 1794 60 58
is_linear=0
shrinkage=0.05


Tree=56
num_leaves=31
num_cat=0
split_feature=2 7 18 10 23 24 11 7 21 1 5 11 24 18 6 7 8 2 14 3 20 10 5 24 24 2 3 5 20 1
split_gain=733.193 656.205 643.749 590.036 835.536 486.918 430.401 354.993 242.909 220.739 206.617 172.092 104.804 73.9681 71.2678 57.7438 56.1979 54.166 45.8804 45.1419 40.5561 39.5443 18.4041 17.3066 14.3058 12.2208 11.2234 10.5038 8.10657 7.20617
threshold=4.0450000762939462 1020.8500061035157 5.8500001430511483 0.78654998540878307 53.500000000000007 32.08500003814698 0.60784998536109935 1016.2500000000001 12.650000095367433 97.500000000000014 -2.1450001001358028 1.0000000180025095e-35 1000.415008544922 18.050000190734867 32.500000000000007 1024.850036621094 546.50000000000011 4.9849998950958261 55.000000000000007 293.50000000000006 17.399999618530277 -1.0000000180025095e-35 5.3550000190734872 581.25000000000011 402.91499328613287 0.70500001311302196 276.50000000000006 5.0150001049041757 13.949999809265138 73.500000000000014
decision_type=2 2 2 2 2 2 2 2 2 2 2 2 2 2 2 2 2 2 2 2 2 2 2 2 2 2 2 2 2 2
left_child=1 2 20 6 8 15 9 -8 -5 -4 -6 13 16 17 25 19 -13 21 23 -3 -1 28 -20 -19 -18 -7 -17 29 -2 -14
right_child=11 5 3 4 10 14 7 -9 -10 -11 -12 12 27 -15 -16 26 24 18 22 -21 -22 -23 -24 -25 -26 -27 -28 -29 -30 -31
leaf_value=-0.0056557296965217274 -0.031894267341097036 0.04805672069339581 0.012382634036079618 0.012382634036079618 0.23489883682307078 0.04805672069339581 0.16466326078543297 0.041879570380432343 0.067135359791337695 0.085523771592415865 0.12116408974575082 -0.0056557296965217274 -0.033362911094593099 -0.0056557296965217274 -0.0056557296965217274 0.15900618787165044 -0.0056557296965217274 -0.031894267341097036 -0.062158425376665861 0.11172089285908207 0.012382634036079618 -0.018213034640936234 -0.11905002111480351 -0.04191912998502622 -0.027288468248793551 0.021200495498437041 0.11582682359525387 -0.070960965064855719 -0.018213034640936234 -0.065719151733951139
leaf_weight=1076 540 22 1817 375 51 90 65 624 356 120 184 963 79 125 2586 27 32 184 44 31 82 602 21 634 289 46 34 39 21 22
leaf_count=1076 540 22 1817 375 51 90 65 624 356 120 184 963 79 125 2586 27 32 184 44 31 82 602 21 634 289 46 34 39 21 22
internal_value=-0.000763188 0.00805099 0.0197493 0.030421 0.0638328 -0.00565573 0.0181301 0.0534629 0.0374671 0.0123826 0.145847 -0.0193624 -0.00585492 -0.0282223 -0.00565573 0.101769 -0.00565573 -0.0307703 -0.040107 0.0635926 -0.00565573 -0.0236816 -0.0805388 -0.0368942 -0.0272885 0.0480567 0.134939 -0.0489212 -0.0318943 -0.0404108
internal_weight=11181 7586 4750 3592 966 2836 2626 689 731 1937 235 3595 1424 2171 2722 114 1284 2046 883 53 1158 1163 65 818 321 136 61 140 561 101
internal_count=11181 7586 4750 3592 966 2836 2626 689 731 1937 235 3595 1424 2171 2722 114 1284 2046 883 53 1158 1163 65 818 321 136 61 140 561 101
is_linear=0
shrinkage=0.05


Tree=57
num_leaves=31
num_cat=0
split_feature=10 24 24 12 10 5 24 9 11 11 0 12 18 11 5 21 23 18 6 7 1 5 2 4 4 6 5 24 0 4
split_gain=681.002 781.204 426.266 432.212 337.059 289.611 322.175 251.484 406.39 231.196 282.015 213.577 211.107 202.028 193.575 211.457 190.659 410.606 165.199 159.451 139.288 132.879 257.627 127.951 125.295 163.119 120.113 112.557 106.935 158.202
threshold=0.78654998540878307 206.25000000000003 399.58500671386724 1.0000000180025095e-35 0.3793999999761582 1.5950000286102297 42.915000915527351 -1.0000000180025095e-35 -1.0000000180025095e-35 0.87834998965263378 19.849999427795414 0.81174999475479137 12.550000190734865 1.0000000180025095e-35 -1.7949999570846555 10.949999809265138 65.500000000000014 7.0499999523162851 522.50000000000011 1019.0499877929689 93.500000000000014 -1.0000000180025095e-35 3.4850000143051152 0.94499999284744274 1.5149999856948855 27.500000000000004 -1.8450000286102293 792.91500854492199 21.349999427795414 0.46500000357627874
decision_type=2 2 2 2 2 2 2 2 2 2 2 2 2 2 2 2 2 2 2 2 2 2 2 2 2 2 2 2 2 2
left_child=1 4 13 18 5 6 23 8 -5 20 19 -9 -7 16 15 -6 -2 -18 -4 -11 21 22 -3 -1 25 -16 -8 -10 29 -15
right_child=2 9 3 7 14 12 26 11 27 10 -12 -13 -14 28 24 -17 17 -19 -20 -21 -22 -23 -24 -25 -26 -27 -28 -29 -30 -31
leaf_value=0.028404231416880445 0.033599398335915756 0.00095125353265023977 0.033599398335915756 -0.067807850992980132 0.00095125353265023977 0.053400089485304697 0.025838700249079822 -0.024548537981049237 0.033599398335915756 -0.13567206350465616 0.00095125353265023977 -0.11026695827643077 0.23619472628290003 0.033599398335915756 0.11000330675901338 0.17066855196441924 0.082430599103918659 0.2811973810195923 -0.0023971535653014731 -0.033890454036654118 -0.048237139937037508 -0.028273339986142065 -0.022556345331608538 0.088841010578179447 0.15021117096361908 0.00095125353265023977 0.00095125353265023977 -0.03230558226441408 0.13285122511946817 0.099919784756503233
leaf_weight=141 337 1113 636 119 23 56 508 236 156 48 801 105 22 88 44 70 21 29 322 194 409 1932 2088 147 23 136 1122 77 97 81
leaf_count=141 337 1113 636 119 23 56 508 236 156 48 801 105 22 88 44 70 21 29 322 194 409 1932 2088 147 23 136 1122 77 97 81
internal_value=-0.000957501 -0.00724405 0.0232637 0.00973824 0.0178974 0.0105135 0.00667276 -0.0203406 0.00930527 -0.0159949 0.000951254 -0.0509428 0.104958 0.0574606 0.0676883 0.127427 0.0344035 0.131262 0.0314967 -0.0540785 -0.0201558 -0.0179183 -0.0116684 0.0558572 0.0403204 0.0262788 0.000951254 0.0335994 0.091006 0.0669883
internal_weight=11181 8877 2304 1651 2292 1996 1918 693 352 6585 1043 341 78 653 296 93 387 50 958 242 5542 5133 3201 288 203 180 1630 233 266 169
internal_count=11181 8877 2304 1651 2292 1996 1918 693 352 6585 1043 341 78 653 296 93 387 50 958 242 5542 5133 3201 288 203 180 1630 233 266 169
is_linear=0
shrinkage=0.05


Tree=58
num_leaves=31
num_cat=0
split_feature=10 24 6 7 12 18 12 23 7 7 24 7 11 1 10 18 12 18 4 7 8 11 3 4 24 20 20 5 9 9
split_gain=622.284 683.274 375.602 464.434 308.443 296.791 283.578 271.174 334.726 252.5 227.314 220.457 271.848 238.234 200.778 193.896 189.239 195.979 246.162 185.294 178.443 177.929 175.486 165.073 152.311 151.339 149.452 148.024 134.815 101.59
threshold=0.78654998540878307 190.41500091552737 472.50000000000006 1019.8500061035157 -0.56175000965595234 18.349999427795414 1.0000000180025095e-35 48.500000000000007 1017.7500000000001 1016.4500122070314 497.91499328613287 1020.1499938964845 -0.60784998536109913 94.500000000000014 -1.0000000180025095e-35 16.349999427795414 1.0000000180025095e-35 5.0499999523162851 -1.2150000333786009 1020.2500000000001 394.50000000000006 1.0000000180025095e-35 213.50000000000003 -0.69499999284744252 129.58499908447268 14.750000000000002 14.650000095367433 -1.7350000143051145 1.0000000180025095e-35 0.78654998540878307
decision_type=2 2 2 2 2 2 2 2 2 2 2 2 2 2 2 2 2 2 2 2 2 2 2 2 2 2 2 2 2 2
left_child=1 4 3 7 9 26 -7 21 -9 24 -10 12 25 20 22 -4 17 -5 -19 -8 -14 -2 -11 -13 -1 -3 -6 -16 -23 -25
right_child=2 11 15 16 5 6 19 8 10 14 -12 23 13 -15 27 -17 -18 18 -20 -21 -22 28 -24 29 -26 -27 -28 -29 -30 -31
leaf_value=0.17571251223395978 0.016881467512141524 -0.035610430703839589 -0.02233041259309938 0.015420595536333938 0.0015637331210243939 0.028177839629077956 0.028177839629077956 0.07643534150465002 0.23267909200752485 0.079388496004754602 0.07643534150465002 -0.012452387928089823 0.0015637331210243939 -0.073749073832813247 0.15041594488440821 0.015420595536333938 0.015420595536333938 0.22286822417130076 0.056999656543316818 0.13953852558339183 -0.017991219283408393 0.07643534150465002 0.0015637331210243939 -0.030302531270747987 0.029271633407244313 0.0015637331210243939 0.028177839629077956 0.048076338918422751 0.018056106868416372 -0.061573064996361372
leaf_weight=56 268 1066 589 49 1059 125 36 157 68 84 20 1012 1990 108 53 190 392 24 329 110 1167 119 293 866 26 157 192 106 99 371
leaf_count=56 268 1066 589 49 1059 125 36 157 68 84 20 1012 1990 108 53 190 392 24 329 110 1167 119 293 866 26 157 192 106 99 371
internal_value=-0.000824137 -0.00683355 0.0223293 0.036758 0.0177792 0.00568336 0.0547919 0.0658007 0.108692 0.0475688 0.187818 -0.0146518 -0.00824902 -0.000717579 0.0350682 -0.00591682 0.0154206 0.0505557 0.0682768 0.106731 0.00156373 0.0441785 0.0151947 -0.0274288 0.12928 -0.0283554 0.00156373 0.0821895 0.0764353 -0.0396812
internal_weight=11181 8877 2304 1525 2140 1522 271 731 245 618 88 6737 4488 3265 536 779 794 402 353 146 3157 486 377 2249 82 1223 1251 159 218 1237
internal_count=11181 8877 2304 1525 2140 1522 271 731 245 618 88 6737 4488 3265 536 779 794 402 353 146 3157 486 377 2249 82 1223 1251 159 218 1237
is_linear=0
shrinkage=0.05


Tree=59
num_leaves=31
num_cat=0
split_feature=18 10 11 0 2 11 24 7 7 24 1 4 7 24 18 6 7 5 17 10 0 1 7 18 4 9 7 4 11 7
split_gain=573.797 406.624 387.817 705.815 347.517 310.117 289.465 264.961 192.71 162.975 123.635 193.567 140.872 167.387 118.596 107.461 100.083 91.7527 88.5407 97.6876 58.3695 49.3196 76.7569 36.0532 29.762 28.7499 22.0871 20.4193 19.5014 18.4177
threshold=18.750000000000004 0.3793999999761582 0.60784998536109935 20.650000572204593 4.9849998950958261 0.87834998965263378 105.41500091552736 1021.5499877929689 1018.3500061035157 525.41500854492199 94.500000000000014 1.0049999952316286 1014.4500122070314 596.25000000000011 11.949999809265138 42.500000000000007 1022.7500000000001 4.4349999427795419 0.12150000035762788 -0.37939999997615809 21.150000572204593 87.500000000000014 1016.7500000000001 6.6499998569488534 0.18500000238418582 0.3793999999761582 1016.7500000000001 0.74500000476837169 -1.0000000180025095e-35 1013.7500000000001
decision_type=2 2 2 2 2 2 2 2 2 2 2 2 2 2 2 2 2 2 2 2 2 2 2 2 2 2 2 2 2 2
left_child=1 6 18 5 7 27 16 23 9 -5 12 14 20 -14 -12 -9 -1 28 -2 -20 -8 24 -23 -3 -21 -10 -19 -4 -6 -30
right_child=2 4 3 8 17 -7 10 15 25 -11 11 -13 13 -15 -16 -17 -18 26 19 21 -22 22 -24 -25 -26 -27 -28 -29 29 -31
leaf_value=0.014812063180133662 0.014812063180133662 -0.0089844224557278553 0.01615962955568518 0.25196903240485269 -0.032485252697297858 0.014812063180133662 -0.07289517382841286 0.014812063180133662 0.086803835696325632 0.090472446098214102 -0.11329700880416549 -0.00059422655800711328 -0.0023055696306193982 -0.021855562005357633 -0.03933997522307258 -0.0089844224557278553 -0.00059422655800711328 -0.11434507206082345 0.029485424080277746 0.12645800758239836 -0.028515408413632787 0.1111856932181024 0.029485424080277746 0.014812063180133662 0.069459585244862398 0.13375520282942388 -0.057689878550486844 0.086803835696325632 -0.056637124504361841 -0.0089844224557278553
leaf_weight=642 462 264 28 61 121 115 82 116 33 21 101 123 2582 1901 117 810 200 20 84 43 768 31 52 1973 49 36 123 49 21 153
leaf_count=642 462 264 28 61 121 115 82 116 33 21 101 123 2582 1901 117 810 200 20 84 43 768 31 52 1973 49 36 123 49 21 153
internal_value=-0.000814901 -0.00448818 0.0341123 0.0779165 0.00899584 0.0148121 -0.01194 0.0147759 0.158796 0.21061 -0.0160005 -0.0451885 -0.0141342 -0.0105957 -0.0736045 -0.00898442 0.0148121 -0.0327448 0.0148121 0.0441588 -0.0327968 0.0708882 0.0429425 0.0148121 0.0961002 0.0972189 -0.0656137 0.0868038 -0.0168117 -0.00898442
internal_weight=11181 10117 1064 343 3601 192 6516 3163 151 82 5674 341 5333 4483 218 926 842 438 721 259 850 175 83 2237 92 69 143 77 295 174
internal_count=11181 10117 1064 343 3601 192 6516 3163 151 82 5674 341 5333 4483 218 926 842 438 721 259 850 175 83 2237 92 69 143 77 295 174
is_linear=0
shrinkage=0.05


Tree=60
num_leaves=31
num_cat=0
split_feature=8 11 7 21 12 18 11 5 2 0 7 7 11 5 23 1 18 3 24 23 10 9 14 21 11 11 7 0 20 7
split_gain=527.894 474.212 602.06 568.991 311.872 504.087 466.544 414.914 308.356 298.69 264.303 249.575 212.03 243.85 210.626 202.435 198.362 316.542 279.408 587.701 205.94 161.706 128.767 140.988 127.936 113.649 103.516 98.2903 92.6364 128.24
threshold=152.50000000000003 -0.60784998536109913 1021.6499938964845 11.250000000000002 1.0000000180025095e-35 4.9500000476837167 0.87834998965263378 0.86500000953674328 3.4050000905990605 22.250000000000004 1027.850036621094 1025.1499633789065 0.60784998536109935 -0.50499999523162831 66.500000000000014 97.500000000000014 5.3500001430511483 262.50000000000006 376.25000000000006 41.500000000000007 -1.0000000180025095e-35 -0.6035499870777129 48.000000000000007 12.050000190734865 -0.87834998965263356 -1.0000000180025095e-35 1023.1499938964845 22.349999427795414 18.150000572204593 1018.3500061035157
decision_type=2 2 2 2 2 2 2 2 2 2 2 2 2 2 2 2 2 2 2 2 2 2 2 2 2 2 2 2 2 2
left_child=1 16 3 12 5 6 -4 -7 9 -5 11 21 13 -3 -13 26 17 -1 19 27 -21 28 25 -24 -20 -23 -6 -18 -2 -30
right_child=10 2 4 8 15 7 -8 -9 -10 -11 -12 14 -14 -15 -16 -17 18 -19 24 20 -22 22 23 -25 -26 -27 -28 -29 29 -31
leaf_value=-0.035203799937087832 -0.023747109059317022 0.01068392977380276 -0.23554196349878406 0.044871081153151117 -0.010867802219181478 0.070786718471010354 -0.024626249411307713 -0.010055934351159167 0.024077494498428324 0.10066052844242152 0.15754586078903893 -0.15543406291140452 0.024077494498428324 -0.034498699860086995 -0.039191359835011624 -0.18838625198060818 -0.0066035589073237437 -0.21605882953320232 -0.0066035589073237437 0.032675639834174965 0.10564812684421382 0.040046485208090295 -0.059767252347596438 -0.0073737389487395447 -0.033880674386839137 0.00016827050031185728 -0.052488143794471399 0.032675639834174965 0.14005230750356401 0.0054705091477673844
leaf_weight=178 2180 772 31 1167 269 323 170 161 589 302 22 54 559 487 140 22 441 28 446 110 181 226 170 282 511 853 336 101 21 49
leaf_count=178 2180 772 31 1167 269 323 170 161 589 302 22 54 559 487 140 22 441 28 446 110 181 226 170 282 511 853 336 101 21 49
internal_value=-0.00071567 0.0073881 0.0153562 0.025266 -0.01392 0.00940273 -0.0571555 0.0370437 0.0432715 0.0563404 -0.015281 -0.0162375 0.00488352 -0.00679339 -0.0715476 -0.0394002 -0.0133225 -0.059786 -0.00797531 0.0131984 0.0719548 -0.0133996 -0.000864312 -0.0232684 -0.0264055 0.00852089 -0.0339826 -0.00660356 -0.0219291 0.0346881
internal_weight=11181 7184 5188 3876 1312 685 201 484 2058 1469 3997 3975 1818 1259 194 627 1996 206 1790 833 291 3781 1531 452 957 1079 605 542 2250 70
internal_count=11181 7184 5188 3876 1312 685 201 484 2058 1469 3997 3975 1818 1259 194 627 1996 206 1790 833 291 3781 1531 452 957 1079 605 542 2250 70
is_linear=0
shrinkage=0.05


Tree=61
num_leaves=31
num_cat=0
split_feature=10 6 24 7 2 12 18 7 24 11 5 17 6 0 20 5 1 11 20 23 4 11 7 21 4 6 18 0 11 1
split_gain=479.22 449.032 400.594 391.399 496.27 348.214 256.14 252.933 410.691 224.427 189.856 185.309 160.566 152.773 167.794 215.297 128.395 125.646 216.716 136.958 114.453 102.109 107.41 101.457 86.5019 85.7802 83.9943 81.5757 76.5527 75.0341
threshold=0.3793999999761582 42.500000000000007 42.915000915527351 1019.8500061035157 3.6800000667572026 1.0000000180025095e-35 5.1499998569488534 1020.8500061035157 190.41500091552737 0.60784998536109935 -0.40500000119209284 0.11150000244379045 407.50000000000006 20.550000190734867 10.449999809265138 0.45499999821186071 93.500000000000014 0.60784998536109935 10.550000190734865 68.500000000000014 0.94499999284744274 1.0000000180025095e-35 1022.8500061035157 11.550000190734865 0.14500000327825549 27.500000000000004 2.7500000000000004 19.849999427795414 -0.87834998965263356 88.500000000000014
decision_type=2 2 2 2 2 2 2 2 2 2 2 2 2 2 2 2 2 2 2 2 2 2 2 2 2 2 2 2 2 2
left_child=2 10 20 4 23 6 26 8 28 16 29 -8 -6 14 15 -9 -10 19 -19 -7 -1 22 -22 -3 25 -12 -5 -11 -4 -2
right_child=1 3 7 5 12 17 11 13 9 27 24 -13 -14 -15 -16 -17 -18 18 -20 -21 21 -23 -24 -25 -26 -27 -28 -29 -30 -31
leaf_value=0.018884217044239791 0.078958279112490218 0.018649766393197553 0.0030388663966996149 -0.14525520116090776 0.018649766393197553 -0.057491685802825793 -0.0099715470606426548 -0.11525169724855239 -0.017064629099756579 -0.040172554585829703 0.13500977049892146 0.039776903201699937 -0.015407398718662793 -0.016400066765480264 -0.031140642677223808 -0.049276775833492922 -0.057722673950095976 -0.040337352437380049 0.039776903201699937 0.039776903201699937 0.095462364013142453 0.12242812139706478 0.018884217044239791 0.039776903201699937 0.039776903201699937 0.039776903201699937 -0.034644607008119263 0.0030388663966996149 0.018884217044239791 0.16867481322476158
leaf_weight=141 41 429 178 20 322 452 269 156 2577 127 48 469 764 1311 233 272 210 194 104 36 51 72 24 680 124 34 121 809 859 54
leaf_count=141 41 429 178 20 322 452 269 156 2577 127 48 469 764 1311 233 272 210 194 104 36 51 72 24 680 124 34 121 809 859 54
internal_value=-0.000784608 0.0126606 -0.00875405 0.0080739 0.0219407 -0.010207 0.0114154 -0.0112245 -0.00498643 -0.0128065 0.0714799 0.023213 -0.00247737 -0.0262819 -0.0458812 -0.0674129 -0.0201282 -0.0343877 -0.00880564 -0.0500095 0.0489929 0.079897 0.039067 0.0397769 0.0445132 0.0916769 -0.0503341 0.00303887 0.0188842 0.129955
internal_weight=11181 4161 7020 3860 2195 1665 879 6732 4760 3723 301 738 1086 1972 661 428 2787 786 298 488 288 147 75 1109 206 82 141 936 1037 95
internal_count=11181 4161 7020 3860 2195 1665 879 6732 4760 3723 301 738 1086 1972 661 428 2787 786 298 488 288 147 75 1109 206 82 141 936 1037 95
is_linear=0
shrinkage=0.05


Tree=62
num_leaves=31
num_cat=0
split_feature=11 18 7 2 24 0 11 10 20 8 0 7 7 1 9 7 20 1 0 4 1 5 24 0 24 24 21 4 11 24
split_gain=466.91 544.712 485.98 523.235 245.341 209.954 235.651 196.73 192.556 180.934 172.883 163.86 148.095 215.038 194.017 147.731 128.974 128.357 128.313 190.955 149.301 126.314 122.956 105.648 104.788 93.2517 69.4162 139.462 61.015 38.6152
threshold=-0.60784998536109913 19.550000190734867 1021.6499938964845 2.7649999856948857 32.08500003814698 21.250000000000004 0.60784998536109935 0.98295000195503246 14.750000000000002 543.50000000000011 20.849999427795414 1022.2500000000001 1016.1499938964845 64.500000000000014 0.60354998707771312 1016.2500000000001 10.949999809265138 97.500000000000014 21.349999427795414 0.27500000596046453 90.500000000000014 -0.35500000417232508 419.58500671386724 17.349999427795414 84.58499908447267 376.25000000000006 11.250000000000002 0.14500000327825549 1.0000000180025095e-35 452.91499328613287
decision_type=2 2 2 2 2 2 2 2 2 2 2 2 2 2 2 2 2 2 2 2 2 2 2 2 2 2 2 2 2 2
left_child=7 2 3 21 -4 15 -7 8 11 10 -5 18 13 -10 -15 -3 29 23 19 -1 -20 -2 -8 -6 -17 -11 27 -13 -23 -9
right_child=1 5 4 9 17 6 22 16 12 25 -12 26 -14 14 -16 24 -18 -19 20 -21 -22 28 -24 -25 -26 -27 -28 -29 -30 -31
leaf_value=-0.094341123108304836 0.027303777199563818 0.064795250241583974 0.027303777199563818 -0.018316099554201024 -0.099642441016730185 0.064795250241583974 0.2326875250680106 0.06905256893055943 -0.0053662221828110175 0.012846186565128807 0.011470863975211978 -0.02239324682157728 -0.0053662221828110175 0.12464538366430336 0.0073758519929030854 0.064795250241583974 0.13617200584247197 -0.14953683942556381 -0.03109296910256866 -0.0365861318148335 -0.0053662221828110175 0.027303777199563818 0.10998544649658155 -0.02034185350798157 0.027303777199563818 -0.028930041465234053 -0.0053662221828110175 -0.13390859747305514 0.012846186565128807 -0.0016593412905931476
leaf_weight=177 1327 56 65 632 43 96 35 26 60 143 2125 138 171 90 58 152 29 20 1256 430 227 301 49 1806 193 720 351 32 298 75
leaf_count=177 1327 56 65 632 43 96 35 26 60 143 2125 138 171 90 58 152 29 20 1256 430 227 301 49 1806 193 720 351 32 298 75
internal_value=-0.000559714 0.00579695 0.00217455 0.0097006 -0.0194074 0.052433 0.0972951 -0.0169831 -0.0196011 -0.0016114 0.00464266 -0.0244353 0.0137029 0.0440561 0.0786884 0.0322954 0.04323 -0.0235488 -0.0308669 -0.0502314 -0.0229408 0.0273038 0.161111 -0.0221861 0.0273038 -0.0215911 -0.00536622 -0.0394203 0.0128462 0.0165437
internal_weight=11181 8061 7480 5546 1934 581 180 3120 2990 3620 2757 2611 379 208 148 401 130 1869 2090 607 1483 1926 84 1849 345 863 521 170 599 101
internal_count=11181 8061 7480 5546 1934 581 180 3120 2990 3620 2757 2611 379 208 148 401 130 1869 2090 607 1483 1926 84 1849 345 863 521 170 599 101
is_linear=0
shrinkage=0.05


Tree=63
num_leaves=31
num_cat=0
split_feature=8 18 6 7 2 11 5 7 21 7 12 14 11 1 21 3 17 18 21 11 9 6 8 11 1 5 10 18 3 3
split_gain=434.164 381.257 435.836 479.97 413.027 342.297 258.11 223.486 191.443 183.367 166.018 162.437 157.949 157.436 152.242 137.941 136.152 119.2 100.805 95.9824 75.7383 73.5484 64.3648 62.8962 57.4295 46.4816 46.1355 40.404 31.9853 30.8496
threshold=1.0000000180025095e-35 4.4500000476837167 47.500000000000007 1019.8500061035157 3.6800000667572026 1.0000000180025095e-35 0.20499999821186068 1027.850036621094 16.550000190734867 1025.1499633789065 0.81174999475479137 48.000000000000007 1.0000000180025095e-35 82.500000000000014 11.949999809265138 297.50000000000006 0.15650000423192981 8.8499999046325701 10.34999990463257 0.87834998965263378 -1.0000000180025095e-35 52.500000000000007 625.50000000000011 1.0000000180025095e-35 87.500000000000014 -1.1950000524520872 -0.98295000195503224 3.0499999523162846 293.50000000000006 281.50000000000006
decision_type=2 2 2 2 2 2 2 2 2 2 2 2 2 2 2 2 2 2 2 2 2 2 2 2 2 2 2 2 2 2
left_child=1 6 5 4 18 20 13 9 -5 11 21 16 -6 -1 25 27 17 -2 -4 24 29 -11 -16 -10 -7 -13 -23 -15 -22 -3
right_child=7 2 3 8 12 19 -8 -9 23 10 -12 14 -14 15 22 -17 -18 -19 -20 -21 28 26 -24 -25 -26 -27 -28 -29 -30 -31
leaf_value=-0.01284071629204922 -0.0087397905887004069 0.14318056240677834 0.012349904310401422 -0.01284071629204922 -0.01284071629204922 0.073051971244888422 -0.01284071629204922 0.14888265078718013 0.0066817840179698162 0.049303491413593296 -0.18670811936968851 -0.069136907717966975 0.012349904310401422 -0.13829754376118739 -0.012896376131167828 -0.21343964478548838 0.10655619337090426 0.01279294755314369 0.028537318380807215 0.028537318380807215 0.028537318380807215 -0.099537955989708771 -0.031200748615616083 0.028537318380807215 0.12613099793821167 -0.034540317978547973 -0.03820598989896809 -0.049041923671029511 0.059052710641347074 0.05536034509539605
leaf_weight=26 2986 20 727 1320 775 78 267 22 150 21 21 168 410 21 905 34 28 819 893 24 260 37 243 166 147 230 179 32 152 20
leaf_count=26 2986 20 727 1320 775 78 267 22 150 21 21 168 410 21 905 34 28 819 893 24 260 37 243 166 147 230 179 32 152 20
internal_value=-0.000436355 0.00953784 0.0131094 0.00732598 0.0198958 0.0497487 -0.0387908 -0.0101691 -0.0128407 -0.0107898 -0.0519662 -0.00881484 -0.00383751 -0.102143 -0.0224961 -0.134834 -0.00329664 -0.00410502 0.0285373 0.0971184 0.0285373 -0.040027 -0.0132576 0.0262043 0.10773 -0.0491439 -0.0487119 -0.0844074 0.0285373 0.0992705
internal_weight=11181 5522 5142 4441 2805 701 380 5659 1636 5637 258 5379 1185 113 1546 87 3833 3805 1620 249 452 237 1148 316 225 398 216 53 412 40
internal_count=11181 5522 5142 4441 2805 701 380 5659 1636 5637 258 5379 1185 113 1546 87 3833 3805 1620 249 452 237 1148 316 225 398 216 53 412 40
is_linear=0
shrinkage=0.05


Tree=64
num_leaves=31
num_cat=0
split_feature=10 24 6 12 7 18 23 11 18 5 3 7 11 7 10 11 9 7 20 12 3 24 7 24 10 5 10 15 2 7
split_gain=409.766 427.977 272.86 270.377 319.188 231.191 548.197 282.882 202.638 183.711 179.933 165.086 197.068 163.144 155.092 153.323 145.885 206.395 140.07 247.894 131.687 127.737 111.452 98.8288 87.0846 64.9171 55.7874 46.5766 42.5912 35.5797
threshold=0.78654998540878307 165.41500091552737 632.50000000000011 -0.56175000965595234 1016.4500122070314 7.0499999523162851 56.500000000000007 1.0000000180025095e-35 21.650000572204593 -2.1450001001358028 234.50000000000003 1020.1499938964845 0.60784998536109935 1016.8500061035157 -1.0000000180025095e-35 1.0000000180025095e-35 0.78654998540878307 1021.8500061035157 10.550000190734865 1.0000000180025095e-35 17.500000000000004 700.41500854492199 1021.7500000000001 684.58499145507824 1.0000000180025095e-35 -3.0149999856948848 -0.37939999997615809 1.7099999785423281 4.5150001049041757 1023.2500000000001
decision_type=2 2 2 2 2 2 2 2 2 2 2 2 2 2 2 2 2 2 2 2 2 2 2 2 2 2 2 2 2 2
left_child=1 3 5 4 27 -2 7 -7 18 23 -11 12 13 24 20 -16 25 26 -5 -20 -6 -15 -9 -8 -3 -13 -18 -1 -4 -19
right_child=2 11 28 8 14 6 9 22 -10 10 -12 16 -14 21 15 -17 17 29 19 -21 -22 -23 -24 -25 -26 -27 -28 -29 -30 -31
leaf_value=0.10514827399484572 0.00097431292624478309 -0.030144912256890311 -0.0071663311004088112 0.0025967244311355109 0.11866965393225354 0.017487119687384544 0.26762546201546988 0.061834351778066225 0.12860418059863152 0.065575188890731426 0.15358314393370442 0.0025967244311355109 0.0025967244311355109 0.0025967244311355109 0.02963338035871001 0.13164569492523487 -0.041662312535251066 -0.00085728350403326123 0.015826085390242859 0.060951791455682858 0.0035529064523637105 -0.022741169152971419 0.017487119687384544 0.1190994021438417 -0.0085604905829251062 -0.018993231979606409 -0.10900887389955059 0.18988858321133784 -0.04313060403955693 -0.037522800643736982
leaf_weight=31 357 1229 181 764 27 762 24 520 32 103 66 172 1157 1026 85 65 41 121 160 348 311 517 119 21 754 1734 123 34 151 146
leaf_count=31 357 1229 181 764 27 762 24 520 32 103 66 172 1157 1026 85 65 41 121 160 348 311 517 119 21 754 1734 123 34 151 146
internal_value=-0.00037635 -0.00525282 0.018412 0.0160928 0.04539 0.0254722 0.0339999 0.0226147 0.00366852 0.108536 0.0846303 -0.0108994 -0.00548282 -0.0124507 0.0315263 0.0738387 -0.0217534 -0.0480239 0.00259672 0.0290554 0.0127486 -0.000258185 0.0516102 0.198313 -0.0219378 -0.0158129 -0.0921722 0.149474 -0.0235236 -0.0209066
internal_weight=11181 8877 2304 1857 553 1972 1615 1401 1304 214 169 7020 4683 3526 488 150 2337 431 1272 508 338 1543 639 45 1983 1906 164 65 332 267
internal_count=11181 8877 2304 1857 553 1972 1615 1401 1304 214 169 7020 4683 3526 488 150 2337 431 1272 508 338 1543 639 45 1983 1906 164 65 332 267
is_linear=0
shrinkage=0.05


Tree=65
num_leaves=27
num_cat=0
split_feature=18 10 24 24 12 10 5 9 11 12 24 0 11 5 12 6 12 7 24 18 4 1 11 5 3 17
split_gain=383.934 349.564 388.397 264.837 264.272 218.284 202.013 198.839 325.978 195.497 193.821 144.621 177.969 141.242 173.462 123.739 120.774 102.725 80.9069 78.1569 74.4416 71.8353 65.5589 40.0003 38.5565 10.0728
threshold=25.10000038146973 0.78654998540878307 206.25000000000003 399.58500671386724 1.0000000180025095e-35 0.3793999999761582 1.5950000286102297 -1.0000000180025095e-35 -1.0000000180025095e-35 0.81174999475479137 42.915000915527351 20.650000572204593 0.87834998965263378 -3.4850000143051143 -0.56175000965595234 442.50000000000006 0.81174999475479137 1015.8500061035157 630.41500854492199 16.349999427795414 -0.27500000596046442 89.500000000000014 0.87834998965263378 -0.4549999982118606 335.50000000000006 0.12350000068545343
decision_type=2 2 2 2 2 2 2 2 2 2 2 2 2 2 2 2 2 2 2 2 2 2 2 2 2 2
left_child=1 2 5 16 15 6 10 8 -6 -9 -1 13 18 14 -4 -5 17 25 -13 -17 -7 -15 -2 -22 -24 -3
right_child=22 3 11 4 7 20 -8 9 -10 -11 -12 12 -14 21 -16 19 -18 -19 -20 -21 23 -23 24 -25 -26 -27
leaf_value=0.041539652012175389 0.05238626837431995 0.024251418912130437 -0.029016667981690999 0.024251418912130437 -0.062920803761407115 1.2756907567155335e-05 0.05238626837431995 -0.019999294891416775 0.024251418912130437 -0.10200915864535741 1.2756907567155335e-05 -0.0061957161425525223 1.2756907567155335e-05 -0.034463679521924494 -0.14594185869648774 -0.018504039533329776 0.024251418912130437 0.05238626837431995 -0.017619142105572673 0.011384906737150298 0.05238626837431995 -0.017619142105572673 0.1711306318640709 0.012094865942543205 0.092889832044320719 0.05238626837431995
leaf_weight=288 21 109 79 474 119 21 78 236 233 105 1626 2205 684 691 53 306 100 418 2350 165 184 471 32 77 31 25
leaf_count=288 21 109 79 474 119 21 78 236 233 105 1626 2205 684 691 53 306 100 418 2350 165 184 471 32 77 31 25
internal_value=-0.000457197 -0.00126331 -0.00578847 0.0161398 0.00541204 0.0120089 0.00617928 -0.0180404 0.00832048 -0.0452516 0.00252688 -0.0119833 -0.00828615 -0.0269521 -0.0759639 0.0226105 0.0430908 0.0523863 -0.0132873 -0.00148161 0.0523863 -0.0213845 0.106036 0.0523863 0.132631 0.0242514
internal_weight=11181 11097 8807 2290 1638 2274 1992 693 352 341 1914 6533 5239 1294 132 945 652 552 4555 471 282 1162 84 261 63 134
internal_count=11181 11097 8807 2290 1638 2274 1992 693 352 341 1914 6533 5239 1294 132 945 652 552 4555 471 282 1162 84 261 63 134
is_linear=0
shrinkage=0.05


Tree=66
num_leaves=31
num_cat=0
split_feature=11 7 2 11 11 18 24 18 3 10 20 7 18 8 0 5 23 5 0 4 1 1 20 2 0 24 24 24 21 4
split_gain=363.015 447.398 508.384 372.945 434.803 269.837 269.677 170.707 162.115 155.989 153.612 144.955 137.297 134.843 150.757 137.665 129.561 136.634 123.784 172.347 123.511 117.879 107.45 107.333 96.4198 77.6639 76.9821 67.451 51.508 128.844
threshold=-0.60784998536109913 1021.6499938964845 3.5149999856948857 -1.0000000180025095e-35 0.60784998536109935 8.8499999046325701 32.08500003814698 3.5499999523162846 284.50000000000006 0.98295000195503246 14.750000000000002 1022.2500000000001 19.550000190734867 489.50000000000006 20.650000572204593 -3.3950001001358028 123.00000000000001 -1.955000042915344 21.349999427795414 0.7749999761581422 90.500000000000014 97.500000000000014 10.949999809265138 4.9049999713897714 17.349999427795414 410.41499328613287 328.75000000000006 501.25000000000006 11.250000000000002 0.14500000327825549
decision_type=2 2 2 2 2 2 2 2 2 2 2 2 2 2 2 2 2 2 2 2 2 2 2 2 2 2 2 2 2 2
left_child=9 2 3 7 -5 -6 -3 -2 -9 10 11 18 21 14 15 -4 17 27 19 -1 -20 24 -11 -16 -8 -15 -18 -12 29 -13
right_child=1 6 13 4 5 -7 12 8 -10 22 16 28 -14 25 23 -17 26 -19 20 -21 -22 -23 -24 -25 -26 -27 -28 -29 -30 -31
leaf_value=-0.077930900784465573 0.011039603417215748 0.079978107909361523 -0.065462052483139008 0.011039603417215748 0.011039603417215748 0.059415144577298323 -0.094051795574121702 0.092763097301619107 0.040249632202755042 0.014510298468688926 0.04891029195379859 -0.019612554464686845 0.030707832690269811 0.011039603417215748 0.011039603417215748 -0.0072706393891979054 0.16510443233308339 -0.0043660141893725321 -0.02726787300656678 -0.033130672600269299 -0.0043660141893725321 -0.14209776043891906 0.1237007267516235 -0.0072706393891979054 -0.018293792021033848 -0.027169970300747082 0.04891029195379859 -0.0043660141893725321 -0.0043660141893725321 -0.12591813809704036
leaf_weight=269 42 72 136 1469 353 796 43 317 274 101 51 138 77 141 1001 236 21 237 1256 338 227 20 29 582 1806 696 21 49 351 32
leaf_count=269 42 72 136 1469 353 796 43 317 274 101 51 138 77 141 1001 236 21 237 1256 338 227 20 29 582 1806 696 21 49 351 32
internal_value=-0.00026767 0.00533732 0.0121443 0.025584 0.0172568 0.0431973 -0.0150466 0.0600243 0.0684168 -0.014749 -0.0170802 -0.021398 -0.0185624 -0.00350481 0.00368498 -0.024957 0.012666 0.00234557 -0.0275132 -0.046533 -0.0197283 -0.0213616 0.0388682 0.0104158 -0.0200556 -0.0202982 0.095475 0.0489103 -0.00436601 -0.0348591
internal_weight=11181 8061 6043 3251 2618 1149 2018 633 591 3120 2990 2611 1946 2792 1955 372 379 337 2090 607 1483 1869 130 1583 1849 837 42 100 521 170
internal_count=11181 8061 6043 3251 2618 1149 2018 633 591 3120 2990 2611 1946 2792 1955 372 379 337 2090 607 1483 1869 130 1583 1849 837 42 100 521 170
is_linear=0
shrinkage=0.05


Tree=67
num_leaves=24
num_cat=0
split_feature=18 10 6 7 2 12 24 18 7 24 1 0 7 7 23 4 8 11 11 6 4 7 12
split_gain=327.01 316.459 314.711 293.167 325.882 253.719 252.485 190.637 158.821 282.628 153.897 125.805 118.351 116.358 104.515 75.8379 65.2588 58.0159 49.005 41.4283 41.3718 35.3261 2.67139
threshold=25.10000038146973 0.3793999999761582 42.500000000000007 1019.8500061035157 4.6549999713897714 1.0000000180025095e-35 42.915000915527351 5.1499998569488534 1020.8500061035157 190.41500091552737 93.500000000000014 20.849999427795414 1013.1499938964845 1025.350036621094 68.500000000000014 0.94499999284744274 157.50000000000003 0.87834998965263378 -0.87834998965263356 402.50000000000006 0.28499999642372137 1019.0499877929689 0.81174999475479137
decision_type=2 2 2 2 2 2 2 2 2 2 2 2 2 2 2 2 2 2 2 2 2 2 2
left_child=1 6 22 4 12 7 15 -5 9 18 -11 13 -4 -10 -7 20 -13 -2 -8 -6 -1 -19 -3
right_child=17 2 3 5 19 14 8 -9 11 10 -12 16 -14 -15 -16 -17 -18 21 -20 -21 -22 -23 -24
leaf_value=0.048543860798786677 0.048543860798786677 0.048543860798786677 0.0061509455550222709 -0.044196943566203122 0.0061509455550222709 -0.036501342330300522 0.0017242644974663768 0.01941627862716706 -0.032600551403686923 -0.0083972877000003492 -0.050722917516646683 0.014476807256282725 0.027302858164184225 -0.11919435091861866 0.024137017780419771 0.048543860798786677 -0.015265035016002926 0.16934280920028688 0.014476807256282725 -0.023183488538330129 0.014476807256282725 0.092813788057844113 0.027302858164184225
leaf_weight=48 21 241 165 141 148 707 178 715 721 3455 229 115 1457 41 79 147 1095 25 856 411 93 38 55
leaf_count=48 21 241 165 141 148 707 178 715 721 3455 229 115 1457 41 79 147 1095 25 856 411 93 38 55
internal_value=-0.000225075 -0.00096903 0.0100209 0.00606186 0.0180758 -0.00989571 -0.00745621 0.00893793 -0.00942957 -0.00444892 -0.0110283 -0.0213457 0.0273029 -0.0372598 -0.0304066 0.0383832 -0.0113238 0.0980568 0.0144768 -0.015001 0.0144768 0.123182 0.0485439
internal_weight=11181 11097 4119 3823 2181 1642 6978 856 6690 4718 3684 1972 1622 762 786 288 1210 84 1034 559 141 63 296
internal_count=11181 11097 4119 3823 2181 1642 6978 856 6690 4718 3684 1972 1622 762 786 288 1210 84 1034 559 141 63 296
is_linear=0
shrinkage=0.05


Tree=68
num_leaves=31
num_cat=0
split_feature=11 7 2 11 11 6 24 0 5 3 7 23 18 7 18 8 0 5 11 2 11 7 4 10 18 2 7 7 3 0
split_gain=312.003 374.177 417.636 335.397 384.634 251.521 228.779 161.59 157.586 137.471 240.116 274.798 236.404 186.749 122.222 121.896 124.149 125.928 121.51 117.494 117.031 384.971 156.367 108.303 94.6936 79.5124 78.2515 75.377 283.54 144.01
threshold=-0.60784998536109913 1021.6499938964845 3.5149999856948857 -1.0000000180025095e-35 0.60784998536109935 47.500000000000007 32.08500003814698 18.150000572204593 -2.6350001096725459 292.50000000000006 1015.5499877929689 45.500000000000007 8.1500000953674334 1010.8500061035157 19.550000190734867 541.50000000000011 20.650000572204593 -3.3950001001358028 -0.87834998965263356 4.9049999713897714 1.0000000180025095e-35 1024.2500000000002 1.0549999475479128 0.91595000028610241 15.700000286102297 1.8199999928474428 1020.4500122070314 1022.3500061035157 48.500000000000007 21.849999427795414
decision_type=2 2 2 2 2 2 2 2 2 2 2 2 2 2 2 2 2 2 2 2 2 2 2 2 2 2 2 2 2 2
left_child=9 2 3 7 -5 -6 -3 -2 -9 27 12 -12 13 -11 20 16 17 -4 23 -18 21 -8 -22 -13 25 -14 -20 29 -29 -1
right_child=1 6 15 4 5 -7 14 8 -10 10 11 18 24 -15 -16 -17 19 -19 26 -21 22 -23 -24 -25 -26 -27 -28 28 -30 -31
leaf_value=-0.042946905607860714 0.01029632637309363 0.073954190092950331 -0.06198043410994989 0.01029632637309363 0.1114886498278273 0.032617351427962134 -0.015089016168976236 0.038022526063826285 0.082516934350132951 -0.070346380192932476 -0.01085258779278251 0.038683261477152113 -0.0077815381052993961 -0.24856206381693485 0.028573481890870583 -0.020998894442796477 0.01029632637309363 -0.0071299531770557872 0.17581528747836367 -0.0071299531770557872 0.0027372158587332255 -0.10354852118791134 -0.035874811151658026 0.15494325785409838 0.021031462552566684 -0.069104949382656239 0.085133712140263107 0.094552138386600051 -0.01643095794521893 -0.014080750733180393
leaf_weight=622 69 72 136 1469 112 1037 521 146 418 20 132 28 50 20 77 697 1078 236 39 645 796 161 391 21 155 82 61 67 408 1415
leaf_count=622 69 72 136 1469 112 1037 521 146 418 20 132 28 50 20 77 697 1078 236 39 645 796 161 391 21 155 82 61 67 408 1415
internal_value=-0.000123787 0.00507249 0.0112976 0.0234789 0.0155819 0.0403054 -0.013569 0.0561394 0.0657487 -0.0135492 0.00778403 0.0416801 -0.0213438 -0.13522 -0.0168072 -0.00288621 0.00313982 -0.0230553 0.0882191 0.00879541 -0.0194654 -0.0359717 -0.00998166 0.0386833 -0.00547248 -0.0365945 0.1205 -0.0187126 -0.0007765 -0.0228951
internal_weight=11181 8061 6043 3251 2618 1149 2018 633 564 3120 608 281 327 40 1946 2792 2095 372 149 1723 1869 682 1187 49 287 132 100 2512 475 2037
internal_count=11181 8061 6043 3251 2618 1149 2018 633 564 3120 608 281 327 40 1946 2792 2095 372 149 1723 1869 682 1187 49 287 132 100 2512 475 2037
is_linear=0
shrinkage=0.05


Tree=69
num_leaves=31
num_cat=0
split_feature=10 24 11 23 18 6 18 24 6 0 24 7 24 1 0 20 4 23 4 12 8 7 1 4 7 11 18 5 2 11
split_gain=285.032 285.469 240.01 294.635 327.196 276.56 226.364 207.505 176.21 168.464 194.959 132.17 237.71 134.975 112.463 123.614 91.8282 87.466 87.2748 69.8268 60.5976 50.2161 42.2089 40.3712 39.428 38.7657 42.9947 26.1608 25.5491 23.3712
threshold=0.3793999999761582 757.08499145507824 1.0000000180025095e-35 53.500000000000007 6.9500000476837167 332.50000000000006 26.35000038146973 42.915000915527351 42.500000000000007 21.250000000000004 572.91500854492199 1020.8500061035157 190.41500091552737 93.500000000000014 20.550000190734867 10.449999809265138 -1.0549999475479124 46.500000000000007 0.94499999284744274 1.0000000180025095e-35 152.50000000000003 1018.0499877929689 81.500000000000014 0.28499999642372137 1025.850036621094 0.87834998965263378 11.84999990463257 -0.55500000715255726 5.3199999332427987 1.0000000180025095e-35
decision_type=2 2 2 2 2 2 2 2 2 2 2 2 2 2 2 2 2 2 2 2 2 2 2 2 2 2 2 2 2 2
left_child=6 2 3 -2 -5 -6 7 18 19 17 -11 12 22 -14 15 -13 28 -10 23 24 -16 -18 -9 -1 -4 26 -23 -21 -3 -20
right_child=1 16 8 4 5 -7 -8 11 9 10 -12 14 13 -15 20 -17 21 -19 29 27 -22 25 -24 -25 -26 -27 -28 -29 -30 -31
leaf_value=0.056770006016058507 0.0019895899988173218 0.0019895899988173218 0.061543910278804959 0.019337911447701188 0.10911493488589404 0.04602134859813907 0.12050754513059343 0.0013326026319245442 0.0019895899988173218 0.061543910278804959 0.027804144120334245 -0.054926207520189556 -0.0077931394698621537 -0.04742891486148517 0.012917459489788639 -0.023796246379071573 0.0019895899988173218 0.027804144120334245 0.027820200671752296 0.1876852196455002 -0.015286682732332108 -0.050890987902675988 0.012917459489788639 0.012917459489788639 0.11395796802308825 0.0019895899988173218 -0.018841960331646063 0.10681370720267297 -0.027357609615442747 0.056770006016058507
leaf_weight=48 1198 301 31 278 237 117 35 265 302 370 264 428 3462 229 166 233 93 311 75 20 1145 256 769 93 36 69 177 20 81 72
leaf_count=48 1198 301 31 278 237 117 35 265 302 370 264 428 3462 229 166 233 93 311 75 20 1145 256 769 93 36 69 177 20 81 72
internal_value=-0.00018577 0.0101835 0.017438 0.00562987 0.0366862 0.0727048 -0.00633197 -0.00696753 0.0333973 0.0281137 0.0461844 -0.00875467 -0.00421683 -0.0102523 -0.0196275 -0.0364435 -0.0134588 0.00942386 0.0345896 0.0949741 -0.011149 -0.0258978 0.0129175 0.0129175 0.063765 -0.0322429 -0.0377901 0.147249 0.00198959 0.05677
internal_weight=11181 4161 3184 1830 632 354 7020 6985 1354 1247 634 6697 4725 3691 1972 661 977 613 288 107 1311 595 1034 141 67 502 433 40 382 147
internal_count=11181 4161 3184 1830 632 354 7020 6985 1354 1247 634 6697 4725 3691 1972 661 977 613 288 107 1311 595 1034 141 67 502 433 40 382 147
is_linear=0
shrinkage=0.05


Tree=70
num_leaves=31
num_cat=0
split_feature=11 18 7 2 12 3 10 7 2 0 24 11 11 7 10 24 20 7 0 18 10 7 20 7 3 11 1 24 5 24
split_gain=276.114 314.767 289.467 284.112 278.575 331.78 276.804 206.409 198.196 189.267 144.431 136.484 135.333 128.647 124.686 120.502 129.859 129.853 210.743 101.528 90.6086 90.0684 88.1311 79.441 76.2615 75.2785 45.0145 42.8035 41.3461 37.7459
threshold=-0.60784998536109913 19.94999980926514 1022.9500122070314 4.9049999713897714 0.81174999475479137 262.50000000000006 1.0000000180025095e-35 1016.3500061035157 1.1800000071525576 21.250000000000004 96.250000000000014 0.87834998965263378 0.60784998536109935 1023.9500122070314 0.98295000195503246 37.084999084472663 14.750000000000002 1022.3500061035157 19.94999980926514 2.9500000476837163 -0.6035499870777129 1016.3500061035157 10.949999809265138 1018.3500061035157 284.50000000000006 0.60784998536109935 63.500000000000007 1017.915008544922 -4.0950000286102286 62.084999084472663
decision_type=2 2 2 2 2 2 2 2 2 2 2 2 2 2 2 2 2 2 2 2 2 2 2 2 2 2 2 2 2 2
left_child=14 2 3 6 8 13 10 11 -4 29 -2 -3 -11 -6 15 20 17 18 -17 -8 -1 26 -16 -14 -10 28 -18 -27 -5 -9
right_child=1 7 4 25 5 -7 19 9 24 12 -12 -13 23 -15 22 16 21 -19 -20 -21 -22 -23 -24 -25 -26 27 -28 -29 -30 -31
leaf_value=0.022090583458188037 0.022192601670998784 0.061186069288119982 0.022192601670998784 -0.011072060911942497 -0.018856260687934133 -0.22882559289192331 -0.0019048925090192155 0.053397252512977417 -0.01366912852698907 0.053397252512977417 -0.0019048925090192155 0.19156645099796796 0.20561590561499965 -0.10927096471974725 0.012994348088113389 -0.086785753577280411 -0.0046672580404490188 -0.0046672580404490188 -0.021944924316746491 0.022192601670998784 0.12805503010749816 -0.0046672580404490188 0.11188304485945866 0.092192212580458122 -0.060868722518023693 -0.0019048925090192155 0.022090583458188037 -0.042246936569127314 -0.035120507708855789 0.022192601670998784
leaf_weight=25 420 49 140 301 127 29 36 110 863 62 2358 34 26 57 101 134 57 492 1933 2235 27 166 29 38 95 374 156 68 440 199
leaf_count=25 420 49 140 301 127 29 36 110 863 62 2358 34 26 57 101 134 57 492 1933 2235 27 166 29 38 95 374 156 68 440 199
internal_value=-0.000252659 0.00463563 0.00204644 0.00653891 -0.0193091 -0.0716391 0.0117065 0.0423388 -0.00915759 0.028552 0.00100413 0.114595 0.0846019 -0.0468652 -0.0128823 -0.0149665 -0.0163019 -0.0203473 -0.0261484 0.0221926 0.060483 0.0110128 0.0350541 0.138271 -0.0183497 -0.0155163 0.0220906 -0.00190489 -0.0253518 0.0221926
internal_weight=11181 8061 7543 6232 1311 213 5049 518 1098 435 2778 83 126 184 3120 2990 2938 2559 2067 2271 52 379 130 64 958 1183 213 442 741 309
internal_count=11181 8061 7543 6232 1311 213 5049 518 1098 435 2778 83 126 184 3120 2990 2938 2559 2067 2271 52 379 130 64 958 1183 213 442 741 309
is_linear=0
shrinkage=0.05


Tree=71
num_leaves=28
num_cat=0
split_feature=18 10 24 6 7 12 18 18 18 12 0 24 3 11 18 0 1 7 5 7 2 11 23 10 11 3 1
split_gain=250.618 230.359 240.243 195.839 271.267 190.885 142.709 138.954 134.794 123.64 107.636 143.113 129.765 176.12 95.2541 61.2158 54.8087 51.9772 51.5525 49.3778 47.5007 46.5807 44.5808 43.9218 31.421 30.0827 22.4299
threshold=25.10000038146973 0.78654998540878307 165.41500091552737 472.50000000000006 1019.8500061035157 -0.56175000965595234 19.550000190734867 6.1499998569488534 4.3500001430511483 1.0000000180025095e-35 20.650000572204593 630.41500854492199 333.50000000000006 0.87834998965263378 16.349999427795414 21.050000190734867 93.500000000000014 1012.3500061035157 0.069999998435378089 1025.2500000000002 4.1250000000000009 0.87834998965263378 38.500000000000007 -0.6035499870777129 0.87834998965263378 335.50000000000006 93.500000000000014
decision_type=2 2 2 2 2 2 2 2 2 2 2 2 2 2 2 2 2 2 2 2 2 2 2 2 2 2 2
left_child=1 2 5 4 7 8 15 -3 -1 18 12 16 19 -14 17 -7 -12 -5 -6 -4 -19 -2 -9 -10 -13 -23 -8
right_child=21 3 10 14 9 6 26 22 23 -11 11 24 13 -15 -16 -17 -18 20 -20 -21 -22 25 -24 -25 -26 -27 -28
leaf_value=0.0013816544053104661 0.042491419867484968 0.0082353445800891073 -0.013161465420443334 -0.078566672696786771 0.042491419867484968 0.0013816544053104661 0.042491419867484968 0.025363382223787034 0.021936537136397719 0.0082353445800891073 0.0013816544053104661 -0.013161465420443334 -0.019888515018698469 -0.088953326530244251 0.0082353445800891073 0.021936537136397719 -0.0058899055075664342 -0.0051605212509309483 0.010659058527022168 -0.085516019149993863 -0.030340056025802538 0.142479507625103 0.042491419867484968 0.042491419867484968 -0.0058899055075664342 0.073369206411523682 0.021936537136397719
leaf_weight=60 21 20 1053 34 257 714 132 230 210 392 2580 2350 251 146 183 434 237 285 138 24 270 32 481 269 325 31 22
leaf_count=60 21 20 1053 34 257 714 132 230 210 392 2580 2350 251 146 183 434 237 285 138 24 270 32 481 269 325 31 22
internal_value=-0.000202786 -0.000854073 -0.00452751 0.0132734 0.0237008 0.0115362 0.00138165 0.0424914 0.0365607 0.00823534 -0.00877289 -0.005553 -0.0207699 -0.0452877 -0.00723011 0.00138165 0.00138165 -0.0185564 0.0372253 -0.0131615 -0.0148801 0.0858369 0.0424914 0.0424914 -0.0131615 0.108473 0.0424914
internal_weight=11181 11097 8807 2290 1518 1841 1302 731 539 787 6966 5492 1474 397 772 1148 2817 589 395 1077 555 84 711 479 2675 63 154
internal_count=11181 11097 8807 2290 1518 1841 1302 731 539 787 6966 5492 1474 397 772 1148 2817 589 395 1077 555 84 711 479 2675 63 154
is_linear=0
shrinkage=0.05


Tree=72
num_leaves=31
num_cat=0
split_feature=11 7 18 8 2 11 11 8 7 1 24 21 6 3 7 1 0 11 20 24 8 23 18 23 24 5 0 7 0 4
split_gain=248.028 283.189 318.891 275.143 259.465 338.132 357.097 208.644 200.244 182.401 191.379 109.343 221.243 134.99 136.467 129.134 120.623 119.461 104.215 95.2307 74.2396 68.3246 65.2097 62.2616 57.056 45.6486 52.4911 39.651 37.8875 31.3597
threshold=-0.60784998536109913 1021.6499938964845 3.6499999761581425 129.50000000000003 3.5149999856948857 -1.0000000180025095e-35 0.60784998536109935 539.50000000000011 1027.850036621094 97.500000000000014 32.08500003814698 11.550000190734865 32.500000000000007 292.50000000000006 1024.350036621094 94.500000000000014 18.849999427795414 -0.87834998965263356 10.750000000000002 367.91499328613287 1.5000000000000002 16.500000000000004 15.050000190734865 128.00000000000003 307.08500671386724 -0.84499999880790699 24.349999427795414 1013.8500061035157 19.94999980926514 0.95499998331069957
decision_type=2 2 2 2 2 2 2 2 2 2 2 2 2 2 2 2 2 2 2 2 2 2 2 2 2 2 2 2 2 2
left_child=11 2 3 29 5 7 -7 -4 9 10 -3 16 15 14 23 -13 -1 22 -12 -19 21 -18 -15 -14 -6 26 -5 -22 -23 -2
right_child=1 8 4 25 24 6 -8 -9 -10 -11 18 12 13 17 -16 -17 20 19 -20 -21 27 28 -24 -25 -26 -27 -28 -29 -30 -31
leaf_value=-0.14029691778123379 -0.15704671756336186 0.073902651028973726 0.052552657354253907 -0.086306823072610075 0.012839015361980186 0.012839015361980186 0.041949746745862354 0.20623594619657681 0.13820408961989664 -0.15346443672542986 -0.021444726741316804 0.039969843223570271 -0.014654555920344224 -0.014654555920344224 0.039969843223570271 0.16252865070296874 -0.08119747396572656 0.039969843223570271 0.0054621434867214574 -0.014654555920344224 -0.08119747396572656 -0.047036204434641939 0.01432566801308776 0.039969843223570271 -0.00072226475118377937 -0.00072226475118377937 -0.015077134700912258 -0.034968892748695697 -0.014654555920344224 -0.077701282091438784
leaf_weight=22 33 63 555 27 144 1317 1083 23 22 23 1429 31 1405 40 40 31 28 87 481 66 41 103 230 25 1942 284 615 318 653 20
leaf_count=22 33 63 555 27 144 1317 1083 23 22 23 1429 31 1405 40 40 31 28 87 481 66 41 103 230 25 1942 284 615 318 653 20
internal_value=-0.000234572 0.00439843 0.00981405 -0.0163088 0.0148643 0.0243366 0.0160684 0.0586681 -0.0118189 -0.0134725 -0.0118405 -0.0122047 -0.004979 -0.00802305 -0.0146546 0.0879627 -0.0243301 0.016883 -0.0146687 0.0399698 -0.022098 -0.0146546 -0.00408872 -0.0146546 0.00134142 -0.00996732 -0.0180728 -0.0409869 -0.0146546 -0.127105
internal_weight=11181 8061 6043 979 5064 2978 2400 578 2018 1996 1973 3120 1955 1893 1470 62 1165 423 1910 153 1143 784 270 1430 2086 926 642 359 756 53
internal_count=11181 8061 6043 979 5064 2978 2400 578 2018 1996 1973 3120 1955 1893 1470 62 1165 423 1910 153 1143 784 270 1430 2086 926 642 359 756 53
is_linear=0
shrinkage=0.05


Tree=73
num_leaves=31
num_cat=0
split_feature=11 18 7 6 24 0 12 24 5 10 1 0 1 24 0 21 14 21 10 5 23 24 18 5 5 7 18 9 18 2
split_gain=235.178 332.058 467.001 250.293 247.896 218.575 188.427 274.026 320.119 240.187 293.795 212.126 235.382 414.963 228.391 159.535 141.185 117.371 110.681 101.159 89.0465 88.8445 75.904 75.5918 74.8599 71.5376 71.4333 79.1216 62.0933 75.4766
threshold=0.60784998536109935 9.6500000953674334 1016.5499877929689 47.500000000000007 684.58499145507824 21.250000000000004 -0.56175000965595234 410.41499328613287 -0.38499999046325678 1.0000000180025095e-35 97.500000000000014 21.349999427795414 85.500000000000014 279.58500671386724 22.150000572204593 13.84999990463257 55.000000000000007 10.050000190734865 0.98295000195503246 2.6049998998641972 65.500000000000014 1000.415008544922 19.150000572204593 1.1150000095367434 -3.2350000143051143 1026.850036621094 15.84999990463257 0.78654998540878307 2.9500000476837163 2.6550000905990605
decision_type=2 2 2 2 2 2 2 2 2 2 2 2 2 2 2 2 2 2 2 2 2 2 2 2 2 2 2 2 2 2
left_child=6 19 4 26 -3 -5 7 8 9 10 -1 16 22 14 -14 -9 17 23 -18 25 -15 -21 -13 -8 -11 28 -4 -28 -2 -30
right_child=1 2 3 5 -6 -7 11 15 -10 24 -12 12 13 20 -16 -17 18 -19 -20 21 -22 -23 -24 -25 -26 -27 27 -29 29 -31
leaf_value=0.014343612522579137 -0.030487130615054758 0.17698496516793968 0.054928010158679298 0.015887320352587015 0.020471304974745256 0.054928010158679298 -0.041409713701230602 -0.017304232196692935 0.0067399823814822991 0.1251856887210456 0.17243580318266347 -0.013666234239418954 0.039094198721915767 -0.0077085229445876232 0.12062499402090908 0.0067399823814822991 -0.046849720959052529 -0.014321246745057968 -0.14175592548138388 0.015887320352587015 0.039094198721915767 -0.042948984309579386 0.045325100205705633 -0.027287182818440649 0.064320650441827734 -0.094988128413324768 0.18136823709038172 0.088602062285655869 0.012021694484671268 -0.012728091099486891
leaf_weight=565 222 80 33 588 37 327 215 1411 484 63 31 2076 75 573 138 594 181 978 37 397 62 66 56 289 255 23 33 43 552 697
leaf_count=565 222 80 33 588 37 327 215 1411 484 63 31 2076 75 573 138 594 181 978 37 397 62 66 56 289 255 23 33 43 552 697
internal_value=-0.000295315 0.0114178 0.0328561 0.0220435 0.127489 0.0158873 -0.00478465 0.00416791 0.0211597 0.041289 0.0225665 -0.0112944 -0.00325431 0.0190272 0.0794184 -0.00767972 -0.0253882 -0.0198618 -0.0629577 -0.00108141 -0.00123002 0.0158873 -0.0121167 -0.0402531 0.0763788 -0.00748887 0.0939687 0.122276 -0.00612077 -0.00178984
internal_weight=11181 3098 1141 1024 117 915 8083 3403 1398 914 596 4680 2980 848 213 2005 1700 1482 218 1957 635 463 2132 504 318 1494 109 76 1471 1249
internal_count=11181 3098 1141 1024 117 915 8083 3403 1398 914 596 4680 2980 848 213 2005 1700 1482 218 1957 635 463 2132 504 318 1494 109 76 1471 1249
is_linear=0
shrinkage=0.05


Tree=74
num_leaves=31
num_cat=0
split_feature=18 10 2 7 6 6 24 5 7 24 5 12 7 5 4 7 4 5 11 5 7 14 5 20 24 4 17 4 12 7
split_gain=209.323 202.477 236.029 298.641 197.584 191.159 120.441 109.238 104.436 136.858 139.184 109.462 101.394 89.2642 78.2934 69.8713 57.0979 48.1219 41.1752 40.8568 28.2828 27.4859 13.9585 12.9135 16.0353 12.8655 12.7189 12.6931 10.3933 4.53724
threshold=25.10000038146973 1.0000000180025095e-35 4.9049999713897714 1019.5499877929689 32.500000000000007 337.50000000000006 37.084999084472663 -1.7549999952316282 1023.3500061035157 105.41500091552736 1.7749999761581423 0.81174999475479137 1014.2500000000001 -2.195000052452087 -0.35500000417232508 1024.4500122070315 0.99500000476837169 -0.50499999523162831 0.87834998965263378 5.1949999332427987 1018.8500061035157 48.000000000000007 -4.9300000667572013 10.84999990463257 677.08499145507824 2.3349999189376835 0.11150000244379045 0.10500000044703485 0.81174999475479137 1025.850036621094
decision_type=2 2 2 2 2 2 2 2 2 2 2 2 2 2 2 2 2 2 2 2 2 2 2 2 2 2 2 2 2 2
left_child=1 6 3 5 28 12 16 -7 9 17 -11 14 -3 -6 -10 -13 29 -8 -2 21 -20 26 -23 25 -25 -21 -4 -22 -5 -1
right_child=18 2 19 4 13 7 8 -9 11 10 -12 15 -14 -15 -16 -17 -18 -19 20 23 27 22 -24 24 -26 -27 -28 -29 -30 -31
leaf_value=0.012768417339152594 0.038660931799172411 0.023933562276355416 -0.016405735008472509 0.038660931799172411 0.016800176302164096 -0.0011352115478093364 0.012768417339152594 0.023933562276355416 -0.00051284692912568455 -0.014148648962821586 0.0019197573214711598 -0.047621733328224558 0.038660931799172411 -0.0050605791948442188 -0.03500471647783545 -0.14676187855226022 0.038660931799172411 0.0019197573214711598 0.14882655255496502 -0.044432419830312334 0.10466137237492062 -0.016405735008472509 -0.038808756429352803 -0.0050605791948442188 -0.041765615351810115 -0.087124478876590736 -0.0050605791948442188 0.050315416976809503 0.016800176302164096 0.038660931799172411
leaf_weight=69 21 271 144 121 338 818 464 293 303 3393 1094 52 807 1692 360 27 83 182 20 60 21 100 128 20 39 25 169 22 23 22
leaf_count=69 21 271 144 121 338 818 464 293 303 3393 1094 52 807 1692 360 27 83 182 20 60 21 100 128 20 39 25 169 22 23 22
internal_value=-0.000357613 -0.00095283 0.00644045 0.0107244 -0.00240197 0.0237608 -0.00712265 0.00920619 -0.00833684 -0.00580225 -0.0089289 -0.0258706 0.0386609 -0.00506058 -0.0192415 -0.0815051 0.0338737 0.0127684 0.0782747 -0.0208456 0.0997041 -0.0145456 -0.0277509 -0.0445143 -0.0265423 -0.0569889 -0.00506058 0.0768565 0.0386609 0.0127684
internal_weight=11181 11097 5048 4363 2174 2189 6049 1111 5875 5133 4487 742 1078 2030 663 79 174 646 84 685 63 541 228 144 59 85 313 43 144 91
internal_count=11181 11097 5048 4363 2174 2189 6049 1111 5875 5133 4487 742 1078 2030 663 79 174 646 84 685 63 541 228 144 59 85 313 43 144 91
is_linear=0
shrinkage=0.05


Tree=75
num_leaves=31
num_cat=0
split_feature=11 18 7 11 7 24 21 7 5 6 12 6 23 20 12 0 9 11 5 6 18 2 0 1 9 18 9 1 9 5
split_gain=208.667 269.248 428.67 236.743 341.682 222.994 208.901 167.377 148.974 203.131 194.397 307.343 246.849 164.467 139.582 102.619 228.507 122.893 93.8588 97.4101 67.925 61.561 59.2583 101.096 41.2228 34.4394 33.3131 30.4055 29.7863 22.196
threshold=0.60784998536109935 9.6500000953674334 1016.5499877929689 0.87834998965263378 1022.6499938964845 684.58499145507824 10.949999809265138 1027.299987792969 -0.35500000417232508 27.500000000000004 1.0000000180025095e-35 322.50000000000006 63.500000000000007 17.550000190734867 1.0000000180025095e-35 22.150000572204593 -1.0000000180025095e-35 -1.0000000180025095e-35 1.9049999713897707 972.50000000000011 3.1499999761581425 2.5699999332427983 22.150000572204593 92.500000000000014 1.0000000180025095e-35 25.10000038146973 -0.78654998540878285 94.500000000000014 -1.0000000180025095e-35 1.9950000047683718
decision_type=2 2 2 2 2 2 2 2 2 2 2 2 2 2 2 2 2 2 2 2 2 2 2 2 2 2 2 2 2 2
left_child=7 18 5 4 6 29 -4 8 9 27 11 -11 -12 15 -15 17 -17 -10 20 -20 22 24 23 -2 -22 -5 -23 -1 -16 -3
right_child=1 2 3 25 -6 -7 -8 -9 13 10 12 -13 -14 14 28 16 -18 -19 19 -21 21 26 -24 -25 -26 -27 -28 -29 -30 -31
leaf_value=0.069460921906507933 -0.15171411412733574 0.15195487206012517 0.014777356679121285 0.014777356679121285 0.014777356679121285 0.019222904490055266 0.091910881932699751 0.12733647599816322 -0.013859654204510933 0.027124547980460569 -0.028336738341234721 -0.0053717591738058354 0.0095897615029630831 0.0093084704092673293 0.13411395251750946 -0.013859654204510933 0.0093084704092673293 -0.037771867068503197 0.014777356679121285 -0.032753893351009873 0.014777356679121285 -0.00065931601263708871 -0.017602960092117818 -0.045979181450407663 -0.00065931601263708871 0.094718906188768048 -0.017068833051332076 0.15146272219717505 0.066125362199179985 0.21181214593705677
leaf_weight=26 27 59 70 449 107 37 335 24 1009 1187 1096 1880 705 95 24 829 308 831 509 108 233 267 187 34 226 63 366 20 49 21
leaf_count=26 27 59 70 449 107 37 335 24 1009 1187 1096 1880 705 95 24 829 308 831 509 108 233 267 187 34 226 63 366 20 49 21
internal_value=-0.000280497 0.0107527 0.0300572 0.0196979 0.0494818 0.120723 0.0750413 -0.00450923 -0.00490188 0.000536607 -0.000451592 0.00720506 -0.0134904 -0.0133994 0.0347326 -0.0161156 -0.00430634 -0.023413 -0.000502478 0.0147774 -0.00794016 -0.00257544 -0.0315622 -0.0743554 0.011366 0.0147774 -0.0126846 0.105114 0.0884778 0.167667
internal_weight=11181 3098 1141 1024 512 117 405 8083 8059 4914 4868 3067 1801 3145 168 2977 1137 1840 1957 617 1340 1092 248 61 459 512 633 46 73 80
internal_count=11181 3098 1141 1024 512 117 405 8083 8059 4914 4868 3067 1801 3145 168 2977 1137 1840 1957 617 1340 1092 248 61 459 512 633 46 73 80
is_linear=0
shrinkage=0.05


Tree=76
num_leaves=31
num_cat=0
split_feature=11 7 18 8 6 5 0 18 1 24 10 12 24 20 7 0 18 18 4 7 17 0 5 1 18 24 23 11 1 9
split_gain=190.317 216.618 233.697 245.197 209.641 197.678 180.832 204.128 165.745 210.258 102.724 96.1223 95.7536 94.2275 110.716 173.686 89.2797 82.1072 81.5181 76.466 72.3721 59.9906 41.6813 41.0773 37.5852 31.3315 29.1423 34.2134 27.6782 20.6962
threshold=-0.60784998536109913 1021.6499938964845 3.6499999761581425 129.50000000000003 82.500000000000014 -0.64499998092651356 20.650000572204593 11.650000095367433 97.500000000000014 32.08500003814698 0.98295000195503246 1.0000000180025095e-35 37.084999084472663 14.750000000000002 1022.3500061035157 19.94999980926514 1.5500000119209292 19.550000190734867 0.99500000476837169 1016.3500061035157 0.11749999970197679 22.94999980926514 1.6800000071525576 63.500000000000007 1.3499999642372134 958.75000000000011 45.500000000000007 -0.87834998965263356 87.500000000000014 -0.6035499870777129
decision_type=2 2 2 2 2 2 2 2 2 2 2 2 2 2 2 2 2 2 2 2 2 2 2 2 2 2 2 2 2 2
left_child=10 2 3 28 5 11 -6 -8 9 -3 12 -4 18 14 15 -14 22 -18 -1 23 26 -7 -11 -15 -5 -26 27 -12 -2 -16
right_child=1 8 4 24 6 21 7 -9 -10 16 20 -13 13 19 29 -17 17 -19 -20 -21 -22 -23 -24 -25 25 -27 -28 -29 -30 -31
leaf_value=0.020326019002214004 -0.077224706404882937 0.07684193568817084 0.035341807078846078 -0.075710316821932799 -0.0005549048259796144 0.02297967587069679 0.0074605915939103817 0.02297967587069679 -0.14391098071051681 -0.13211756462142582 0.023821507268067862 0.086342500675426315 -0.077870958947937996 -0.0039868713234616866 -0.035394807504207801 -0.019006278745711709 -0.012442328724560664 0.032426411534290066 0.11273123141257996 -0.0039868713234616866 0.11109757361312707 0.11636312603950501 -0.044433103351173002 0.020326019002214004 -0.002574992993484355 -0.028930250924278162 0.051500777424209644 -0.039234801871435986 -0.15012882153193158 -0.0039868713234616866
leaf_weight=21 23 69 162 20 1161 338 2174 989 23 21 35 215 134 57 99 1933 1800 77 31 166 24 25 28 156 774 132 36 35 30 393
leaf_count=21 23 69 162 20 1161 338 2174 989 23 21 35 215 134 57 99 1933 1800 77 31 166 24 25 28 156 774 132 36 35 30 393
internal_value=-0.000330033 0.00372833 0.00846483 -0.0138979 0.0127881 0.0373798 0.00857956 0.0154761 -0.0104553 -0.00891676 -0.0108154 0.0644271 -0.0127072 -0.0138976 -0.0173436 -0.0228224 -0.0119891 -0.0102498 0.0545496 0.00936986 0.0326948 0.0229797 -0.0786164 0.020326 -0.00791149 -0.00641483 0.0149433 -0.00385776 -0.118491 -0.00398687
internal_weight=11181 8061 6043 979 5064 740 4324 3163 2018 1995 3120 377 2990 2938 2559 2067 1926 1877 52 379 130 363 49 213 926 906 106 70 53 492
internal_count=11181 8061 6043 979 5064 740 4324 3163 2018 1995 3120 377 2990 2938 2559 2067 1926 1877 52 379 130 363 49 213 926 906 106 70 53 492
is_linear=0
shrinkage=0.05


Tree=77
num_leaves=31
num_cat=0
split_feature=10 18 12 9 24 18 6 24 5 5 7 0 4 18 11 24 0 3 1 11 18 24 0 7 24 0 7 6 9 7
split_gain=180.46 155.892 154.097 599.273 396.468 209.586 265.737 140.942 160.054 191.992 155.727 147.554 131.09 157.353 125.67 101.808 96.8668 170.767 125.256 96.7896 91.5292 91.3307 87.4698 74.392 59.8793 51.225 49.3493 47.0172 40.3946 31.9278
threshold=0.78654998540878307 26.35000038146973 0.81174999475479137 -1.0000000180025095e-35 522.08499145507824 5.0499999523162851 337.50000000000006 206.25000000000003 -1.8450000286102293 1.294999957084656 1018.1499938964845 20.150000572204593 -1.0549999475479124 11.949999809265138 0.60784998536109935 336.25000000000006 20.550000190734867 327.50000000000006 92.500000000000014 0.87834998965263378 16.750000000000004 32.08500003814698 23.550000190734867 1020.8500061035157 768.75000000000011 22.750000000000004 1021.9500122070314 472.50000000000006 1.0000000180025095e-35 1025.350036621094
decision_type=2 2 2 2 2 2 2 2 2 2 2 2 2 2 2 2 2 2 2 2 2 2 2 2 2 2 2 2 2 2
left_child=1 7 5 4 -4 14 12 8 10 21 11 -1 13 -7 -2 -14 17 29 -19 25 27 -10 26 -12 -6 -18 28 -8 -5 -9
right_child=2 -3 3 22 24 6 20 16 9 -11 23 -13 15 -15 -16 -17 19 18 -20 -21 -22 -23 -24 -25 -26 -27 -28 -29 -30 -31
leaf_value=-0.00056827822766343029 -0.12897562185923259 0.085390041842676553 0.23803936472305887 -0.11398345098850576 0.061526092633287954 0.028780770531067479 0.008806024808288071 -0.012713312466231081 0.040674780953308842 0.040674780953308842 0.040674780953308842 0.040674780953308842 0.058156524555959613 0.19960050508379937 -0.015241790543128129 0.022953490939113572 -0.012713312466231081 -0.038025381179750531 -0.12091500719543546 -0.00056827822766343029 0.022953490939113572 -0.00056827822766343029 0.016388902035744293 -0.00056827822766343029 -0.014706138552476964 -0.0049842846165888844 -0.14949810041321651 -0.011822311331243099 -0.057599769679981531 -0.080300910826772459
leaf_weight=138 33 49 26 47 47 26 242 869 145 123 215 141 332 28 92 476 1504 266 55 693 260 1415 23 111 57 3133 27 490 98 20
leaf_count=138 33 49 26 47 47 26 242 869 145 123 215 141 332 28 92 476 1504 266 55 693 260 1415 23 111 57 3133 27 490 98 20
internal_value=-0.000310691 -0.00354683 0.0121577 -0.0197508 0.0634038 0.0173979 0.0216229 -0.00404048 0.0066407 -0.000568278 0.028722 -0.000568278 0.0419298 0.117354 -0.0452675 0.036889 -0.00777726 -0.0205487 -0.0522277 -0.00487793 0.00397721 -0.000568278 -0.0751872 0.0406748 0.019745 -0.00914337 -0.0874328 -0.00534144 -0.0758759 -0.0127133
internal_weight=11181 8877 2304 325 130 1979 1854 8828 2288 1683 605 279 862 54 125 808 6540 1210 321 5330 992 1560 195 326 104 4637 172 732 145 889
internal_count=11181 8877 2304 325 130 1979 1854 8828 2288 1683 605 279 862 54 125 808 6540 1210 321 5330 992 1560 195 326 104 4637 172 732 145 889
is_linear=0
shrinkage=0.05


Tree=78
num_leaves=31
num_cat=0
split_feature=11 7 5 0 18 24 4 7 7 7 5 6 12 6 23 20 5 12 3 12 11 3 5 10 18 2 7 7 5 0
split_gain=171.2 219.563 274.496 332.341 362.992 239.45 232.597 203.162 196.689 150.253 127.551 175.196 166.589 264.979 222.309 127.312 119.065 116.144 97.8105 175.998 119.944 95.4756 92.092 80.3855 78.1128 76.0245 61.5433 39.2989 38.5785 34.1783
threshold=0.60784998536109935 1023.1499938964845 -2.3950001001358028 19.849999427795414 16.94999980926514 596.25000000000011 1.3350000381469729 1018.7500000000001 1016.6499938964845 1027.299987792969 -0.33500000834465021 27.500000000000004 1.0000000180025095e-35 317.50000000000006 63.500000000000007 17.550000190734867 1.9950000047683718 1.0000000180025095e-35 243.50000000000003 0.81174999475479137 1.0000000180025095e-35 276.50000000000006 -1.814999997615814 -1.0000000180025095e-35 4.5499999523162851 1.544999957084656 1020.1499938964845 1026.850036621094 1.9950000047683718 19.550000190734867
decision_type=2 2 2 2 2 2 2 2 2 2 2 2 2 2 2 2 2 2 2 2 2 2 2 2 2 2 2 2 2 2
left_child=9 2 3 7 23 6 16 -2 -6 10 11 -1 13 -13 -14 18 -4 -17 20 -20 -12 25 -23 -5 -8 29 28 -27 -7 -3
right_child=1 21 5 4 8 26 24 -9 -10 -11 15 12 14 -15 -16 17 -18 -19 19 -21 -22 22 -24 -25 -26 27 -28 -29 -30 -31
leaf_value=0.09765488113398138 -0.14277448758246408 0.012375299712002975 0.032587419958048737 -0.020916149352305839 0.17193233370780947 -0.011986025265578962 0.044067144698717378 -0.034395379676966209 0.045312160293354935 0.12081936225295067 -0.0058250119132801864 0.025415466569043033 -0.026405556581806641 -0.004818074875207164 0.0094146491578643438 0.0078021812371405113 0.098964656303326293 0.080932941160031732 -0.02042738443730354 -0.10342292057906799 -0.032405917374156067 -0.019312758612282137 -0.140599318927732 0.0092405520822836582 0.1530662204210575 -0.013410085997063035 -0.021533577526930633 -0.075437375020097813 0.025013378338311104 0.072849772890147421
leaf_weight=46 63 25 681 427 38 81 22 64 159 24 2053 1172 1106 1899 712 95 75 70 289 82 535 34 29 458 65 471 168 27 173 38
leaf_count=46 63 25 681 427 38 81 22 64 159 24 2053 1172 1106 1899 712 95 75 70 289 82 535 34 29 458 65 471 168 27 173 38
internal_value=-0.000269861 0.00972385 0.0164088 -0.000627251 0.00835401 0.0326908 0.048082 -0.0771448 0.0697364 -0.00410019 -0.0044722 0.000532566 -0.000381246 0.00672009 -0.012377 -0.0123783 0.0391725 0.0303661 -0.0147618 -0.0387714 -0.0113199 -0.0167804 -0.0751431 -0.00530963 0.125503 -0.0102263 0.00194471 -0.016773 0.0174737 0.0415236
internal_weight=11181 3098 2474 1209 1082 1265 843 127 197 8083 8059 4935 4889 3071 1818 3124 756 165 2959 371 2588 624 63 885 87 561 422 498 254 63
internal_count=11181 3098 2474 1209 1082 1265 843 127 197 8083 8059 4935 4889 3071 1818 3124 756 165 2959 371 2588 624 63 885 87 561 422 498 254 63
is_linear=0
shrinkage=0.05


Tree=79
num_leaves=31
num_cat=0
split_feature=10 2 7 6 7 6 0 7 18 5 5 7 3 5 24 11 24 11 3 7 11 1 1 5 3 7 5 7 23 24
split_gain=162.591 196.868 231.001 171.822 167.113 171.11 231.69 135.188 133.529 110.811 105.519 104.561 167.524 108.401 148.009 102.805 90.0104 81.6427 110.653 61.3772 60.1296 50.1811 42.3137 35.6396 33.0341 29.261 25.0033 21.494 13.8658 11.0035
threshold=1.0000000180025095e-35 4.9849998950958261 1019.5499877929689 32.500000000000007 1013.1499938964845 337.50000000000006 21.750000000000004 1027.850036621094 20.650000572204593 -0.29500000178813929 -2.195000052452087 1023.3500061035157 306.50000000000006 1.7749999761581423 101.25000000000001 1.0000000180025095e-35 730.41500854492199 -1.0000000180025095e-35 337.50000000000006 1025.9500122070315 1.0000000180025095e-35 90.500000000000014 88.500000000000014 4.305000066757203 340.50000000000006 1018.7500000000001 0.58499997854232799 1016.3500061035157 83.500000000000014 847.91500854492199
decision_type=2 2 2 2 2 2 2 2 2 2 2 2 2 2 2 2 2 2 2 2 2 2 2 2 2 2 2 2 2 2
left_child=7 2 4 9 26 6 -6 8 11 22 21 13 20 14 -1 -7 -15 -10 25 -11 -13 -5 -4 27 -14 -19 -2 29 -25 -3
right_child=1 23 3 10 5 15 -8 -9 17 19 -12 12 24 16 -16 -17 -18 18 -20 -21 -22 -23 -24 28 -26 -27 -28 -29 -30 -31
leaf_value=0.01232043055343152 -0.0048367901704103903 -0.013605891330207282 0.046487788217408316 0.022994421144723727 0.027515036529841309 -0.0015751249889816932 0.073243694032231965 0.11794794960455462 0.01232043055343152 0.022994421144723727 -0.0048367901704103903 -0.034991431217264529 -0.16192055707392486 0.01232043055343152 -0.013196846255171544 0.027515036529841309 -0.012049836333836876 0.14982585878599258 0.01232043055343152 0.10825811245224692 -0.0054405040122935035 -0.0048367901704103903 0.13452049822379383 -0.041849767513987092 -0.074057505801320075 0.080085723537881418 0.056698361008117593 -0.0048367901704103903 -0.0065933249890804298 -0.03354979365379835
leaf_weight=668 276 235 21 300 556 568 375 22 105 65 1714 325 23 691 3351 448 401 21 38 22 366 54 39 180 20 53 24 89 33 98
leaf_count=668 276 235 21 300 556 568 375 22 105 65 1714 325 23 691 3351 448 401 21 38 22 366 54 39 180 20 53 24 89 33 98
internal_value=-0.000253583 0.00633384 0.0100408 -0.00141763 0.0213361 0.0268673 0.0423518 -0.00577234 -0.00622134 0.0508256 -0.00483679 -0.00765117 -0.025298 -0.00511688 -0.00891252 0.0126783 0.00885264 0.032292 0.0632634 0.0229944 -0.0193393 0.0224706 0.103709 -0.0197144 -0.121054 0.0998768 -0.00483679 -0.0112989 -0.0363875 -0.0194753
internal_weight=11181 5097 4462 2215 2247 1947 931 6084 6062 147 2068 5845 734 5111 4019 1016 1092 217 112 87 691 354 60 635 43 74 300 422 213 333
internal_count=11181 5097 4462 2215 2247 1947 931 6084 6062 147 2068 5845 734 5111 4019 1016 1092 217 112 87 691 354 60 635 43 74 300 422 213 333
is_linear=0
shrinkage=0.05


Tree=80
num_leaves=21
num_cat=0
split_feature=18 7 11 7 5 0 24 5 7 24 21 20 12 0 23 3 2 18 1 8
split_gain=159.617 196.18 159.537 178.994 247.248 217.702 206.219 121.91 168.34 190.965 125.414 119.416 109.865 90.2539 72.6116 67.2688 43.4827 21.9211 14.7582 2.22091
threshold=1.5500000119209292 1027.850036621094 0.60784998536109935 1023.1499938964845 -2.3950001001358028 20.650000572204593 596.25000000000011 -0.35500000417232508 1015.5499877929689 407.08500671386724 15.750000000000002 17.550000190734867 1.0000000180025095e-35 22.150000572204593 70.500000000000014 204.50000000000003 1.294999957084656 1.0500000119209292 88.500000000000014 613.50000000000011
decision_type=2 2 2 2 2 2 2 2 2 2 2 2 2 2 2 2 2 2 2 2
left_child=14 2 7 4 5 -4 -6 8 10 -10 -2 13 -13 -9 -1 16 -5 -16 -17 -19
right_child=1 -3 3 15 6 -7 -8 11 9 -11 -12 12 -14 -15 17 18 -18 19 -20 -21
leaf_value=-0.1313891602754593 -0.020212891272952949 0.15681939661502839 -0.027085467059857912 0.059268022791065023 0.045469913825757317 0.01067070397178127 0.0025088388886654739 -0.020500733282313013 0.020237664941460218 -0.004061882772692961 0.011812039150616824 0.0080095050414781717 0.077600104718992161 -0.002533674389552354 -0.078201366662979124 -0.027085467059857912 -0.0048016470343973799 -0.043686685778877958 -0.0025857353834983182 -0.027085467059857912
leaf_weight=25 1185 20 224 29 842 981 418 1835 1591 1644 412 95 73 1129 25 179 305 22 85 62
leaf_count=25 1185 20 224 29 842 981 418 1835 1591 1644 412 95 73 1129 25 179 305 22 85 62
internal_value=-0.000293248 0.000364712 8.09457e-05 0.00977855 0.0157319 -0.000460855 0.0312177 -0.00364881 0.00133168 0.00788884 -0.011951 -0.0113326 0.029676 -0.013657 -0.0545356 -0.0147614 0.000761288 -0.0369087 -0.0270855 -0.0270855
internal_weight=11181 11047 11027 3063 2465 1205 1260 7964 4832 3235 1597 3132 168 2964 134 598 334 109 264 84
internal_count=11181 11047 11027 3063 2465 1205 1260 7964 4832 3235 1597 3132 168 2964 134 598 334 109 264 84
is_linear=0
shrinkage=0.05


Tree=81
num_leaves=31
num_cat=0
split_feature=10 18 12 9 24 18 6 4 18 18 11 11 24 0 23 0 18 7 3 18 24 18 9 6 23 2 5 15 9 0
split_gain=149.123 126.76 124.865 531.616 340.773 179.123 205.78 119.2 135.844 118.163 114.395 113.632 188.905 204.77 101.085 100.3 76.4785 75.274 65.9458 54.6915 53.5031 51.7918 44.7263 42.9633 39.1132 38.61 22.3904 20.0034 13.236 12.1411
threshold=0.78654998540878307 26.35000038146973 0.81174999475479137 -1.0000000180025095e-35 522.08499145507824 5.0499999523162851 337.50000000000006 -1.0549999475479124 11.949999809265138 1.3499999642372134 0.60784998536109935 -0.87834998965263356 206.25000000000003 21.650000572204593 53.500000000000007 20.550000190734867 16.750000000000004 1020.0499877929689 76.500000000000014 8.8499999046325701 768.75000000000011 14.34999990463257 0.3793999999761582 472.50000000000006 71.500000000000014 4.7349998950958261 1.544999957084656 1.2450000047683718 1.0000000180025095e-35 21.849999427795414
decision_type=2 2 2 2 2 2 2 2 2 2 2 2 2 2 2 2 2 2 2 2 2 2 2 2 2 2 2 2 2 2
left_child=1 9 5 4 -4 10 7 8 -7 24 -2 18 13 -13 -9 -14 23 19 25 -5 -6 -20 28 -8 -1 -11 -12 -3 -19 -18
right_child=2 27 3 17 20 6 16 14 -10 11 26 12 15 -15 -16 -17 29 22 21 -21 -22 -23 -24 -25 -26 -27 -28 -29 -30 -31
leaf_value=-0.10950958451320386 -0.12206870267788571 0.038464513067156078 0.22251388430595398 -0.093485966511070731 0.059626410077226924 0.02712940178238429 0.0081653872214806546 0.020805548219727781 0.18584576424743449 0.010285880981743697 -0.063131948737871077 0.0034824047668127176 -0.018788800847795675 0.036611894689393798 0.057402724248142981 -0.0021374672609847565 0.0081653872214806546 -0.13807815265011145 -0.032758292979140881 -0.0022366854939788869 -0.012432833834502258 -0.0081700584989963018 -0.050848147292167717 -0.011284618912451798 -0.037969758810608517 -0.024542738446158119 -0.011284618912451798 0.1034634725287043 -0.097287776927615324 0.020805548219727781
leaf_weight=29 33 20 26 24 47 26 242 534 28 269 21 1462 1137 498 274 4420 61 37 547 52 57 297 39 490 56 113 71 29 43 199
leaf_count=29 33 20 26 24 47 26 242 534 28 269 21 1462 1137 498 274 4420 61 37 547 52 57 297 39 490 56 113 71 29 43 199
internal_value=-0.000322577 -0.00326436 0.0110117 -0.0177113 0.0606087 0.0157287 0.0196346 0.0375044 0.109427 -0.0037095 -0.0422039 -0.00313912 -0.000837081 0.0125093 0.0326977 -0.00554444 0.00410669 -0.0699247 -0.0172537 -0.0310522 0.0201324 -0.0250552 -0.0947508 -0.00447477 -0.0623775 -1.68258e-05 -0.0135567 0.0769333 -0.116153 0.0208055
internal_weight=11181 8877 2304 325 130 1979 1854 862 54 8828 125 8743 7517 1960 808 5557 992 195 1226 76 104 844 119 732 85 382 92 49 80 260
internal_count=11181 8877 2304 325 130 1979 1854 862 54 8828 125 8743 7517 1960 808 5557 992 195 1226 76 104 844 119 732 85 382 92 49 80 260
is_linear=0
shrinkage=0.05


Tree=82
num_leaves=31
num_cat=0
split_feature=10 12 9 6 24 15 10 18 24 18 23 7 3 5 18 20 23 7 7 0 4 12 7 18 5 12 1 7 20 24
split_gain=141.519 165.487 478.655 196.687 186.585 152.915 121.533 140.335 134.714 100.994 150.841 115.923 89.1521 85.1128 81.918 75.7378 65.6592 88.2661 60.4107 58.4145 92.1454 66.0603 102.53 53.7285 52.2243 52.0512 50.2412 45.2161 43.9969 43.0934
threshold=0.91595000028610241 0.81174999475479137 -1.0000000180025095e-35 472.50000000000006 522.08499145507824 1.1500000357627871 0.3793999999761582 20.650000572204593 684.58499145507824 7.1499998569488534 59.500000000000007 1024.1499633789065 185.50000000000003 -1.8450000286102293 16.750000000000004 18.250000000000004 65.500000000000014 1018.8500061035157 1020.0499877929689 21.349999427795414 0.92500001192092907 -0.56175000965595234 1022.2500000000001 9.6500000953674334 1.9049999713897707 1.0000000180025095e-35 79.500000000000014 1018.4500122070314 8.1500000953674334 239.58499908447268
decision_type=2 2 2 2 2 2 2 2 2 2 2 2 2 2 2 2 2 2 2 2 2 2 2 2 2 2 2 2 2 2
left_child=5 3 4 9 -3 19 7 15 16 -2 11 -11 -9 -12 -5 24 29 -18 23 20 21 -1 -23 -4 -7 -14 -21 28 -10 -8
right_child=1 2 18 14 -6 6 8 12 27 10 13 -13 25 -15 -16 -17 17 -19 -20 26 -22 22 -24 -25 -26 -27 -28 -29 -30 -31
leaf_value=-0.0135331001883989 0.015300341771239396 0.20984712421894072 -0.098758833245797595 -0.020522539593819347 0.026301535500420466 -0.0055510138958676375 0.042464210364266154 0.099703645123065343 -0.0055510138958676375 0.03083797314218897 0.19666715413331987 0.073464960777613122 0.016604632291757283 0.079710595582922303 0.015300341771239396 0.016604632291757283 0.11323334344283298 0.042464210364266154 -0.11034565944224597 -0.0135331001883989 -0.0135331001883989 -0.059164691144846883 -0.0135331001883989 0.0056571533745487356 0.0047396506358117103 0.068828060310714104 -0.0055510138958676375 -0.0055510138958676375 0.014599307980693997 0.015543177288649465
leaf_weight=139 147 20 22 307 45 3944 125 45 84 495 21 49 131 60 109 177 54 73 80 749 495 344 190 28 1264 49 777 436 251 471
leaf_count=139 147 20 22 307 45 3944 125 45 84 495 21 49 131 60 109 177 54 73 80 749 495 344 190 28 1264 49 777 436 251 471
internal_value=-0.000289264 0.0146833 -0.0280074 0.0216905 0.0827771 -0.00240265 0.00144392 -0.00193097 0.0141167 0.036625 0.0463756 0.0368973 0.0367567 0.110033 -0.00602428 -0.00354745 0.0296212 0.0622627 -0.0833996 -0.0125459 -0.0209616 -0.0344631 -0.0428821 -0.0402859 -0.00475572 0.02102 -0.00610461 -0.000422595 0.014398 0.0226657
internal_weight=11181 1383 195 1188 65 9798 7104 5610 1494 772 625 544 225 81 416 5385 723 127 130 2694 1168 673 534 50 5208 180 1526 771 335 596
internal_count=11181 1383 195 1188 65 9798 7104 5610 1494 772 625 544 225 81 416 5385 723 127 130 2694 1168 673 534 50 5208 180 1526 771 335 596
is_linear=0
shrinkage=0.05


Tree=83
num_leaves=31
num_cat=0
split_feature=11 7 12 3 2 2 10 1 18 0 24 3 7 3 7 24 3 4 24 0 4 0 11 3 7 18 4 7 5 4
split_gain=131.414 159.726 208.14 263.509 166.492 165.513 121.548 159.944 142.816 119.042 182.755 141.158 95.5097 171.077 136.703 167.935 203.411 129.797 133.132 228.67 115.576 110.372 109.393 148.296 92.7515 87.2031 86.1637 85.6853 73.2962 64.7162
threshold=-0.60784998536109913 1022.9500122070314 0.81174999475479137 262.50000000000006 1.1800000071525576 5.2349998950958261 1.0000000180025095e-35 97.500000000000014 20.650000572204593 21.250000000000004 517.08499145507824 271.00000000000006 1022.3500061035157 41.500000000000007 1020.2500000000001 37.084999084472663 248.50000000000003 0.34499999880790716 391.25000000000006 21.849999427795414 -1.0549999475479124 20.44999980926514 -0.87834998965263356 295.50000000000006 1023.9500122070314 4.9500000476837167 0.25499999523162847 1016.3500061035157 0.98000001907348644 -1.3550000190734861
decision_type=2 2 2 2 2 2 2 2 2 2 2 2 2 2 2 2 2 2 2 2 2 2 2 2 2 2 2 2 2 2
left_child=12 5 4 24 25 6 7 8 -2 11 -11 -8 14 -14 17 -16 20 21 19 -19 -17 -1 -15 26 -4 -3 -24 -9 -23 -6
right_child=1 2 3 -5 29 -7 9 27 -10 10 -12 -13 13 22 15 16 -18 18 -20 -21 -22 28 23 -25 -26 -27 -28 -29 -30 -31
leaf_value=-0.12735514932058076 -0.00092278126346724803 0.015118830327742331 -0.01193586549772991 -0.19788067417925803 0.014953819004365721 -0.014233801615835043 -0.0024478931407123346 0.16094919244448347 0.054946480106030197 0.049031182057608806 0.015376716372294128 0.015376716372294128 0.088621272940616141 -0.020668101897889514 0.078619501859911026 -0.002757797609913246 -0.14409176002849231 0.0067084907614828456 -0.017271390158574856 0.091077598492902159 -0.051747585369286524 -0.010155599225975351 0.021095632114418731 0.11325504116714001 -0.088707393979686397 0.067865126895657199 -0.075424148087148313 0.020819931104779244 -0.048903794601104174 -0.017777941505419153
leaf_weight=22 2950 46 127 29 185 854 494 24 119 560 1011 641 61 284 31 202 44 322 266 107 298 1118 161 40 57 122 27 20 137 822
leaf_count=22 2950 46 127 29 185 854 494 24 119 560 1011 641 61 284 31 202 44 322 266 107 298 1118 161 40 57 122 27 20 137 822
internal_value=-0.000260963 0.00311139 -0.0123208 -0.0577968 -0.00407712 0.00632133 0.00933802 0.00260058 0.00124354 0.0170888 0.0260027 0.00475077 -0.00897395 0.00946999 -0.0131233 -0.0345751 -0.0410255 -0.00686833 0.0105198 0.0277516 -0.0319557 -0.0163317 3.98545e-05 0.025834 -0.0357183 0.0420023 0.00723375 0.0972541 -0.0143855 -0.0117647
internal_weight=11181 8061 1388 213 1175 6673 5819 3113 3069 2706 1571 1135 3120 573 2547 575 544 1972 695 429 500 1277 512 228 184 168 188 44 1255 1007
internal_count=11181 8061 1388 213 1175 6673 5819 3113 3069 2706 1571 1135 3120 573 2547 575 544 1972 695 429 500 1277 512 228 184 168 188 44 1255 1007
is_linear=0
shrinkage=0.05


Tree=84
num_leaves=21
num_cat=0
split_feature=18 7 11 7 5 0 7 2 0 8 12 23 3 2 20 18 1 24 8 23
split_gain=128.461 174.248 129.635 147.603 227.877 201.827 185.519 99.3252 128.28 144.707 105.802 62.3431 57.872 34.9822 20.3883 18.4256 14.5659 9.32668 1.74817 1.49307
threshold=1.5500000119209292 1027.850036621094 0.60784998536109935 1023.0499877929689 -2.4550000429153438 20.650000572204593 1016.7500000000001 5.3199999332427987 21.849999427795414 318.00000000000006 -0.56175000965595234 70.500000000000014 204.50000000000003 1.294999957084656 10.34999990463257 1.0500000119209292 88.500000000000014 700.41500854492199 613.50000000000011 83.500000000000014
decision_type=2 2 2 2 2 2 2 2 2 2 2 2 2 2 2 2 2 2 2 2
left_child=11 2 7 4 5 -4 -6 8 10 -10 -2 -1 13 -5 19 -13 -14 -16 -17 -9
right_child=1 -3 3 12 6 -7 -8 14 9 -11 -12 15 16 -15 17 18 -18 -19 -20 -21
leaf_value=-0.12015436518192291 -0.0017094473899599027 0.14776000261306763 -0.024316248379209468 0.053758362590752798 0.080577366471927814 0.0093304209447086731 0.021774411775207673 -0.024316248379209468 0.01448614666414498 -0.0017094473899599027 -0.010995077897481664 -0.070602257490158082 -0.024316248379209468 -0.0037085560930618013 -0.010995077897481664 -0.039592324061827229 -0.0007924940778387034 -0.017655663138345566 -0.024316248379209468 -0.017655663138345566
leaf_weight=25 1472 20 197 29 152 965 1141 342 2010 1702 2018 25 186 305 138 22 88 166 62 116
leaf_count=25 1472 20 197 29 152 965 1141 342 2010 1702 2018 25 186 305 138 22 88 166 62 116
internal_value=-0.000280679 0.000309583 4.21478e-05 0.00878381 0.014246 -0.00182303 0.0286871 -0.00331994 -0.00150365 0.00496676 -0.00838565 -0.0489421 -0.0132717 0.00128109 -0.0204865 -0.032609 -0.0243162 -0.0109951 -0.0243162 -0.0243162
internal_weight=11181 11047 11027 3063 2455 1162 1293 7964 7202 3712 3490 134 608 334 762 109 274 304 84 458
internal_count=11181 11047 11027 3063 2455 1162 1293 7964 7202 3712 3490 134 608 334 762 109 274 304 84 458
is_linear=0
shrinkage=0.05


Tree=85
num_leaves=31
num_cat=0
split_feature=10 12 9 6 24 15 10 24 18 18 23 7 0 18 0 20 23 7 15 7 17 5 0 4 8 7 1 7 24 20
split_gain=118.655 145.636 431.845 172.314 163.21 123.566 100.454 117.896 114.378 93.1023 132.83 106.52 81.5981 78.57 73.7234 67.5363 58.0148 77.7477 56.1192 49.8243 52.0568 48.6112 47.4497 92.4995 70.9748 60.6304 42.9044 40.7353 39.3112 39.2411
threshold=0.91595000028610241 0.81174999475479137 -1.0000000180025095e-35 457.50000000000006 522.08499145507824 1.1500000357627871 0.3793999999761582 684.58499145507824 20.650000572204593 7.1499998569488534 59.500000000000007 1024.1499633789065 19.849999427795414 16.750000000000004 21.44999980926514 18.250000000000004 65.500000000000014 1018.8500061035157 1.7099999785423281 1020.0499877929689 0.10449999943375589 1.9049999713897707 21.050000190734867 0.92500001192092907 1.5000000000000002 1022.3500061035157 82.500000000000014 1018.4500122070314 239.58499908447268 8.1500000953674334
decision_type=2 2 2 2 2 2 2 2 2 2 2 2 2 2 2 2 2 2 2 2 2 2 2 2 2 2 2 2 2 2
left_child=5 3 4 9 -3 22 8 16 15 -2 11 -11 -10 -5 -12 21 28 -18 -14 20 -4 -7 23 24 25 -1 -24 29 -8 -9
right_child=1 2 19 13 -6 6 7 27 12 10 14 -13 18 -15 -16 -17 17 -19 -20 -21 -22 -23 26 -25 -26 -27 -28 -29 -30 -31
leaf_value=-0.042371044221133608 0.014480796795535206 0.1973653167486191 -0.081822886119286231 -0.019633966327161429 0.025701235135396322 -0.0051338062758029259 0.039252319663899117 -0.0051338062758029259 0.014819652410118718 0.029213493533759904 0.069194402741102223 0.069194402741102223 0.044172841612506064 0.014480796795535206 0.16423921738901448 0.014819652410118718 0.1056901050567696 0.039252319663899117 0.12810108597789491 -0.10379252767190338 0.022317201960831881 0.0047462679402640422 -0.013023145410816584 -0.013023145410816584 -0.090278332343079012 -0.013023145410816584 -0.0051338062758029259 -0.0051338062758029259 0.013817718929083201 0.013127091440527851
leaf_weight=339 147 20 30 314 45 3944 125 84 128 480 50 49 69 117 31 177 54 73 28 80 20 1264 898 462 53 177 765 436 471 251
leaf_count=339 147 20 30 314 45 3944 125 84 128 480 50 49 69 117 31 177 54 73 28 80 20 1264 898 462 53 177 765 436 471 251
internal_value=-0.000368506 0.0133413 -0.0267071 0.0199148 0.078521 -0.00230366 0.00115413 0.0126756 -0.00191415 0.0342834 0.0439462 0.0348163 0.0330128 -0.0053218 0.103573 -0.00337349 0.0271801 0.0578626 0.0683996 -0.0793211 -0.0401669 -0.00453646 -0.0114217 -0.0198494 -0.0351782 -0.0295186 -0.00619693 -0.000925886 0.020642 0.0131271
internal_weight=11181 1383 195 1188 65 9798 7104 1494 5610 757 610 529 225 431 81 5385 723 127 97 130 50 5208 2694 1031 569 516 1663 771 596 335
internal_count=11181 1383 195 1188 65 9798 7104 1494 5610 757 610 529 225 431 81 5385 723 127 97 130 50 5208 2694 1031 569 516 1663 771 596 335
is_linear=0
shrinkage=0.05


Tree=86
num_leaves=23
num_cat=0
split_feature=18 7 9 11 0 18 7 11 5 7 24 7 7 21 18 24 18 8 7 5 23 7
split_gain=115.03 156.589 140.623 128.771 154.57 430.477 232.874 159.193 100.058 133.46 178.601 103.478 100.805 80.398 72.2894 46.0273 40.2185 35.4057 22.2505 28.0642 8.63114 1.53335
threshold=2.1499999761581425 1027.850036621094 -1.0000000180025095e-35 0.60784998536109935 20.250000000000004 15.550000190734865 1017.0499877929689 0.87834998965263378 -0.33500000834465021 1015.5499877929689 407.08500671386724 1013.2500000000001 1025.850036621094 15.750000000000002 9.6500000953674334 239.58499908447268 1.0500000119209292 432.50000000000006 1015.8500061035157 -3.254999995231628 86.500000000000014 1022.3500061035157
decision_type=2 2 2 2 2 2 2 2 2 2 2 2 2 2 2 2 2 2 2 2 2 2
left_child=2 3 16 8 7 14 -7 21 9 13 -11 15 -13 -2 -6 -10 -1 20 19 -19 -18 -5
right_child=1 -3 -4 4 5 6 -8 -9 11 10 -12 12 -14 -15 -16 -17 17 18 -20 -21 -22 -23
leaf_value=-0.070634977053850898 -0.010532563241079396 0.14062869399785996 -0.12736039405067764 0.0053051620662403192 0.0053051620662403192 0.14313374133892806 0.045375929555274128 -0.010532563241079396 0.11683604424311356 0.019402102856871519 -0.0045769017630262936 -0.010532563241079396 0.04679698707995477 0.012056448544153405 0.027723911517165245 0.016711709454345205 -0.041763209802722717 -0.01231207037085234 -0.010532563241079396 -0.041763209802722717 -0.010844427404884735 -0.010532563241079396
leaf_weight=32 1131 20 30 313 1293 83 229 460 22 1592 1516 2869 77 394 374 24 59 101 294 46 23 199
leaf_count=32 1131 20 30 313 1293 83 229 460 22 1592 1516 2869 77 394 374 24 59 101 294 46 23 199
internal_value=-0.00033649 0.000855139 -0.0219203 0.000590817 0.00945939 0.0174791 0.071382 -0.00686876 -0.00284147 0.00176136 0.00770578 -0.00996878 -0.0105326 -0.0103535 0.00739047 0.0645973 -0.0162208 -0.0128914 -0.0105326 -0.0308698 -0.0417632 0.00530516
internal_weight=11181 10596 585 10576 2951 1979 312 972 7625 4633 3108 2992 2946 1525 1667 46 555 523 441 147 82 512
internal_count=11181 10596 585 10576 2951 1979 312 972 7625 4633 3108 2992 2946 1525 1667 46 555 523 441 147 82 512
is_linear=0
shrinkage=0.05


Tree=87
num_leaves=31
num_cat=0
split_feature=7 7 10 6 1 5 24 5 7 11 7 11 24 9 0 1 5 18 2 1 18 4 0 24 7 7 1 4 6 20
split_gain=109.6 139.724 169.496 262.668 268.578 153.119 274.208 185.485 215.073 210.597 184.619 169.59 139.505 135.845 135.35 82.4673 99.146 83.4935 81.026 73.1855 132.366 60.3389 56.2171 53.0866 88.1627 61.9107 45.4373 41.4189 54.1008 40.4276
threshold=1014.2500000000001 1019.6499938964845 1.0000000180025095e-35 392.50000000000006 77.500000000000014 1.7749999761581423 252.91500091552737 -0.5349999964237212 1018.4500122070314 1.0000000180025095e-35 1018.5499877929689 0.60784998536109935 37.084999084472663 0.91595000028610241 21.750000000000004 96.500000000000014 0.069999998435378089 1.9499999880790713 3.7350000143051152 92.500000000000014 12.34999990463257 0.99500000476837169 20.650000572204593 88.750000000000014 1021.8500061035157 1022.5499877929689 92.500000000000014 1.2649999856948855 732.50000000000011 12.449999809265138
decision_type=2 2 2 2 2 2 2 2 2 2 2 2 2 2 2 2 2 2 2 2 2 2 2 2 2 2 2 2 2 2
left_child=19 2 5 4 29 7 10 8 -2 -9 -7 -8 21 15 -6 17 -17 -14 -5 22 -21 -3 -1 25 -25 -15 -20 -24 -29 -4
right_child=1 12 3 18 14 6 11 9 -10 -11 -12 -13 13 23 -16 16 -18 -19 26 20 -22 -23 27 24 -26 -27 -28 28 -30 -31
leaf_value=-0.063540109882264259 -0.0099166065307113357 0.016628524585390003 0.098789428870697499 0.018691022973894477 0.018691022973894477 0.19569301000899741 -0.010085466748075278 -0.015218869261102889 0.03089584834329483 -0.1006699767045896 0.060152548498581898 0.058907155553642357 -0.035206724140342614 0.016628524585390003 0.054338572392632595 -0.095560313560641735 0.0099012918030031219 -0.00077516538406684969 -0.0052994502982936613 -0.033345146858218037 0.072424143715761599 0.068398590236902243 -0.016970055220180687 -0.06889680054271595 -0.022223915236417674 -0.022223915236417674 -0.075147010510166493 0.085679236637509398 -0.022769146266838777 0.17428536045551302
leaf_weight=63 1384 86 61 326 608 36 330 246 421 102 39 122 184 76 337 52 39 4084 780 55 64 90 1102 160 192 47 24 23 23 25
leaf_count=63 1384 86 61 326 608 36 330 246 421 102 39 122 184 76 337 52 39 4084 780 55 64 90 1102 160 192 47 24 23 23 25
internal_value=-0.000404106 0.00141484 0.00747268 0.0178916 0.0361413 -0.000928542 0.0232279 -0.00684144 -0.000397469 -0.0402649 0.111769 0.00853644 -0.00443864 -0.00603067 0.0284427 -0.00326378 -0.0503625 -0.00225956 0.00124074 -0.0138766 0.0235392 0.0392877 -0.0175533 -0.031422 -0.0413029 -0.00314493 -0.00738445 -0.0150297 0.031455 0.120736
internal_weight=11181 9851 4841 2161 1031 2680 527 2153 1805 348 75 452 5010 4834 945 4359 91 4268 1130 1330 119 176 1211 475 352 123 804 1148 46 86
internal_count=11181 9851 4841 2161 1031 2680 527 2153 1805 348 75 452 5010 4834 945 4359 91 4268 1130 1330 119 176 1211 475 352 123 804 1148 46 86
is_linear=0
shrinkage=0.05


Tree=88
num_leaves=28
num_cat=0
split_feature=18 10 12 9 6 15 10 7 2 24 5 18 7 18 24 0 3 4 9 18 7 7 1 11 3 7 4
split_gain=101.603 96.2295 124.531 330.595 157.154 99.4237 86.551 102.292 144.779 91.5789 63.1086 51.7323 50.4411 48.8026 47.3819 45.7097 88.2648 68.8168 51.6002 45.4772 54.4672 35.9352 35.0363 21.1877 18.649 18.4832 8.11178
threshold=25.10000038146973 0.91595000028610241 0.81174999475479137 -1.0000000180025095e-35 472.50000000000006 1.1500000357627871 1.0000000180025095e-35 1019.0499877929689 4.680000066757203 59.584999084472663 1.9049999713897707 5.1499998569488534 1022.6499938964845 16.750000000000004 168.75000000000003 21.349999427795414 55.500000000000007 -0.14500000327825543 0.3793999999761582 9.2500000000000018 1018.3500061035157 1020.2500000000001 79.500000000000014 0.87834998965263378 56.500000000000007 1018.8500061035157 0.10500000044703485
decision_type=2 2 2 2 2 2 2 2 2 2 2 2 2 2 2 2 2 2 2 2 2 2 2 2 2 2 2
left_child=1 5 4 -4 11 15 9 8 -8 12 -11 -3 -7 21 -9 16 17 -1 -18 24 -21 -6 -17 -2 -5 -25 -27
right_child=23 2 3 19 13 6 7 14 -10 10 -12 -13 -14 -15 -16 22 18 -19 -20 20 -22 -23 -24 25 -26 26 -28
leaf_value=-0.080912284982269225 0.026786532481909039 0.0094638286907727468 0.026786532481909039 -0.086229379892349245 -0.033863631680365762 0.026786532481909039 0.026786532481909039 0.026786532481909039 -0.0051257623989051648 -0.0051257623989051648 0.0067060473789906806 0.026786532481909039 0.0071815346274873241 0.0094638286907727468 -0.0051257623989051648 -0.011723190249984465 -0.050126213565687229 -0.011723190249984465 -0.011723190249984465 0.0049392722823001726 -0.081270746141672137 -0.0046534541799433003 -0.0051257623989051648 0.10958295196294786 -0.15014345475605556 0.073629963557635042 0.030184801016002894
leaf_weight=92 21 63 65 25 177 270 812 103 407 3297 1128 709 137 102 903 749 89 45 922 27 57 130 767 20 21 21 22
leaf_count=92 21 63 65 25 177 270 812 103 407 3297 1128 709 137 102 903 749 89 45 922 27 57 130 767 20 21 21 22
internal_value=-0.0003977 -0.000812387 0.0115633 -0.0254543 0.0176754 -0.00256415 0.000542675 0.00870275 0.018442 -0.00321481 -0.00512576 0.0267865 0.0194888 -0.00785888 -0.00309852 -0.0107942 -0.0183206 -0.055983 -0.013217 -0.0754448 -0.0535604 -0.0187707 -0.00512576 0.0543855 -0.115408 0.0698723 0.0514022
internal_weight=11181 11097 1376 195 1181 9721 7057 2225 1219 4832 4425 772 407 409 1006 2664 1148 137 1011 130 84 307 1516 84 46 63 43
internal_count=11181 11097 1376 195 1181 9721 7057 2225 1219 4832 4425 772 407 409 1006 2664 1148 137 1011 130 84 307 1516 84 46 63 43
is_linear=0
shrinkage=0.05


Tree=89
num_leaves=31
num_cat=0
split_feature=7 7 10 2 0 5 24 7 5 11 7 11 1 24 9 24 6 12 1 6 10 23 1 18 23 0 18 4 18 1
split_gain=98.1211 120.815 145.593 228.683 213.279 133.972 244.556 168.553 167.243 191.708 190.605 152.129 123.722 173.508 110.09 96.9084 91.1349 88.4913 84.9933 82.6044 74.1549 70.2829 66.3444 119.426 60.7248 49.9058 43.3753 42.2745 37.6439 32.6734
threshold=1014.2500000000001 1019.6499938964845 1.0000000180025095e-35 3.5149999856948857 21.650000572204593 1.7749999761581423 252.91500091552737 1018.5499877929689 -0.5349999964237212 1.0000000180025095e-35 1018.4500122070314 0.60784998536109935 96.500000000000014 37.084999084472663 0.91595000028610241 596.25000000000011 42.500000000000007 0.81174999475479137 92.500000000000014 442.50000000000006 -1.0000000180025095e-35 42.500000000000007 92.500000000000014 12.34999990463257 43.500000000000007 20.650000572204593 19.849999427795414 0.9350000023841859 16.650000572204593 58.500000000000007
decision_type=2 2 2 2 2 2 2 2 2 2 2 2 2 2 2 2 2 2 2 2 2 2 2 2 2 2 2 2 2 2
left_child=22 2 5 4 24 8 7 -7 10 -10 -2 -8 13 27 16 -6 -15 20 19 -5 -14 -22 25 -24 -4 -1 -16 -3 29 -27
right_child=1 12 3 18 15 6 11 -9 9 -11 -12 -13 17 14 26 -17 -18 -19 -20 -21 21 -23 23 -25 -26 28 -28 -29 -30 -31
leaf_value=-0.059936703599634628 -0.0091655688063596343 0.022017521385446614 0.016100635490637252 0.016100635490637252 0.073882555021609564 0.18573011453780863 -0.0097081382801248277 0.056674601338563391 -0.014164030307627518 -0.095693057831194195 0.029255282700547371 0.055636193300979069 -0.078031552349235506 0.022017521385446614 -0.037343070493533637 0.036460468584098731 -0.0037055881957280125 -0.12748930005556239 -0.073577769090862652 -0.006776410383953645 -0.077375801231550134 0.024322943085661301 -0.031515897752886469 0.068950870117987506 0.036460468584098731 -0.0027624385703044637 0.0023813646372364858 0.070159339865154421 0.029591474672184981 -0.021663131570020852
leaf_weight=63 1384 67 319 261 321 36 330 39 246 102 421 122 51 206 327 179 4062 28 38 745 23 65 55 64 298 324 87 94 47 777
leaf_count=63 1384 67 319 261 321 36 330 39 246 102 421 122 51 206 327 179 4062 28 38 745 23 65 55 64 298 324 87 94 47 777
internal_value=-0.000360022 0.00136104 0.00699406 0.0166504 0.0323751 -0.000792267 0.0218035 0.10542 -0.00632314 -0.0380605 -0.000204251 0.00792905 -0.00408196 -0.00262289 -0.00437786 0.0568203 -0.00198996 -0.046395 -0.000173851 0.00259886 -0.0300594 -0.00225741 -0.0131075 0.0225166 0.0161006 -0.0166082 -0.0289952 0.0484129 -0.0142304 -0.0161011
internal_weight=11181 9851 4841 2161 1117 2680 527 75 2153 348 1805 452 5010 4843 4682 500 4268 167 1044 1006 139 88 1330 119 617 1211 414 161 1148 1101
internal_count=11181 9851 4841 2161 1117 2680 527 75 2153 348 1805 452 5010 4843 4682 500 4268 167 1044 1006 139 88 1330 119 617 1211 414 161 1148 1101
is_linear=0
shrinkage=0.05


Tree=90
num_leaves=19
num_cat=0
split_feature=18 7 7 7 24 0 6 5 20 3 2 23 21 12 18 18 5 8
split_gain=96.339 139.272 90.6902 110.879 132.32 158.839 125.91 104.371 92.2106 67.2741 59.9481 53.3455 35.1565 42.1759 27.8879 14.7326 14.7068 1.09901
threshold=1.5500000119209292 1027.850036621094 1014.2500000000001 1020.8500061035157 596.25000000000011 21.849999427795414 32.500000000000007 -0.23499999940395352 10.550000190734865 16.500000000000004 1.1250000000000002 70.500000000000014 11.550000190734865 -0.56175000965595234 12.550000190734865 1.0500000119209292 0.69499999284744274 613.50000000000011
decision_type=2 2 2 2 2 2 2 2 2 2 2 2 2 2 2 2 2 2
left_child=11 2 10 4 5 -4 7 -5 -8 -6 14 -1 16 -14 -2 -13 -12 -17
right_child=1 -3 3 6 9 -7 8 -9 -10 -11 12 15 13 -15 -16 17 -18 -19
leaf_value=-0.10838214951753616 0.010482869436468933 0.13196640700101853 0.0031394751410241759 0.071831307259171903 -0.021182948724273565 0.021825437502316775 -0.013896505566116407 0.012858464762314349 0.0042086243564251795 -0.00065496304481830374 -0.021182948724273565 -0.061702019095420835 0.010482869436468933 -0.01411098113851683 0.072881585944976124 -0.034810870208523491 -0.01411098113851683 -0.021182948724273565
leaf_weight=25 34 20 2302 99 335 1825 2172 92 1040 1833 503 25 212 494 28 22 58 62
leaf_count=25 34 20 2302 99 335 1825 2172 92 1040 1833 503 25 212 494 28 22 58 62
internal_value=-0.000368239 0.000142926 -9.61659e-05 0.00158242 0.00551327 0.0107674 -0.00568902 0.0337513 -0.00803432 -0.00448842 -0.0123452 -0.0425088 -0.0146943 -0.00703901 0.03566 -0.0274003 -0.0211829 -0.0211829
internal_weight=11181 11047 11027 9698 6295 4127 3403 191 3212 2168 1329 134 1267 706 62 109 561 84
internal_count=11181 11047 11027 9698 6295 4127 3403 191 3212 2168 1329 134 1267 706 62 109 561 84
is_linear=0
shrinkage=0.05


Tree=91
num_leaves=26
num_cat=0
split_feature=15 0 18 5 24 5 7 1 12 9 23 18 5 7 10 10 8 20 4 8 24 18 10 9 7
split_gain=93.6045 136.383 126.068 171.256 83.0599 104.089 87.8702 138.204 76.0042 119.735 88.4708 101.338 67.5147 141.452 59.6247 43.4951 37.0773 25.0705 21.8631 17.2208 15.4422 10.4973 3.69614 3.1304 14.4503
threshold=1.2450000047683718 21.650000572204593 2.9500000476837163 1.7749999761581423 180.41500091552737 1.5950000286102297 1016.3500061035157 91.500000000000014 0.81174999475479137 -1.0000000180025095e-35 36.500000000000007 16.750000000000004 -1.6850000023841856 1018.1499938964845 0.78654998540878307 0.78654998540878307 318.00000000000006 12.84999990463257 1.5149999856948855 1.5000000000000002 62.084999084472663 16.650000572204593 -0.91595000028610218 -0.37939999997615809 1021.1499938964845
decision_type=2 2 2 2 2 2 2 2 2 2 2 2 2 2 2 2 2 2 2 2 2 2 2 2 2
left_child=1 2 3 15 5 6 7 21 10 -10 11 -4 13 -8 18 -1 -3 -11 -6 -12 -9 -2 -20 -18 -25
right_child=4 16 8 -5 14 -7 12 20 9 17 19 -13 -14 -15 -16 -17 23 -19 22 -21 -22 -23 -24 24 -26
leaf_value=-0.17112020822241902 0.010167282668649944 0.00046444314182289006 -0.036300389925688827 -0.036300389925688827 0.00046444314182289006 0.1118036015280362 0.010167282668649944 0.15703766743342085 -0.0059635281547746003 -0.036300389925688827 -0.0059635281547746003 -0.013960574418701561 0.010167282668649944 0.067674854858056341 0.010167282668649944 -0.078513285351939327 -0.0059635281547746003 -0.0059635281547746003 0.00046444314182289006 -0.013960574418701561 0.09773464630479399 0.04080446542440249 0.010167282668649944 0.00046444314182289006 -0.0059635281547746003
leaf_weight=32 32 2048 486 68 2620 29 77 21 92 238 1098 388 547 158 603 21 1105 55 45 451 23 28 387 329 200
leaf_count=32 32 2048 486 68 2620 29 77 21 92 238 1098 388 547 158 603 21 1105 55 45 451 23 28 387 329 200
internal_value=-0.000384932 -0.0041886 -0.0123915 -0.0623626 0.00511749 0.0185898 0.0155387 0.0587272 -0.0102382 -0.0308747 -0.00695917 -0.0219576 0.0101673 0.0369759 0.00174481 -0.134427 0.000464443 -0.0363004 0.000464443 -0.00596353 0.126038 0.0101673 0.0101673 -0.00596353 -0.000968814
internal_weight=11181 6611 2929 121 4570 915 886 104 2808 385 2423 874 782 235 3655 53 3682 293 3052 1549 44 60 432 1634 529
internal_count=11181 6611 2929 121 4570 915 886 104 2808 385 2423 874 782 235 3655 53 3682 293 3052 1549 44 60 432 1634 529
is_linear=0
shrinkage=0.05


Tree=92
num_leaves=31
num_cat=0
split_feature=10 18 2 7 7 23 6 5 5 17 18 5 8 0 18 9 7 11 3 5 12 7 8 5 5 11 5 3 11 23
split_gain=87.8976 125.524 128.492 110.057 113.905 138.79 103.445 96.5431 84.4842 78.2863 66.4526 78.3853 61.8476 61.5199 213.747 87.3769 53.6093 45.7297 46.3525 26.2063 23.8185 19.2561 10.8309 10.6323 8.00058 6.6326 5.67881 1.85152 0.8947 0.336025
threshold=1.0000000180025095e-35 2.3500000238418584 4.9049999713897714 1019.5499877929689 1013.1499938964845 41.500000000000007 32.500000000000007 -0.29500000178813929 -2.195000052452087 0.15650000423192981 20.650000572204593 1.7749999761581423 629.50000000000011 20.550000190734867 3.1499999761581425 -0.6035499870777129 1024.049987792969 -1.0000000180025095e-35 337.50000000000006 5.1949999332427987 1.0000000180025095e-35 1016.5499877929689 22.500000000000004 -4.7550001144409171 0.58499997854232799 1.0000000180025095e-35 6.3849999904632577 184.50000000000003 -1.0000000180025095e-35 35.500000000000007
decision_type=2 2 2 2 2 2 2 2 2 2 2 2 2 2 2 2 2 2 2 2 2 2 2 2 2 2 2 2 2 2
left_child=9 20 3 4 24 -6 7 -5 -8 10 11 13 16 14 -1 -15 -13 22 -19 21 -2 23 -12 -4 -3 -14 28 -28 -21 -23
right_child=1 2 19 6 5 -7 8 -9 -10 -11 17 12 25 15 -16 -17 -18 18 -20 26 -22 29 -24 -25 -26 -27 27 -29 -30 -31
leaf_value=-0.16313937890529634 -0.11533249808209284 -0.0031607596385941025 -0.0069444306968796795 0.09191793834759017 0.006983239879083049 0.034004544549719261 0.019352151589465329 0.019352151589465329 -0.0031607596385941025 0.092032965308143977 0.0084073301537667851 0.0084073301537667851 -0.046829141795916379 -0.011866043386608471 -0.015417027218446573 0.001949552563602408 -0.018431916862338991 0.04367990033678925 0.0084073301537667851 -0.01984376380486148 -0.04488963342404792 -0.027328717702579115 0.04367990033678925 -0.02388242733473557 0.046046328505811591 -0.018782476335763933 -0.026281603717285659 -0.0054803546145558366 -0.034872284952316895 -0.0031607596385941025
leaf_weight=25 21 268 158 59 908 997 350 87 1671 21 84 1080 53 1385 1195 1886 187 74 38 28 28 31 21 224 24 35 23 20 72 128
leaf_count=25 21 268 158 59 908 997 350 87 1671 21 84 1080 53 1385 1195 1886 187 74 38 28 28 31 21 224 24 35 23 20 72 128
internal_value=-0.000281657 0.0045618 0.00533486 0.00849302 0.0163789 0.0211251 0.000497956 0.0411426 -0.00243827 -0.00433937 -0.00467316 -0.00568168 0.00485878 -0.00886189 -0.0184441 -0.00528796 0.00767402 0.0224963 0.0436799 -0.0148145 -0.0750794 -0.00978284 0.00840733 -0.0168767 -0.00316076 -0.0356742 -0.0338505 -0.0166066 -0.0348723 -0.00316076
internal_weight=11181 5097 5048 4364 2197 1905 2167 146 2021 6084 6063 5846 1355 4491 1220 3271 1267 217 112 684 49 541 105 382 292 88 143 43 100 159
internal_count=11181 5097 5048 4364 2197 1905 2167 146 2021 6084 6063 5846 1355 4491 1220 3271 1267 217 112 684 49 541 105 382 292 88 143 43 100 159
is_linear=0
shrinkage=0.05


Tree=93
num_leaves=27
num_cat=0
split_feature=18 10 12 9 6 15 10 7 2 24 5 7 18 7 5 24 0 4 7 18 1 7 11 7 0 4
split_gain=84.6486 79.7942 105.481 299.367 130.003 76.5153 70.6773 82.7082 112.006 75.7569 51.3836 46.22 45.2022 43.8874 42.0215 38.0026 36.7762 75.914 51.9535 30.8307 29.4417 23.0946 18.3391 15.2015 12.905 6.96461
threshold=25.10000038146973 0.91595000028610241 0.81174999475479137 -1.0000000180025095e-35 472.50000000000006 1.1500000357627871 1.0000000180025095e-35 1019.0499877929689 4.680000066757203 59.584999084472663 1.9049999713897707 1022.6499938964845 5.1499998569488534 1012.3500061035157 1.9950000047683718 168.75000000000003 21.349999427795414 0.92500001192092907 1022.3500061035157 16.750000000000004 82.500000000000014 1013.6499938964845 0.87834998965263378 1018.8500061035157 21.650000572204593 0.10500000044703485
decision_type=2 2 2 2 2 2 2 2 2 2 2 2 2 2 2 2 2 2 2 2 2 2 2 2 2 2
left_child=1 5 4 -4 12 16 9 8 -8 11 -11 -7 -3 -6 24 -9 17 18 -1 -15 -18 -19 -2 -24 -5 -25
right_child=22 2 3 14 13 6 7 15 -10 10 -12 -13 -14 19 -16 -17 20 21 -20 -21 -22 -23 23 25 -26 -27
leaf_value=-0.038683185444155374 0.024493919889395387 0.0087348426606871643 0.024493919889395387 -0.10179563664783867 -0.079257622063159949 0.024493919889395387 0.024493919889395387 0.024493919889395387 -0.0045395861479914272 -0.0045395861479914272 0.0061512288799233233 0.0065832631818375544 0.024493919889395387 -0.012833971400681935 -0.018432357868757739 -0.0045395861479914272 -0.010401962365604296 -0.087957453224807983 -0.010401962365604296 0.0087348426606871643 -0.0045395861479914272 -0.010401962365604296 0.10017919406294823 0.068011676200798579 -0.065533087402582166 0.027755572697655724
leaf_weight=449 21 63 65 59 20 270 812 103 407 3297 1128 137 709 287 29 903 874 20 208 102 642 471 20 21 42 22
leaf_count=449 21 63 65 59 20 270 812 103 407 3297 1128 137 709 287 29 903 874 20 208 102 642 471 20 21 42 22
internal_value=-0.000318703 -0.000697212 0.0105721 -0.0234966 0.0161974 -0.00229238 0.000433118 0.00780704 0.0165645 -0.00296237 -0.00453959 0.0177061 0.0244939 -0.00702423 -0.0714836 -0.00280459 -0.00951229 -0.0162643 -0.0290813 -0.00331044 -0.00453959 -0.010402 0.0496851 0.0641659 -0.0867162 0.0474155
internal_weight=11181 11097 1376 195 1181 9721 7057 2225 1219 4832 4425 407 772 409 130 1006 2664 1148 657 389 1516 491 84 63 101 43
internal_count=11181 11097 1376 195 1181 9721 7057 2225 1219 4832 4425 407 772 409 130 1006 2664 1148 657 389 1516 491 84 63 101 43
is_linear=0
shrinkage=0.05


Tree=94
num_leaves=31
num_cat=0
split_feature=8 0 24 12 23 1 3 5 17 4 11 7 7 0 8 24 5 6 5 24 7 24 0 4 24 7 6 3 21 12
split_gain=80.576 150.925 226.895 209.927 214.156 140.316 141.014 125.09 115.266 171.629 106.248 94.699 130.608 86.2903 109.906 120.612 163.015 142.386 87.2615 108.838 105.939 66.9557 61.3497 57.6153 42.7338 31.5486 52.0072 69.2829 28.1502 32.7798
threshold=1.0000000180025095e-35 21.250000000000004 336.25000000000006 0.81174999475479137 34.500000000000007 96.500000000000014 304.50000000000006 2.3950001001358037 0.1134999990463257 0.43500000238418585 0.87834998965263378 1016.3500061035157 1020.0499877929689 22.050000190734867 318.00000000000006 691.25000000000011 1.7749999761581423 512.50000000000011 0.75499999523162853 59.584999084472663 1025.2500000000002 145.41500091552737 21.44999980926514 1.0549999475479128 129.58499908447268 1017.1499938964845 827.50000000000011 45.500000000000007 13.949999809265138 1.0000000180025095e-35
decision_type=2 2 2 2 2 2 2 2 2 2 2 2 2 2 2 2 2 2 2 2 2 2 2 2 2 2 2 2 2 2
left_child=1 3 11 4 8 6 7 -5 9 -1 -4 24 22 18 15 16 21 -18 19 -2 23 -15 -13 -21 -3 -16 27 -27 -17 -30
right_child=13 2 10 5 -6 -7 -8 -9 -10 -11 -12 12 -14 14 25 28 17 -19 -20 20 -22 -23 -24 -25 -26 26 -28 -29 29 -31
leaf_value=-0.015973049654595475 -0.0082424526289173496 0.093816974472541073 0.0061054438637913244 -0.069469903265942157 0.0061054438637913244 -0.13648516868631685 0.0061054438637913244 -0.0041844888574491109 -0.0050628083734036815 -0.048615738340803155 0.026180492610880554 0.026180492610880554 0.026180492610880554 0.059141165264882146 -0.0082424526289173496 -0.0082424526289173496 0.17383642708882691 0.042454352204141947 -0.0082424526289173496 -0.030926805676589182 -0.14899226887659595 0.011951670515445989 0.09944415853587453 -0.088150285275614998 0.026180492610880554 0.033552447018291569 -0.0082424526289173496 4.6491521294920322e-05 0.011951670515445989 -0.00018291559586194883
leaf_weight=403 180 26 1442 194 1818 31 120 118 245 504 201 27 68 80 1065 383 32 58 670 430 22 455 167 49 158 203 1091 593 136 212
leaf_count=403 180 26 1442 194 1818 31 120 118 245 504 201 27 68 80 1065 383 32 58 670 430 22 455 167 49 158 203 1091 593 136 212
internal_value=-0.000265712 0.00403118 0.0146278 -0.00241696 0.00246483 -0.0337321 -0.0263586 -0.0447786 -0.0162311 -0.0268833 0.00610544 0.0462555 0.0660509 -0.00445858 -0.00100101 0.0107824 0.0269094 0.089168 -0.0154839 -0.0288428 -0.041708 0.016436 0.088067 -0.0367806 0.0261805 -0.00641371 -0.00138468 0.00833544 -0.0030061 0.00787662
internal_weight=11181 5522 2089 3433 2970 463 432 312 1152 907 1643 446 262 5659 4308 1356 625 90 1351 681 501 535 194 479 184 2952 1887 796 731 348
internal_count=11181 5522 2089 3433 2970 463 432 312 1152 907 1643 446 262 5659 4308 1356 625 90 1351 681 501 535 194 479 184 2952 1887 796 731 348
is_linear=0
shrinkage=0.05


Tree=95
num_leaves=19
num_cat=0
split_feature=18 7 11 0 18 7 11 5 7 24 11 7 3 17 5 23 18 8
split_gain=78.1838 127.342 81.2221 106.971 223.166 181.237 151.367 84.0291 118.994 141.221 98.0437 200.587 92.7271 80.906 57.6348 43.9982 13.4167 0.873177
threshold=1.5500000119209292 1027.299987792969 0.60784998536109935 19.550000190734867 9.6500000953674334 1016.5499877929689 0.87834998965263378 -0.33500000834465021 1015.5499877929689 410.41499328613287 1.0000000180025095e-35 1025.350036621094 262.50000000000006 0.10850000008940698 0.15500000119209292 70.500000000000014 1.0500000119209292 613.50000000000011
decision_type=2 2 2 2 2 2 2 2 2 2 2 2 2 2 2 2 2 2
left_child=15 2 7 6 14 -6 -4 8 13 -10 12 -12 -9 -2 -5 -1 -17 -18
right_child=1 -3 3 4 5 -7 -8 10 9 -11 11 -13 -14 -15 -16 16 17 -19
leaf_value=-0.097958887457847602 -0.018922844815440796 0.12046332630244168 0.00046082534050087835 0.00046082534050087835 0.090595991851195046 0.023198205684123403 -0.018922844815440796 -0.00042805192551075813 0.017500480634210027 -0.0033328925073083451 -0.018922844815440796 0.071337758998076123 -0.018922844815440796 6.7288360423457989e-05 0.01629938022350778 -0.057303869605064395 -0.031952475079081277 -0.018922844815440796
leaf_weight=25 658 22 352 1035 115 752 304 2285 1612 1642 558 69 199 940 504 25 22 62
leaf_count=25 658 22 352 1035 115 752 304 2285 1612 1642 558 69 199 940 504 25 22 62
internal_value=-0.000171702 0.000288786 4.89823e-05 0.00696974 0.0118496 0.0321379 -0.0109279 -0.00261224 0.00150054 0.00698776 -0.00902666 -0.0189228 -0.00404568 -0.00967305 0.000460825 -0.0381345 -0.0244133 -0.0189228
internal_weight=11181 11047 11025 3062 2406 867 656 7963 4852 3254 3111 627 2484 1598 1539 134 109 84
internal_count=11181 11047 11025 3062 2406 867 656 7963 4852 3254 3111 627 2484 1598 1539 134 109 84
is_linear=0
shrinkage=0.05


Tree=96
num_leaves=31
num_cat=0
split_feature=8 18 0 11 9 12 23 24 17 9 7 3 17 0 8 24 5 1 10 5 24 21 1 7 3 23 7 1 18 24
split_gain=75.3856 137.197 115.977 201.574 195.653 177.077 184.62 137.859 97.6063 96.2515 81.3539 75.2185 74.9437 76.3156 83.8829 104.09 81.8806 99.1843 106.011 69.2119 68.1343 66.4235 50.7454 31.5179 46.8084 27.7559 27.5808 24.569 23.2944 21.2301
threshold=2.5000000000000004 2.9500000476837163 21.250000000000004 0.87834998965263378 0.60354998707771312 0.81174999475479137 34.500000000000007 336.25000000000006 0.1134999990463257 0.60354998707771312 1016.3500061035157 304.50000000000006 0.15650000423192981 22.050000190734867 318.00000000000006 691.25000000000011 0.75499999523162853 92.500000000000014 -0.91595000028610218 1.7749999761581423 59.584999084472663 11.650000095367433 91.500000000000014 1017.1499938964845 17.500000000000004 56.500000000000007 1026.850036621094 59.500000000000007 10.050000190734865 380.41499328613287
decision_type=2 2 2 2 2 2 2 2 2 2 2 2 2 2 2 2 2 2 2 2 2 2 2 2 2 2 2 2 2 2
left_child=1 9 5 7 21 6 8 10 -3 22 -4 -7 13 16 15 19 17 20 -19 -15 -2 -5 -1 -16 -25 -9 -18 -17 -13 -6
right_child=12 2 3 4 29 11 -8 25 -10 -11 -12 28 -14 14 23 27 26 18 -20 -21 -22 -23 -24 24 -26 -27 -28 -29 -30 -31
leaf_value=-0.091755429732388469 -0.008638560326998215 -0.023598271669433776 0.021110965023423967 0.0065510111680629202 0.1699656116962433 -0.025179408171445979 0.0065510111680629202 0.0065510111680629202 -0.0036672095910992089 -0.12640312334988266 0.056625824151419563 -0.025179408171445979 0.07716205056224551 0.013642363312797619 -0.008638560326998215 0.010014210546056692 -0.008638560326998215 -0.15680224789040431 -0.043387010903694692 0.036157967014028201 -0.034025060506238734 0.054708591911905607 -0.025179408171445979 0.016594095339525158 -0.0049788515911800444 0.021110965023423967 -0.070332884609699262 -0.0079066637721737186 0.0065510111680629202 0.10934844297858387
leaf_weight=29 147 921 184 63 20 322 1799 1277 246 32 231 57 28 513 1065 77 612 28 78 90 374 103 36 299 1581 191 25 632 69 52
leaf_count=29 147 921 184 63 20 322 1799 1277 246 32 231 57 28 513 1065 77 612 28 78 90 374 103 36 299 1581 191 25 632 69 52
internal_value=-0.000296142 0.00377907 0.00481216 0.0139946 0.0573511 -0.000892573 0.00359906 0.0085146 -0.0138854 -0.055171 0.0356709 -0.0251794 -0.00443231 -0.00484612 -0.00164288 0.00887264 -0.0156342 -0.0292574 -0.0733458 0.0241438 -0.0202874 0.0274947 -0.0251794 -0.00632755 -0.00154784 0.00655101 -0.00863856 -0.00411541 0.00655101 0.126187
internal_weight=11181 5632 5535 2121 238 3414 2966 1883 1167 97 415 448 5549 5521 4257 1312 1264 627 106 603 521 166 65 2945 1880 1468 637 709 126 72
internal_count=11181 5632 5535 2121 238 3414 2966 1883 1167 97 415 448 5549 5521 4257 1312 1264 627 106 603 521 166 65 2945 1880 1468 637 709 126 72
is_linear=0
shrinkage=0.05


Tree=97
num_leaves=27
num_cat=0
split_feature=15 0 18 5 24 5 7 1 12 9 23 18 5 7 10 10 8 4 24 20 18 8 10 2 4 2
split_gain=75.1926 97.2495 93.5352 139.535 69.2118 96.9229 77.4554 120.314 60.6878 100.077 67.4423 94.1446 55.8164 136.312 47.4053 37.4232 30.2291 19.5045 14.1115 12.7403 8.86616 7.4511 3.13582 1.86439 6.01562 0.391576
threshold=1.2450000047683718 21.650000572204593 2.9500000476837163 1.7749999761581423 177.08499908447268 1.5950000286102297 1016.3500061035157 91.500000000000014 0.81174999475479137 -1.0000000180025095e-35 37.500000000000007 16.750000000000004 -1.6850000023841856 1018.1499938964845 0.78654998540878307 0.78654998540878307 323.50000000000006 1.5149999856948855 62.084999084472663 12.84999990463257 16.650000572204593 1.5000000000000002 -0.91595000028610218 2.7350000143051152 0.28499999642372137 4.6250000000000009
decision_type=2 2 2 2 2 2 2 2 2 2 2 2 2 2 2 2 2 2 2 2 2 2 2 2 2 2
left_child=1 2 3 15 5 6 7 20 10 -10 11 -4 13 -8 17 -1 -3 -6 -9 -11 -2 -12 -19 24 -18 -16
right_child=4 16 8 -5 14 -7 12 18 9 19 21 -13 -14 -15 25 -17 23 22 -20 -21 -22 -23 -24 -25 -26 -27
leaf_value=-0.15308553250506521 0.0094114240545781977 0.00053576460538622389 -0.031115582585958874 -0.031115582585958874 0.00053576460538622389 0.1162836875456075 0.0094114240545781977 0.1473829311983926 -0.0049928247500940388 -0.031115582585958874 -0.0049928247500940388 -0.011755486397531698 0.0094114240545781977 0.065083775361699445 0.0094114240545781977 -0.067185371315905032 0.00053576460538622389 0.00053576460538622389 0.090692578239933319 -0.0049928247500940388 0.038786943618638013 -0.011755486397531698 0.0094114240545781977 -0.0049928247500940388 -0.0025306004332823076 0.00053576460538622389
leaf_weight=32 30 2058 521 68 2635 24 75 21 92 238 1048 408 543 155 501 21 341 45 23 55 26 446 388 1216 67 104
leaf_count=32 30 2058 521 68 2635 24 75 21 92 238 1048 408 543 155 501 21 341 45 23 55 26 446 388 1216 67 104
internal_value=-0.000225505 -0.00363462 -0.0105214 -0.0535645 0.00470615 0.0171575 0.0144324 0.0558492 -0.00866664 -0.027107 -0.00573658 -0.0185181 0.00941142 0.0340504 0.00166535 -0.11905 0.000535765 0.000535765 0.117749 -0.0311156 0.00941142 -0.00499282 0.00941142 -0.00499282 -6.83761e-05 0.00941142
internal_weight=11181 6611 2929 121 4570 897 873 100 2808 385 2423 929 773 230 3673 53 3682 3068 44 293 56 1494 433 1624 408 605
internal_count=11181 6611 2929 121 4570 897 873 100 2808 385 2423 929 773 230 3673 53 3682 3068 44 293 56 1494 433 1624 408 605
is_linear=0
shrinkage=0.05


Tree=98
num_leaves=31
num_cat=0
split_feature=7 5 4 0 3 12 0 11 7 24 8 10 18 23 6 8 0 20 7 11 11 17 1 18 1 10 1 10 4 21
split_gain=71.9405 89.5932 186.106 118.507 112.858 148.166 216.765 132.807 214.772 130.254 116.396 98.7062 201.416 328.219 96.9964 91.8314 91.7448 77.2903 67.1504 61.19 56.6972 53.9268 53.4634 97.0023 52.4216 44.481 39.6801 43.7994 37.0989 36.4204
threshold=1014.2500000000001 -0.49500000476837153 1.2450000047683718 19.250000000000004 228.50000000000003 0.81174999475479137 20.150000572204593 0.87834998965263378 1017.2500000000001 37.084999084472663 379.50000000000006 0.91595000028610241 6.6499998569488534 56.500000000000007 27.500000000000004 41.500000000000007 20.650000572204593 18.150000572204593 1020.4500122070314 0.60784998536109935 1.0000000180025095e-35 0.10649999976158143 92.500000000000014 12.34999990463257 85.500000000000014 -0.6035499870777129 58.500000000000007 -1.0000000180025095e-35 1.3949999809265139 17.750000000000004
decision_type=2 2 2 2 2 2 2 2 2 2 2 2 2 2 2 2 2 2 2 2 2 2 2 2 2 2 2 2 2 2
left_child=22 2 11 -4 7 9 -7 17 10 25 -9 14 18 -14 -2 -11 -16 20 -13 -5 -3 -10 26 -24 -19 -6 27 -1 29 -28
right_child=1 4 3 19 5 6 -8 8 21 15 -12 12 13 -15 16 -17 -18 24 -20 -21 -22 -23 23 -25 -26 -27 28 -29 -30 -31
leaf_value=-0.013522497448335731 0.093661227556211618 -0.0010358460797721143 0.025212217072375878 0.075383865004595443 0.014742648913359652 -0.12022750692235099 0.016640337560998485 0.11739639313537864 -0.024627434012626171 -0.010950593005320001 -0.0063898648470640182 -0.12630040886310431 0.017179940265080192 0.13655791351246457 -0.010898121310455301 -0.065602428481603664 0.004734403356889994 0.0168713929596566 -0.02308376262895763 0.17916581153869629 -0.016113872779609774 0.01809006590861393 -0.027777150852436368 0.06276756917941384 0.0795971676302345 0.085281095890010275 -0.025858707749989631 0.024054510925986594 0.030689721660954614 0.0049895470090930098
leaf_weight=207 28 1966 138 49 34 81 45 79 102 443 25 26 669 63 1308 93 3323 51 40 20 913 268 55 64 46 41 735 124 35 110
leaf_count=207 28 1966 138 49 34 81 45 79 102 443 25 26 669 63 1308 93 3323 51 40 20 913 268 55 64 46 41 735 124 35 110
internal_value=-0.000145109 0.00132857 0.00542831 0.0519633 -0.0042174 -0.0219781 -0.0713461 -0.000423301 0.0241576 -0.0117975 0.0876401 0.0036631 0.0199115 0.0274543 0.000880059 -0.0204331 0.000319084 -0.00433841 -0.0637449 0.105466 -0.00581745 0.00631389 -0.0110603 0.0209192 0.0395602 0.0499184 -0.0142028 0.00055469 -0.0197536 -0.021843
internal_weight=11181 9851 5664 207 4187 737 126 3450 474 611 104 5457 798 732 4659 536 4631 2976 66 69 2879 370 1330 119 97 75 1211 331 880 845
internal_count=11181 9851 5664 207 4187 737 126 3450 474 611 104 5457 798 732 4659 536 4631 2976 66 69 2879 370 1330 119 97 75 1211 331 880 845
is_linear=0
shrinkage=0.05


Tree=99
num_leaves=31
num_cat=0
split_feature=11 7 12 3 9 0 11 7 5 24 3 2 10 7 3 7 24 3 4 24 0 4 11 3 11 0 4 3 2 18
split_gain=70.1079 95.5271 141.974 193.305 106.332 119.732 500.396 353.404 122.555 105.938 104.864 99.9789 94.3842 91.2924 139.119 102.538 125.464 183.453 105.274 106.195 141.786 97.0534 93.3124 111.766 87.4745 78.5182 77.3444 75.0813 68.8881 65.2626
threshold=-0.60784998536109913 1022.9500122070314 0.81174999475479137 262.50000000000006 -0.6035499870777129 20.250000000000004 0.87834998965263378 1018.6499938964845 -0.35500000417232508 465.00000000000006 214.50000000000003 1.1800000071525576 -1.0000000180025095e-35 1022.3500061035157 41.500000000000007 1020.2500000000001 37.084999084472663 248.50000000000003 0.34499999880790716 391.25000000000006 21.849999427795414 -1.0549999475479124 -0.87834998965263356 295.50000000000006 -1.0000000180025095e-35 20.44999980926514 0.25499999523162847 198.50000000000003 5.3199999332427987 4.9500000476837167
decision_type=2 2 2 2 2 2 2 2 2 2 2 2 2 2 2 2 2 2 2 2 2 2 2 2 2 2 2 2 2 2
left_child=13 4 11 27 10 6 8 -8 -6 24 12 29 -2 15 -15 18 -17 21 25 20 -20 -18 -16 26 -7 -1 -24 -4 -14 -3
right_child=1 2 3 -5 5 9 7 -9 -10 -11 -12 -13 28 14 22 16 17 -19 19 -21 -22 -23 23 -25 -26 -27 -28 -29 -30 -31
leaf_value=-0.10731006535616788 -0.015068796120772493 0.012070468203199139 -0.041793340673813455 -0.16715258632240626 0.0062401061236518427 0.044721858125800894 -0.13351087388870991 -0.011729688800516584 -0.019872112366556779 0.0062401061236518427 -0.060474772298317638 -0.0087621402597872645 0.014965427381779948 0.082902805714822211 -0.016103289499907577 0.068697741147010563 0.00065250957383552923 -0.13259633559394965 0.0093342292279450477 -0.014306815565717793 0.075769094415183105 -0.044240283749406945 0.023830879757308073 0.10273918721824885 0.017162129739197413 -0.012026617648354217 -0.067615935537550187 0.047127514370783635 -0.012622376899765451 0.056058913979251862
leaf_weight=22 840 46 156 29 857 360 113 126 474 1271 81 1007 797 61 284 31 202 44 322 266 107 298 161 40 1438 1255 27 28 316 122
leaf_count=22 840 46 156 29 857 360 113 126 474 1271 81 1007 797 61 284 31 202 44 322 266 107 298 161 40 1438 1255 27 28 316 122
internal_value=-0.00014205 0.00232113 -0.00961338 -0.0471719 0.00480354 0.00898286 -0.00224796 -0.0693082 0.00624011 0.0147282 -0.00472835 -0.0028049 -0.00241629 -0.00650605 0.0115261 -0.0105628 -0.0291416 -0.034717 -0.0051455 0.0105141 0.0259042 -0.0261036 0.00302222 0.0268452 0.0226802 -0.0136681 0.0106976 -0.0282619 0.00713277 0.0329031
internal_weight=11181 8061 1388 213 6673 4639 1570 239 1331 3069 2034 1175 1953 3120 573 2547 575 544 1972 695 429 500 512 228 1798 1277 188 184 1113 168
internal_count=11181 8061 1388 213 6673 4639 1570 239 1331 3069 2034 1175 1953 3120 573 2547 575 544 1972 695 429 500 512 228 1798 1277 188 184 1113 168
is_linear=0
shrinkage=0.05


Tree=100
num_leaves=21
num_cat=0
split_feature=18 18 7 5 4 11 7 0 3 1 18 23 1 10 4 4 18 10 0 11
split_gain=68.786 63.0304 63.8699 73.7566 120.799 104.583 93.393 87.0692 81.0364 44.4276 51.7263 38.5698 37.2206 36.6747 28.4791 17.1159 24.1057 3.90362 2.97051 2.77355
threshold=25.10000038146973 1.5500000119209292 1014.2500000000001 -0.35500000417232508 1.2450000047683718 0.87834998965263378 1023.6499938964845 20.250000000000004 108.50000000000001 92.500000000000014 12.34999990463257 71.500000000000014 58.500000000000007 -1.0000000180025095e-35 1.3949999809265139 0.23499999940395358 27.599999427795414 -0.37939999997615809 25.550000190734867 0.87834998965263378
decision_type=2 2 2 2 2 2 2 2 2 2 2 2 2 2 2 2 2 2 2 2
left_child=1 11 9 4 7 8 -7 -4 -5 12 17 -1 13 -3 -14 16 -2 -11 19 -13
right_child=15 2 3 5 -6 6 -8 -9 -10 10 -12 18 14 -15 -16 -17 -18 -19 -20 -21
leaf_value=-0.077144866770035347 0.031496316183358429 -0.011648415547068846 -0.0082767876790819563 0.014334447480638815 0.022284781945056346 0.022284781945056346 -0.010872224393935516 0.0067038042117205134 -0.0096103426319174689 0.0025136209386549982 0.022284781945056346 -0.044655264392495155 -0.017257540067746348 0.022284781945056346 0.022284781945056346 0.022284781945056346 0.10325878763740713 -0.017257540067746348 -0.017257540067746348 -0.023686488655233109
leaf_weight=38 25 206 1267 399 238 282 223 4137 3088 20 64 20 845 124 35 37 22 35 51 25
leaf_count=38 25 206 1267 399 238 282 223 4137 3088 20 64 20 845 124 35 37 22 35 51 25
internal_value=-8.24889e-05 -0.000423695 -7.0848e-06 0.00141038 0.00509037 -0.00379064 0.0174754 0.00319152 -0.00687046 -0.0102824 0.0188686 -0.034508 -0.0131493 0.00128591 -0.0172575 0.0449933 0.0650873 -0.0172575 -0.0176309 -0.0301154
internal_weight=11181 11097 10963 9634 5642 3992 505 5404 3487 1329 119 134 1210 330 880 84 47 55 96 45
internal_count=11181 11097 10963 9634 5642 3992 505 5404 3487 1329 119 134 1210 330 880 84 47 55 96 45
is_linear=0
shrinkage=0.05


Tree=101
num_leaves=28
num_cat=0
split_feature=8 18 12 9 24 23 12 24 20 18 0 17 7 7 7 10 12 17 0 24 5 1 3 5 0 24 1
split_gain=64.7306 104.199 89.0271 230.406 220.523 185.393 173.959 131.264 126.583 103.455 92.648 85.549 83.8032 65.5591 76.9962 82.6807 63.8099 61.756 49.3624 42.413 50.4417 38.574 26.8786 27.3948 26.5054 20.3786 4.97518
threshold=2.5000000000000004 2.9500000476837163 0.81174999475479137 -1.0000000180025095e-35 522.08499145507824 37.500000000000007 -0.56175000965595234 419.58500671386724 10.949999809265138 14.750000000000002 20.250000000000004 0.14250000566244128 1020.4500122070314 1027.850036621094 1025.350036621094 -0.98295000195503224 1.0000000180025095e-35 0.15650000423192981 22.44999980926514 922.91500854492199 1.7749999761581423 89.500000000000014 45.500000000000007 -1.0000000180025095e-35 22.150000572204593 792.91500854492199 74.500000000000014
decision_type=2 2 2 2 2 2 2 2 2 2 2 2 2 2 2 2 2 2 2 2 2 2 2 2 2 2 2
left_child=1 12 5 4 -4 7 8 10 -7 -8 -3 18 -1 14 17 26 -14 19 -5 20 -2 -9 -17 -24 -21 -6 -16
right_child=13 2 3 11 25 6 9 21 -10 -11 -12 -13 16 -15 15 22 -18 -19 -20 24 -22 -23 23 -25 -26 -27 -28
leaf_value=-0.11900784666168279 -0.004358411956697685 -0.0054065215804700592 0.18074730795163374 -0.021491527616567915 0.048948985761539505 0.02404162233322335 0.0067302706879982903 -0.0073379703348129327 0.070112267157695168 0.039405147850855582 0.0067302706879982903 0.057064512310815711 -0.10168741312623025 0.082277871261943469 -0.11640157461166384 -0.067555451486259702 -0.021491527616567915 0.071011910693986088 0.017786492347123897 -0.037394283026850855 0.0084010318631368795 -0.021491527616567915 0.021874864776101378 -0.025404517302134385 -0.010418849393977948 0.00070350363564032777 -0.081134087275713695
leaf_weight=29 3460 706 26 512 33 533 1510 554 207 245 637 35 25 22 20 24 43 28 93 104 998 379 45 96 732 65 20
leaf_count=29 3460 706 26 512 33 533 1510 554 207 245 637 35 25 22 20 24 43 28 93 104 998 379 45 96 732 65 20
internal_value=-3.0944e-05 0.0037453 0.00464563 -0.0112008 0.0512941 0.00718317 0.0165969 -0.0031364 0.036929 0.0080239 0.00673027 -0.0214915 -0.0476287 -0.00386368 -0.00420656 -0.0342757 -0.0214915 -0.00304832 -0.0214915 -0.00344002 -0.00150199 -0.0175433 -0.0186412 -0.0103154 -0.0137746 0.0169494 -0.0987678
internal_weight=11181 5632 5535 764 124 4771 2495 2276 740 1755 1343 640 97 5549 5527 205 68 5322 605 5294 4458 933 165 141 836 98 40
internal_count=11181 5632 5535 764 124 4771 2495 2276 740 1755 1343 640 97 5549 5527 205 68 5322 605 5294 4458 933 165 141 836 98 40
is_linear=0
shrinkage=0.05


Tree=102
num_leaves=22
num_cat=0
split_feature=15 0 18 5 8 7 8 18 18 23 5 7 12 0 10 8 5 17 24 2 4
split_gain=62.8804 79.6905 70.9565 119.166 57.5845 53.4667 62.382 52.3314 49.1578 47.3387 42.2682 117.052 60.9657 53.5456 34.6455 26.9821 14.7428 4.2963 2.18814 0.891466 5.43336
threshold=1.2450000047683718 21.650000572204593 2.9500000476837163 1.7749999761581423 157.50000000000003 1015.5499877929689 70.500000000000014 14.34999990463257 25.60000038146973 35.500000000000007 -3.6850000619888301 1016.4500122070314 1.0000000180025095e-35 22.150000572204593 0.78654998540878307 323.50000000000006 4.2349998950958261 0.10449999943375589 96.250000000000014 2.7350000143051152 0.28499999642372137
decision_type=2 2 2 2 2 2 2 2 2 2 2 2 2 2 2 2 2 2 2 2 2
left_child=1 2 3 14 8 7 9 -4 10 -7 -2 12 -12 -13 -1 -3 -8 -9 -6 20 -17
right_child=4 15 5 -5 18 6 16 17 -10 -11 11 13 -14 -15 -16 19 -18 -19 -20 -21 -22
leaf_value=-0.14067397196777165 0.00063813750932824743 0.00063813750932824743 -0.027341212048347902 -0.027341212048347902 0.024393840027810906 -0.017025823148685074 -0.027341212048347902 -0.015862092491511236 0.071930664970028799 -0.0043829729346745684 0.040272999143715155 0.0039436443893929264 0.0015290275056316866 0.02934322212837534 -0.058023235609843619 0.00063813750932824743 -0.0043829729346745684 -0.0043829729346745684 0.00063813750932824743 -0.0043829729346745684 -0.0021396956500569363
leaf_weight=32 469 2058 85 68 56 767 237 32 31 1546 237 1718 102 236 21 341 49 92 1721 1216 67
leaf_count=32 469 2058 85 68 56 767 237 32 31 1546 237 1718 102 236 21 341 49 92 1721 1216 67
internal_value=-5.80219e-05 -0.00317556 -0.00940408 -0.0468938 0.00445184 -0.00778861 -0.00578947 -0.0273412 0.00931808 -0.00438297 0.00861533 0.0117167 0.0388386 0.00701135 -0.107926 0.000638138 -0.0273412 -0.00438297 0.000638138 -0.00438297 0.000103582
internal_weight=11181 6611 2929 121 4570 2808 2599 209 2793 2313 2762 2293 339 1954 53 3682 286 124 1777 1624 408
internal_count=11181 6611 2929 121 4570 2808 2599 209 2793 2313 2762 2293 339 1954 53 3682 286 124 1777 1624 408
is_linear=0
shrinkage=0.05


Tree=103
num_leaves=31
num_cat=0
split_feature=11 5 7 0 18 7 7 20 24 4 3 18 5 11 7 1 8 3 1 0 12 7 7 24 7 4 0 7 3 21
split_gain=61.6152 83.2337 198.083 195.917 267.833 192.415 135.449 123.576 136.962 165.01 95.5828 71.511 64.8739 111.423 264.406 337.448 178.737 117.784 161.221 180.417 107.994 105.852 94.0025 129.562 189.958 112.54 110.253 96.0339 87.9704 71.1753
threshold=0.60784998536109935 -2.4550000429153438 1021.6499938964845 20.349999427795414 16.94999980926514 1018.6499938964845 1016.9500122070314 5.3500001430511483 596.25000000000011 1.294999957084656 276.50000000000006 10.449999809265138 -0.40500000119209284 1.0000000180025095e-35 1025.2500000000002 81.500000000000014 74.500000000000014 262.50000000000006 85.500000000000014 22.250000000000004 -0.56175000965595234 1022.0499877929689 1015.5499877929689 410.41499328613287 1020.8500061035157 -1.1249999999999998 18.150000572204593 1019.6499938964845 295.50000000000006 10.84999990463257
decision_type=2 2 2 2 2 2 2 2 2 2 2 2 2 2 2 2 2 2 2 2 2 2 2 2 2 2 2 2 2 2
left_child=12 3 7 5 -5 -2 -6 -3 9 -9 -4 -12 22 17 15 21 -17 18 -14 -20 -19 -15 29 24 26 -25 -24 -27 -22 -1
right_child=1 2 10 4 6 -7 -8 8 -10 -11 11 -13 13 14 -16 16 -18 20 19 -21 28 -23 23 25 -26 27 -28 -29 -30 -31
leaf_value=-0.021880189304160084 -0.10589010665814083 -0.080893662643547248 0.00036459707535719328 -0.0064666654944814011 0.14148560790788561 -0.02390926113402099 0.036323440127668132 0.034133871984436348 0.0033744231130512963 0.11609873233691735 -0.078615889268022196 0.016984205517090029 -0.0098360570353762528 0.0073100695930653327 0.055991931264014805 -0.058624763951011474 -0.15931242044482913 0.018773635995251337 0.0059823391203048405 0.063235442967798428 -0.074054850985163026 -0.088809689693152907 0.0064799671804672988 0.0064799671804672988 0.0064799671804672988 -0.0062332818848432892 0.038842668113018557 -0.043493019995779543 0.027768223151564599 -0.0002505086076576418
leaf_weight=618 93 26 718 879 42 89 113 633 339 68 71 27 1466 273 85 207 56 62 688 172 140 32 123 762 599 688 867 231 25 989
leaf_count=618 93 26 718 879 42 89 113 633 339 68 71 27 1466 273 85 207 56 62 688 172 140 32 123 762 599 688 867 231 25 989
internal_value=-3.7289e-07 0.00599504 0.0125828 -0.00420077 0.00421929 -0.0520378 0.064819 0.026775 0.0294667 0.0420848 -0.00595757 -0.0522771 -0.00229826 -0.00782302 -0.0262539 -0.0385618 -0.080064 -0.00310882 0.000246211 0.017433 -0.0374868 -0.00277463 0.00133356 0.00619984 0.0164365 -0.00347655 0.0317545 -0.0155989 -0.0586271 -0.00856858
internal_weight=11181 3098 1882 1216 1034 182 155 1066 1040 701 816 98 8083 3206 653 568 263 2553 2326 860 227 305 4877 3270 1589 1681 990 919 165 1607
internal_count=11181 3098 1882 1216 1034 182 155 1066 1040 701 816 98 8083 3206 653 568 263 2553 2326 860 227 305 4877 3270 1589 1681 990 919 165 1607
is_linear=0
shrinkage=0.05


Tree=104
num_leaves=31
num_cat=0
split_feature=11 7 3 7 24 3 4 24 0 4 11 3 7 12 3 9 0 11 7 18 3 24 10 2 4 0 4 2 5 18
split_gain=57.8081 83.2999 124.179 90.0722 111.14 161.355 92.7978 92.2289 122.957 84.4797 79.6946 99.7471 77.9647 126.29 167.179 87.985 89.1243 434.085 288.075 101.501 86.3027 86.2953 83.2417 79.1752 70.3658 68.8518 65.9722 58.2177 57.6571 57.5318
threshold=-0.60784998536109913 1022.3500061035157 41.500000000000007 1020.2500000000001 37.084999084472663 248.50000000000003 0.34499999880790716 391.25000000000006 21.849999427795414 -1.0549999475479124 -0.87834998965263356 295.50000000000006 1022.9500122070314 0.81174999475479137 262.50000000000006 -0.6035499870777129 20.250000000000004 0.87834998965263378 1018.6499938964845 2.9500000476837163 214.50000000000003 517.08499145507824 -1.0000000180025095e-35 1.1800000071525576 1.075000047683716 20.349999427795414 -1.0850000381469724 5.3450000286102304 0.98000001907348644 4.9500000476837167
decision_type=2 2 2 2 2 2 2 2 2 2 2 2 2 2 2 2 2 2 2 2 2 2 2 2 2 2 2 2 2 2
left_child=1 3 -3 6 -5 9 25 8 -8 -6 -4 26 15 23 24 20 17 19 -19 -17 22 -18 -2 29 -15 -1 -12 -24 -27 -14
right_child=12 2 10 4 5 -7 7 -9 -10 -11 11 -13 13 14 -16 16 21 18 -20 -21 -22 -23 27 -25 -26 28 -28 -29 -30 -31
leaf_value=-0.10464806279167534 -0.014004014823086828 0.078853125894655957 -0.0142913195179959 0.064990649300236861 0.00069852938367247512 -0.12413766486781903 0.0090097066802661413 -0.01303344124287395 0.070876076671721369 -0.041185384160829647 0.026274585955744164 0.09709687907248736 0.011085913597461697 -0.04244640430499768 -0.1555750190232206 -0.10330589413642884 0.019560929017367168 -0.12202830563208698 -0.012077837342780735 0.005886685561083585 -0.054791873392223578 0.005886685561083585 0.01380824457080989 -0.0074529893706539278 0.033209595525971594 -0.0073965927026707901 -0.044245249448820606 -0.011936211344311045 -0.041759886784669367 0.051733289675546273
leaf_weight=20 840 61 284 31 202 44 322 266 107 298 145 40 46 145 29 23 2034 113 126 1308 81 1035 812 1007 39 1120 43 301 137 122
leaf_count=20 840 61 284 31 202 44 322 266 107 298 145 40 46 145 29 23 2034 113 126 1308 81 1035 812 1007 39 1120 43 301 137 122
internal_value=-2.79867e-05 -0.00580683 0.0114179 -0.00968189 -0.0270948 -0.0323423 -0.0046046 0.0100978 0.0244402 -0.0242643 0.00338361 0.0253998 0.00220871 -0.00857307 -0.0439964 0.00445134 0.00825304 -0.00143653 -0.0640628 0.00588669 -0.00421928 0.0132099 -0.0021218 -0.00215165 -0.0264106 -0.0126063 0.010145 0.00684591 -0.0111418 0.0296248
internal_weight=11181 3120 573 2547 575 544 1972 695 429 500 512 228 8061 1388 213 6673 4639 1570 239 1331 2034 3069 1953 1175 184 1277 188 1113 1257 168
internal_count=11181 3120 573 2547 575 544 1972 695 429 500 512 228 8061 1388 213 6673 4639 1570 239 1331 2034 3069 1953 1175 184 1277 188 1113 1257 168
is_linear=0
shrinkage=0.05


Tree=105
num_leaves=31
num_cat=0
split_feature=11 18 7 11 7 21 24 3 7 2 24 5 12 24 1 3 12 5 7 7 5 7 3 20 4 1 1 7 10 1
split_gain=58.087 77.3631 204.781 136.481 197.259 146.31 123.107 81.3052 61.9406 57.6888 57.1706 56.4682 107.967 126.148 91.3145 61.3847 64.6022 60.9703 30.4209 26.2336 33.9218 17.0464 15.4374 14.6087 13.3459 18.6526 11.9183 11.8023 9.56645 9.31594
threshold=0.60784998536109935 9.6500000953674334 1016.5499877929689 0.87834998965263378 1022.6499938964845 10.949999809265138 691.25000000000011 35.500000000000007 1027.299987792969 5.4849998950958261 1030.414978027344 -0.40500000119209284 1.0000000180025095e-35 46.250000000000007 98.500000000000014 114.50000000000001 1.0000000180025095e-35 1.9049999713897707 1024.4500122070315 1020.4500122070314 -2.564999938011169 1024.4500122070315 206.50000000000003 10.34999990463257 2.3349999189376835 83.500000000000014 88.500000000000014 1022.3500061035157 0.91595000028610241 53.500000000000007
decision_type=2 2 2 2 2 2 2 2 2 2 2 2 2 2 2 2 2 2 2 2 2 2 2 2 2 2 2 2 2 2
left_child=8 7 6 4 5 -4 26 19 9 11 18 12 14 -14 -1 16 -13 -17 -9 20 28 27 -20 24 -11 -26 -3 -21 -2 -12
right_child=1 2 3 -5 -6 -7 -8 10 -10 23 29 15 13 -15 -16 17 -18 -19 22 21 -22 -23 -24 -25 25 -27 -28 -29 -30 -31
leaf_value=0.0073382756614403357 -0.019054135385820584 0.079585504680871971 0.0079544368214108079 0.0079544368214108079 0.0079544368214108079 0.067835198886303322 0.0079544368214108079 0.0079544368214108079 0.077950654675563183 -0.019954608414023443 -0.0091654865468420565 -0.0092520311359803008 0.058311138961996356 -0.0092520311359803008 0.096524134689363938 -0.0092520311359803008 0.025489821607189839 0.0015147000287297448 0.0075259448494762182 -0.0088737246284981367 -0.083048713430762297 -0.040851527280532401 -0.0091654865468420565 -0.0092520311359803008 -0.085091700255870817 -0.021384070717074252 0.12406285905935727 0.0079544368214108079 -0.050419712770316344 -0.033287930942717057
leaf_weight=2778 244 20 70 512 107 335 36 1121 24 319 24 224 70 1636 29 1105 277 1326 140 119 25 26 86 248 20 27 61 40 27 105
leaf_count=2778 244 20 70 512 107 335 36 1121 24 319 24 224 70 1636 29 1105 277 1326 140 119 25 26 86 248 20 27 61 40 27 105
internal_value=-2.41322e-05 0.0057971 0.0161449 0.00898488 0.0338104 0.0533726 0.0788105 -0.000236042 -0.00225526 -0.00249411 0.00558182 -0.00127925 0.0022306 -0.00768946 0.00825968 -0.00668169 0.00932147 -0.00925203 0.00795444 -0.0180888 -0.0273201 -0.00331857 -0.00916549 -0.0172248 -0.0236195 -0.0484937 0.113081 0.0028189 -0.0221791 -0.0262854
internal_weight=11181 3098 1141 1024 512 405 117 1957 8083 8059 1476 7445 4513 1706 2807 2932 501 2431 1347 481 296 185 226 614 366 47 81 159 271 129
internal_count=11181 3098 1141 1024 512 405 117 1957 8083 8059 1476 7445 4513 1706 2807 2932 501 2431 1347 481 296 185 226 614 366 47 81 159 271 129
is_linear=0
shrinkage=0.05


Tree=106
num_leaves=19
num_cat=0
split_feature=18 7 11 5 7 0 18 18 3 5 11 7 3 7 24 21 1 4
split_gain=55.2609 98.2806 55.1888 70.9542 158.714 111.471 269.879 90.972 62.0474 54.4659 103.873 152.464 84.6178 80.0849 96.7519 64.3211 23.1826 24.1559
threshold=1.3499999642372134 1027.299987792969 0.60784998536109935 -2.4550000429153438 1021.6499938964845 20.650000572204593 13.449999809265138 4.5499999523162851 164.50000000000003 -0.40500000119209284 1.0000000180025095e-35 1025.350036621094 262.50000000000006 1015.5499877929689 407.08500671386724 10.84999990463257 53.500000000000007 -2.3049999475479122
decision_type=2 2 2 2 2 2 2 2 2 2 2 2 2 2 2 2 2 2
left_child=16 2 9 5 7 -4 -7 -5 -6 13 12 -12 -11 15 -15 -2 -1 -18
right_child=1 -3 3 4 8 6 -8 -9 -10 10 11 -13 -14 14 -16 -17 17 -19
leaf_value=-0.020099046612086797 -0.020099046612086797 0.10571077005429702 -0.020099046612086797 -0.0031290074125823811 0.027345597312875815 -0.0078296907571688522 0.059140270168680453 0.032173480118643967 -0.011157334646429005 0.00056816972865659555 -0.020099046612086797 0.053291117493063214 -0.020099046612086797 0.014611903212914376 -0.0027627201117527284 -8.1042846562042121e-05 -0.029175234869832086 -0.10501325322049004
leaf_weight=43 618 22 214 234 124 816 184 829 670 2324 568 75 227 1555 1653 983 21 21
leaf_count=43 618 22 214 234 124 816 184 829 670 2324 568 75 227 1555 1653 983 21 21
internal_value=-0.000172003 0.000135652 -7.40868e-05 0.00562401 0.011769 -0.00377573 0.00443967 0.0244023 -0.00514428 -0.00226062 -0.00732197 -0.020099 -0.00260049 0.00110098 0.00565921 -0.00803257 -0.0403337 -0.0670942
internal_weight=11181 11096 11074 3071 1857 1214 1000 1063 794 8003 3194 643 2551 4809 3208 1601 85 42
internal_count=11181 11096 11074 3071 1857 1214 1000 1063 794 8003 3194 643 2551 4809 3208 1601 85 42
is_linear=0
shrinkage=0.05


Tree=107
num_leaves=28
num_cat=0
split_feature=18 7 10 23 0 20 24 5 24 12 4 7 18 24 11 0 1 10 14 12 17 18 17 8 8 4 8
split_gain=52.5859 49.0924 54.329 79.5391 112.537 114.904 97.9283 53.5319 73.5278 69.8328 160.634 122.304 52.1442 40.1296 39.6994 36.819 28.9089 15.7598 15.4808 13.3429 16.6304 10.2925 7.90055 7.29339 6.80656 3.79131 0.490814
threshold=25.10000038146973 1011.9500122070314 1.0000000180025095e-35 46.500000000000007 20.650000572204593 10.550000190734865 757.08499145507824 1.7749999761581423 517.08499145507824 1.0000000180025095e-35 0.44499999284744268 1025.1499633789065 7.0499999523162851 517.08499145507824 0.60784998536109935 21.849999427795414 61.500000000000007 0.78654998540878307 33.000000000000007 1.0000000180025095e-35 0.11250000074505807 15.34999990463257 0.12150000035762788 613.50000000000011 177.50000000000003 0.60500001907348644 586.50000000000011
decision_type=2 2 2 2 2 2 2 2 2 2 2 2 2 2 2 2 2 2 2 2 2 2 2 2 2 2 2
left_child=1 16 7 4 5 -4 12 9 15 10 -3 -11 -5 -6 -10 -9 19 23 -2 26 -21 -19 -20 24 -18 -22 -1
right_child=18 2 3 6 13 -7 -8 8 14 11 -12 -13 -14 -15 -16 -17 17 21 22 20 25 -23 -24 -25 -26 -27 -28
leaf_value=0.019314652624994121 0.076347913770448597 -0.0026895547328496159 -0.037723878358321437 0.010707102277334424 0.0033596779653689776 -0.0083196927058564133 0.0033596779653689776 0.0081641174560470008 -0.011196476688585661 0.003029942393178572 -0.029021155503059167 -0.11832314076877776 0.019314652624994121 -0.0083196927058564133 0.0081641174560470008 0.019314652624994121 -0.029528983825418565 -0.086104648336768161 0.019314652624994121 -0.052551634148472838 -0.010388417351173192 -0.035378683470189569 0.048136575759521558 -0.049098913185298444 -0.0046044203825294974 0.014974472183815164 0.011842183042079507
leaf_weight=24 21 1846 440 732 837 243 1018 210 560 1835 844 21 907 704 330 258 70 20 35 21 41 20 28 26 45 23 22
leaf_count=24 21 1846 440 732 837 243 1018 210 560 1835 844 21 907 704 330 258 70 20 35 21 41 20 28 26 45 23 22
internal_value=-0.000242133 -0.000540466 2.51757e-05 0.00392814 -0.00304831 -0.0199991 0.00976767 -0.00320151 0.00550949 -0.0058037 -0.0109512 0.00165687 0.0180545 0.00335968 -0.00298642 0.0193147 -0.0200932 -0.0330412 0.0391698 -0.0022031 -0.0139423 -0.0607417 0.0267771 -0.025183 -0.0197759 -0.00127363 0.0193147
internal_weight=11181 11097 10785 4881 2224 683 2657 5904 1358 4546 2690 1856 1639 1541 890 468 312 181 84 131 85 40 63 141 115 64 46
internal_count=11181 11097 10785 4881 2224 683 2657 5904 1358 4546 2690 1856 1639 1541 890 468 312 181 84 131 85 40 63 141 115 64 46
is_linear=0
shrinkage=0.05


Tree=108
num_leaves=29
num_cat=0
split_feature=15 0 18 5 8 7 8 18 23 5 7 24 11 3 7 0 10 15 8 5 1 4 4 2 21 1 1 1
split_gain=52.2566 70.6865 59.0091 106.137 46.2172 45.9978 56.6796 48.1772 41.3268 39.0746 94.5122 122.162 87.885 57.1994 57.0558 49.5114 28.4555 23.5007 21.8438 12.7015 3.32663 1.45977 10.0757 3.92541 1.05307 0.196823 0.726052 0.0100988
threshold=1.2450000047683718 21.650000572204593 2.9500000476837163 1.7749999761581423 157.50000000000003 1015.5499877929689 70.500000000000014 14.34999990463257 35.500000000000007 -3.6850000619888301 1016.4500122070314 126.25000000000001 0.87834998965263378 5.5000000000000009 1020.9500122070314 22.150000572204593 0.78654998540878307 1.435000002384186 323.50000000000006 4.2349998950958261 45.500000000000007 -1.2150000333786009 0.28499999642372137 3.6250000000000004 9.2500000000000018 41.500000000000007 43.500000000000007 44.500000000000007
decision_type=2 2 2 2 2 2 2 2 2 2 2 2 2 2 2 2 2 2 2 2 2 2 2 2 2 2 2 2
left_child=1 2 3 16 9 7 8 -4 -7 -2 11 17 -13 14 -12 -15 -1 -11 -3 -8 25 -20 23 -23 -9 -6 -27 -28
right_child=4 18 5 -5 20 6 19 24 -10 10 13 12 -14 15 -16 -17 -18 -19 21 -21 -22 22 -24 -25 -26 26 27 -29
leaf_value=-0.13063134232070298 0.00047730823797012545 0.00047730823797012545 -0.025240443578437962 -0.025240443578437962 0.019349724702029069 -0.0160239266913604 -0.025240443578437962 -0.014721635523507205 -0.0042028274685764451 0.062258028764329933 0.07884779424178151 0.0071659619889540924 0.062258028764329933 0.0024112124359185307 0.00047730823797012545 0.027145838133472589 -0.055727121402465163 0.12784014037677222 -0.0042028274685764451 -0.0042028274685764451 0.00047730823797012545 0.00047730823797012545 -0.0042028274685764451 -0.0042028274685764451 -0.0042028274685764451 0.0067494399224718414 0.018232890870422125 0.01694587056990713
leaf_weight=32 469 2058 85 68 33 767 237 27 1546 22 53 222 60 1681 21 230 21 35 720 49 1661 304 286 314 97 21 27 35
leaf_count=32 469 2058 85 68 33 767 237 27 1546 22 53 222 60 1681 21 230 21 35 720 49 1661 304 286 314 97 21 27 35
internal_value=-0.000157323 -0.00299933 -0.00888296 -0.0430711 0.00395394 -0.00740976 -0.00554918 -0.0252404 -0.00420283 0.00829689 0.0112253 0.0356245 0.0221302 0.00705838 0.0501904 0.00538817 -0.100952 0.102386 0.000477308 -0.0252404 0.000477308 -0.00420283 -0.00126083 0.000477308 -0.00420283 0.0160834 0.0147847 0.0175063
internal_weight=11181 6611 2929 121 4570 2808 2599 209 2313 2793 2324 339 282 1985 74 1911 53 57 3682 286 1777 1624 904 618 124 116 83 62
internal_count=11181 6611 2929 121 4570 2808 2599 209 2313 2793 2324 339 282 1985 74 1911 53 57 3682 286 1777 1624 904 618 124 116 83 62
is_linear=0
shrinkage=0.05


Tree=109
num_leaves=18
num_cat=0
split_feature=18 7 11 5 7 0 18 18 3 2 0 4 3 23 23 1 0
split_gain=49.0925 89.7805 47.6455 64.4761 140.026 100.618 238.969 80.6508 54.6585 52.0418 55.9636 84.4632 57.8423 20.7535 12.0117 5.0712 1.45624
threshold=1.3499999642372134 1027.299987792969 0.60784998536109935 -2.4550000429153438 1021.6499938964845 20.650000572204593 13.449999809265138 4.5499999523162851 164.50000000000003 5.4849998950958261 22.150000572204593 0.56499999761581432 290.50000000000006 71.500000000000014 116.50000000000001 83.500000000000014 25.550000190734867
decision_type=2 2 2 2 2 2 2 2 2 2 2 2 2 2 2 2 2
left_child=13 2 9 5 7 -4 -7 -5 -6 10 12 -12 -2 -1 15 -11 -15
right_child=1 -3 3 4 8 6 -8 -9 -10 14 11 -13 -14 16 -16 -17 -18
leaf_value=-0.072294762094729945 -0.0084766070726657403 0.10108766203576869 -0.0188906696478051 -0.0029233231615179624 0.025740660762324209 -0.00735562013893944 0.055652269914002239 0.030316274860057647 -0.010397063901321267 -0.0188906696478051 0.00070988760986463294 0.023977180034044355 -0.00072503254342853223 -0.029528222982348369 -0.0084766070726657403 -0.013683638360235421 -0.0188906696478051
leaf_weight=29 2500 22 214 234 124 816 184 829 670 409 3109 446 1336 33 37 166 23
leaf_count=29 2500 22 214 234 124 816 184 829 670 409 3109 446 1336 33 37 166 23
internal_value=-0.000108691 0.000181286 -1.91782e-05 0.0052752 0.011133 -0.00368518 0.00417943 0.0229992 -0.00475339 -0.0020508 -0.000890567 0.00362893 -0.005079 -0.0379626 -0.0160626 -0.0188907 -0.0201835
internal_weight=11181 11096 11074 3071 1857 1214 1000 1063 794 8003 7391 3555 3836 85 612 575 56
internal_count=11181 11096 11074 3071 1857 1214 1000 1063 794 8003 7391 3555 3836 85 612 575 56
is_linear=0
shrinkage=0.05


Tree=110
num_leaves=29
num_cat=0
split_feature=17 8 12 9 23 12 1 9 18 24 0 18 1 0 5 9 18 1 8 24 5 24 21 3 5 23 7 7
split_gain=47.5815 50.3979 81.1524 212.886 142.376 135.106 121.398 120.68 112.253 97.9032 80.0131 76.9613 56.3711 51.0222 81.3658 79.1492 84.9314 76.0704 65.0683 74.977 53.8613 24.3539 22.3894 20.5566 63.6536 12.5218 8.7163 3.0282
threshold=0.15650000423192981 1.0000000180025095e-35 0.81174999475479137 -1.0000000180025095e-35 37.500000000000007 -0.56175000965595234 96.500000000000014 0.3793999999761582 4.9500000476837167 441.25000000000006 20.250000000000004 14.750000000000002 91.500000000000014 22.050000190734867 0.75499999523162853 1.0000000180025095e-35 5.6499998569488534 90.500000000000014 323.50000000000006 691.25000000000011 1.5950000286102297 768.75000000000011 13.949999809265138 41.500000000000007 -2.4550000429153438 134.00000000000003 1026.850036621094 1019.6499938964845
decision_type=2 2 2 2 2 2 2 2 2 2 2 2 2 2 2 2 2 2 2 2 2 2 2 2 2 2 2 2
left_child=1 2 4 21 9 8 7 -5 -6 10 -1 -7 -11 14 15 17 -17 -3 19 20 -15 -4 -21 24 -20 -25 -16 -23
right_child=-2 13 3 6 5 11 -8 -9 -10 12 -12 -13 -14 18 26 16 -18 -19 23 22 -22 27 -24 25 -26 -27 -28 -29
leaf_value=-0.0062821559570899275 0.064988942337887629 -0.033132142437529481 0.032358372752740554 -0.062361681790207513 0.0051778495054425984 0.0051778495054425984 -0.12209877903262774 -0.0078616793754740562 0.032358372752740554 -0.010222739851025571 0.0051778495054425984 0.032358372752740554 -0.041673612188046369 0.012031065569920537 -0.0065210301934368808 -0.079248543965640364 -0.0077828887719617879 -0.10292142887634259 -0.0038028145046346399 -0.0065210301934368808 0.032358372752740554 0.0042674692741666844 0.0073012714356716192 -0.0065210301934368808 0.032358372752740554 0.032270634463056926 -0.057312965393066406 -0.01887087562391835
leaf_weight=718 28 141 73 128 67 1520 30 492 663 656 705 231 182 526 645 46 432 54 866 390 98 26 350 1906 127 25 25 31
leaf_count=718 28 141 73 128 67 1520 30 492 663 656 705 231 182 526 645 46 432 54 866 390 98 26 350 1906 127 25 25 31
internal_value=-0.000108767 -0.000272197 0.00312191 -0.0118234 0.00558023 0.013851 -0.0238665 -0.0191133 0.0319217 -0.00349527 0.00448905 0.0063172 -0.0170534 -0.0036006 -0.0121051 -0.0256122 -0.0146603 -0.0524584 -0.000937009 0.00808096 0.0208468 0.0323584 -0.00268377 -0.00514375 0.00105125 -0.00652103 -0.00652103 -0.00831654
internal_weight=11181 11153 5522 780 4742 2481 650 620 730 2261 1423 1751 838 5631 1343 673 478 195 4288 1364 624 130 740 2924 993 1931 670 57
internal_count=11181 11153 5522 780 4742 2481 650 620 730 2261 1423 1751 838 5631 1343 673 478 195 4288 1364 624 130 740 2924 993 1931 670 57
is_linear=0
shrinkage=0.05


Tree=111
num_leaves=30
num_cat=0
split_feature=7 23 8 0 5 18 5 24 15 1 11 5 0 7 24 18 14 0 17 18 12 18 6 6 8 5 0 0 8
split_gain=48.2513 51.0647 56.5989 112.271 125.208 86.9174 104.813 82.8502 53.8557 47.1193 95.9591 172.957 74.2525 51.1903 46.7164 44.637 32.3664 26.0128 25.2552 19.0859 11.2675 9.42688 8.35437 5.13347 2.4149 1.55187 1.10976 0.780351 0.581262
threshold=1011.9500122070314 120.50000000000001 152.50000000000003 21.849999427795414 -2.6350001096725459 2.9500000476837163 1.7749999761581423 700.41500854492199 1.2450000047683718 84.500000000000014 -1.0000000180025095e-35 1.9950000047683718 21.349999427795414 1016.7500000000001 328.75000000000006 1.0500000119209292 48.000000000000007 28.250000000000004 0.1134999990463257 7.7500000000000009 -0.56175000965595234 20.44999980926514 362.50000000000006 472.50000000000006 645.50000000000011 -3.254999995231628 31.250000000000004 25.750000000000004 583.50000000000011
decision_type=2 2 2 2 2 2 2 2 2 2 2 2 2 2 2 2 2 2 2 2 2 2 2 2 2 2 2 2 2
left_child=17 2 3 5 21 6 -2 -6 -7 13 12 -12 -11 16 -3 -15 -4 18 19 -1 28 -5 -20 -21 26 -26 -22 -24 -19
right_child=1 14 9 4 7 8 -8 -9 -10 10 11 -13 -14 15 -16 -17 -18 20 22 23 24 -23 27 -25 25 -27 -28 -29 -30
leaf_value=-0.095240723288484985 -0.096911813004612268 0.10839529519989377 -0.0065364682227395379 0.005533461495610798 0.024198330069145322 -0.0047497173705673013 -0.022259015735051554 0.005533461495610798 0.005533461495610798 -0.071930885197513769 -0.092448629070759611 0.017125598002317492 0.024198330069145322 -0.058121209195815031 0.024198330069145322 0.0013077047792029802 -0.026197110813045817 0.024547431901806877 -0.017376265652791986 -0.036368033952103786 -0.011710644513368607 0.024198330069145322 -0.036368033952103786 -0.060686511275443167 -0.0027981665381230417 -0.017376265652791986 0.0047463996025423208 -0.026872149802447887 0.012783260696700641
leaf_weight=21 57 21 628 1065 722 2792 58 297 1985 23 95 58 95 32 35 2506 314 21 60 27 20 86 27 22 20 31 21 21 21
leaf_count=21 57 21 628 1065 722 2792 58 297 1985 23 95 58 95 32 35 2506 314 21 60 27 20 86 27 22 20 31 21 21 21
internal_value=-4.62457e-05 0.000510256 0.00026362 0.00290002 0.0123657 -0.00129879 -0.0442533 0.0241983 -0.000264719 -0.00469992 -0.0247816 -0.0509107 0.00909758 -0.00313608 0.048133 0.000558404 -0.01309 -0.0194328 -0.0319593 -0.0553598 -0.00279322 0.00553346 -0.0173763 -0.038268 -0.0125895 -0.0173763 -0.00328143 -0.036368 0.0186653
internal_weight=11181 10869 10813 7062 2170 4892 115 1019 4777 3751 271 153 118 3480 56 2538 942 312 178 70 134 1151 108 49 92 51 41 48 42
internal_count=11181 10869 10813 7062 2170 4892 115 1019 4777 3751 271 153 118 3480 56 2538 942 312 178 70 134 1151 108 49 92 51 41 48 42
is_linear=0
shrinkage=0.05


Tree=112
num_leaves=25
num_cat=0
split_feature=7 23 5 4 3 12 0 8 11 18 18 23 1 11 0 24 18 0 24 10 1 6 3 14
split_gain=45.3223 50.9077 50.9399 119.093 82.5741 98.6489 174.376 96.1309 91.958 83.0613 72.2752 127.251 85.8861 64.963 37.3934 55.7732 35.4493 37.9399 33.8254 27.0814 22.8878 19.9125 3.13883 1.57418
threshold=1014.2500000000001 123.00000000000001 -0.49500000476837153 1.2450000047683718 243.50000000000003 0.81174999475479137 20.150000572204593 1.0000000180025095e-35 0.87834998965263378 4.1499998569488534 9.5500001907348651 37.500000000000007 93.500000000000014 1.0000000180025095e-35 19.349999427795414 126.25000000000001 13.949999809265138 21.550000190734867 328.75000000000006 0.60354998707771312 94.500000000000014 362.50000000000006 354.50000000000006 33.000000000000007
decision_type=2 2 2 2 2 2 2 2 2 2 2 2 2 2 2 2 2 2 2 2 2 2 2 2
left_child=14 2 3 10 8 7 -7 -6 13 -10 12 -12 -2 -4 -1 20 17 23 -3 -19 -16 22 -18 -17
right_child=1 18 4 -5 5 6 -8 -9 9 -11 11 -13 -14 -15 15 16 21 19 -20 -21 -22 -23 -24 -25
leaf_value=-0.066934345697087269 -0.00072479038745466916 0.10297553113528662 0.0011638584250909599 0.028487767202467651 0.0039461609243990441 -0.10992957666361083 0.018266531842874384 -0.048085158707468011 -0.002970781126666976 0.028487767202467651 0.0029819626541398737 0.023027588326935629 -0.037635923105621055 -0.014417083153770209 0.019910848211294699 -0.023543847895993519 0.019910848211294699 -0.0057891435051205566 0.028487767202467651 -0.023543847895993519 0.085011760653419935 0.0003963756354313522 0.010153611923363025 -0.037210216017466727
leaf_weight=27 2799 21 2122 207 319 72 42 123 253 251 1479 998 167 977 20 24 94 828 21 207 22 27 31 50
leaf_count=27 2799 21 2122 207 319 72 42 123 253 251 1479 998 167 977 20 24 94 828 21 207 22 27 31 50
internal_value=-2.92981e-05 0.00114039 0.000905195 0.00399661 -0.00329449 -0.0212291 -0.0626994 -0.0105331 -0.000526892 0.0192805 0.00246223 0.00876699 -0.00280306 -0.00374824 -0.00869293 -0.00748609 -0.00937398 -0.0124776 0.0560703 -0.00987748 0.0491957 0.0132704 0.0199108 -0.0372102
internal_weight=11181 9851 9809 5650 4159 556 114 442 3603 504 5443 2477 2966 3099 1330 1303 1261 1109 42 1035 42 152 125 74
internal_count=11181 9851 9809 5650 4159 556 114 442 3603 504 5443 2477 2966 3099 1330 1303 1261 1109 42 1035 42 152 125 74
is_linear=0
shrinkage=0.05


Tree=113
num_leaves=31
num_cat=0
split_feature=11 7 3 7 24 3 1 9 4 4 11 3 17 1 4 7 12 3 24 7 1 4 12 6 3 10 18 5 0 18
split_gain=44.57 74.2669 111.507 80.7601 92.3238 142.411 79.226 142.474 120.405 77.8716 71.4476 87.5758 62.4448 98.5826 58.2272 57.5933 99.2521 128.093 70.1492 141.113 73.6258 66.7957 65.3679 64.9979 62.4772 60.9668 143.53 85.9863 59.4246 76.2925
threshold=-0.60784998536109913 1022.3500061035157 48.500000000000007 1020.2500000000001 37.084999084472663 262.50000000000006 91.500000000000014 1.0000000180025095e-35 1.1050000190734866 -1.0549999475479124 -0.87834998965263356 295.50000000000006 0.12650000303983691 84.500000000000014 0.25499999523162847 1022.9500122070314 0.81174999475479137 262.50000000000006 75.415000915527358 1017.2500000000001 96.500000000000014 -0.46500000357627863 1.0000000180025095e-35 32.500000000000007 198.50000000000003 1.0000000180025095e-35 2.9500000476837163 1.6800000071525576 18.150000572204593 4.0499999523162851
decision_type=2 2 2 2 2 2 2 2 2 2 2 2 2 2 2 2 2 2 2 2 2 2 2 2 2 2 2 2 2 2
left_child=1 3 -3 6 -5 9 12 -8 -9 -6 -4 14 -1 -14 -12 18 23 24 19 -2 25 -21 -22 -17 -18 27 -27 -20 29 -25
right_child=15 2 10 4 5 -7 7 8 -10 -11 11 -13 13 -15 -16 16 17 -19 20 21 22 -23 -24 28 -26 26 -28 -29 -30 -31
leaf_value=-0.012578878597078694 0.086568503479843281 0.07177004917114696 -0.013616473076347814 0.058672554262222787 0.00077913465026747627 -0.12759815557726792 0.10740527289035993 -0.0080655248745088986 0.070887044567804217 -0.039194485465449916 0.021297062336538393 0.091262316014617692 0.0019540898396421687 0.087312685772776608 -0.058192504776848689 0.039685690610415561 -0.035691189185644574 -0.13640918354022091 -0.0062129318318258041 0.10210193949086327 -0.061826774203218519 0.012555685541654836 0.012555685541654836 -0.11749377007557389 0.045423302673069495 -0.088052309605930204 0.0097716856605667094 0.012555685541654836 -0.00075802121939657025 -0.019017604169258195
leaf_weight=1395 73 67 282 31 202 35 39 266 59 307 157 40 173 40 27 88 156 29 2435 21 80 368 24 24 28 38 2831 803 961 102
leaf_count=1395 73 67 282 31 202 35 39 266 59 307 157 40 173 40 27 88 156 29 2435 21 80 368 24 24 28 38 2831 803 961 102
internal_value=-3.50271e-05 -0.00510923 0.0111548 -0.00876815 -0.0252564 -0.0300391 -0.00396049 0.0171036 0.0062674 -0.0233307 0.00312863 0.0242095 -0.00872873 0.0164871 0.00963283 0.00192894 -0.00733781 -0.038741 0.00385644 0.0226531 0.00245827 0.0125557 -0.0392576 -0.00164514 -0.0233477 0.00316868 0.008476 -0.00153383 -0.00499115 -0.0372772
internal_weight=11181 3120 573 2547 575 544 1972 364 325 509 506 224 1608 213 184 8061 1388 213 6673 462 6211 389 104 1175 184 6107 2869 3238 1087 126
internal_count=11181 3120 573 2547 575 544 1972 364 325 509 506 224 1608 213 184 8061 1388 213 6673 462 6211 389 104 1175 184 6107 2869 3238 1087 126
is_linear=0
shrinkage=0.05


Tree=114
num_leaves=20
num_cat=0
split_feature=18 6 11 7 11 18 23 11 5 7 7 0 18 9 1 5 9 9 4
split_gain=42.844 40.5099 71.7509 52.7954 50.8573 72.3757 102.004 42.8023 58.9101 53.463 78.1134 40.2782 35.7034 29.9615 24.9107 24.0602 23.7368 17.1884 14.768
threshold=27.599999427795414 42.500000000000007 1.0000000180025095e-35 1025.2500000000002 1.0000000180025095e-35 22.150000572204593 71.500000000000014 -0.60784998536109913 5.1949999332427987 1022.3500061035157 1020.2500000000001 20.250000000000004 2.0499999523162846 -0.37939999997615809 56.500000000000007 1.2250000238418581 -0.6035499870777129 -1.0000000180025095e-35 2.7849999666213994
decision_type=2 2 2 2 2 2 2 2 2 2 2 2 2 2 2 2 2 2 2
left_child=1 2 17 7 5 6 -5 9 11 10 -3 -9 14 -4 -6 -14 -11 -1 -10
right_child=-2 3 13 4 12 -7 -8 8 18 16 -12 -13 15 -15 -16 -17 -18 -19 -20
leaf_value=0.027486628212301429 0.055189956767218454 -0.0038040630294190257 0.0054333410559409068 -0.11452610236406327 -0.017694789657802287 0.0054333410559409068 -0.026856550478854543 -0.0036372478242654802 -0.022468006704158883 -0.021725971629787792 -0.02542394327450026 0.0049995483918482209 0.0054333410559409068 0.027486628212301429 -0.078598451573149458 -0.017694789657802287 0.0054333410559409068 0.0054333410559409068 0.0054333410559409068
leaf_weight=38 35 1907 25 50 26 20 74 1837 298 101 535 5091 65 221 24 86 350 372 26
leaf_count=38 35 1907 25 50 26 20 74 1837 298 101 535 5091 65 221 24 86 350 372 26
internal_value=-4.32603e-05 -0.0002167 0.0118372 -0.000970499 -0.0202057 -0.0428863 -0.0591464 -0.000316369 0.0017349 -0.00545837 -0.00854061 0.00270945 -0.00395694 0.0274866 -0.0408229 0.00543334 0.00543334 0.00543334 -0.0191036
internal_weight=11181 11146 656 10490 345 144 124 10145 7252 2893 2442 6928 201 246 50 151 451 410 324
internal_count=11181 11146 656 10490 345 144 124 10145 7252 2893 2442 6928 201 246 50 151 451 410 324
is_linear=0
shrinkage=0.05


Tree=115
num_leaves=22
num_cat=0
split_feature=7 18 7 10 6 23 4 5 24 12 1 20 1 4 16 1 14 7 17 14 2
split_gain=40.5919 39.7968 81.7027 40.0995 79.5456 72.9817 68.33 45.9796 126.922 67.8201 22.3349 26.5999 18.6183 20.8746 16.9803 10.2174 6.81746 6.50788 5.27667 1.1294 0.882609
threshold=1011.6499938964845 1.3499999642372134 1027.299987792969 1.0000000180025095e-35 37.500000000000007 46.500000000000007 1.2450000047683718 1.8450000286102297 252.91500091552737 1.0000000180025095e-35 53.500000000000007 10.150000095367433 53.500000000000007 -2.3049999475479122 0.20700000226497653 83.500000000000014 48.000000000000007 1010.3500061035157 0.11950000002980234 33.000000000000007 4.2049999237060556
decision_type=2 2 2 2 2 2 2 2 2 2 2 2 2 2 2 2 2 2 2 2 2
left_child=10 12 3 7 6 -6 -5 9 -9 -3 16 14 -2 -14 -12 17 19 -13 -18 -1 -19
right_child=1 2 -4 4 5 -7 -8 8 -10 -11 11 15 13 -15 -16 -17 18 20 -20 -21 -22
leaf_value=0.021610263386822266 -0.01644567930488653 -0.0096377902161613235 0.096985255723649813 0.022561411231510203 -0.0044242287707725383 0.0081132981872664798 0.11625851864616077 0.060716329700294502 0.0015625575848293523 0.0028141513191520121 -0.094541319818901168 -0.023594347234157959 -0.02248880309717996 -0.092988004499957685 -0.037795766567826808 -0.037795766567826808 -0.029413737616501751 0.012875502254991306 0.00064290855732853508 0.0055723772605969796 -0.0011605581152252854
leaf_weight=23 43 2726 22 265 2172 2493 21 98 1214 1826 21 34 21 21 34 28 25 21 28 21 24
leaf_count=23 43 2726 22 265 2172 2493 21 98 1214 1826 21 34 21 21 34 28 25 21 28 21 24
internal_value=-3.70992e-06 0.000460215 0.000727515 0.000531706 0.00384513 0.00227589 0.0294413 -0.00226583 0.00598106 -0.00464279 -0.0195674 -0.030929 -0.0336189 -0.0577384 -0.0591884 -0.0164031 -0.00059231 -0.0070845 -0.01267 0.0139558 0.0053896
internal_weight=11181 10922 10837 10815 4951 4665 286 5864 1312 4552 259 162 85 42 55 107 97 79 53 44 45
internal_count=11181 10922 10837 10815 4951 4665 286 5864 1312 4552 259 162 85 42 55 107 97 79 53 44 45
is_linear=0
shrinkage=0.05


Tree=116
num_leaves=25
num_cat=0
split_feature=15 0 4 1 18 5 3 8 18 24 7 0 5 7 10 1 10 8 6 4 4 8 10 8
split_gain=40.3377 55.9244 44.8381 73.7895 114.932 180.756 62.0495 45.6442 39.7921 39.7297 56.6406 39.5889 38.0121 27.2422 25.6657 25.5471 18.6804 15.2364 13.0143 12.6265 2.4205 11.4541 0.295739 0.230015
threshold=1.2450000047683718 21.650000572204593 0.92500001192092907 92.500000000000014 4.9500000476837167 -0.054999999701976769 355.50000000000006 1.5000000000000002 27.599999427795414 185.41500091552737 1016.4500122070314 21.650000572204593 0.2650000005960465 1013.6499938964845 0.78654998540878307 85.500000000000014 1.0000000180025095e-35 323.50000000000006 687.50000000000011 1.5149999856948855 -1.2150000333786009 420.50000000000006 -1.0000000180025095e-35 667.50000000000011
decision_type=2 2 2 2 2 2 2 2 2 2 2 2 2 2 2 2 2 2 2 2 2 2 2 2
left_child=1 2 3 4 5 -1 12 -6 9 10 15 16 -5 -4 19 22 -12 -3 -13 -11 -19 -22 -2 -23
right_child=8 17 13 6 7 -7 -8 -9 -10 14 11 18 -14 -15 -16 -17 -18 20 -20 -21 21 23 -24 -25
leaf_value=-0.12396177609874444 0.0066940657214531532 0.00055494174603942152 -0.069086794070899488 -0.035231177913400968 -0.0035921134080085879 -0.026121242719446814 -0.10952625248743141 -0.026015851945221546 0.06651764571666717 0.00055494174603942152 0.0066940657214531532 0.034890544081764223 -0.0054270209951045104 -0.0035921134080085879 0.0066940657214531532 0.034890544081764223 0.020792304901608688 -0.0035921134080085879 0.020792304901608688 0.0066940657214531532 -0.0035921134080085879 0.00055494174603942152 0.02544187710620463 -0.0035921134080085879
leaf_weight=55 35 2058 20 327 829 92 23 243 25 2589 581 91 159 1181 602 71 99 720 31 426 177 486 20 241
leaf_count=55 35 2058 20 327 829 92 23 243 25 2589 581 91 159 1181 602 71 99 720 31 426 177 486 20 241
internal_value=-2.63774e-06 -0.00249959 -0.00773917 -0.0132886 -0.00661201 -0.0486504 -0.0292782 -0.00359211 0.00360947 0.00326344 0.0124926 0.00737608 -0.0254804 -0.00359211 0.00089556 0.0348905 0.00669407 0.000554942 0.0348905 0.000554942 -0.00359211 -0.000618683 0.00669407 0.000554942
internal_weight=11181 6611 2929 1728 1219 147 509 1072 4570 4545 928 802 486 1201 3617 126 680 3682 122 3015 1624 904 55 727
internal_count=11181 6611 2929 1728 1219 147 509 1072 4570 4545 928 802 486 1201 3617 126 680 3682 122 3015 1624 904 55 727
is_linear=0
shrinkage=0.05


Tree=117
num_leaves=26
num_cat=0
split_feature=17 10 18 7 23 17 4 5 11 24 5 0 11 7 8 9 24 7 7 18 4 7 1 5 12
split_gain=38.828 38.2709 72.0755 225.21 106.266 67.9437 50.99 71.6537 71.555 153.515 126.543 52.5623 145.286 299.615 103.122 72.6663 73.7137 39.0681 36.3946 26.4848 22.2807 22.1693 18.3339 16.5811 1.39984
threshold=0.15650000423192981 0.91595000028610241 6.6499998569488534 1022.1499938964845 55.500000000000007 0.11749999970197679 1.1449999809265139 -0.5349999964237212 -1.0000000180025095e-35 445.41499328613287 1.4149999618530276 20.650000572204593 0.87834998965263378 1018.6499938964845 172.50000000000003 -0.6035499870777129 543.75000000000011 1016.3500061035157 1022.0499877929689 11.750000000000002 1.5549999475479128 1018.4500122070314 47.500000000000007 -0.74500000476837147 1.0000000180025095e-35
decision_type=2 2 2 2 2 2 2 2 2 2 2 2 2 2 2 2 2 2 2 2 2 2 2 2 2
left_child=1 6 3 17 5 19 11 18 9 -9 -10 12 14 -14 -1 22 -17 -3 21 -4 -20 -8 -13 -19 -7
right_child=-2 2 4 -5 -6 24 7 8 10 -11 -12 15 13 -15 -16 16 -18 23 20 -21 -22 -23 -24 -25 -26
leaf_value=-0.0054391238044183389 0.058886852700795446 -0.15408638471906835 -0.0041547947760917558 -0.0041547947760917558 0.029410224782319763 0.017118297350532486 0.002317244042821515 0.029410224782319763 -0.04148999623745224 -0.013208245230664507 0.003152370528739035 0.0077737991291690961 -0.10118702261575632 -0.0054391238044183389 -0.078508480208716841 0.0093621505741123632 -0.0054391238044183389 -0.043056065330038903 -0.042656029727576039 0.0068273589320912284 0.022285588577389718 0.029410224782319763 -0.0054391238044183389 -0.10309429168701173 0.0068273589320912284
leaf_weight=1496 28 22 294 125 175 161 104 237 196 246 835 275 126 192 49 2312 834 23 28 469 25 128 2687 23 91
leaf_count=1496 28 22 294 125 175 161 104 237 196 246 835 275 126 192 49 2312 834 23 28 469 25 128 2687 23 91
internal_value=8.12305e-05 -6.64031e-05 0.00771835 -0.0206248 0.0123152 0.00482637 -0.00116838 0.00643499 0.00210553 0.0179867 -0.00533444 -0.00288441 -0.0102362 -0.0411743 -0.00543912 -0.000642035 0.00468131 -0.0992847 0.0294102 -0.00346358 -0.0120232 0.0294102 -0.00543912 -0.0730752 0.0171183
internal_weight=11181 11153 1383 193 1190 1015 9770 1799 1514 483 1031 7971 1863 318 1545 6108 3146 68 285 763 53 232 2962 46 252
internal_count=11181 11153 1383 193 1190 1015 9770 1799 1514 483 1031 7971 1863 318 1545 6108 3146 68 285 763 53 232 2962 46 252
is_linear=0
shrinkage=0.05


Tree=118
num_leaves=31
num_cat=0
split_feature=7 5 4 0 3 12 0 24 11 7 8 7 2 11 7 1 18 23 1 11 10 10 7 1 18 1 21 9 5 10
split_gain=38.303 43.3419 120.838 100.114 74.5702 88.1919 149.363 86.5606 82.0128 133.049 82.3222 76.5251 65.7558 65.076 167.968 86.0645 65.0079 105.854 101.824 41.9511 39.6496 38.8652 37.3751 34.2547 69.4758 36.0387 42.9696 38.1071 39.4833 34.9886
threshold=1014.2500000000001 -0.49500000476837153 1.2649999856948855 19.250000000000004 243.50000000000003 0.81174999475479137 20.150000572204593 37.084999084472663 0.87834998965263378 1017.2500000000001 379.50000000000006 1020.0499877929689 0.70500001311302196 1.0000000180025095e-35 1019.1499938964845 85.500000000000014 9.5500001907348651 37.500000000000007 93.500000000000014 0.60784998536109935 -0.6035499870777129 -1.0000000180025095e-35 1026.850036621094 91.500000000000014 12.34999990463257 63.500000000000007 17.750000000000004 0.60354998707771312 -2.5949999094009395 1.0000000180025095e-35
decision_type=2 2 2 2 2 2 2 2 2 2 2 2 2 2 2 2 2 2 2 2 2 2 2 2 2 2 2 2 2 2
left_child=23 2 12 -4 8 7 21 20 13 10 -10 -9 -2 15 -15 -3 18 -18 -14 -5 -6 -7 -11 25 -25 -1 27 28 -27 -26
right_child=1 4 3 19 5 6 -8 11 9 22 -12 -13 16 14 -16 -17 17 -19 -20 -21 -22 -23 -24 24 29 26 -28 -29 -30 -31
leaf_value=0.0012526981434079387 0.069120582897920876 -0.0056443232181854937 0.017476238289542267 0.066599278905325465 0.010393709725701096 -0.061529825418256225 0.016044794882292903 0.0075359150972943035 0.09410214111020293 0.009457702447067045 -0.010000450432300568 -0.038594323691924934 -0.00054938296544464421 -0.057813644295526767 -0.0039868449546047484 0.015229281858266761 0.0027207163577223845 0.021197254301828353 -0.041562845939770346 0.15363087651319804 0.07361963624816116 -0.13545827362686397 -0.054898681677877904 -0.01785341204194554 0.074835205225584414 -0.020275271265503329 0.014097212893587617 -0.003790042756056114 -0.052290893734355727 0.015117604174132649
leaf_weight=406 37 1380 131 45 32 32 42 154 79 376 25 216 2794 177 800 769 1483 994 160 20 41 40 24 83 48 349 96 186 133 29
leaf_count=406 37 1380 131 45 32 32 42 154 79 376 25 216 2794 177 800 769 1483 994 160 20 41 40 24 83 48 349 96 186 133 29
internal_value=0.000146849 0.00122215 0.00407365 0.0426478 -0.00263524 -0.0196696 -0.0588895 -0.00957695 -2.14197e-05 0.0186956 0.0690775 -0.0193942 0.00269097 -0.00303914 -0.0137385 0.00182511 0.0022384 0.00821226 -0.00277083 0.0933782 0.0401816 -0.102601 0.00559632 -0.00781768 0.0138812 -0.010785 -0.0171821 -0.0216773 -0.0291095 0.0480886
internal_weight=11181 9851 5664 196 4187 557 114 443 3630 504 104 370 5468 3126 977 2149 5431 2477 2954 65 73 72 400 1330 160 1170 764 668 482 77
internal_count=11181 9851 5664 196 4187 557 114 443 3630 504 104 370 5468 3126 977 2149 5431 2477 2954 65 73 72 400 1330 160 1170 764 668 482 77
is_linear=0
shrinkage=0.05


Tree=119
num_leaves=16
num_cat=0
split_feature=18 18 2 0 18 9 15 6 11 4 18 23 5 24 5
split_gain=36.2655 35.8377 34.191 49.3982 77.7646 37.711 32.9273 32.3835 15.9758 14.2793 17.6241 11.2666 13.8307 9.58251 0.192463
threshold=25.10000038146973 1.0500000119209292 5.2349998950958261 21.650000572204593 11.650000095367433 1.0000000180025095e-35 1.2450000047683718 392.50000000000006 0.60784998536109935 0.23499999940395358 27.599999427795414 116.50000000000001 -4.7550001144409171 1041.2500000000002 5.4549999237060556
decision_type=2 2 2 2 2 2 2 2 2 2 2 2 2 2 2
left_child=1 -1 3 6 5 -5 -3 -6 11 10 -2 12 -4 -10 -15
right_child=9 2 8 4 7 -7 -8 -9 13 -11 -12 -13 -14 14 -16
leaf_value=-0.052159681587804568 0.022925697833299639 -0.0033181177398298681 -0.0086284309555976543 0.00084402848362598445 0.016356906554746753 0.0088119430611075227 0.00084402848362598445 0.0088119430611075227 -0.0033181177398298681 0.016356906554746753 0.084286474436521541 -0.0033181177398298681 -0.019018203774310148 -0.019714896194636823 -0.026068118110430347
leaf_weight=33 25 2763 284 3471 466 613 1876 596 368 37 22 42 534 20 31
leaf_count=33 25 2763 284 3471 466 613 1876 596 368 37 22 42 534 20 31
internal_value=0.000116014 -0.000131736 2.34454e-05 0.00102835 0.0044014 0.00126698 -0.00271334 0.0163569 -0.00766459 0.0328455 0.0516478 -0.0119516 -0.0139387 -0.00331812 -0.0260681
internal_weight=11181 11097 11064 9785 5146 4084 4639 1062 1279 84 47 860 818 419 51
internal_count=11181 11097 11064 9785 5146 4084 4639 1062 1279 84 47 860 818 419 51
is_linear=0
shrinkage=0.05


end of trees

feature_importances:
Column_7=402
Column_24=388
Column_18=379
Column_11=315
Column_5=231
Column_10=197
Column_12=179
Column_1=157
Column_6=142
Column_8=139
Column_0=138
Column_3=134
Column_4=122
Column_9=102
Column_23=83
Column_2=81
Column_20=81
Column_21=46
Column_17=44
Column_15=19
Column_14=16
Column_16=16

parameters:
[boosting: gbdt]
[objective: regression]
[metric: l1]
[tree_learner: serial]
[device_type: cpu]
[data_sample_strategy: bagging]
[data: ]
[valid: ]
[num_iterations: 120]
[learning_rate: 0.05]
[num_leaves: 31]
[num_threads: 0]
[seed: 42]
[deterministic: 0]
[force_col_wise: 0]
[force_row_wise: 0]
[histogram_pool_size: -1]
[max_depth: 6]
[min_data_in_leaf: 20]
[min_sum_hessian_in_leaf: 0.001]
[bagging_fraction: 1]
[pos_bagging_fraction: 1]
[neg_bagging_fraction: 1]
[bagging_freq: 0]
[bagging_seed: 400]
[bagging_by_query: 0]
[feature_fraction: 1]
[feature_fraction_bynode: 1]
[feature_fraction_seed: 30056]
[extra_trees: 0]
[extra_seed: 12879]
[early_stopping_round: 0]
[early_stopping_min_delta: 0]
[first_metric_only: 0]
[max_delta_step: 0]
[lambda_l1: 0]
[lambda_l2: 0]
[linear_lambda: 0]
[min_gain_to_split: 0]
[drop_rate: 0.1]
[max_drop: 50]
[skip_drop: 0.5]
[xgboost_dart_mode: 0]
[uniform_drop: 0]
[drop_seed: 17869]
[top_rate: 0.2]
[other_rate: 0.1]
[min_data_per_group: 100]
[max_cat_threshold: 32]
[cat_l2: 10]
[cat_smooth: 10]
[max_cat_to_onehot: 4]
[top_k: 20]
[monotone_constraints: 1,0,-1,0,0,0,-1,0,0,0,0,0,0,0,-1,1,1,1,1,1,1,1,1,1,-1]
[monotone_constraints_method: basic]
[monotone_penalty: 0]
[feature_contri: ]
[forcedsplits_filename: ]
[refit_decay_rate: 0.9]
[cegb_tradeoff: 1]
[cegb_penalty_split: 0]
[cegb_penalty_feature_lazy: ]
[cegb_penalty_feature_coupled: ]
[path_smooth: 0]
[interaction_constraints: ]
[verbosity: -1]
[saved_feature_importance_type: 0]
[use_quantized_grad: 0]
[num_grad_quant_bins: 4]
[quant_train_renew_leaf: 0]
[stochastic_rounding: 1]
[linear_tree: 0]
[max_bin: 255]
[max_bin_by_feature: ]
[min_data_in_bin: 3]
[bin_construct_sample_cnt: 200000]
[data_random_seed: 175]
[is_enable_sparse: 1]
[enable_bundle: 1]
[use_missing: 1]
[zero_as_missing: 0]
[feature_pre_filter: 1]
[pre_partition: 0]
[two_round: 0]
[header: 0]
[label_column: ]
[weight_column: ]
[group_column: ]
[ignore_column: ]
[categorical_feature: ]
[forcedbins_filename: ]
[precise_float_parser: 0]
[parser_config_file: ]
[objective_seed: 16083]
[num_class: 1]
[is_unbalance: 0]
[scale_pos_weight: 1]
[sigmoid: 1]
[boost_from_average: 1]
[reg_sqrt: 0]
[alpha: 0.9]
[fair_c: 1]
[poisson_max_delta_step: 0.7]
[tweedie_variance_power: 1.5]
[lambdarank_truncation_level: 30]
[lambdarank_norm: 1]
[label_gain: ]
[lambdarank_position_bias_regularization: 0]
[eval_at: ]
[multi_error_top_k: 1]
[auc_mu_weights: ]
[num_machines: 1]
[local_listen_port: 12400]
[time_out: 120]
[machine_list_filename: ]
[machines: ]
[gpu_platform_id: -1]
[gpu_device_id: -1]
[gpu_device_id_list: ]
[gpu_use_dp: 0]
[num_gpu: 1]

end of parameters

pandas_categorical:null
