tree
version=v4
num_class=1
num_tree_per_iteration=1
label_index=0
max_feature_idx=24
objective=regression
feature_names=Column_0 Column_1 Column_2 Column_3 Column_4 Column_5 Column_6 Column_7 Column_8 Column_9 Column_10 Column_11 Column_12 Column_13 Column_14 Column_15 Column_16 Column_17 Column_18 Column_19 Column_20 Column_21 Column_22 Column_23 Column_24
monotone_constraints=1 0 -1 0 0 0 -1 0 1 0 0 0 0 0 -1 1 1 1 1 1 1 1 1 1 -1
feature_infos=[13.300000190734863:33.799999237060547] [27:100] [0:7.809999942779541] [0:359] [-5.5399999618530273:4.0500001907348633] [-7.4200000762939453:7.440000057220459] [10:2015] [1009.0999755859375:1028] [0:888] [-1:1] [-1:1] [-0.9749000072479248:0.9749000072479248] [-0.90100002288818359:1] [0:1] [22:58] [1.0199999809265137:2.380000114440918] [0.079999998211860657:1] [0.087999999523162842:0.17499999701976776] [0.40000000596046448:29] [0.53200000524520874:0.66200000047683716] [3:26.600000381469727] [3.4000000953674316:38.099998474121094] [0.40000000596046448:29] [2:151] [15:1854.1700439453125]
tree_sizes=2700 2772 2758 2770 2750 2749 2780 2762 2780 2766 2784 2759 2774 2752 2768 2780 2799 2795 2775 2804 2801 2786 2797 2795 2782 2802 2801 2799 2818 2791 2805 2796 2800 2798 2789 2812 2823 2794 2794 2786 2838 2803 2797 2798 2808 2804 2805 2796 2816 2805 2808 2806 2819 2805 2812 2811 2819 2819 2822 2803 2826 2824 2839 2817 2824 2813 2807 2827 2827 2820 2819 2814 2836 2821 2802 2823 2828 2835 2824 2826 2825 2807 2817 2840 2813 2826 2722 2817 2629 2723 2101 2816 2304 2747 1534 1461 1525 1461 2024 1521 2384 2057 1467 1862 2234 1372 2038 1181 1721 2112 1700 1272 2066 1971 2403 1542 1195 2809 1871 2046

Tree=0
num_leaves=31
num_cat=0
split_feature=8 5 23 9 0 9 3 23 11 23 9 0 0 7 8 5 23 23 5 23 5 23 11 1 11 23 14 1 9 12
split_gain=2.98517e+06 658555 519649 244275 171642 103530 101301 85575 52846.7 37526.9 32559 31526.3 29366.4 26335.3 24473.7 20316.6 18847.9 18734.5 16902.2 16522.3 15659.9 12492.4 12288.2 11250.6 7957.68 7780.81 7471.38 6664.78 5216.12 3653.65
threshold=87.500000000000014 1.2250000238418581 73.500000000000014 -1.0000000180025095e-35 25.44999980926514 -1.0000000180025095e-35 276.50000000000006 94.500000000000014 -0.87834998965263356 35.500000000000007 0.60354998707771312 25.44999980926514 24.050000190734867 1013.8500061035157 1.0000000180025095e-35 -3.0549999475479122 60.500000000000007 81.500000000000014 -1.455000042915344 64.500000000000014 1.9950000047683718 107.50000000000001 0.60784998536109935 46.500000000000007 1.0000000180025095e-35 120.50000000000001 55.000000000000007 81.500000000000014 0.3793999999761582 1.0000000180025095e-35
decision_type=2 2 2 2 2 2 2 2 2 2 2 2 2 2 2 2 2 2 2 2 2 2 2 2 2 2 2 2 2 2
left_child=1 3 5 14 12 11 9 18 21 22 27 19 -4 -3 26 -12 -11 -14 23 -2 28 -9 -5 -6 -16 -10 -1 -8 -15 -20
right_child=2 13 4 6 7 -7 10 8 25 16 15 -13 17 20 24 -17 -18 -19 29 -21 -22 -23 -24 -25 -26 -27 -28 -29 -30 -31
leaf_value=55.483763975264459 56.1799129236487 54.342205535746061 56.824108286079735 54.794166319736561 57.907429894720416 56.016254518176453 55.168872201709057 59.115267435921879 57.984351700704792 55.082351520701572 54.678069910097875 56.824108286079735 57.037251322486327 55.995776960556718 56.016254518176453 54.240934982602937 55.630263952877769 57.382405561054519 57.984351700704792 56.604661675637352 56.016254518176453 60.475538678344527 54.156519261236255 57.382405561054519 55.612171691500592 58.590122202412722 55.143549621734515 54.705597865976571 55.540816644083897 57.517761091301615
leaf_weight=462 442 24 709 680 104 792 90 86 190 822 349 427 262 84 225 1115 194 257 77 475 1304 21 85 542 197 56 248 565 252 45
leaf_count=462 442 24 709 680 104 792 90 86 190 822 349 427 262 84 225 1115 194 257 77 475 1304 21 85 542 197 56 248 565 252 45
internal_value=55.8514 55.1828 56.8497 54.8975 57.3629 56.2853 54.7099 57.8103 58.4546 54.9878 54.4762 56.5709 56.9546 56.0163 55.5442 54.3451 55.187 57.2504 57.5141 56.3999 56.0163 59.3822 54.7233 57.4113 55.8457 58.0511 55.3649 54.7693 55.6546 57.9844
internal_weight=11181 6696 4485 5032 2349 2136 3900 1121 353 1781 2119 1344 1228 1664 1132 1464 1016 519 768 917 1640 107 765 646 422 246 710 655 336 122
internal_count=11181 6696 4485 5032 2349 2136 3900 1121 353 1781 2119 1344 1228 1664 1132 1464 1016 519 768 917 1640 107 765 646 422 246 710 655 336 122
is_linear=0
shrinkage=1


Tree=1
num_leaves=31
num_cat=0
split_feature=8 5 23 9 0 9 3 23 11 23 9 0 0 7 8 5 23 23 5 23 5 23 11 1 11 11 23 1 1 9
split_gain=2.68159e+06 600907 470383 220646 155116 95733.4 91424.1 76870.2 47962.7 33868 29384.5 28836.5 27248.9 23491.1 22175.1 18335.7 17010.2 16491.2 15920.7 14911.4 13637.1 11274.4 11090.1 10292.7 7255.47 7229.85 7085.21 6014.97 4896.92 4119.95
threshold=87.500000000000014 1.2250000238418581 73.500000000000014 -1.0000000180025095e-35 25.44999980926514 -1.0000000180025095e-35 276.50000000000006 94.500000000000014 -0.87834998965263356 35.500000000000007 0.60354998707771312 25.44999980926514 24.150000572204593 1013.8500061035157 1.0000000180025095e-35 -3.0549999475479122 60.500000000000007 81.500000000000014 -1.455000042915344 64.500000000000014 1.9950000047683718 107.50000000000001 0.60784998536109935 47.500000000000007 0.60784998536109935 1.0000000180025095e-35 120.50000000000001 81.500000000000014 91.500000000000014 -0.37939999997615809
decision_type=2 2 2 2 2 2 2 2 2 2 2 2 2 2 2 2 2 2 2 2 2 2 2 2 2 2 2 2 2 2
left_child=1 3 5 14 12 11 9 18 21 22 27 19 -4 -3 24 -12 -11 -14 23 -2 28 -9 -5 -6 29 -16 -10 -8 -15 -1
right_child=2 13 4 6 7 -7 10 8 26 16 15 -13 17 20 25 -17 -18 -19 -20 -21 -22 -23 -24 -25 -26 -27 -28 -29 -30 -31
leaf_value=-0.23336134157741084 0.31204508440526907 -1.4337769190470377 0.92193593143889707 -1.0044142097935957 1.9124916415060722 0.1563541280618701 -0.64844361652930582 3.1006320132765661 2.024830576422628 -0.73063826504777529 -1.1147057955876463 0.92193593143889707 1.1325676589728724 -0.036357842716905807 0.1563541280618701 -1.5299839875355965 -0.21012144726269022 1.4530943209050999 2.024830576422628 0.71555638007113809 0.1563541280618701 4.3928896586100263 -1.6101789317411535 1.4530943209050999 -0.7183184338424673 -0.22730909890027218 2.6017438888549806 -1.0885541921801272 -0.42884092519218608 -0.50445938706398008
leaf_weight=255 442 24 737 680 124 792 90 86 190 822 349 427 252 207 225 1115 194 239 122 475 1304 21 85 522 199 197 56 565 129 256
leaf_count=255 442 24 737 680 124 792 90 86 190 822 349 427 252 207 225 1115 194 239 122 475 1304 21 85 522 199 197 56 565 129 256
internal_value=0.000148985 -0.633573 0.946282 -0.906129 1.43457 0.409305 -1.08451 1.85983 2.47054 -0.820446 -1.30645 0.685282 1.04636 0.156354 -0.291579 -1.43099 -0.631248 1.3432 1.57912 0.521061 0.156354 3.35425 -1.07172 1.47913 -0.46219 -0.0045326 2.08616 -1.02808 -0.187043 -0.362445
internal_weight=11181 6696 4485 5032 2349 2136 3900 1121 353 1781 2119 1344 1228 1664 1132 1464 1016 491 768 917 1640 107 765 646 710 422 246 655 336 511
internal_count=11181 6696 4485 5032 2349 2136 3900 1121 353 1781 2119 1344 1228 1664 1132 1464 1016 491 768 917 1640 107 765 646 710 422 246 655 336 511
is_linear=0
shrinkage=0.05


Tree=2
num_leaves=31
num_cat=0
split_feature=8 3 23 3 9 5 9 8 0 23 23 11 23 23 5 0 20 5 9 23 0 9 23 5 23 23 11 5 7 0
split_gain=2.41196e+06 623915 306650 276108 88312.4 83728.9 64689.7 63632.3 63041.6 52153 46662.8 41540.9 41463.2 28833.5 26067.8 25965.9 21161.8 20869.1 18196.3 13727.3 12738 10585.3 10175.1 10144.7 9717.99 7927.61 7402.44 6883.11 5679.48 5391.35
threshold=252.50000000000003 252.50000000000003 78.500000000000014 29.500000000000004 0.3793999999761582 2.245000004768372 -0.37939999997615809 80.500000000000014 25.44999980926514 35.500000000000007 94.500000000000014 -0.87834998965263356 58.500000000000007 56.500000000000007 0.58499997854232799 25.44999980926514 6.9500000476837167 -3.0549999475479122 -0.37939999997615809 20.500000000000004 22.44999980926514 -0.91595000028610218 107.50000000000001 -0.43500000238418574 63.500000000000007 54.500000000000007 1.0000000180025095e-35 -1.0249999761581419 1022.8500061035157 18.849999427795414
decision_type=2 2 2 2 2 2 2 2 2 2 2 2 2 2 2 2 2 2 2 2 2 2 2 2 2 2 2 2 2 2
left_child=1 3 6 9 18 7 15 16 21 -1 23 22 17 -11 -8 24 -5 26 25 -19 -16 27 -12 -10 -2 -3 -6 -4 -14 -7
right_child=2 4 8 5 12 29 14 -9 10 13 11 -13 28 -15 20 -17 -18 19 -20 -21 -22 -23 -24 -25 -26 -27 -28 -29 -30 -31
leaf_value=-1.0467338870828733 0.33306339479261832 -0.4790251547997853 1.1648083287799385 -0.69794345036666838 -0.93952872281702904 -0.061273665641304813 0.31537756947954038 0.31537756947954038 1.58643165942377 -0.57406699132248928 2.9456004120582762 2.0011663389006418 -0.6810371858296016 0.18806985549421773 0.35755546544470007 1.1648083287799385 -0.19914774628048795 -1.7352944604920837 -0.71659924239463058 -1.3462315710542496 1.1648083287799385 1.1648083287799385 4.1732451121012373 1.9962591647376886 0.82687129203149334 0.31537756947954038 -1.2629893834511059 1.58643165942377 0.025863581768104011 0.31537756947954038
leaf_weight=624 124 53 66 259 225 158 612 522 478 898 86 239 151 144 67 443 1188 283 549 1140 118 340 21 65 507 63 209 220 35 1294
leaf_count=624 124 53 66 259 225 158 612 522 478 898 86 239 151 144 67 443 1188 283 549 1140 118 340 21 65 507 63 209 220 35 1294
internal_value=0.000259203 -0.483747 1.1145 -0.157371 -1.09685 0.0996924 0.68633 -0.117213 1.64329 -0.685229 1.91394 2.36774 -1.25975 -0.468743 0.34504 0.939597 -0.288428 -1.33104 -0.596375 -1.42361 0.912083 1.25892 3.18654 1.62478 0.729831 -0.0273799 -1.02753 1.49935 -0.548018 0.315378
internal_weight=11181 7795 3386 5087 2708 3421 1871 1969 1515 1666 889 346 2043 1042 797 1074 1447 1857 665 1423 185 626 107 543 631 116 434 286 186 1452
internal_count=11181 7795 3386 5087 2708 3421 1871 1969 1515 1666 889 346 2043 1042 797 1074 1447 1857 665 1423 185 626 107 543 631 116 434 286 186 1452
is_linear=0
shrinkage=0.05


Tree=3
num_leaves=31
num_cat=0
split_feature=8 5 23 9 0 9 3 23 11 23 9 7 3 0 8 7 23 5 5 23 5 5 20 1 11 9 11 23 1 23
split_gain=2.17523e+06 493598 377427 198385 121857 78132.3 75495.2 64662.1 37490.7 28027.3 24641.3 24177.3 26200.5 23767.3 23642.8 21038.6 16897.8 16419.4 13821 11694.7 11433.9 11088.5 9269.6 8948.05 7115.67 6891.04 6477.42 6021.7 5124.49 4010.19
threshold=100.50000000000001 1.2250000238418581 73.500000000000014 -1.0000000180025095e-35 25.44999980926514 -1.0000000180025095e-35 279.50000000000006 94.500000000000014 -0.87834998965263356 60.500000000000007 0.60354998707771312 1020.1499938964845 187.50000000000003 25.44999980926514 1.0000000180025095e-35 1013.8500061035157 30.500000000000004 -2.3449999094009395 -1.455000042915344 64.500000000000014 2.1049998998641972 -1.5549999475479124 15.150000095367433 46.500000000000007 1.0000000180025095e-35 0.3793999999761582 -1.0000000180025095e-35 115.00000000000001 81.500000000000014 60.500000000000007
decision_type=2 2 2 2 2 2 2 2 2 2 2 2 2 2 2 2 2 2 2 2 2 2 2 2 2 2 2 2 2 2
left_child=1 3 5 14 11 13 9 18 22 16 28 12 21 19 26 -3 -5 -12 23 -2 25 -4 -9 -6 -16 -17 -1 -10 -8 -28
right_child=2 15 4 6 7 -7 10 8 27 -11 17 -13 -14 -15 24 20 -18 -19 -20 -21 -22 -23 -24 -25 -26 -27 29 -29 -30 -31
leaf_value=-0.2438312901183963 0.28527435985108451 -1.350380071004232 0.84084986116193738 -1.0598877210333353 1.7843211467449482 0.15207114083066584 -0.5729563776864095 2.7501528969293911 1.8375748337166771 -0.17891631554528542 -1.0877063444376827 0.84084986116193738 0.84084986116193738 0.84084986116193738 0.15207114083066584 0.15207114083066584 -0.70657269900789077 -1.4321490986794574 1.8375748337166771 0.64756883799903742 0.15207114083066584 1.3194381634498047 3.8089185714721681 1.3194381634498047 -0.17956905067669895 -0.25663687745016683 -0.60505513842723502 2.3677016643055699 -0.98149729359320848 -0.18708742180523091
leaf_weight=307 421 24 127 479 104 764 89 79 182 197 571 551 195 427 250 119 1153 878 122 473 1233 336 28 540 212 302 359 57 558 44
leaf_count=307 421 24 127 479 104 764 89 79 182 197 571 551 195 427 250 119 1153 878 122 473 1233 336 28 540 212 302 359 57 558 44
internal_value=0.000875127 -0.561531 0.865673 -0.80656 1.30428 0.377416 -0.977016 1.68205 2.24935 -0.74227 -1.18186 0.95683 1.18228 0.62958 -0.235709 0.152071 -0.810272 -1.29642 1.4258 0.476958 0.152071 1.31944 3.02721 1.33227 0.042688 -0.12883 -0.416863 1.90111 -0.925299 -0.548676
internal_weight=11181 6775 4406 5097 2321 2085 3925 1112 346 1829 2096 1209 658 1321 1172 1678 1632 1449 766 894 1654 463 107 644 462 421 710 239 647 403
internal_count=11181 6775 4406 5097 2321 2085 3925 1112 346 1829 2096 1209 658 1321 1172 1678 1632 1449 766 894 1654 463 107 644 462 421 710 239 647 403
is_linear=0
shrinkage=0.05


Tree=4
num_leaves=31
num_cat=0
split_feature=8 3 23 3 5 9 9 8 0 23 23 11 23 0 5 23 20 5 9 23 23 12 0 23 5 3 7 7 11 7
split_gain=1.96305e+06 512057 248501 228034 73472.6 73191.7 71938.1 54801 45973.2 43334 35677.6 34402.1 30934.3 28751.7 24305.7 22905.7 18845.5 18758.7 18326.5 12097.5 11464.2 14521.4 10434.9 9959.18 9779.82 8703.47 7907.15 7128.65 6396.63 5003.97
threshold=256.50000000000006 256.50000000000006 81.500000000000014 29.500000000000004 2.1049998998641972 0.3793999999761582 -0.37939999997615809 80.500000000000014 24.650000572204593 36.500000000000007 58.500000000000007 -0.87834998965263356 98.500000000000014 25.44999980926514 0.20499999821186068 56.500000000000007 6.9500000476837167 -3.254999995231628 -0.37939999997615809 14.500000000000002 110.50000000000001 1.0000000180025095e-35 24.849999427795414 68.500000000000014 -3.1750000715255733 90.500000000000014 1014.5499877929689 1014.0499877929689 0.60784998536109935 1023.9500122070314
decision_type=2 2 2 2 2 2 2 2 2 2 2 2 2 2 2 2 2 2 2 2 2 2 2 2 2 2 2 2 2 2
left_child=1 3 6 9 7 18 13 16 -4 28 17 12 24 23 -8 -11 -5 -7 26 -19 21 -13 -16 -2 -10 -14 -3 -6 -1 -12
right_child=2 5 8 4 27 10 14 -9 11 15 29 20 25 -15 22 -17 -18 19 -20 -21 -22 -23 -24 -25 -26 -27 -28 -29 -30 -31
leaf_value=-0.84738534704154844 0.40209783538407895 0.28888335349557565 1.1344614615151345 -0.67664516585994061 -0.71694823900858573 -0.88242203599913838 0.28888335349557565 0.28888335349557565 1.452306463806373 -0.50359162061195362 -0.57691780172725338 1.8104330481884121 2.4102437302084425 1.1344614615151345 0.58377095879312013 0.18065316587065658 -0.1978052501366141 -1.7852982044219972 -0.65907184757033477 -1.244871152772447 2.1065956376728261 1.452306463806373 1.1344614615151345 0.81694407939177616 2.1882419720501969 3.4102674024445672 -0.31044303209353719 0.28888335349557565 -1.2438818299673438 0.21120089966317881
leaf_weight=588 194 41 331 251 24 358 620 536 47 812 162 271 35 567 138 144 1133 112 547 1373 95 312 57 569 71 56 78 1513 123 23
leaf_count=588 194 41 331 251 24 358 620 536 47 812 162 271 35 567 138 144 1133 112 547 1373 95 312 57 569 71 56 78 1513 123 23
internal_value=0.00107581 -0.433446 1.01121 -0.140035 0.0915885 -0.991514 0.687335 -0.118245 1.58159 -0.620373 -1.14086 1.77015 2.331 0.914002 0.317436 -0.400525 -0.284647 -1.20731 -0.536736 -1.28563 1.59727 1.51427 0.850149 0.711465 1.7968 3.02368 0.0255959 0.288883 -0.915978 -0.478935
internal_weight=11181 7818 3363 5124 3457 2694 2145 1920 1218 1667 2028 887 209 1330 815 956 1384 1843 666 1485 678 583 195 763 118 91 119 1537 711 185
internal_count=11181 7818 3363 5124 3457 2694 2145 1920 1218 1667 2028 887 209 1330 815 956 1384 1843 666 1485 678 583 195 763 118 91 119 1537 711 185
is_linear=0
shrinkage=0.05


Tree=5
num_leaves=31
num_cat=0
split_feature=8 3 23 3 9 5 9 7 9 23 7 23 5 12 5 23 8 0 5 9 20 23 0 23 5 23 5 8 7 23
split_gain=1.76425e+06 463483 224398 208872 67300.6 65481.9 48961.5 47800.6 45192.6 39390 32698.1 32101 30087.8 27682.4 22213.7 21939.5 19829.1 19579.5 16702.3 16566.9 14493.6 11299.6 9003.16 8859.07 8696.92 7443.68 7356.5 7132.11 7097.23 6525.36
threshold=256.50000000000006 252.50000000000003 78.500000000000014 29.500000000000004 0.3793999999761582 2.6049998998641972 -0.37939999997615809 1015.8500061035157 -0.6035499870777129 35.500000000000007 1017.8500061035157 58.500000000000007 -2.6850000619888301 1.0000000180025095e-35 0.20499999821186068 56.500000000000007 661.50000000000011 24.94999980926514 -3.0549999475479122 -0.37939999997615809 14.550000190734865 20.500000000000004 22.44999980926514 110.50000000000001 -0.49500000476837153 54.500000000000007 3.6450001001358037 87.500000000000014 1013.1499938964845 63.500000000000007
decision_type=2 2 2 2 2 2 2 2 2 2 2 2 2 2 2 2 2 2 2 2 2 2 2 2 2 2 2 2 2 2
left_child=1 3 6 9 19 8 17 12 27 -1 -10 18 23 20 -8 -11 26 29 -6 25 -14 -20 -16 -4 -18 -3 -9 -5 -15 -2
right_child=2 4 7 5 11 -7 14 16 10 15 -12 -13 13 28 22 -17 24 -19 21 -21 -22 -23 -24 -25 -26 -27 -28 -29 -30 -31
leaf_value=-0.90358297603252602 0.27397102071585561 -0.42165265263251545 1.369660073084547 0.029693341262398226 -0.87264536277215043 0.27397102071585561 0.27397102071585561 1.0008696756981734 -0.82165831786536048 -0.49313886829292414 -0.14678494072093171 -0.45519939519374841 2.2797945096459187 1.9997706604003906 0.31818465282840114 0.17162050609994267 1.3724669941988861 1.0008696756981734 -1.5097685118235464 -0.61964856279420033 3.4030347188313805 -1.1567825515937518 1.0008696756981734 2.05960318478671 2.0188835118946278 0.27397102071585561 1.2586390276153883 0.27397102071585561 1.0008696756981734 0.68938384187214585
leaf_weight=624 116 53 302 310 434 1286 595 380 210 899 1235 186 142 20 62 144 165 525 283 552 36 1140 127 55 76 66 300 396 33 429
leaf_count=624 116 53 302 310 434 1286 595 380 210 899 1235 186 142 20 62 144 165 525 283 552 36 1140 127 55 76 66 300 396 33 429
internal_value=0.00112587 -0.410806 0.958748 -0.130076 -0.938752 0.0926815 0.590275 1.41146 -0.0846674 -0.589355 -0.244863 -1.08144 1.76366 2.2083 0.290099 -0.40136 1.18661 0.810217 -1.14417 -0.504294 2.50697 -1.22698 0.817028 1.47595 1.57632 0.0307935 1.04849 0.243213 1.20521 0.599401
internal_weight=11181 7818 3363 5104 2714 3437 1854 1509 2151 1667 1445 2043 588 231 784 1043 921 1070 1857 671 178 1423 189 357 241 119 680 706 53 545
internal_count=11181 7818 3363 5104 2714 3437 1854 1509 2151 1667 1445 2043 588 231 784 1043 921 1070 1857 671 178 1423 189 357 241 119 680 706 53 545
is_linear=0
shrinkage=0.05


Tree=6
num_leaves=31
num_cat=0
split_feature=8 5 23 9 0 9 23 3 11 23 23 5 0 7 8 23 12 23 23 20 7 3 0 11 7 11 4 17 23 1
split_gain=1.59583e+06 374628 295446 138301 93769.6 66126.1 64751.9 52907.3 29629.1 21711.3 20581.7 18900.3 18572 15848.4 13997.2 12635 12564.7 12306.4 10323 10160.8 7695.96 13964.7 6674.04 5257.23 5179.18 4997.57 3999.08 3194.43 3022.48 2499.24
threshold=80.500000000000014 1.2250000238418581 73.500000000000014 -1.0000000180025095e-35 24.550000190734867 -1.0000000180025095e-35 94.500000000000014 279.50000000000006 -0.87834998965263356 60.500000000000007 58.500000000000007 -1.5349999666213987 25.44999980926514 1013.8500061035157 1.0000000180025095e-35 81.500000000000014 1.0000000180025095e-35 30.500000000000004 63.500000000000007 14.550000190734865 1020.1499938964845 187.50000000000003 18.849999427795414 -1.0000000180025095e-35 1018.5499877929689 1.0000000180025095e-35 0.30500000715255743 0.10350000113248826 60.500000000000007 91.500000000000014
decision_type=2 2 2 2 2 2 2 2 2 2 2 2 2 2 2 2 2 2 2 2 2 2 2 2 2 2 2 2 2 2
left_child=1 3 5 14 20 12 15 9 19 17 11 -9 18 -3 23 -6 -17 -5 -2 -8 21 -4 29 -1 -10 -16 -12 -11 -25 -15
right_child=2 13 4 7 6 -7 8 10 24 27 26 -13 -14 22 25 16 -18 -19 -20 -21 -22 -23 -24 28 -26 -27 -28 -29 -30 -31
leaf_value=-0.19854500396025493 0.2108576265130794 -1.2317591031392416 1.0314600703546857 -0.92607830194952878 1.0314600703546857 0.11484105847700349 2.2323895077372709 -0.9428961839974952 1.7950411064108622 -0.43230446457439076 0.11484105847700349 -1.2651496367202386 0.707062695245529 -0.096340437797415593 0.11484105847700349 1.5030422246620323 1.1813428836139062 -0.6223836488211214 0.54735230697072645 3.2328828758663608 0.707062695245529 0.707062695245529 0.11484105847700349 -0.52250380286101183 1.5030422246620323 -0.17110766021740337 -0.58687157614247787 -0.026661855475778914 -0.17110766021740337 -0.45074325828371864
leaf_weight=307 396 24 267 474 546 825 86 1164 194 53 23 747 427 144 218 279 208 1126 537 36 438 188 1397 359 121 193 143 141 44 76
leaf_count=307 396 24 267 474 546 825 86 1164 194 53 23 747 427 144 218 279 208 1126 537 36 438 188 1397 359 121 193 143 141 44 76
internal_value=0.00146186 -0.493165 0.722847 -0.709056 1.11037 0.30376 1.35586 -0.85068 1.86607 -0.651785 -1.02247 -1.06886 0.537802 0.114841 -0.220004 1.14002 1.33123 -0.712353 0.404531 2.52762 0.707063 0.9127 0.114841 -0.354429 1.60984 0.0122141 -0.488441 -0.152256 -0.47318 -0.218771
internal_weight=11181 6633 4548 4992 2363 2185 1470 3871 437 1794 2077 1911 1360 1641 1121 1033 487 1600 933 122 893 455 1617 710 315 411 166 194 403 220
internal_count=11181 6633 4548 4992 2363 2185 1470 3871 437 1794 2077 1911 1360 1641 1121 1033 487 1600 933 122 893 455 1617 710 315 411 166 194 403 220
is_linear=0
shrinkage=0.05


Tree=7
num_leaves=31
num_cat=0
split_feature=8 3 23 3 5 9 9 7 9 5 23 23 7 8 5 23 7 5 7 5 23 23 20 0 12 7 3 8 23 12
split_gain=1.43134e+06 383121 182535 172215 58577.7 54044.8 42051.7 41310.9 41023.5 34156.8 32643.2 26436.7 23422.3 20662.8 19747.5 17313.6 17221.5 15953.6 14885 14811.2 12992.2 10130.3 8035.69 7716.59 7144.14 7050.41 8130.12 7022.24 6543.81 6496.84
threshold=256.50000000000006 256.50000000000006 78.500000000000014 29.500000000000004 2.1049998998641972 0.3793999999761582 -0.37939999997615809 1014.0499877929689 -0.6035499870777129 0.069999998435378089 36.500000000000007 58.500000000000007 1017.8500061035157 661.50000000000011 0.20499999821186068 56.500000000000007 1016.5499877929689 -0.13499999791383741 1015.2500000000001 -2.4350000619888301 94.500000000000014 16.500000000000004 16.050000190734867 22.44999980926514 -0.56175000965595234 1020.2500000000001 186.50000000000003 87.500000000000014 71.500000000000014 1.0000000180025095e-35
decision_type=2 2 2 2 2 2 2 2 2 2 2 2 2 2 2 2 2 2 2 2 2 2 2 2 2 2 2 2 2 2
left_child=1 3 6 10 8 18 16 9 27 20 -1 19 -10 25 -8 -12 -2 -15 -3 29 24 -21 -19 -16 -4 26 -9 -5 -18 -7
right_child=2 5 7 4 -6 11 14 13 12 -11 15 -13 -14 17 23 -17 28 22 -20 21 -22 -23 -24 -25 -26 -27 -28 -29 -30 -31
leaf_value=-0.79015960797311224 0.90161415907333131 0.10717955868387102 1.6400172564857887 -0.0042630863207198631 0.24682977681892995 -0.94106742507941465 0.24682977681892995 1.1984835691110185 -0.79922912255377399 2.9746406853199008 -0.43239222070009548 -0.4112297202585693 -0.18616266147809402 1.2497068021077753 0.29009223463794881 0.16249244960490616 0.44012339970473846 1.621002077102661 -0.56007914710002893 -1.5766231394996328 1.9864450402693317 -1.0939744619692628 2.6088087081909181 0.90161415907333131 1.057468899629884 0.90161415907333131 0.90161415907333131 0.24682977681892995 0.73133372738055402 -0.72472379708273549
leaf_weight=711 295 98 95 298 1537 553 595 420 183 48 812 185 1048 293 62 144 362 50 568 121 110 1071 35 127 118 243 97 391 413 98
leaf_count=711 295 98 95 298 1537 553 595 420 183 48 812 185 1048 293 62 144 362 50 568 121 110 1071 35 127 118 243 97 391 413 98
internal_value=0.00107189 -0.369965 0.863624 -0.116169 0.0851195 -0.852685 0.531294 1.27193 -0.104392 1.73012 -0.533598 -0.981022 -0.277301 1.12256 0.253105 -0.342786 0.735127 1.42466 -0.461894 -1.03822 1.54518 -1.14297 2.02775 0.758076 1.31729 0.972304 1.10518 0.204534 0.59531 -0.846417
internal_weight=11181 7818 3363 5124 3457 2694 1854 1509 1920 371 1667 2028 1231 1138 784 956 1070 378 666 1843 323 1192 85 189 213 760 517 689 775 651
internal_count=11181 7818 3363 5124 3457 2694 1854 1509 1920 371 1667 2028 1231 1138 784 956 1070 378 666 1843 323 1192 85 189 213 760 517 689 775 651
is_linear=0
shrinkage=0.05


Tree=8
num_leaves=31
num_cat=0
split_feature=8 5 23 9 0 23 9 3 11 23 23 0 5 23 14 12 23 20 5 23 7 21 7 23 4 17 7 23 23 1
split_gain=1.29294e+06 311185 240290 112486 78050.1 58106.2 56449.4 50676.1 26151.9 21056.3 17303.2 16260.9 15367 11827.9 11589 11002.2 10039.4 8421.76 5350.25 5236.26 5171.08 5089.27 4077.42 3587.71 3535.55 2636.55 2314.54 2203.5 2082.93 1674.95
threshold=80.500000000000014 1.5950000286102297 73.500000000000014 -1.0000000180025095e-35 24.150000572204593 94.500000000000014 -1.0000000180025095e-35 276.50000000000006 -0.87834998965263356 60.500000000000007 58.500000000000007 24.349999427795414 -1.5349999666213987 81.500000000000014 55.000000000000007 1.0000000180025095e-35 29.500000000000004 14.550000190734865 -2.9950000047683711 62.500000000000007 1018.5499877929689 18.650000572204593 1013.9500122070314 49.500000000000007 0.30500000715255743 0.10350000113248826 1021.1499938964845 68.500000000000014 58.500000000000007 75.500000000000014
decision_type=2 2 2 2 2 2 2 2 2 2 2 2 2 2 2 2 2 2 2 2 2 2 2 2 2 2 2 2 2 2
left_child=1 3 6 14 29 13 11 9 17 16 12 19 -9 -6 21 -15 -5 -7 27 -2 -10 23 -3 -1 -12 -11 -21 -13 -16 -4
right_child=2 22 4 7 5 8 -8 10 20 25 24 18 -14 15 28 -17 -18 -19 -20 26 -22 -23 -24 -25 -26 -27 -28 -29 -30 -31
leaf_value=-0.29763244003586564 0.12437002408233555 -0.92748552560806274 0.76476079437256428 -0.8411207420343445 0.91711753697720477 2.0237012494694104 0.10355854339089854 -0.8493236479768691 1.6218828326899832 -0.37328090172309381 0.10355854339089854 0.47244698854353279 -1.1371308959585684 1.3339328933256365 -0.55846267166272012 1.0512983734381045 -0.55881970902968481 2.9315002600351971 0.63659622896150658 0.47244698854353279 1.3339328933256365 0.10355854339089854 0.10355854339089854 -0.07581193917627696 -0.52737290016184113 -0.01929027063390577 0.30103797680592237 0.63659622896150658 -0.29763244003586564 0.63659622896150658
leaf_weight=271 242 24 423 420 609 88 825 1164 205 77 23 260 771 295 213 236 1259 36 298 167 144 123 1441 497 146 166 237 156 38 327
leaf_count=271 242 24 423 420 609 88 825 1164 205 77 23 260 771 295 213 236 1259 36 298 167 144 123 1441 497 146 166 237 156 38 327
internal_value=0.00150473 -0.443714 0.650831 -0.627841 1.00031 1.19764 0.272882 -0.752079 1.66353 -0.566477 -0.921625 0.490637 -0.964 1.00433 -0.189853 1.18548 -0.629437 2.28726 0.636596 0.308298 1.44192 -0.105314 0.103559 -0.155636 -0.436439 -0.13146 0.418472 0.472447 -0.489951 0.636596
internal_weight=11181 6633 4548 5168 2363 1613 2185 4026 473 1922 2104 1360 1935 1140 1142 531 1679 124 714 646 349 891 1465 768 169 243 404 416 251 750
internal_count=11181 6633 4548 5168 2363 1613 2185 4026 473 1922 2104 1360 1935 1140 1142 531 1679 124 714 646 349 891 1465 768 169 243 404 416 251 750
is_linear=0
shrinkage=0.05


Tree=9
num_leaves=31
num_cat=0
split_feature=8 5 9 23 3 9 23 0 9 23 11 0 5 23 23 5 7 0 12 5 5 23 8 1 23 11 0 1 17 12
split_gain=1.16072e+06 321167 204296 150728 58781.1 50548.6 30825.8 30102.3 24472.4 21659.2 24812.6 20216.9 17179.8 17176.8 12689.4 12444.3 11274.6 9349.23 7182.75 7215.3 6448.59 5946.75 5717.4 4401.4 3825.73 3466.05 3248.36 2947.04 2731.21 2574.35
threshold=252.50000000000003 1.5950000286102297 -0.37939999997615809 81.500000000000014 285.50000000000006 -0.37939999997615809 60.500000000000007 24.150000572204593 0.60354998707771312 96.500000000000014 -0.87834998965263356 25.44999980926514 3.0449999570846562 60.500000000000007 30.500000000000004 -3.4850000143051143 1014.0499877929689 19.250000000000004 1.0000000180025095e-35 -3.8950001001358028 0.069999998435378089 63.500000000000007 7.5000000000000009 81.500000000000014 141.00000000000003 1.0000000180025095e-35 22.44999980926514 86.500000000000014 0.14449999481439593 -0.56175000965595234
decision_type=2 2 2 2 2 2 2 2 2 2 2 2 2 2 2 2 2 2 2 2 2 2 2 2 2 2 2 2 2 2
left_child=1 2 13 5 6 11 14 -5 23 18 20 21 28 22 -4 -10 -3 -18 19 -9 -11 -2 25 -6 -12 -1 -14 -15 -7 -8
right_child=3 16 4 7 8 12 29 9 15 10 24 -13 26 27 -16 -17 17 -19 -20 -21 -22 -23 -24 -25 -26 -27 -28 -29 -30 -31
leaf_value=-0.075312327800669307 0.22369959665642633 -0.76866059764739014 -0.77442915002670398 0.87028749903042957 -0.41675933704097218 0.21974799195734313 0.20123352454106014 1.10868880011496 -0.60556792684644467 1.8464689103039829 1.3805234447827681 0.87028749903042957 0.28078258844713372 0.21974799195734313 -0.49389629066215684 -1.0313956179582788 -0.10035647823729299 0.21974799195734313 1.10868880011496 1.3805234447827681 2.6522171388592639 0.60187305817568848 0.061722583111950904 -0.69131342455356815 2.0607213883172899 -0.3492953296180244 0.87028749903042957 0.061722583111950904 0.87028749903042957 -0.12886110738107412
leaf_weight=204 124 31 533 244 188 712 75 98 200 44 299 567 24 383 1654 1207 275 1484 241 220 57 643 283 653 21 222 64 125 28 278
leaf_count=204 124 31 533 244 188 712 75 98 200 44 299 567 24 383 1654 1207 275 1484 241 220 57 643 283 653 21 222 64 125 28 278
internal_value=0.00114696 -0.334613 -0.510068 0.774109 -0.6571 0.523102 -0.492286 1.21747 -0.843321 1.34709 1.61795 0.713583 0.219748 0.0683954 -0.562266 -0.970866 0.219748 0.219748 1.1431 1.35066 2.3012 0.540734 -0.0963028 -0.629939 1.4023 -0.212347 0.870287 0.219748 0.219748 -0.0587277
internal_weight=11181 7795 6005 3386 4788 2162 2540 1224 2248 980 421 1334 828 1217 2187 1407 1790 1759 559 318 101 767 709 841 320 426 88 508 740 353
internal_count=11181 7795 6005 3386 4788 2162 2540 1224 2248 980 421 1334 828 1217 2187 1407 1790 1759 559 318 101 767 709 841 320 426 88 508 740 353
is_linear=0
shrinkage=0.05


Tree=10
num_leaves=31
num_cat=0
split_feature=8 5 9 9 0 5 23 23 5 5 12 7 9 23 7 23 5 7 5 0 17 1 11 7 7 23 10 23 1 23
split_gain=1.04691e+06 260542 201439 95457 94332.6 42749.3 33145.2 25337.6 25016.9 23259.8 22045.3 20270.8 18517.2 17729.5 14656.3 14626 12754.8 11723.2 9895.84 7451.48 7303.16 6813.42 6699.79 6231.81 5158.22 4497.94 4419.56 4266.97 3687.61 3938.61
threshold=80.500000000000014 0.86500000953674328 -0.37939999997615809 1.0000000180025095e-35 25.44999980926514 -1.6050000190734861 58.500000000000007 67.500000000000014 2.1550000905990605 -3.4850000143051143 1.0000000180025095e-35 1020.8500061035157 -0.37939999997615809 94.500000000000014 1013.8500061035157 14.500000000000002 -1.3949999809265134 1021.4500122070314 1.6800000071525576 25.050000190734867 0.11150000244379045 46.500000000000007 1.0000000180025095e-35 1014.8500061035157 1019.9500122070314 71.500000000000014 0.78654998540878307 32.500000000000007 91.500000000000014 45.500000000000007
decision_type=2 2 2 2 2 2 2 2 2 2 2 2 2 2 2 2 2 2 2 2 2 2 2 2 2 2 2 2 2 2
left_child=1 3 4 12 7 13 9 -2 -4 27 20 16 22 21 -3 -11 -9 19 26 -10 -7 -6 -1 -15 25 -8 -16 -5 29 -14
right_child=2 14 8 6 5 10 24 11 17 15 -12 -13 28 23 18 -17 -18 -19 -20 -21 -22 -23 -24 -25 -26 -27 -28 -29 -30 -31
leaf_value=0.061264147620455935 0.22588000143855883 -1.1109561406649078 0.093530365112026559 -0.69279511654011128 1.1333521737344527 1.3778543322616155 -0.52438505272473268 0.48620370032156218 0.76348251872455952 -1.3376634420133104 0.99711176759741282 0.448684127499209 -0.50517942486795164 1.6333398643721884 -0.2923155158445353 -0.83164218334474826 0.84181129781540565 0.24887941044633802 0.093530365112026559 1.7644778624824857 2.0993533615796074 0.84181129781540565 -0.23991382795347441 1.1333521737344527 -0.093180515470642919 0.093530365112026559 0.093530365112026559 -0.52438505272473268 -0.74621798597186451 -0.25161559541555617
leaf_weight=407 418 26 1167 391 112 45 124 255 97 153 89 500 341 117 262 2142 592 115 1420 23 159 770 338 89 192 21 76 379 83 278
leaf_count=407 418 26 1167 391 112 45 124 255 97 153 89 500 341 117 262 2142 592 115 1420 23 159 770 338 89 192 21 76 379 83 278
internal_value=0.00169802 -0.398929 0.58599 -0.589161 0.80814 1.11767 -0.733843 0.565956 0.0935304 -0.785594 1.65373 0.671488 -0.249003 0.973303 0.0935304 -0.865377 0.821212 0.609625 0.0935304 0.95534 1.9402 0.875759 -0.0753777 1.39095 -0.263176 -0.488275 -0.194068 -0.547798 -0.433264 -0.391301
internal_weight=11181 6633 4548 4849 3146 1381 3402 1765 1402 3065 293 1347 1447 1088 1784 2295 847 235 1758 120 204 882 745 206 337 145 338 770 702 619
internal_count=11181 6633 4548 4849 3146 1381 3402 1765 1402 3065 293 1347 1447 1088 1784 2295 847 235 1758 120 204 882 745 206 337 145 338 770 702 619
is_linear=0
shrinkage=0.05


Tree=11
num_leaves=31
num_cat=0
split_feature=8 5 9 23 3 9 23 7 9 5 23 11 5 0 1 5 20 0 23 5 7 5 7 23 11 8 11 0 1 11
split_gain=946924 274268 180664 114866 50570.2 34881.4 28220.8 27725.7 21222.7 19942.3 17208.9 16247.7 15233.8 15205.5 12105.1 11046.5 10625.7 8024.02 7817.97 6959.07 6390.03 5485.96 5173.57 4846.14 4804.32 4801.72 3946.77 3395.35 3286.98 2848.84
threshold=282.50000000000006 1.5950000286102297 -0.37939999997615809 81.500000000000014 285.50000000000006 -0.37939999997615809 59.500000000000007 1018.4500122070314 0.60354998707771312 -3.564999938011169 60.500000000000007 -0.87834998965263356 0.15500000119209292 25.550000190734867 92.500000000000014 -1.5349999666213987 7.3500001430511483 23.750000000000004 102.50000000000001 2.9450000524520878 1021.7500000000001 5.2550001144409189 1020.7500000000001 96.500000000000014 0.60784998536109935 7.5000000000000009 -0.60784998536109913 25.650000572204593 86.500000000000014 0.60784998536109935
decision_type=2 2 2 2 2 2 2 2 2 2 2 2 2 2 2 2 2 2 2 2 2 2 2 2 2 2 2 2 2 2
left_child=1 2 10 5 6 13 16 9 26 23 25 18 -7 24 -3 -10 -4 -13 -11 -16 -14 -9 27 -5 -2 29 -6 -23 -12 -1
right_child=3 14 4 7 8 12 -8 21 15 11 28 17 20 -15 19 -17 -18 -19 -20 -21 -22 22 -24 -25 -26 -27 -28 -29 -30 -31
leaf_value=-0.10006038837012027 0.61244438725223993 0.21999102491113165 -0.65937007992807661 0.81153117209912229 -0.38977340982327691 0.21999102491113165 -0.066126863597214508 0.81153117209912229 -0.77006819600851661 1.7127364388218635 0.21999102491113165 0.81153117209912229 0.81153117209912229 0.81153117209912229 -0.30081022580534056 -1.0578562436182855 -0.42838485694663736 1.4028928643577503 2.5513088716779437 0.16978819745459728 0.35809332508107894 0.98897162914276127 0.81153117209912229 1.2687396717071533 0.34988832806989756 0.064660467736785465 -0.63100295381413574 1.8056384141104562 0.064660467736785465 -0.36957450283119103
leaf_weight=273 432 1526 777 176 232 571 426 340 864 135 436 62 86 551 179 543 1386 265 35 140 92 20 27 80 292 284 630 35 133 153
leaf_count=273 432 1526 777 176 232 571 426 340 864 135 436 62 86 551 179 543 1386 265 35 140 92 20 27 80 292 284 630 35 133 153
internal_value=0.00222268 -0.289076 -0.449924 0.729058 -0.589122 0.500776 -0.4381 1.12229 -0.761443 1.30422 0.0787907 1.48889 0.229959 0.659867 0.219991 -0.881134 -0.51136 1.28276 1.88538 -0.094278 0.682999 0.811531 1.22171 0.945693 0.506552 -0.0906701 -0.566078 1.50867 0.219991 -0.196858
internal_weight=11181 7982 6137 3199 4858 2024 2589 1175 2269 753 1279 497 749 1275 1845 1407 2163 327 170 319 178 422 82 256 724 710 862 55 569 426
internal_count=11181 7982 6137 3199 4858 2024 2589 1175 2269 753 1279 497 749 1275 1845 1407 2163 327 170 319 178 422 82 256 724 710 862 55 569 426
is_linear=0
shrinkage=0.05


Tree=12
num_leaves=31
num_cat=0
split_feature=8 5 9 9 0 5 23 23 5 5 12 7 9 23 23 7 5 0 0 20 11 5 11 7 4 7 23 1 23 1
split_gain=851983 217239 167988 78607 76260 36098.6 27691.4 21472 20726.8 20700.7 18361.3 18198.5 14761.7 14647.6 12895.1 12883.6 10680.8 10227.1 7869.23 6783.29 6624.03 6048.1 5795.44 5559.04 4492.42 4398.69 3658.39 3351.32 3517.75 3082.51
threshold=80.500000000000014 0.86500000953674328 -0.37939999997615809 1.0000000180025095e-35 25.44999980926514 -1.6050000190734861 58.500000000000007 67.500000000000014 -3.4850000143051143 2.1550000905990605 1.0000000180025095e-35 1020.8500061035157 -0.37939999997615809 94.500000000000014 12.500000000000002 1013.8500061035157 -1.5549999475479124 25.050000190734867 18.849999427795414 14.550000190734865 -0.60784998536109913 -2.564999938011169 -1.0000000180025095e-35 1014.8500061035157 0.32500000298023229 1022.8500061035157 32.500000000000007 91.500000000000014 60.500000000000007 62.500000000000007
decision_type=2 2 2 2 2 2 2 2 2 2 2 2 2 2 2 2 2 2 2 2 2 2 2 2 2 2 2 2 2 2
left_child=1 3 4 12 7 13 8 -2 26 -4 19 16 22 21 -10 -3 -9 20 -17 -7 -11 -6 -1 -15 -8 -26 -5 28 -14 -12
right_child=2 15 9 6 5 10 24 11 14 17 29 -13 27 23 -16 18 -18 -19 -20 -21 -22 -23 -24 -25 25 -27 -28 -29 -30 -31
leaf_value=0.085545642475313433 0.20188473580164487 -1.0515656966429492 0.085545642475313433 -0.62658507307167255 0.76297304648619613 1.5213679299635048 0.030444907813990882 0.42901957518110678 -1.3387962161904516 0.86582020667755089 1.2692918133091284 0.40698998452403451 -0.39258719917510038 1.4878240689253195 -0.76097404606442531 -0.22275735517849729 0.76297304648619613 1.3186318745484225 0.085545642475313433 2.1061879999497357 0.26051415226016289 1.0238154528026795 -0.18698695013600011 1.0238154528026795 -0.46871073459341228 0.083070995079146503 -0.47233605557288749 -0.68667641077415054 -0.027313973851501944 0.76297304648619613
leaf_weight=311 418 26 1167 391 733 119 109 240 101 42 37 500 544 117 2194 245 607 37 1513 85 156 149 434 89 183 45 379 83 75 52
leaf_count=311 418 26 1167 391 733 119 109 240 101 42 37 500 544 117 2194 245 607 37 1513 85 156 149 434 89 183 45 379 83 75 52
internal_value=0.00270262 -0.358708 0.529799 -0.532495 0.732699 1.011 -0.663788 0.514946 -0.711089 0.0855456 1.50361 0.612095 -0.223816 0.878341 -0.786403 0.0855456 0.754289 0.555596 0.0855456 1.76504 0.413009 0.789678 -0.0687935 1.25795 -0.233583 -0.359806 -0.486615 -0.388334 -0.34833 0.904354
internal_weight=11181 6633 4548 4849 3146 1381 3402 1765 3065 1402 293 1347 1447 1088 2295 1784 847 235 1758 204 198 882 745 206 337 228 770 702 619 89
internal_count=11181 6633 4548 4849 3146 1381 3402 1765 3065 1402 293 1347 1447 1088 2295 1784 847 235 1758 204 198 882 745 206 337 228 770 702 619 89
is_linear=0
shrinkage=0.05


Tree=13
num_leaves=31
num_cat=0
split_feature=8 5 9 23 3 9 7 23 9 5 23 11 5 0 1 5 23 0 0 23 5 0 5 7 23 8 7 0 1 11
split_gain=772598 230902 147483 94803.1 42433.1 28869.1 24243.7 22898.6 17439.2 17253.2 14594.2 13437.7 13204 12120.2 10140.4 9910.69 9402.17 7029.06 6791.69 6573.56 6168.64 4423.82 4310.85 5141.93 4007.54 3977.02 3560.43 3129.63 3091.64 2427.7
threshold=282.50000000000006 1.5950000286102297 -0.37939999997615809 81.500000000000014 285.50000000000006 -0.37939999997615809 1018.4500122070314 59.500000000000007 0.60354998707771312 -3.564999938011169 60.500000000000007 -0.87834998965263356 -0.13499999791383741 25.550000190734867 92.500000000000014 -2.4350000619888301 29.500000000000004 23.750000000000004 23.150000572204593 102.50000000000001 2.9450000524520878 22.94999980926514 5.1949999332427987 1020.7500000000001 98.500000000000014 7.5000000000000009 1015.5499877929689 25.650000572204593 86.500000000000014 0.60784998536109935
decision_type=2 2 2 2 2 2 2 2 2 2 2 2 2 2 2 2 2 2 2 2 2 2 2 2 2 2 2 2 2 2
left_child=1 2 10 5 7 13 9 16 26 24 25 19 -7 21 -3 -10 -4 -13 -14 -11 -16 -2 -8 27 -5 29 -6 -24 -12 -1
right_child=3 14 4 6 8 12 22 -9 15 11 28 17 18 -15 20 -17 -18 -19 -20 -21 -22 -23 23 -25 -26 -27 -28 -29 -30 -31
leaf_value=-0.09339484000107745 0.21855845530827842 0.19978191210701501 -0.66396819660357675 0.73453368006631703 -0.23531645876862625 0.19978191210701501 0.73453368006631703 -0.060089554117135527 -0.62965761814336474 1.5611876113326462 0.19978191210701501 0.73453368006631703 0.28353897572466819 0.73453368006631703 -0.28651790482579997 -0.90331631581442695 -0.40756815503967014 1.2839706834307258 0.73453368006631703 2.3301304190499441 0.15654919417841096 0.52351377276697231 0.8879720211029053 0.73453368006631703 1.1556085896182371 0.056828742584683026 -0.55126880269238188 1.6521944664620065 0.056828742584683026 -0.34219174240928851
leaf_weight=273 150 1526 452 179 101 551 330 426 532 135 436 62 99 551 179 875 1711 265 99 35 140 574 21 34 77 284 761 37 133 153
leaf_count=273 150 1526 452 179 101 551 330 426 532 135 436 62 99 551 179 875 1711 265 99 35 140 574 21 34 77 284 761 37 133 153
internal_value=0.00307762 -0.260045 -0.407728 0.659609 -0.533496 0.452218 1.01685 -0.395157 -0.691345 1.18715 0.069973 1.35892 0.205844 0.596951 0.199782 -0.799843 -0.461148 1.17146 0.608262 1.7195 -0.0920684 0.460332 0.734534 1.0799 0.85367 -0.0861244 -0.514249 1.37549 0.199782 -0.182751
internal_weight=11181 7982 6137 3199 4858 2024 1175 2589 2269 753 1279 497 749 1275 1845 1407 2163 327 198 170 319 724 422 92 256 710 862 58 569 426
internal_count=11181 7982 6137 3199 4858 2024 1175 2589 2269 753 1279 497 749 1275 1845 1407 2163 327 198 170 319 724 422 92 256 710 862 58 569 426
is_linear=0
shrinkage=0.05


Tree=14
num_leaves=31
num_cat=0
split_feature=9 5 8 23 7 9 5 5 7 7 5 5 11 23 8 7 23 7 7 23 11 0 23 20 3 11 1 11 1 23
split_gain=701712 188398 145296 87942.2 45452.4 33135.8 30364.1 28469.6 26552.9 25056.2 21450.7 20640.2 18186.4 16471.3 15972.9 14809.3 13656.8 13639 13103.3 12151.7 12116.9 10233.5 10154.9 9829.43 9692.8 7689.04 7112.8 6584.96 6043.55 5987.61
threshold=-0.37939999997615809 0.50499999523162853 302.50000000000006 58.500000000000007 1019.7500000000001 0.3793999999761582 3.1049998998641972 -2.564999938011169 1015.0499877929689 1016.9500122070314 1.9950000047683718 -3.4850000143051143 0.60784998536109935 60.500000000000007 298.50000000000006 1016.1499938964845 46.500000000000007 1021.6499938964845 1015.6499938964845 94.500000000000014 0.60784998536109935 20.550000190734867 16.500000000000004 14.550000190734865 184.50000000000003 -1.0000000180025095e-35 64.500000000000014 0.60784998536109935 49.500000000000007 33.500000000000007
decision_type=2 2 2 2 2 2 2 2 2 2 2 2 2 2 2 2 2 2 2 2 2 2 2 2 2 2 2 2 2 2
left_child=2 3 10 5 7 27 9 19 23 16 13 29 21 -1 -5 -14 25 -12 -15 28 26 -8 -13 -9 -10 -3 -11 -2 -4 -7
right_child=1 6 4 14 -6 11 12 8 24 20 17 22 15 18 -16 -17 -18 -19 -20 -21 -22 -23 -24 -25 -26 -27 -28 -29 -30 -31
leaf_value=-0.079972684452494655 -0.29387782992468953 -1.3075918592255693 0.92239505110863185 -0.2112612728850316 0.48604435585616512 -0.56060817400920449 0.18209796955390856 1.4548971387038705 1.0862966002648686 0.9913027753000675 0.48604435585616512 -1.0858116357934242 -0.94946569554946003 0.48604435585616512 0.21819568653817989 0.16221638842234537 0.4113258180518945 0.059754974555812385 0.11053027195157483 1.179766603978011 -0.25788116191608318 0.68028910339742465 -0.71345960685995813 2.2463503326688494 0.48604435585616512 -0.50024986833333973 0.099673440686895598 -0.53150888730964307 0.59316395998315363 -0.2908613117679229
leaf_weight=717 948 58 134 472 792 422 147 131 406 23 348 204 34 195 400 252 24 190 448 137 276 345 1788 56 75 60 813 421 569 296
leaf_count=717 948 58 134 472 792 422 147 131 406 23 348 204 34 195 400 252 24 190 448 137 276 345 1788 56 75 60 813 421 569 296
internal_value=0.00347417 -0.303647 0.514343 -0.470028 0.781557 -0.56746 0.101742 0.942711 1.18633 -0.0504978 0.190532 -0.668748 0.347127 0.0848098 -0.0142627 0.0300584 -0.67594 0.457784 0.268556 0.748976 0.0293698 0.531439 -0.751592 1.69191 0.989775 -0.897079 0.124204 -0.366955 0.665023 -0.438909
internal_weight=11181 6983 4198 4951 2300 4079 2032 1508 668 1254 1898 2710 778 1360 872 286 142 538 643 840 1112 492 1992 187 481 118 836 1369 703 718
internal_count=11181 6983 4198 4951 2300 4079 2032 1508 668 1254 1898 2710 778 1360 872 286 142 538 643 840 1112 492 1992 187 481 118 836 1369 703 718
is_linear=0
shrinkage=0.05


Tree=15
num_leaves=31
num_cat=0
split_feature=9 5 8 23 23 23 9 5 7 1 5 7 11 11 8 23 7 11 0 23 5 8 5 4 7 11 7 11 23 23
split_gain=634960 169982 130226 79339.9 33900.6 30822.4 29876.1 27525.1 22507 19286.1 18693.7 17642.6 16879 15855.4 14415.6 13719 11336.8 11335.6 10495 9252.57 8441.96 8262.24 7855.69 7597.83 6152.02 5942.93 5721.71 5580.87 5446.41 4794.21
threshold=-0.37939999997615809 0.50499999523162853 443.50000000000006 58.500000000000007 94.500000000000014 64.500000000000014 0.3793999999761582 3.2649999856948857 1016.9500122070314 80.500000000000014 -3.4850000143051143 1016.2500000000001 -0.87834998965263356 0.60784998536109935 298.50000000000006 45.500000000000007 1016.1499938964845 0.60784998536109935 20.750000000000004 14.500000000000002 2.1049998998641972 7.5000000000000009 -3.9950000047683711 0.10500000044703485 1021.4500122070314 0.60784998536109935 1019.9500122070314 -1.0000000180025095e-35 33.500000000000007 78.500000000000014
decision_type=2 2 2 2 2 2 2 2 2 2 2 2 2 2 2 2 2 2 2 2 2 2 2 2 2 2 2 2 2 2
left_child=2 3 5 6 11 20 25 8 15 24 28 22 -6 18 26 27 -15 23 -9 -12 21 -1 -4 -10 -7 -2 -5 -3 -8 -13
right_child=1 7 4 14 12 9 10 13 17 -11 19 29 -14 16 -16 -17 -18 -19 -20 -21 -22 -23 -24 -25 -26 -27 -28 -29 -30 -31
leaf_value=-0.15897362951953442 -0.27918393794242846 -1.1658341438539568 0.61189458257622187 -0.27627206137130222 1.770145035271693 0.53417118163255761 -0.53257776216308084 0.17766668128056662 -0.11574764055113834 0.2343377913108137 -1.0889367883142673 0.53417118163255761 1.0292631882221199 -0.87122735341389979 0.20728590423241258 0.39623077128614703 0.15853707096710498 -0.23895201087787798 0.69639926501950677 -0.68304042204224968 0.2343377913108137 0.1376585783205547 0.94220829673299178 0.21549521076808295 0.23526813912760006 -0.50493344109585059 -0.012855985987247255 -0.50274776479372618 -0.27627206137130222 0.71821327830219406
leaf_weight=468 948 62 180 227 99 692 422 144 238 466 152 502 344 30 400 28 245 283 302 1840 155 471 275 635 178 421 245 65 296 368
leaf_count=468 948 62 180 227 99 692 422 144 238 466 152 502 344 30 400 28 245 283 302 1840 155 471 275 635 178 421 245 65 296 368
internal_value=0.0037375 -0.288411 0.4897 -0.44645 0.816182 0.252161 -0.538995 0.0966553 -0.0398152 0.413301 -0.635172 0.689584 1.19483 0.344801 -0.0135495 -0.605586 0.0461991 0.0360451 0.528916 -0.714012 0.0553742 -0.0101837 0.941872 0.125191 0.534171 -0.348607 -0.200698 -0.826459 -0.416438 0.55764
internal_weight=11181 6983 4198 4951 1768 2430 4079 2032 1311 1336 2710 1325 443 721 872 155 275 1156 446 1992 1094 939 455 873 870 1369 472 127 718 870
internal_count=11181 6983 4198 4951 1768 2430 4079 2032 1311 1336 2710 1325 443 721 872 155 275 1156 446 1992 1094 939 455 873 870 1369 472 127 718 870
is_linear=0
shrinkage=0.05


Tree=16
num_leaves=31
num_cat=0
split_feature=9 5 8 8 23 5 23 7 5 7 5 7 11 12 7 7 23 11 0 11 11 11 5 0 11 1 8 11 23 0
split_gain=574716 153537 117900 71526.3 38923.9 24869.3 24324.1 20455 19030.9 15391.1 15209.2 15041.6 14892.2 13253.4 12173.1 11843.3 11140.6 11063.4 10894.6 9869.45 9702.73 9284.07 9217.75 8700.42 8124.9 6486.82 6391.04 6352.39 5813.11 4711.28
threshold=-0.37939999997615809 0.50499999523162853 302.50000000000006 295.50000000000006 81.500000000000014 3.1049998998641972 29.500000000000004 1016.9500122070314 1.9950000047683718 1018.5499877929689 -3.564999938011169 1014.5499877929689 0.60784998536109935 -0.56175000965595234 1015.2500000000001 1021.6499938964845 46.500000000000007 -1.0000000180025095e-35 26.650000572204593 0.60784998536109935 0.60784998536109935 0.60784998536109935 -3.5949999094009395 19.750000000000004 1.0000000180025095e-35 65.500000000000014 63.500000000000007 -1.0000000180025095e-35 59.500000000000007 25.050000190734867
decision_type=2 2 2 2 2 2 2 2 2 2 2 2 2 2 2 2 2 2 2 2 2 2 2 2 2 2 2 2 2 2
left_child=2 3 8 6 18 7 21 16 11 10 -6 22 23 28 -14 -10 27 -12 -4 25 -15 -2 -1 -7 -5 -9 -13 -3 -8 -25
right_child=1 5 4 24 9 12 13 19 15 -11 17 26 14 20 -16 -17 -18 -19 -20 -21 -22 -23 -24 29 -26 -27 -28 -29 -30 -31
leaf_value=0.045621426257253427 -0.59376903595761965 -1.1839205610341039 0.44064381176676071 0.24691768913863582 0.74449509685077986 -0.0074474510821429174 -0.55786338377783162 0.87418182337725614 0.44064381176676071 0.72100575159356617 1.4093828727309854 -0.12880926298347103 -0.96321002074650353 -0.27238250126741526 0.13444065329755925 0.045137439546616455 0.37094799093902114 0.9072991728739338 0.72100575159356617 -0.23303950244992758 -0.48990503150003256 -0.89773329232902221 0.44064381176676071 0.5217368062361295 -0.12806253108766771 0.086351042472019482 0.1262921490112231 -0.45009998324016731 -0.23539621079681627 1.1444311835549095
leaf_weight=163 778 58 883 346 248 77 880 27 348 348 303 591 28 1365 258 190 24 172 346 276 821 371 186 382 248 809 420 60 142 33
leaf_count=163 778 58 883 346 248 77 880 27 348 348 303 591 28 1365 258 190 24 172 346 276 821 371 186 382 248 809 420 60 142 33
internal_value=0.00380067 -0.274143 0.466135 -0.424343 0.706842 0.0918225 -0.494514 -0.0459559 0.174445 0.927183 1.06187 0.0748652 0.313897 -0.423811 0.0269783 0.426172 -0.611061 1.22758 0.514828 0.0262068 -0.354078 -0.691916 0.35788 0.480683 0.0903603 0.111795 -0.0228324 -0.810791 -0.557863 0.571252
internal_weight=11181 6983 4198 4951 2300 2032 4357 1254 1898 1071 723 1360 778 3208 286 538 142 475 1229 1112 2186 1149 349 492 594 836 1011 118 1022 415
internal_count=11181 6983 4198 4951 2300 2032 4357 1254 1898 1071 723 1360 778 3208 286 538 142 475 1229 1112 2186 1149 349 492 594 836 1011 118 1022 415
is_linear=0
shrinkage=0.05


Tree=17
num_leaves=31
num_cat=0
split_feature=9 8 5 7 23 23 5 5 7 5 9 8 12 11 11 7 5 5 7 7 4 11 4 0 4 1 11 7 23 1
split_gain=523286 131259 128759 46529.3 32443.6 26585.9 26337.7 21421.7 25225.7 17555.1 17466 16998.7 12378.1 11585.3 10927.5 10896 10537.4 10260.6 9001.85 8211.82 7178.8 6940.56 6487.93 6211.8 5925.81 5086.19 6347.76 5775.74 4894.69 4693.47
threshold=-1.0000000180025095e-35 249.50000000000003 0.32500000298023229 1020.2500000000001 56.500000000000007 81.500000000000014 1.4149999618530276 3.1049998998641972 1017.8500061035157 -3.4850000143051143 0.60354998707771312 1.0000000180025095e-35 1.0000000180025095e-35 0.60784998536109935 0.60784998536109935 1016.1499938964845 -3.254999995231628 -2.7949999570846553 1022.2500000000001 1014.6499938964845 0.16499999910593036 1.0000000180025095e-35 -0.27500000596046442 19.750000000000004 0.48499999940395361 84.500000000000014 -1.0000000180025095e-35 1014.6499938964845 141.00000000000003 54.500000000000007
decision_type=2 2 2 2 2 2 2 2 2 2 2 2 2 2 2 2 2 2 2 2 2 2 2 2 2 2 2 2 2 2
left_child=1 6 4 5 9 17 11 8 25 -2 21 -1 16 20 23 -16 -7 29 -8 -13 -10 -11 -12 -9 -6 27 -27 -4 -14 -3
right_child=2 3 7 -5 24 12 18 14 13 10 22 19 28 -15 15 -17 -18 -19 -20 -21 -22 -23 -24 -25 -26 26 -28 -29 -30 -31
leaf_value=-0.20599039170671915 -0.34883569941631842 0.6712494192114713 -0.71021066705385849 0.33880778774247516 0.014501418259630845 0.7230421243489934 0.33880778774247516 -0.013313582675023514 -0.13313191001661015 -0.32716794677614702 -0.35966806594781053 0.33880778774247516 0.7230421243489934 -0.28050620313882829 -0.82212321477777817 0.13964400737631052 1.1943748843398312 0.7230421243489934 -0.0021672954079600014 0.022573105839104199 0.21199390684489505 -0.56364263636634415 -0.73319188832885596 0.51739547408338804 -0.29218918078428396 -1.0470653877025697 -0.38549587786197664 0.38673049360513689 1.4872794151306152 0.33880778774247516
leaf_weight=714 1043 137 24 960 328 161 423 66 211 514 127 259 445 250 34 220 417 328 196 605 527 527 1374 335 303 82 65 24 21 461
leaf_count=714 1043 137 24 960 328 161 423 66 211 514 127 259 445 250 34 220 417 328 196 605 527 527 1374 335 303 82 65 24 21 461
internal_value=0.00365614 0.375353 -0.311126 0.594424 -0.463377 0.734064 0.0831917 0.0381075 -0.0889068 -0.521567 -0.592441 -0.0254676 0.907053 0.0136674 0.267509 0.0109035 1.06171 0.539032 0.338808 0.123714 0.11332 -0.435063 -0.701588 0.430047 -0.132768 -0.608616 -0.754535 -0.16174 0.723042 0.414291
internal_weight=11181 5127 6054 2930 4216 1970 2197 1838 1183 3585 2542 1578 1044 988 655 254 578 926 619 864 738 1041 1501 401 631 195 147 48 466 598
internal_count=11181 5127 6054 2930 4216 1970 2197 1838 1183 3585 2542 1578 1044 988 655 254 578 926 619 864 738 1041 1501 401 631 195 147 48 466 598
is_linear=0
shrinkage=0.05


Tree=18
num_leaves=31
num_cat=0
split_feature=8 5 23 9 7 9 3 8 5 12 20 11 9 20 7 5 12 23 23 0 23 0 1 5 7 11 5 5 23 5
split_gain=473283 124056 91950 43428.2 36447.4 22125.2 18676 16230 12990.6 13153.1 10800.1 10218.2 9544.62 9451.65 8984.77 8776.38 10412 7474.25 7373.6 5850.12 5213.43 4861.28 4263.57 4815.18 4158.85 4077.34 3833.07 2637.68 2090.09 1595.45
threshold=80.500000000000014 1.5950000286102297 73.500000000000014 0.3793999999761582 1015.4500122070314 -1.0000000180025095e-35 276.50000000000006 480.50000000000006 -2.4550000429153438 1.0000000180025095e-35 14.84999990463257 0.60784998536109935 -0.37939999997615809 14.550000190734865 1019.5499877929689 -2.4350000619888301 1.0000000180025095e-35 36.500000000000007 52.500000000000007 16.44999980926514 88.500000000000014 30.150000572204593 92.500000000000014 0.15500000119209292 1021.1499938964845 1.0000000180025095e-35 0.92500001192092907 -4.0450000762939444 64.500000000000014 -0.74500000476837147
decision_type=2 2 2 2 2 2 2 2 2 2 2 2 2 2 2 2 2 2 2 2 2 2 2 2 2 2 2 2 2 2
left_child=1 3 5 12 8 11 14 -6 21 13 20 24 25 -10 17 16 -8 -5 -17 -16 -9 27 23 -14 -2 -1 -12 -4 -13 -26
right_child=2 -3 4 6 7 -7 15 10 9 -11 26 28 22 -15 19 18 -18 -19 -20 -21 -22 -23 -24 -25 29 -27 -28 -29 -30 -31
leaf_value=0.045796809183429293 0.3877999896064972 0.065493248170512483 0.46278313484304312 -0.56335911557865304 0.3877999896064972 0.065493248170512483 -0.53338372805645551 0.51263266885529524 1.2642312485920755 0.50237998917860827 0.85317281587049365 0.065493248170512483 -0.28440600996896848 2.1876922988891603 -1.0004065060097238 -0.73391782748157608 0.0431956051429222 -0.22709394983704323 -0.37762680197463316 -0.18806539666357225 0.7493789426526245 0.99273158326652478 -0.57570053835383106 0.065493248170512483 0.29120190875288449 -0.18405181466157294 1.4515445382698724 0.77876611127974882 0.22882521651424959 0.065493248170512483
leaf_weight=427 571 1465 114 587 765 825 561 548 133 46 64 230 934 35 23 996 91 230 170 609 294 161 114 74 212 352 46 157 229 118
leaf_count=427 571 1465 114 587 765 825 561 548 133 46 64 230 934 35 23 996 91 230 170 609 294 161 114 74 212 352 46 157 229 118
internal_value=0.00374836 -0.265619 0.396606 -0.382531 0.612793 0.162807 -0.493095 0.492344 0.932933 1.2515 0.637465 0.301896 -0.192521 1.45662 -0.359189 -0.599822 -0.45291 -0.468695 -0.681971 -0.217628 0.576595 0.775123 -0.285874 -0.253096 0.3878 -0.0580629 1.1034 0.645843 0.109376 0.209164
internal_weight=11181 6633 4548 5168 2363 2185 3267 1717 646 214 952 1360 1901 168 1449 1818 652 817 1166 632 842 432 1122 1008 901 779 110 271 459 330
internal_count=11181 6633 4548 5168 2363 2185 3267 1717 646 214 952 1360 1901 168 1449 1818 652 817 1166 632 842 432 1122 1008 901 779 110 271 459 330
is_linear=0
shrinkage=0.05


Tree=19
num_leaves=31
num_cat=0
split_feature=9 8 5 23 23 5 8 5 7 11 5 7 5 11 11 7 11 7 7 7 12 12 4 23 5 0 11 1 11 7
split_gain=429873 107168 106968 35979.1 27279 21986.6 18803 18577.3 22403.6 16113.7 12507.2 11315.4 12521.5 11253.4 10405.3 9934.07 9878.23 9823.62 9213.09 8901.28 8348.53 7523.66 6438.17 6042.16 5819.47 5765.08 4341.01 4305.41 5516.03 5131.87
threshold=-1.0000000180025095e-35 327.50000000000006 0.32500000298023229 81.500000000000014 45.500000000000007 1.9950000047683718 63.500000000000007 3.1049998998641972 1017.8500061035157 -0.60784998536109913 -3.4850000143051143 1018.5499877929689 -3.6249999999999996 -0.87834998965263356 0.60784998536109935 1016.8500061035157 0.60784998536109935 1015.2500000000001 1021.8500061035157 1014.2500000000001 0.81174999475479137 1.0000000180025095e-35 0.16499999910593036 12.500000000000002 -2.6350001096725459 20.550000190734867 -1.0000000180025095e-35 84.500000000000014 -1.0000000180025095e-35 1014.6499938964845
decision_type=2 2 2 2 2 2 2 2 2 2 2 2 2 2 2 2 2 2 2 2 2 2 2 2 2 2 2 2 2 2
left_child=1 5 4 15 9 6 26 8 27 -2 -11 12 -5 -6 22 -3 25 -18 -7 -8 24 -14 -10 -12 -15 -9 -1 29 -29 -4
right_child=2 3 7 11 13 18 19 16 14 10 23 -13 21 20 -16 -17 17 -19 -20 -21 -22 -23 -24 -25 -26 -27 -28 28 -30 -31
leaf_value=0.0071551822443408049 -0.37569469979394987 0.59773781483283439 -0.6773652444283168 0.60730757062860552 0.27314941925984443 0.33636807260190554 0.33636807260190554 0.13098293771107611 -0.12402615151963953 -0.38798264935347537 -1.044798538636188 0.59773781483283439 1.2072643413885462 -0.12311033303252397 -0.26386365788877009 0.33636807260190554 -0.87721804380416879 0.11564488549082153 0.012497007895495979 0.094587990896554175 -0.069932165386251591 0.80199448340077029 0.20281220049556678 -0.63829694161669226 -0.37569469979394987 0.53601405869592056 -0.19011566545021663 -0.9784622936713987 -0.36175602649266908 0.35662720255592528
leaf_weight=484 789 386 24 241 99 439 170 130 211 562 98 356 293 234 250 1145 28 226 222 545 348 188 527 1360 726 271 658 82 65 24
leaf_count=484 789 386 24 241 99 439 170 130 211 562 98 356 293 234 250 1145 28 226 222 545 348 188 527 1360 726 271 658 82 65 24
internal_value=0.00353502 0.340426 -0.281771 0.565002 -0.420541 0.107735 0.019383 0.0365408 -0.0817406 -0.510554 -0.588376 0.786279 0.901474 -0.240835 0.0149257 0.409197 0.25017 0.00619543 0.336368 0.220458 -0.279738 1.04886 0.109367 -0.66562 -0.355792 0.404707 -0.106509 -0.571517 -0.705769 -0.160369
internal_weight=11181 5127 6054 2609 4216 2518 1857 1838 1183 2809 2020 1078 722 1407 988 1531 655 254 661 715 1308 481 738 1458 960 401 1142 195 147 48
internal_count=11181 5127 6054 2609 4216 2518 1857 1838 1183 2809 2020 1078 722 1407 988 1531 655 254 661 715 1308 481 738 1458 960 401 1142 195 147 48
is_linear=0
shrinkage=0.05


Tree=20
num_leaves=31
num_cat=0
split_feature=9 5 8 23 7 23 5 0 9 5 7 1 5 23 11 7 4 4 1 3 11 11 0 11 20 20 23 7 20 11
split_gain=391859 105440 80364.3 49414.3 22327.7 21076.5 20783.9 18802.6 18716.5 15885.1 19169.1 14762.7 11751.4 11351 8594.75 9078.08 8335.25 7316.2 7220.58 6511.63 6180.07 6035.95 5454.63 5273.54 5236.23 5064.47 4683.32 4544.58 3826.82 3786.64
threshold=-0.37939999997615809 0.50499999523162853 460.50000000000006 59.500000000000007 1015.0499877929689 64.500000000000014 -2.5449999570846553 24.849999427795414 0.60354998707771312 3.1049998998641972 1016.9500122070314 81.500000000000014 -3.4850000143051143 79.500000000000014 0.60784998536109935 1016.1499938964845 0.38499999046325689 -0.29500000178813929 93.500000000000014 44.500000000000007 -0.87834998965263356 1.0000000180025095e-35 19.750000000000004 -1.0000000180025095e-35 7.6499998569488534 15.150000095367433 32.500000000000007 1021.4500122070314 14.84999990463257 0.60784998536109935
decision_type=2 2 2 2 2 2 2 2 2 2 2 2 2 2 2 2 2 2 2 2 2 2 2 2 2 2 2 2 2 2
left_child=2 3 5 8 6 19 -4 9 21 10 23 27 26 -6 22 -16 20 -14 -12 -1 -5 24 -11 -3 -2 -8 -10 -7 -15 -21
right_child=1 7 4 16 13 11 25 -9 12 14 18 -13 17 28 15 -17 -18 -19 -20 29 -22 -23 -24 -25 -26 -27 -28 -29 -30 -31
leaf_value=-0.086572279688509224 -0.43174670329881892 -0.97286593234929875 0.71984267000042834 0.58401727739608655 0.4278814260455997 0.4278814260455997 1.2490727335766509 0.92804343501726783 -0.44858567277590433 -0.016761650626438779 0.080203136797354094 0.18881002249563186 -0.24036498744698132 0.63214320531079049 -0.74919136131511022 0.12119152222331318 -0.2019120741331456 -0.62384878700951119 -0.22035155072383328 0.18881002249563186 0.06516517482697963 -0.40057602534959913 0.44463826920886051 -0.33474447856778689 -0.20476141744776741 1.9017918377387817 -0.20476141744776741 0.18881002249563186 0.95927826407951899 -0.047979586203938301
leaf_weight=519 264 61 338 66 588 749 108 63 330 77 832 442 136 519 34 252 294 1455 263 410 440 953 381 69 787 41 226 196 108 180
leaf_count=519 264 61 338 66 588 749 108 63 330 77 832 442 136 519 34 252 294 1455 263 410 440 953 381 69 787 41 226 196 108 180
internal_value=0.00398029 -0.225526 0.385744 -0.349997 0.650669 0.205094 0.936715 0.0777487 -0.419342 0.0505427 -0.0601352 0.335014 -0.521917 0.536015 0.232775 0.0177194 0.00981958 -0.591068 0.00801512 0.0426065 0.132842 -0.309449 0.367067 -0.634171 -0.226818 1.42868 -0.324039 0.427881 0.688492 0.15624
internal_weight=11181 6983 4198 4951 1702 2496 487 2032 4151 1969 1225 1387 2147 1215 744 286 800 1591 1095 1109 506 2004 458 130 1051 149 556 945 627 590
internal_count=11181 6983 4198 4951 1702 2496 487 2032 4151 1969 1225 1387 2147 1215 744 286 800 1591 1095 1109 506 2004 458 130 1051 149 556 945 627 590
is_linear=0
shrinkage=0.05


Tree=21
num_leaves=31
num_cat=0
split_feature=9 5 8 23 7 23 9 9 5 1 5 23 0 11 5 7 4 12 3 11 20 0 7 12 23 17 12 7 12 7
split_gain=353428 94926.1 71962.7 44190 21732.8 17652.9 17194.8 16978.8 14338.3 13589.5 11989.6 11467.4 10943.9 10679 14074.3 10981.6 7673.75 7202.04 6004.68 5753.29 4814.26 4806.1 4437.72 4344.99 4276.9 4170.22 3890 3777.57 4174.47 3434.13
threshold=-0.37939999997615809 0.45499999821186071 443.50000000000006 59.500000000000007 1014.1499938964845 64.500000000000014 0.3793999999761582 0.3793999999761582 -2.5449999570846553 80.500000000000014 -3.4850000143051143 79.500000000000014 24.849999427795414 0.87834998965263378 2.6049998998641972 1018.5499877929689 0.38499999046325689 -0.56175000965595234 44.500000000000007 -0.87834998965263356 14.84999990463257 19.750000000000004 1014.7500000000001 1.0000000180025095e-35 44.500000000000007 0.12350000068545343 1.0000000180025095e-35 1022.3500061035157 -0.56175000965595234 1018.3500061035157
decision_type=2 2 2 2 2 2 2 2 2 2 2 2 2 2 2 2 2 2 2 2 2 2 2 2 2 2 2 2 2 2
left_child=2 3 5 7 8 18 12 24 -4 -7 26 -6 27 14 15 -8 19 -12 -1 -5 -13 -16 -15 -22 -2 -10 -9 29 -29 -3
right_child=1 6 4 16 11 9 13 10 25 -11 17 20 -14 22 21 -17 -18 -19 -20 -21 23 -23 -24 -25 -26 -27 -28 28 -30 -31
leaf_value=-0.082619551277036712 -0.34695298607990471 0.0058964632746831679 0.72557280581731065 0.57093597940402108 0.39969535503307579 0.39969535503307579 -0.54592673783538059 -0.38633858685852385 1.2240892695153462 0.17656906160020852 -0.67128261362750896 0.59998539463949963 0.88164126338466764 -0.8451068145888192 -0.047205345539376144 -0.030018604462800014 -0.19475112606369638 -0.46882223371376847 0.15201409821054759 0.063192971818919849 1.2755061785722601 0.31438562696107186 -0.26277391821951479 0.77646791656688363 -0.19477023433482915 1.9229041417439778 -0.19477023433482915 0.4535170957698661 -0.0093975595022905561 0.36669376297060746
leaf_weight=517 695 82 260 64 660 870 134 465 102 466 647 604 63 42 125 448 291 1368 577 435 58 347 148 57 701 27 253 59 279 337
leaf_count=517 695 82 260 64 660 870 134 465 102 466 647 604 63 42 125 448 291 1368 577 435 58 347 148 57 701 27 253 59 279 337
internal_value=0.00407638 -0.213886 0.366637 -0.3333 0.609334 0.190057 0.0707083 -0.398852 0.939394 0.312007 -0.471317 0.516227 0.248461 -0.0464601 0.0157387 -0.148802 0.00931173 -0.533831 0.0411315 0.128314 0.65644 0.218625 -0.3915 0.95295 -0.256986 1.37035 -0.295877 0.195766 0.0714071 0.296084
internal_weight=11181 6983 4198 4919 1768 2430 2064 4129 389 1336 2733 1379 820 1244 1054 582 790 2015 1094 499 719 472 190 115 1396 129 718 757 338 419
internal_count=11181 6983 4198 4919 1768 2430 2064 4129 389 1336 2733 1379 820 1244 1054 582 790 2015 1094 499 719 472 190 115 1396 129 718 757 338 419
is_linear=0
shrinkage=0.05


Tree=22
num_leaves=31
num_cat=0
split_feature=9 5 8 23 23 23 9 9 1 7 5 1 7 11 0 11 5 4 11 23 5 0 23 11 11 20 23 11 7 3
split_gain=318047 85568.6 64768.4 40057.7 19557.4 17098.3 15918.6 15680.5 12837.8 10590.4 10364.6 9893.56 11909 11355 9700.59 8959.08 7366.08 7177.22 7119.76 6690.27 6395.18 6381.5 5854.2 5612.19 5498.21 4511.98 3985.23 3960.13 3960.04 3722.75
threshold=-0.37939999997615809 0.50499999523162853 460.50000000000006 58.500000000000007 94.500000000000014 64.500000000000014 0.60354998707771312 0.3793999999761582 81.500000000000014 1016.2500000000001 -3.4850000143051143 86.500000000000014 1017.2500000000001 0.60784998536109935 24.849999427795414 -0.87834998965263356 2.6049998998641972 0.32500000298023229 1.0000000180025095e-35 53.500000000000007 -3.9950000047683711 19.349999427795414 12.500000000000002 0.60784998536109935 1.0000000180025095e-35 7.6499998569488534 32.500000000000007 -0.87834998965263356 1021.4500122070314 44.500000000000007
decision_type=2 2 2 2 2 2 2 2 2 2 2 2 2 2 2 2 2 2 2 2 2 2 2 2 2 2 2 2 2 2
left_child=2 3 5 6 9 23 24 14 28 20 26 13 18 16 -3 -6 -9 27 -13 -15 -4 -14 -12 29 25 -2 -8 -5 -7 -1
right_child=1 7 4 17 15 8 10 11 -10 -11 22 12 21 19 -16 -17 -18 -19 -20 -21 -22 -23 -24 -25 -26 -27 -28 -29 -30 -31
leaf_value=-0.020304127165778018 -0.4037919298727573 0.19128358191515191 0.38742396624551878 0.45948766359261106 1.3062726454188427 0.38558863841582552 -0.4084068391449524 0.0022370599754626902 0.1709169735589956 0.38558863841582552 -0.9103131805316057 -1.0770484717387074 -0.41103307163741976 -0.71310281047114632 0.83755919614008489 0.7561344362287884 0.39917208040456748 -0.18349022371319779 -0.27534772892450465 -0.046305333834982691 0.68545753809629173 0.021845916570492195 -0.51667513265929654 -0.10993270427231859 -0.36544440334044548 -0.19414711231463205 -0.19414711231463205 0.055457826767379363 0.1709169735589956 0.1709169735589956
leaf_weight=297 257 741 180 70 96 749 330 213 442 834 101 53 112 54 63 323 259 348 58 124 269 355 1457 402 943 765 226 454 196 410
leaf_count=297 257 741 180 70 96 749 330 213 442 834 101 53 112 54 63 323 259 348 58 124 269 355 1457 402 943 765 226 454 196 410
internal_value=0.00382638 -0.202938 0.34776 -0.315068 0.585594 0.185584 -0.380826 0.0702686 0.302602 0.488735 -0.476056 -0.0421185 -0.19262 0.0917118 0.241925 0.88218 0.220047 -0.00746859 -0.658142 -0.248592 0.684533 -0.0819709 -0.542193 0.0392324 -0.278374 -0.198035 -0.290728 0.109431 0.385589 0.124048
internal_weight=11181 6983 4198 4951 1702 2496 4079 2032 1387 1283 2114 1228 578 650 804 419 472 872 111 178 449 467 1558 1109 1965 1022 556 524 945 707
internal_count=11181 6983 4198 4951 1702 2496 4079 2032 1387 1283 2114 1228 578 650 804 419 472 872 111 178 449 467 1558 1109 1965 1022 556 524 945 707
is_linear=0
shrinkage=0.05


Tree=23
num_leaves=31
num_cat=0
split_feature=8 5 23 9 7 9 11 23 8 21 5 12 5 11 20 5 1 23 0 12 1 11 5 0 5 5 23 23 8 23
split_gain=289899 79245.9 56526.4 25681.1 23511.9 15774.5 12616 11937.4 11072.2 9618.5 9047.83 10830.1 7686.33 7143.05 7044.26 7024.21 7017.07 6864.97 6721.26 6404.64 4156.32 3662.7 3584.03 3540.87 2852.19 2766.63 2673.76 2615.84 2402.25 2022.84
threshold=80.500000000000014 1.5950000286102297 76.500000000000014 0.3793999999761582 1015.4500122070314 -1.0000000180025095e-35 -0.60784998536109913 42.500000000000007 658.50000000000011 7.5499999523162851 -2.4550000429153438 1.0000000180025095e-35 -2.314999938011169 0.60784998536109935 14.550000190734865 -2.0949999094009395 92.500000000000014 60.500000000000007 18.849999427795414 0.81174999475479137 45.500000000000007 -0.60784998536109913 -0.38499999046325678 21.250000000000004 -3.5449999570846553 -0.15500000119209287 94.500000000000014 96.500000000000014 435.50000000000006 71.500000000000014
decision_type=2 2 2 2 2 2 2 2 2 2 2 2 2 2 2 2 2 2 2 2 2 2 2 2 2 2 2 2 2 2
left_child=1 3 5 16 10 13 9 12 28 25 20 14 -8 23 -12 -10 17 21 -11 -9 -4 -1 -7 -2 -25 -5 -22 -17 -6 -15
right_child=2 -3 4 6 8 22 7 19 15 18 11 -13 -14 29 -16 27 -18 -19 -20 -21 26 -23 -24 24 -26 -27 -28 -29 -30 -31
leaf_value=-0.059315112066912229 0.052691500579978429 0.052691500579978429 0.90364609509706506 -0.47530442685571339 0.33141012258189079 0.052691500579978429 -0.42926262297484075 -0.3932314665162413 0.49244229661796024 -0.36763405653722087 1.0596927602843542 0.36602824103573095 -0.65809429853899959 0.052691500579978429 1.8636440277099611 0.77122347557544713 -0.46361964001894712 0.052691500579978429 -0.076899758884037786 -0.099688473032279457 0.4591834344988705 -0.22207776159292325 0.27460461211430748 0.19205081158093462 0.33141012258189079 -0.98754564921061194 0.83086365090041869 1.2268124051716018 0.43738221389540571 0.27122332034032848
leaf_weight=404 45 1465 104 131 548 574 807 573 181 169 123 46 673 400 35 100 167 310 606 275 234 1020 303 273 798 33 61 46 545 132
leaf_count=404 45 1465 104 131 548 574 807 573 181 169 123 46 673 400 35 100 167 310 606 275 234 1020 303 273 798 33 61 46 545 132
internal_value=0.0043674 -0.206451 0.311834 -0.300191 0.508767 0.154053 -0.385214 -0.447615 0.397688 -0.230505 0.770345 1.04121 -0.533319 0.251869 1.23778 0.653474 -0.154075 -0.124263 -0.156891 -0.298038 0.631857 -0.171322 0.0526915 0.32374 0.33141 -0.578377 0.536039 0.914765 0.33141 0.101101
internal_weight=11181 6633 4548 5168 2023 2525 3267 2328 1420 939 603 204 1480 1648 158 327 1901 1734 775 848 399 1424 877 1116 1071 164 295 146 1093 532
internal_count=11181 6633 4548 5168 2023 2525 3267 2328 1420 939 603 204 1480 1648 158 327 1901 1734 775 848 399 1424 877 1116 1071 164 295 146 1093 532
is_linear=0
shrinkage=0.05


Tree=24
num_leaves=31
num_cat=0
split_feature=9 5 8 23 7 5 1 23 23 7 5 23 9 12 11 1 0 11 5 23 7 7 4 7 11 4 20 10 12 17
split_gain=263340 71469.2 53078.7 33027.6 17534.5 13989.3 13817.9 13269.6 12635.7 11839.5 11531.4 8841.5 8797.26 10150.9 8347.6 6835.53 6636.15 6347.06 5926.56 5870.54 5752.37 5726.13 5659 5484.78 4563 4233.97 3826.11 3823.83 3584.39 3507
threshold=-0.37939999997615809 0.50499999523162853 443.50000000000006 59.500000000000007 1014.0499877929689 3.2649999856948857 82.500000000000014 21.500000000000004 64.500000000000014 1016.9500122070314 -2.5449999570846553 79.500000000000014 1.0000000180025095e-35 -0.56175000965595234 0.60784998536109935 93.500000000000014 20.750000000000004 0.60784998536109935 1.9049999713897707 45.500000000000007 1022.4500122070314 1016.1499938964845 0.38499999046325689 1023.1499938964845 -0.87834998965263356 -0.27500000596046442 14.84999990463257 0.3793999999761582 1.0000000180025095e-35 0.12350000068545343
decision_type=2 2 2 2 2 2 2 2 2 2 2 2 2 2 2 2 2 2 2 2 2 2 2 2 2 2 2 2 2 2
left_child=2 3 6 7 10 9 8 17 25 19 -4 -6 -9 -14 16 23 -7 -2 -8 -3 -20 -16 24 -11 -5 -1 -13 -23 -28 -12
right_child=1 5 4 22 11 14 18 12 -10 15 29 26 13 -15 21 -17 -18 -19 20 -21 -22 27 -24 -25 -26 -27 28 -29 -30 -31
leaf_value=0.0054614376711226474 -0.44392918210274274 -0.58673200511087586 0.63130377030547935 0.49643892390268968 0.34519647180061003 0.096576793869543417 -0.083540858151156361 -0.16803770474789423 0.34519647180061003 0.16953680369825591 1.0779141902327538 0.51589000105050398 -0.44392918210274274 -0.28082156517312584 -0.62638453324635834 -0.19713140266361062 0.50906446207536771 -0.79739153353598313 0.34519647180061003 0.21309123379843578 -0.15684108107904846 -0.04904188221124442 -0.1670681169421292 -0.10492133244442813 0.050606153025715188 0.21256866687806744 1.1242444021948452 0.3579997874556049 0.67311830498198355 1.7200957898740417
leaf_weight=508 322 127 255 66 662 144 595 824 933 630 100 609 952 1850 30 270 302 203 186 28 79 152 294 256 440 129 58 93 57 27
leaf_count=508 322 127 255 66 662 144 595 824 933 630 100 609 952 1850 30 270 302 203 186 28 79 152 294 256 440 129 58 93 57 27
internal_value=0.00384521 -0.184298 0.316805 -0.286774 0.52524 0.0653873 0.165153 -0.343467 0.253398 -0.0319036 0.825174 0.442574 -0.309451 -0.351689 0.242292 0.0231166 0.375885 -0.578407 0.0040556 -0.442248 0.200734 0.0256294 0.00739206 0.0902351 0.108758 0.0799409 0.565838 0.105468 0.830347 1.21444
internal_weight=11181 6983 4198 4951 1768 2032 2430 4151 1570 1311 382 1386 3626 2802 721 1156 446 525 860 155 265 275 800 886 506 637 724 245 115 127
internal_count=11181 6983 4198 4951 1768 2032 2430 4151 1570 1311 382 1386 3626 2802 721 1156 446 525 860 155 265 275 800 886 506 637 724 245 115 127
is_linear=0
shrinkage=0.05


Tree=25
num_leaves=31
num_cat=0
split_feature=9 5 8 7 5 23 5 7 11 5 7 0 7 5 4 11 11 12 20 7 23 11 7 4 5 8 0 23 10 5
split_gain=238624 59853.7 58425.9 21024.6 18906.7 15972.1 15223.6 13784.8 11467.4 11208.8 14520 9983.24 9197.47 8775.39 8678.22 7982.97 7423.3 6841.85 6553.99 6422.02 6217.06 6178.01 5889.14 5379.31 5285.13 4984.04 4432.65 4224.65 3753.4 3685.12
threshold=-1.0000000180025095e-35 0.32500000298023229 327.50000000000006 1020.5499877929689 -1.955000042915344 45.500000000000007 1.9950000047683718 1014.7500000000001 -0.60784998536109913 3.185000061988831 1017.8500061035157 25.650000572204593 1015.4500122070314 -3.4850000143051143 0.19500000029802325 -0.87834998965263356 0.60784998536109935 0.81174999475479137 13.949999809265138 1022.3500061035157 94.500000000000014 0.60784998536109935 1015.2500000000001 0.16499999910593036 -3.7450000047683711 4.5000000000000009 19.750000000000004 12.500000000000002 0.3793999999761582 -2.6350001096725459
decision_type=2 2 2 2 2 2 2 2 2 2 2 2 2 2 2 2 2 2 2 2 2 2 2 2 2 2 2 2 2 2
left_child=2 5 6 4 12 8 7 24 -2 10 -3 14 20 -10 -6 -7 23 29 -13 -8 -4 26 -23 -12 -1 -9 -11 -15 -24 -17
right_child=1 9 3 -5 11 15 19 25 13 21 16 18 -14 27 -16 17 -18 -19 -20 -21 -22 22 28 -25 -26 -27 -28 -29 -30 -31
leaf_value=-0.014348188409193314 -0.27852050122349442 -0.44709555155385544 0.46357151757417753 0.25154057375024069 0.71504208306169337 0.25757587164866202 0.25154057375024069 -0.16351973066291939 -0.28095873013085743 -0.052512237359769648 -0.11774380340060782 0.79204394634258246 0.26614666487368049 -0.83057827919113392 0.25154057375024069 -0.080073799816175156 -0.21860162425860763 -0.018161273157309699 1.3108979638417564 -0.050214323155740474 0.88852153281185109 -0.7049549396221455 -0.070045433898589443 0.17932124759630744 0.25154057375024069 0.02502598971747574 0.40379791935740772 -0.49067006943432401 0.34963932598746106 -0.27852050122349442
leaf_weight=187 789 202 440 795 263 99 473 701 562 64 212 188 627 98 99 234 250 348 90 188 107 26 140 542 268 701 316 1360 86 726
leaf_count=187 789 202 440 795 263 99 473 701 562 64 212 188 627 98 99 234 250 348 90 188 107 26 140 542 268 701 316 1360 86 726
internal_value=0.00353566 -0.209032 0.254537 0.420355 0.516046 -0.312836 0.0827262 0.00835918 -0.381713 0.029075 -0.0603095 0.734673 0.396863 -0.448815 0.561618 -0.175328 0.01751 -0.208094 0.960018 0.251541 0.546697 0.199641 0.00767378 0.0957963 0.247488 -0.0692469 0.326946 -0.513517 0.0896576 -0.276944
internal_weight=11181 6054 5127 2609 1814 4216 2518 1857 2809 1838 1206 640 1174 2020 362 1407 1004 1308 278 661 547 632 252 754 455 1402 380 1458 226 960
internal_count=11181 6054 5127 2609 1814 4216 2518 1857 2809 1838 1206 640 1174 2020 362 1407 1004 1308 278 661 547 632 252 754 455 1402 380 1458 226 960
is_linear=0
shrinkage=0.05


Tree=26
num_leaves=31
num_cat=0
split_feature=9 5 8 8 7 5 1 11 5 23 7 12 23 7 11 12 11 0 11 11 7 0 5 7 7 1 17 7 11 20
split_gain=216834 58802.1 42765.9 27235.6 14015.5 13024.4 12592.6 12426.8 12268.3 11638.8 10943.4 8044.04 7373.18 7198.25 6886.44 6179.98 6052.78 5678.01 5395.77 5378.44 5196.58 5139.08 4997.05 4899.55 4678.22 4576.1 4158.64 4097.89 3837.15 3595.49
threshold=-0.37939999997615809 0.32500000298023229 460.50000000000006 295.50000000000006 1015.0499877929689 -2.5449999570846553 82.500000000000014 0.60784998536109935 3.2649999856948857 21.500000000000004 1017.6499938964845 -0.56175000965595234 88.500000000000014 1021.6499938964845 0.60784998536109935 -0.56175000965595234 0.60784998536109935 20.849999427795414 1.0000000180025095e-35 0.60784998536109935 1021.6499938964845 21.550000190734867 1.9049999713897707 1020.0499877929689 1016.1499938964845 85.500000000000014 0.11850000172853471 1014.1499938964845 1.0000000180025095e-35 15.150000095367433
decision_type=2 2 2 2 2 2 2 2 2 2 2 2 2 2 2 2 2 2 2 2 2 2 2 2 2 2 2 2 2 2
left_child=2 3 6 9 5 -4 7 13 10 19 25 21 -6 -1 17 -12 -13 -10 26 -2 -17 -11 -8 -24 -16 27 -5 -3 -27 -7
right_child=1 8 4 18 12 29 22 -9 14 11 15 16 -14 -15 24 20 -18 -19 -20 -21 -22 -23 23 -25 -26 28 -28 -29 -30 -31
leaf_value=0.31848962880646753 -0.40191640156546082 -0.56897390186786656 0.53596041478525247 0.067335431634495832 0.31848962880646753 0.94575525408403749 -0.077862841185695073 0.017505660203649947 0.088151094629555143 -0.40191640156546082 0.20797258493331106 -0.16260733400379657 0.57198567760836638 0.057596934680862112 -0.56616663773854581 0.099227345884363688 -0.32204249589579675 0.4670266250660956 -0.12214036828297521 -0.72916030482540428 -0.149807650329705 -0.20804353841901327 0.31848962880646753 -0.065795239908941858 0.095337824040681737 -0.78134810075367966 0.44434268705125124 0.234043465332782 -0.25935108313227401 1.4957245663898748
leaf_weight=905 321 24 338 236 831 108 601 460 148 880 333 1531 384 265 30 360 974 298 248 203 501 357 149 116 245 73 106 47 68 41
leaf_count=905 321 24 338 236 831 108 601 460 148 880 333 1531 384 265 30 360 974 298 248 203 501 357 149 116 245 73 106 47 68 41
internal_value=0.00376714 -0.166957 0.287751 -0.262983 0.48101 0.70764 0.155969 0.237829 0.0522739 -0.307019 -0.0337173 -0.276115 0.390171 0.31849 0.219963 0.0250612 -0.224599 0.341301 0.0554249 -0.527718 -0.0456815 -0.380436 0.00189135 0.182768 0.0231737 -0.364762 0.184186 -0.037399 -0.529605 1.09709
internal_weight=11181 6983 4198 4856 1702 487 2496 1630 2127 4266 1406 3742 1215 1170 721 1194 2505 446 590 524 861 1237 866 265 275 212 342 71 141 149
internal_count=11181 6983 4198 4856 1702 487 2496 1630 2127 4266 1406 3742 1215 1170 721 1194 2505 446 590 524 861 1237 866 265 275 212 342 71 141 149
is_linear=0
shrinkage=0.05


Tree=27
num_leaves=31
num_cat=0
split_feature=9 5 23 7 8 23 7 12 0 5 5 8 11 9 12 20 5 0 5 1 5 9 11 5 8 1 11 12 7 8
split_gain=197151 48866.8 47992.7 16449 16056.8 13899.1 9676.86 17712.5 10692.2 9560.68 9457.76 8184.4 7775.74 7531.67 6715.3 11567.3 6659.49 5778.75 5447.66 5232.72 4335.36 4203.49 4113.98 4098.18 3942.94 3501.92 3304.52 3290.64 3172.54 2593.16
threshold=-1.0000000180025095e-35 0.32500000298023229 76.500000000000014 1015.4500122070314 1.0000000180025095e-35 56.500000000000007 1016.9500122070314 0.81174999475479137 19.44999980926514 2.6049998998641972 -3.4850000143051143 658.50000000000011 0.60784998536109935 0.60354998707771312 1.0000000180025095e-35 14.550000190734865 0.69499999284744274 30.150000572204593 -2.0949999094009395 82.500000000000014 -1.5349999666213987 0.3793999999761582 1.0000000180025095e-35 -4.0450000762939444 256.50000000000006 91.500000000000014 -0.87834998965263356 1.0000000180025095e-35 1019.6499938964845 20.500000000000004
decision_type=2 2 2 2 2 2 2 2 2 2 2 2 2 2 2 2 2 2 2 2 2 2 2 2 2 2 2 2 2 2
left_child=2 5 4 14 16 10 7 29 25 24 -2 -5 19 22 15 23 -1 -16 -13 -6 -15 -9 -12 -4 -10 -8 -7 -11 -28 -3
right_child=1 6 3 11 12 26 8 21 9 27 13 18 -14 20 17 -17 -18 -19 -20 -21 -22 -23 -24 -25 -26 -27 28 -29 -30 -31
leaf_value=-0.15937963088432472 -0.19458930765699206 -0.59287276074403161 0.3847021310873654 0.26365795423423649 0.26365795423423649 0.26788872104476796 -0.055370719534545844 -0.28725199103355409 0.0057424955740551734 0.4670364245503873 -0.1941333533363192 0.4044575098499637 0.054657030804984789 -0.36216242074656396 0.26365795423423649 1.6248678779602053 0.054657030804984789 0.71496267292726168 0.77551455036418082 0.054657030804984789 -0.53216444251326023 0.50244659417205395 -0.36991729365919757 0.77056828129204202 0.54978319304330003 -0.38430754844437948 -0.1941333533363192 0.20126457955156055 0.0075095870317706814 -0.036625520077844462
leaf_weight=672 1043 165 92 1091 1193 66 306 22 637 222 514 181 698 769 128 35 223 96 146 299 732 72 527 273 35 110 262 245 303 24
leaf_count=672 1043 165 92 1091 1193 66 306 22 637 222 514 181 698 769 128 35 223 96 146 299 732 72 527 273 35 110 262 245 303 24
internal_value=0.00372341 -0.189491 0.231873 0.419902 0.107414 -0.283286 0.0256548 -0.243274 0.074598 0.153834 -0.321374 0.325764 0.180336 -0.373394 0.633825 0.75657 -0.071022 0.414637 0.545257 0.244956 -0.445068 0.317624 -0.270048 0.673309 0.0330733 -0.142349 -0.0668932 0.327606 -0.106 -0.522238
internal_weight=11181 6054 5127 2042 3085 4216 1838 283 1555 1139 3585 1418 2190 2542 624 400 895 224 327 1492 1501 94 1041 365 672 416 631 467 565 189
internal_count=11181 6054 5127 2042 3085 4216 1838 283 1555 1139 3585 1418 2190 2542 624 400 895 224 327 1492 1501 94 1041 365 672 416 631 467 565 189
is_linear=0
shrinkage=0.05


Tree=28
num_leaves=31
num_cat=0
split_feature=1 5 23 9 9 7 11 11 23 17 12 20 1 12 5 0 11 8 1 23 5 11 8 7 23 20 3 0 1 5
split_gain=178965 50551.4 45358.5 22890.8 11680.7 10099.2 10003.8 9435.57 9025.02 8040.91 6406.2 9586.01 6193.96 6116.12 5879.71 5718.07 5634.24 5367.73 5290.59 4915.01 4825.36 6144.94 4787.26 4349.2 9411.25 8074.67 4334.55 4286.84 3268.29 3194.98
threshold=78.500000000000014 1.6800000071525576 77.500000000000014 1.0000000180025095e-35 -0.6035499870777129 1020.4500122070314 -0.60784998536109913 0.60784998536109935 42.500000000000007 0.099500000476837172 1.0000000180025095e-35 9.0500001907348651 92.500000000000014 0.81174999475479137 -2.0149999856948848 18.849999427795414 0.60784998536109935 63.500000000000007 95.500000000000014 120.50000000000001 0.15500000119209292 0.60784998536109935 489.50000000000006 1016.9500122070314 33.500000000000007 7.6499998569488534 93.500000000000014 20.650000572204593 84.500000000000014 5.4549999237060556
decision_type=2 2 2 2 2 2 2 2 2 2 2 2 2 2 2 2 2 2 2 2 2 2 2 2 2 2 2 2 2 2
left_child=2 3 4 17 16 7 9 10 14 -5 11 -4 23 -10 -8 -11 -1 18 -2 -12 22 -22 -6 24 -3 -26 -19 -25 -29 -14
right_child=1 12 5 6 20 -7 8 -9 13 15 19 -13 29 -15 -16 -17 -18 26 -20 -21 21 -23 -24 27 25 -27 -28 28 -30 -31
leaf_value=0.29016865905528938 -0.097623473008600428 -0.99986807433041658 0.41586782786235288 -0.4693458341635191 -0.1088454243610248 0.29016865905528938 -0.33803965026268462 0.29016865905528938 -0.31086568199607029 -0.28760842640602607 0.38318305662748492 0.83894252480934384 -0.12246774484196471 -0.052398706468482228 -0.52963597192943357 -0.043780893183968689 0.073780305679697358 0.19404749714569014 -0.52221454967614978 0.88451692632266465 0.29016865905528938 -0.037310151492063869 0.10900650239265937 0.11294905729024543 -0.21788340660787764 0.4099068261831999 -0.028736416856211363 0.5044524603715822 0.22842635498802669 0.51635037256138661
leaf_weight=748 1029 22 201 182 638 350 976 296 732 172 385 401 288 333 679 756 333 316 79 56 344 241 417 394 105 100 177 179 231 21
leaf_count=748 1029 22 201 182 638 350 976 296 732 172 385 401 288 333 679 756 333 316 79 56 344 241 417 394 105 100 177 179 231 21
internal_value=0.00370371 -0.157735 0.251572 -0.225596 0.125235 0.455102 -0.291964 0.520754 -0.343585 -0.165468 0.591624 0.697683 0.117307 -0.230049 -0.416646 -0.105871 0.252834 -0.0668273 -0.127897 0.446845 0.0411281 0.156304 -0.0227371 0.176157 -0.0171109 0.0883557 0.0704238 0.230724 0.343904 -0.0790529
internal_weight=11181 6771 4410 5431 2721 1689 3830 1339 2720 1110 1043 602 1340 1065 1655 928 1081 1601 1108 441 1640 585 1055 1031 227 205 493 804 410 309
internal_count=11181 6771 4410 5431 2721 1689 3830 1339 2720 1110 1043 602 1340 1065 1655 928 1081 1601 1108 441 1640 585 1055 1031 227 205 493 804 410 309
is_linear=0
shrinkage=0.05


Tree=29
num_leaves=31
num_cat=0
split_feature=9 3 8 5 23 1 0 7 5 23 23 5 7 12 0 11 20 11 12 1 7 17 0 7 7 0 7 20 20 1
split_gain=162174 47489 25487.8 23681.1 18083.9 11104.3 10276.6 10185.7 9794.55 9573.63 6920.7 6887.39 5766.15 14942.3 6771.64 5612.95 5503.55 5815.68 4771.14 4549.61 4473.32 4309.65 4062.19 3989.6 3916.55 3828.4 3732.04 3424.96 2766.99 2589.57
threshold=-0.6035499870777129 268.50000000000006 469.50000000000006 2.6049998998641972 60.500000000000007 79.500000000000014 25.050000190734867 1020.1499938964845 -1.6850000023841856 94.500000000000014 52.500000000000007 -1.3949999809265134 1016.9500122070314 0.81174999475479137 19.750000000000004 -0.87834998965263356 7.5499999523162851 0.60784998536109935 -0.56175000965595234 77.500000000000014 1015.5499877929689 0.11549999937415124 26.650000572204593 1019.3500061035157 1013.9500122070314 22.550000190734867 1013.3500061035157 18.849999427795414 5.4500000476837167 92.500000000000014
decision_type=2 2 2 2 2 2 2 2 2 2 2 2 2 2 2 2 2 2 2 2 2 2 2 2 2 2 2 2 2 2
left_child=2 3 7 4 16 -3 12 8 22 18 11 29 13 -5 -14 -13 26 -18 28 27 -12 -8 -1 -22 -11 -9 -2 -6 -4 -7
right_child=1 5 9 6 19 10 21 25 -10 24 20 15 14 -15 -16 -17 17 -19 -20 -21 23 -23 -24 -25 -26 -27 -28 -29 -30 -31
leaf_value=0.065018163861204625 -0.53697472705560567 -0.047129954000190828 0.32740332335195421 -0.56540400383453215 0.13630333043904921 -0.26868238520342858 0.46110908054723976 -0.080186198303665232 0.32740332335195421 0.93664622036395251 0.55066236653788525 -0.25691290508613823 -0.039438625006005174 0.34353617104617035 0.27065972009050282 -0.57055852329358459 -0.047159017787751473 -0.17775393554736352 0.32740332335195421 -0.039553307484237459 -0.25691290508613823 1.2940250816345216 0.32740332335195421 0.0061772603659366061 0.5803806554443306 0.16306940320291019 -0.21765246313312528 0.72110179204207203 0.53312300227765985 -0.45408093791729187
leaf_weight=573 102 403 45 93 676 1020 41 374 600 108 22 104 242 88 646 544 1438 448 554 497 203 25 122 174 270 285 889 26 338 231
leaf_count=573 102 403 45 93 676 1020 41 374 600 108 22 104 242 88 646 544 1438 448 554 497 203 25 122 174 270 285 889 26 338 231
internal_value=0.00332717 -0.119074 0.299576 -0.0308826 -0.0871286 -0.28922 0.171107 0.185043 0.266478 0.469764 -0.331675 -0.371449 0.133724 -0.123488 0.186151 -0.503754 -0.155118 -0.104989 0.384075 0.0760109 -0.142377 0.776608 0.122102 -0.18282 0.682171 0.0250154 -0.250519 0.157963 0.524889 -0.302917
internal_weight=11181 7912 3269 5211 4076 2701 1135 1954 1295 1315 2298 1899 1069 181 888 648 2877 1886 937 1199 399 66 695 377 378 659 991 702 383 1251
internal_count=11181 7912 3269 5211 4076 2701 1135 1954 1295 1315 2298 1899 1069 181 888 648 2877 1886 937 1199 399 66 695 377 378 659 991 702 383 1251
is_linear=0
shrinkage=0.05


Tree=30
num_leaves=31
num_cat=0
split_feature=9 8 5 7 5 3 5 0 11 23 5 7 1 7 11 12 11 1 5 0 23 0 5 7 17 5 11 23 0 12
split_gain=147792 43210.3 30776.3 23514.1 20846.5 15386.2 13593.6 12918.2 7576.98 7980.18 7481.63 7296.79 5884.4 8232.29 6298.29 5657.3 5552.29 5088.11 4725.3 4566.98 4436.17 4312.73 4303.35 4257.1 4179.21 5169.04 4052.01 3938.33 3915.84 3091.04
threshold=1.0000000180025095e-35 57.500000000000007 0.32500000298023229 1020.4500122070314 -1.5549999475479124 185.50000000000003 1.4149999618530276 26.650000572204593 -0.60784998536109913 21.500000000000004 -3.9950000047683711 1014.0499877929689 86.500000000000014 1017.8500061035157 0.60784998536109935 0.81174999475479137 1.0000000180025095e-35 95.500000000000014 -3.504999995231628 19.349999427795414 42.500000000000007 25.050000190734867 2.6049998998641972 1016.1499938964845 0.099500000476837172 -1.705000042915344 -0.87834998965263356 60.500000000000007 20.050000190734867 1.0000000180025095e-35
decision_type=2 2 2 2 2 2 2 2 2 2 2 2 2 2 2 2 2 2 2 2 2 2 2 2 2 2 2 2 2 2
left_child=1 6 8 4 7 11 17 -3 24 29 -9 -6 14 16 22 18 -14 27 -11 -15 -17 -7 -4 -16 -2 26 -26 -1 -24 -10
right_child=2 3 12 -5 5 21 -8 10 9 15 -12 -13 13 19 23 20 -18 -19 -20 -21 -22 -23 28 -25 25 -27 -28 -29 -30 -31
leaf_value=-0.1227674716062811 -0.38492094471498772 0.11927812128565969 0.02379669018414797 0.11927812128565969 1.0465443896267701 0.16954364335797159 0.11927812128565969 0.24883509021434272 -0.44228197124621182 -0.17283264941153983 0.50270453475405008 0.5974813968384608 -0.78076809223960431 -0.28275560604201422 -0.60800709709888556 -0.40490319596407454 -0.16077016370927361 -0.49717507496094093 -0.36456462425219005 0.050692625505587043 -0.036671284372290981 0.79320429986523044 -0.022664661414157124 -0.044606725858402967 -0.14544665587035197 -0.24522197930074838 0.16486159891929739 0.091309215887537543 0.38331952426448396 -0.75933360372270853
leaf_weight=1135 162 819 298 1443 108 262 468 368 287 417 522 557 68 135 41 77 77 78 1401 429 337 31 78 184 206 359 215 265 249 105
leaf_count=1135 162 819 298 1443 108 262 468 368 287 417 522 557 68 135 41 77 77 78 1401 429 337 31 78 184 206 359 215 265 249 105
internal_value=0.00314823 0.170376 -0.194458 0.262278 0.350697 0.537405 -0.0237213 0.246035 -0.275473 -0.319142 0.378392 0.670412 -0.0091483 -0.11551 0.0795697 -0.2826 -0.451528 -0.104143 -0.320586 -0.0291221 -0.115789 0.235528 0.161232 -0.147271 -0.153831 -0.105835 0.0130243 -0.0822458 0.286479 -0.527207
internal_weight=11181 6056 5125 4110 2667 958 1946 1709 3566 2624 890 665 1559 709 850 2232 145 1478 1818 564 414 293 625 225 942 780 421 1400 327 392
internal_count=11181 6056 5125 4110 2667 958 1946 1709 3566 2624 890 665 1559 709 850 2232 145 1478 1818 564 414 293 625 225 942 780 421 1400 327 392
is_linear=0
shrinkage=0.05


Tree=31
num_leaves=31
num_cat=0
split_feature=9 5 8 8 0 7 2 23 7 7 12 5 0 4 11 12 0 20 11 11 11 23 0 7 9 3 23 1 11 1
split_gain=134248 39534.9 27822.2 21046.5 15970.1 9703.62 13360 9008.82 8617.46 7748.42 13639.5 7727.71 7443.79 6943.05 6310.91 5998.09 4846.32 4816.73 4659.52 4574.93 3813.77 3077.14 2879.43 2801.81 2621.07 2366.68 2311.75 2309.74 2208.38 2152.12
threshold=-0.6035499870777129 0.50499999523162853 298.50000000000006 427.50000000000006 24.849999427795414 1018.5499877929689 3.6550000905990605 21.500000000000004 1020.1499938964845 1016.9500122070314 0.81174999475479137 -1.6850000023841856 19.050000190734867 0.10500000044703485 1.0000000180025095e-35 -0.56175000965595234 21.550000190734867 9.5500001907348651 0.60784998536109935 0.60784998536109935 0.60784998536109935 68.500000000000014 22.550000190734867 1022.5499877929689 0.3793999999761582 161.50000000000003 98.500000000000014 91.500000000000014 1.0000000180025095e-35 92.500000000000014
decision_type=2 2 2 2 2 2 2 2 2 2 2 2 2 2 2 2 2 2 2 2 2 2 2 2 2 2 2 2 2 2
left_child=3 2 7 8 9 6 20 19 11 10 28 21 27 -14 17 16 -9 -4 -17 -2 -5 -1 -10 -6 -12 -24 -8 -11 -3 -13
right_child=1 4 14 5 23 -7 26 15 22 12 24 29 13 -15 -16 18 -18 -19 -20 -21 -22 -23 25 -25 -26 -27 -28 -29 -30 -31
leaf_value=0.00027583327304039684 -0.3142029200892264 -0.65586026102686545 0.050470713129008776 0.93107351010754003 0.81349491101724125 0.28680336654459115 0.32973556311471047 -0.3142029200892264 -0.082155300159154107 -0.057708740666713734 -0.23699822306632995 0.28680336654459115 -0.01661931068046393 0.17120490672485617 -0.076424201345522372 -0.11204213256712187 -0.14319172094322064 0.3604341061471345 -0.24413500455615364 -0.61011105853642156 0.61083039073943701 0.21949484413458131 0.038723861821283956 0.34909444944747825 0.34909444944747825 0.28680336654459115 0.54842499050132021 -0.34793482743389909 -0.30870049554216972 -0.25946329174897609
leaf_weight=350 322 78 274 210 81 613 412 918 368 218 20 524 319 1292 385 1738 440 231 1084 203 45 295 181 26 72 61 171 100 111 39
leaf_count=350 322 78 274 210 81 613 412 918 368 218 20 524 319 1292 385 1738 440 231 1084 203 45 295 181 26 72 61 171 100 111 39
internal_value=0.00293213 -0.108433 -0.180358 0.27247 0.0652491 0.414479 0.525914 -0.228851 0.159128 0.0363651 -0.208932 0.236484 0.072098 0.115736 0.0760025 -0.204331 -0.290672 0.192256 -0.162782 -0.424075 0.827781 0.100539 0.00593784 0.661824 0.290357 0.139898 0.393879 -0.148975 -0.451973 0.286803
internal_weight=11181 7912 5595 3269 2317 1451 838 4705 1818 2210 281 1208 1929 1611 890 4180 1358 505 2822 525 255 645 610 107 92 242 583 318 189 563
internal_count=11181 7912 5595 3269 2317 1451 838 4705 1818 2210 281 1208 1929 1611 890 4180 1358 505 2822 525 255 645 610 107 92 242 583 318 189 563
is_linear=0
shrinkage=0.05


Tree=32
num_leaves=31
num_cat=0
split_feature=9 8 5 7 5 3 5 1 11 23 12 7 5 1 7 11 11 7 17 1 5 17 7 0 7 0 0 23 1 11
split_gain=122177 34351.6 25122.5 19543.2 18080.1 13412.9 11554.3 11215.7 6301.32 6707.85 6782.37 6243.07 6194.27 5070.69 6730.66 5410.08 4724.32 4597.75 4540.72 4494.91 3852.31 3803.74 4652.84 3738.54 3619.07 3440.75 3436.35 3370.3 3018.83 2463.34
threshold=1.0000000180025095e-35 57.500000000000007 0.32500000298023229 1020.4500122070314 -1.5549999475479124 186.50000000000003 1.4149999618530276 53.500000000000007 -0.60784998536109913 42.500000000000007 1.0000000180025095e-35 1014.0499877929689 -1.955000042915344 86.500000000000014 1017.8500061035157 0.60784998536109935 1.0000000180025095e-35 1014.1499938964845 0.09849999845027925 95.500000000000014 2.6049998998641972 0.099500000476837172 1021.3500061035157 19.349999427795414 1016.1499938964845 25.050000190734867 20.150000572204593 60.500000000000007 97.500000000000014 -0.60784998536109913
decision_type=2 2 2 2 2 2 2 2 2 2 2 2 2 2 2 2 2 2 2 2 2 2 2 2 2 2 2 2 2 2
left_child=1 6 8 4 7 11 19 18 21 12 -11 -6 -10 15 16 20 -15 -9 -3 27 -4 -2 -23 -16 -17 -7 -22 29 -14 -1
right_child=2 3 13 -5 5 25 -8 17 9 10 -12 -13 28 14 23 24 -18 -19 -20 -21 26 22 -24 -25 -26 -27 -28 -29 -30 -31
leaf_value=-0.010992242182895517 -0.35963603020818147 0.1092490275271181 0.018527512734868381 0.1092490275271181 0.96094251934576924 0.14353757903390513 0.1092490275271181 0.30898721916193783 -0.27725383938161569 -0.27008643406052729 -0.067711832049095255 0.5461627814258454 -0.45836204117103724 -0.7157457630423939 -0.25958094868843479 -0.56217171651561093 -0.14384079190430704 0.1092490275271181 0.52290505978333601 -0.46251812462623304 -0.017742202323861419 -0.007351594622123917 -0.22650903014513599 0.04211200506389489 -0.0427035796739485 0.71841360823861489 0.35930794492997381 0.08802644889169145 -1.0830300833284856 -0.15592143995059177
leaf_weight=312 162 53 298 1443 108 254 468 343 1021 417 579 567 587 68 135 41 77 973 340 78 80 530 250 429 184 29 247 265 20 823
leaf_count=312 162 53 298 1443 108 254 468 343 1021 417 579 567 587 68 135 41 77 973 340 78 80 530 250 429 184 29 247 265 20 823
internal_value=0.00276208 0.154809 -0.176906 0.23675 0.317508 0.491387 -0.018252 0.220038 -0.250102 -0.289925 -0.187719 0.612528 -0.352454 -0.00948008 -0.108214 0.0728757 -0.412045 0.15004 0.454431 -0.0931068 0.148561 -0.139171 -0.093382 -0.0301017 -0.137362 0.202447 0.267063 -0.0725253 -0.478944 -0.110011
internal_weight=11181 6056 5125 4110 2667 958 1946 1709 3566 2624 996 675 1628 1559 709 850 145 1316 393 1478 625 942 780 564 225 283 327 1400 607 1135
internal_count=11181 6056 5125 4110 2667 958 1946 1709 3566 2624 996 675 1628 1559 709 850 145 1316 393 1478 625 942 780 564 225 283 327 1400 607 1135
is_linear=0
shrinkage=0.05


Tree=33
num_leaves=31
num_cat=0
split_feature=9 5 23 8 0 7 9 5 7 2 5 7 12 0 4 12 4 20 11 20 4 0 23 11 20 7 9 5 7 20
split_gain=111292 32743.1 23201.4 17310 13477.5 7612.69 7415.12 7333.44 6978.07 10953.4 6531.16 6464.69 11290.4 6249.09 6273.85 5277.1 5046.33 3806.26 3804.71 3785.03 3775.69 3474.3 2961.23 2568.4 3687.58 2423.94 2387.95 2157.35 2133.69 2093.23
threshold=-0.6035499870777129 0.50499999523162853 59.500000000000007 473.50000000000006 24.849999427795414 1020.0499877929689 0.60354998707771312 -1.6850000023841856 1018.5499877929689 3.6550000905990605 -1.5349999666213987 1016.9500122070314 0.81174999475479137 19.050000190734867 0.10500000044703485 1.0000000180025095e-35 -0.25499999523162836 15.150000095367433 0.60784998536109935 7.5499999523162851 0.38499999046325689 22.550000190734867 68.500000000000014 -0.87834998965263356 9.4499998092651385 1022.5499877929689 0.3793999999761582 2.6950000524520878 1016.3500061035157 6.1499998569488534
decision_type=2 2 2 2 2 2 2 2 2 2 2 2 2 2 2 2 2 2 2 2 2 2 2 2 2 2 2 2 2 2
left_child=3 2 6 5 11 7 18 22 9 17 15 12 -3 29 -15 -8 -12 -5 19 -2 23 -7 -1 24 -4 -6 -14 -23 -24 -13
right_child=1 4 20 8 25 21 10 -9 -10 -11 16 13 26 14 -16 -17 -18 -19 -20 -21 -22 27 28 -25 -26 -27 -28 -29 -30 -31
leaf_value=-0.0029668258910043903 -0.24376027729302027 -0.41261045781392902 -0.072716117745790732 0.65572482176155422 0.74862708096150998 -0.081587294531912602 -0.28442656179262937 0.27138458970995938 0.27138458970995938 0.35983923418529856 -0.091176581107196383 -0.32005581849387715 -0.24003591537475588 -0.016077001303762894 0.15850037414596443 -0.091176581107196383 -0.4385318967972987 1.1265088796615601 -0.25086196511293019 -0.091176581107196383 -0.091176581107196383 0.049183521188289218 0.27138458970995938 0.056752637319621137 0.53398202950400975 0.31986017966715335 0.31986017966715335 0.27138458970995938 0.10051695369331547 -0.047279154122785223
leaf_weight=357 433 189 39 184 81 380 905 588 525 542 85 105 20 319 1292 431 726 56 701 1150 323 206 210 732 70 26 72 96 125 213
leaf_count=357 433 189 39 184 81 380 905 588 525 542 85 105 20 319 1292 431 726 56 701 1150 323 206 210 732 70 26 72 96 125 213
internal_value=0.00244148 -0.0989555 -0.164412 0.247854 0.0591051 0.153947 -0.216597 0.225838 0.388823 0.484362 -0.28331 0.0325708 -0.191487 0.0652097 0.105193 -0.215366 -0.395239 0.765574 -0.153886 -0.110942 0.0342442 0.0190185 0.097227 0.0904706 0.316907 0.60715 0.262776 0.145609 0.204001 -0.137347
internal_weight=11181 7912 5595 3269 2317 1962 4431 1280 1307 782 2147 2210 281 1929 1611 1336 811 240 2284 1583 1164 682 692 841 109 107 92 302 335 318
internal_count=11181 7912 5595 3269 2317 1962 4431 1280 1307 782 2147 2210 281 1929 1611 1336 811 240 2284 1583 1164 682 692 841 109 107 92 302 335 318
is_linear=0
shrinkage=0.05


Tree=34
num_leaves=31
num_cat=0
split_feature=1 5 9 4 7 5 0 11 7 17 23 11 8 21 1 7 1 17 4 23 0 12 7 23 20 7 5 5 5 0
split_gain=101325 29848.8 26195.1 13339.5 12106.7 12144.8 9986.58 8801.97 6786.21 6436.5 5935.08 5882.38 6690.67 7837.62 5426.92 4985.66 4738.71 4602.89 4028.64 3490.28 3164.93 3136.81 2979.81 6707.82 4712.62 3241.69 2721.69 2661.54 2619.34 2235.6
threshold=78.500000000000014 1.6800000071525576 -0.6035499870777129 -0.36500000953674311 1020.7500000000001 -1.3650000095367429 26.650000572204593 -0.87834998965263356 1014.0499877929689 0.13849999755620959 20.500000000000004 0.60784998536109935 306.50000000000006 14.150000095367433 92.500000000000014 1013.8500061035157 92.500000000000014 0.12350000068545343 0.89499998092651378 49.500000000000007 19.849999427795414 1.0000000180025095e-35 1016.9500122070314 33.500000000000007 7.6499998569488534 1023.2500000000001 0.2650000005960465 -0.64499998092651356 5.4549999237060556 20.44999980926514
decision_type=2 2 2 2 2 2 2 2 2 2 2 2 2 2 2 2 2 2 2 2 2 2 2 2 2 2 2 2 2 2
left_child=2 3 4 19 5 6 -1 15 17 -8 21 12 26 -14 -12 -5 22 -7 -10 -2 -17 -9 23 -3 -25 29 -4 -21 -18 -24
right_child=1 16 11 7 -6 8 9 10 18 -11 14 -13 13 -15 -16 20 28 -19 -20 27 -22 -23 25 24 -26 -27 -28 -29 -30 -31
leaf_value=0.099266256423964666 -0.12937902892869191 -0.84567906531420634 -0.10491023824376854 -0.38958517169313778 0.098085418974154334 0.60820946165106515 0.36184365743634361 -0.34586642714180055 0.52275495437796937 1.1790188064575196 -0.18666188590557753 -0.083356039897817785 0.096453519290762735 0.42552032019702202 -0.33815030921521921 -0.14076151466052209 -0.11855460517431818 1.3542554231790396 0.10426797632987683 0.085823392721543754 0.13324004452800312 -0.66139697209648463 0.12835300488925125 -0.16090801568258378 0.31869696370512246 -0.043746049631209601 0.089838775956826281 -0.057901479099456338 0.459859557946523 0.31163400758166693
leaf_weight=507 825 22 368 84 568 44 667 250 499 25 2003 554 580 263 820 169 288 39 65 541 280 115 293 105 100 126 231 344 21 385
leaf_count=507 825 22 368 84 568 44 667 250 499 25 2003 554 580 263 820 169 288 39 65 541 280 115 293 105 100 126 231 344 21 385
internal_value=0.00263274 -0.118841 0.18914 -0.170986 0.299948 0.36206 0.267851 -0.224108 0.536645 0.391366 -0.255551 0.0551262 0.10833 0.199116 -0.23102 -0.036035 0.0925054 0.958761 0.474525 -0.0553935 0.0301081 -0.44528 0.143981 -0.0159938 0.0730456 0.189147 -0.0194386 0.0135761 -0.0792449 0.232429
internal_weight=11181 6771 4410 5431 2414 1846 1199 3721 647 692 3188 1996 1442 843 2823 533 1340 83 564 1710 449 365 1031 227 205 804 599 885 309 678
internal_count=11181 6771 4410 5431 2414 1846 1199 3721 647 692 3188 1996 1442 843 2823 533 1340 83 564 1710 449 365 1031 227 205 804 599 885 309 678
is_linear=0
shrinkage=0.05


Tree=35
num_leaves=31
num_cat=0
split_feature=1 5 23 4 11 11 11 8 7 23 1 5 12 20 7 1 23 23 7 7 0 7 23 20 12 5 10 5 4 5
split_gain=91561.6 26969.2 23634 11977.3 7944.98 6703.97 6649.21 6523.14 6050.1 5355.47 4901.89 4618.24 4528.73 6436.11 4499.55 4276.68 3285.95 3170.1 3021.84 2996.42 2856.35 2689.28 6053.81 4253.14 3056.21 3197.71 3153.96 2363.95 2253.81 1901.52
threshold=78.500000000000014 1.6800000071525576 77.500000000000014 -0.36500000953674311 -0.87834998965263356 0.60784998536109935 0.60784998536109935 1.0000000180025095e-35 1021.6499938964845 20.500000000000004 92.500000000000014 -3.5449999570846553 1.0000000180025095e-35 14.550000190734865 1013.8500061035157 92.500000000000014 120.50000000000001 45.500000000000007 1016.1499938964845 1021.5499877929689 19.849999427795414 1016.9500122070314 33.500000000000007 7.6499998569488534 1.0000000180025095e-35 3.3449999094009404 0.3793999999761582 5.4549999237060556 -3.6450001001358028 -0.64499998092651356
decision_type=2 2 2 2 2 2 2 2 2 2 2 2 2 2 2 2 2 2 2 2 2 2 2 2 2 2 2 2 2 2
left_child=2 3 6 17 14 8 7 -1 12 18 -11 -9 13 -4 -5 21 -14 -2 -6 -13 -16 22 -3 -24 25 -23 -26 -17 -8 -19
right_child=1 15 5 4 9 -7 28 11 -10 10 -12 19 16 -15 20 27 -18 29 -20 -21 -22 24 23 -25 26 -27 -28 -29 -30 -31
leaf_value=-0.043375608776711289 -0.14229518389817927 -0.80339510440826423 0.45439201018469594 -0.37010591379145075 -0.76096011187349055 0.20761390427719731 0.20761390427719731 0.071028123988255337 0.20761390427719731 -0.17732879231598822 -0.32125168579618618 0.20761390427719731 0.27918136342741645 0.9183396373672047 -0.1337234394172945 -0.1126268754920198 0.68382598928042826 0.049696629860189336 -0.36177065217668569 0.071028123988255337 0.12657803869407092 0.15684637669935994 -0.15286261779921395 0.30276211467385294 -0.060071655933684978 0.43102383233981434 0.23640852817391722 0.43686658796809968 -0.055587029705444969 -0.071706305205065296
leaf_weight=391 629 22 531 84 56 357 51 372 176 2003 820 716 482 87 169 288 56 688 309 444 280 262 105 100 201 179 162 21 747 393
leaf_count=391 629 22 531 84 56 357 51 372 176 2003 820 716 482 87 169 288 56 688 309 444 280 262 105 100 201 179 162 21 747 393
internal_value=0.00245956 -0.113013 0.179753 -0.16258 -0.212916 0.326669 0.0885585 0.138909 0.382416 -0.24279 -0.219487 0.185432 0.427368 0.519705 -0.0342332 0.0878801 0.321301 -0.0530477 -0.423016 0.207614 0.0286026 0.136782 -0.0151941 0.0693933 0.17969 0.268134 0.0722418 -0.0752827 -0.0327745 -0.00111743
internal_weight=11181 6771 4410 5431 3721 1689 2721 1923 1332 3188 2823 1532 1156 618 533 1340 538 1710 365 1160 449 1031 227 205 804 441 363 309 798 1081
internal_count=11181 6771 4410 5431 3721 1689 2721 1923 1332 3188 2823 1532 1156 618 533 1340 538 1710 365 1160 449 1031 227 205 804 441 363 309 798 1081
is_linear=0
shrinkage=0.05


Tree=36
num_leaves=31
num_cat=0
split_feature=9 8 5 5 8 20 23 18 7 7 11 23 12 5 1 7 1 21 7 5 0 7 10 1 12 4 23 23 11 1
split_gain=83412.8 23788.6 17395.9 9594.42 8903.38 8718.89 6371.56 5629.77 6008.42 5248.52 5194.17 5223.02 6052.98 5511.49 5003.28 4084.9 3792.26 3214.64 3868.1 3009.12 2961.98 2844.69 2622.85 2445.56 2279.94 2237.03 2202.24 2110.37 2068.68 1971.98
threshold=1.0000000180025095e-35 480.50000000000006 0.2650000005960465 1.6800000071525576 63.500000000000007 15.150000095367433 94.500000000000014 7.8500001430511483 1019.5499877929689 1021.7500000000001 -0.60784998536109913 42.500000000000007 1.0000000180025095e-35 -1.7949999570846555 70.500000000000014 1014.3500061035157 90.500000000000014 7.5499999523162851 1021.3500061035157 3.7050000429153447 22.44999980926514 1015.5499877929689 1.0000000180025095e-35 97.500000000000014 0.81174999475479137 1.685000002384186 45.500000000000007 10.500000000000002 -0.87834998965263356 79.500000000000014
decision_type=2 2 2 2 2 2 2 2 2 2 2 2 2 2 2 2 2 2 2 2 2 2 2 2 2 2 2 2 2 2
left_child=1 3 10 4 16 6 21 25 19 -5 17 13 -13 27 -7 -6 26 -2 28 -9 -11 -3 -10 -15 -17 -4 -1 -12 -19 -21
right_child=2 5 7 9 15 14 -8 8 22 20 11 12 -14 23 -16 24 -18 18 -20 29 -22 -23 -24 -25 -26 -27 -28 -29 -30 -31
leaf_value=-0.13503115727255741 -0.31484294502766103 0.30446765887398186 -0.19069910517748076 0.16312502377764615 0.16312502377764615 0.84381013348990797 0.41803320120094389 -0.024925748714358893 0.068427955486038902 -0.089973921361619941 -0.64903665622075402 -0.22647369347039428 -0.038593794021813468 -0.41067033865557034 0.41803320120094389 0.015165531170299021 -0.27495058257768795 -0.08113828795131578 -0.18978743490933511 -0.024925748714358893 0.16312502377764615 0.16312502377764615 0.29667913527485684 -0.97436716347932828 0.16312502377764615 -0.024925748714358893 0.0031566718623739238 -0.22647369347039428 0.11683390401895084 0.41282565000866145
leaf_weight=435 154 410 422 664 296 102 345 334 235 329 30 415 578 507 78 999 205 277 246 20 106 1083 271 20 149 235 855 1059 252 70
leaf_count=435 154 410 422 664 296 102 345 334 235 329 30 415 578 507 78 999 205 277 246 20 106 1083 271 20 149 235 855 1059 252 70
internal_value=0.00243087 0.128063 -0.146023 0.0580078 0.0103415 0.268242 0.235718 -0.00848069 0.0706724 0.163125 -0.207719 -0.24387 -0.153621 -0.299326 0.600348 0.0988907 -0.0751869 -0.106193 -0.0647319 -0.0249257 -0.0141499 0.190902 0.190673 -0.432063 0.0444423 -0.120524 -0.0434415 -0.23509 0.0131698 0.282101
internal_weight=11181 6056 5125 4038 2939 2018 1838 1587 930 1099 3538 2609 993 1616 180 1444 1495 929 775 424 435 1493 506 527 1148 657 1290 1089 529 90
internal_count=11181 6056 5125 4038 2939 2018 1838 1587 930 1099 3538 2609 993 1616 180 1444 1495 929 775 424 435 1493 506 527 1148 657 1290 1089 529 90
is_linear=0
shrinkage=0.05


Tree=37
num_leaves=31
num_cat=0
split_feature=9 5 23 7 0 5 3 0 7 20 5 7 12 0 3 0 9 10 3 11 11 2 10 7 17 4 7 8 1 20
split_gain=77125.9 23227.5 16662.3 12617.7 10343.1 8619.31 11747.9 10091.4 7216.8 6294.19 6115.18 5444.75 8660.6 4932.29 4560.98 6631.85 4339.39 4118.65 3930.23 3740.66 3615.85 3402.24 3400.06 3378.5 3336.69 2676.58 2700.81 2579.39 2280.44 2549.43
threshold=-0.6035499870777129 0.37000000476837164 54.500000000000007 1020.0499877929689 24.849999427795414 -1.705000042915344 185.50000000000003 26.650000572204593 1014.0499877929689 13.34999990463257 -3.254999995231628 1016.9500122070314 0.81174999475479137 22.94999980926514 176.50000000000003 19.44999980926514 0.60354998707771312 -1.0000000180025095e-35 63.500000000000007 -0.87834998965263356 0.60784998536109935 3.6800000667572026 0.78654998540878307 1018.6499938964845 0.11850000172853471 0.20499999821186068 1024.7500000000002 555.50000000000011 90.500000000000014 10.84999990463257
decision_type=2 2 2 2 2 2 2 2 2 2 2 2 2 2 2 2 2 2 2 2 2 2 2 2 2 2 2 2 2 2
left_child=3 2 10 5 11 7 8 -1 9 -7 28 12 -3 -5 -13 -16 20 -18 -10 24 -12 -9 -14 -8 27 -21 -27 -4 -2 -30
right_child=1 4 19 13 -6 6 23 21 18 -11 16 14 22 -15 15 -17 17 -19 -20 25 -22 -23 -24 -25 -26 26 -28 -29 29 -31
leaf_value=0.060059097019388011 -0.095742226176057738 -0.36601901119764974 -0.095742226176057738 -0.057321902999267316 0.52888450522289099 0.49789200442656878 -0.028588138338941412 0.52571054026038355 0.13263928778060191 1.2912510795593262 -0.10186246918250096 -0.12564947943870181 0.27738997386587039 0.16912177540655365 -0.078664084860879738 0.14612898359396195 -0.39629419418717071 -0.22062681461326206 0.49226879600921408 0.030000496137896078 -0.28558321183026542 0.26562963932961198 -0.35728517228906809 0.33594363641391678 0.48378609262511763 -0.095742226176057738 0.33195356099229112 0.25920358637080437 -0.3594798836461659 -0.095742226176057738
leaf_weight=711 1152 196 56 486 107 50 166 167 91 50 733 296 73 476 445 1249 616 728 460 843 422 509 22 103 71 498 38 43 179 145
leaf_count=711 1152 196 56 486 107 50 166 167 91 50 733 296 73 476 445 1249 616 728 460 843 422 509 22 103 71 498 38 43 179 145
internal_value=0.00254512 -0.0818649 -0.138192 0.206844 0.0484331 0.270277 0.388943 0.191565 0.503796 0.894572 -0.192401 0.0258954 -0.176116 0.054723 0.0554358 0.0870777 -0.240062 -0.301141 0.432874 0.000916185 -0.168988 0.32988 0.215683 0.110991 0.222214 -0.0263649 -0.0957422 0.0346211 -0.111706 -0.232698
internal_weight=11181 7912 5524 3269 2388 2307 920 1387 651 100 3975 2281 291 962 1990 1694 2499 1344 551 1549 1155 676 95 269 170 1379 536 99 1476 324
internal_count=11181 7912 5524 3269 2388 2307 920 1387 651 100 3975 2281 291 962 1990 1694 2499 1344 551 1549 1155 676 95 269 170 1379 536 99 1476 324
is_linear=0
shrinkage=0.05


Tree=38
num_leaves=31
num_cat=0
split_feature=9 5 9 7 1 5 0 7 3 0 20 5 12 8 0 7 0 4 20 10 7 12 0 5 2 17 5 1 7 9
split_gain=69597.1 21291 14796.7 11387.5 7978.31 11007.7 6631.61 6174.11 5919.69 5666.56 5440.86 5382.35 6967.83 4647.23 4451.39 4063.21 4858.01 3864.05 3674.68 3214.8 3171.09 8109.05 3917.96 3115.2 3084.31 2774.15 2680.6 2477.7 2364.41 2118.02
threshold=-0.6035499870777129 2.6049998998641972 1.0000000180025095e-35 1020.0499877929689 82.500000000000014 -1.5549999475479124 26.650000572204593 1014.0499877929689 285.50000000000006 25.050000190734867 14.550000190734865 -2.4350000619888301 1.0000000180025095e-35 74.500000000000014 22.94999980926514 1019.5499877929689 16.150000572204593 0.95499998331069957 18.150000572204593 1.0000000180025095e-35 1016.9500122070314 0.81174999475479137 19.750000000000004 -3.4850000143051143 3.6800000667572026 0.11549999937415124 1.2250000238418581 95.500000000000014 1021.8500061035157 0.91595000028610241
decision_type=2 2 2 2 2 2 2 2 2 2 2 2 2 2 2 2 2 2 2 2 2 2 2 2 2 2 2 2 2 2
left_child=3 2 13 4 5 6 -1 10 15 20 -7 12 -10 27 -5 23 -17 -9 -15 -13 21 29 -22 -4 -8 -11 -6 -2 -24 -3
right_child=1 9 8 14 26 7 24 17 11 25 -12 19 -14 18 -16 16 -18 -19 -20 -21 22 -23 28 -25 -26 -27 -28 -29 -30 -31
leaf_value=0.081574003131213518 -0.061318758631014741 -0.5779934393442594 -0.093189959279305914 -0.054455807916973353 -0.033826327530572013 0.45999245345592499 0.49660886869519605 0.44893934702146804 -0.18827161401746231 0.33359984989493396 1.2013684343318551 -0.35337576432601958 0.22008401485941104 0.04342846475395569 0.16066568682602209 -0.75033603903527069 -0.031734923063103097 0.05951568042374638 0.48173023232817647 -0.19050449821397175 -0.037806315754332451 0.24820937403393062 0.28521795792468208 -0.25506062740323304 0.25269589748629556 0.98768352127075199 0.24259323724942614 -0.37889804986807019 0.093074139726980754 -0.057828375271388469
leaf_weight=550 1114 65 577 486 274 50 174 500 663 41 49 781 124 1097 476 24 1174 73 50 495 242 88 353 613 508 25 129 65 293 28
leaf_count=550 1114 65 577 486 274 50 174 500 663 41 49 781 124 1097 476 24 1174 73 50 495 242 88 353 613 508 25 129 65 293 28
internal_value=0.00243043 -0.0777539 -0.11132 0.196502 0.256763 0.299541 0.210751 0.462323 -0.164729 0.122668 0.826936 -0.226767 -0.123931 -0.00911863 0.0519868 -0.111134 -0.0461309 0.399327 0.0625349 -0.290193 0.0949085 -0.0958361 0.133788 -0.176574 0.314926 0.572291 0.0546554 -0.0788274 0.198069 -0.421385
internal_weight=11181 7912 6777 3269 2307 1904 1232 672 4451 1135 99 2063 787 2326 962 2388 1198 573 1147 1276 1069 181 888 1190 682 66 403 1179 646 93
internal_count=11181 7912 6777 3269 2307 1904 1232 672 4451 1135 99 2063 787 2326 962 2388 1198 573 1147 1276 1069 181 888 1190 682 66 403 1179 646 93
is_linear=0
shrinkage=0.05


Tree=39
num_leaves=31
num_cat=0
split_feature=9 5 23 7 0 1 24 3 11 24 5 7 4 7 17 11 24 9 12 0 7 4 0 1 4 7 5 1 21 3
split_gain=62813.2 19403.3 13587.7 10295.7 8881.04 7554.99 12304.4 7159.07 5522.94 5185.52 4913.98 4711.77 10041.7 6492.23 3894.55 3560.75 4528.26 3543.3 3472.76 3414.95 3175.99 2737.5 2732.6 2365.43 2105.31 2236.07 2026.02 2136.22 1994.1 1922.11
threshold=-0.6035499870777129 0.15500000119209292 54.500000000000007 1020.7500000000001 24.849999427795414 80.500000000000014 348.75000000000006 67.500000000000014 -0.60784998536109913 691.25000000000011 -3.6850000619888301 1018.9500122070314 1.9950000047683718 1022.2500000000001 0.10549999773502351 -0.87834998965263356 324.58500671386724 0.3793999999761582 0.81174999475479137 20.050000190734867 1023.1499938964845 1.4550000429153445 23.44999980926514 59.500000000000007 0.20499999821186068 1024.7500000000002 1.9049999713897707 89.500000000000014 7.5499999523162851 178.50000000000003
decision_type=2 2 2 2 2 2 2 2 2 2 2 2 2 2 2 2 2 2 2 2 2 2 2 2 2 2 2 2 2 2
left_child=3 2 8 5 11 6 23 9 21 -8 -10 12 -3 17 -9 16 20 -13 -12 -15 -4 28 -5 -1 -17 -26 27 -7 -2 -28
right_child=1 4 15 22 -6 26 7 14 10 -11 18 13 -14 19 -16 24 -18 -19 -20 -21 -22 -23 -24 -25 25 -27 29 -29 -30 -31
leaf_value=0.56434189723088191 -0.27647746072849261 -0.2360565014308591 0.65021250315687873 -0.038843612559415819 0.47981338040395222 0.06583708411421918 0.31725530870209795 0.14243199625780109 -0.099697025493608038 0.10454983949545293 -0.2788293939825327 0.25012448314163893 0.21165990733734055 -0.14876249724297555 0.45048711432587196 0.024289971473570007 -0.087290846799378818 0.066202449300528862 -0.10995818829804352 0.049526055225818211 0.17880696438261454 -0.55463709924370053 0.14986091019272274 1.0838622334897519 -0.087615708294455252 0.31980639347008299 0.65132204172286123 -0.22705538335405751 -0.087615708294455252 0.14325272323917751
leaf_weight=39 160 417 66 506 110 269 456 128 727 771 1786 409 179 385 517 820 69 529 367 498 29 32 309 50 465 35 22 81 829 121
leaf_count=39 160 417 66 506 110 269 456 128 727 771 1786 409 179 385 517 820 69 529 367 498 29 32 309 50 465 35 22 81 829 121
internal_value=0.00230623 -0.07387 -0.127508 0.186676 0.0404322 0.237813 0.281801 0.254492 -0.176495 0.183599 -0.212092 0.0204356 -0.101591 0.0603741 0.389354 0.00126356 0.220993 0.151973 -0.250044 -0.0369304 0.444905 -0.0876157 0.032702 0.856207 -0.0260362 -0.0876157 0.0628425 -0.0019466 -0.0876157 0.221417
internal_weight=11181 7912 5385 3269 2527 2454 1961 1872 3901 1227 2880 2417 596 1821 645 1484 164 938 2153 883 95 1021 815 89 1320 500 493 350 989 143
internal_count=11181 7912 5385 3269 2527 2454 1961 1872 3901 1227 2880 2417 596 1821 645 1484 164 938 2153 883 95 1021 815 89 1320 500 493 350 989 143
is_linear=0
shrinkage=0.05


Tree=40
num_leaves=31
num_cat=0
split_feature=9 8 5 5 8 20 23 18 7 7 11 23 12 7 12 23 1 18 4 23 11 0 14 5 23 10 12 7 12 1
split_gain=56838.6 16604.3 11685.1 7192.64 6515.81 5940.62 4565.59 4457.08 4804.08 4404.95 4127.68 4026.25 3692.67 3591.08 3152.85 6523.57 3105.33 2869.51 4697.58 5792.82 4160.13 2292.47 2227.34 2226.51 2226.03 2201.38 2165.84 2575.61 2066.12 1892.74
threshold=1.0000000180025095e-35 503.50000000000006 0.2650000005960465 1.544999957084656 63.500000000000007 15.150000095367433 94.500000000000014 7.8500001430511483 1019.5499877929689 1021.7500000000001 -0.60784998536109913 21.500000000000004 -0.56175000965595234 1014.2500000000001 1.0000000180025095e-35 40.500000000000007 95.500000000000014 13.150000095367433 0.61500000953674328 49.500000000000007 -0.87834998965263356 22.44999980926514 33.000000000000007 3.7050000429153447 59.500000000000007 1.0000000180025095e-35 1.0000000180025095e-35 1016.2500000000001 0.81174999475479137 83.500000000000014
decision_type=2 2 2 2 2 2 2 2 2 2 2 2 2 2 2 2 2 2 2 2 2 2 2 2 2 2 2 2 2 2
left_child=1 3 10 4 16 6 22 29 23 -5 17 26 -7 -6 24 -16 -1 18 -2 -20 -19 -11 -3 -9 -13 -10 27 -12 -15 -4
right_child=2 5 7 9 13 12 -8 8 25 21 11 14 -14 28 15 -17 -18 20 19 -21 -22 -23 -24 -25 -26 -27 -28 -29 -30 -31
leaf_value=-0.047491163694683231 -0.082711764497677268 0.26327815286193784 -0.029143632933225357 0.14110683955312317 0.14110683955312317 0.82220912566260695 0.36279764543044002 -0.02211817489695006 0.058329784853502792 -0.080504268590328679 -0.62832519521518637 -0.24324205456388603 0.36279764543044002 0.0088293987676179072 -0.26380301909828024 -0.013961985898271634 -0.37157713155715899 -0.080556915682619662 -0.86739608223239584 -0.11885237355849572 0.22094181237089169 0.14110683955312317 0.14110683955312317 0.24357616566949425 -0.013379369248514589 0.26743949626355928 -0.54502528099786673 -0.26380301909828024 0.14110683955312317 -0.19947336454724157
leaf_weight=1411 359 216 356 708 309 63 317 334 235 347 49 1252 97 1063 229 621 78 312 48 56 154 121 1154 90 115 271 105 238 172 301
leaf_count=1411 359 216 356 708 309 63 317 334 235 347 49 1252 97 1063 229 621 78 312 48 56 154 121 1154 90 115 271 105 238 172 301
internal_value=0.0023322 0.106039 -0.120213 0.0511944 0.0101586 0.231019 0.203404 -0.00748578 0.0629427 0.141107 -0.170778 -0.203005 0.522192 0.0821269 -0.176887 -0.101271 -0.0644681 -0.0802731 -0.168433 -0.464334 0.00731871 -0.014353 0.163759 -0.0221182 -0.223905 0.170323 -0.350719 -0.279632 0.0333182 -0.107179
internal_weight=11181 6056 5125 4209 3033 1847 1687 1587 930 1176 3538 2609 160 1544 2217 850 1489 929 463 104 466 468 1370 424 1367 506 392 287 1235 657
internal_count=11181 6056 5125 4209 3033 1847 1687 1587 930 1176 3538 2609 160 1544 2217 850 1489 929 463 104 466 468 1370 424 1367 506 392 287 1235 657
is_linear=0
shrinkage=0.05


Tree=41
num_leaves=31
num_cat=0
split_feature=9 5 9 7 5 3 0 7 20 24 0 3 5 12 0 0 7 17 3 7 7 7 12 12 7 17 8 17 17 1
split_gain=52467.9 16150.3 10973.4 8963.34 6312.78 9110.67 7322.31 5425.5 5127.99 4726.51 4495.28 4431.11 4663.85 5676.77 3468.87 3459.73 3791.02 3373.94 2999.79 2996.14 2752.93 2659.42 6793.74 3486.74 3014.81 2719.94 2576.52 2433.88 2264.64 2067.47
threshold=-0.6035499870777129 2.6049998998641972 1.0000000180025095e-35 1020.0499877929689 -1.705000042915344 185.50000000000003 26.650000572204593 1014.0499877929689 13.34999990463257 780.41500854492199 25.050000190734867 285.50000000000006 -2.4350000619888301 1.0000000180025095e-35 22.94999980926514 15.949999809265138 1019.5499877929689 0.14449999481439593 63.500000000000007 1023.1499938964845 1018.5499877929689 1016.9500122070314 0.81174999475479137 1.0000000180025095e-35 1024.350036621094 0.11950000002980234 74.500000000000014 0.11549999937415124 0.12949999421834948 91.500000000000014
decision_type=2 2 2 2 2 2 2 2 2 2 2 2 2 2 2 2 2 2 2 2 2 2 2 2 2 2 2 2 2 2
left_child=3 2 17 4 6 7 -1 8 -6 28 21 15 13 -13 -5 -4 -17 26 -9 -14 -7 22 -3 24 -23 -25 29 -12 -8 -2
right_child=1 10 11 14 5 20 9 18 -10 -11 27 12 19 -15 -16 16 -18 -19 -20 -21 -22 23 -24 25 -26 -27 -28 -29 -30 -31
leaf_value=0.045244945271357202 -0.042819537896877181 -0.38978912914472241 -0.71994491869753063 -0.051015241514534959 0.40809921759366996 -0.050614571997430184 0.36663043739773882 0.10353192586328958 1.1241994066238403 0.16016458149799917 0.29546519659394543 -0.15821450757168987 -0.28565485679796193 0.21037278314151112 0.13888683368944948 -0.15293663580112449 -0.026352737185580507 0.47902021339961465 0.41772136888487027 -0.063993098567855553 0.2751999655037845 0.29546519659394543 0.22309862315146761 -0.0016791954440917791 -0.062527033017165431 0.29546519659394543 0.038969702784787771 0.89771791839599624 0.85141365711505612 -0.24749902770721488
leaf_weight=711 1039 93 22 486 50 160 328 91 50 322 41 663 1099 124 476 1190 1176 35 460 177 109 300 88 476 69 43 1112 25 26 140
leaf_count=711 1039 93 22 486 50 160 328 91 50 322 41 663 1099 124 476 1190 1176 35 460 177 109 300 88 476 69 43 1112 25 26 140
internal_value=0.00265748 -0.0669636 -0.0961982 0.171162 0.224626 0.326181 0.157265 0.427324 0.766149 0.275084 0.107594 -0.142192 -0.195866 -0.10014 0.0429488 -0.0958225 -0.0900192 -0.00818545 0.365832 -0.254907 0.0814069 0.0828689 -0.0918106 0.118474 0.235975 0.0349319 -0.0156286 0.508062 0.402236 -0.0671241
internal_weight=11181 7912 6777 3269 2307 920 1387 651 100 676 1135 4451 2063 787 962 2388 2366 2326 551 1276 269 1069 181 888 369 519 2291 66 354 1179
internal_count=11181 7912 6777 3269 2307 920 1387 651 100 676 1135 4451 2063 787 962 2388 2366 2326 551 1276 269 1069 181 888 369 519 2291 66 354 1179
is_linear=0
shrinkage=0.05


Tree=42
num_leaves=31
num_cat=0
split_feature=9 5 23 7 0 1 24 5 0 5 17 7 11 24 0 4 0 23 7 18 12 7 5 7 11 8 0 7 7 11
split_gain=47280 14803 9976.98 8073.15 7029.38 5729.1 10976.6 6284.7 4728.2 4645.22 4384.05 4140.08 3224.85 3994.97 3145.48 3140.97 4016.1 2969.31 2918.26 2861.37 2688.03 2277.09 1986.22 1958.73 2900.21 2118.13 1882.59 1735.11 1701.6 1538.86
threshold=-0.6035499870777129 0.15500000119209292 54.500000000000007 1020.0499877929689 24.849999427795414 82.500000000000014 348.75000000000006 -1.0950000286102293 26.650000572204593 -3.254999995231628 0.10549999773502351 1013.8500061035157 -0.87834998965263356 324.58500671386724 23.44999980926514 0.10500000044703485 19.050000190734867 12.500000000000002 1023.1499938964845 7.1499998569488534 -0.56175000965595234 1019.2500000000001 0.86500000953674328 1024.049987792969 1.0000000180025095e-35 546.50000000000011 23.349999427795414 1018.9500122070314 1022.5499877929689 -1.0000000180025095e-35
decision_type=2 2 2 2 2 2 2 2 2 2 2 2 2 2 2 2 2 2 2 2 2 2 2 2 2 2 2 2 2 2
left_child=3 2 9 5 11 6 19 8 -8 27 -9 -3 13 18 -5 21 -17 -11 -4 -1 -19 -13 26 25 -25 -14 -7 -2 -6 -16
right_child=1 4 12 14 28 22 7 10 -10 17 -12 15 23 -15 29 16 -18 20 -20 -21 -22 -23 -24 24 -26 -27 -28 -29 -30 -31
leaf_value=0.61107988243593891 -0.076231689767539371 -0.43176498103141792 0.617576104221922 -0.031304978654517153 0.54736600177628658 -0.20809437200427056 0.061511151607785579 0.09522812527806862 0.2535422778611448 -0.48177573160193438 0.44456657154576446 -0.36234475969172575 -0.076231689767539371 -0.076231689767539371 0.06143068858709632 -0.098422689617165604 0.087841520565524259 -0.2711446465517921 0.17156652463074584 1.2366468849182128 -0.15119440557265451 -0.045390909885001537 0.20011217480987536 0.44296811439518663 -0.048847499910904014 0.052810196962371631 0.065309654319665719 -0.24797680114939713 0.22282759201369437 0.24889218912492345
leaf_weight=68 1327 50 66 588 84 100 608 115 678 87 410 68 812 69 173 353 1606 645 29 25 1693 340 133 53 69 386 170 149 26 201
leaf_count=68 1327 50 66 588 84 100 608 115 678 87 410 68 812 69 173 353 1606 645 29 25 1693 340 133 53 69 386 170 149 26 201
internal_value=0.00252435 -0.0635652 -0.110415 0.162482 0.0362718 0.213221 0.249471 0.222266 0.162753 -0.152392 0.368045 0.0184815 -7.15755e-05 0.209038 0.0408013 0.0279924 0.0542778 -0.194959 0.419365 0.779243 -0.184286 -0.0982166 0.0419556 -0.0260518 0.16481 -0.0454885 -0.0359511 -0.0824563 0.427174 0.154166
internal_weight=11181 7912 5385 3269 2527 2307 1904 1811 1286 3901 525 2417 1484 164 962 2367 1959 2425 95 93 2338 408 403 1320 122 1198 270 1476 110 374
internal_count=11181 7912 5385 3269 2527 2307 1904 1811 1286 3901 525 2417 1484 164 962 2367 1959 2425 95 93 2338 408 403 1320 122 1198 270 1476 110 374
is_linear=0
shrinkage=0.05


Tree=43
num_leaves=31
num_cat=0
split_feature=1 9 5 24 3 11 24 20 7 5 0 1 20 0 3 5 11 11 8 7 7 4 4 18 17 7 23 11 10 5
split_gain=42936.5 14670.3 10582.3 9395.61 5689.83 5444.04 6831 4587.93 4356.75 4329.36 4974 4211.1 3884.58 3658.64 3560.16 3178.2 2874.45 2869.67 3255.95 2713.19 2572.04 2435.59 2403.71 2284.27 2242.24 2191.39 2170.86 2062.24 3031.95 2091.47
threshold=81.500000000000014 -0.6035499870777129 2.6049998998641972 348.75000000000006 285.50000000000006 0.60784998536109935 856.25000000000011 7.6499998569488534 1018.1499938964845 -0.38499999046325678 24.849999427795414 97.500000000000014 8.1500000953674334 16.94999980926514 334.50000000000006 -3.4850000143051143 0.60784998536109935 1.0000000180025095e-35 452.50000000000006 1023.1499938964845 1016.1499938964845 0.69499999284744274 2.4550000429153447 7.1499998569488534 0.11450000107288362 1013.3500061035157 56.500000000000007 -0.87834998965263356 1.0000000180025095e-35 6.3849999904632577
decision_type=2 2 2 2 2 2 2 2 2 2 2 2 2 2 2 2 2 2 2 2 2 2 2 2 2 2 2 2 2 2
left_child=1 3 4 23 7 6 8 13 -5 17 19 14 -13 -2 26 -7 21 18 -3 22 -17 -9 -11 -1 -20 -15 -6 28 -4 -29
right_child=2 9 27 5 11 15 -8 16 -10 10 -12 12 -14 25 -16 20 -18 -19 24 -21 -22 -23 -24 -25 -26 -27 -28 29 -30 -31
leaf_value=0.54138940400198887 -0.75153381939117736 -0.047683158635083794 0.65706098284040182 0.40482168884088215 -0.28872029101098301 0.22166018247131319 0.11047860992113184 -0.034780575696660238 0.20716631268527064 0.17299945975355732 0.39268709118734668 -0.80710804700851446 -0.21037812762738517 -0.38243852567214232 -0.1122340555399934 0.27322655900497922 -0.10036137115620039 -0.11391905617819338 0.064203924625960099 -0.053749184552253339 -0.067928112515866168 0.1045083618145257 -0.051651151915295769 1.119936921379783 0.34626636210054457 -0.12357810272794703 -0.033896139325554839 0.039428829204462883 -0.11466574496589602 0.42523895244340643
leaf_weight=76 26 561 35 520 604 189 835 1278 488 503 127 50 60 91 1228 64 497 622 233 342 404 416 156 22 101 805 97 694 20 37
leaf_count=76 26 561 35 520 604 189 835 1278 488 503 127 50 60 91 1228 64 497 622 233 342 404 416 156 22 101 805 97 694 20 37
internal_value=0.00235095 0.106624 -0.0897179 0.191015 -0.115789 0.172189 0.216242 -0.0732636 0.303854 0.0237333 0.0979168 -0.180714 -0.481619 -0.166835 -0.163555 0.0486108 -0.0338874 -0.0314275 0.0259019 0.0605184 -0.0212745 -0.000575028 0.11982 0.671267 0.149498 -0.149869 -0.253459 0.0811721 0.376433 0.0589568
internal_weight=11181 5243 5938 2598 5152 2500 1843 3113 1008 2645 1128 2039 110 922 1929 657 2191 1517 895 1001 468 1694 659 98 334 896 701 786 55 731
internal_count=11181 5243 5938 2598 5152 2500 1843 3113 1008 2645 1128 2039 110 922 1929 657 2191 1517 895 1001 468 1694 659 98 334 896 701 786 55 731
is_linear=0
shrinkage=0.05


Tree=44
num_leaves=31
num_cat=0
split_feature=9 8 5 5 7 20 10 7 8 7 20 12 8 14 7 12 0 5 18 7 23 3 12 9 11 11 5 23 1 1
split_gain=39261 11241.5 7815.04 5460.04 4563.93 4351.43 3589.05 3371.97 3284.71 3240.15 3222.03 3118.8 2713.48 2309.15 2267.37 6190.9 3869.58 2240.05 7127.29 4063.21 3228.07 2997.38 2705.49 2079.69 2533.19 2079.43 2049.8 3862.64 2040.85 1871.56
threshold=1.0000000180025095e-35 503.50000000000006 2.6049998998641972 1.544999957084656 1015.4500122070314 15.150000095367433 -1.0000000180025095e-35 1012.8500061035157 2.5000000000000004 1022.2500000000001 10.949999809265138 -0.56175000965595234 63.500000000000007 33.000000000000007 1016.9500122070314 0.81174999475479137 20.849999427795414 0.10500000044703485 12.949999809265138 1018.9500122070314 21.500000000000004 246.50000000000003 -0.56175000965595234 0.91595000028610241 1.0000000180025095e-35 0.60784998536109935 -2.3950001001358028 44.500000000000007 95.500000000000014 79.500000000000014
decision_type=2 2 2 2 2 2 2 2 2 2 2 2 2 2 2 2 2 2 2 2 2 2 2 2 2 2 2 2 2 2
left_child=1 3 6 4 10 7 8 -3 26 -5 -1 -7 28 -9 15 23 -16 20 19 -19 25 -20 -22 24 -4 -8 -2 -28 -6 -17
right_child=2 5 14 9 12 11 17 13 -10 -11 -12 -13 -14 -15 16 29 -18 18 21 -21 22 -23 -24 -25 -26 -27 27 -29 -30 -31
leaf_value=-0.021421869630945268 -0.16103879077339145 0.30391555322807012 -0.98128771131688897 0.11715111809744912 -0.066843904849223229 0.71746727464691051 -0.19528873296799704 0.28795480191855966 -0.096123455925473555 -0.031024626437958676 0.11715111809744912 0.30391555322807012 0.023980974325853402 0.11715111809744912 0.0062896820186925974 -0.01434457880323348 0.2947317072668591 -0.45006162830089269 0.17999866879832599 -0.034636529258869848 -0.17235379195639733 0.77873287269224722 -0.040697059026344594 -0.031785791686602997 -0.31028423278759693 -0.49285191464282224 -0.35665211244036793 -0.16103879077339145 -0.33232186330148045 0.45023539462467527
leaf_weight=421 388 194 22 788 1007 63 105 226 822 388 363 97 1164 1267 313 46 185 76 162 261 598 24 1123 28 39 84 518 290 78 41
leaf_count=421 388 194 22 788 1007 63 105 226 822 388 363 97 1164 1267 313 46 185 76 162 261 598 24 1123 28 39 84 518 290 78 41
internal_value=0.002105 0.0882964 -0.0997438 0.0431698 0.00716959 0.191132 -0.12377 0.167498 -0.17307 0.117151 0.111052 0.440334 -0.0290436 0.140593 0.0589235 -0.0953387 0.113442 -0.08288 0.00880412 -0.128323 -0.107985 0.257255 -0.0864441 -0.388533 -0.552285 -0.304133 -0.225954 -0.273198 -0.085929 0.204595
internal_weight=11181 6056 5125 4209 3033 1847 4451 1687 2018 1176 784 160 2249 1493 674 176 498 2433 523 337 1910 186 1721 89 61 189 1196 808 1085 87
internal_count=11181 6056 5125 4209 3033 1847 4451 1687 2018 1176 784 160 2249 1493 674 176 498 2433 523 337 1910 186 1721 89 61 189 1196 808 1085 87
is_linear=0
shrinkage=0.05


Tree=45
num_leaves=31
num_cat=0
split_feature=9 8 5 5 7 20 12 5 10 21 7 8 1 23 7 7 1 5 18 23 7 12 0 9 11 5 23 0 1 23
split_gain=35780.7 9940.98 7027.43 5092.25 4333.08 4039.45 4464.24 3463.7 3201.72 3019.35 2920.83 2917.03 2531.81 3000.34 2423.8 2321.46 2123.32 2343 7135.29 3150.33 2046.3 5587.29 3492.3 1876.92 2286.2 1867.54 3547.16 1801.83 1689.08 1606.66
threshold=1.0000000180025095e-35 503.50000000000006 2.6049998998641972 1.544999957084656 1015.4500122070314 10.34999990463257 1.0000000180025095e-35 -2.8649998903274532 -1.0000000180025095e-35 12.050000190734865 1021.7500000000001 2.5000000000000004 86.500000000000014 60.500000000000007 1020.1499938964845 1017.1499938964845 97.500000000000014 0.10500000044703485 12.949999809265138 21.500000000000004 1016.9500122070314 0.81174999475479137 20.849999427795414 0.91595000028610241 1.0000000180025095e-35 -2.3950001001358028 46.500000000000007 22.44999980926514 79.500000000000014 91.500000000000014
decision_type=2 2 2 2 2 2 2 2 2 2 2 2 2 2 2 2 2 2 2 2 2 2 2 2 2 2 2 2 2 2
left_child=1 3 8 4 9 29 7 -7 11 -1 -5 25 13 -6 -9 -14 17 19 -19 -10 21 23 -22 24 -4 -2 -27 -12 -23 -3
right_child=2 5 20 10 12 6 -8 14 16 -11 27 -13 15 -15 -16 -17 -18 18 -20 -21 22 28 -24 -25 -26 26 -28 -29 -30 -31
leaf_value=-0.066022784868646572 -0.15249168108453939 0.11216443871181879 -0.93222332000732422 0.11216443871181879 -0.064249281149075799 0.19776585531276716 0.19237222860519579 0.5677489424514216 -0.28775637334104254 0.11216443871181879 -0.076092950957867542 -0.091317283246244718 -0.34777754407179984 0.067481855114626232 0.19237222860519579 -0.074379312149742069 -0.29642606889393841 -0.11559419105775824 0.28325714308937844 -0.072260643489010234 0.0059751964703101089 -0.013627350411337356 0.27999512661047077 -0.03019650323050363 -0.29477001026463817 -0.33598099231928868 -0.15249168108453939 0.11216443871181879 0.4277236231398292 0.19237222860519579
leaf_weight=238 388 881 22 708 866 142 408 215 189 546 347 822 95 863 27 425 107 309 176 1652 313 46 185 28 39 535 273 121 41 174
leaf_count=238 388 881 22 708 866 142 408 215 189 546 347 822 95 863 27 425 107 309 176 1652 313 46 185 28 39 535 273 121 41 174
internal_value=0.00274755 0.0850301 -0.0944824 0.042594 0.00769401 0.181735 0.267077 0.393803 -0.117266 0.108915 0.112164 -0.163829 -0.0275914 0.001502 0.508833 -0.124327 -0.0786451 -0.0686268 0.0291436 -0.0943838 0.0559773 -0.0905718 0.10777 -0.369106 -0.524671 -0.213666 -0.258876 -0.0168803 0.194366 0.117668
internal_weight=11181 6056 5125 4209 3033 1847 792 384 4451 784 1176 2018 2249 1729 242 520 2433 2326 485 1841 674 176 498 89 61 1196 808 468 87 1055
internal_count=11181 6056 5125 4209 3033 1847 792 384 4451 784 1176 2018 2249 1729 242 520 2433 2326 485 1841 674 176 498 89 61 1196 808 468 87 1055
is_linear=0
shrinkage=0.05


Tree=46
num_leaves=31
num_cat=0
split_feature=9 5 23 7 0 5 7 0 1 11 20 24 18 7 5 8 11 24 12 7 8 11 0 23 2 10 7 11 17 4
split_gain=33060.3 10436.8 6597.17 6210.65 5017.43 4699.77 6632.64 4827.62 4193.08 3987.32 3893.86 3683.9 3552.15 4643.68 3374.44 2875.59 2712.03 3391.68 2707.89 2544.06 2535.83 2084.07 1993.05 1945.99 1910.3 1862.94 1788.76 2522.21 1699.17 1656.12
threshold=-0.6035499870777129 0.15500000119209292 54.500000000000007 1020.8500061035157 24.849999427795414 -1.705000042915344 1014.3500061035157 26.650000572204593 80.500000000000014 -0.60784998536109913 14.550000190734865 780.41500854492199 8.9499998092651385 1018.8500061035157 -3.6850000619888301 15.500000000000002 -0.87834998965263356 324.58500671386724 0.81174999475479137 1023.1499938964845 639.50000000000011 0.60784998536109935 28.750000000000004 44.500000000000007 6.0450000762939462 1.0000000180025095e-35 1024.049987792969 1.0000000180025095e-35 0.15149999409914019 1.4550000429153445
decision_type=2 2 2 2 2 2 2 2 2 2 2 2 2 2 2 2 2 2 2 2 2 2 2 2 2 2 2 2 2 2
left_child=3 2 9 5 12 7 10 -1 24 29 20 22 15 -14 -11 23 17 19 -16 -4 -7 -10 -9 -3 -8 -15 28 -28 -18 -2
right_child=1 4 16 -5 -6 6 8 11 21 14 -12 -13 13 25 18 -17 26 -19 -20 -21 -22 -23 -24 -25 -26 -27 27 -29 -30 -31
leaf_value=0.031280828530782852 -0.063642849797386755 -0.30856016103951439 0.57061181023265373 0.015345523654594549 0.36198503375561403 -0.028932220681949901 0.30187586145204248 0.22525133911379946 -0.057946980339393286 -0.063642849797386755 0.90571043103419502 0.12287938281822425 0.01657375672904815 0.056672295243026138 -0.21355118126107375 0.01657375672904815 -0.053153405713510363 -0.063642849797386755 -0.064431790420366827 0.16016610421597965 0.60926848145331469 0.23124825908821456 0.44405804187632525 -0.076457965988350932 -0.088569837266748608 0.18934209151077008 0.41625436195787402 -0.042392394794286165 0.34804217092416906 -0.45178534872829917
leaf_weight=762 989 106 66 795 110 27 618 174 171 727 58 325 403 311 1786 490 1171 69 367 29 26 98 182 610 33 497 53 69 27 32
leaf_count=762 989 106 66 795 110 27 618 174 171 727 58 325 403 311 1786 490 1171 69 367 29 26 98 182 610 33 497 53 69 27 32
internal_value=0.00316365 -0.052101 -0.0914398 0.136921 0.0317294 0.175989 0.257518 0.117738 0.213467 -0.125574 0.622622 0.214478 0.0166991 0.0771885 -0.156682 -0.044041 -0.00171205 0.190051 -0.188132 0.383975 0.312827 0.0474104 0.327623 -0.110819 0.282084 0.157551 -0.0255372 0.156856 -0.0441114 -0.0636428
internal_weight=11181 7912 5385 3269 2527 2474 1031 1443 920 3901 111 681 2417 1211 2880 1206 1484 164 2153 95 53 269 356 716 651 808 1320 122 1198 1021
internal_count=11181 7912 5385 3269 2527 2474 1031 1443 920 3901 111 681 2417 1211 2880 1206 1484 164 2153 95 53 269 356 716 651 808 1320 122 1198 1021
is_linear=0
shrinkage=0.05


Tree=47
num_leaves=31
num_cat=0
split_feature=1 9 5 24 11 24 3 1 5 7 20 20 12 0 3 18 23 11 5 0 7 11 7 10 0 7 8 7 17 3
split_gain=29819.2 10371 7473.95 7372.43 4487.79 5454.81 4130.44 3610 3430.51 3670.67 3388.47 3372.94 3297.97 3102.64 2946.31 2860.57 3889.05 2815.45 2753.56 2747.86 2518.73 2326.15 2141.11 2116.86 2568.88 2080.12 2063.54 1917.98 1734.56 1729.47
threshold=81.500000000000014 -0.6035499870777129 2.9450000524520878 348.75000000000006 0.60784998536109935 966.25000000000011 285.50000000000006 97.500000000000014 -0.38499999046325678 1023.1499938964845 7.6499998569488534 8.1500000953674334 -0.56175000965595234 16.94999980926514 334.50000000000006 21.349999427795414 45.500000000000007 -0.87834998965263356 -3.4850000143051143 25.349999427795414 1018.6499938964845 0.60784998536109935 1016.1499938964845 1.0000000180025095e-35 20.150000572204593 1013.5499877929689 539.50000000000011 1013.3500061035157 0.1134999990463257 218.50000000000003
decision_type=2 2 2 2 2 2 2 2 2 2 2 2 2 2 2 2 2 2 2 2 2 2 2 2 2 2 2 2 2 2
left_child=1 3 6 25 5 20 10 14 15 12 13 -9 19 -2 -8 26 -17 -4 -6 -10 -5 29 -20 -19 -25 -1 -3 -15 -14 -12
right_child=2 8 17 4 18 -7 7 11 9 -11 21 -13 28 27 -16 16 -18 23 22 -21 -22 -23 -24 24 -26 -27 -28 -29 -30 -31
leaf_value=0.831250842757847 -0.67593308182863099 -0.080581320913072754 0.5136461036279798 0.29969131720287767 0.19311308905324609 0.046662341784254352 -0.2152966542028624 -0.73129675614833833 0.2310343477451666 -0.049014158956424719 -0.01994299741849314 -0.17525151940683525 0.023241629336094978 -0.33639451540372473 -0.086822100297729132 0.16386313811970549 0.90592834608895445 -0.034362552377485464 0.23568935063667595 0.720316201990301 0.16096063213741507 -0.081158496420225171 -0.075576853675601796 -0.053784261563054797 0.24606913806334751 0.36967104283662944 0.047119511523405495 -0.098252678487015799 0.23306337225869411 0.10461589141545453
leaf_weight=46 26 1013 36 736 189 518 701 50 220 347 1399 60 397 94 1228 23 21 310 64 33 589 520 404 106 219 52 460 841 131 348
leaf_count=46 26 1013 36 736 189 518 701 50 220 347 1399 60 397 94 1228 23 21 310 64 33 589 520 404 106 219 52 460 841 131 348
internal_value=0.00306324 0.0899609 -0.0736636 0.160916 0.14424 0.184238 -0.0936855 -0.149397 0.0202666 0.0863017 -0.0584948 -0.427999 0.146423 -0.137176 -0.13351 -0.0288352 0.368428 0.0834976 0.0320387 0.294854 0.238022 -0.0251413 -0.0330105 0.0591112 0.148271 0.586331 -0.0407019 -0.122194 0.0752997 0.00486896
internal_weight=11181 5243 5938 2598 2500 1843 5267 2039 2645 1128 3228 110 781 961 1929 1517 44 671 657 253 1325 2267 468 635 325 98 1473 935 528 1747
internal_count=11181 5243 5938 2598 2500 1843 5267 2039 2645 1128 3228 110 781 961 1929 1517 44 671 657 253 1325 2267 468 635 325 98 1473 935 528 1747
is_linear=0
shrinkage=0.05


Tree=48
num_leaves=31
num_cat=0
split_feature=9 8 5 5 11 1 7 5 7 10 8 4 11 11 1 7 11 18 23 7 7 1 5 18 23 7 10 5 7 5
split_gain=27094.9 7666.44 5414 5329.69 4979.11 5842.28 3929.53 4600.31 3069.05 2799.13 2388.29 2371.5 2256.23 1943.29 1866.4 1846.46 1791.57 2750.22 2586.19 4311.17 1777.97 2655.23 1772.57 5945.12 2772.08 1753.11 1440.39 1410.73 1410.48 1360.61
threshold=1.0000000180025095e-35 661.50000000000011 -2.5449999570846553 2.6049998998641972 0.60784998536109935 86.500000000000014 1021.7500000000001 -3.504999995231628 1016.0499877929689 -1.0000000180025095e-35 18.500000000000004 1.1950000524520876 0.60784998536109935 -0.87834998965263356 97.500000000000014 1025.350036621094 0.60784998536109935 12.949999809265138 27.500000000000004 1019.4500122070314 1018.2500000000001 91.500000000000014 0.10500000044703485 12.949999809265138 21.500000000000004 1014.7500000000001 0.78654998540878307 -2.3950001001358028 1014.0499877929689 -0.50499999523162831
decision_type=2 2 2 2 2 2 2 2 2 2 2 2 2 2 2 2 2 2 2 2 2 2 2 2 2 2 2 2 2 2
left_child=1 4 -3 9 5 6 7 -1 -6 10 15 -10 28 -8 22 27 18 25 19 -5 21 -7 24 -24 -11 -18 -20 -2 -4 -12
right_child=3 2 12 16 8 20 13 -9 11 14 29 -13 -14 -15 -16 -17 17 -19 26 -21 -22 -23 23 -25 -26 -27 -28 -29 -30 -31
leaf_value=-0.0033863733075075336 -0.13206797405626852 0.13403692967236377 0.64573625549674041 -0.72990298785624053 0.13403692967236377 -0.050276836331286837 -0.14275199554006879 0.13403692967236377 -0.081275414900951165 -0.25996689973842529 -0.12218111177759815 0.112597900284353 0.13403692967236377 0.051766843470009066 -0.26974379631264189 -0.5755415534973144 -0.43760703111949728 0.3174606108810844 0.25472399309580018 0.052474104712178948 0.012281584172021777 -0.39913292961356084 -0.10324728911302526 0.26082323853519157 -0.057821501036962167 -0.062151932655370723 0.059998449125531372 -0.21889880942352163 0.37555786211062508 0.0195252503932591
leaf_weight=616 401 525 64 21 189 167 162 1772 1105 189 521 184 39 619 107 30 38 41 234 109 336 81 309 176 1652 171 60 815 197 251
leaf_count=616 401 525 64 21 189 167 162 1772 1105 189 521 184 39 619 107 30 38 41 234 109 336 81 309 176 1652 171 60 815 197 251
internal_value=0.00277646 0.0743789 0.216036 -0.0818332 0.0520376 0.0826503 0.109431 0.134037 -0.0256955 -0.101675 -0.145212 -0.0536007 0.386242 0.0114185 -0.0655635 -0.188028 0.0491975 -0.0569647 0.111793 -0.0739099 -0.0626702 -0.164218 -0.0561708 0.028869 -0.0785741 -0.130416 0.193907 -0.178467 0.441809 -0.0761082
internal_weight=11181 6056 825 5125 5231 3753 3169 2388 1478 4451 2018 1289 300 781 2433 1246 674 250 424 130 584 248 2326 485 1841 209 294 1216 261 772
internal_count=11181 6056 825 5125 5231 3753 3169 2388 1478 4451 2018 1289 300 781 2433 1246 674 250 424 130 584 248 2326 485 1841 209 294 1216 261 772
is_linear=0
shrinkage=0.05


Tree=49
num_leaves=31
num_cat=0
split_feature=9 1 5 5 7 20 7 8 11 11 18 8 3 1 5 7 11 5 24 5 0 8 5 0 20 24 11 23 3 11
split_gain=24990.3 8199.56 5353.33 5082.66 4971.19 8611.89 4297.95 3555.18 3457.75 3362.54 4215.12 3151.11 2634.75 2572.86 2467.94 3756.35 3015.57 2683.01 2462.61 2430.32 2729.9 2353.89 2323.69 2200.42 2105.23 1930.42 1691.68 1442.98 1809.51 1233.66
threshold=-0.6035499870777129 86.500000000000014 -0.33500000834465021 5.2550001144409189 1014.1499938964845 14.550000190734865 1023.2500000000001 604.50000000000011 0.60784998536109935 -0.60784998536109913 21.349999427795414 661.50000000000011 117.50000000000001 65.500000000000014 -4.629999876022338 1016.1499938964845 -0.60784998536109913 -3.0149999856948848 700.41500854492199 1.7749999761581423 20.650000572204593 330.50000000000006 -2.0949999094009395 21.050000190734867 8.8499999046325701 275.41499328613287 1.0000000180025095e-35 57.500000000000007 204.50000000000003 -0.87834998965263356
decision_type=2 2 2 2 2 2 2 2 2 2 2 2 2 2 2 2 2 2 2 2 2 2 2 2 2 2 2 2 2 2
left_child=4 2 9 14 5 7 8 -1 23 10 25 19 29 26 -3 17 -17 -16 -9 21 -21 -6 -13 -4 -10 -2 -11 -8 -29 -7
right_child=1 3 6 -5 11 12 27 18 24 13 -12 22 -14 -15 15 16 -18 -19 -20 20 -22 -23 -24 -25 -26 -27 -28 28 -30 -31
leaf_value=0.077245534617345693 0.13804123468032392 0.047446611354993701 0.070135044409142464 0.31761987565292255 -0.03346344823560006 1.2125134728171609 -0.20511860688852651 0.43243615266587593 -0.17881306751050813 0.15772061925980518 0.658237154356071 0.13609862002596748 0.43243615266587593 -0.10504889187298172 -0.12870217906532619 -0.0026125038587630576 -0.12275194961531921 -0.34403850682978088 0.20340820605266174 -0.10242055865625542 0.13609862002596748 0.098405551676586517 0.36584695838031273 0.21688032654905159 0.18942945237719902 -0.047399498977964478 -0.060154992820675018 -0.082504523382945505 0.18156755790114404 0.71956957976023361
leaf_weight=379 241 243 439 72 790 22 126 122 138 171 28 283 38 1510 297 687 2179 282 99 120 639 592 155 611 54 336 186 220 92 30
leaf_count=379 241 243 439 72 790 22 126 122 138 171 28 283 38 1510 297 687 2179 282 99 120 639 592 155 611 54 336 186 220 92 30
internal_value=0.00310132 -0.0449472 0.00349093 -0.0984352 0.119394 0.238599 0.0723598 0.170185 0.119852 -0.0433131 0.0591278 0.087501 0.694687 -0.0765091 -0.106558 -0.117421 -0.0939537 -0.233581 0.329571 0.062503 0.134386 0.0230246 0.209694 0.155527 -0.0752449 0.0300549 0.0442056 -0.0623099 -0.00463711 0.928123
internal_weight=11181 7912 4152 3760 3269 690 1680 600 1242 2472 605 2579 90 1867 3688 3445 2866 579 221 2141 759 1382 438 1050 192 577 357 438 312 52
internal_count=11181 7912 4152 3760 3269 690 1680 600 1242 2472 605 2579 90 1867 3688 3445 2866 579 221 2141 759 1382 438 1050 192 577 357 438 312 52
is_linear=0
shrinkage=0.05


Tree=50
num_leaves=31
num_cat=0
split_feature=9 8 5 5 11 1 7 5 7 10 23 1 3 4 7 11 1 11 1 4 23 7 12 0 9 11 1 21 1 18
split_gain=22661.7 6061.73 4522.92 4400.66 4289.61 4959.22 3477.84 3740.1 2709.01 2522.84 2158.74 2914.69 2579.73 2061.46 2052.24 2009.29 1808.18 1748.33 1657.83 1629.25 1666.01 1615.38 4227.88 2663.82 1684.93 2200.09 1542.81 1492.58 1476.28 1434.76
threshold=1.0000000180025095e-35 661.50000000000011 -2.5449999570846553 2.6049998998641972 0.60784998536109935 86.500000000000014 1021.7500000000001 -3.504999995231628 1016.0499877929689 -1.0000000180025095e-35 46.500000000000007 90.500000000000014 210.50000000000003 0.97500002384185802 1025.2500000000002 0.60784998536109935 96.500000000000014 -0.87834998965263356 97.500000000000014 1.685000002384186 74.500000000000014 1016.9500122070314 0.81174999475479137 20.94999980926514 0.91595000028610241 1.0000000180025095e-35 97.500000000000014 14.550000190734865 79.500000000000014 10.449999809265138
decision_type=2 2 2 2 2 2 2 2 2 2 2 2 2 2 2 2 2 2 2 2 2 2 2 2 2 2 2 2 2 2
left_child=1 4 -3 9 5 6 7 -1 -6 10 11 14 -13 -10 -2 -4 29 -8 19 20 -11 22 24 -23 25 -5 -7 -18 -24 -12
right_child=3 2 15 21 8 26 17 -9 13 18 16 12 -14 -15 -16 -17 27 -19 -20 -21 -22 23 28 -25 -26 -27 -28 -29 -30 -31
leaf_value=-0.0033789669036526577 -0.11248002935830273 0.12157479360867607 0.40330884573602932 -0.87496819821271021 0.12157479360867607 -0.036293808010174386 -0.1374746075483545 0.12157479360867607 -0.078289733247296309 -0.065914348240800349 -0.10792491042963048 -0.11248002935830273 -0.32098559406518828 0.09069857598896125 -0.52715950330098471 0.12157479360867607 -0.059586490690708163 0.04702872946438634 -0.25051615688967233 0.1206932379647081 0.23819703948886498 0.0074934791879325245 -0.032066643600473586 0.25137335947331263 -0.0066623564277376451 -0.2496356609540108 -0.37867662753377646 0.53101401795511671 0.38054670106347016 0.13801637496521224
leaf_weight=616 776 525 261 22 189 549 162 1772 1072 2147 516 170 416 217 30 39 20 619 107 133 46 328 46 170 28 39 35 23 41 67
leaf_count=616 776 525 261 22 189 549 162 1772 1072 2147 516 170 416 217 30 39 20 619 107 133 46 328 46 170 28 39 35 23 41 67
internal_value=0.00304336 0.0685266 0.194489 -0.0743355 0.0486606 0.0770748 0.101748 0.121575 -0.0234898 -0.0923649 -0.133698 -0.168378 -0.253394 -0.049841 -0.11248 0.350292 -0.0565824 0.00875787 -0.0580822 -0.0492299 -0.0595354 0.0447286 -0.0854789 0.0907456 -0.327771 -0.475165 -0.0568133 0.256316 0.162383 -0.0796606
internal_weight=11181 6056 825 5125 5231 3753 3169 2388 1478 4451 2018 1392 586 1289 806 300 626 781 2433 2326 2193 674 176 498 89 61 584 43 87 583
internal_count=11181 6056 825 5125 5231 3753 3169 2388 1478 4451 2018 1392 586 1289 806 300 626 781 2433 2326 2193 674 176 498 89 61 584 43 87 583
is_linear=0
shrinkage=0.05


Tree=51
num_leaves=31
num_cat=0
split_feature=9 5 1 7 2 12 8 11 4 7 7 7 0 12 17 23 18 7 11 7 5 17 11 17 5 24 7 7 1 0
split_gain=20974.6 6840.64 4904.25 4516.67 5189.35 3795.3 3395.07 3048.68 4058 3660.41 2661.69 2600.07 2331.43 2198.25 2246.41 2125.16 1854.29 1725.47 1693.77 2274.36 2183.58 1679.83 1509.82 1495.05 2107.01 1714.81 1484.68 1810.02 1465.65 1369.51
threshold=-0.6035499870777129 2.6049998998641972 88.500000000000014 1018.2500000000001 3.7949999570846562 -0.56175000965595234 298.50000000000006 -0.87834998965263356 -0.30500000715255732 1016.1499938964845 1014.4500122070314 1023.3500061035157 25.550000190734867 0.81174999475479137 0.14050000160932544 66.500000000000014 8.1500000953674334 1022.5499877929689 -0.60784998536109913 1012.5499877929689 0.10500000044703485 0.1345000043511391 0.87834998965263378 0.10649999976158143 -4.1849999427795401 828.75000000000011 1021.9500122070314 1014.6499938964845 72.500000000000014 21.250000000000004
decision_type=2 2 2 2 2 2 2 2 2 2 2 2 2 2 2 2 2 2 2 2 2 2 2 2 2 2 2 2 2 2
left_child=3 2 15 4 6 11 -1 10 22 -10 -4 -5 16 14 -8 18 26 -14 19 -2 -20 -17 -9 25 -25 -6 27 -3 -7 -18
right_child=1 12 7 5 23 28 13 8 9 -11 -12 -13 17 -15 -16 21 29 -19 20 -21 -22 -23 -24 24 -26 -27 -28 -29 -30 -31
leaf_value=0.1930514036687524 -0.42868755802963721 -0.28350257596304251 -0.22883530608378352 0.29914916608432485 0.067509971450927075 0.06195143136517306 0.31929507775060556 0.034604871369600491 -0.33096657471585994 -0.13588266095329721 0.066223011762897174 0.035477997174035318 0.63678840048172902 0.88821562812441879 0.78805952583040506 0.031514161624635023 0.045868405828587519 0.22211491011418105 -0.087861453178454008 0.0016867928132416417 0.0016867928132416417 0.38052429995603032 -0.28420918265857348 0.067509971450927075 0.1930514036687524 -0.11810164213735866 -0.15338700518666493 0.040995881573064802 -0.046396430755023442 0.19073800631637161
leaf_weight=260 33 43 96 223 106 637 293 394 282 1632 375 161 34 21 28 815 378 22 1979 722 372 36 41 226 541 161 148 223 612 287
leaf_count=260 33 43 96 223 106 637 293 394 282 1632 375 161 34 21 28 815 378 22 1979 722 372 36 41 226 541 161 148 223 612 287
internal_value=0.00341347 -0.0406056 -0.0596319 0.109953 0.168672 0.0511272 0.285379 -0.110016 -0.133296 -0.164625 0.00608374 0.1886 0.072999 0.392607 0.360184 -0.0237249 0.0566735 0.387556 -0.0429048 0.00168679 -0.0648571 0.0462784 0.00455573 0.100724 0.136197 -0.00117713 -0.0263993 0.0409959 0.00886185 0.108391
internal_weight=11181 7912 6777 3269 1636 1633 602 2820 2349 1914 471 384 1135 342 321 3957 1079 56 3106 755 2351 851 435 1034 767 267 414 266 1249 665
internal_count=11181 7912 6777 3269 1636 1633 602 2820 2349 1914 471 384 1135 342 321 3957 1079 56 3106 755 2351 851 435 1034 767 267 414 266 1249 665
is_linear=0
shrinkage=0.05


Tree=52
num_leaves=31
num_cat=0
split_feature=9 11 1 5 7 12 5 7 0 10 5 8 4 1 5 1 5 23 1 4 23 7 12 12 9 11 7 12 9 10
split_gain=18837.7 5002.42 6160.63 5410.13 8443.94 4623.91 3578.35 2971.67 2503.22 2264.55 1960.84 1879.34 1721.7 2031.45 1870.02 1686.34 1626.61 2871.8 1440.05 1430.05 1458.21 1428.95 3695.66 2399.25 1565.06 2072.12 1480.63 1395.59 1376.58 1641.12
threshold=1.0000000180025095e-35 0.60784998536109935 82.500000000000014 -3.564999938011169 1021.7500000000001 1.0000000180025095e-35 2.6049998998641972 1016.5499877929689 31.44999980926514 -1.0000000180025095e-35 -0.10500000044703482 17.500000000000004 1.2649999856948855 56.500000000000007 -3.254999995231628 97.500000000000014 -2.3950001001358028 46.500000000000007 97.500000000000014 1.685000002384186 74.500000000000014 1016.9500122070314 0.81174999475479137 1.0000000180025095e-35 0.91595000028610241 1.0000000180025095e-35 1020.1499938964845 0.81174999475479137 0.60354998707771312 1.0000000180025095e-35
decision_type=2 2 2 2 2 2 2 2 2 2 2 2 2 2 2 2 2 2 2 2 2 2 2 2 2 2 2 2 2 2
left_child=1 2 3 8 5 -5 9 10 27 11 -3 16 13 14 -9 -4 -2 -18 19 20 -11 22 24 26 25 -8 -23 -1 -24 -30
right_child=6 7 15 4 -6 -7 21 12 -10 18 -12 -13 -14 -15 -16 -17 17 -19 -20 -21 -22 23 28 -25 -26 -27 -28 -29 29 -31
leaf_value=-0.041785579038087314 -0.11137465784433345 0.069418457980327156 -0.002376441386517335 0.27816496283275766 0.011011060275411459 0.11984410722217981 -0.83878119046037858 0.38643867619659589 0.4084922995832232 -0.058247727223246441 0.39182537955910729 -0.06185349097425985 0.10761371686923922 -0.082185936780782273 -0.032892350119257729 -0.35535552327122011 -0.27278445306281646 -0.11137465784433345 -0.23022510812522096 0.11657165008267963 0.22626692739355825 0.4604275343369465 -0.11120525808073581 -0.0022832921076216361 0.00075026154518127448 -0.23190721915318419 0.14108136744371483 0.19452980163159339 0.06969571667723358 0.62340519324592925
leaf_weight=615 401 235 1018 1118 712 785 22 46 36 2147 59 782 171 1104 63 35 548 287 107 133 46 49 32 309 28 39 140 59 32 23
leaf_count=615 401 235 1018 1118 712 785 22 46 36 2147 59 782 171 1104 63 35 548 287 107 133 46 49 32 309 28 39 140 59 32 23
internal_value=0.00345094 0.0631541 0.0912877 0.124666 0.157899 0.212857 -0.0670978 -0.0102481 0.00226491 -0.0833557 0.134119 -0.122516 -0.0409157 -0.0618543 0.144073 -0.0141089 -0.160896 -0.203571 -0.0508753 -0.0426249 -0.0522798 0.0402674 -0.0821963 0.0835478 -0.308725 -0.45078 0.223875 -0.0194327 0.14954 0.301247
internal_weight=11181 6056 4378 3325 2615 1903 5125 1678 710 4451 294 2018 1384 1213 109 1053 1236 835 2433 2326 2193 674 176 498 89 61 189 674 87 55
internal_count=11181 6056 4378 3325 2615 1903 5125 1678 710 4451 294 2018 1384 1213 109 1053 1236 835 2433 2326 2193 674 176 498 89 61 189 674 87 55
is_linear=0
shrinkage=0.05


Tree=53
num_leaves=31
num_cat=0
split_feature=9 5 7 20 23 11 9 7 7 18 10 8 5 2 1 21 7 7 12 11 24 24 7 5 12 12 5 4 0 7
split_gain=17164.2 5814.92 3900.57 7178.35 3764.73 2950.61 2948.71 3690.38 4090.7 3101.28 4603.65 2934.57 2579.17 2365.22 2341.4 2363.77 2706.53 2691.17 2187.46 2059.6 2644.64 2054.09 2007.33 1836.23 3597.71 1814.37 2144.86 1764.26 1726.41 1676.95
threshold=-0.6035499870777129 0.15500000119209292 1014.1499938964845 14.550000190734865 54.500000000000007 -0.60784998536109913 0.3793999999761582 1021.6499938964845 1018.8500061035157 12.949999809265138 1.0000000180025095e-35 604.50000000000011 -3.6850000619888301 1.9550000429153445 74.500000000000014 8.6500000953674334 1018.3500061035157 1017.5499877929689 0.81174999475479137 -0.87834998965263356 324.58500671386724 700.41500854492199 1023.1499938964845 1.7749999761581423 1.0000000180025095e-35 -0.56175000965595234 6.3849999904632577 1.685000002384186 25.349999427795414 1024.049987792969
decision_type=2 2 2 2 2 2 2 2 2 2 2 2 2 2 2 2 2 2 2 2 2 2 2 2 2 2 2 2 2 2
left_child=2 4 3 11 5 -2 7 8 -3 27 -11 -1 -7 -5 15 -4 17 -17 -14 20 22 -13 -6 -16 -25 -9 -27 -8 -10 -21
right_child=1 6 14 13 19 12 9 25 28 10 -12 21 18 -15 23 16 -18 -19 -20 29 -22 -23 -24 24 -26 26 -28 -29 -30 -31
leaf_value=0.058475108355735883 -0.04478033868166495 -0.0026766036228041785 -0.073484054011496477 1.023925681068347 0.50781045054177276 -0.04478033868166495 -0.13528580180051938 0.16658536065369844 0.23785076504870173 0.003117836095540455 0.24556760632870148 0.38234487652566496 -0.1696123507597368 0.45840211117611035 -0.040108875149000391 0.16539753590174086 0.082920879387700083 0.45960338053107264 -0.04478033868166495 -0.036743406924918197 -0.04478033868166495 0.17309826370347903 0.14794848984922568 0.28546925770535475 -0.038663484292979146 -0.079364401412722496 0.34487527571618559 0.003117836095540455 0.61639879111087692 0.15784125614941855
leaf_weight=379 1021 214 160 26 66 727 537 122 345 200 245 122 1786 64 632 349 990 100 367 1198 69 99 29 152 196 432 32 367 33 122
leaf_count=379 1021 214 160 26 66 727 537 122 345 200 245 122 1786 64 632 349 990 100 367 1198 69 99 29 152 196 432 32 367 33 122
internal_value=0.00340525 -0.0364152 0.0997831 0.205374 -0.0657787 -0.0915641 0.0261581 0.0839566 0.172005 -0.0243139 0.0837396 0.142914 -0.119117 0.621776 0.0715327 0.108829 0.129101 0.230922 -0.146696 0.00200341 0.169116 0.287721 0.340677 0.010678 0.102912 -0.00499317 -0.0501065 -0.0775039 0.270899 -0.0187591
internal_weight=11181 7912 3269 690 5385 3901 2527 1178 592 1349 445 600 2880 90 2579 1599 1439 449 2153 1484 164 221 95 980 348 586 464 904 378 1320
internal_count=11181 7912 3269 690 5385 3901 2527 1178 592 1349 445 600 2880 90 2579 1599 1439 449 2153 1484 164 221 95 980 348 586 464 904 378 1320
is_linear=0
shrinkage=0.05


Tree=54
num_leaves=31
num_cat=0
split_feature=9 5 7 24 1 5 23 12 11 9 7 7 18 10 17 5 18 7 12 11 24 7 0 12 5 4 0 7 7 7
split_gain=15472.8 5158.5 3584.98 4295.09 4139.84 5186.87 3340.3 3101.87 2712.98 2703.73 3330.57 3691.85 2700.29 4249.61 2558.29 2339.65 2286.55 2096.91 1988.23 1814.72 2363.66 1857.06 1661.94 1637.47 1935.73 1594.94 1558.08 1513.45 2530.95 1416.98
threshold=-0.6035499870777129 0.15500000119209292 1018.2500000000001 823.75000000000011 79.500000000000014 -2.7949999570846553 54.500000000000007 -0.56175000965595234 -0.60784998536109913 0.3793999999761582 1021.6499938964845 1018.8500061035157 12.949999809265138 1.0000000180025095e-35 0.10750000178813936 -3.6850000619888301 10.650000095367433 1023.3500061035157 0.81174999475479137 -0.87834998965263356 324.58500671386724 1023.1499938964845 31.650000572204593 -0.56175000965595234 6.3849999904632577 1.685000002384186 25.349999427795414 1024.049987792969 1026.4500122070315 1018.9500122070314
decision_type=2 2 2 2 2 2 2 2 2 2 2 2 2 2 2 2 2 2 2 2 2 2 2 2 2 2 2 2 2 2
left_child=2 6 3 4 5 22 8 17 -2 10 11 -3 25 -14 -5 -10 -7 -4 -17 20 21 -8 -1 -12 -25 29 -13 -21 -29 -11
right_child=1 9 7 14 -6 16 19 -9 15 12 23 26 13 -15 -16 18 -18 -19 -20 27 -22 -23 -24 24 -26 -27 -28 28 -30 -31
leaf_value=0.12989106382259238 -0.042399721639647607 -0.0025427728334319927 0.26594154244923607 -0.10833429513657665 0.12989106382259238 0.39127951102801189 0.48241992714730175 0.0041724667067125406 -0.042399721639647607 -0.2438674879040611 0.15825609488443274 0.22595822698936086 0.001680241088869583 0.23328922738910332 0.11058007492663582 -0.16113173294030125 0.94191025733947764 0.029153219950732469 -0.042399721639647607 -0.034906236356114957 -0.042399721639647607 0.13918985165659287 0.42312473261356359 -0.075396181073005275 0.32763151116669181 0.001680241088869583 0.58557885198882131 0.38993827907432776 -0.042399721639647607 -0.071330470436649571
leaf_weight=299 1021 214 223 188 290 329 66 1249 727 178 122 345 200 245 460 1786 20 161 367 1198 69 29 50 432 32 367 33 58 64 359
leaf_count=299 1021 214 223 188 290 329 66 1249 727 178 122 345 200 245 460 1786 20 161 367 1198 69 29 50 432 32 367 33 58 64 359
internal_value=0.00328501 -0.0345225 0.094791 0.147104 0.212714 0.286535 -0.0621791 0.0423821 -0.0864675 0.0244132 0.0797588 0.163405 -0.0239167 0.0769095 0.0470679 -0.113007 0.422834 0.166663 -0.139279 0.00166803 0.158532 0.320779 0.150235 -0.00474351 -0.0476012 -0.073549 0.257354 -0.0178211 0.149949 -0.128522
internal_weight=11181 7912 3269 1636 988 698 5385 1633 3901 2527 1178 592 1349 445 648 2880 349 384 2153 1484 164 95 349 586 464 904 378 1320 122 537
internal_count=11181 7912 3269 1636 988 698 5385 1633 3901 2527 1178 592 1349 445 648 2880 349 384 2153 1484 164 95 349 586 464 904 378 1320 122 537
is_linear=0
shrinkage=0.05


Tree=55
num_leaves=31
num_cat=0
split_feature=1 11 9 24 4 7 5 10 5 3 5 23 1 11 23 23 11 5 7 7 18 8 1 4 21 23 7 5 8 7
split_gain=14038.6 5380.83 4540.59 4952.4 3914.1 3605.26 3638.43 3379.02 3686.45 2514.11 2066.85 3241.41 2453.2 1782.97 1759.73 1754.45 1725.75 1693.03 3212.6 2659.32 1773.62 1764.81 1580.85 1729.01 1225.96 1272.18 917.698 894.7 851.736 837.956
threshold=81.500000000000014 0.60784998536109935 -0.6035499870777129 856.25000000000011 1.9950000047683718 1018.1499938964845 -3.5449999570846553 1.0000000180025095e-35 5.7249999046325692 203.50000000000003 -2.3449999094009395 48.500000000000007 90.500000000000014 -0.87834998965263356 103.50000000000001 30.500000000000004 0.87834998965263378 -1.3949999809265134 1023.1499938964845 1013.5499877929689 20.44999980926514 452.50000000000006 95.500000000000014 0.99500000476837169 8.0500001907348651 67.500000000000014 1019.8500061035157 -1.3049999475479124 672.50000000000011 1016.5499877929689
decision_type=2 2 2 2 2 2 2 2 2 2 2 2 2 2 2 2 2 2 2 2 2 2 2 2 2 2 2 2 2 2
left_child=1 2 3 5 7 6 -1 9 22 15 12 -12 -11 -6 29 16 -2 20 19 -19 21 -4 23 -9 -5 -26 -15 -24 -7 -3
right_child=4 14 17 24 13 28 -8 8 -10 10 11 -13 -14 26 -16 -17 -18 18 -20 -21 -22 -23 27 -25 25 -27 -28 -29 -30 -31
leaf_value=0.13579364267943186 -0.098922619223594674 0.059730301149552911 -0.076766898361304375 -0.2018356736410748 0.48822399336716221 0.13579364267943186 0.38202193422953218 -0.037613806060722753 0.43413506399753488 0.060744570870080894 -0.2320519563544747 -0.055562894110968389 -0.20142333535284834 0.17359333808442029 0.29560609122826936 0.0095129851755237811 -0.50274588584899904 -0.41802801972343806 -0.074260788355568208 0.15278877432857058 0.38407048795904436 0.062392625567344033 0.043518439497341188 0.06737900242185757 -0.047494907185900964 0.10374852244775748 0.0031654705910870197 -0.17462669927765853 0.29555433236022033 -0.05028272618789003
leaf_weight=191 224 205 556 44 29 400 417 2317 43 232 798 386 145 142 42 617 30 21 239 719 28 386 57 472 180 611 178 268 92 1112
leaf_count=191 224 205 556 44 29 400 417 2317 43 232 798 386 145 142 42 617 30 21 239 719 28 386 57 472 180 611 178 268 92 1112
internal_value=0.00300968 0.0626338 0.0925961 0.146853 -0.0496358 0.216545 0.298955 -0.0597799 -0.0256572 -0.104075 -0.142049 -0.174514 -0.0400892 0.112814 -0.022998 -0.0360178 -0.146618 0.0387293 0.0851156 0.13659 -0.00808749 -0.019744 -0.0320063 -0.0198452 0.0550425 0.0693316 0.0787928 -0.136367 0.135794 -0.0331585
internal_weight=11181 5243 3884 1935 5938 1100 608 5589 3157 2432 1561 1184 377 349 1359 871 254 1949 979 740 970 942 3114 2789 835 791 320 325 492 1317
internal_count=11181 5243 3884 1935 5938 1100 608 5589 3157 2432 1561 1184 377 349 1359 871 254 1949 979 740 970 942 3114 2789 835 791 320 325 492 1317
is_linear=0
shrinkage=0.05


Tree=56
num_leaves=31
num_cat=0
split_feature=1 11 5 5 7 8 14 4 11 7 1 7 7 5 0 5 1 5 4 0 18 17 9 7 12 4 8 11 17 12
split_gain=12681.2 5129.01 5105.38 3382.74 5189.95 3142.22 2563.4 2334.46 3795.08 2667.71 2232.35 3956.61 2515.46 1990.78 1852.25 1784.1 1749.83 2091.18 1865.21 1680.2 1722.42 1645.76 1502.94 1397.56 1302.51 1247.51 1135.48 1050.71 1005.25 966.628
threshold=76.500000000000014 0.60784998536109935 1.6800000071525576 -3.6249999999999996 1021.5499877929689 645.50000000000011 55.000000000000007 -0.36500000953674311 -0.87834998965263356 1013.8500061035157 88.500000000000014 1015.5499877929689 1016.1499938964845 -3.504999995231628 31.44999980926514 1.1150000095367434 85.500000000000014 6.3849999904632577 1.8450000286102297 21.250000000000004 10.650000095367433 0.10649999976158143 -0.37939999997615809 1023.3500061035157 0.81174999475479137 -0.79500001668930043 129.50000000000003 0.87834998965263378 0.1225000023841858 1.0000000180025095e-35
decision_type=2 2 2 2 2 2 2 2 2 2 2 2 2 2 2 2 2 2 2 2 2 2 2 2 2 2 2 2 2 2
left_child=1 3 7 14 5 6 -5 15 9 -9 11 -10 -12 21 24 26 19 18 -18 29 -21 -3 -11 -20 28 -23 27 -2 -1 -4
right_child=2 13 16 4 -6 -7 -8 8 10 22 12 -13 -14 -15 -16 -17 17 -19 23 20 -22 25 -24 -25 -26 -27 -28 -29 -30 -31
leaf_value=-0.065566657578322668 -0.0095646660813014026 -0.15711012544000852 0.11086592675884561 0.15928085649343715 0.021050444431251997 0.31639069637996486 -0.32453341867242541 -0.21564784505788018 0.22394947851297717 0.4830787669057432 -0.26998167461652711 -0.078149382671957521 -0.11102776521497676 -0.061305586505605504 0.34766936070389221 -0.23400873242095971 -0.06859520308902424 0.40273250381151837 0.19686037918207822 0.11086592675884561 0.33520861455822382 0.24657550579336074 0.068490690793292994 -0.12761998596516522 0.16236624705171998 0.00099636547221655376 0.066095556423100651 -0.14878686147866046 0.16236624705171998 -0.039422290348711447
leaf_weight=462 1250 51 192 1232 680 358 28 85 118 23 296 1330 1564 762 36 87 553 30 135 198 123 140 441 44 49 73 457 152 20 212
leaf_count=462 1250 51 192 1232 680 358 28 85 118 23 296 1330 1564 762 36 87 553 30 135 198 123 140 441 44 49 73 457 152 20 212
internal_value=0.00273153 0.0756174 -0.0361709 0.109971 0.136958 0.185671 0.148529 -0.0573521 -0.079878 0.0418673 -0.100083 -0.0535308 -0.136324 -0.0203105 0.000593688 -0.0127053 0.0464882 -0.00641772 -0.0231862 0.102094 0.187487 0.0980163 0.0890414 0.1171 -0.0229369 0.159103 -0.00234845 -0.0246587 -0.0487823 0.0342452
internal_weight=11181 3891 7290 2865 2298 1618 1260 5803 3857 549 3308 1448 1860 1026 567 1946 1487 762 732 725 321 264 464 179 531 213 1859 1402 482 404
internal_count=11181 3891 7290 2865 2298 1618 1260 5803 3857 549 3308 1448 1860 1026 567 1946 1487 762 732 725 321 264 464 179 531 213 1859 1402 482 404
is_linear=0
shrinkage=0.05


Tree=57
num_leaves=31
num_cat=0
split_feature=9 8 5 3 7 1 7 3 11 7 5 12 0 23 7 7 17 10 23 1 1 4 7 7 21 3 11 5 5 5
split_gain=11583.8 3486.72 3023.48 2507.19 2444.89 2660.24 2377.75 2213.89 2588.04 2491.1 2291.02 4228.2 2139.77 2038.03 1962.99 1937.14 1994.43 1864.09 2297.05 2488.24 2313.96 1807.73 1485.94 1437.24 1479.5 1475.08 1203.45 1067.1 1009.85 960.023
threshold=1.0000000180025095e-35 661.50000000000011 -4.1549999713897696 44.500000000000007 1021.7500000000001 92.500000000000014 1018.6499938964845 268.50000000000006 0.87834998965263378 1013.3500061035157 -2.4350000619888301 1.0000000180025095e-35 18.550000190734867 60.500000000000007 1019.5499877929689 1018.9500122070314 0.10249999910593034 1.0000000180025095e-35 48.500000000000007 90.500000000000014 97.500000000000014 0.86500000953674328 1022.2500000000001 1023.9500122070314 12.750000000000002 334.50000000000006 -0.87834998965263356 -2.5949999094009395 2.304999947547913 1.2250000238418581
decision_type=2 2 2 2 2 2 2 2 2 2 2 2 2 2 2 2 2 2 2 2 2 2 2 2 2 2 2 2 2 2
left_child=1 3 -3 13 5 -5 -7 8 9 27 11 -9 22 -1 -14 16 -4 18 20 -20 -12 -10 -11 25 -25 -19 29 -2 -28 -6
right_child=7 2 15 4 26 6 -8 10 21 12 17 -13 14 -15 -16 -17 -18 23 19 -21 -22 -23 -24 24 -26 -27 28 -29 -30 -31
leaf_value=-0.058797850857362381 -0.11055597279031398 0.08966372754660544 0.08966372754660544 0.08966372754660544 -0.063282561064309753 -0.30975485238470613 0.08966372754660544 -0.071370351144012911 -0.28971695051016944 -0.068267312598612476 -0.18920016226609737 0.2467325759991523 -0.02785776548235579 0.053203464806057421 0.065653132786771193 0.08966372754660544 0.31826509389625451 -0.15260151884366271 -0.12031288604138297 0.17131371805542395 -0.52744018533013082 -0.054936755086612145 -0.31489305135081797 -0.20479909781027927 0.27911665577973638 0.027812669832598082 0.062193401924350522 -0.43805736885514374 -0.038920622337230509 -0.36089571302490575
leaf_weight=1046 59 236 31 2236 120 79 41 663 142 113 627 124 1158 664 1089 177 381 318 106 95 55 194 85 22 56 176 580 43 430 35
leaf_count=1046 59 236 31 2236 120 79 41 663 142 113 627 124 1158 664 1089 177 381 318 106 95 55 194 85 22 56 176 580 43 430 35
internal_value=0.00261334 0.0494309 0.144963 0.0343641 0.0584874 0.0877857 -0.145901 -0.052709 -0.0237292 -0.00652282 -0.0899744 -0.0212499 0.00357695 -0.0153073 0.0174619 0.220494 0.279991 -0.127147 -0.172697 -0.0241482 -0.216478 -0.154159 -0.153997 -0.0568309 0.142628 -0.0883244 -0.000763049 -0.24862 0.0191449 -0.130486
internal_weight=11181 6056 825 5231 3521 2356 120 5125 2883 2547 2242 787 2445 1710 2247 589 412 1455 883 201 682 336 198 572 78 494 1165 102 1010 155
internal_count=11181 6056 825 5231 3521 2356 120 5125 2883 2547 2242 787 2445 1710 2247 589 412 1455 883 201 682 336 198 572 78 494 1165 102 1010 155
is_linear=0
shrinkage=0.05


Tree=58
num_leaves=31
num_cat=0
split_feature=9 11 1 5 7 12 7 4 10 8 5 0 11 11 4 1 5 5 3 11 5 23 23 7 1 1 5 18 7 21
split_gain=10438.1 3098.58 3903.92 3633.78 5225.7 3469.34 2143.75 2070.73 1877.14 1722.94 1637.14 1634.54 1391.66 1375.11 1345.95 1564.68 1413.74 1269.53 1886.68 1267.87 1790.06 1354.39 1241.49 1227.31 2638.67 1210.27 1113.77 1112.33 1389.82 1101.2
threshold=1.0000000180025095e-35 0.60784998536109935 86.500000000000014 -3.564999938011169 1021.7500000000001 1.0000000180025095e-35 1016.5499877929689 1.9950000047683718 -1.0000000180025095e-35 2.5000000000000004 -0.10500000044703482 31.44999980926514 -0.60784998536109913 -0.87834998965263356 1.2649999856948855 56.500000000000007 -3.254999995231628 -2.3950001001358028 354.50000000000006 0.87834998965263378 2.9450000524520878 21.500000000000004 77.500000000000014 1018.8500061035157 91.500000000000014 97.500000000000014 3.4050000905990605 9.2500000000000018 1021.0499877929689 12.650000095367433
decision_type=2 2 2 2 2 2 2 2 2 2 2 2 2 2 2 2 2 2 2 2 2 2 2 2 2 2 2 2 2 2
left_child=1 2 3 11 5 -5 10 8 9 17 -3 29 26 -6 15 16 -8 -2 -19 20 25 -21 -12 24 -4 -10 -9 28 -25 -1
right_child=7 6 23 4 13 -7 14 12 19 -11 22 -13 -14 -15 -16 -17 -18 18 -20 21 -22 -23 -24 27 -26 -27 -28 -29 -30 -31
leaf_value=-0.066441985092313652 -0.086446559119704308 0.052570070228044025 -0.02151486740604899 0.20930479615581282 -0.12550980321672042 0.080733539813880109 0.33597037338692215 0.010452318808128094 -0.018743006948998338 -0.040281474614791243 0.070188801114757865 0.32629543211725026 0.013199596454763353 0.037691165608918581 0.094348808735260498 -0.073333176597130345 -0.028631152909633424 -0.15680759319933332 -0.62587461688301782 -0.32917372466079775 0.18122988697831277 -0.073784589086169916 0.53709297146115986 -0.42012953341007231 -0.35411042638800366 -0.1921296405623544 0.40957317243922842 0.11020183562105344 -0.012801557675350544 0.051631489009109903
leaf_weight=481 388 235 185 1230 162 915 46 29 1992 849 24 36 391 635 171 1104 63 838 22 63 108 295 35 25 88 106 44 157 129 335
leaf_count=481 388 235 185 1230 162 915 46 29 1992 849 24 36 391 635 171 1104 63 838 22 63 108 295 35 25 88 106 44 157 129 335
internal_value=0.00239891 0.0468409 0.0689829 0.0875071 0.11384 0.15446 -0.0109288 -0.0501164 -0.0601441 -0.0952305 0.11169 -0.00342184 0.050615 0.00451857 -0.0369764 -0.0554897 0.125237 -0.132612 -0.168807 -0.0314483 -0.0172842 -0.118727 0.347166 -0.0513612 -0.128725 -0.0275032 0.251018 0.01655 -0.0789262 -0.0179682
internal_weight=11181 6056 4378 3794 2942 2145 1678 5125 4661 2097 294 852 464 797 1384 1213 109 1248 860 2564 2206 358 59 584 273 2098 73 311 154 816
internal_count=11181 6056 4378 3794 2942 2145 1678 5125 4661 2097 294 852 464 797 1384 1213 109 1248 860 2564 2206 358 59 584 273 2098 73 311 154 816
is_linear=0
shrinkage=0.05


Tree=59
num_leaves=31
num_cat=0
split_feature=9 5 7 20 7 12 4 7 9 7 11 8 8 21 12 1 7 2 5 23 5 1 1 5 8 11 24 23 12 3
split_gain=9499.57 3491.43 2659.25 5715.96 2311.63 3704.68 2833.7 2627.86 3205.53 2396.49 2166.67 2456.49 2120.66 2116.19 2033.48 3598.33 2191.58 2029.4 1898.29 1631.86 1625.14 1610.06 1558.91 1542.57 1519.5 1886.67 1473.29 1409.83 1381.83 1917.97
threshold=-0.6035499870777129 0.15500000119209292 1014.1499938964845 14.550000190734865 1018.4500122070314 -0.56175000965595234 2.1550000905990605 1021.5499877929689 0.3793999999761582 1024.350036621094 1.0000000180025095e-35 252.50000000000003 604.50000000000011 14.150000095367433 -0.56175000965595234 97.500000000000014 1012.5499877929689 1.9550000429153445 -1.205000042915344 10.500000000000002 0.45499999821186071 81.500000000000014 89.500000000000014 6.1499998569488534 531.50000000000011 -1.0000000180025095e-35 700.41500854492199 30.500000000000004 -0.56175000965595234 170.50000000000003
decision_type=2 2 2 2 2 2 2 2 2 2 2 2 2 2 2 2 2 2 2 2 2 2 2 2 2 2 2 2 2 2
left_child=2 10 3 12 6 9 24 8 -7 20 11 14 -1 -13 15 -2 -16 -5 19 -12 -6 -8 28 -9 25 -3 -14 -20 29 -4
right_child=1 4 22 17 5 7 21 23 -10 -11 18 13 26 -15 16 -17 -18 -19 27 -21 -22 -23 -24 -25 -26 -27 -28 -29 -30 -31
leaf_value=0.033706716367345811 -0.080647215978295994 -0.32486884101526814 0.066597112565892472 0.9053044938124144 0.60773512332335766 0.23509687987735145 -0.014979930712682447 -0.067158487570626119 0.0014177151506134325 -0.15695667458030416 -0.37792240555693463 0.016025856385165918 0.31914172093795301 0.21698345147799386 -0.28420854289498598 -0.49386206321548998 -0.002621431663067626 0.38146483902673939 -0.42075727598233659 -0.059043152526273991 0.17654930238514188 0.33662615859950029 -0.087131837093712472 0.28168776793913408 0.17401695030076164 -0.085001859157101109 0.13114621499383647 -0.14817793234011861 0.038794278099038085 0.25444569846019527
leaf_weight=379 696 128 438 26 23 222 82 798 433 53 41 356 122 177 72 57 1715 64 55 1871 438 54 190 33 35 228 99 345 1754 197
leaf_count=379 696 128 438 26 23 222 82 798 433 53 41 356 122 177 72 57 1715 64 55 1871 438 54 190 33 35 228 99 345 1754 197
internal_value=0.00233806 -0.0272861 0.0740378 0.161223 0.0212002 0.0457482 -0.0719613 0.00572584 0.0806189 0.161455 -0.0500391 -0.0225294 0.105487 0.0750593 -0.0430076 -0.111926 -0.0139669 0.532796 -0.0866036 -0.065881 0.198062 0.124628 0.0507117 -0.0533054 -0.14034 -0.171246 0.228586 -0.185658 0.0616746 0.124875
internal_weight=11181 7912 3269 690 2527 2000 527 1486 655 514 5385 3073 600 533 2540 753 1787 90 2312 1912 461 136 2579 831 391 356 221 400 2389 635
internal_count=11181 7912 3269 690 2527 2000 527 1486 655 514 5385 3073 600 533 2540 753 1787 90 2312 1912 461 136 2579 831 391 356 221 400 2389 635
is_linear=0
shrinkage=0.05


Tree=60
num_leaves=31
num_cat=0
split_feature=1 11 5 5 7 8 1 1 7 7 11 24 23 12 7 7 5 5 4 10 0 0 7 7 17 18 23 5 12 5
split_gain=8616.54 3993.43 3631.29 2695.37 3849.87 2543.04 2273.85 2156.99 2621.38 2489.6 2470.41 2097.79 2096.45 2349.93 2069.04 2031.64 1764.59 1659.4 1569.36 1552.13 1425.53 1393.65 2367.45 1879.37 1379.7 1321.51 1247.14 1245.47 1112.04 1099.67
threshold=76.500000000000014 0.60784998536109935 2.9450000524520878 -3.6249999999999996 1021.5499877929689 1.0000000180025095e-35 69.500000000000014 89.500000000000014 1016.1499938964845 1016.5499877929689 1.0000000180025095e-35 909.58499145507824 60.500000000000007 1.0000000180025095e-35 1018.9500122070314 1019.3500061035157 -1.7549999952316282 -3.504999995231628 1.685000002384186 -0.78654998540878285 31.250000000000004 21.250000000000004 1020.7500000000001 1016.8500061035157 0.10649999976158143 13.550000190734865 13.500000000000002 -1.3049999475479124 0.81174999475479137 -4.2550001144409171
decision_type=2 2 2 2 2 2 2 2 2 2 2 2 2 2 2 2 2 2 2 2 2 2 2 2 2 2 2 2 2 2
left_child=1 3 7 20 5 6 -5 9 16 12 14 -7 13 -2 -10 -12 19 24 26 -9 28 22 -4 -23 -3 -24 -11 -14 -1 -26
right_child=2 17 21 4 -6 11 -8 8 10 18 15 -13 27 -15 -16 -17 -18 -19 -20 -21 -22 23 25 -25 29 -27 -28 -29 -30 -31
leaf_value=-0.053753039982351015 -0.053297078632376094 -0.14793334191336352 0.072252513135018973 -0.48160144223107237 0.016850823689087788 0.2035338253314706 0.040969675183567519 -0.51712056101988191 -0.1129031745561709 -0.28007323175180154 -0.041679911443183351 0.056539649827476501 0.12448003359103599 0.10037226061773585 0.044994075388542186 -0.18006245017674566 -0.32965531130289211 -0.059796457429198924 0.082852079038886722 -0.091460485018226789 0.26497491783565946 0.072252513135018973 -0.18590022401795503 0.23159023190780387 -0.0031698300030717276 0.056990688684440793 -0.051149230636501709 0.42798971963483234 0.11832628628107007 0.21185691443582377
leaf_weight=473 561 51 253 27 680 1220 68 23 288 61 555 303 158 369 742 508 145 762 219 311 45 146 168 246 57 84 2410 43 49 156
leaf_count=473 561 51 253 27 680 1220 68 23 288 61 555 303 158 369 742 508 145 762 219 311 45 146 168 246 57 84 2410 43 49 156
internal_value=0.00219654 0.0622764 -0.0298708 0.0925891 0.116679 0.158634 -0.0923501 -0.0430892 -0.0784886 -0.0192612 -0.0543405 0.174289 0.0429819 0.0113346 0.000844165 -0.107812 -0.184004 -0.0223685 -0.045431 -0.120772 -0.00504478 0.0643383 0.00942868 0.135076 0.0856623 -0.104937 -0.0568005 0.18941 -0.0283223 0.141594
internal_weight=11181 3891 7290 2865 2298 1618 95 6393 2572 3821 2093 1523 1131 930 1030 1063 479 1026 2690 334 567 897 505 392 264 252 2471 201 522 213
internal_count=11181 3891 7290 2865 2298 1618 95 6393 2572 3821 2093 1523 1131 930 1030 1063 479 1026 2690 334 567 897 505 392 264 252 2471 201 522 213
is_linear=0
shrinkage=0.05


Tree=61
num_leaves=31
num_cat=0
split_feature=9 8 5 3 10 11 5 4 17 11 7 1 7 23 20 23 5 18 3 7 9 23 12 5 0 11 12 1 1 18
split_gain=7840.76 2530.62 2478.32 1903.42 1712.66 1889.53 2613.94 2003.75 1714.64 1624.41 1614.52 1845.23 1880.91 1542.82 1457.54 1384.69 1334.65 4345.91 2684.16 2003.11 3255.4 1783.43 1769.19 1899.09 1468.37 1383.82 1322.15 1858.46 1750.11 1210.98
threshold=1.0000000180025095e-35 661.50000000000011 -4.1549999713897696 44.500000000000007 -1.0000000180025095e-35 -0.60784998536109913 2.4550000429153447 1.1349999904632571 0.099500000476837172 0.60784998536109935 1021.7500000000001 92.500000000000014 1017.1499938964845 60.500000000000007 7.2500000000000009 9.5000000000000018 0.10500000044703485 12.949999809265138 246.50000000000003 1018.9500122070314 0.91595000028610241 21.500000000000004 -0.56175000965595234 -1.1950000524520872 22.94999980926514 0.60784998536109935 0.81174999475479137 91.500000000000014 95.500000000000014 9.3499999046325701
decision_type=2 2 2 2 2 2 2 2 2 2 2 2 2 2 2 2 2 2 2 2 2 2 2 2 2 2 2 2 2 2
left_child=1 3 -3 13 5 6 7 8 -2 14 11 -5 -13 -1 -4 -7 21 19 -19 20 -18 25 24 -24 -23 -6 27 -17 -28 -9
right_child=4 2 9 10 16 15 -8 29 -10 -11 -12 12 -14 -15 -16 26 17 18 -20 -21 -22 22 23 -25 -26 -27 28 -29 -30 -31
leaf_value=-0.053326426652468478 -0.20335102590721058 0.074904165374307982 0.074904165374307982 0.074904165374307982 -0.10522932112534569 -0.3863041883423215 0.29577111319610566 -0.37969289040956344 0.045901141124879967 0.074904165374307982 0.00066299479709570441 -0.3681280682378627 0.037412971768477195 0.044122309260440612 0.27999823712469901 -0.081188620434159864 -0.4477935169194196 0.13207128922584441 0.67967813611030581 0.0034732474019143356 0.024450224265456202 -0.10522932112534569 0.052370324196899659 -0.093815792342342566 0.21747954636812211 -0.34168657722572487 -0.037018562422396831 -0.21373848106157928 0.40744548986355467 0.0040908677924063903
leaf_weight=1046 83 236 50 2236 105 42 66 61 409 165 1165 47 73 664 374 974 74 331 24 374 72 562 818 305 36 84 287 363 24 31
leaf_count=1046 83 236 50 2236 105 42 66 61 409 165 1165 47 73 664 374 974 74 331 24 374 72 562 818 305 36 84 287 363 24 31
internal_value=0.00211057 0.0406285 0.122016 0.0277926 -0.0434045 -0.0749373 -0.00248942 -0.0361969 0.0038525 0.191643 0.0488115 0.0726201 -0.121424 -0.0154867 0.243751 -0.102802 -0.0169101 0.0342292 0.169093 -0.057841 -0.214906 -0.0403377 -0.0243266 0.0126671 -0.093798 -0.186132 -0.0955767 -0.117176 -0.00271909 -0.250374
internal_weight=11181 6056 825 5231 5125 2340 650 584 492 589 3521 2356 120 1710 424 1690 2785 875 355 520 146 1910 1721 1123 598 189 1648 1337 311 92
internal_count=11181 6056 825 5231 5125 2340 650 584 492 589 3521 2356 120 1710 424 1690 2785 875 355 520 146 1910 1721 1123 598 189 1648 1337 311 92
is_linear=0
shrinkage=0.05


Tree=62
num_leaves=31
num_cat=0
split_feature=1 11 9 24 10 5 5 5 24 5 24 8 10 7 23 0 7 5 9 11 18 7 1 17 5 10 12 18 1 21
split_gain=7128.13 3734.34 2902.86 3590.08 3497.22 2414.88 2276.87 2009.63 2611.06 1642.12 1641.61 1567.77 1807.18 1588.17 1412.42 1225.68 1199.84 1293.78 1088.51 1066.22 1327.82 996.388 1387.29 959.884 947.556 907.857 902.79 901.429 803.337 732.31
threshold=86.500000000000014 0.60784998536109935 -0.37939999997615809 275.41499328613287 -1.0000000180025095e-35 5.6549999713897714 2.6049998998641972 -4.3450000286102286 966.25000000000011 -4.629999876022338 643.75000000000011 70.500000000000014 -1.0000000180025095e-35 1016.4500122070314 45.500000000000007 31.050000190734867 1016.5499877929689 1.7749999761581423 0.91595000028610241 0.87834998965263378 9.5500001907348651 1021.6499938964845 53.500000000000007 0.14449999481439593 2.1049998998641972 -0.37939999997615809 1.0000000180025095e-35 14.750000000000002 97.500000000000014 5.8500001430511483
decision_type=2 2 2 2 2 2 2 2 2 2 2 2 2 2 2 2 2 2 2 2 2 2 2 2 2 2 2 2 2 2
left_child=1 2 3 4 -1 9 23 15 -9 29 18 12 13 -11 -3 -5 17 -16 -8 20 -13 22 -18 27 -21 -23 -12 -4 -14 -2
right_child=5 14 6 7 -6 -7 10 8 -10 11 26 19 28 -15 16 -17 21 -19 -20 24 -22 25 -24 -25 -26 -27 -28 -29 -30 -31
leaf_value=0.22856743875890972 -0.12662637789850126 -0.11994872851463663 -0.032185950348348959 -0.080165096731342159 0.91811357844959618 0.28470317527370631 0.16864255470763737 0.12264539313368415 -0.00094648074442676793 -0.23534072154616736 0.12884866483509541 -0.017180809237867332 -0.039081691843687261 -0.093431950166601191 0.057348618051629358 0.20908214551564691 0.25568057859645171 0.46725465910775327 0.47013822689652446 -0.017180809237867332 0.20115726356261543 -0.035344359595425583 -0.063944830097162883 0.25155491377626149 0.31875269374361748 0.096935007048739225 -0.039763675843140271 0.044752659520349396 -0.16036025003007015 0.10688818500657971
leaf_weight=112 40 347 1493 268 22 53 119 1735 567 249 165 194 2108 947 231 30 34 21 40 24 70 288 680 35 54 236 153 511 146 209
leaf_count=112 40 347 1493 268 22 53 119 1735 567 249 165 194 2108 947 231 30 34 21 40 24 70 288 680 35 54 236 153 511 146 209
internal_value=0.00191619 0.0322593 0.0537287 0.0893951 0.341777 -0.0506099 0.014972 0.0763878 0.0922038 -0.0550077 0.113313 -0.0631753 -0.0732976 -0.122977 -0.0290986 -0.0457881 -0.00794093 0.0915075 0.244491 0.038936 -0.00905116 -0.0281841 -0.0639448 -0.00803364 0.201354 0.0242318 0.0477239 -0.0125674 -0.0469374 0.0693758
internal_weight=11181 7087 5250 2734 134 4094 2516 2600 2302 4041 477 3792 3450 1196 1837 298 1490 252 159 342 264 1238 714 2039 78 524 318 2004 2254 249
internal_count=11181 7087 5250 2734 134 4094 2516 2600 2302 4041 477 3792 3450 1196 1837 298 1490 252 159 342 264 1238 714 2039 78 524 318 2004 2254 249
is_linear=0
shrinkage=0.05


Tree=63
num_leaves=31
num_cat=0
split_feature=1 11 5 2 7 5 20 4 5 4 11 7 5 10 4 5 0 17 18 7 10 7 8 5 23 7 7 9 23 7
split_gain=6479.46 3290.01 2778.69 2247.26 2330.08 2769.36 2502.77 1788.94 1422.01 1375.46 2846.03 2086.01 1592.68 1519.59 1694.4 1685.14 1202.32 1185.18 1179.54 1935.9 1672.15 1518.95 1011.26 993.772 987.72 949.975 1231.77 913.395 835.914 738.154
threshold=76.500000000000014 0.60784998536109935 1.544999957084656 5.8750000000000009 1023.0499877929689 -1.0249999761581419 10.34999990463257 1.044999957084656 -3.504999995231628 -0.36500000953674311 -0.87834998965263356 1013.8500061035157 0.86500000953674328 -1.0000000180025095e-35 1.9950000047683718 -2.3950001001358028 19.849999427795414 0.10649999976158143 7.5499999523162851 1021.6499938964845 -0.37939999997615809 1022.0499877929689 2.5000000000000004 -4.2550001144409171 68.500000000000014 1021.6499938964845 1016.9500122070314 0.78654998540878307 49.500000000000007 1014.3500061035157
decision_type=2 2 2 2 2 2 2 2 2 2 2 2 2 2 2 2 2 2 2 2 2 2 2 2 2 2 2 2 2 2
left_child=1 3 9 4 5 6 -1 -7 17 12 11 -11 28 15 -15 -12 -13 -3 19 -4 -20 22 -22 -19 -25 26 -10 -23 29 -2
right_child=2 8 18 -5 -6 7 -8 -9 25 10 13 16 -14 14 -16 -17 -18 23 20 -21 21 27 -24 24 -26 -27 -28 -29 -30 -31
leaf_value=0.0096068393587002074 -0.1308690121869085 -0.13952139697092422 0.021285119349300861 -0.094995552441653086 -0.0012770258146593549 0.2121926286722231 0.14783202581525887 0.023144200280308724 0.07445001869151989 -0.18150557525455954 -0.037852613332886212 -0.016982056693124928 -0.18511553722582444 -0.055639633088146068 0.26930926651580306 -0.15700692327830701 0.15028575541166378 -0.0053502303151039769 0.021285119349300861 -0.1295639568297757 0.052743527031361384 0.37633664776117376 0.23529462165544543 -0.0053502303151039769 0.27229866368467348 0.0072392607480718726 -0.1447164011813907 0.1058025441490687 0.036354944476026212 -0.010276754345678971
leaf_weight=779 154 51 310 170 446 755 565 150 78 85 441 171 119 1862 41 907 289 57 250 264 514 78 89 42 114 324 360 52 943 721
leaf_count=779 154 51 310 170 446 755 565 150 78 85 441 171 119 1862 41 907 289 57 250 264 514 78 89 42 114 324 360 52 943 721
internal_value=0.0017065 0.0538059 -0.0261013 0.0813196 0.0924415 0.113244 0.0677149 0.180859 -0.0230234 -0.0421884 -0.0596831 0.0460563 -0.00790367 -0.0774093 -0.0486386 -0.118025 0.0881058 0.0769821 0.0331331 -0.0238181 0.0663884 0.113107 0.0796872 0.128821 0.195909 -0.057671 -0.105687 0.268123 0.00369601 -0.031501
internal_weight=11181 3891 7290 2865 2695 2249 1344 905 1026 5733 3796 545 1937 3251 1903 1348 460 264 1557 574 983 733 603 213 156 762 438 130 1818 875
internal_count=11181 3891 7290 2865 2695 2249 1344 905 1026 5733 3796 545 1937 3251 1903 1348 460 264 1557 574 983 733 603 213 156 762 438 130 1818 875
is_linear=0
shrinkage=0.05


Tree=64
num_leaves=31
num_cat=0
split_feature=1 11 9 24 10 5 5 24 24 14 23 5 8 18 23 11 7 20 10 23 11 7 5 18 9 7 1 10 21 3
split_gain=5929.97 3117.79 2420.88 2654.42 3158.54 1979.88 1870.69 1931.5 1836.6 1967.06 1549.81 1411.05 2447.95 1381.75 1216.7 1188.96 1164.22 1790.18 1147.8 1550.07 1145.03 997.245 1170.13 961.05 954.567 875.7 1167.74 794.732 692.748 663.07
threshold=86.500000000000014 0.60784998536109935 -0.6035499870777129 360.41499328613287 1.0000000180025095e-35 5.6549999713897714 2.6049998998641972 655.41500854492199 966.25000000000011 33.000000000000007 29.500000000000004 -1.5049999952316282 18.500000000000004 13.949999809265138 45.500000000000007 0.60784998536109935 1012.3500061035157 17.849999427795414 -0.6035499870777129 54.500000000000007 0.87834998965263378 1016.5499877929689 1.7749999761581423 17.050000190734867 0.91595000028610241 1021.6499938964845 53.500000000000007 -0.37939999997615809 8.4499998092651385 333.50000000000006
decision_type=2 2 2 2 2 2 2 2 2 2 2 2 2 2 2 2 2 2 2 2 2 2 2 2 2 2 2 2 2 2
left_child=1 2 3 4 -1 10 16 24 9 -5 13 18 -13 -2 29 -15 -4 -18 -12 -20 -14 22 -16 -9 -8 26 -23 -27 -10 -3
right_child=5 14 6 8 -6 -7 7 23 28 -11 11 12 20 15 21 -17 17 -19 19 -21 -22 25 -24 -25 -26 27 -28 -29 -30 -31
leaf_value=0.19944143863682895 -0.21813624393158923 -0.16755107913115716 -0.34508064885934198 0.19788257775686591 0.87577180805660437 0.25725029254297044 0.17165444345645064 -0.0071757551802781958 -0.20588081347732207 0.071978976242988574 -0.067054666682028238 -0.067054666682028238 0.015918236188273031 -0.067054666682028238 0.050972241860737788 -0.14614197989514063 -0.0044236260565963465 0.20016494128004916 0.010461691294484933 0.20701447182326721 0.2310923040211201 0.23406872922992883 0.44079912276495076 0.12943842230967406 0.44407279340142858 -0.032263900507678044 -0.059185865371585412 0.091499967649736905 0.012834426483674215 -0.059185865371585412
leaf_weight=97 207 221 24 367 21 53 164 312 39 1148 155 1392 352 554 231 300 2359 112 893 113 75 34 21 62 40 288 680 236 505 126
leaf_count=97 207 221 24 367 21 53 164 312 39 1148 155 1392 352 554 231 300 2359 112 893 113 75 34 21 62 40 288 680 236 505 126
internal_value=0.00154474 0.0292204 0.0488376 0.089177 0.319805 -0.0463638 0.0202601 0.101312 0.0759598 0.104257 -0.0503459 -0.0318696 -0.059357 -0.10224 -0.026844 -0.0741477 0.00148345 0.00484951 0.0111963 0.0325397 0.0537123 -0.00720683 0.0834578 0.033807 0.22507 -0.025662 -0.0591859 0.0234771 -0.00284553 -0.111165
internal_weight=11181 7087 5250 2177 118 4094 3073 578 2059 1515 4041 2980 1819 1061 1837 854 2495 2471 1161 1006 427 1490 252 374 204 1238 714 524 544 347
internal_count=11181 7087 5250 2177 118 4094 3073 578 2059 1515 4041 2980 1819 1061 1837 854 2495 2471 1161 1006 427 1490 252 374 204 1238 714 524 544 347
is_linear=0
shrinkage=0.05


Tree=65
num_leaves=31
num_cat=0
split_feature=1 11 7 24 10 5 7 12 24 5 17 9 24 4 5 7 1 23 10 23 7 7 5 1 23 5 1 23 23 10
split_gain=5409.05 2833.47 2258.16 3880.59 3533.52 2475.71 3477.8 2141.2 2122.55 1800.57 1799.51 1729.7 2128.62 1574.58 1461.49 1351.85 2481.98 2396.62 1622.11 1363.87 1351.51 1251.89 1158.11 1123.09 1080.42 916.939 1393.97 773.757 678.623 676.799
threshold=86.500000000000014 0.60784998536109935 1014.1499938964845 307.08500671386724 0.3793999999761582 -1.0950000286102293 1023.2500000000001 -0.56175000965595234 937.08499145507824 5.2550001144409189 0.11150000244379045 -1.0000000180025095e-35 507.08500671386724 0.64499998092651378 -4.629999876022338 1016.4500122070314 95.500000000000014 22.500000000000004 -0.91595000028610218 10.500000000000002 1015.5499877929689 1021.6499938964845 -2.8950001001358028 67.500000000000014 57.500000000000007 -3.4850000143051143 78.500000000000014 60.500000000000007 33.500000000000007 0.60354998707771312
decision_type=2 2 2 2 2 2 2 2 2 2 2 2 2 2 2 2 2 2 2 2 2 2 2 2 2 2 2 2 2 2
left_child=1 2 3 10 8 11 7 -7 -5 14 -1 12 -4 -6 28 16 17 -16 21 -20 -18 -17 -13 -12 -3 -26 -27 -8 -2 -11
right_child=9 24 5 4 13 6 27 -9 -10 29 23 22 -14 -15 15 18 20 -19 19 -21 -22 -23 -24 -25 25 26 -28 -29 -30 -31
leaf_value=0.21678354326062479 -0.037103056546888856 -0.075796317845338468 0.12583601322062407 0.21312680730146735 -0.042115838271343992 0.17074059814681783 -0.13915988394369683 0.058496856065210039 -0.013990669528585534 0.00031007591522101203 0.3959222205062416 -0.013960083156700451 -0.011718457397796676 -0.47788561064264051 -0.3023035770165734 0.26726807339550701 -0.17657178706949814 -0.030516875857550987 -0.30641582444602372 -0.045503893188780724 -0.48657851946555963 -0.028676354890423163 -0.13542525087148402 0.78906763712565109 0.080299724588706489 -0.036064875394224725 0.15135075604686371 -0.0022658582322668932 0.13282370995972065 0.28672975122928623
leaf_weight=91 95 678 399 298 210 659 180 1196 129 33 27 482 953 23 96 73 87 523 51 2798 59 70 331 30 292 763 104 242 154 55
leaf_count=91 95 678 399 298 210 659 180 1196 129 33 27 482 953 23 96 73 87 523 51 2798 59 70 331 30 292 763 104 242 154 55
internal_value=0.0013532 0.0277854 0.0464867 0.123374 0.0714849 0.032501 0.0688991 0.0983721 0.156945 -0.0444027 0.354769 -0.00577997 0.0288764 -0.0851317 -0.0493173 -0.0570922 -0.116407 -0.072668 -0.0419264 -0.0501745 -0.301848 0.1224 -0.0634127 0.575061 -0.0256616 0.00366657 -0.022143 -0.0606567 0.0679922 0.179322
internal_weight=11181 7087 5250 808 660 4442 2277 1855 427 4094 148 2165 1352 233 4006 3757 765 619 2992 2849 146 143 813 57 1837 1159 867 422 249 88
internal_count=11181 7087 5250 808 660 4442 2277 1855 427 4094 148 2165 1352 233 4006 3757 765 619 2992 2849 146 143 813 57 1837 1159 867 422 249 88
is_linear=0
shrinkage=0.05


Tree=66
num_leaves=31
num_cat=0
split_feature=1 11 5 2 7 5 8 1 7 0 20 23 12 20 5 3 17 0 18 7 10 7 4 8 10 8 12 9 7 7
split_gain=4921.87 2601.07 2075.83 1971.99 1946.99 2731.61 1536.55 1160.3 2216.82 1373.94 1257.42 1225 1600.86 1348.84 1141.01 1298.18 1251.11 1047.54 968.847 1651.23 1470.45 1258.02 891.879 1068.75 877.711 865.057 780.574 735.218 718.141 693.326
threshold=76.500000000000014 0.60784998536109935 1.544999957084656 5.8750000000000009 1021.5499877929689 -3.5449999570846553 3.5000000000000004 97.500000000000014 1022.5499877929689 15.949999809265138 7.4500000476837167 21.500000000000004 1.0000000180025095e-35 7.4500000476837167 -3.1750000715255733 117.50000000000001 0.10649999976158143 31.44999980926514 7.5499999523162851 1021.6499938964845 -0.37939999997615809 1022.0499877929689 -0.92500001192092884 295.50000000000006 -1.0000000180025095e-35 2.5000000000000004 1.0000000180025095e-35 0.60354998707771312 1016.9500122070314 1020.8500061035157
decision_type=2 2 2 2 2 2 2 2 2 2 2 2 2 2 2 2 2 2 2 2 2 2 2 2 2 2 2 2 2 2
left_child=1 3 7 4 5 17 -7 9 10 -2 26 12 -11 -13 16 28 -3 -1 19 -4 -20 25 23 -18 -12 -22 -9 -23 -16 -30
right_child=2 14 18 -5 -6 6 -8 8 -10 11 24 13 -14 -15 15 -17 22 -19 20 -21 21 27 -24 -25 -26 -27 -28 -29 29 -31
leaf_value=-0.0062321377181433603 -0.34931668358690598 -0.1270294725470528 0.017492781181900507 -0.094023299287347234 0.0084020355457494807 -0.0062321377181433603 0.15326970884220636 -0.5856108573175246 0.31223396568194683 -0.062667573737709537 0.10572479045198811 -0.062667573737709537 -0.18990291885739413 -0.0066061700985999457 0.036583743952214719 -0.0092736725125322546 -0.014679421671175431 0.25474435121585159 0.017492781181900507 -0.12132247534834527 0.047340950858326278 0.36450001206249 -0.014679421671175431 0.22135871076785954 -0.19641826357170244 0.21618059876929507 -0.272795565856087 0.12665845979795312 -0.23718705051061184 0.02449338714281718
leaf_weight=444 34 79 310 170 680 112 1420 31 23 419 31 1369 113 3585 40 428 33 39 250 264 514 64 101 153 107 89 21 66 162 30
leaf_count=444 34 79 310 170 680 112 1420 31 23 419 31 1369 113 3585 40 428 33 39 250 264 514 64 101 153 107 89 21 66 162 30
internal_value=0.00126902 0.0466766 -0.022967 0.0711405 0.081559 0.106247 0.138935 -0.0368715 -0.151382 -0.0324529 -0.207503 -0.0304892 -0.102589 -0.0227465 -0.0216366 -0.0609019 0.0491698 0.00256661 0.0282305 -0.0233842 0.0583698 0.102675 0.0976706 0.162702 -0.128546 0.0722609 -0.417046 0.24375 -0.156147 -0.196299
internal_weight=11181 3891 7290 2865 2695 2015 1532 5733 213 5520 190 5486 532 4954 1026 660 366 483 1557 574 983 733 287 186 138 603 52 130 232 192
internal_count=11181 3891 7290 2865 2695 2015 1532 5733 213 5520 190 5486 532 4954 1026 660 366 483 1557 574 983 733 287 186 138 603 52 130 232 192
is_linear=0
shrinkage=0.05


Tree=67
num_leaves=31
num_cat=0
split_feature=1 11 7 10 24 20 5 7 12 9 5 5 11 20 7 1 23 10 11 7 7 4 23 5 7 5 7 1 10 23
split_gain=4492.76 2359.24 1988.17 3470.19 3653.46 3133.94 2125.72 2951.74 1874.92 1526.75 1481.58 1331.81 1248.09 1213.35 1184.5 2094.03 2147.16 1449.08 1192.99 1135.27 1124.63 1041.3 999.295 852.36 826.622 1073.7 783.974 969.228 707.266 682.167
threshold=86.500000000000014 0.60784998536109935 1014.1499938964845 0.78654998540878307 823.75000000000011 14.550000190734865 -1.0950000286102293 1023.2500000000001 -0.56175000965595234 0.78654998540878307 5.2550001144409189 -4.629999876022338 -0.87834998965263356 9.2500000000000018 1016.4500122070314 95.500000000000014 22.500000000000004 -0.91595000028610218 1.0000000180025095e-35 1015.5499877929689 1021.6499938964845 0.64499998092651378 45.500000000000007 -2.7250000238418575 1016.5499877929689 1.3450000286102297 1021.6499938964845 56.500000000000007 -0.37939999997615809 60.500000000000007
decision_type=2 2 2 2 2 2 2 2 2 2 2 2 2 2 2 2 2 2 2 2 2 2 2 2 2 2 2 2 2 2
left_child=1 2 3 4 5 -1 9 8 -8 12 11 -2 -4 -6 15 16 -13 20 -19 -17 -16 -5 -3 -11 25 -24 27 -26 -28 -9
right_child=10 22 6 21 13 -7 7 29 -10 23 -12 14 -14 -15 17 19 -18 18 -20 -21 -22 -23 24 -25 26 -27 28 -29 -30 -31
leaf_value=0.17866983378760051 0.066892940428362316 -0.10002962544624848 0.10851460243131789 -0.092095230448813681 -0.12890777165292328 0.54354743940242833 0.15769812296143251 -0.13024023299829829 0.052665322067069642 -0.0047646864868548452 0.16230901239270515 -0.28521600611081038 -0.010375226244874551 0.091238470651766879 0.25430534628972618 -0.1635509074676311 -0.027962415282174691 -0.012042775838811649 -0.076839315519580037 -0.44767626967060115 -0.026194195233817615 -0.50620238065719603 0.043243916333130183 -0.26716819003922865 0.1391073726936046 0.39483610490957899 -0.028630260323148429 -0.052922836722434363 0.088124557148459987 -0.0017033386390563872
leaf_weight=400 249 347 252 63 109 69 659 180 1196 49 88 96 1780 147 73 87 523 1351 1498 59 70 20 228 84 66 24 288 648 236 242
leaf_count=400 249 347 252 63 109 69 659 180 1196 49 88 96 1780 147 73 87 523 1351 1498 59 70 20 228 84 66 24 288 648 236 242
internal_value=0.00106764 0.0251572 0.042222 0.114366 0.149426 0.232351 0.0290989 0.0628262 0.0899789 -0.00637313 -0.0406331 -0.0450911 0.00436898 -0.00249567 -0.052513 -0.108035 -0.0678596 -0.038317 -0.0461127 -0.278369 0.116998 -0.19188 -0.0236125 -0.170493 -0.00581605 0.0767289 -0.0226184 -0.0529228 0.023954 -0.0565295
internal_weight=11181 7087 5250 808 725 469 4442 2277 1855 2165 4094 4006 2032 256 3757 765 619 2992 2849 146 143 83 1837 133 1490 252 1238 714 524 422
internal_count=11181 7087 5250 808 725 469 4442 2277 1855 2165 4094 4006 2032 256 3757 765 619 2992 2849 146 143 83 1837 133 1490 252 1238 714 524 422
is_linear=0
shrinkage=0.05


Tree=68
num_leaves=31
num_cat=0
split_feature=1 11 2 24 9 7 5 10 4 5 4 18 0 7 5 11 18 7 0 18 10 7 7 7 23 24 5 7 7 5
split_gain=4056.09 2233.95 1754.81 1693.51 1869.61 2335.67 1691 1086.54 1745.79 1704.59 1240.4 1089.07 1701.76 1608.98 1009.81 960.457 2409.85 1494.19 923.793 1089.91 1443.49 1155.19 1054.82 1019.9 912.264 852.474 751.191 719.058 839.171 653.327
threshold=76.500000000000014 0.60784998536109935 5.8750000000000009 976.66500854492199 -0.78654998540878285 1018.6499938964845 1.544999957084656 -1.0000000180025095e-35 -0.30500000715255732 1.1150000095367434 1.9950000047683718 13.150000095367433 19.550000190734867 1018.6499938964845 -3.504999995231628 -0.60784998536109913 21.250000000000004 1013.4500122070314 24.650000572204593 7.5499999523162851 -0.37939999997615809 1021.6499938964845 1021.3500061035157 1015.2500000000001 68.500000000000014 490.41499328613287 -4.2550001144409171 1021.8500061035157 1016.9500122070314 -3.0949999094009395
decision_type=2 2 2 2 2 2 2 2 2 2 2 2 2 2 2 2 2 2 2 2 2 2 2 2 2 2 2 2 2 2
left_child=1 2 3 4 5 -1 7 8 9 29 15 12 -10 -13 24 16 -9 -17 19 21 -21 23 -22 -8 -3 -6 -26 28 -16 -2
right_child=6 14 -4 -5 25 -7 18 10 11 -11 -12 13 -14 -15 27 17 -18 -19 -20 20 22 -23 -24 -25 26 -27 -28 -29 -30 -31
leaf_value=0.2219716040010572 -0.029444560186463117 -0.077828157953917981 -0.09096578524831464 -0.0081499071230377636 0.096201689155643685 0.051405125545409228 -0.18631655673866404 -0.0031502995898841412 -0.19382602778784019 -0.2491249251425407 0.2561039206892729 0.062133919846393992 -0.077006197215720718 -0.077006197215720718 0.060875370114659655 0.14453923728713697 0.27097301856539718 -0.045531610861231836 0.36277802988886831 0.0085209501448070164 0.061875023034954728 -0.11384655577201171 0.19176869198939264 0.0085209501448070164 0.023294459496138866 0.042474972906616365 0.19079409695661337 0.010940679812765851 -0.11877934310919583 0.096796179615648084
leaf_weight=492 161 80 170 479 847 339 73 1022 449 53 41 263 539 301 78 108 87 2427 20 250 562 264 171 217 50 538 134 294 390 282
leaf_count=492 161 80 170 479 847 339 73 1022 449 53 41 263 539 301 78 108 87 2427 20 250 562 264 171 217 50 538 134 294 390 282
internal_value=0.000945214 0.042166 0.0648379 0.074666 0.0930999 0.15239 -0.0210562 -0.0336058 -0.062804 0.0188555 -0.0173785 -0.0889014 -0.120547 -0.0334654 -0.0211429 -0.0204555 0.0183544 -0.0374339 0.0251527 0.0207594 0.0523681 -0.0353262 0.0951322 0.00852095 0.0631306 0.0575256 0.124417 -0.05034 -0.0888369 0.0509164
internal_weight=11181 3891 2865 2695 2216 831 7290 5733 2048 496 3685 1552 988 564 1026 3644 1109 2535 1557 1537 983 554 733 290 264 1385 184 762 468 443
internal_count=11181 3891 2865 2695 2216 831 7290 5733 2048 496 3685 1552 988 564 1026 3644 1109 2535 1557 1537 983 554 733 290 264 1385 184 762 468 443
is_linear=0
shrinkage=0.05


Tree=69
num_leaves=31
num_cat=0
split_feature=9 7 17 18 24 17 5 7 12 7 9 4 7 3 1 5 11 5 7 12 23 0 1 1 23 11 23 23 10 5
split_gain=3727.8 1825.44 2347.76 1838.2 1803.6 1682.62 1548.45 2350.84 2439.48 2026.79 2416.69 2016.96 1568.09 2924.68 1528.41 2163.39 1378.53 1936.67 1464.73 1487.99 2402.35 1983.83 1350.91 1320.01 1214.66 2468.42 1049.58 932.684 784.738 763.403
threshold=-0.6035499870777129 1018.2500000000001 0.14050000160932544 11.84999990463257 823.75000000000011 0.10750000178813936 0.10500000044703485 1018.3500061035157 -0.56175000965595234 1021.5499877929689 0.60354998707771312 2.1950000524520878 1024.350036621094 246.50000000000003 82.500000000000014 -2.7949999570846553 1.0000000180025095e-35 -1.1950000524520872 1012.5499877929689 -0.56175000965595234 73.500000000000014 18.650000572204593 81.500000000000014 72.500000000000014 37.500000000000007 1.0000000180025095e-35 10.500000000000002 30.500000000000004 0.60354998707771312 -4.1549999713897696
decision_type=2 2 2 2 2 2 2 2 2 2 2 2 2 2 2 2 2 2 2 2 2 2 2 2 2 2 2 2 2 2
left_child=1 2 4 23 14 -6 16 11 12 10 -10 24 13 -9 15 -1 18 26 -2 20 -20 -21 -13 -3 25 -8 -18 -19 -26 -7
right_child=6 3 -4 -5 5 29 7 8 9 -11 -12 22 -14 -15 -16 -17 17 27 19 21 -22 -23 -24 -25 28 -27 -28 -29 -30 -31
leaf_value=0.077699331438085995 -0.22080200844800768 0.035406506372294727 0.53692495226860049 0.28980007379182748 -0.11537209106807381 -0.02660276188801481 -0.41016849828701396 0.1356866591618405 0.17268490414046178 -0.044710950145330587 -0.018502830597105033 -0.035522415070998958 -0.1177651293841856 0.75379077121615412 0.064638101021592329 0.25003592225498167 -0.29231938101896426 -0.35840297071263194 -0.076166063631315728 -0.11412543882315439 0.3066434039279472 0.036732683191205491 0.29220826520639309 -0.058090486770834983 0.03082238576404514 -0.13619326096020729 -0.036602668688016197 -0.1338564869045332 -0.13619326096020729 0.064638101021592329
leaf_weight=382 81 951 28 56 188 125 102 444 314 846 349 82 56 20 230 348 41 54 874 248 43 1797 51 626 126 96 1885 322 81 335
leaf_count=382 81 951 28 56 188 125 102 444 314 846 349 82 56 20 230 348 41 54 874 248 43 1797 51 626 126 96 1885 322 81 335
internal_value=0.000771554 0.0456866 0.0830157 0.00828888 0.0751118 0.0106584 -0.017786 0.014132 0.0387708 0.00658722 0.0720446 -0.0787899 0.132165 0.162329 0.118618 0.159854 -0.033115 -0.0623096 -0.0110295 -0.00529303 -0.0582153 0.0184379 0.0901487 -0.00170771 -0.134269 -0.222805 -0.0420463 -0.166105 -0.0495816 0.0621666
internal_weight=11181 3269 1636 1633 1608 648 7912 2567 2029 1509 663 538 520 464 960 730 5345 2302 3043 2962 917 2045 133 1577 405 198 1926 376 207 460
internal_count=11181 3269 1636 1633 1608 648 7912 2567 2029 1509 663 538 520 464 960 730 5345 2302 3043 2962 917 2045 133 1577 405 198 1926 376 207 460
is_linear=0
shrinkage=0.05


Tree=70
num_leaves=31
num_cat=0
split_feature=1 11 8 5 7 5 5 7 18 9 5 7 1 23 23 10 2 7 17 23 10 23 23 17 7 3 5 7 23 7
split_gain=3364.83 1825.2 1628.63 1943.23 1319.42 1235.36 1132.91 1826.91 1154.71 1492.64 1123.35 1131.28 1907 1656.01 1374.1 1241.77 968.996 890.27 819.987 799.828 676.088 655.271 649.886 604.843 574.594 565.333 836.768 529.312 480.043 598.93
threshold=86.500000000000014 0.60784998536109935 598.50000000000011 -3.9650000333786006 1019.5499877929689 5.6549999713897714 -1.0249999761581419 1023.2500000000001 14.750000000000002 -1.0000000180025095e-35 -4.629999876022338 1016.5499877929689 95.500000000000014 25.500000000000004 12.500000000000002 -0.91595000028610218 6.0699999332427987 1015.5499877929689 0.10249999910593034 45.500000000000007 -0.6035499870777129 64.500000000000014 33.500000000000007 0.12049999833106996 1026.850036621094 333.50000000000006 -3.1750000715255733 1021.4500122070314 103.50000000000001 1021.6499938964845
decision_type=2 2 2 2 2 2 2 2 2 2 2 2 2 2 2 2 2 2 2 2 2 2 2 2 2 2 2 2 2 2
left_child=1 2 6 -4 18 10 8 16 9 -1 22 12 13 -12 -13 -16 -8 -14 -5 25 24 -9 -2 -6 -21 26 -3 -28 29 -22
right_child=5 19 3 4 23 -7 7 21 -10 -11 11 14 17 -15 15 -17 -18 -19 -20 20 28 -23 -24 -25 -26 -27 27 -29 -30 -31
leaf_value=0.013071891964770649 -0.03846900295270117 -0.047536934047023305 0.060672774211953044 0.060672774211953044 0.060672774211953044 0.20447333955539848 0.060672774211953044 -0.11471733473432372 0.060672774211953044 -0.084112514887336579 -0.2046996237395646 -0.24515855563421773 -0.15250071484766814 -0.017783335624226453 0.11457510227461656 -0.033159131791900671 -0.10500364583177664 -0.39708936897607949 0.22955757418837275 -0.047536934047023305 -0.014915428982695211 0.013162454076052543 0.12782100130888549 0.20698049078944702 0.18312165880644765 -0.047536934047023305 -0.26901525485891481 -0.047536934047023305 0.18655373070921219 0.074161924545515318
leaf_weight=1196 95 77 283 21 132 53 1647 195 411 590 154 73 87 514 150 2749 97 65 401 552 592 206 154 71 27 126 111 33 42 277
leaf_count=1196 95 77 283 21 132 53 1647 195 411 590 154 73 87 514 150 2749 97 65 401 552 592 206 154 71 27 126 111 33 42 277
internal_value=0.000734148 0.0215816 0.0365912 0.0974894 0.159375 -0.0353543 0.0238562 0.049704 -0.00137983 -0.0190327 -0.0384998 -0.0452551 -0.0972473 -0.0608748 -0.0309101 -0.0255151 0.0606728 -0.257095 0.20982 -0.0213146 -0.00539301 -0.0490235 0.064377 0.0606728 -0.0475369 -0.0896809 -0.14337 -0.216717 0.0214579 0.0134786
internal_weight=11181 7087 5250 908 625 4094 4342 2145 2197 1786 4041 3792 820 668 2972 2899 1744 152 422 1837 1490 401 249 203 579 347 221 144 911 869
internal_count=11181 7087 5250 908 625 4094 4342 2145 2197 1786 4041 3792 820 668 2972 2899 1744 152 422 1837 1490 401 249 203 579 347 221 144 911 869
is_linear=0
shrinkage=0.05


Tree=71
num_leaves=31
num_cat=0
split_feature=9 7 17 18 4 5 21 1 5 7 7 5 18 8 4 12 11 5 7 12 1 18 1 1 18 23 1 23 23 11
split_gain=3052.84 1603.56 2079.26 1650.8 1625.36 3734.18 1662 1477.6 1283.63 2035.74 2550.25 3190.14 2103.08 1950.08 1733.6 1396.28 1191.65 1739.24 1323.73 1302.03 2113.71 1915.9 1144.42 1066.05 988.253 1672.23 973.106 873.866 817.134 744.702
threshold=-0.6035499870777129 1018.2500000000001 0.14050000160932544 11.84999990463257 0.074999999254941954 -1.3650000095367429 17.94999980926514 90.500000000000014 0.10500000044703485 1018.9500122070314 1021.6499938964845 0.75499999523162853 17.050000190734867 24.500000000000004 1.9950000047683718 1.0000000180025095e-35 1.0000000180025095e-35 -1.1950000524520872 1012.5499877929689 -0.56175000965595234 97.500000000000014 21.349999427795414 72.500000000000014 41.500000000000007 20.849999427795414 37.500000000000007 81.500000000000014 10.500000000000002 30.500000000000004 -0.87834998965263356
decision_type=2 2 2 2 2 2 2 2 2 2 2 2 2 2 2 2 2 2 2 2 2 2 2 2 2 2 2 2 2 2
left_child=1 2 4 22 5 6 -1 -7 16 14 11 15 29 -13 24 -11 18 27 -2 20 -20 -21 -3 -6 25 -10 -16 -18 -19 -12
right_child=8 3 -4 -5 23 7 -8 -9 9 10 12 13 -14 -15 26 -17 17 28 19 21 -22 -23 -24 -25 -26 -27 -28 -29 -30 -31
leaf_value=0.026706820619575567 -0.20893238716655307 0.031383326132370493 0.50350295049803595 0.2730741607025266 0.21047358106483116 0.28468203733962283 0.24267492218285192 -0.080076546822824793 -0.23952228406453019 0.54068617394702001 -0.13888679359586456 0.024756724361563495 0.21207708756023266 0.20963756746434151 -0.044998014653506488 0.14014705138074027 -0.26635130233154064 -0.33554487955515033 -0.034575058453903039 0.0064905047309847504 -0.35703427499091189 0.21919546968170575 -0.0556731247866806 -0.096154330177834979 0.084349451972679665 -0.037740015078335999 0.18825271985568537 -0.033019974961727414 -0.12536761666133261 -0.01691187277357209
leaf_weight=979 81 951 28 56 33 266 98 31 211 55 148 591 94 188 92 36 41 54 863 1933 54 112 626 201 55 200 87 1885 322 810
leaf_count=979 81 951 28 56 33 266 98 31 211 55 148 591 94 188 92 36 41 54 863 1933 54 112 626 201 55 200 87 1885 322 810
internal_value=0.000704356 0.0413503 0.0763373 0.00629903 0.0688991 0.0896442 0.0463585 0.24661 -0.0160893 0.0129714 0.0387656 0.102099 -0.0136109 0.069375 -0.0638912 0.382231 -0.0300461 -0.0571898 -0.0095122 -0.00405877 -0.0535639 0.0181399 -0.00317428 -0.0529119 -0.114695 -0.141331 0.0683697 -0.037987 -0.155553 -0.0357556
internal_weight=11181 3269 1636 1633 1608 1374 1077 297 7912 2567 1922 870 1052 779 645 91 5345 2302 3043 2962 917 2045 1577 234 466 411 179 1926 376 958
internal_count=11181 3269 1636 1633 1608 1374 1077 297 7912 2567 1922 870 1052 779 645 91 5345 2302 3043 2962 917 2045 1577 234 466 411 179 1926 376 958
is_linear=0
shrinkage=0.05


Tree=72
num_leaves=31
num_cat=0
split_feature=1 11 7 24 10 6 5 7 11 24 9 4 18 5 23 5 8 11 4 9 23 18 11 11 5 5 7 3 7 23
split_gain=2808.25 1563.43 1366.95 3142.54 2554.43 1668.96 1665.41 2009.48 1602.29 1443.43 1202.29 1158.87 1109.72 1078.14 1005.07 1466.65 1686.58 1012.05 2068.88 1010.7 2593.69 976.411 906.654 899.957 745.344 740.697 1106.97 1386.87 1412.17 1208.05
threshold=86.500000000000014 0.60784998536109935 1014.1499938964845 307.08500671386724 0.3793999999761582 162.50000000000003 -1.0950000286102293 1023.2500000000001 1.0000000180025095e-35 937.08499145507824 0.78654998540878307 0.64499998092651378 21.349999427795414 5.6549999713897714 30.500000000000004 -1.5049999952316282 18.500000000000004 0.60784998536109935 0.55500000715255748 0.60354998707771312 51.500000000000007 14.34999990463257 0.87834998965263378 0.87834998965263378 -2.7250000238418575 -3.564999938011169 1021.6499938964845 80.500000000000014 1018.3500061035157 69.500000000000014
decision_type=2 2 2 2 2 2 2 2 2 2 2 2 2 2 2 2 2 2 2 2 2 2 2 2 2 2 2 2 2 2
left_child=1 2 3 5 9 -1 10 8 -8 -5 12 -6 -4 14 17 19 -17 21 -19 -16 -21 -2 -20 -18 -12 -3 27 28 -27 -29
right_child=13 25 6 4 11 -7 7 -9 -10 -11 24 -13 -14 -15 15 16 23 18 22 20 -22 -23 -24 -25 -26 26 -28 29 -30 -31
leaf_value=0.54400706359495721 -0.14348228659223894 0.039903894148763532 -0.0043088545504540608 0.17419520083199699 -0.049526546444034293 0.18533037468791008 0.05057737119792112 -0.0459016305667026 0.16346802503205002 -0.020519716315722282 0.00066310419720046372 -0.42337233657422274 0.2650015254337818 0.19174816782744428 -0.019320872484505262 -0.046743761117336413 0.019126301137095486 -0.27769810980799037 -0.22634947110120565 0.052430611399070515 0.58474162667989737 -0.046743761117336413 -0.046743761117336413 0.20988873227437341 -0.24471542041393973 -0.024098798863470872 0.020128549770103924 -0.059198603075411582 -0.20113756914102737 0.12580301696284404
leaf_weight=48 261 403 1993 298 210 100 1454 422 401 129 49 23 39 53 572 1352 352 161 73 492 24 587 92 75 84 188 535 306 281 124
leaf_count=48 261 403 1993 298 210 100 1454 422 401 129 49 23 39 53 572 1352 352 161 73 492 24 587 92 75 84 188 535 306 281 124
internal_value=0.000669138 0.0197145 0.0336062 0.0934267 0.0467325 0.301658 0.0227248 0.0525778 0.0749812 0.119395 -0.00867256 -0.0864298 0.000859996 -0.0322998 -0.0352383 -0.0192816 -0.0467438 -0.074206 -0.149101 0.0264505 0.0771893 -0.0467438 -0.0467438 0.0526326 -0.154313 -0.0199866 -0.0368178 -0.0707068 -0.130171 -0.0058493
internal_weight=11181 7087 5250 808 660 148 4442 2277 1855 427 2165 233 2032 4094 4041 2867 1779 1174 326 1088 516 848 165 427 133 1837 1434 899 469 430
internal_count=11181 7087 5250 808 660 148 4442 2277 1855 427 2165 233 2032 4094 4041 2867 1779 1174 326 1088 516 848 165 427 133 1837 1434 899 469 430
is_linear=0
shrinkage=0.05


Tree=73
num_leaves=31
num_cat=0
split_feature=9 18 7 14 7 5 10 11 7 3 7 17 10 17 7 5 11 11 23 1 1 7 5 7 23 5 18 23 7 5
split_gain=2563.32 1379.56 2193.25 1472.46 1421.52 1226.12 1086.72 1154.11 2012.69 2275.39 2520.86 1759.22 1024.8 1005.68 961.604 884.233 883.243 795.355 2227.91 1564.61 1548.13 1064.54 711.38 700.333 1707.2 1372.58 1319.49 4275.77 1557.59 1243.45
threshold=1.0000000180025095e-35 21.349999427795414 1016.7500000000001 33.000000000000007 1018.0499877929689 1.544999957084656 -1.0000000180025095e-35 -0.60784998536109913 1021.3500061035157 268.50000000000006 1022.7500000000001 0.099500000476837172 -1.0000000180025095e-35 0.10350000113248826 1021.7500000000001 -4.9300000667572013 -0.87834998965263356 -1.0000000180025095e-35 62.500000000000007 96.500000000000014 96.500000000000014 1022.2500000000001 2.4550000429153447 1019.5499877929689 71.500000000000014 -3.6850000619888301 7.8500001430511483 55.500000000000007 1022.2500000000001 -0.49500000476837153
decision_type=2 2 2 2 2 2 2 2 2 2 2 2 2 2 2 2 2 2 2 2 2 2 2 2 2 2 2 2 2 2
left_child=1 3 -3 4 13 12 7 8 11 16 -11 -2 15 -1 -7 -5 -10 18 20 21 -9 -19 -13 24 25 -8 27 28 -25 -28
right_child=6 2 -4 5 -6 14 23 17 9 10 -12 22 -14 -15 -16 -17 -18 19 -20 -21 -22 -23 -24 26 -26 -27 29 -29 -30 -31
leaf_value=0.04194274750853684 -0.14909799467381421 0.68184432983398446 0.1317174467115326 -0.081261427569444544 0.04194274750853684 0.04194274750853684 0.037332451523088658 -0.13299394788911309 -0.14490788708463676 -0.63888182382325875 -0.0728611137185778 0.072824845136933047 -0.030584192683639579 0.1317174467115326 -0.032918158994351437 0.032826028152966681 0.16678510362318918 -0.041724005131949168 0.34933889481154357 0.27544393420219421 -0.47987235999769634 -0.15839237439756593 0.25269096575000066 -0.14020574502322655 0.40842905857346273 -0.068861102909254221 0.010217454582215854 0.010217454582215854 -0.43962929682298146 0.12771533606942537
leaf_weight=108 84 21 49 189 481 690 444 302 41 37 42 329 1951 425 467 1675 51 1055 22 35 36 240 66 56 22 967 448 392 77 379
leaf_count=108 84 21 49 189 481 690 444 302 41 37 42 329 1951 425 467 1675 51 1055 22 35 36 240 66 56 22 967 448 392 77 379
internal_value=0.000643223 0.0226667 0.243349 0.020086 0.0749984 0.00888706 -0.025381 -0.0504991 0.00612118 -0.141134 -0.337959 0.0586905 -0.00525415 0.131717 0.0419427 0.0212581 0.0278784 -0.0722761 -0.138206 -0.0544304 -0.16994 -0.0633459 0.102878 -0.00427633 -0.0286306 -0.0354451 0.021537 -0.0404582 -0.290629 0.0608931
internal_weight=11181 6056 70 5986 1014 4972 5125 2340 650 171 79 479 3815 533 1157 1864 92 1690 360 1330 338 1295 395 2785 1433 1411 1352 525 133 827
internal_count=11181 6056 70 5986 1014 4972 5125 2340 650 171 79 479 3815 533 1157 1864 92 1690 360 1330 338 1295 395 2785 1433 1411 1352 525 133 827
is_linear=0
shrinkage=0.05


Tree=74
num_leaves=31
num_cat=0
split_feature=9 7 2 12 17 18 5 1 5 12 10 4 7 14 24 1 7 0 23 11 18 11 20 5 2 11 23 11 1 7
split_gain=2361.81 1328.96 1857.14 2236.3 1484.77 1449.04 1110.07 991.297 959.042 1158 1770.79 1407.24 1175.84 894.979 883.541 880.073 1825.4 1096.04 906.635 1474.58 1286.35 863.449 770.177 788.457 681.961 630.436 657.887 597.515 564.115 513.944
threshold=-0.6035499870777129 1018.2500000000001 3.9850000143051152 0.81174999475479137 0.14050000160932544 11.84999990463257 1.6800000071525576 72.500000000000014 3.7050000429153447 1.0000000180025095e-35 1.0000000180025095e-35 2.5649999380111699 1015.2500000000001 33.000000000000007 586.25000000000011 97.500000000000014 1022.5499877929689 15.949999809265138 30.500000000000004 0.60784998536109935 21.349999427795414 -1.0000000180025095e-35 7.4500000476837167 -0.70499998331069935 5.4049999713897714 -1.0000000180025095e-35 93.500000000000014 0.60784998536109935 83.500000000000014 1024.850036621094
decision_type=2 2 2 2 2 2 2 2 2 2 2 2 2 2 2 2 2 2 2 2 2 2 2 2 2 2 2 2 2 2
left_child=1 2 3 4 6 7 -1 25 15 12 21 -12 -10 -4 -14 17 22 -2 19 -19 -20 -11 -17 -24 -15 26 -3 -27 -7 -16
right_child=8 5 13 -5 -6 28 -8 -9 9 10 11 -13 14 24 29 16 -18 18 20 -21 -22 -23 23 -25 -26 27 -28 -29 -30 -31
leaf_value=0.080060921427539067 -0.2992985685082043 -0.054581889050661136 0.080060921427539067 0.50155675415045176 0.46649962323052546 0.38062864939371743 0.28008463270589273 -0.05303239619073729 -0.22819103866815571 0.17933976235134264 0.22258987592469001 -0.070959175153384138 0.36351233644688385 0.030485161071443841 0.15320801229877326 -0.33437074053172888 0.27643887331852546 -0.027043812906672095 -0.0087296228664830635 -0.13380210648184929 0.16248292264395528 -0.11394099137815071 0.053033830712036212 -0.19389984726807791 -0.076736518010989699 0.1000456742880417 0.11860611672832895 -0.0043436748468700581 0.12523691423659328 -0.10796404589306226
leaf_weight=506 34 302 367 39 28 36 71 626 20 28 116 63 47 383 131 52 26 1134 5354 387 112 242 49 95 242 361 67 221 20 22
leaf_count=506 34 302 367 39 28 36 71 626 20 28 116 63 47 383 131 52 26 1134 5354 387 112 242 49 95 242 361 67 221 20 22
internal_value=0.000862038 0.036613 0.0684638 0.134581 0.110925 0.00470379 0.0936696 -0.00417176 -0.0139092 0.0433693 -0.00267753 0.119274 0.137347 0.025541 0.173901 -0.0191997 -0.117215 -0.0161005 -0.0147225 -0.0488662 -0.00522143 -0.0835267 -0.169434 -0.109874 -0.0110311 0.027991 -0.0231358 0.0604064 0.254646 0.115654
internal_weight=11181 3269 1636 644 605 1633 577 1577 7912 669 449 179 220 992 200 7243 222 7021 6987 1521 5466 270 196 144 625 951 369 582 56 153
internal_count=11181 3269 1636 644 605 1633 577 1577 7912 669 449 179 220 992 200 7243 222 7021 6987 1521 5466 270 196 144 625 951 369 582 56 153
is_linear=0
shrinkage=0.05


Tree=75
num_leaves=31
num_cat=0
split_feature=1 11 8 6 7 17 5 12 23 9 18 23 10 1 5 7 18 9 2 1 5 0 5 7 3 7 23 10 5 17
split_gain=2188.83 1328.85 1166.61 1596.9 932.836 1473.74 1072.49 1229.61 1169.87 4658.31 1979.37 1109.35 906.442 1080.22 856.459 1247.25 993.414 1220.88 848.302 777.532 752.325 716.669 639.963 1063.74 1285.9 1195.62 970.482 767.435 679.894 658.955
threshold=86.500000000000014 0.60784998536109935 598.50000000000011 757.50000000000011 1014.3500061035157 0.12550000101327899 -4.2550001144409171 -0.56175000965595234 60.500000000000007 0.3793999999761582 10.949999809265138 13.500000000000002 0.78654998540878307 89.500000000000014 -1.0249999761581419 1023.2500000000001 14.750000000000002 0.78654998540878307 6.6250000000000009 60.500000000000007 6.3849999904632577 22.44999980926514 -3.564999938011169 1021.6499938964845 80.500000000000014 1018.3500061035157 69.500000000000014 -0.37939999997615809 -2.3049999475479122 0.11749999970197679
decision_type=2 2 2 2 2 2 2 2 2 2 2 2 2 2 2 2 2 2 2 2 2 2 2 2 2 2 2 2 2 2
left_child=1 2 14 19 5 12 21 8 10 -10 -8 -9 13 -2 16 18 17 -1 -16 -4 -13 -6 -3 24 25 -24 -26 28 -25 -29
right_child=4 22 3 -5 6 -7 7 11 9 -11 -12 20 -14 -15 15 -17 -18 -19 -20 -21 -22 -23 23 27 26 -27 -28 29 -30 -31
leaf_value=-0.010219596594022634 0.051559410172159828 0.036712659575119065 0.11445814594094708 0.050833794670034071 -0.018082186907472077 0.26487030220031738 -0.21073760490934804 -0.19830116766517039 -0.0035439593160941753 0.74901065447113735 -0.042565374774767933 -0.0084830568274113279 -0.33177314088964954 -0.16210395916551354 0.050833794670034071 -0.039606515056757892 0.050833794670034071 -0.21632582676410675 -0.20187843789656959 0.2488838258470808 0.2568880311316914 0.13881754065434376 -0.027479687547113038 0.13808052235593399 -0.053186927183060999 -0.19037968326605248 0.11262909964688364 0.03190877852838158 -0.067916652502507474 0.20982924925535917
leaf_weight=1711 84 403 126 607 129 25 265 77 66 22 515 2468 49 200 1708 401 411 75 36 175 27 167 188 48 306 281 124 170 242 75
leaf_count=1711 84 403 126 607 129 25 265 77 66 22 515 2468 49 200 1708 401 411 75 36 175 27 167 188 48 306 281 124 170 242 75
internal_value=0.000830901 0.0176452 0.0304523 0.0819936 -0.0282758 -0.105377 -0.0208876 -0.028746 -0.0802036 0.0926129 -0.0997008 -0.01138 -0.133173 -0.0989078 0.019674 0.0421479 -0.00226808 -0.0188747 0.0508338 0.178082 -0.00561131 0.0704389 -0.0189565 -0.0346014 -0.0678221 -0.125081 -0.00537021 0.0212219 -0.0338206 0.0863742
internal_weight=11181 7087 5250 908 4094 358 3736 3440 868 88 780 2572 333 284 4342 2145 2197 1786 1744 301 2495 296 1837 1434 899 469 430 535 290 245
internal_count=11181 7087 5250 908 4094 358 3736 3440 868 88 780 2572 333 284 4342 2145 2197 1786 1744 301 2495 296 1837 1434 899 469 430 535 290 245
is_linear=0
shrinkage=0.05


Tree=76
num_leaves=31
num_cat=0
split_feature=9 7 24 12 17 17 5 21 12 10 0 7 1 7 11 4 9 1 2 4 21 8 2 4 23 18 11 14 11 5
split_gain=2012.69 1488.73 1773.38 1216.86 1292.31 1212.76 925.493 1451.9 1230.79 1461.08 1048.97 870.024 810.594 1143.3 1452.98 2194.8 1241.48 802.289 800.559 757.899 714.181 684.764 1011.84 964.683 679.048 678.307 605.003 562.111 508.677 1322.44
threshold=-0.78654998540878285 1018.2500000000001 909.58499145507824 0.81174999475479137 0.14050000160932544 0.10750000178813936 3.7050000429153447 15.650000095367433 1.0000000180025095e-35 -1.0000000180025095e-35 25.050000190734867 1015.2500000000001 88.500000000000014 1014.4500122070314 -0.87834998965263356 -0.30500000715255732 -1.0000000180025095e-35 72.500000000000014 4.3750000000000009 3.0199999809265141 5.3500001430511483 690.50000000000011 4.2950000762939462 0.14500000327825549 49.500000000000007 3.5499999523162846 -1.0000000180025095e-35 48.000000000000007 0.60784998536109935 -2.8449999094009395
decision_type=2 2 2 2 2 2 2 2 2 2 2 2 2 2 2 2 2 2 2 2 2 2 2 2 2 2 2 2 2 2
left_child=1 2 3 4 25 -4 12 8 11 -10 -9 -8 20 24 16 -16 -15 26 -5 -11 -2 23 -23 -22 -14 -1 -3 -7 -28 -30
right_child=6 17 5 18 -6 27 7 10 9 19 -12 -13 13 14 15 -17 -18 -19 -20 -21 21 22 -24 -25 -26 -27 28 -29 29 -31
leaf_value=0.054176000318707986 -0.12663776440578595 -0.024143261564689315 -0.13803964912719094 0.57060204247633617 0.43966166547366553 0.054176000318707986 -0.21456918329000474 0.12842049026861788 -0.10828152038649007 0.10782829140626843 0.50531221926212311 0.1152870001139952 -0.15898791972869708 -0.19222305108641469 0.062736045672363946 -0.063812679750626669 0.092073869546434345 -0.052971100847719721 0.14227809209376574 -0.14945773091715051 -0.025959260304080668 0.14608465815711366 0.030523518105393267 0.020309522386842953 0.13109931254928761 0.13066139109349048 0.11187793586416778 -0.042211476575388623 0.27865759357810022 -0.086171702652968266
leaf_weight=280 114 271 125 24 28 170 20 80 265 181 24 200 243 43 417 1921 359 432 20 34 2522 224 136 2036 22 501 273 73 32 111
leaf_count=280 114 271 125 24 28 170 20 80 265 181 24 200 243 43 417 1921 359 432 20 34 2522 224 136 2036 22 501 273 73 32 111
internal_value=0.000843425 0.0420779 0.0802571 0.119836 0.105909 -0.011484 -0.0100704 0.0410772 0.0151785 -0.0297068 0.215396 0.11311 -0.015187 -0.0357352 -0.0261439 -0.0412418 0.061664 0.000418517 0.375909 0.0671412 -0.00291611 -4.82232e-05 0.0663386 -0.00529159 -0.134905 0.0939431 0.033991 0.0536167 0.0718622 -0.00453158
internal_weight=11181 2340 1221 853 809 368 8841 804 700 480 104 220 8037 3005 2740 2338 402 1119 44 215 5032 4918 360 4558 265 781 687 243 416 143
internal_count=11181 2340 1221 853 809 368 8841 804 700 480 104 220 8037 3005 2740 2338 402 1119 44 215 5032 4918 360 4558 265 781 687 243 416 143
is_linear=0
shrinkage=0.05


Tree=77
num_leaves=31
num_cat=0
split_feature=9 7 7 24 1 11 21 5 7 7 3 0 12 18 1 11 23 10 18 23 5 8 17 11 17 7 6 11 20 12
split_gain=1818.74 1343.06 1695.62 1602.73 1152.12 1099.22 1070.2 863.505 1628 2368.44 2071.12 1954.4 1822.2 1752.84 1361.75 1967.63 2196.3 1224.08 1231.61 1170.02 1500.28 1653.99 1333.71 1285.17 2387.65 1261.94 1807.23 904.067 798.873 788.675
threshold=-0.78654998540878285 1018.2500000000001 1017.5499877929689 823.75000000000011 68.500000000000014 1.0000000180025095e-35 11.150000095367433 0.10500000044703485 1018.3500061035157 1021.6499938964845 246.50000000000003 25.349999427795414 1.0000000180025095e-35 17.050000190734867 85.500000000000014 1.0000000180025095e-35 26.500000000000004 0.78654998540878307 12.949999809265138 59.500000000000007 -1.205000042915344 1.0000000180025095e-35 0.11549999937415124 -0.87834998965263356 0.11850000172853471 1020.2500000000001 307.50000000000006 -0.87834998965263356 14.550000190734865 1.0000000180025095e-35
decision_type=2 2 2 2 2 2 2 2 2 2 2 2 2 2 2 2 2 2 2 2 2 2 2 2 2 2 2 2 2 2
left_child=1 2 3 4 28 -4 -5 19 14 10 11 -10 -12 27 17 16 -16 18 -9 20 29 22 -22 24 -21 -25 -27 -11 -1 -2
right_child=7 -3 5 6 -6 -7 -8 8 9 13 12 -13 -14 -15 15 -17 -18 -19 -20 23 21 -23 -24 25 -26 26 -28 -29 -30 -31
leaf_value=0.13797649376207802 -0.039517363826583655 0.0003975916495478036 0.40837137699127202 -0.11223707839757383 0.05195432236679022 0.10687457308653864 0.042326914525542908 0.010658321394372531 0.052178252599178222 -0.14101941079209895 0.63539076130236349 0.37579194404640975 0.11570575293656943 0.19030846691036479 -0.60685003399848947 -0.014244280861956733 -0.15589383002370596 -0.27750892601907257 0.34080290300771598 0.011580475516103465 -0.17460880172545412 -0.0073047868010490818 -0.063194840843300445 -0.0073047868010490818 0.39798985641510765 0.26703549307599966 0.025207076909607409 -0.015146873883414465 0.33462124773434232 -0.0073047868010490818
leaf_weight=197 2218 1119 59 167 326 62 340 241 975 169 31 49 37 94 36 161 108 32 32 116 481 213 363 818 61 98 365 915 70 1228
leaf_count=197 2218 1119 59 167 326 62 340 241 975 169 31 49 37 94 36 161 108 32 32 116 481 213 363 818 61 98 365 915 70 1228
internal_value=0.000768901 0.0399663 0.0762295 0.0566874 0.112493 0.253885 -0.0085847 -0.00960571 0.0128753 0.0323626 0.0854083 0.0676637 0.352621 -0.0168104 -0.0596433 -0.134349 -0.268633 0.0150625 0.0493566 -0.0204672 -0.0330719 -0.0851824 -0.119085 0.0184624 0.14475 0.00101282 0.0763932 -0.0347709 0.189531 -0.017088
internal_weight=11181 2340 1221 1100 593 121 507 8841 2880 2270 1092 1024 68 1178 610 305 144 305 273 5961 4503 1057 844 1458 177 1281 463 1084 267 3446
internal_count=11181 2340 1221 1100 593 121 507 8841 2880 2270 1092 1024 68 1178 610 305 144 305 273 5961 4503 1057 844 1458 177 1281 463 1084 267 3446
is_linear=0
shrinkage=0.05


Tree=78
num_leaves=31
num_cat=0
split_feature=1 11 7 24 10 6 5 0 11 10 24 11 2 4 5 7 10 23 7 10 7 5 7 5 18 9 9 10 23 5
split_gain=1635.04 1122.83 1014.94 2796.34 2004.2 1354.45 1228.77 1368.39 1394.74 1253.96 1143.47 971.623 1290.44 790.332 758.938 958.369 1475.19 1967.43 1849.26 888.835 1115.01 1028.78 931.752 907.708 868.872 770.92 745.971 602.392 549.71 548.467
threshold=86.500000000000014 0.60784998536109935 1014.1499938964845 283.75000000000006 0.60354998707771312 162.50000000000003 -1.0950000286102293 21.050000190734867 -0.87834998965263356 -1.0000000180025095e-35 909.58499145507824 -0.87834998965263356 2.5449999570846562 0.64499998092651378 -4.629999876022338 1016.4500122070314 -0.37939999997615809 77.500000000000014 1015.9500122070314 -0.91595000028610218 1021.6499938964845 5.6549999713897714 1019.0499877929689 0.81499999761581432 12.750000000000002 1.0000000180025095e-35 0.91595000028610241 -0.37939999997615809 22.500000000000004 -3.564999938011169
decision_type=2 2 2 2 2 2 2 2 2 2 2 2 2 2 2 2 2 2 2 2 2 2 2 2 2 2 2 2 2 2
left_child=1 2 3 5 10 27 11 9 -9 -8 -5 12 -4 -6 -2 16 18 28 25 20 22 24 -17 -22 -21 -16 -13 -1 -18 -3
right_child=14 29 6 4 13 -7 7 8 -10 -11 -12 26 -14 -15 15 19 17 -19 -20 21 23 -23 -24 -25 -26 -27 -28 -29 -30 -31
leaf_value=0.34026161810526484 0.06029132756902033 0.033275874944001659 0.27426630530792934 0.12978578550700365 -0.079595759517416875 0.17120914213440341 -0.086573258178626628 0.029393458715927901 0.10166583776774439 0.029393458715927901 -0.029090097766914749 -0.015319984345132293 0.017344882139737533 -0.40043625261472626 -0.39719080136468016 -0.040684872052886269 -0.18758784855575594 0.39371470856666568 -0.57604304733020928 -0.049967361795016402 0.12195807828213133 0.21375765700721081 0.34432587125084618 -0.22281213064811062 0.0059624987102905131 -0.08999036276461489 -0.17725008101882161 0.7003110431489491 -0.040377170287118937 -0.032743719734012501
leaf_weight=26 249 403 65 366 116 92 328 362 1164 423 164 1829 197 23 24 22 73 25 28 1704 42 45 55 35 1172 137 74 21 483 1434
leaf_count=26 249 403 65 366 116 92 328 362 1164 423 164 1829 197 23 24 22 73 25 28 1704 42 45 55 35 1172 137 74 21 483 1434
internal_value=0.000852308 0.0153847 0.0271573 0.0787033 0.0363045 0.282767 0.0177811 0.0434238 0.0706154 -0.0118285 0.0806242 -0.00918822 0.0810849 -0.132684 -0.0243043 -0.0297826 -0.0796671 -0.0401949 -0.201008 -0.0172912 0.0997836 -0.0234636 0.234323 -0.0347557 -0.0271754 -0.135784 -0.0216168 0.501135 -0.0597052 -0.0182604
internal_weight=11181 7087 5250 808 669 139 4442 2277 1526 751 530 2165 262 139 4094 3845 770 581 189 3075 154 2921 77 77 2876 161 1903 47 556 1837
internal_count=11181 7087 5250 808 669 139 4442 2277 1526 751 530 2165 262 139 4094 3845 770 581 189 3075 154 2921 77 77 2876 161 1903 47 556 1837
is_linear=0
shrinkage=0.05


Tree=79
num_leaves=31
num_cat=0
split_feature=9 7 7 17 24 6 21 23 12 18 1 4 5 21 12 10 0 9 12 1 8 1 4 11 7 5 11 7 5 5
split_gain=1492.33 1148.24 1533.99 1376.53 997.729 995.84 968.541 777.684 930.347 740.003 790.763 733.284 673.405 1188.44 1019.43 946.101 858.874 652.358 645.532 2357.47 1639.17 718.597 1178.55 613.707 555.434 514.676 449.663 371.663 364.261 397.004
threshold=-0.78654998540878285 1018.2500000000001 1017.5499877929689 0.14050000160932544 823.75000000000011 617.50000000000011 11.150000095367433 16.500000000000004 1.0000000180025095e-35 8.6500000953674334 71.500000000000014 -0.095000002533197389 3.7050000429153447 15.650000095367433 1.0000000180025095e-35 1.0000000180025095e-35 25.050000190734867 -0.91595000028610218 0.81174999475479137 96.500000000000014 38.500000000000007 92.500000000000014 -0.30500000715255732 -1.0000000180025095e-35 1015.2500000000001 -0.38499999046325678 0.60784998536109935 1019.3500061035157 5.4549999237060556 -3.1750000715255733
decision_type=2 2 2 2 2 2 2 2 2 2 2 2 2 2 2 2 2 2 2 2 2 2 2 2 2 2 2 2 2 2
left_child=1 2 3 4 11 26 -6 8 -2 10 23 -1 18 14 24 -16 -15 -7 21 20 -20 25 -23 -3 -14 -9 -4 -25 29 -12
right_child=7 9 5 -5 6 17 -8 12 -10 -11 28 -13 13 16 15 -17 -18 -19 19 -21 -22 22 -24 27 -26 -27 -28 -29 -30 -31
leaf_value=0.121257350402016 -0.044481712565134196 -0.033423802255859406 0.59581601506187798 0.39728158627237597 -0.10737204648091453 0.23123945135336657 0.039542313456244101 -0.017493275809444674 -0.21444937955131949 0.20556547294947364 0.054902895322690409 0.039542313456244101 -0.044481712565134196 0.11715988148003818 -0.044481712565134196 0.069713679985850277 0.45819630324840549 -0.079564628601074217 -0.027775827217123683 0.44364294409751892 0.12203229676898836 0.092980842915533476 -0.044481712565134196 -0.033118662826324766 0.10511698662990061 0.016212320563597504 0.27942151089573836 0.090108107343929864 0.05448214932960474 -0.099207799009469327
leaf_weight=472 238 257 21 28 167 52 340 4006 98 42 48 93 20 80 269 191 24 25 663 33 252 159 1029 76 200 1579 23 314 59 323
leaf_count=472 238 257 21 28 167 52 340 4006 98 42 48 93 20 80 269 191 24 25 663 33 252 159 1029 76 200 1579 23 314 59 323
internal_value=0.000746456 0.0362528 0.069783 0.0511955 0.042156 0.23876 -0.0087653 -0.00865121 -0.0832597 -0.000333846 -0.00836335 0.0878499 -0.00570371 0.0384482 0.0143734 -0.0279644 0.195861 0.130329 -0.010187 0.0284567 0.0134828 -0.0155958 -0.0444817 0.0265642 0.102898 -0.00796398 0.428514 0.0660947 -0.0609171 -0.0792689
internal_weight=11181 2340 1221 1100 1072 121 507 8841 336 1119 1077 565 8505 784 680 460 104 77 7721 948 915 6773 1188 647 220 5585 44 390 430 371
internal_count=11181 2340 1221 1100 1072 121 507 8841 336 1119 1077 565 8505 784 680 460 104 77 7721 948 915 6773 1188 647 220 5585 44 390 430 371
is_linear=0
shrinkage=0.05


Tree=80
num_leaves=31
num_cat=0
split_feature=9 18 7 14 8 5 10 11 7 4 11 17 10 5 7 23 11 7 1 11 7 18 23 23 5 7 20 18 11 5
split_gain=1361.51 1196.39 1913.03 970.58 1009.8 874.433 873.999 879.681 1801.07 2083.86 1366.38 1332.87 743.181 739.802 683.232 1408.61 716.492 1604.9 1240.11 660.368 631.933 591.75 564.023 516.538 2043.63 663.599 950.365 759.332 1390.55 925.964
threshold=1.0000000180025095e-35 21.349999427795414 1016.7500000000001 33.000000000000007 510.50000000000006 1.544999957084656 -1.0000000180025095e-35 -0.60784998536109913 1021.3500061035157 0.80500000715255748 -0.87834998965263356 0.099500000476837172 -1.0000000180025095e-35 -5.2299997806549063 1025.350036621094 53.500000000000007 -1.0000000180025095e-35 1018.8500061035157 96.500000000000014 -0.87834998965263356 1021.8500061035157 4.5499999523162851 25.500000000000004 74.500000000000014 1.7749999761581423 1023.7500000000001 7.2500000000000009 14.150000095367433 0.60784998536109935 -1.1950000524520872
decision_type=2 2 2 2 2 2 2 2 2 2 2 2 2 2 2 2 2 2 2 2 2 2 2 2 2 2 2 2 2 2
left_child=1 3 -3 4 -1 12 7 8 11 19 -11 22 13 -5 16 -16 17 -9 -18 -10 -7 -13 -2 25 -25 27 -27 29 -29 -8
right_child=6 2 -4 5 -6 20 23 14 9 10 -12 21 -14 -15 15 -17 18 -19 -20 -21 -22 -23 -24 24 -26 26 -28 28 -30 -31
leaf_value=0.031880097611852627 -0.25309727461565112 0.63167177609034952 0.11809137520559837 -0.08721978526562453 0.11809137520559837 0.031880097611852627 -0.0065865155963883634 -0.16906965734489576 -0.10490400192141534 -0.091225310573072149 -0.52346370109334228 -0.013045019228317323 -0.028571174582927135 0.025229318430805753 -0.43139293159757347 0.054465892223211437 -0.0447520866038537 0.10298169019506938 0.2570322348390307 0.15614066688304251 -0.031144638563518186 0.11724177919447483 -0.013045019228317323 0.53540386141588292 0.059218099221688636 -0.12299882078336344 0.059218099221688636 0.059218099221688636 -0.0065865155963883634 -0.078110635557010422
leaf_weight=713 42 21 49 160 301 711 750 284 50 33 41 28 1951 1704 35 26 1243 67 35 47 446 367 42 24 61 72 235 707 252 684
leaf_count=713 42 21 49 160 301 711 750 284 50 33 41 28 1951 1704 35 26 1243 67 35 47 446 367 42 24 61 72 235 707 252 684
internal_value=0.000487493 0.0165382 0.222048 0.014135 0.0587174 0.00504276 -0.018479 -0.0410049 0.00842741 -0.130872 -0.330709 0.0581563 -0.00700046 0.015577 -0.0600174 -0.224306 -0.0538654 -0.11714 -0.0364873 0.0215816 0.0318801 0.0966187 -0.122709 0.000447674 0.121809 -0.00337297 0.0592181 -0.0122907 0.0221506 -0.0353236
internal_weight=11181 6056 70 5986 1014 4972 5125 2340 650 171 74 479 3815 1864 1690 61 1629 351 1278 97 1157 395 84 2785 85 2700 307 2393 959 1434
internal_count=11181 6056 70 5986 1014 4972 5125 2340 650 171 74 479 3815 1864 1690 61 1629 351 1278 97 1157 395 84 2785 85 2700 307 2393 959 1434
is_linear=0
shrinkage=0.05


Tree=81
num_leaves=31
num_cat=0
split_feature=1 11 7 5 8 7 11 17 5 7 10 23 7 10 7 5 4 7 5 9 12 1 0 23 23 23 23 7 5 3
split_gain=1294.4 968.671 863.404 1209.81 1947.21 1256.01 901.444 858.899 692.287 854.364 1298.51 1702.88 1634.1 763.639 1009.26 880.247 813.661 812.185 798.949 716.132 633.765 633.151 628.101 546.08 541.11 503.196 494.872 492.31 994.73 1189.99
threshold=86.500000000000014 0.60784998536109935 1022.3500061035157 -3.564999938011169 645.50000000000011 1014.6499938964845 -0.60784998536109913 0.14250000566244128 -4.629999876022338 1016.4500122070314 -0.37939999997615809 77.500000000000014 1015.9500122070314 -0.91595000028610218 1021.6499938964845 5.6549999713897714 -0.76499998569488514 1019.0499877929689 0.81499999761581432 1.0000000180025095e-35 0.81174999475479137 54.500000000000007 30.150000572204593 33.500000000000007 60.500000000000007 22.500000000000004 51.500000000000007 1021.6499938964845 -3.564999938011169 80.500000000000014
decision_type=2 2 2 2 2 2 2 2 2 2 2 2 2 2 2 2 2 2 2 2 2 2 2 2 2 2 2 2 2 2
left_child=1 2 3 20 5 -5 -4 24 23 10 12 25 19 14 17 16 -15 -11 -16 -10 22 -6 -1 -2 -8 -12 -22 28 -3 -30
right_child=8 27 6 4 21 -7 7 -9 9 13 11 -13 -14 15 18 -17 -18 -19 -20 -21 26 -23 -24 -25 -26 -27 -28 -29 29 -31
leaf_value=-0.036866273197589859 -0.035242951147650421 0.036053231352640845 -0.086020718810885605 0.095167185996170314 0.095167185996170314 0.01946344512034557 -0.041607829055475325 0.33086794558025545 -0.37857270242335894 -0.035441291332244877 -0.1775666000295992 0.36662164449691775 -0.54048074270997737 0.063582333418853679 0.11234043415281035 0.19850654166605738 -0.032399100496423076 0.32401844490658155 -0.21111636744013854 -0.082489643189172346 -0.10411731728485651 0.2051404991312599 0.10393569717804592 0.11718884303004712 0.052964816944957374 -0.036721709600840667 0.17048973695437114 0.020024644469899336 -0.11838394657992668 -0.0032239170294514926
leaf_weight=884 95 350 326 505 137 2344 303 21 24 22 73 25 28 241 42 45 2635 55 35 137 21 245 87 154 302 483 75 588 469 430
leaf_count=884 95 350 326 505 137 2344 303 21 24 22 73 25 28 241 42 45 2635 55 35 137 21 245 87 154 302 483 75 588 469 430
internal_value=0.000619702 0.01355 0.0244845 0.0340275 0.0492718 0.0350586 -0.0185991 0.0165119 -0.0217635 -0.0269957 -0.0740957 -0.0370627 -0.187938 -0.0152016 0.0933151 -0.0209228 -0.0243562 0.221316 -0.0346854 -0.126626 -0.0121341 0.155276 -0.0242506 0.0590321 0.00560033 -0.0552139 0.110419 -0.0177002 -0.0354601 -0.0633018
internal_weight=11181 7087 5250 4298 3231 2849 952 626 4094 3845 770 581 189 3075 154 2921 2876 77 77 161 1067 382 971 249 605 556 96 1837 1249 899
internal_count=11181 7087 5250 4298 3231 2849 952 626 4094 3845 770 581 189 3075 154 2921 2876 77 77 161 1067 382 971 249 605 556 96 1837 1249 899
is_linear=0
shrinkage=0.05


Tree=82
num_leaves=31
num_cat=0
split_feature=1 11 7 24 14 6 5 7 11 23 11 2 7 17 5 12 7 7 23 5 10 1 5 9 0 10 17 17 7 5
split_gain=1169.29 875.147 783.19 2484.16 1665.49 1226.53 1015.56 1161.68 1372.1 1012.05 862.644 1080.73 670.215 1247.04 853.013 940.994 960.464 1540.61 888.703 970.108 845.66 835.88 759.641 641.128 626.669 549.291 535.582 475.023 444.31 897.744
threshold=86.500000000000014 0.60784998536109935 1014.1499938964845 283.75000000000006 33.000000000000007 162.50000000000003 -1.0950000286102293 1023.2500000000001 1.0000000180025095e-35 99.500000000000014 -0.87834998965263356 2.5449999570846562 1014.3500061035157 0.12550000101327899 -4.2550001144409171 -0.56175000965595234 1025.350036621094 1020.8500061035157 19.500000000000004 -3.564999938011169 0.78654998540878307 89.500000000000014 -1.1950000524520872 0.91595000028610241 22.550000190734867 -0.37939999997615809 0.10449999943375589 0.11150000244379045 1021.6499938964845 -3.564999938011169
decision_type=2 2 2 2 2 2 2 2 2 2 2 2 2 2 2 2 2 2 2 2 2 2 2 2 2 2 2 2 2 2
left_child=1 2 3 5 27 25 10 8 -8 -6 11 -4 13 20 24 16 17 -16 19 -17 21 -2 -20 -12 26 -1 -14 -5 29 -3
right_child=12 28 6 4 9 -7 7 -9 -10 -11 23 -13 14 -15 15 18 -18 -19 22 -21 -22 -23 -24 -25 -26 -27 -28 -29 -30 -31
leaf_value=0.31507872984959534 0.053859777744149878 0.034250569471823318 0.25237556343844447 0.061079443351559716 -0.064080249148631294 0.15473812780464474 0.032807967440533874 -0.036519849630099195 0.13727547421835437 0.061079443351559716 -0.015346304041664411 0.017255793466483278 -0.12433540612459182 0.2545527629852295 -0.076983158400096979 -0.42662492871284485 -0.33526713903993371 0.16495634162177641 0.042734772682359277 -0.064945693108744512 -0.30342314638653578 -0.13409204232832417 -0.017371556154989472 -0.16546641876165932 0.13410837139468643 0.65889289719717847 0.061116341922076094 0.14474829300848985 0.019023412805712677 -0.060136750008956477
leaf_weight=26 84 350 65 114 372 92 1454 422 401 99 1829 197 60 25 764 20 32 72 814 254 49 200 1484 74 160 21 76 84 588 899
leaf_count=26 84 350 65 114 372 92 1454 422 401 99 1829 197 60 25 764 20 32 72 814 254 49 200 1484 74 160 21 76 84 588 899
internal_value=0.000598636 0.0128881 0.0232814 0.0685615 0.0285994 0.260897 0.015045 0.038357 0.055391 -0.0225894 -0.00947303 0.075587 -0.0206753 -0.0860282 -0.0144129 -0.0214212 -0.0664364 -0.0561463 -0.00622939 -0.0913456 -0.111597 -0.0785007 0.00391937 -0.0211839 0.0670346 0.468698 -0.0118757 0.144748 -0.0168152 -0.0336871
internal_weight=11181 7087 5250 808 669 139 4442 2277 1855 471 2165 262 4094 358 3736 3440 868 836 2572 274 333 284 2298 1903 296 47 136 198 1837 1249
internal_count=11181 7087 5250 808 669 139 4442 2277 1855 471 2165 262 4094 358 3736 3440 868 836 2572 274 333 284 2298 1903 296 47 136 198 1837 1249
is_linear=0
shrinkage=0.05


Tree=83
num_leaves=31
num_cat=0
split_feature=8 5 10 8 7 20 7 3 7 5 23 3 5 23 5 4 7 10 4 4 21 1 8 14 18 5 4 1 1 1
split_gain=1105.29 1284.5 875.214 1497.57 880.743 862.907 831.491 914.982 779.463 754.025 795.195 943.353 687.857 1337.73 1670.19 1484.89 768.377 2402.92 549.49 514.575 511.242 485.775 395.144 360.973 316.486 293.331 279.516 245.222 222.497 200.359
threshold=661.50000000000011 -4.1549999713897696 -0.37939999997615809 2.5000000000000004 1017.9500122070314 7.1499998569488534 1021.4500122070314 103.50000000000001 1019.1499938964845 -2.0149999856948848 44.500000000000007 248.50000000000003 0.10500000044703485 58.500000000000007 -1.1950000524520872 -0.67500001192092884 1014.8500061035157 0.60354998707771312 -1.4850000143051145 -0.94499999284744252 10.150000095367433 87.500000000000014 743.50000000000011 48.000000000000007 13.250000000000002 1.0000000180025095e-35 -0.88499999046325672 90.500000000000014 91.500000000000014 95.500000000000014
decision_type=2 2 2 2 2 2 2 2 2 2 2 2 2 2 2 2 2 2 2 2 2 2 2 2 2 2 2 2 2 2
left_child=2 -2 3 9 24 -3 26 -8 22 27 11 -11 13 14 19 -16 17 21 28 -4 -12 -14 23 -7 -5 -24 -6 -1 -18 -20
right_child=1 5 12 4 6 8 7 -9 -10 10 20 -13 16 -15 15 -17 18 -19 29 -21 -22 -23 25 -25 -26 -27 -28 -29 -30 -31
leaf_value=-0.041663539135417649 0.026283901130694422 0.026283901130694422 -0.045612348260790164 -0.041663539135417649 -0.041663539135417649 0.18297109533409783 0.026283901130694422 -0.041663539135417649 0.079886971131886905 -0.097335339812906208 -0.097335339812906208 -0.21618990230395699 0.026283901130694422 0.026283901130694422 0.0018093665075420429 -0.12838113293358375 -0.095687237584235654 -0.47992763115513715 0.026283901130694422 0.0018093665075420429 -0.041663539135417649 -0.18332197463938171 0.20432876755766896 0.079886971131886905 0.026283901130694422 0.38227230680399926 0.026283901130694422 -0.14202385633026512 0.026283901130694422 -0.05536248889589488
leaf_weight=175 236 57 612 535 195 157 345 683 143 157 106 258 90 1467 102 574 151 31 1627 1936 124 28 115 88 92 29 722 103 22 221
leaf_count=175 236 57 612 535 195 157 345 683 143 157 106 258 90 1467 102 574 151 31 1627 1936 124 28 115 88 92 29 722 103 22 221
internal_value=0.00065368 0.0563512 -0.00378341 -0.0241492 -0.00454248 0.108249 0.0126894 -0.0224169 0.13349 -0.0787846 -0.111624 -0.153007 0.00659095 -0.00427413 -0.0226652 -0.0925338 0.0262839 -0.0881798 0.0262839 -0.00412859 -0.0416635 0.014737 0.174433 0.135799 -0.0416635 0.240165 0.0262839 -0.0416635 -0.0725585 0.0262839
internal_weight=11181 825 10356 3495 2572 589 1945 1028 532 923 645 415 6861 4691 3224 676 2170 149 2021 2548 230 118 389 245 627 144 917 278 173 1848
internal_count=11181 825 10356 3495 2572 589 1945 1028 532 923 645 415 6861 4691 3224 676 2170 149 2021 2548 230 118 389 245 627 144 917 278 173 1848
is_linear=0
shrinkage=0.05


Tree=84
num_leaves=31
num_cat=0
split_feature=9 7 7 24 1 6 17 11 18 1 20 14 0 7 11 18 0 7 23 10 23 7 1 7 23 9 11 7 11 1
split_gain=972.694 926.647 1405.23 1167.51 907.946 872.734 855.009 687.379 647.63 653.625 609.407 596.19 583.953 875.826 672.31 1114.58 1802.14 1088.77 1243.73 956.97 820.855 725.13 902.67 713.194 583.112 570.015 477.985 397.032 380.398 338.552
threshold=-0.78654998540878285 1018.2500000000001 1017.5499877929689 823.75000000000011 68.500000000000014 617.50000000000011 0.10750000178813936 0.87834998965263378 8.6500000953674334 72.500000000000014 14.550000190734865 48.000000000000007 16.44999980926514 1025.350036621094 0.60784998536109935 13.949999809265138 19.550000190734867 1017.9500122070314 23.500000000000004 0.3793999999761582 25.500000000000004 1020.5499877929689 86.500000000000014 1024.549987792969 56.500000000000007 -0.91595000028610218 -1.0000000180025095e-35 1019.3500061035157 0.60784998536109935 79.500000000000014
decision_type=2 2 2 2 2 2 2 2 2 2 2 2 2 2 2 2 2 2 2 2 2 2 2 2 2 2 2 2 2 2
left_child=1 2 3 4 10 28 -5 -6 9 26 -1 -8 13 -2 15 16 24 -17 -19 -18 -16 22 -22 -23 -14 -7 -3 -28 -4 -10
right_child=12 8 5 6 7 25 11 -9 29 -11 -12 -13 14 -15 20 17 19 18 -20 -21 21 23 -24 -25 -26 -27 27 -29 -30 -31
leaf_value=0.11319288629187546 -0.076280615053720524 -0.032768227093554335 0.55314933118366061 -0.10919851942395327 0.038092697817261378 0.21447144388579409 0.038092697817261378 0.22021466155464831 0.33511016595931281 -0.060951414337387072 0.28494303422314782 -0.039342392010085714 -0.076280615053720524 -0.3840548549537306 -0.076280615053720524 0.013978935975735421 0.013978935975735421 0.013978935975735421 0.1194849198210038 -0.029429959981460585 -0.027578851596386296 -0.046009124715184681 0.062594614822500616 0.041661823767333711 -0.036398220354620835 -0.076055691719055185 -0.044196885815226891 0.078291892126042609 0.25971765324666907 0.089488149760368674
leaf_weight=197 46 265 21 160 274 52 257 52 21 403 70 90 408 27 301 789 2425 332 610 1499 635 780 493 232 264 25 83 326 23 21
leaf_count=197 46 265 21 160 274 52 257 52 21 403 70 90 408 27 301 789 2425 332 610 1499 635 780 493 232 264 25 83 326 23 21
internal_value=0.00113553 0.0298011 0.0599226 0.0421323 0.0897623 0.221652 -0.0135769 0.0380927 -0.00306606 -0.0105777 0.158221 0.0305137 -0.00645156 -0.147282 -0.00527904 0.00332078 -0.00955828 0.0375162 0.0764892 0.00348417 -0.0275695 -0.0157376 0.0118321 -0.0460091 -0.0762806 0.120144 0.0195419 0.0534348 0.399291 0.189554
internal_weight=11181 2340 1221 1100 593 121 507 326 1119 1077 267 347 8841 73 8768 6327 4596 1731 942 3924 2441 2140 1128 1012 672 77 674 409 44 42
internal_count=11181 2340 1221 1100 593 121 507 326 1119 1077 267 347 8841 73 8768 6327 4596 1731 942 3924 2441 2140 1128 1012 672 77 674 409 44 42
is_linear=0
shrinkage=0.05


Tree=85
num_leaves=31
num_cat=0
split_feature=1 1 5 8 10 0 7 7 17 6 4 11 7 17 10 5 12 5 7 18 23 1 0 5 3 17 23 17 4 18
split_gain=899.453 768.465 785.77 1218.87 1086.34 1155.05 1014.19 977.436 1304.45 1357.46 890.253 779.192 592.88 1112.12 765.318 743.533 832.047 827.052 1601.71 1362.52 787.772 727.534 557.924 496.115 465.626 447.491 370.865 293.166 274.315 260.069
threshold=86.500000000000014 41.500000000000007 -0.94499999284744252 743.50000000000011 -1.0000000180025095e-35 23.650000572204593 1013.0499877929689 1018.0499877929689 0.096500001847744002 147.50000000000003 0.89499998092651378 -0.87834998965263356 1014.3500061035157 0.12550000101327899 0.78654998540878307 -4.2550001144409171 -0.56175000965595234 2.4550000429153447 1017.7500000000001 13.750000000000002 13.500000000000002 92.500000000000014 22.44999980926514 6.3849999904632577 337.50000000000006 0.11250000074505807 27.500000000000004 0.11749999970197679 -0.67500001192092884 8.3499999046325701
decision_type=2 2 2 2 2 2 2 2 2 2 2 2 2 2 2 2 2 2 2 2 2 2 2 2 2 2 2 2 2 2
left_child=1 -1 7 4 5 -4 -6 8 -3 -10 11 -9 13 14 21 22 17 19 -19 -17 27 24 25 -22 -2 -14 -23 -18 -24 -12
right_child=12 2 3 -5 6 -7 -8 10 9 -11 29 -13 15 -15 -16 16 20 18 -20 -21 23 26 28 -25 -26 -27 -28 -29 -30 -31
leaf_value=0.18409609014051967 -0.059333322769192266 -0.12213282563333071 -0.033458782223650049 0.32714903915629673 -0.27943032377780502 0.059350773118627478 0.062700395854546273 0.10659461488280822 0.17363584281614164 0.016991882937838657 -0.26697939229863032 -0.031612360784088703 -0.11213902195374813 0.24234924888610843 -0.28591386292661941 -0.095039249260078451 -0.23349654488968402 -0.57942980189215054 -0.050583511754506975 0.041202671573145229 -0.001652979840146381 -0.30709110884105462 0.055230938828240872 0.21384443094677949 0.069460760574866165 0.055230938828240872 -0.11068256717266106 -0.080509543699709557 0.1674470951796462 -0.10917235057854997
leaf_weight=64 127 155 1030 34 22 497 1405 109 149 1927 42 1584 62 25 49 522 53 22 41 283 2468 34 49 27 41 67 82 24 118 69
leaf_count=64 127 155 1030 34 22 497 1405 109 149 1927 42 1584 62 25 49 522 53 22 41 283 2468 34 49 27 41 67 82 24 118 69
internal_value=0.000844096 0.0116227 0.0100509 0.0294861 0.02606 -0.00325161 0.0574258 -0.00434119 0.0177878 0.0282346 -0.031708 -0.0227142 -0.0178144 -0.0792813 -0.103428 -0.0119244 -0.0184674 -0.0607967 -0.23526 -0.047143 -0.00418216 -0.0719424 0.0641171 0.000679056 -0.00544396 -0.0139873 -0.168251 -0.161698 0.124449 -0.168883
internal_weight=11181 7087 7023 2988 2954 1527 1427 4035 2231 2076 1804 1693 4094 358 333 3736 3440 868 63 805 2572 284 296 2495 168 129 116 77 167 111
internal_count=11181 7087 7023 2988 2954 1527 1427 4035 2231 2076 1804 1693 4094 358 333 3736 3440 868 63 805 2572 284 296 2495 168 129 116 77 167 111
is_linear=0
shrinkage=0.05


Tree=86
num_leaves=30
num_cat=0
split_feature=1 8 5 20 7 20 10 8 7 7 5 7 7 7 5 23 7 10 4 14 8 18 0 1 17 12 14 5 4
split_gain=825.531 750.106 1128.78 761.771 656.972 633.386 630.405 1176.79 822.906 727.102 666.314 959.682 1059.8 665.797 661.333 693.254 608.305 2164.97 401.478 351.994 254.036 219.747 200.99 191.49 159.662 140.955 118.756 52.9127 52.5694
threshold=45.500000000000007 661.50000000000011 -4.1549999713897696 7.1499998569488534 1019.1499938964845 11.34999990463257 -0.37939999997615809 2.5000000000000004 1017.9500122070314 1021.4500122070314 0.10500000044703485 1017.9500122070314 1019.5499877929689 1011.5499877929689 -2.0149999856948848 44.500000000000007 1014.8500061035157 0.78654998540878307 -1.3849999904632566 48.000000000000007 740.50000000000011 13.250000000000002 31.250000000000004 90.500000000000014 0.10350000113248826 0.81174999475479137 33.000000000000007 -2.7250000238418575 0.66500002145767223
decision_type=2 2 2 2 2 2 2 2 2 2 2 2 2 2 2 2 2 2 2 2 2 2 2 2 2 2 2 2 2
left_child=5 6 -3 -4 20 19 7 14 21 -10 11 13 -13 -8 23 -16 17 -12 -18 22 -5 -9 24 -2 -1 -6 -7 -26 -28
right_child=1 2 3 4 25 26 10 8 9 -11 16 12 -14 -15 15 -17 18 -19 -20 -21 -22 -23 -24 -25 27 -27 28 -29 -30
leaf_value=-0.038492948851134218 -0.037262234852380026 0.021345484634973308 0.021345484634973308 0.13012204297250365 0.073319351962684978 0.32419786731833999 -0.083551430194758081 -0.037262234852380026 0.021345484634973308 -0.022552029852259518 -0.005540029908297584 -0.081772374838524786 -0.0075641695523678554 0.021345484634973308 -0.14007722641689233 -0.037262234852380026 -0.066952768569258414 -0.55328031693186075 0.021345484634973308 -0.15267189662903546 0.2173124968054447 0.021345484634973308 0.13683633845381946 -0.1313994947820902 0.018473181156182874 0.20601288874944054 0.13683633845381946 0.083617236832336267 0.2397004011273384
leaf_weight=20 175 217 52 205 99 23 156 535 917 1018 128 679 1651 2103 415 230 185 21 1829 20 141 92 28 103 26 39 20 34 20
leaf_count=20 175 217 52 205 99 23 156 535 917 1018 128 679 1651 2103 415 230 185 21 1829 20 141 92 28 103 26 39 20 34 20
internal_value=0.000826018 -0.000965059 0.0471988 0.10011 0.125293 0.103883 -0.00450783 -0.0217785 -0.00433916 0.0127212 0.00440629 -0.00667553 -0.0291897 0.0165462 -0.0701853 -0.101406 0.0213455 -0.0827383 0.0213455 0.0400051 0.165653 -0.0372622 0.075686 -0.0372622 0.0303981 0.0733194 0.233668 0.0754393 0.181613
internal_weight=11181 10990 753 536 484 191 10237 3485 2562 1935 6752 4589 2330 2259 923 645 2163 149 2014 128 346 627 108 278 80 138 63 60 40
internal_count=11181 10990 753 536 484 191 10237 3485 2562 1935 6752 4589 2330 2259 923 645 2163 149 2014 128 346 627 108 278 80 138 63 60 40
is_linear=0
shrinkage=0.05


Tree=87
num_leaves=31
num_cat=0
split_feature=9 3 23 7 24 17 7 3 5 14 9 2 1 7 0 11 0 18 7 23 7 23 20 11 20 11 4 9 10 10
split_gain=755.699 820.813 873.482 870.96 1362.78 990.908 692.301 828.062 664.602 658.293 647.897 580.677 528.734 1615.53 630.508 643.557 1152.44 1101.04 926.084 897.065 923.41 521.035 466.107 465.986 613.246 432.288 962.795 331.899 329.92 318.721
threshold=-0.78654998540878285 188.50000000000003 137.00000000000003 1018.3500061035157 823.75000000000011 0.10750000178813936 1019.2500000000001 90.500000000000014 -3.1750000715255733 33.000000000000007 -0.91595000028610218 3.5449999570846562 97.500000000000014 1022.5499877929689 15.949999809265138 0.60784998536109935 18.650000572204593 12.250000000000002 1018.9500122070314 24.500000000000004 1019.8500061035157 68.500000000000014 14.550000190734865 -1.0000000180025095e-35 7.4500000476837167 -1.0000000180025095e-35 -3.6450001001358028 0.60354998707771312 0.3793999999761582 1.0000000180025095e-35
decision_type=2 2 2 2 2 2 2 2 2 2 2 2 2 2 2 2 2 2 2 2 2 2 2 2 2 2 2 2 2 2
left_child=1 3 29 4 9 -6 7 8 -5 11 -9 -1 14 23 -2 16 17 -16 -18 -17 -21 -7 -11 24 -14 -8 -27 -26 -25 -3
right_child=12 2 -4 6 5 21 25 10 -10 22 -12 -13 13 -15 15 19 18 -19 -20 20 -22 -23 -24 28 27 26 -28 -29 -30 -31
leaf_value=0.28461733643304216 -0.21862263258765724 -0.14192064047358402 0.22791870354364316 0.0066373187879269768 -0.11249030153231539 -0.032279820473316206 -0.020826280280235327 -0.062026276202364408 -0.23047577819890447 0.061291965396825847 0.24564282255513326 0.1293192388025087 -0.32544770888660268 0.28171925798610403 -0.11075169241888638 -0.11007527674074138 -0.0069720227229316664 -0.024054067586150852 0.033837331809972497 0.023403216100264111 -0.042635679698877139 0.061291965396825847 0.1293192388025087 0.16106630727648735 -0.2161408945157707 0.29257429410249758 0.032917988542202528 -0.043091217471020564 -0.10686666535006628 -0.022911437979834803
leaf_weight=88 34 127 24 44 131 77 319 44 90 312 28 147 46 27 315 273 2877 273 2690 938 1215 286 61 20 36 39 422 70 27 101
leaf_count=88 34 127 24 44 131 77 319 44 90 312 28 147 46 27 315 273 2877 273 2690 938 1215 286 61 20 36 39 422 70 27 101
internal_value=0.000974811 0.0262414 -0.0589997 0.0365291 0.0670749 0.00538988 0.00238973 -0.0791356 -0.152618 0.117194 0.0576228 0.18274 -0.00571265 -0.0812065 -0.0037322 -0.00288075 0.00571583 -0.0608554 0.0127472 -0.0246911 -0.0138644 0.0479307 0.0758981 -0.130448 -0.172993 0.0239208 0.0548846 -0.106834 0.00714737 -0.0892017
internal_weight=11181 2340 252 2088 1102 494 986 206 134 608 72 235 8841 226 8615 8581 6155 588 5567 2426 2153 363 373 199 152 780 461 106 47 228
internal_count=11181 2340 252 2088 1102 494 986 206 134 608 72 235 8841 226 8615 8581 6155 588 5567 2426 2153 363 373 199 152 780 461 106 47 228
is_linear=0
shrinkage=0.05


Tree=88
num_leaves=29
num_cat=0
split_feature=1 23 18 18 7 5 7 12 23 2 11 20 11 7 14 23 7 17 7 5 0 5 7 4 3 12 23 3
split_gain=702.981 590.911 822.881 617.295 2143.57 669.62 1506.45 1064.66 1140.09 818.541 588.019 534.848 526.005 383.749 295.131 287.069 241.296 225.487 221.357 202.745 190.932 162.609 161.033 100.796 90.2172 76.6461 68.8101 23.2759
threshold=45.500000000000007 30.500000000000004 13.150000095367433 21.349999427795414 1016.7500000000001 2.6049998998641972 1021.6499938964845 0.81174999475479137 37.500000000000007 5.8750000000000009 0.60784998536109935 10.84999990463257 1.0000000180025095e-35 1018.3500061035157 48.000000000000007 24.500000000000004 1015.5499877929689 0.11850000172853471 1016.6499938964845 2.4550000429153447 31.250000000000004 -2.7250000238418575 1014.2500000000001 0.27500000596046453 246.50000000000003 -0.56175000965595234 141.00000000000003 4.5000000000000009
decision_type=2 2 2 2 2 2 2 2 2 2 2 2 2 2 2 2 2 2 2 2 2 2 2 2 2 2 2 2
left_child=11 2 12 5 -5 7 9 16 -9 -7 19 14 15 18 20 22 -3 -8 -12 -4 21 -1 -2 -14 -6 -13 -27 -17
right_child=1 3 10 4 24 6 17 8 -10 -11 13 25 23 -15 -16 27 -18 -19 -20 -21 -22 -23 -24 -25 -26 26 -28 -29
leaf_value=-0.038432148551568387 -0.28949562651770461 0.008472545290934037 -0.011916080627475992 0.58169576440538673 0.058426860394249581 0.058426860394249581 -0.011916080627475992 -0.011916080627475992 0.058426860394249581 -0.011916080627475992 -0.060015133343845894 0.26735525953358619 -0.29804358271991505 -0.060015133343845894 -0.14363397423177957 -0.12187068078502511 -0.011916080627475992 0.058426860394249581 -0.011916080627475992 -0.060015133343845894 0.11826936798271731 0.067492352098009786 -0.12187068078502511 -0.16069187742065302 0.18620983414028003 0.11826936798271731 0.22762499096847716 -0.060015133343845894
leaf_weight=30 21 1462 836 21 82 944 471 85 952 170 42 29 34 259 20 25 5047 60 98 165 28 42 28 22 23 21 21 143
leaf_count=30 21 1462 836 21 82 944 471 85 952 170 42 29 34 259 20 25 5047 60 98 165 28 42 28 22 23 21 21 143
internal_value=0.000960435 -0.000692361 -0.0280527 0.00422059 0.11414 0.00271369 0.031619 -0.00358757 0.0434651 0.0584269 -0.0125679 0.0960611 -0.107462 -0.0600151 0.0317024 -0.0722052 -0.0110839 -0.0119161 -0.0119161 -0.0119161 0.0667697 0.0167153 -0.183726 -0.244084 0.0584269 0.204836 0.161669 -0.0600151
internal_weight=11181 10990 1673 9317 126 9191 1645 7546 1037 1114 1400 191 273 399 120 217 6509 531 140 1001 100 72 49 56 105 71 42 168
internal_count=11181 10990 1673 9317 126 9191 1645 7546 1037 1114 1400 191 273 399 120 217 6509 531 140 1001 100 72 49 56 105 71 42 168
is_linear=0
shrinkage=0.05


Tree=89
num_leaves=30
num_cat=0
split_feature=1 8 24 10 10 5 3 4 7 5 23 5 7 10 12 5 20 1 4 14 7 6 0 5 17 2 14 7 4
split_gain=639.633 552.525 1221.56 614.16 901.267 948.052 901.732 737.892 564.525 562.921 908.078 1416.76 571.563 2001.24 521.595 506.65 480.131 408.99 363.175 281.843 256.753 187.015 170.078 165.104 136.279 123.534 106.288 45.4723 43.5081
threshold=45.500000000000007 690.50000000000011 646.25000000000011 -0.37939999997615809 -0.78654998540878285 -2.4550000429153438 189.50000000000003 0.48499999940395361 1022.3500061035157 0.10500000044703485 58.500000000000007 -1.1950000524520872 1014.8500061035157 0.60354998707771312 0.81174999475479137 1.5950000286102297 11.34999990463257 90.500000000000014 -1.3849999904632566 48.000000000000007 1014.1499938964845 547.50000000000011 31.250000000000004 -1.8450000286102293 0.10350000113248826 4.2950000762939462 33.000000000000007 1024.9500122070315 0.66500002145767223
decision_type=2 2 2 2 2 2 2 2 2 2 2 2 2 2 2 2 2 2 2 2 2 2 2 2 2 2 2 2 2
left_child=16 3 15 4 7 17 -7 14 -9 10 11 -5 13 -11 -2 20 19 -6 -14 22 23 -12 24 -3 -1 -22 -18 -26 -28
right_child=1 2 -4 9 5 6 -8 8 -10 12 21 -13 18 -15 -16 -17 26 -19 -20 -21 25 -23 -24 -25 27 -27 28 -29 -30
leaf_value=-0.034282654143731904 -0.038925058416390518 0.25017305973917248 0.020673424099984229 -0.0026558771477266565 0.020673424099984229 -0.013265232901349081 -0.10911202983328006 0.020673424099984229 -0.05348723149143926 0.01367190259556144 0.020673424099984229 -0.084078150450874717 -0.063873035109325044 -0.43775870386631266 0.020673424099984229 0.29555746383137177 0.29021812902520533 -0.085329428994721124 0.020673424099984229 -0.13645227521657943 0.10960727669674941 0.00047256740402455423 0.12026549646402673 0.07704224745698629 0.016983887130344235 0.069073595443059937 0.12026549646402673 0.072782161183445535 0.20913014731369917
leaf_weight=20 1147 40 263 2548 258 383 683 583 302 118 905 676 185 31 139 36 23 91 1829 20 198 484 28 21 37 70 20 23 20
leaf_count=20 1147 40 263 2548 258 383 683 583 302 118 905 676 185 31 139 36 23 91 1829 20 198 484 28 21 37 70 20 23 20
internal_value=0.000860179 -0.00071639 0.0448232 -0.00347637 -0.0202092 -0.0512579 -0.0746755 2.7465e-05 0.0206734 0.00537902 -0.00479566 -0.0197283 0.0206734 -0.0802499 -0.0257385 0.117474 0.0915748 0.0202697 0.0206734 0.035959 0.0979874 0.0206734 0.067887 0.190571 0.0252988 0.0769144 0.204572 0.0677544 0.155326
internal_weight=11181 10990 628 10362 3586 1415 1066 2171 885 6776 4613 3224 2163 149 1286 365 191 349 2014 128 329 1389 108 61 80 268 63 60 40
internal_count=11181 10990 628 10362 3586 1415 1066 2171 885 6776 4613 3224 2163 149 1286 365 191 349 2014 128 329 1389 108 61 80 268 63 60 40
is_linear=0
shrinkage=0.05


Tree=90
num_leaves=23
num_cat=0
split_feature=1 1 7 0 11 0 18 7 6 23 7 20 11 18 7 10 5 14 0 5 14 23
split_gain=578.293 518.92 1452.02 568.193 569.093 1032.63 990.88 884.167 1226.1 1063.55 642.122 428.065 404.267 540.7 374.899 325.217 271.077 244.427 165.424 143.54 65.0056 58.7156
threshold=45.500000000000007 97.500000000000014 1022.5499877929689 15.949999809265138 0.60784998536109935 18.650000572204593 12.250000000000002 1018.0499877929689 177.50000000000003 40.500000000000007 1017.1499938964845 10.84999990463257 -1.0000000180025095e-35 12.750000000000002 1015.6499938964845 0.3793999999761582 0.10500000044703485 48.000000000000007 31.250000000000004 -2.7250000238418575 33.000000000000007 141.00000000000003
decision_type=2 2 2 2 2 2 2 2 2 2 2 2 2 2 2 2 2 2 2 2 2 2
left_child=11 3 12 -2 5 6 -5 8 -6 -9 -7 17 13 14 -3 -14 -15 18 19 -1 -13 -22
right_child=1 2 -4 4 7 10 -8 9 -10 -11 -12 20 15 16 -16 -17 -18 -19 -20 -21 21 -23
leaf_value=-0.033890383187681443 -0.20273624965373208 -0.12555314145356433 0.26938818577263091 -0.10037497591225364 0.24146348730991446 -0.0042733586865223265 -0.019363558711020377 -0.094149993795818135 0.010379993745417019 -0.013242152529770313 0.026632522074049671 0.24240121754079033 0.15249803733258022 0.075855254544073658 -0.28826114706198375 -0.10779711806348391 -0.12555314145356433 -0.12962966281920671 0.10738047555268267 0.06094978614903386 0.10738047555268267 0.19373573008267142
leaf_weight=30 34 28 27 334 62 2750 273 536 774 1677 4322 29 21 29 75 28 20 20 28 42 21 21
leaf_count=30 34 28 27 334 62 2750 273 536 774 1677 4322 29 21 29 75 28 20 20 28 42 21 21
internal_value=0.00125719 -0.000241877 -0.0748869 0.00133953 0.0019863 0.00924282 -0.0533417 -0.0162895 0.0275178 -0.0328384 0.0146145 0.0875125 -0.121133 -0.161394 -0.226437 0.00375795 -0.0246689 0.0299358 0.0618489 0.0145191 0.184825 0.14507
internal_weight=11181 10990 228 10762 10728 7679 607 3049 836 2213 7072 191 201 152 103 49 49 120 100 72 71 42
internal_count=11181 10990 228 10762 10728 7679 607 3049 836 2213 7072 191 201 152 103 49 49 120 100 72 71 42
is_linear=0
shrinkage=0.05


Tree=91
num_leaves=31
num_cat=0
split_feature=9 3 7 5 0 18 21 24 12 23 7 3 5 9 21 11 18 0 11 7 10 11 7 7 4 3 5 5 11 4
split_gain=541.226 751.17 747.698 1279.54 1017.72 919.349 912.001 1065.72 1060.09 653.97 647.34 719.257 606.9 567.636 473.559 422.101 907.533 1477.92 1017.64 1599.68 919.438 752.991 608.034 844.011 1132.11 843.56 476.219 378.436 366.624 862.572
threshold=-0.78654998540878285 188.50000000000003 1018.3500061035157 -1.0950000286102293 22.750000000000004 3.0499999523162846 17.94999980926514 966.25000000000011 -0.56175000965595234 137.00000000000003 1019.2500000000001 90.500000000000014 -3.1750000715255733 -0.91595000028610218 5.3500001430511483 0.60784998536109935 13.949999809265138 19.550000190734867 1.0000000180025095e-35 1020.7500000000001 0.3793999999761582 -0.60784998536109913 1024.049987792969 1019.8500061035157 0.7150000035762788 252.50000000000003 -3.7949999570846553 5.6549999713897714 -1.0000000180025095e-35 -3.6450001001358028
decision_type=2 2 2 2 2 2 2 2 2 2 2 2 2 2 2 2 2 2 2 2 2 2 2 2 2 2 2 2 2 2
left_child=1 2 3 6 -5 -6 7 -1 -8 -3 11 12 -4 -13 -2 16 17 -16 21 -20 -19 -18 23 24 -17 27 -25 -24 -12 -30
right_child=14 9 10 4 5 -7 8 -9 -10 -11 28 13 -14 -15 15 22 18 20 19 -21 -22 -23 25 26 -26 -27 -28 -29 29 -31
leaf_value=0.04609943604144795 -0.092509741360942532 -0.085061523989823307 0.0056928098794411528 -0.17777995069821675 0.0048865423419258815 0.23701857398215093 0.34896428747748842 -0.092025563606318639 0.089369148961035705 0.18933342443779111 -0.019562287624417384 -0.062543266490948476 -0.22089331371916665 0.22543906165020811 -0.047707744727284257 -0.0297877377837319 0.064636500165979868 0.013357533158305943 0.06137083953335172 0.33592829432279347 -0.021027950195752924 0.013357533158305943 0.0047474222215123825 0.23543996987864377 0.082121447842722892 0.32017741727828986 -0.047707744727284257 0.22416406174500786 0.27514022265871368 0.029369843774144117
leaf_weight=543 150 228 44 21 55 190 49 188 56 24 319 44 90 28 698 813 716 2324 336 63 1485 630 306 20 313 25 941 21 39 422
leaf_count=543 150 228 44 21 55 190 49 188 56 24 319 44 90 28 698 813 716 2324 336 63 1485 630 306 20 313 25 941 21 39 422
internal_value=0.00123347 0.0226161 0.0324577 0.0607596 0.156274 0.184907 0.0303687 0.0105762 0.168162 -0.0589287 0.000826215 -0.0780074 -0.146492 0.0494499 -0.00442601 -0.00290575 0.00397665 -0.00787683 0.0345919 0.104722 0.00565184 0.013803 -0.0205477 -0.0308004 0.00132023 0.0402403 -0.0477077 0.0188384 0.0216464 0.0501617
internal_weight=11181 2340 2088 1102 266 245 836 731 105 252 986 206 134 72 8841 8691 6252 4507 1745 399 3809 1346 2439 2087 1126 352 961 327 780 461
internal_count=11181 2340 2088 1102 266 245 836 731 105 252 986 206 134 72 8841 8691 6252 4507 1745 399 3809 1346 2439 2087 1126 352 961 327 780 461
is_linear=0
shrinkage=0.05


Tree=92
num_leaves=25
num_cat=0
split_feature=23 18 11 18 7 5 7 12 23 2 1 11 7 3 23 5 7 5 17 7 4 3 9 3
split_gain=544.173 688.935 511.622 506.807 1937.05 499.601 1328.32 822.63 1034.97 727.32 558.724 451.171 331.424 294.372 254.594 231.806 216.338 177.79 174.734 141.492 90.6511 74.3353 25.7385 20.116
threshold=30.500000000000004 13.150000095367433 0.60784998536109935 21.349999427795414 1016.7500000000001 2.6049998998641972 1021.6499938964845 0.81174999475479137 37.500000000000007 5.8199999332427987 45.500000000000007 1.0000000180025095e-35 1018.3500061035157 63.500000000000007 24.500000000000004 2.4550000429153447 1016.6499938964845 -2.8449999094009395 0.11850000172853471 1014.2500000000001 0.27500000596046453 246.50000000000003 -0.78654998540878285 4.5000000000000009
decision_type=2 2 2 2 2 2 2 2 2 2 2 2 2 2 2 2 2 2 2 2 2 2 2 2
left_child=1 11 15 5 -5 7 9 10 -9 -7 22 14 16 -10 19 -3 -4 -12 -8 -1 -13 -6 -2 -16
right_child=3 2 12 4 21 6 18 8 13 -11 17 20 -14 -15 23 -17 -18 -19 -20 -21 -22 -23 -24 -25
leaf_value=-0.27000256436211723 0.05463084432251674 -0.0099676670679131121 -0.054674876379219653 0.55050106616247274 0.05463084432251674 0.05463084432251674 -0.0099676670679131121 -0.0099676670679131121 0.022331588627301814 -0.0099676670679131121 0.00344780586529265 -0.2757918147479787 -0.054674876379219653 0.05463084432251674 -0.11277467352841329 -0.054674876379219653 -0.0099676670679131121 -0.0099676670679131121 0.05463084432251674 -0.11277467352841329 -0.14553521847860382 0.17662880420684815 -0.0099676670679131121 -0.054674876379219653
leaf_weight=21 167 836 42 21 82 937 471 85 488 178 2471 34 259 464 25 165 98 4038 60 28 22 23 23 143
leaf_count=21 167 836 42 21 82 937 471 85 488 178 2471 34 259 464 25 165 98 4038 60 28 22 23 23 143
internal_value=0.000866979 -0.0254293 -0.0112607 0.005494 0.105105 0.00415622 0.0291699 -0.00116597 0.040275 0.0546308 -0.007581 -0.0980891 -0.0546749 0.0546308 -0.065436 -0.00996767 -0.00996767 -0.00996767 -0.00996767 -0.170874 -0.22462 0.0546308 0.0546308 -0.0546749
internal_weight=11181 1673 1400 9508 126 9382 1646 7736 1037 1115 6699 273 399 952 217 1001 140 6509 531 49 56 105 190 168
internal_count=11181 1673 1400 9508 126 9382 1646 7736 1037 1115 6699 273 399 952 217 1001 140 6509 531 49 56 105 190 168
is_linear=0
shrinkage=0.05


Tree=93
num_leaves=30
num_cat=0
split_feature=7 1 5 2 7 12 4 7 24 6 14 4 4 5 7 11 11 23 4 9 7 18 23 7 1 10 4 9 18
split_gain=488.537 494.489 642.378 939.126 996.671 1100 922.269 833.709 3028.38 1363.11 1224.72 709.063 530.11 641.227 1147.83 1598.97 1352.94 936.829 851.856 795.97 554.331 518.705 464.462 397.08 278.868 271.291 260.338 122.654 100.257
threshold=1027.850036621094 86.500000000000014 -1.0249999761581419 6.0699999332427987 1019.8500061035157 -0.56175000965595234 1.044999957084656 1015.2500000000001 283.75000000000006 87.500000000000014 33.000000000000007 0.73500001430511486 1.9950000047683718 -1.1950000524520872 1018.9500122070314 0.60784998536109935 1.0000000180025095e-35 32.500000000000007 0.48499999940395361 0.60354998707771312 1021.4500122070314 6.1499998569488534 45.500000000000007 1024.350036621094 79.500000000000014 -0.6035499870777129 2.7849999666213994 -1.0000000180025095e-35 5.3500001430511483
decision_type=2 2 2 2 2 2 2 2 2 2 2 2 2 2 2 2 2 2 2 2 2 2 2 2 2 2 2 2 2
left_child=1 2 7 4 6 -6 -4 8 9 -1 -10 23 13 17 16 -16 -15 18 -3 -19 22 -13 -14 -9 26 -22 -5 -24 -26
right_child=-2 12 3 24 5 -7 -8 11 10 -11 -12 21 20 14 15 -17 -18 19 -20 -21 25 -23 27 -25 28 -27 -28 -29 -30
leaf_value=0.52425995884519638 -0.23458033285357735 -0.073600164803886606 0.10613744521300013 -0.095565926579927851 0.063534176465832773 -0.01888778074922513 0.0096791120264101624 -0.015887607556271936 0.09054291481803102 0.16107626167603403 -0.031964821795526802 -0.23600367670709438 0.044999842582320843 -0.15616898994059891 0.025410849661558373 -0.093408841483766408 -0.0088784631151107574 -0.00033047934691836649 -0.00033047934691836649 0.081515102961542976 -0.12937311590649189 -0.060441697358450334 0.20323214888572694 0.064455061940839747 -0.15492904335260393 0.093009649446078896 -0.27840404200553892 0.37834212779998783 -0.02801881641518297
leaf_weight=33 22 589 689 88 628 1139 387 2470 279 119 759 55 37 355 952 403 278 620 265 499 32 179 20 164 21 24 25 20 30
leaf_count=33 22 589 689 88 628 1139 387 2470 279 119 759 55 37 355 952 403 278 620 265 499 32 179 20 164 21 24 25 20 30
internal_value=0.000805127 0.00126919 0.00928142 0.026796 0.0335071 0.0104054 0.0714447 -0.00369694 0.0314864 0.239925 0.000963558 -0.0182953 -0.0125575 -0.0158544 -0.0358958 -0.00992814 -0.0914822 0.00433943 -0.0350993 0.0344383 0.0856299 -0.101706 0.172682 -0.0108853 -0.0895448 -0.0340662 -0.136017 0.290787 -0.0280188
internal_weight=11181 11159 7065 3007 2843 1767 1076 4058 1190 152 1038 2868 4094 3961 1988 1355 633 1973 854 1119 133 234 77 2634 164 56 113 40 51
internal_count=11181 11159 7065 3007 2843 1767 1076 4058 1190 152 1038 2868 4094 3961 1988 1355 633 1973 854 1119 133 234 77 2634 164 56 113 40 51
is_linear=0
shrinkage=0.05


Tree=94
num_leaves=16
num_cat=0
split_feature=1 7 21 8 24 10 10 5 5 6 1 20 23 1 1
split_gain=468.416 488.662 462.789 594.153 884.881 589.979 743.634 434.346 393.044 316.631 168.017 105.125 58.7285 41.9844 19.0394
threshold=41.500000000000007 1010.0499877929689 5.3500001430511483 690.50000000000011 651.25000000000011 -0.37939999997615809 -0.78654998540878285 1.5950000286102297 0.10500000044703485 442.50000000000006 52.500000000000007 11.34999990463257 39.500000000000007 90.500000000000014 65.500000000000014
decision_type=2 2 2 2 2 2 2 2 2 2 2 2 2 2 2
left_child=11 9 10 5 7 6 -4 -5 -7 -2 -3 -1 13 -12 -14
right_child=1 2 3 4 -6 8 -8 -9 -10 -11 12 -13 14 -15 -16
leaf_value=0.060702763704790011 -0.034802595112705607 -0.21754877907889233 0.0012994934661235513 0.088914179137087421 0.023926226788275103 -0.00055330578056760667 -0.042180083661413396 0.27122989677720599 0.023926226788275103 -0.26503601670265198 -0.13277383886632466 0.19045936332361119 -0.071338071114767643 -0.071338071114767643 -0.042180083661413396
leaf_weight=27 32 21 2121 353 252 4574 1401 36 2170 28 42 37 28 21 38
leaf_count=27 32 21 2121 353 252 4574 1401 36 2170 28 42 37 28 21 38
internal_value=0.000837794 6.12939e-05 0.000833508 0.00203311 0.0487354 -0.000882944 -0.0174693 0.105787 0.00777916 -0.142245 -0.0863933 0.135718 -0.0650424 -0.100496 -0.0421801
internal_weight=11181 11117 11057 10907 641 10266 3522 389 6744 60 150 64 129 63 66
internal_count=11181 11117 11057 10907 641 10266 3522 389 6744 60 150 64 129 63 66
is_linear=0
shrinkage=0.05


Tree=95
num_leaves=15
num_cat=0
split_feature=7 1 7 0 11 0 18 23 7 7 4 11 20 4
split_gain=441.005 441.564 1286.54 503.985 507.53 883.05 861.383 744.518 688.762 464.297 367.61 340.533 521.81 239.353
threshold=1027.850036621094 97.500000000000014 1022.5499877929689 15.949999809265138 0.60784998536109935 18.650000572204593 12.250000000000002 24.500000000000004 1019.8500061035157 1017.1499938964845 -0.054999999701976769 -1.0000000180025095e-35 6.7500000000000009 0.7749999761581422
decision_type=2 2 2 2 2 2 2 2 2 2 2 2 2 2
left_child=1 3 10 -1 5 6 -5 13 -9 -7 -3 12 -12 -6
right_child=-2 2 -4 4 7 9 -8 8 -10 -11 11 -13 -14 -15
leaf_value=-0.18960142012904674 -0.22291628745469183 0.047114260206299441 0.25636173177648475 -0.093199490636635518 -0.093199490636635518 -0.00075003068300494497 -0.016563470066167027 0.019120868403749488 -0.030510323715675299 0.025150991688452876 -0.38657723168532054 0.0040803008007280752 -0.12986779750975888 -0.049585920746419557
leaf_weight=34 22 31 27 334 175 2876 273 1363 1435 4343 24 33 113 98
leaf_count=34 22 31 27 334 175 2876 273 1363 1435 4343 24 33 113 98
internal_value=0.000725375 0.00116628 -0.0677016 0.00260274 0.00320244 0.00996198 -0.0479591 -0.0140233 -0.0063333 0.0148322 -0.111232 -0.140107 -0.174839 -0.0928385
internal_weight=11181 11159 228 10931 10897 7826 607 3071 2798 7219 201 170 137 273
internal_count=11181 11159 228 10931 10897 7826 607 3071 2798 7219 201 170 137 273
is_linear=0
shrinkage=0.05


Tree=96
num_leaves=16
num_cat=0
split_feature=1 7 21 8 24 10 10 5 8 6 1 20 1 1 6
split_gain=422.159 442.96 405.527 501.249 819.571 523.983 656.609 390.675 364.928 284.001 154.279 95.6889 51.3903 31.5247 2.09884
threshold=41.500000000000007 1010.0499877929689 5.3500001430511483 690.50000000000011 651.25000000000011 -0.37939999997615809 -0.78654998540878285 1.5950000286102297 177.50000000000003 442.50000000000006 52.500000000000007 11.34999990463257 78.500000000000014 90.500000000000014 1042.5000000000002
decision_type=2 2 2 2 2 2 2 2 2 2 2 2 2 2 2
left_child=11 9 10 5 7 6 -4 -5 -7 -2 -3 -1 14 -14 -12
right_child=1 2 3 4 -6 8 -8 -9 -10 -11 12 -13 13 -15 -16
leaf_value=0.057177512458077187 -0.033770123985596 -0.2066338340441386 0.0011556997779099897 0.08417599738559689 0.021929411180034261 0.0014589956869231347 -0.039566961300581842 0.25708350059058932 0.021929411180034261 -0.25181768217257094 -0.039566961300581842 0.18097389381177523 -0.10278714470791095 -0.039566961300581842 -0.086482771237691256
leaf_weight=27 32 21 2121 353 252 5619 1401 36 1125 28 21 37 66 21 21
leaf_count=27 32 21 2121 353 252 5619 1401 36 1125 28 21 37 66 21 21
internal_value=0.000699676 -3.74876e-05 0.000697729 0.00182066 0.0447165 -0.000857717 -0.0164889 0.100178 0.00730555 -0.135526 -0.0809546 0.128747 -0.0604952 -0.0856773 -0.039567
internal_weight=11181 11117 11057 10907 641 10266 3522 389 6744 60 150 64 129 87 42
internal_count=11181 11117 11057 10907 641 10266 3522 389 6744 60 150 64 129 87 42
is_linear=0
shrinkage=0.05


Tree=97
num_leaves=15
num_cat=0
split_feature=7 1 7 0 11 0 18 23 7 7 4 11 20 5
split_gain=398.097 393.837 1160.77 449.6 459.586 761.323 797.759 673.368 614.717 435.938 335.258 308.365 475.832 224.484
threshold=1027.850036621094 97.500000000000014 1022.5499877929689 15.949999809265138 0.60784998536109935 18.650000572204593 12.250000000000002 24.500000000000004 1019.8500061035157 1019.0499877929689 -0.10500000044703482 -1.0000000180025095e-35 6.7500000000000009 -3.0149999856948848
decision_type=2 2 2 2 2 2 2 2 2 2 2 2 2 2
left_child=1 3 10 -1 5 6 -5 13 -9 -7 -3 12 -12 -6
right_child=-2 2 -4 4 7 9 -8 8 -10 -11 11 -13 -14 -15
leaf_value=-0.17910698441898121 -0.21182826269756663 0.058614613833250832 0.24385112964168743 -0.088054796379160236 -0.088054796379160236 0.0028146928078316364 -0.015199692414362762 0.017965883038212394 -0.028921673628817986 0.027507290837205652 -0.36620767017205558 0.0043169557609978844 -0.12162464392664521 -0.04706798129827746
leaf_weight=34 22 27 27 334 83 3963 273 1363 1435 3256 24 34 116 190
leaf_count=34 22 27 27 334 83 3963 273 1363 1435 3256 24 34 116 190
internal_value=0.000655454 0.00107437 -0.0639653 0.00243097 0.00299739 0.00942974 -0.0443512 -0.0133945 -0.00608117 0.0139518 -0.105314 -0.130751 -0.163553 -0.0880548
internal_weight=11181 11159 228 10931 10897 7826 607 3071 2798 7219 201 174 140 273
internal_count=11181 11159 228 10931 10897 7826 607 3071 2798 7219 201 174 140 273
is_linear=0
shrinkage=0.05


Tree=98
num_leaves=22
num_cat=0
split_feature=1 7 4 12 7 24 5 3 18 12 24 7 7 20 1 6 14 0 7 12 7
split_gain=383.194 394.552 379.269 794.484 506.902 542.88 393.529 751.992 808.242 586.786 362.202 542.635 321.836 320.25 276.066 273.544 227.845 136.449 113.371 97.9426 15.8372
threshold=45.500000000000007 1010.0499877929689 -3.6450001001358028 0.81174999475479137 1012.1499938964845 852.91500854492199 2.9450000524520878 185.50000000000003 9.3499999046325701 1.0000000180025095e-35 1190.414978027344 1015.5499877929689 1023.6499938964845 11.34999990463257 66.500000000000014 442.50000000000006 48.000000000000007 31.250000000000004 1014.1499938964845 -0.56175000965595234 1024.9500122070315
decision_type=2 2 2 2 2 2 2 2 2 2 2 2 2 2 2 2 2 2 2 2 2
left_child=13 15 3 4 -3 -6 10 8 -8 -9 12 -12 -4 16 -5 -2 17 18 -1 -15 -20
right_child=1 2 6 14 5 -7 7 9 -10 -11 11 -13 -14 19 -16 -17 -18 -19 20 -21 -22
leaf_value=-0.037746262626239549 -0.032790521276183426 0.20854183444471072 -0.0082107273994807654 0.36800140857696539 0.060447177918241272 -0.054689439352263107 0.045661786112823649 0.044106655349700416 0.22601334567911724 -0.02744755799560088 -0.32184775982584274 -0.046999269391061957 0.02371490981876935 0.23997728931903839 0.13743374305399689 -0.25113184108183934 -0.12960870619863271 0.094262622059729434 0.016467216451253212 0.11254948959930947 0.054138183936214314
leaf_weight=23 32 33 7744 20 212 198 387 461 74 757 21 109 879 25 37 26 20 28 28 38 29
leaf_count=23 32 33 7744 20 212 198 387 461 74 757 21 109 879 25 37 26 20 28 28 38 29
internal_value=0.000617183 -0.00060309 8.69705e-05 0.0426265 0.0200184 0.00484462 -0.00195193 0.0202212 0.0746119 -0.000365052 -0.00620518 -0.0890422 -0.00495633 0.0708308 0.218335 -0.130668 0.0254092 0.0541162 0.0140137 0.163116 0.0541382
internal_weight=11181 10990 10932 500 443 410 10432 1679 461 1218 8753 130 8623 191 57 58 128 108 80 63 57
internal_count=11181 10990 10932 500 443 410 10432 1679 461 1218 8753 130 8623 191 57 58 128 108 80 63 57
is_linear=0
shrinkage=0.05


Tree=99
num_leaves=16
num_cat=0
split_feature=7 23 12 1 4 12 24 5 7 7 5 1 5 3 11
split_gain=363.424 367.965 675.276 340.279 285.608 734.728 387.582 341.411 709.103 472.637 271.016 249.15 182.06 83.4715 41.9004
threshold=1027.850036621094 16.500000000000004 1.0000000180025095e-35 41.500000000000007 -3.6450001001358028 0.81174999475479137 852.91500854492199 2.9450000524520878 1021.6499938964845 1024.2500000000002 -0.50499999523162831 66.500000000000014 1.9049999713897707 341.50000000000006 0.60784998536109935
decision_type=2 2 2 2 2 2 2 2 2 2 2 2 2 2 2
left_child=1 2 12 13 5 6 -5 9 -9 -6 14 -7 -1 -3 -4
right_child=-2 3 10 4 7 11 -8 8 -10 -11 -12 -13 -14 -15 -16
leaf_value=-0.02396831463865217 -0.20242259177294644 0.1632650510622905 -0.18133616662554203 0.061436265778893995 -0.007329635983606652 0.34960133671760563 -0.02396831463865217 0.045042638772071521 -0.023572215292820782 0.036556594568108655 -0.047437070930997534 0.13056205424505313 -0.16197976396772371 0.046227094709873205 -0.26171011433881869
leaf_weight=209 22 39 31 241 7921 20 224 1070 581 665 33 37 29 25 34
leaf_count=209 22 39 31 241 7921 20 224 1070 581 665 33 37 29 25 34
internal_value=0.000596826 0.00099708 -0.0505335 0.00259685 0.00191306 0.0379893 0.0172206 7.34839e-05 0.0208965 -0.00393057 -0.164133 0.207418 -0.0239683 0.117547 -0.223378
internal_weight=11181 11159 336 10823 10759 522 465 10237 1651 8586 98 57 238 64 65
internal_count=11181 11159 336 10823 10759 522 465 10237 1651 8586 98 57 238 64 65
is_linear=0
shrinkage=0.05


Tree=100
num_leaves=26
num_cat=0
split_feature=21 8 24 8 12 10 10 7 5 7 18 8 3 11 1 1 1 17 23 1 3 1 7 7 2
split_gain=347.927 428.835 774.405 472.925 502.3 435.186 557.925 723.908 624.343 594.846 429.721 331.507 631.068 581.873 423.925 198.837 142.406 98.2334 47.826 34.3786 32.0302 15.7544 8.44745 2.7997 2.12692
threshold=5.3500001430511483 690.50000000000011 560.41500854492199 810.50000000000011 -0.56175000965595234 -0.37939999997615809 -0.78654998540878285 1018.9500122070314 -2.4950000047683711 1022.3500061035157 13.250000000000002 177.50000000000003 173.50000000000003 -0.60784998536109913 95.500000000000014 90.500000000000014 52.500000000000007 0.11850000172853471 39.500000000000007 90.500000000000014 101.50000000000001 65.500000000000014 1018.2500000000001 1019.4500122070314 4.2049999237060556
decision_type=2 2 2 2 2 2 2 2 2 2 2 2 2 2 2 2 2 2 2 2 2 2 2 2 2
left_child=16 5 3 4 17 6 7 10 15 -9 -2 12 13 -7 -14 -8 -1 -3 19 24 -10 -20 -13 -24 -18
right_child=1 2 -4 -5 -6 11 8 9 20 -11 -12 22 14 -15 -16 -17 18 -19 21 -21 -22 -23 23 -25 -26
leaf_value=-0.19578337527456738 -0.03670436804126908 0.11416246842533824 0.020111047104387936 0.27465244753020152 0.060284982069025807 0.010484097681448734 0.020111047104387936 0.020111047104387936 0.020111047104387936 -0.029630648011622324 0.020111047104387936 0.020111047104387936 0.010484097681448734 -0.03670436804126908 -0.03670436804126908 -0.03670436804126908 -0.10601492580913363 0.17769035288487947 -0.062258692927127657 -0.062258692927127657 -0.03670436804126908 -0.03670436804126908 0.010484097681448734 0.020111047104387936 -0.12851844798950923
leaf_weight=21 603 63 305 35 192 772 256 788 165 604 126 644 2886 1590 401 88 21 54 28 21 904 38 174 381 21
leaf_count=21 603 63 305 35 192 772 256 788 165 604 126 644 2886 1590 401 88 21 54 28 21 904 38 174 381 21
internal_value=0.0006 0.00162852 0.0410584 0.100459 0.0807283 -0.000836325 -0.0150863 0.00119415 -0.0367044 0.020111 -0.0367044 0.00651758 0.000857148 -0.0193419 0.0104841 0.020111 -0.0750373 0.169081 -0.0553809 -0.087813 -0.0367044 -0.0367044 0.020111 0.0104841 -0.117267
internal_weight=11181 11031 649 344 309 10382 3534 2121 1413 1392 729 6848 5649 2362 3287 344 150 117 129 63 1069 66 1199 555 42
internal_count=11181 11031 649 344 309 10382 3534 2121 1413 1392 729 6848 5649 2362 3287 344 150 117 129 63 1069 66 1199 555 42
is_linear=0
shrinkage=0.05


Tree=101
num_leaves=22
num_cat=0
split_feature=1 7 0 11 18 0 2 10 23 10 7 6 23 3 23 24 5 4 11 20 7
split_gain=324.809 1044.54 404.188 381.63 636.18 1475.29 1086.91 1184.86 893.061 700.728 631.186 1183.01 827.128 896.182 756.682 462.526 382.105 300.376 278.417 431.529 258.792
threshold=97.500000000000014 1022.5499877929689 15.949999809265138 0.60784998536109935 13.949999809265138 19.550000190734867 2.5149999856948857 1.0000000180025095e-35 56.500000000000007 0.60354998707771312 1018.0499877929689 177.50000000000003 40.500000000000007 246.50000000000003 21.500000000000004 332.91499328613287 1.9049999713897707 -0.10500000044703482 -1.0000000180025095e-35 6.5499999523162851 1019.4500122070314
decision_type=2 2 2 2 2 2 2 2 2 2 2 2 2 2 2 2 2 2 2 2 2
left_child=2 17 -1 4 5 8 7 -6 -4 -7 11 15 16 -14 -13 -5 -12 -2 19 -19 -21
right_child=1 -3 3 10 6 9 -8 -9 -10 -11 12 14 13 -15 -16 -17 -18 18 -20 20 -22
leaf_value=-0.17015695475480136 0.057615523978515909 0.23367233083203987 -0.083825833876514516 0.33935882928894789 0.050252035580066745 0.018165316719900335 0.018165316719900335 0.14227406574182966 -0.030127992555129126 -0.022279088460902433 -0.083825833876514516 -0.083825833876514516 -0.028642783017516257 0.059364758303634968 0.022734955364133527 0.1210618517227503 -0.044911319231047381 -0.3678207355737686 0.0067133397740476277 -0.083175987668335449 -0.24239020941468575
leaf_weight=34 27 27 374 41 338 4159 914 445 288 1330 495 41 1313 371 748 21 41 20 34 100 20
leaf_count=34 27 27 374 41 338 4159 914 445 288 1330 495 41 1313 371 748 21 41 20 34 100 20
internal_value=0.000739768 -0.058327 0.00196931 0.00250529 0.00835265 0.000875292 0.0354553 0.0823388 -0.0696352 0.0093792 -0.0124378 0.024174 -0.0264723 -0.00925395 0.00764841 0.234475 -0.0805687 -0.0975508 -0.121628 -0.152797 -0.11696
internal_weight=11181 228 10953 10919 7848 6151 1697 783 662 5489 3071 851 2220 1684 789 62 536 201 174 140 120
internal_count=11181 228 10953 10919 7848 6151 1697 783 662 5489 3071 851 2220 1684 789 62 536 201 174 140 120
is_linear=0
shrinkage=0.05


Tree=102
num_leaves=15
num_cat=0
split_feature=7 18 23 18 18 7 11 12 5 5 7 5 11 5
split_gain=325.785 370.978 341.195 544.908 357.965 1608.81 347.277 338.626 798.664 622.697 300.55 224.675 177.507 56.4898
threshold=1027.850036621094 1.0500000119209292 30.500000000000004 13.150000095367433 21.349999427795414 1016.7500000000001 0.60784998536109935 0.81174999475479137 -0.14500000327825543 2.9450000524520878 1018.3500061035157 2.4550000429153447 -0.87834998965263356 -1.5549999475479124
decision_type=2 2 2 2 2 2 2 2 2 2 2 2 2 2
left_child=1 -1 3 12 7 -6 11 9 -9 -4 -8 -5 -3 -7
right_child=-2 2 4 6 5 13 10 8 -10 -11 -12 -13 -14 -15
leaf_value=-0.1718569495625073 -0.19172820110212674 -0.045650565315732528 -0.0058941888701982362 -0.0072144517389682045 0.49612759862627298 0.12908622745678508 -0.0072144517389682045 0.04632480688751045 -0.0072144517389682045 0.03370929830327233 -0.045650565315732528 -0.045650565315732528 -0.08525302624337916 0.04632480688751045
leaf_weight=31 22 63 6772 836 21 44 140 835 559 1163 259 165 210 61
leaf_count=31 22 63 6772 836 21 44 140 835 559 1163 259 165 210 61
internal_value=0.000490761 0.000869721 0.0013509 -0.0194626 0.00503371 0.0887466 -0.00721445 0.00390306 0.0266307 -8.96702e-05 -0.0456506 -0.00721445 -0.0840867 0.0463248
internal_weight=11181 11159 11128 1673 9455 126 1400 9329 1394 7935 399 1001 273 105
internal_count=11181 11159 11128 1673 9455 126 1400 9329 1394 7935 399 1001 273 105
is_linear=0
shrinkage=0.05


Tree=103
num_leaves=20
num_cat=0
split_feature=1 7 23 12 20 6 8 14 5 5 6 14 24 5 0 5 14 23 10
split_gain=313.489 360.212 293.586 596.401 284.732 271.09 834.185 503.516 377.005 246.179 245.75 196.066 176.755 164.723 130.339 115.508 62.8772 40.0713 36.8412
threshold=45.500000000000007 1010.0499877929689 16.500000000000004 1.0000000180025095e-35 10.84999990463257 1027.5000000000002 520.50000000000011 33.000000000000007 3.7050000429153447 -0.50499999523162831 442.50000000000006 48.000000000000007 490.41499328613287 1.9049999713897707 31.250000000000004 -2.7250000238418575 33.000000000000007 141.00000000000003 -1.0000000180025095e-35
decision_type=2 2 2 2 2 2 2 2 2 2 2 2 2 2 2 2 2 2 2
left_child=4 10 3 13 11 6 8 -8 -4 18 -2 14 -7 -3 15 -1 -6 -18 -5
right_child=1 2 5 9 16 12 7 -9 -10 -11 -12 -13 -14 -15 -16 -17 17 -19 -20
leaf_value=-0.040107248495332905 -0.032099918089807035 -0.022213748892223308 -0.00487884437784905 -0.17789212504499838 0.20000663009183162 -0.0091699442277610836 0.11878813905593677 0.029543098974057276 0.022657694845810591 -0.041936765972411999 -0.23905155131450068 -0.12585383801721037 -0.022213748892223308 -0.15494693782309008 0.080219061684831894 0.040892124409754205 0.080219061684831894 0.15214447249491717 -0.25427922496089228
leaf_weight=30 32 209 7770 38 29 184 195 834 969 33 26 20 644 29 28 42 21 21 27
leaf_count=30 32 209 7770 38 29 184 195 834 969 33 26 20 644 29 28 42 21 21 27
internal_value=0.000508026 -0.000595693 6.36542e-05 -0.0459503 0.0640152 0.00152276 0.00387386 0.0464554 -0.00114003 -0.153157 -0.124871 0.0170571 -0.0222137 -0.0222137 0.0456393 0.00156519 0.143381 0.104282 -0.209622
internal_weight=11181 10990 10932 336 191 10596 9768 1029 8739 98 58 120 828 238 100 72 71 42 65
internal_count=11181 10990 10932 336 191 10596 9768 1029 8739 98 58 120 828 238 100 72 71 42 65
is_linear=0
shrinkage=0.05


Tree=104
num_leaves=24
num_cat=0
split_feature=21 8 24 8 12 10 10 7 5 7 18 5 7 7 18 21 14 1 1 21 1 1 7
split_gain=298.007 332.421 699.285 430.893 461.749 397.731 507.304 691.037 569.609 495.899 375.101 285.181 855.256 676.426 481.243 489.794 421.443 153.743 131.294 90.0575 41.6417 27.8795 22.6107
threshold=5.3500001430511483 690.50000000000011 560.41500854492199 810.50000000000011 -0.56175000965595234 -0.37939999997615809 -0.78654998540878285 1018.9500122070314 -2.4950000047683711 1022.3500061035157 13.250000000000002 0.10500000044703485 1017.9500122070314 1021.7500000000001 9.0500001907348651 10.449999809265138 55.000000000000007 90.500000000000014 52.500000000000007 15.550000190734865 78.500000000000014 90.500000000000014 1016.5499877929689
decision_type=2 2 2 2 2 2 2 2 2 2 2 2 2 2 2 2 2 2 2 2 2 2 2
left_child=18 5 3 4 19 6 7 10 17 -9 -2 12 16 -14 15 -13 -7 -8 -1 -3 -20 22 -22
right_child=1 2 -4 -5 -6 11 8 9 -10 -11 -12 14 13 -15 -16 -17 -18 -19 20 -21 21 -23 -24
leaf_value=-0.18541186565444584 -0.03399593736485685 0.10647290436521409 0.017753248819456776 0.25968110867909022 0.055580909044797622 0.017753248819456776 0.017753248819456776 0.017753248819456776 -0.03399593736485685 -0.028046964463432453 0.017753248819456776 -0.03399593736485685 -0.03399593736485685 0.016627947042867863 0.017753248819456776 0.0015755742413944369 -0.031454816873321377 -0.03399593736485685 -0.03399593736485685 0.16712810939643749 -0.12337422227037365 -0.03399593736485685 -0.064408583878665368
leaf_weight=21 603 63 305 35 192 1868 256 788 1069 604 126 421 1573 792 989 760 445 88 42 54 29 21 37
leaf_count=21 603 63 305 35 192 1868 256 788 1069 604 126 421 1573 792 989 760 445 88 42 54 29 21 37
internal_value=0.000528634 0.00148051 0.0361961 0.0934086 0.0745751 -0.000689633 -0.0143126 0.00126724 -0.0339959 0.0177532 -0.0339959 0.0063407 -0.000768886 -0.0220296 0.0177532 -0.0146021 0.0177532 0.0177532 -0.0694724 0.159597 -0.0505985 -0.0740624 -0.0903177
internal_weight=11181 11031 649 344 309 10382 3534 2121 1413 1392 729 6848 4678 2365 2170 1181 2313 344 150 117 129 87 66
internal_count=11181 11031 649 344 309 10382 3534 2121 1413 1392 729 6848 4678 2365 2170 1181 2313 344 150 117 129 87 66
is_linear=0
shrinkage=0.05


Tree=105
num_leaves=14
num_cat=0
split_feature=7 18 1 7 11 0 18 7 6 7 7 4 11
split_gain=289.1 335.605 293.751 925.881 336.229 787.096 768.844 532.594 1062.31 755.535 419.556 190.716 26.3434
threshold=1027.850036621094 1.0500000119209292 97.500000000000014 1022.5499877929689 0.60784998536109935 18.650000572204593 12.250000000000002 1018.0499877929689 177.50000000000003 1024.549987792969 1017.1499938964845 -0.10500000044703482 -1.0000000180025095e-35
decision_type=2 2 2 2 2 2 2 2 2 2 2 2 2
left_child=1 -1 4 11 5 6 -3 8 -6 -9 -7 -4 -13
right_child=-2 2 3 -5 7 10 -8 9 -10 -11 -12 12 -14
leaf_value=-0.16320413144365434 -0.18034921139478685 -0.080832517358661024 0.055351368475843356 0.22170248561435277 0.22159973294023547 -0.0018648082839568024 -0.015996592675612011 -0.035535913281668066 0.0066456793045724374 0.051158743481889729 0.022786485439096657 -0.080832517358661024 0.0072799296940074254
leaf_weight=31 22 361 27 27 62 2875 279 1927 788 289 4319 140 34
leaf_count=31 22 361 27 27 62 2875 279 1927 788 289 4319 140 34
internal_value=0.000724448 0.00108144 0.0015391 -0.05463 0.00271401 0.00820775 -0.0449281 -0.0113232 0.0223247 -0.0242296 0.0129349 -0.0808325 -0.0808325
internal_weight=11181 11159 11128 228 10900 7834 640 3066 850 2216 7194 201 174
internal_count=11181 11159 11128 228 10900 7834 640 3066 850 2216 7194 201 174
is_linear=0
shrinkage=0.05


Tree=106
num_leaves=22
num_cat=0
split_feature=1 7 0 23 18 18 7 11 9 18 20 5 10 7 5 3 6 11 7 7 1
split_gain=276.662 856.808 340.05 301.187 474.948 415.634 1360.46 333.094 324.733 688.152 354.322 269.209 921.951 248.192 200.17 182.875 324.093 151.638 126.465 113.934 76.1631
threshold=97.500000000000014 1022.5499877929689 15.949999809265138 30.500000000000004 13.150000095367433 21.349999427795414 1016.9500122070314 0.60784998536109935 0.91595000028610241 9.0500001907348651 7.6499998569488534 -1.3650000095367429 -0.6035499870777129 1018.3500061035157 2.4550000429153447 219.50000000000003 32.500000000000007 -0.87834998965263356 1017.6499938964845 1015.7500000000001 92.500000000000014
decision_type=2 2 2 2 2 2 2 2 2 2 2 2 2 2 2 2 2 2 2 2 2
left_child=2 11 -1 4 17 8 -7 14 10 -10 -5 12 -2 -9 -6 18 -17 -4 -13 -18 -8
right_child=1 -3 3 5 7 6 20 13 9 -11 -12 15 -14 -15 -16 16 19 -19 -20 -21 -22
leaf_value=-0.15607475585797256 -0.21541617086955478 0.21061735992078431 -0.041378181412300333 -0.0058673924916559338 -0.0058673924916559338 0.47077073369707378 0.053062316679697089 -0.0058673924916559338 -0.0058673924916559338 0.053062316679697089 0.0090235588741512714 -0.11154464988604836 0.24775045180523936 -0.041378181412300333 -0.041378181412300333 -0.011159844299157461 -0.10673695846807724 -0.076888970332944728 0.060368972271680837 -0.23451730599770182 0.17522030678533373
leaf_weight=34 21 27 63 2199 807 21 70 140 504 255 6217 23 22 258 165 30 20 199 20 65 21
leaf_count=34 21 27 63 2199 807 21 70 140 504 255 6217 23 22 258 165 30 20 199 20 65 21
internal_value=0.000670439 -0.053843 0.0018052 0.00229682 -0.0175127 0.00577794 0.101515 -0.00586739 0.00460926 0.0359322 0.00178439 -0.0893675 0.0215528 -0.0413782 -0.00586739 -0.119555 -0.152448 -0.076889 -0.0315848 -0.202314 0.0530623
internal_weight=11181 228 10953 10919 1632 9287 112 1370 9175 759 8416 201 43 398 972 158 115 262 43 85 91
internal_count=11181 228 10953 10919 1632 9287 112 1370 9175 759 8416 201 43 398 972 158 115 262 43 85 91
is_linear=0
shrinkage=0.05


Tree=107
num_leaves=12
num_cat=0
split_feature=1 7 21 1 7 0 11 4 4 23 20
split_gain=275.704 341.751 266.585 253.436 766.977 281.788 348.041 213.297 169.929 122.126 74.1067
threshold=41.500000000000007 1010.0499877929689 4.3500001430511483 97.500000000000014 1022.5499877929689 16.44999980926514 0.60784998536109935 -3.0949999094009395 -0.10500000044703482 51.500000000000007 11.34999990463257
decision_type=2 2 2 2 2 2 2 2 2 2 2
left_child=10 7 -3 5 8 9 -7 -2 -5 -4 -1
right_child=1 2 3 4 -6 6 -8 -9 -10 -11 -12
leaf_value=0.041111361787275036 -0.024715072525044283 -0.15341880449226925 -0.076181107286745139 0.051467348359249258 0.20008649152738078 0.0084867660390951019 -0.011502970192575053 -0.2132606992311776 -0.076181107286745139 -0.0366758365885805 0.15005604584474821
leaf_weight=27 30 28 48 27 27 7694 3037 30 174 22 37
leaf_count=27 30 28 48 27 27 7694 3037 30 174 22 37
internal_value=0.000615348 1.96213e-05 0.000665407 0.00105659 -0.051111 0.0021578 0.00282943 -0.118988 -0.0761811 -0.0761811 0.104095
internal_weight=11181 11117 11057 11029 228 10801 10731 60 201 70 64
internal_count=11181 11117 11057 11029 228 10801 10731 60 201 70 64
is_linear=0
shrinkage=0.05


Tree=108
num_leaves=18
num_cat=0
split_feature=7 18 8 6 14 10 10 4 3 7 5 21 1 8 24 11 21
split_gain=261.609 311.243 286.63 634.68 423.949 308.465 583.267 462.288 340.079 327.032 479.538 282.386 240.799 244.711 188.536 156.891 36.8684
threshold=1027.850036621094 1.2500000000000002 543.50000000000011 452.50000000000006 33.000000000000007 -0.37939999997615809 -0.6035499870777129 0.49500000476837164 111.50000000000001 1013.0499877929689 -3.0149999856948848 5.5499999523162851 77.500000000000014 738.50000000000011 460.41499328613287 1.0000000180025095e-35 11.84999990463257
decision_type=2 2 2 2 2 2 2 2 2 2 2 2 2 2 2 2 2
left_child=1 15 5 12 16 6 7 -3 -8 10 -7 -11 13 -4 -6 -1 -5
right_child=-2 2 3 4 14 9 8 -9 -10 11 -12 -13 -14 -15 -16 -17 -18
leaf_value=-0.18070224807471844 -0.17169962051239882 -0.026634797393491678 0.068839856709555378 0.039410137557235048 0.039410137557235048 0.0099804184049147142 0.0099804184049147142 0.0099804184049147142 -0.054656359933603751 -0.054656359933603751 -0.054656359933603751 0.0085576634298917004 0.2859209740161896 0.25670866966247557 0.0099804184049147142 -0.054656359933603751 0.068839856709555378
leaf_weight=37 22 1201 93 77 482 290 133 1159 464 70 152 6104 20 20 709 25 123
leaf_count=37 22 1201 93 77 482 290 133 1159 464 70 152 6104 20 20 709 25 123
internal_value=0.000549779 0.000889369 0.00151354 0.0216535 0.0116762 -0.00169271 -0.0151179 -0.00389598 -0.0546564 0.00430764 -0.0372393 0.00728201 0.126004 0.0976996 0.00998042 -0.110826 0.0688399
internal_weight=11181 11159 11097 1524 1391 9573 2957 2360 597 6616 442 6174 133 113 1191 62 200
internal_count=11181 11159 11097 1524 1391 9573 2957 2360 597 6616 442 6174 133 113 1191 62 200
is_linear=0
shrinkage=0.05


Tree=109
num_leaves=23
num_cat=0
split_feature=1 7 6 8 14 24 14 10 3 5 18 20 6 14 2 2 0 5 12 3 23 8
split_gain=252.989 305.7 268.22 449.867 385.802 380.559 350.439 290.392 373.187 304.691 259.024 235.958 205.049 180.277 153.485 135.424 115.733 107.565 62.3881 43.1838 33.7187 12.0645
threshold=45.500000000000007 1010.0499877929689 1192.5000000000002 543.50000000000011 33.000000000000007 275.41499328613287 48.000000000000007 -0.37939999997615809 164.50000000000003 -2.3950001001358028 4.0499999523162851 10.84999990463257 442.50000000000006 48.000000000000007 4.430000066757203 3.0449999570846562 31.250000000000004 -2.7250000238418575 -0.56175000965595234 13.500000000000002 141.00000000000003 629.50000000000011
decision_type=2 2 2 2 2 2 2 2 2 2 2 2 2 2 2 2 2 2 2 2 2 2
left_child=11 12 3 7 10 -6 14 9 -9 -3 -5 13 -2 16 -4 -8 17 -1 -13 -17 -20 -16
right_child=1 2 6 4 5 -7 15 8 -10 -11 -12 18 -14 -15 21 19 -18 -19 20 -21 -22 -23
leaf_value=-0.040146788095124071 -0.030372531188186259 0.013140538128414784 -0.018955438807912065 0.07238292926601296 0.059247320070952639 0.014504926307985687 -0.069944403518217763 -0.0092992727670401076 0.014504926307985687 -0.018955438807912065 0.23607636489744843 0.18606905170298857 -0.21941161843446585 -0.12236836654134096 -0.069944403518217763 -0.2247091476619244 0.072165835266725153 0.03584737344168918 0.072165835266725153 -0.13777721160650255 0.1407404709429968 -0.044449921163064912
leaf_weight=30 32 779 214 145 194 779 31 2949 3515 2127 29 29 26 20 31 20 28 42 21 50 21 69
leaf_count=30 32 779 214 145 194 779 31 2949 3515 2127 29 29 26 20 31 20 28 42 21 50 21 69
internal_value=0.000364013 -0.0006275 -2.00883e-05 0.00153568 0.0310923 0.0188295 -0.0394466 -0.0020824 0.00381947 -0.0152103 0.0996652 0.057415 -0.115114 0.0146676 -0.0189554 -0.120933 0.0420748 -0.000471088 0.129664 -0.162615 0.0907178 -0.0699444
internal_weight=11181 10990 10932 10517 1147 973 415 9370 6464 2906 174 191 58 120 314 101 100 72 71 70 42 100
internal_count=11181 10990 10932 10517 1147 973 415 9370 6464 2906 174 191 58 120 314 101 100 72 71 70 42 100
is_linear=0
shrinkage=0.05


Tree=110
num_leaves=18
num_cat=0
split_feature=21 1 7 5 1 7 3 7 11 20 1 14 4 0 3 12 7
split_gain=239.916 248.337 259.071 275.811 238.722 695.101 287.208 808.102 534.097 196.451 182.473 165.07 153.239 94.9154 91.8784 84.0985 78.6522
threshold=4.3500001430511483 45.500000000000007 1011.5499877929689 -2.4950000047683711 97.500000000000014 1022.5499877929689 37.500000000000007 1013.6499938964845 0.87834998965263378 11.34999990463257 84.500000000000014 48.000000000000007 -0.10500000044703482 31.250000000000004 30.500000000000004 -0.56175000965595234 1014.1499938964845
decision_type=2 2 2 2 2 2 2 2 2 2 2 2 2 2 2 2 2
left_child=-1 9 3 10 6 12 8 -8 -4 11 14 13 -6 16 -3 -11 -2
right_child=1 2 4 -5 5 -7 7 -9 -10 15 -12 -13 -14 -15 -16 -17 -18
leaf_value=-0.14587389805487225 -0.012585764018592367 0.099785363155284107 -0.0033077923808874348 -0.072602389391902403 0.049283434836952772 0.18952440627747114 0.076927467128357949 0.0029330672385673396 -0.067680347987272321 0.20080868554115297 -0.072602389391902403 -0.072602389391902403 -0.072602389391902403 0.075518108402482353 0.00056784864515066155 0.082729693188479073 0.043446913869995787
leaf_weight=28 23 35 2253 61 27 27 388 7529 376 25 24 20 174 28 70 38 55
leaf_count=28 23 35 2253 61 27 27 388 7529 376 25 24 20 174 28 70 38 55
internal_value=0.000302139 0.000669119 -0.000310464 -0.0581875 0.0007102 -0.0499077 0.00180454 0.00655942 -0.0125144 0.0574953 0.00257223 0.0214498 -0.0726024 0.0474309 0.0336404 0.129586 0.0113757
internal_weight=11181 11153 10964 190 10774 228 10546 7917 2629 189 129 126 201 106 105 63 78
internal_count=11181 11153 10964 190 10774 228 10546 7917 2629 189 129 126 201 106 105 63 78
is_linear=0
shrinkage=0.05


Tree=111
num_leaves=13
num_cat=0
split_feature=7 18 7 8 6 11 0 7 6 23 18 23
split_gain=232.784 278.102 278.405 421.223 297.319 261.85 560.335 535.108 995.727 521.125 458.122 194.682
threshold=1027.850036621094 1.0500000119209292 1026.7500000000002 216.50000000000003 1112.5000000000002 0.60784998536109935 16.94999980926514 1018.0499877929689 177.50000000000003 30.500000000000004 13.949999809265138 56.500000000000007
decision_type=2 2 2 2 2 2 2 2 2 2 2 2
left_child=1 -1 5 -4 -5 6 11 8 -7 -9 -8 -3
right_child=-2 2 3 4 -6 7 10 9 -10 -11 -12 -13
leaf_value=-0.14900408779841759 -0.16225678405978464 -0.074020620600969186 -0.074020620600969186 0.3265952746073405 0.071395447440445431 0.21123553967336195 0.00042713243905677763 -0.074020620600969186 0.0061633106865943768 -0.015369500614468049 0.029647000813737182 -0.033620913111127269
leaf_weight=31 22 94 22 21 25 64 6171 292 788 1917 1714 20
leaf_count=31 22 94 22 21 25 64 6171 292 788 1917 1714 20
internal_value=0.000225899 0.000546234 0.000962847 0.101824 0.1879 0.000342725 0.00510191 -0.012094 0.0215678 -0.0250772 0.00677879 -0.0740206
internal_weight=11181 11159 11128 68 46 11060 7999 3061 852 2209 7885 114
internal_count=11181 11159 11128 68 46 11060 7999 3061 852 2209 7885 114
is_linear=0
shrinkage=0.05


Tree=112
num_leaves=22
num_cat=0
split_feature=23 12 9 20 11 4 5 11 18 7 7 5 11 23 4 7 10 5 5 18 10
split_gain=231.374 506.518 241.32 370.598 417.848 462.754 1023.08 954.5 344.969 761.988 1019.84 1227.69 494.062 356.144 300.517 447.608 271.659 214.802 156.961 104.881 36.4186
threshold=16.500000000000004 1.0000000180025095e-35 0.91595000028610241 7.6499998569488534 0.60784998536109935 1.2649999856948855 2.054999947547913 1.0000000180025095e-35 7.8500001430511483 1016.1499938964845 1017.5499877929689 2.6950000524520878 -0.60784998536109913 50.500000000000007 1.685000002384186 1021.3500061035157 -0.78654998540878285 -0.50499999523162831 1.9049999713897707 15.050000190734865 -1.0000000180025095e-35
decision_type=2 2 2 2 2 2 2 2 2 2 2 2 2 2 2 2 2 2 2 2 2
left_child=1 18 3 16 5 6 -5 -7 13 -10 11 -11 -12 -4 -6 -16 -2 20 -1 -18 -3
right_child=2 17 8 4 14 7 -8 -9 9 10 12 -13 -14 -15 15 -17 19 -19 -20 -21 -22
leaf_value=-0.019626077013031748 -0.0063951006957212817 -0.1610007396654079 -0.019626077013031748 0.010670185607613271 -0.0063951006957212817 -0.0063951006957212817 0.082470473942841183 0.19398286745354937 0.013122801973754745 0.13105899123112105 0.13955676594523939 0.53859208651951385 0.013122801973754745 0.013122801973754745 0.15279120234545412 -0.0063951006957212817 -0.019626077013031748 -0.035913363674824887 -0.14897548068186334 -0.0063951006957212817 -0.23694847910492511
leaf_weight=209 735 38 183 3874 1813 521 569 74 240 154 91 21 325 243 82 80 1693 33 29 147 27
leaf_count=209 735 38 183 3874 1813 521 569 74 240 154 91 21 325 243 82 80 1693 33 29 147 27
internal_value=0.000172483 -0.0406907 0.00143851 -0.00126207 0.00469448 0.0130609 0.0198654 -0.0063951 0.0220376 0.0407917 0.0786954 0.179963 0.0360948 -0.0145461 -0.0063951 0.0705401 -0.0174847 -0.139804 -0.0196261 -0.0196261 -0.192548
internal_weight=11181 336 10845 9588 7013 5038 4443 595 1257 831 591 175 416 426 1975 162 2575 98 238 1840 65
internal_count=11181 336 10845 9588 7013 5038 4443 595 1257 831 591 175 416 426 1975 162 2575 98 238 1840 65
is_linear=0
shrinkage=0.05


Tree=113
num_leaves=21
num_cat=0
split_feature=1 7 0 23 18 18 7 7 12 9 18 20 12 5 10 3 6 11 10 1
split_gain=224.375 645.701 269.965 260.12 431.655 349.667 1228.39 282.302 312.617 282.178 603.962 288.143 257.299 243.675 808.122 148.479 274.567 120.951 116.378 71.1785
threshold=97.500000000000014 1022.5499877929689 15.949999809265138 30.500000000000004 13.150000095367433 21.349999427795414 1016.9500122070314 1016.5499877929689 1.0000000180025095e-35 0.91595000028610241 9.0500001907348651 7.6499998569488534 1.0000000180025095e-35 -1.3650000095367429 -0.6035499870777129 216.50000000000003 32.500000000000007 -0.87834998965263356 0.60354998707771312 92.500000000000014
decision_type=2 2 2 2 2 2 2 2 2 2 2 2 2 2 2 2 2 2 2 2
left_child=2 13 -1 4 17 9 -7 8 -6 11 -11 -5 -9 14 -2 -15 -17 -4 -18 -8
right_child=1 -3 3 5 7 6 19 12 -10 10 -12 -13 -14 15 -16 16 18 -19 -20 -21
leaf_value=-0.1398802340907209 -0.19649080123220172 0.1802579053781099 -0.037840935409104694 -0.0063569115390570878 -0.037840935409104694 0.44377836272830057 0.047835443557493453 -0.0063569115390570878 -0.0063569115390570878 -0.0063569115390570878 0.047835443557493453 0.0072239241797940994 -0.037840935409104694 -0.021228594957171262 0.23714164698665796 -0.0045059423645337424 -0.14316833019256592 -0.069324959279152304 -0.26833342543015115 0.16742549716007143
leaf_weight=34 21 27 63 2199 257 21 70 792 42 504 255 6217 279 37 22 30 65 199 26 21
leaf_count=34 21 27 63 2199 257 21 70 792 42 504 255 6217 279 37 22 30 65 199 26 21
internal_value=-0.000229638 -0.0493223 0.000792284 0.00123032 -0.0171792 0.00446542 0.0922774 -0.00635691 -0.0378409 0.00339349 0.032592 0.000760215 -0.00635691 -0.0801614 0.0253677 -0.108881 -0.135684 -0.069325 -0.17893 0.0478354
internal_weight=11181 228 10953 10919 1632 9287 112 1370 299 9175 759 8416 1071 201 43 158 121 262 91 91
internal_count=11181 228 10953 10919 1632 9287 112 1370 299 9175 759 8416 1071 201 43 158 121 262 91 91
is_linear=0
shrinkage=0.05


Tree=114
num_leaves=26
num_cat=0
split_feature=21 8 5 7 18 10 10 7 5 7 18 7 7 3 11 24 12 12 1 1 8 1 1 1 7
split_gain=221.165 235.251 622.548 466.897 479.271 272.964 414.658 648.142 493.393 362.638 285.08 267.357 308.43 914.11 286.907 238.568 176.483 154.833 105.275 93.0871 69.3003 59.1902 38.0659 25.3628 21.7901
threshold=5.3500001430511483 690.50000000000011 -4.1549999713897696 1019.1499938964845 2.0499999523162846 -0.37939999997615809 -0.78654998540878285 1018.9500122070314 -2.4950000047683711 1022.3500061035157 13.250000000000002 1012.9500122070314 1018.2500000000001 177.50000000000003 -0.60784998536109913 1041.2500000000002 1.0000000180025095e-35 0.81174999475479137 52.500000000000007 90.500000000000014 765.00000000000011 70.500000000000014 78.500000000000014 90.500000000000014 1016.5499877929689
decision_type=2 2 2 2 2 2 2 2 2 2 2 2 2 2 2 2 2 2 2 2 2 2 2 2 2
left_child=18 5 -3 4 17 6 7 10 19 -9 -2 14 15 -14 -7 -13 -6 -4 -1 -8 -5 -16 -20 24 -24
right_child=1 2 3 20 16 11 8 9 -10 -11 -12 12 13 -15 21 -17 -18 -19 22 -21 -22 -23 23 -25 -26
leaf_value=-0.16434453754197986 -0.029964503141731342 0.014287116720158241 0.014287116720158241 0.014287116720158241 0.15395869894931882 -0.029964503141731342 0.014287116720158241 0.014287116720158241 -0.029964503141731342 -0.026395679471261854 0.014287116720158241 0.014287116720158241 -0.029964503141731342 0.014287116720158241 -0.029964503141731342 -0.029964503141731342 0.075285604514059579 0.075285604514059579 -0.029964503141731342 -0.029964503141731342 0.11762375790497354 0.014287116720158241 -0.11502179503440857 -0.029964503141731342 -0.057135973971123133
leaf_weight=21 603 193 51 77 236 273 256 788 1069 604 126 2341 1611 2316 83 115 38 25 42 88 29 109 29 21 37
leaf_count=21 603 193 51 77 236 273 256 788 1069 604 126 2341 1611 2316 83 115 38 25 42 88 29 109 29 21 37
internal_value=-0.000222236 0.000597788 0.0298021 0.0755708 0.104996 -0.00122783 -0.0125136 0.00159761 -0.0299645 0.0142871 -0.0299645 0.00459633 0.00726695 -0.00233988 -0.0299645 0.0142871 0.136284 0.0142871 -0.0605268 0.0142871 0.0142871 0.0142871 -0.0436262 -0.0669861 -0.0825707
internal_weight=11181 11031 649 456 350 10382 3534 2121 1413 1392 729 6848 6383 3927 465 2456 274 76 150 344 106 192 129 87 66
internal_count=11181 11031 649 456 350 10382 3534 2121 1413 1392 729 6848 6383 3927 465 2456 274 76 150 344 106 192 129 87 66
is_linear=0
shrinkage=0.05


Tree=115
num_leaves=16
num_cat=0
split_feature=1 7 4 12 7 24 24 7 1 10 5 2 4 3 11
split_gain=213.901 271.465 226.879 592.587 431.742 450.926 248.887 331.975 223.347 217.084 1096.96 393.074 171.707 74.0519 30.2467
threshold=41.500000000000007 1010.0499877929689 -3.6450001001358028 0.81174999475479137 1012.1499938964845 852.91500854492199 1246.2500000000002 1020.1499938964845 66.500000000000014 1.0000000180025095e-35 4.0750000476837167 5.7650001049041757 -3.0949999094009395 341.50000000000006 1.0000000180025095e-35
decision_type=2 2 2 2 2 2 2 2 2 2 2 2 2 2 2
left_child=13 12 3 4 -3 -6 9 -8 -5 11 -11 -4 -2 -1 -9
right_child=1 2 6 8 5 -7 7 14 -10 10 -12 -13 -14 -15 -16
leaf_value=0.13402102998433971 -0.022193244347969692 0.18728137043389409 -0.0035345167132661941 0.31911324560642246 0.0501318120907219 -0.054529961127787831 -0.25756572108715775 -0.072829330321056415 0.11172631775607933 0.00030701250789531571 0.092648230765218872 -0.035378794273573419 -0.19136127709100645 0.023784431964159011 -0.035378794273573419
leaf_weight=39 30 33 5344 20 212 200 20 54 37 4397 347 335 30 25 58
leaf_count=39 30 33 5344 20 212 200 20 54 37 4397 347 335 30 25 58
internal_value=-0.000186585 -0.00071131 -0.000135751 0.0327059 0.0132635 -0.000674874 -0.00169771 -0.0699239 0.184494 -0.000833677 0.00706131 -0.00742882 -0.106777 0.0909599 -0.0364164
internal_weight=11181 11117 11057 502 445 412 10555 132 57 10423 4744 5679 60 64 112
internal_count=11181 11117 11057 502 445 412 10555 132 57 10423 4744 5679 60 64 112
is_linear=0
shrinkage=0.05


Tree=116
num_leaves=12
num_cat=0
split_feature=7 7 18 11 11 0 7 6 4 18 23
split_gain=204.46 252.545 252.755 244.695 230.539 496.732 481.315 889.848 475.372 429.737 207.309
threshold=1027.850036621094 1026.850036621094 1.0500000119209292 0.87834998965263378 0.60784998536109935 16.94999980926514 1018.0499877929689 177.50000000000003 1.685000002384186 13.949999809265138 56.500000000000007
decision_type=2 2 2 2 2 2 2 2 2 2 2
left_child=1 2 -1 -3 5 10 7 -6 -8 -7 -4
right_child=-2 3 4 -5 6 9 8 -9 -10 -11 -12
leaf_value=-0.14537889257073403 -0.15249738666144286 0.012748928321525455 -0.072715262943282774 0.22694572818775974 0.19951988436514512 -0.00017980032936781742 -0.03313154741068855 0.005656975807461339 0.034851631725768273 0.028091071898928639 -0.033371964356169945
leaf_weight=30 22 30 94 24 64 6178 1916 788 297 1718 20
leaf_count=30 22 30 94 24 64 6178 1916 788 297 1718 20
internal_value=-0.000219925 8.02903e-05 -0.000444233 0.107948 -5.16333e-05 0.00441077 -0.0117136 0.0202194 -0.0240077 0.00597133 -0.0727153
internal_weight=11181 11159 11105 54 11075 8010 3065 852 2213 7896 114
internal_count=11181 11159 11105 54 11075 8010 3065 852 2213 7896 114
is_linear=0
shrinkage=0.05


Tree=117
num_leaves=31
num_cat=0
split_feature=23 7 11 11 3 11 12 3 5 7 2 21 12 1 23 7 17 4 17 18 1 18 24 17 7 11 9 1 5 2
split_gain=207.112 467.671 1639.85 1387.28 1136.35 853.128 678.349 844.835 251.195 766.49 889.34 576.226 519.006 1674.8 1568.55 1135.54 660.318 516.617 390.59 352.362 260.691 226.964 208.87 203.946 173.184 146.359 95.4818 89.1321 70.7625 69.8787
threshold=25.500000000000004 1016.5499877929689 -0.60784998536109913 1.0000000180025095e-35 300.50000000000006 0.87834998965263378 1.0000000180025095e-35 281.50000000000006 2.9450000524520878 1021.6499938964845 5.5699999332427987 10.34999990463257 0.81174999475479137 96.500000000000014 85.500000000000014 1021.3500061035157 0.10549999773502351 1.0049999952316286 0.11850000172853471 22.94999980926514 45.500000000000007 8.9499998092651385 391.25000000000006 0.099500000476837172 1026.549987792969 0.60784998536109935 -0.91595000028610218 89.500000000000014 -1.7549999952316282 3.4300000667572026
decision_type=2 2 2 2 2 2 2 2 2 2 2 2 2 2 2 2 2 2 2 2 2 2 2 2 2 2 2 2 2 2
left_child=1 2 23 4 -4 -5 -3 -8 12 10 11 21 19 14 15 -14 -16 -13 -11 20 26 -10 -21 28 -22 -9 -2 -27 -1 -7
right_child=8 6 3 5 -6 29 7 25 9 18 -12 17 13 -15 16 -17 -18 -19 -20 22 24 -23 -24 -25 -26 27 -28 -29 -30 -31
leaf_value=-0.086429498663970414 0.055961655968178904 -0.0092909573219971276 -0.70039736153114418 -0.0092909573219971276 -0.22083919386068984 -0.19162015678981942 -0.0092909573219971276 -0.11798778870808227 0.032297178410428604 -0.0092909573219971276 -0.0092909573219971276 0.15763291493227538 -0.0092909573219971276 0.3817831542455789 0.14144708778120882 0.095330662365275098 0.45120482104165216 0.072422303711034988 0.1400948751391026 0.24884425297379498 -0.0092909573219971276 0.072422303711034988 0.055961655968178904 -0.0092909573219971276 0.052916233261338375 -0.28633971358790544 -0.0030449562360133444 -0.17763479067520663 -0.21623015176682248 -0.32221004962921146
leaf_weight=21 120 618 21 32 30 21 98 56 227 454 243 275 711 33 28 279 28 163 57 20 7071 133 36 105 113 33 70 44 21 20
leaf_count=21 120 618 21 32 30 21 98 56 227 454 243 275 711 33 28 279 28 163 57 20 7071 133 36 105 113 33 70 44 21 20
internal_value=-0.000228233 -0.0206242 -0.078898 -0.218218 -0.418304 -0.0784319 -0.00929096 -0.0960986 0.00204226 0.0205413 0.0469903 0.0738853 -0.00133187 0.0310723 0.0200078 0.00544549 0.277449 0.112547 -0.00929096 -0.00603766 -0.00698655 0.0322972 0.11891 -0.00929096 -0.00851543 -0.179492 0.0508214 -0.224223 -0.15133 -0.255323
internal_weight=11181 1120 271 124 51 73 849 231 10061 1552 1041 798 8509 1079 1046 990 56 438 511 7430 7374 360 56 147 7184 133 190 77 42 41
internal_count=11181 1120 271 124 51 73 849 231 10061 1552 1041 798 8509 1079 1046 990 56 438 511 7430 7374 360 56 147 7184 133 190 77 42 41
is_linear=0
shrinkage=0.05


Tree=118
num_leaves=20
num_cat=0
split_feature=1 7 5 10 0 21 11 7 7 18 2 0 3 3 6 10 5 12 7
split_gain=210.708 543.891 228.924 709.721 223.801 214.782 206.938 461.283 580.969 443.538 937.403 832.384 338.264 129.861 245.322 111.516 43.0891 11.4943 9.559
threshold=97.500000000000014 1022.5499877929689 -1.3650000095367429 -0.6035499870777129 15.949999809265138 5.3500001430511483 0.60784998536109935 1024.549987792969 1018.0499877929689 13.949999809265138 2.5149999856948857 19.650000572204593 216.50000000000003 216.50000000000003 32.500000000000007 0.60354998707771312 -3.3349999189376827 1.0000000180025095e-35 1017.5499877929689
decision_type=2 2 2 2 2 2 2 2 2 2 2 2 2 2 2 2 2 2 2
left_child=4 2 3 -2 -1 16 9 8 -8 11 -11 -7 -9 -4 -15 -16 18 -18 -6
right_child=1 -3 13 -5 5 6 7 12 -10 10 -12 -13 -14 14 15 -17 17 -19 -20
leaf_value=-0.12734897095052636 -0.18176343677388063 0.16287311274144387 -0.021999129773797216 0.22461173412474722 -0.063108865874915404 -0.02836966803115884 0.019127648907848203 0.028043472902819274 -0.02836966803115884 0.073130536798535248 0.014420458714707055 0.0075895292888734818 0.17847439264031975 -0.005043363173802694 -0.13491001807726347 -0.25743266068972076 -0.063108865874915404 -0.02836966803115884 -0.02836966803115884
leaf_weight=34 21 27 37 22 84 676 851 248 1914 783 914 5341 44 30 65 26 24 20 20
leaf_count=34 21 27 37 22 84 676 851 248 1914 783 914 5341 44 30 65 26 24 20 20
internal_value=-0.000257896 -0.0478319 -0.0761355 0.0261494 0.000732414 0.00113124 0.00195325 -0.00905592 -0.0153677 0.00631611 0.028892 -5.10626e-05 0.0507111 -0.103973 -0.129039 -0.169916 -0.0586926 -0.0283697 -0.0631089
internal_weight=11181 228 201 43 10953 10919 10771 3057 2765 7714 1697 6017 292 158 121 91 148 44 104
internal_count=11181 228 201 43 10953 10919 10771 3057 2765 7714 1697 6017 292 158 121 91 148 44 104
is_linear=0
shrinkage=0.05


Tree=119
num_leaves=22
num_cat=0
split_feature=4 4 1 4 11 11 1 2 12 23 5 18 0 12 7 23 8 7 10 4 7
split_gain=201.044 227.058 480.522 433.229 604.596 433.78 533.025 327.786 350.271 461.587 287.081 809.51 863.44 522.055 336.16 1410.41 463.483 277.683 250.942 141.192 58.8584
threshold=3.495000004768372 1.8450000286102297 66.500000000000014 1.6250000000000002 -1.0000000180025095e-35 -0.87834998965263356 85.500000000000014 6.9049999713897714 -0.56175000965595234 27.500000000000004 3.0449999570846562 5.6499998569488534 21.849999427795414 1.0000000180025095e-35 1024.2500000000002 45.500000000000007 379.50000000000006 1020.9500122070314 0.78654998540878307 1.685000002384186 1022.4500122070314
decision_type=2 2 2 2 2 2 2 2 2 2 2 2 2 2 2 2 2 2 2 2 2
left_child=1 3 20 10 5 -5 -7 8 17 -10 14 13 -13 -12 16 -16 -1 -4 19 -6 -3
right_child=-2 2 7 4 18 6 -8 -9 9 -11 11 12 -14 -15 15 -17 -18 -19 -20 -21 -22
leaf_value=-0.012385238342696404 -0.11378557911285987 -0.16423479935952598 -0.048719597489240235 0.048677265838436456 -0.10122447474135293 -0.070337221873527839 -0.30267006686100595 -0.14280072947343189 -0.048719597489240235 0.08066153382088187 0.032180145327074396 0.032180145327074396 0.14527267870344537 -0.063768792802260985 -0.12845138087139829 0.063821609612814217 0.014704306144777574 0.051751060882169346 0.13575424918838377 0.0059341363536827658 -0.062602016997748408
leaf_weight=6373 39 28 47 23 45 47 52 24 68 463 286 179 238 270 115 559 2099 72 28 97 29
leaf_count=6373 39 28 47 23 45 47 52 24 68 463 286 179 238 270 115 559 2099 72 28 97 29
internal_value=-0.000460914 -6.42471e-05 0.0268724 -0.00195558 -0.0619982 -0.146927 -0.192371 0.0386614 0.0453615 0.0627372 -0.000222957 0.0255974 0.0782591 -0.0138988 -0.00296987 0.0310154 -0.00567361 -0.0321719 -0.00104924 -0.0280246 -0.112527
internal_weight=11181 11142 731 10411 292 122 99 674 650 531 10119 973 417 556 9146 674 8472 119 170 142 57
internal_count=11181 11142 731 10411 292 122 99 674 650 531 10119 973 417 556 9146 674 8472 119 170 142 57
is_linear=0
shrinkage=0.05


end of trees

feature_importances:
Column_7=534
Column_5=451
Column_23=341
Column_11=288
Column_1=246
Column_0=186
Column_9=166
Column_8=143
Column_12=141
Column_4=118
Column_10=107
Column_18=103
Column_3=97
Column_20=86
Column_17=72
Column_24=64
Column_21=36
Column_2=33
Column_14=32
Column_6=28

parameters:
[boosting: gbdt]
[objective: regression]
[metric: l1]
[tree_learner: serial]
[device_type: cpu]
[data_sample_strategy: bagging]
[data: ]
[valid: ]
[num_iterations: 120]
[learning_rate: 0.05]
[num_leaves: 31]
[num_threads: 0]
[seed: 42]
[deterministic: 0]
[force_col_wise: 0]
[force_row_wise: 0]
[histogram_pool_size: -1]
[max_depth: 6]
[min_data_in_leaf: 20]
[min_sum_hessian_in_leaf: 0.001]
[bagging_fraction: 1]
[pos_bagging_fraction: 1]
[neg_bagging_fraction: 1]
[bagging_freq: 0]
[bagging_seed: 400]
[bagging_by_query: 0]
[feature_fraction: 1]
[feature_fraction_bynode: 1]
[feature_fraction_seed: 30056]
[extra_trees: 0]
[extra_seed: 12879]
[early_stopping_round: 0]
[early_stopping_min_delta: 0]
[first_metric_only: 0]
[max_delta_step: 0]
[lambda_l1: 0]
[lambda_l2: 0]
[linear_lambda: 0]
[min_gain_to_split: 0]
[drop_rate: 0.1]
[max_drop: 50]
[skip_drop: 0.5]
[xgboost_dart_mode: 0]
[uniform_drop: 0]
[drop_seed: 17869]
[top_rate: 0.2]
[other_rate: 0.1]
[min_data_per_group: 100]
[max_cat_threshold: 32]
[cat_l2: 10]
[cat_smooth: 10]
[max_cat_to_onehot: 4]
[top_k: 20]
[monotone_constraints: 1,0,-1,0,0,0,-1,0,1,0,0,0,0,0,-1,1,1,1,1,1,1,1,1,1,-1]
[monotone_constraints_method: basic]
[monotone_penalty: 0]
[feature_contri: ]
[forcedsplits_filename: ]
[refit_decay_rate: 0.9]
[cegb_tradeoff: 1]
[cegb_penalty_split: 0]
[cegb_penalty_feature_lazy: ]
[cegb_penalty_feature_coupled: ]
[path_smooth: 0]
[interaction_constraints: ]
[verbosity: -1]
[saved_feature_importance_type: 0]
[use_quantized_grad: 0]
[num_grad_quant_bins: 4]
[quant_train_renew_leaf: 0]
[stochastic_rounding: 1]
[linear_tree: 0]
[max_bin: 255]
[max_bin_by_feature: ]
[min_data_in_bin: 3]
[bin_construct_sample_cnt: 200000]
[data_random_seed: 175]
[is_enable_sparse: 1]
[enable_bundle: 1]
[use_missing: 1]
[zero_as_missing: 0]
[feature_pre_filter: 1]
[pre_partition: 0]
[two_round: 0]
[header: 0]
[label_column: ]
[weight_column: ]
[group_column: ]
[ignore_column: ]
[categorical_feature: ]
[forcedbins_filename: ]
[precise_float_parser: 0]
[parser_config_file: ]
[objective_seed: 16083]
[num_class: 1]
[is_unbalance: 0]
[scale_pos_weight: 1]
[sigmoid: 1]
[boost_from_average: 1]
[reg_sqrt: 0]
[alpha: 0.9]
[fair_c: 1]
[poisson_max_delta_step: 0.7]
[tweedie_variance_power: 1.5]
[lambdarank_truncation_level: 30]
[lambdarank_norm: 1]
[label_gain: ]
[lambdarank_position_bias_regularization: 0]
[eval_at: ]
[multi_error_top_k: 1]
[auc_mu_weights: ]
[num_machines: 1]
[local_listen_port: 12400]
[time_out: 120]
[machine_list_filename: ]
[machines: ]
[gpu_platform_id: -1]
[gpu_device_id: -1]
[gpu_device_id_list: ]
[gpu_use_dp: 0]
[num_gpu: 1]

end of parameters

pandas_categorical:null
