tree
version=v4
num_class=1
num_tree_per_iteration=1
label_index=0
max_feature_idx=24
objective=regression
feature_names=Column_0 Column_1 Column_2 Column_3 Column_4 Column_5 Column_6 Column_7 Column_8 Column_9 Column_10 Column_11 Column_12 Column_13 Column_14 Column_15 Column_16 Column_17 Column_18 Column_19 Column_20 Column_21 Column_22 Column_23 Column_24
monotone_constraints=1 0 -1 0 0 0 -1 0 0 0 0 0 0 0 -1 1 1 1 1 1 1 1 1 1 -1
feature_infos=[13.300000190734863:33.799999237060547] [27:100] [0:7.809999942779541] [0:359] [-5.5399999618530273:4.0500001907348633] [-7.4200000762939453:7.440000057220459] [10:2015] [1009.0999755859375:1028] [0:888] [-1:1] [-1:1] [-0.9749000072479248:0.9749000072479248] [-0.90100002288818359:1] [0:1] [22:58] [1.0199999809265137:2.380000114440918] [0.079999998211860657:1] [0.087999999523162842:0.17499999701976776] [0.40000000596046448:29] [0.53200000524520874:0.66200000047683716] [3:26.600000381469727] [3.4000000953674316:38.099998474121094] [0.40000000596046448:29] [2:151] [15:1854.1700439453125]
tree_sizes=2696 2830 2833 2830 2826 2822 2824 2808 2831 2832 2803 2841 2861 2816 2829 2835 2811 2811 2819 2820 2829 2836 2843 2836 2840 2833 2840 2836 2843 2855 2822 2824 2676 2834 2852 2843 2825 2558 2165 2842 2746 2078 2825 2578 2831 2827 2825 2862 1982 2816 1885 2828 2847 2848 1901 2815 2839 2843 1542 2848 2817 2836 2675 2826 2663 1637 1645 2811 2836 1481 2830 2667 1490 2811 1293 1565 2861 2436 1303 2165 2320 1640 2852 2860 1658 1798 2071 2324 1647 2803 2839 1958 2851 1618 2839 2502 1485 2851 2735 2403 2582 1215 2841 1886 2840 2077 2822 1656 2839 2845 2689 2845 2856 1741 2611 2162 2848 2810 1464 2833

Tree=0
num_leaves=31
num_cat=0
split_feature=24 5 10 5 24 18 11 12 21 6 12 24 24 7 20 23 2 11 9 24 12 5 7 6 9 18 18 24 12 11
split_gain=41847.3 9818.88 11746.1 7580.87 3985.79 3186.25 3058.31 2901.68 1947.68 1718.81 1689.44 1361.28 1252.67 1172.13 1123.55 1106.57 875.055 703.617 690.676 931.644 621.951 559.097 536.77 535.227 335.85 314.193 268.167 211.73 181.722 181.68
threshold=477.08500671386724 0.15500000119209292 -0.91595000028610218 0.20499999821186068 114.58499908447267 6.8500001430511483 -0.60784998536109913 -0.56175000965595234 18.44999980926514 787.50000000000011 0.81174999475479137 700.41500854492199 157.91500091552737 1017.1499938964845 18.150000572204593 53.500000000000007 3.8750000000000004 -1.0000000180025095e-35 0.60354998707771312 275.41499328613287 0.81174999475479137 -1.7350000143051145 1024.049987792969 552.50000000000011 0.3793999999761582 3.5499999523162846 1.5500000119209292 780.41500854492199 -0.56175000965595234 1.0000000180025095e-35
decision_type=2 2 2 2 2 2 2 2 2 2 2 2 2 2 2 2 2 2 2 2 2 2 2 2 2 2 2 2 2 2
left_child=1 2 4 5 7 11 18 15 10 13 -8 -2 -10 20 -3 -1 22 25 19 -4 -5 -9 -6 -7 28 -13 -19 -11 -15 -18
right_child=3 14 6 9 16 23 8 21 12 27 -12 17 -14 24 -16 -17 29 26 -20 -21 -22 -23 -24 -25 -26 -27 -28 -29 -30 -31
leaf_value=9.1062737880391964 8.6555134994533116 8.7031576243599051 8.8546123148463014 8.7031576243599051 8.9879270690536277 8.7031576243599051 8.8299246959759508 9.1889921084525721 9.0275264711775307 8.5144473843021284 8.712246747630159 8.4926811840819862 8.8708120372828816 8.6111568908705838 9.0145679026148642 9.5395416507508308 8.7415059173898015 8.4597910183772616 8.7031576243599051 8.717058032005891 8.5247338797802854 9.0437833822058682 8.8845554840269099 8.6555134994533116 8.5247338797802854 8.5742261503943737 8.6148312477201952 8.4620315072847596 8.5587038232939019 8.8672398760028184
leaf_weight=20 651 1379 192 74 349 1038 1736 71 186 288 370 270 193 231 34 56 56 29 445 343 43 141 38 525 380 210 613 582 579 59
leaf_count=20 651 1379 192 74 349 1038 1736 71 186 288 370 270 193 231 34 56 56 29 445 343 43 141 38 525 380 210 613 582 579 59
internal_value=8.7045 8.7999 8.8382 8.60642 9.01218 8.65378 8.79853 9.16045 8.82803 8.53384 8.80925 8.60787 8.93237 8.57008 8.70316 9.42552 8.92711 8.57415 8.72373 8.76642 8.70316 9.06543 8.9631 8.70316 8.55513 8.52836 8.60839 8.47938 8.57366 8.80601
internal_weight=11181 5668 4255 5513 790 3336 3465 288 2485 2177 2106 1773 379 1307 1413 76 502 1122 980 535 117 212 387 1563 1190 480 642 870 810 115
internal_count=11181 5668 4255 5513 790 3336 3465 288 2485 2177 2106 1773 379 1307 1413 76 502 1122 980 535 117 212 387 1563 1190 480 642 870 810 115
is_linear=0
shrinkage=1


Tree=1
num_leaves=31
num_cat=0
split_feature=24 5 10 6 24 11 12 5 21 5 12 0 24 24 24 23 7 2 20 18 24 5 7 24 9 8 2 18 11 11
split_gain=37381.2 8856.65 10415.8 7250.84 3583.32 2744.39 2639.46 2473.56 1713.1 1650.4 1515.54 1305.17 1153.46 1135.41 1062.29 998.676 910.031 781.988 640.109 574.908 537.815 512.67 502.972 451.433 417.586 333.457 329.862 292.96 274.665 163.966
threshold=470.41499328613287 0.15500000119209292 -0.91595000028610218 617.50000000000011 114.58499908447267 -0.60784998536109913 -0.56175000965595234 -0.14500000327825543 18.44999980926514 0.20499999821186068 0.81174999475479137 23.550000190734867 867.08499145507824 157.91500091552737 271.25000000000006 53.500000000000007 1018.0499877929689 3.8750000000000004 17.550000190734867 1.3499999642372134 716.25000000000011 -1.7350000143051145 1024.049987792969 722.91500854492199 0.60354998707771312 674.50000000000011 4.9549999237060556 6.6499998569488534 -0.60784998536109913 1.0000000180025095e-35
decision_type=2 2 2 2 2 2 2 2 2 2 2 2 2 2 2 2 2 2 2 2 2 2 2 2 2 2 2 2 2 2
left_child=1 2 4 9 6 18 15 19 10 12 -7 -3 28 -10 -13 -1 -11 22 24 -5 -9 -8 -6 -21 -4 -25 -22 -14 -2 -19
right_child=3 11 5 7 17 8 21 20 13 16 -12 14 27 -15 -16 -17 -18 29 -20 23 26 -23 -24 25 -26 -27 -28 -29 -30 -31
leaf_value=0.38168632298707966 -0.042941747203570094 -5.0780034246133976e-06 0.048391208538413055 -0.28008059007780894 0.26925693800656875 0.12011468409551876 0.46026870360676675 -0.14478187288790312 0.30687636520453199 -5.0780034246133976e-06 0.0072071070997561841 0.23614806587045845 -0.087852366896206069 0.15831155666654184 0.063545322442249016 0.79329079304422656 -0.087852366896206069 0.035156849442449005 0.24625106210509939 -0.087852366896206069 -0.18249652156872409 0.32154092927392858 0.17068696375387793 -0.10782355967378623 -5.0780034246133976e-06 -0.18293845431888522 -0.23837053518295293 -0.042941747203570094 -5.0780034246133976e-06 0.15460410744456921
leaf_weight=20 375 1148 500 42 349 1704 71 474 186 75 360 121 223 192 114 56 623 56 30 673 560 141 38 526 439 199 500 180 1147 59
leaf_count=20 375 1148 500 42 349 1704 71 474 186 75 360 121 223 192 114 56 623 56 30 673 560 141 38 526 439 199 500 180 1147 59
internal_value=-0.000111375 0.0914182 0.127981 -0.0914283 0.291575 0.0900918 0.432165 -0.144874 0.118343 -0.0308304 0.100422 -5.078e-06 -0.00677294 0.216202 0.127096 0.684974 -0.0878524 0.210917 0.0188946 -0.09781 -0.189055 0.341535 0.244935 -0.092334 0.0116308 -0.127795 -0.208852 -0.0858784 -5.078e-06 0.0964385
internal_weight=11181 5584 4201 5597 790 3411 288 2974 2442 2623 2064 1383 1925 378 235 76 698 502 969 1440 1534 212 387 1398 939 725 1060 403 1522 115
internal_count=11181 5584 4201 5597 790 3411 288 2974 2442 2623 2064 1383 1925 378 235 76 698 502 969 1440 1534 212 387 1398 939 725 1060 403 1522 115
is_linear=0
shrinkage=0.05


Tree=2
num_leaves=31
num_cat=0
split_feature=24 5 10 6 24 11 12 5 20 24 5 0 24 24 23 7 7 2 20 18 6 20 8 9 12 18 11 23 11 0
split_gain=33281.2 8262.6 9478.82 6362.42 3221.35 2555.03 2401.48 2245.2 1638.58 1727.76 1534.34 1089.78 1037.55 1023.84 901.305 751.158 740.149 808.59 588.037 520.418 491.624 487.508 403.787 388.572 374.236 271.309 186.329 162.615 138.991 135.336
threshold=477.08500671386724 0.15500000119209292 -0.91595000028610218 617.50000000000011 114.58499908447267 -0.60784998536109913 -0.56175000965595234 -0.14500000327825543 6.0499999523162851 185.41500091552737 0.20499999821186068 23.550000190734867 867.08499145507824 271.25000000000006 53.500000000000007 1018.0499877929689 1024.049987792969 3.9550000429153447 17.550000190734867 1.3499999642372134 847.50000000000011 10.84999990463257 779.50000000000011 0.60354998707771312 1.0000000180025095e-35 6.6499998569488534 -0.60784998536109913 41.500000000000007 -0.60784998536109913 25.250000000000004
decision_type=2 2 2 2 2 2 2 2 2 2 2 2 2 2 2 2 2 2 2 2 2 2 2 2 2 2 2 2 2 2
left_child=1 2 4 10 6 18 14 19 -7 -10 12 -3 26 -13 -1 -12 17 -6 23 29 24 -8 28 -4 27 -14 -2 -9 -21 -5
right_child=3 11 5 7 16 8 21 20 9 -11 15 13 25 -15 -16 -17 -18 -19 -20 22 -22 -23 -24 -25 -26 -27 -28 -29 -30 -31
leaf_value=0.36260198771953589 -0.042013386763432838 -0.0015380073774212744 0.044640474092664396 -0.35171345255591652 0.25437788878347767 -0.0015380073774212744 0.30469461222176764 -0.17752051021634918 0.17115030519550845 0.084387687329245398 -0.0015380073774212744 0.2243406554884162 -0.083853524928841974 0.057193153536776099 0.75362624132207467 -0.083853524928841974 0.0086538873936819003 0.093464743822813043 0.23393850731352966 -0.11871294901450236 -0.2128916391895877 0.40631579236984261 -0.16204821233238495 -0.0015380073774212744 -0.18420464838301154 -0.042013386763432838 -0.0015380073774212744 -0.10353694559083754 -0.083853524928841974 -0.17675324794084604
leaf_weight=20 366 1175 506 22 356 152 87 97 1018 1315 65 121 223 117 56 608 46 100 30 331 648 125 168 444 467 180 1112 317 889 20
leaf_count=20 366 1175 506 22 356 152 87 97 1018 1315 65 121 223 117 56 608 46 100 30 331 648 125 168 444 467 180 1112 317 889 20
internal_value=-0.000342033 0.0847342 0.11999 -0.0878102 0.276282 0.0843569 0.409582 -0.137713 0.11132 0.122246 -0.029994 -0.00153801 -0.006536 0.115924 0.650725 -0.0838535 0.199807 0.21909 0.0159867 -0.0926769 -0.179833 0.323135 -0.0874299 0.00910403 -0.155518 -0.0824888 -0.00153801 -0.120871 -0.0838535 -0.266077
internal_weight=11181 5668 4255 5513 790 3465 288 2959 2485 2333 2554 1413 1881 238 76 673 502 456 980 1430 1529 212 1388 950 881 403 1478 414 1220 42
internal_count=11181 5668 4255 5513 790 3465 288 2959 2485 2333 2554 1413 1881 238 76 673 502 456 980 1430 1529 212 1388 950 881 403 1478 414 1220 42
is_linear=0
shrinkage=0.05


Tree=3
num_leaves=31
num_cat=0
split_feature=24 24 8 6 5 7 11 7 5 21 5 5 11 24 0 7 18 17 6 2 11 3 10 18 1 12 12 2 23 20
split_gain=29712.1 8637.92 7240.51 5191.84 3819.74 2313.24 2227.53 1741.99 1696.71 1587.57 1270.57 1156.05 1101.34 774.801 716.281 610.97 443.396 427.136 416.062 412.99 384.289 368.152 289.648 285.622 268.215 213.846 182.941 152.13 118.244 75.3977
threshold=525.41500854492199 177.08499908447268 35.500000000000007 617.50000000000011 -0.23499999940395352 1026.9500122070315 1.0000000180025095e-35 1022.9500122070314 -0.33500000834465021 18.44999980926514 -1.0249999761581419 0.20499999821186068 -1.0000000180025095e-35 867.08499145507824 25.250000000000004 1018.0499877929689 3.4500000476837163 0.13250000029802325 792.50000000000011 3.9850000143051152 -1.0000000180025095e-35 330.50000000000006 0.60354998707771312 6.6499998569488534 90.500000000000014 1.0000000180025095e-35 1.0000000180025095e-35 5.2349998950958261 35.500000000000007 7.4500000476837167
decision_type=2 2 2 2 2 2 2 2 2 2 2 2 2 2 2 2 2 2 2 2 2 2 2 2 2 2 2 2 2 2
left_child=1 2 9 11 6 7 14 10 16 21 -4 13 -11 -2 22 -13 20 -9 25 -16 -5 -1 -3 -15 -23 28 -14 29 -10 -20
right_child=3 4 5 8 -6 -7 -8 17 18 12 -12 15 26 23 19 -17 -18 -19 27 -21 -22 24 -24 -25 -26 -27 -28 -29 -30 -31
leaf_value=0.091492631894648596 -0.00976744458862382 -0.00976744458862382 0.37902758399500819 -0.1741932492870773 -0.00976744458862382 0.78361740215964948 0.091492631894648596 0.091492631894648596 -0.1704369098745746 0.15761079208789641 0.21602744141259256 -0.00976744458862382 0.38127460318096618 -0.085649351546693189 0.091492631894648596 -0.085649351546693189 -0.085649351546693189 0.31858552309091798 -0.20016195655433672 0.042576270024983848 -0.10786924192247259 0.096912312695940778 0.029303550536922202 -0.04449896335704457 0.15761079208789641 -0.1704369098745746 0.27004758733691592 -0.22172176108135744 -0.09849304925485787 -0.1704369098745746
leaf_weight=891 1196 549 309 289 1352 23 1255 113 69 69 195 51 59 223 180 536 680 22 176 169 340 182 568 180 182 318 99 361 249 296
leaf_count=891 1196 549 309 289 1352 23 1255 113 69 69 195 51 59 223 180 536 680 22 176 169 340 182 568 180 182 318 99 361 249 296
internal_value=-0.000575418 0.0722565 0.153489 -0.0917914 0.0294964 0.290968 0.0665028 0.273236 -0.137151 0.0920778 0.315962 -0.0341472 0.223729 -0.011936 0.0210813 -0.0856494 -0.0957564 0.113725 -0.174038 0.083607 -0.130089 0.0914926 0.00154552 -0.0792305 0.157611 -0.143585 0.311582 -0.197289 -0.114551 -0.178602
internal_weight=11181 6217 2144 4964 4073 662 2721 639 2778 1482 504 2186 227 1599 1466 587 1309 135 1469 349 629 1255 1117 403 364 636 158 833 318 472
internal_count=11181 6217 2144 4964 4073 662 2721 639 2778 1482 504 2186 227 1599 1466 587 1309 135 1469 349 629 1255 1117 403 364 636 158 833 318 472
is_linear=0
shrinkage=0.05


Tree=4
num_leaves=31
num_cat=0
split_feature=24 6 5 10 24 5 12 18 11 21 18 0 2 2 0 11 24 12 0 9 24 24 1 18 18 11 2 7 11 6
split_gain=26707.6 6888.2 6834.17 7295.43 2499.08 2149.25 2088 1770.48 1750.91 1304.03 1778.28 1103.03 934.449 836.731 833.419 655.782 624.911 556.698 530.706 529.429 500.228 427.987 389.24 451.868 285.542 265.907 265.754 176.659 161.89 138.904
threshold=399.58500671386724 617.50000000000011 1.0000000180025095e-35 -0.78654998540878285 114.58499908447267 -0.14500000327825543 -0.56175000965595234 6.8500001430511483 -0.60784998536109913 18.44999980926514 9.5500001907348651 23.550000190734867 2.6250000000000004 3.2949999570846562 21.150000572204593 -1.0000000180025095e-35 722.91500854492199 0.81174999475479137 22.44999980926514 0.60354998707771312 700.41500854492199 271.25000000000006 82.500000000000014 18.750000000000004 3.5499999523162846 1.0000000180025095e-35 4.9549999237060556 1022.1499938964845 -1.0000000180025095e-35 277.50000000000006
decision_type=2 2 2 2 2 2 2 2 2 2 2 2 2 2 2 2 2 2 2 2 2 2 2 2 2 2 2 2 2 2
left_child=2 7 3 4 6 16 12 17 22 10 -10 -4 -1 18 -8 29 -3 -2 -6 -11 27 -13 23 -5 28 -15 -22 -7 -18 -9
right_child=1 5 11 8 13 20 14 15 9 19 -12 21 -14 25 -16 -17 24 -19 -20 -21 26 -23 -24 -25 -26 -27 -28 -29 -30 -31
leaf_value=0.58404758858881645 -0.067782452988451189 -0.067782452988451189 0.011834019926033657 0.041217129061119163 0.16258357774031237 -0.096559752346075556 0.24966293277857493 0.0096450107182877581 0.011834019926033657 0.14299065959943769 0.12553492304548219 0.20452440603961791 0.24966293277857493 0.056836263894758848 0.36154453310476253 0.011834019926033657 -0.17368330236662319 -0.026948247607046706 0.24966293277857493 0.26284370964858683 -0.15569551530338469 0.07871775024476399 0.011834019926033657 0.22351063330968224 -0.091491458475499124 0.15132867373983344 -0.20486333086047065 -0.14861762126688535 -0.11717582309403651 -0.026948247607046706
leaf_weight=89 930 794 1044 139 140 331 143 260 491 107 871 123 20 135 169 1091 216 265 319 160 588 73 460 45 326 166 516 173 216 781
leaf_count=89 930 794 1044 139 140 331 143 260 491 107 871 123 20 135 169 1091 216 265 319 160 588 73 460 45 326 166 516 173 216 781
internal_value=-0.00072061 -0.0664556 0.0901237 0.127057 0.227868 -0.119323 0.325592 -0.0162424 0.0746774 0.102375 0.082568 0.011834 0.513982 0.173734 0.259776 0.011065 -0.0773498 -0.0649615 0.216219 0.203413 -0.159833 0.145601 0.011834 0.0857998 -0.1152 0.108948 -0.178676 -0.118559 -0.14286 -0.0269482
internal_weight=11181 6487 4694 3454 1181 3160 421 3327 2273 1629 1362 1240 109 760 312 2132 1552 1195 459 267 1608 196 644 184 758 301 1104 504 432 1041
internal_count=11181 6487 4694 3454 1181 3160 421 3327 2273 1629 1362 1240 109 760 312 2132 1552 1195 459 267 1608 196 644 184 758 301 1104 504 432 1041
is_linear=0
shrinkage=0.05


Tree=5
num_leaves=31
num_cat=0
split_feature=24 24 8 5 5 24 18 11 5 21 11 7 6 0 11 2 1 7 3 1 18 24 12 9 18 20 8 12 18 7
split_gain=24056.4 7827.12 6617.24 3459.98 2778.76 2301.71 1710.34 1666.39 1650.68 1417.59 1331.91 1047.18 794.651 791.681 749.794 549.211 574.956 427.252 411.464 381.005 380.794 333.333 256.63 251.556 207.957 205.525 186.426 172.069 118.041 117.82
threshold=572.91500854492199 235.41500091552737 33.500000000000007 0.20499999821186068 -0.1950000002980232 27.914999961853031 6.8500001430511483 1.0000000180025095e-35 -0.044999999925494187 18.44999980926514 -1.0000000180025095e-35 1023.4500122070314 787.50000000000011 23.349999427795414 -1.0000000180025095e-35 3.5949999094009404 83.500000000000014 1017.9500122070314 315.50000000000006 90.500000000000014 3.5499999523162846 843.75000000000011 0.81174999475479137 0.3793999999761582 5.6499998569488534 10.949999809265138 306.50000000000006 -0.56175000965595234 2.4500000476837163 1016.5499877929689
decision_type=2 2 2 2 2 2 2 2 2 2 2 2 2 2 2 2 2 2 2 2 2 2 2 2 2 2 2 2 2 2
left_child=1 2 9 6 7 -4 14 15 11 18 -11 -7 17 -10 20 16 -3 22 -1 -20 26 -16 -5 27 -12 -22 -2 -19 -14 -23
right_child=3 4 5 12 -6 8 -8 -9 13 10 24 -13 28 -15 21 -17 -18 23 19 -21 25 29 -24 -25 -26 -27 -28 -29 -30 -31
leaf_value=0.068074765496345668 -0.31495186783373358 0.068074765496345668 0.7615022760629655 -0.016586167957970094 -0.016586167957970094 0.28810584764246661 -0.016586167957970094 0.068074765496345668 0.068074765496345668 0.12316029481313846 0.16681205562182835 0.11994868660563823 -0.22391083258708924 0.21798074019846517 -0.052697158681957103 -0.016586167957970094 0.011224636313624102 -0.06738887571739223 0.070232632667458023 0.12316029481313846 -0.12053270809316406 -0.12989916690112499 -0.14758593737872286 -0.14758593737872286 0.30260445683166903 -0.052697158681957103 -0.15745068164602405 -0.12291848068625844 -0.17207769625327168 -0.07643834611751088
leaf_weight=917 20 289 20 62 1272 558 1058 1217 142 112 35 111 131 107 469 771 427 196 342 292 207 178 37 283 145 107 310 484 680 202
leaf_count=917 20 289 20 62 1272 558 1058 1217 142 112 35 111 131 107 469 771 427 196 342 292 207 178 37 283 145 107 310 484 680 202
internal_value=-0.00093866 0.0584052 0.12275 -0.0915775 0.0133991 0.230862 -0.0536885 0.0457932 0.219301 0.0680748 0.178246 0.260205 -0.143182 0.109402 -0.0888081 0.00721114 0.0390354 -0.114722 0.0680748 0.120203 -0.129492 -0.0579478 -0.0165862 -0.12489 0.2762 -0.0900767 -0.166996 -0.106913 -0.18045 -0.10018
internal_weight=11181 6757 2781 4424 3976 938 2551 2704 918 1843 292 669 1873 249 1493 1487 716 1062 1551 634 644 849 99 963 180 314 330 680 811 380
internal_count=11181 6757 2781 4424 3976 938 2551 2704 918 1843 292 669 1873 249 1493 1487 716 1062 1551 634 644 849 99 963 180 314 330 680 811 380
is_linear=0
shrinkage=0.05


Tree=6
num_leaves=31
num_cat=0
split_feature=24 5 10 24 6 7 11 1 24 5 18 12 17 20 0 24 7 0 24 18 6 11 7 2 12 18 7 18 18 20
split_gain=21416.9 7197.05 7385.95 3416.54 3234.27 2393.46 2026.44 1480.38 1415.4 1347.62 1243.83 1046.32 978.804 956.906 675.517 586.848 581.594 518.558 1036.33 396.871 349.609 287.579 280.789 244.511 209.031 133.302 129.798 94.2362 92.0385 73.8466
threshold=572.91500854492199 0.2650000005960465 -0.78654998540878285 109.58499908447267 567.50000000000011 1026.850036621094 1.0000000180025095e-35 98.500000000000014 339.58500671386724 -0.33500000834465021 6.3500001430511483 -0.56175000965595234 0.12550000101327899 16.800000190734867 22.44999980926514 915.41500854492199 1017.2500000000001 23.550000190734867 271.25000000000006 3.5499999523162846 847.50000000000011 -1.0000000180025095e-35 1020.6499938964845 2.6550000905990605 1.0000000180025095e-35 3.2500000000000004 1021.8500061035157 3.2500000000000004 6.6499998569488534 16.050000190734867
decision_type=2 2 2 2 2 2 2 2 2 2 2 2 2 2 2 2 2 2 2 2 2 2 2 2 2 2 2 2 2 2
left_child=1 2 3 5 15 11 7 13 14 19 25 -1 -12 -4 -5 22 -9 -3 29 21 24 -6 -2 -10 26 -8 -11 -22 -17 -19
right_child=4 17 6 8 9 -7 10 16 23 20 12 -13 -14 -15 -16 28 -18 18 -20 -21 27 -23 -24 -25 -26 -27 -28 -29 -30 -31
leaf_value=0.42074783468438737 -0.015916638854667826 -0.015916638854667826 0.00025618822612792316 0.10146991811321041 -0.15302264177049477 0.82023538861955925 -0.015916638854667826 0.40671814282735186 0.10146991811321041 -0.08889297767102354 0.092024551334656673 0.23028598701801861 0.21170934139940872 0.12397068292025806 0.19998701482502909 -0.072140041600127575 0.065017270892858511 0.16504729460368212 0.026930394893366828 -0.072140041600127575 -0.20514704972368231 -0.093193810014966613 -0.044028340227397704 0.014148107324554413 -0.15202325119904364 0.028004368131904933 -0.15149300656877124 -0.16409661807783385 -0.044028340227397704 0.25388027280569075
leaf_weight=93 800 1348 1940 183 278 21 63 33 29 326 1138 321 201 170 491 204 20 87 171 749 217 345 349 243 505 173 111 393 147 32
leaf_count=93 800 1348 1940 183 278 21 63 33 29 326 1138 321 201 170 491 204 20 87 171 749 217 345 349 243 505 173 111 393 147 32
internal_value=-0.00115249 0.0548411 0.0846994 0.18351 -0.0866744 0.299486 0.048194 0.0167795 0.130181 -0.117295 0.0913365 0.273071 0.109991 0.0102237 0.169033 -0.0269855 0.277774 -0.0159166 0.0697774 -0.0811924 -0.14921 -0.114248 -0.0159166 0.0339067 -0.130113 -0.0145024 -0.104794 -0.1787 -0.07214 0.188935
internal_weight=11181 6757 5119 1381 4424 435 3738 2163 946 2924 1575 414 1339 2110 674 1500 53 1638 290 1372 1552 623 1149 272 942 236 437 610 351 119
internal_count=11181 6757 5119 1381 4424 435 3738 2163 946 2924 1575 414 1339 2110 674 1500 53 1638 290 1372 1552 623 1149 272 942 236 437 610 351 119
is_linear=0
shrinkage=0.05


Tree=7
num_leaves=31
num_cat=0
split_feature=24 5 8 24 3 24 5 7 7 11 11 1 18 0 11 21 7 5 21 7 18 6 11 9 0 24 11 3 12 7
split_gain=19134.7 5706.26 5135.24 3861.3 2919.51 2593.75 2079.26 1802.34 1766.5 2036.24 1178.2 1148.05 1082.68 945.674 804.273 793.318 763.893 883.274 698.778 591.086 667.555 578.105 447.151 268.477 266.518 356.77 256.196 238.757 207.176 193.152
threshold=348.75000000000006 0.20499999821186068 35.500000000000007 109.58499908447267 306.50000000000006 700.41500854492199 -0.044999999925494187 1026.850036621094 1018.0499877929689 1.0000000180025095e-35 -0.60784998536109913 97.500000000000014 6.7500000000000009 23.550000190734867 -0.60784998536109913 24.250000000000004 1023.1499938964845 -1.4350000023841856 18.44999980926514 1024.049987792969 3.9500000476837163 792.50000000000011 -1.0000000180025095e-35 0.60354998707771312 21.44999980926514 185.41500091552737 1.0000000180025095e-35 182.50000000000003 -0.56175000965595234 1021.3500061035157
decision_type=2 2 2 2 2 2 2 2 2 2 2 2 2 2 2 2 2 2 2 2 2 2 2 2 2 2 2 2 2 2
left_child=2 5 4 7 15 14 19 16 9 27 24 18 22 -8 -2 -1 17 -4 -12 20 -5 23 -7 29 -6 -26 -21 -3 -24 -10
right_child=1 8 3 6 10 12 13 -9 21 -11 11 -13 -14 -15 -16 -17 -18 -19 -20 26 -22 -23 28 -25 25 -27 -28 -29 -30 -31
leaf_value=0.017038299179162254 -0.026097697874436609 -0.016395477797740546 0.41194411970791411 0.059463532933965328 0.017038299179162254 -0.13220159137192286 0.017038299179162254 0.7357200408523733 -0.074685611809696476 0.017038299179162254 0.09781844191941845 0.36169451428394694 -0.026097697874436609 0.14517293349425828 0.017038299179162254 0.23431119137122983 0.20381198951650881 0.23497997270837712 0.21759080623518934 0.017038299179162254 0.20050290327326123 -0.16454093826433711 -0.11562064215133749 -0.13719959369922413 0.26797763842802785 0.066193088009129514 0.19276818597600576 -0.15058116929698315 -0.060754320588197436 -0.11780288776223974
leaf_weight=1359 776 39 128 100 221 473 234 22 523 184 734 51 593 144 2006 61 79 157 146 33 521 725 183 411 26 43 21 221 451 516
leaf_count=1359 776 39 128 100 221 473 234 22 523 184 734 51 593 144 2006 61 79 157 146 33 521 725 183 411 26 43 21 221 451 516
internal_value=-0.00131741 -0.0508979 0.0849745 0.160968 0.0435682 -0.0166355 0.111379 0.296245 -0.109533 -0.0186465 0.103641 0.131056 -0.0652933 0.0174892 0.0130979 0.0170383 0.269684 0.314459 0.11769 0.163957 0.177791 -0.128086 -0.0954109 -0.109858 0.0170383 0.115348 0.0170383 -0.130453 -0.067963 -0.096099
internal_weight=11181 7101 4080 1439 2641 4482 1053 386 2619 444 1221 931 1700 378 2782 1420 364 285 880 675 621 2175 1107 1450 290 69 54 260 634 1039
internal_count=11181 7101 4080 1439 2641 4482 1053 386 2619 444 1221 931 1700 378 2782 1420 364 285 880 675 621 2175 1107 1450 290 69 54 260 634 1039
is_linear=0
shrinkage=0.05


Tree=8
num_leaves=31
num_cat=0
split_feature=24 5 10 2 6 11 12 24 1 18 5 21 20 17 24 24 7 7 20 18 20 6 11 7 7 12 18 0 18 7
split_gain=17182 6128.91 6053.12 2912.94 2761.3 1751.51 1611.84 1495.87 1237.17 1110.96 1103.78 1079.6 814.842 807.007 514.025 505.152 481.647 381.181 621.925 349.938 326.324 284.297 242.527 205.129 193.996 175.717 128.955 112.676 110.018 108.153
threshold=572.91500854492199 0.2650000005960465 -0.78654998540878285 3.1800000667572026 567.50000000000011 1.0000000180025095e-35 -0.56175000965595234 96.250000000000014 98.500000000000014 6.3500001430511483 -0.33500000834465021 15.650000095367433 16.800000190734867 0.12550000101327899 867.08499145507824 307.08500671386724 1017.2500000000001 1018.1499938964845 17.399999618530277 3.5499999523162846 8.9499998092651385 847.50000000000011 -1.0000000180025095e-35 1015.9500122070314 1020.6499938964845 1.0000000180025095e-35 6.6499998569488534 22.44999980926514 3.2500000000000004 1021.8500061035157
decision_type=2 2 2 2 2 2 2 2 2 2 2 2 2 2 2 2 2 2 2 2 2 2 2 2 2 2 2 2 2 2
left_child=1 2 3 6 14 8 7 -1 12 28 19 -8 -4 -11 24 23 -10 18 20 22 -3 25 -6 -5 -2 29 -16 -22 -7 -12
right_child=4 17 5 15 10 9 11 -9 16 13 21 -13 -14 -15 26 -17 -18 -19 -20 -21 27 -23 -24 -25 -26 -27 -28 -29 -30 -31
leaf_value=0.47617715022806983 -0.01461267058333863 -0.01461267058333863 -0.00097970780168813603 0.078730355667150725 -0.13986006623943062 -0.01461267058333863 0.142307069531969 0.20799200561252379 0.3701481165307941 0.084845308765608599 -0.080216838356587425 0.26327808890635007 0.11318253650823061 0.19352032652041362 -0.064560135122921733 0.025712134651808272 0.059191211611032496 -0.01461267058333863 0.24522884686787927 -0.064560135122921733 0.028835965235096711 -0.16175953886059466 -0.084463583343331664 0.142307069531969 -0.039586402853130177 -0.13803412404980991 -0.039586402853130177 0.089361987400687112 0.025322131399129855 -0.1373593428113439
leaf_weight=103 740 176 1940 24 278 63 436 105 33 1138 326 260 170 201 237 296 20 1117 36 749 144 610 345 157 338 505 185 165 173 111
leaf_count=103 740 176 1940 24 278 63 436 105 33 1138 326 260 170 201 237 296 20 1117 36 749 144 610 345 157 338 505 185 165 173 111
internal_value=-0.00138856 0.0487644 0.076465 0.165917 -0.0779898 0.0434171 0.218666 0.340795 0.0142113 0.0835263 -0.106283 0.182168 0.0082182 0.101159 -0.0228377 0.0659482 0.252806 -0.0146127 0.0447171 -0.0736094 0.0298338 -0.135166 -0.104367 0.131749 -0.0146127 -0.117946 -0.0645601 0.0611557 -0.0146127 -0.0947313
internal_weight=11181 6757 5119 1381 4424 3738 904 208 2163 1575 2924 696 2110 1339 1500 477 53 1638 521 1372 485 1552 623 181 1078 942 422 309 236 437
internal_count=11181 6757 5119 1381 4424 3738 904 208 2163 1575 2924 696 2110 1339 1500 477 53 1638 521 1372 485 1552 623 181 1078 942 422 309 236 437
is_linear=0
shrinkage=0.05


Tree=9
num_leaves=31
num_cat=0
split_feature=24 5 10 5 18 24 11 12 18 20 7 5 20 23 7 7 18 8 6 12 9 24 20 9 7 2 11 18 2 1
split_gain=15327.8 4893.6 4785.85 3639.85 1610.35 1579 1560.43 1403.6 1134.86 1072.46 928.932 807.663 777.384 682.866 677.006 590.806 453.337 520.762 447.414 433.269 352.364 462.057 339.466 241.761 190.96 154.915 142.112 118.119 113.743 51.0269
threshold=470.41499328613287 1.0000000180025095e-35 -0.91595000028610218 0.20499999821186068 6.8500001430511483 117.91500091552736 -0.60784998536109913 -0.56175000965595234 3.7500000000000004 18.250000000000004 1015.7500000000001 -1.705000042915344 18.150000572204593 53.500000000000007 1024.049987792969 1018.2500000000001 3.5499999523162846 252.50000000000003 792.50000000000011 1.0000000180025095e-35 0.60354998707771312 275.41499328613287 10.84999990463257 0.60354998707771312 1021.3500061035157 5.0699999332427987 -0.60784998536109913 2.4500000476837163 5.3199999332427987 86.500000000000014
decision_type=2 2 2 2 2 2 2 2 2 2 2 2 2 2 2 2 2 2 2 2 2 2 2 2 2 2 2 2 2 2
left_child=1 2 5 4 11 7 20 13 -8 -10 19 16 -3 -1 15 -7 17 -2 23 -5 21 -4 -9 24 -12 -18 -6 -20 -29 -14
right_child=3 12 6 10 26 14 8 22 9 -11 18 -13 29 -15 -16 -17 25 -19 27 -21 -22 -23 -24 -25 -26 -27 -28 28 -30 -31
leaf_value=0.23735142889476957 -0.31226338307062784 -0.0014937115945489188 0.10257374613609223 -0.0014937115945489188 -0.031193068383952405 0.098369370735250428 -0.0014937115945489188 0.21700781308178352 0.084896980029821892 0.26916586073433479 -0.06512561547128197 -0.031193068383952405 0.18146147441864013 0.57425537339921273 -0.0014937115945489188 0.21450914180537395 -0.031413335162368973 -0.099683695831964667 -0.18948953567195115 -0.13464714270085096 -0.0014937115945489188 0.0050730643383001435 0.29894558460444443 -0.12335795468671749 -0.11041508597730208 -0.07963509860586325 -0.0014937115945489188 -0.12335795468671749 -0.16329617438127669 0.28465594467909439
leaf_weight=21 30 1449 191 72 391 200 160 85 2131 82 506 386 25 53 42 242 393 726 137 64 417 334 129 314 431 256 1208 405 278 23
leaf_count=21 30 1449 191 72 391 200 160 85 2131 82 506 386 25 53 42 242 393 726 137 64 417 334 129 314 431 256 1208 405 278 23
internal_value=-0.00156178 0.0570487 0.0861187 -0.0600361 -0.0275022 0.198238 0.0600083 0.290938 0.0816219 0.0917248 -0.110009 -0.0608924 -0.00149371 0.478647 0.143078 0.161957 -0.0818044 -0.108119 -0.118413 -0.00149371 0.00556129 0.0405447 0.226029 -0.0995978 -0.0859578 -0.0511508 -0.00149371 -0.147118 -0.138619 0.230909
internal_weight=11181 5584 4087 5597 3390 772 3315 288 2373 2213 2207 1791 1497 74 484 442 1405 756 2071 136 942 525 214 1251 937 649 1599 820 683 48
internal_count=11181 5584 4087 5597 3390 772 3315 288 2373 2213 2207 1791 1497 74 484 442 1405 756 2071 136 942 525 214 1251 937 649 1599 820 683 48
is_linear=0
shrinkage=0.05


Tree=10
num_leaves=31
num_cat=0
split_feature=24 5 8 24 24 3 7 11 0 7 11 1 18 11 7 5 5 17 21 6 21 11 2 12 0 24 9 12 12 7
split_gain=13722.4 5315.45 4236.51 2406.96 2266.96 2010.6 1631.96 1747.07 1619.85 1499.7 991.51 944.153 878.033 753.704 597.962 743.509 586.129 534.246 491.259 412.473 398.043 382.197 270.129 261.009 233.734 252.798 208.816 186.335 183.273 148.13
threshold=302.91499328613287 0.20499999821186068 33.500000000000007 700.41500854492199 109.58499908447267 306.50000000000006 1018.0499877929689 1.0000000180025095e-35 23.349999427795414 1026.850036621094 -0.60784998536109913 97.500000000000014 6.7500000000000009 -0.60784998536109913 1023.1499938964845 -1.4350000023841856 -0.29500000178813929 0.10050000250339509 12.84999990463257 847.50000000000011 24.250000000000004 -1.0000000180025095e-35 2.1800000667572026 0.81174999475479137 21.44999980926514 185.41500091552737 0.60354998707771312 -0.56175000965595234 -0.56175000965595234 1016.3500061035157
decision_type=2 2 2 2 2 2 2 2 2 2 2 2 2 2 2 2 2 2 2 2 2 2 2 2 2 2 2 2 2 2
left_child=2 3 5 13 9 20 7 22 16 14 24 17 21 -2 15 -4 23 -12 -10 26 -1 -5 -3 -6 -7 -26 27 -8 -23 -13
right_child=1 6 4 12 8 10 19 -9 18 -11 11 29 -14 -15 -16 -17 -18 -19 -20 -21 -22 28 -24 -25 25 -27 -28 -29 -30 -31
leaf_value=0.020162022515779428 -0.01871833959031392 0.020162022515779428 0.36099138604693637 -0.11657702365366401 0.10014897276627455 0.020162022515779428 -0.056532940804594901 0.020162022515779428 0.10014897276627455 0.65483614748174501 0.020162022515779428 0.40600294896534517 -0.01871833959031392 0.020162022515779428 0.1810623333004108 0.19988815024587681 0.020162022515779428 0.11943512641458361 0.1810623333004108 -0.14879017425193625 0.2059026544292768 -0.10214035938509176 -0.12502264212709907 0.020162022515779428 0.24644597035187943 0.072586805546147645 -0.12426505062861999 -0.10038843637424849 -0.050640824742201419 0.23475192811178125
leaf_weight=1141 866 29 129 473 163 214 328 192 175 22 52 28 593 2280 79 161 190 732 300 569 60 183 261 22 26 30 483 926 451 23
leaf_count=1141 866 29 129 473 163 214 328 192 175 22 52 28 593 2280 79 161 190 732 300 569 60 183 261 22 26 30 483 926 451 23
internal_value=-0.00159063 -0.0393477 0.0796718 -0.00770176 0.15416 0.0395852 -0.0943537 -0.0106808 0.108326 0.253798 0.093211 0.120313 -0.0556384 0.0182017 0.229888 0.271551 0.0306427 0.106752 0.169655 -0.111843 0.020162 -0.0825633 -0.108842 0.100149 0.020162 0.125012 -0.0997399 -0.0889175 -0.0571871 0.328772
internal_weight=11181 7634 3547 4846 1241 2306 2788 482 850 391 1105 835 1700 3146 369 290 375 784 475 2306 1201 1107 290 185 270 56 1737 1254 634 51
internal_count=11181 7634 3547 4846 1241 2306 2788 482 850 391 1105 835 1700 3146 369 290 375 784 475 2306 1201 1107 290 185 270 56 1737 1254 634 51
is_linear=0
shrinkage=0.05


Tree=11
num_leaves=31
num_cat=0
split_feature=24 5 10 2 6 11 7 1 18 18 5 17 20 24 7 24 11 18 7 20 20 2 11 7 9 7 0 24 4 7
split_gain=12357.7 4779.18 4619.92 2264.59 2234.26 1448.26 1420.51 1013.8 933.977 918.077 810.559 666.725 656.333 419.247 392.482 382.533 313.034 277.745 247.95 469.131 282.235 236.244 202.054 146.635 132.282 111.621 97.5325 94.4813 92.3182 80.2087
threshold=572.91500854492199 0.2650000005960465 -0.78654998540878285 3.2050000429153447 567.50000000000011 1.0000000180025095e-35 1027.850036621094 98.500000000000014 6.3500001430511483 4.3500001430511483 -0.33500000834465021 0.12550000101327899 16.800000190734867 915.41500854492199 1017.2500000000001 206.25000000000003 1.0000000180025095e-35 3.5499999523162846 1018.1499938964845 17.399999618530277 8.9499998092651385 4.9549999237060556 -1.0000000180025095e-35 1022.3500061035157 1.0000000180025095e-35 1020.6499938964845 22.44999980926514 752.91500854492199 -2.1850000619888301 1013.8500061035157
decision_type=2 2 2 2 2 2 2 2 2 2 2 2 2 2 2 2 2 2 2 2 2 2 2 2 2 2 2 2 2 2
left_child=1 2 3 6 13 7 9 12 28 -1 17 -10 -4 25 -9 -5 -17 22 19 20 29 23 -6 24 -12 -2 -22 -23 -7 -3
right_child=4 18 5 15 10 8 -8 14 11 -11 21 -13 -14 -15 -16 16 -18 -19 -20 -21 26 27 -24 -25 -26 -27 -28 -29 -30 -31
leaf_value=0.12232020009717899 -0.012765525724142411 0.022268319562622881 -0.0034699217372300278 0.12232020009717899 -0.12309490579763334 0.038333472627729875 0.58673767501657659 0.33211987235329371 0.074604557311261185 0.2048497667591101 -0.071549222503506427 0.17338354438543321 0.09898855380385238 -0.05443362678880978 0.051417586356401451 -0.011701820570370914 0.07625976168593869 -0.05443362678880978 -0.012765525724142411 0.21521186596817443 0.027232671205678752 -0.12063864815857582 -0.072562357609452954 -0.12063864815857582 -0.12063864815857582 -0.033599576256476096 0.083544632029352764 -0.15258977149808131 -0.012765525724142411 -0.012765525724142411
leaf_weight=117 800 40 1940 65 278 70 22 33 1138 771 442 201 170 351 20 191 215 749 1117 36 144 150 345 357 130 349 165 473 166 136
leaf_count=117 800 40 1940 65 278 70 22 33 1138 771 442 201 170 351 20 191 215 749 1117 36 144 150 345 357 130 349 165 473 166 136
internal_value=-0.00155053 0.0409828 0.0656393 0.143787 -0.0665138 0.0367676 0.189851 0.0102102 0.0732398 0.180018 -0.0919637 0.0894325 0.00478503 -0.0169035 0.226194 0.0547896 0.0348788 -0.0639647 -0.0127655 0.0410642 0.0281377 -0.116715 -0.0906911 -0.10074 -0.0848065 -0.0127655 0.0573022 -0.140537 -0.0127655 -0.0127655
internal_weight=11181 6757 5119 1381 4424 3738 910 2163 1575 888 2924 1339 2110 1500 53 471 406 1372 1638 521 485 1552 623 929 572 1149 309 623 236 176
internal_count=11181 6757 5119 1381 4424 3738 910 2163 1575 888 2924 1339 2110 1500 53 471 406 1372 1638 521 485 1552 623 929 572 1149 309 623 236 176
is_linear=0
shrinkage=0.05


Tree=12
num_leaves=31
num_cat=0
split_feature=24 5 10 6 2 12 11 1 12 20 5 20 21 1 24 24 23 7 18 11 8 24 4 5 24 0 2 11 7 18
split_gain=10959.9 4295.81 3417.65 2446.36 1995.01 1315.76 1260.57 929.874 1449.14 833.637 812.934 724.584 720.293 634.56 586.382 580.168 555.946 473.645 340.45 327.84 268.511 228.189 202.114 191.218 148.48 146.815 146.542 140.525 118.683 75.2537
threshold=527.91500854492199 -0.10500000044703482 -0.78654998540878285 567.50000000000011 2.9850000143051152 -0.56175000965595234 1.0000000180025095e-35 97.500000000000014 -0.56175000965595234 18.250000000000004 -0.33500000834465021 6.1499998569488534 15.650000095367433 82.500000000000014 202.91500091552737 206.25000000000003 53.500000000000007 1020.7500000000001 1.3499999642372134 1.0000000180025095e-35 770.50000000000011 760.41500854492199 -3.7250000238418575 -0.94499999284744252 37.084999084472663 25.550000190734867 4.9549999237060556 -1.0000000180025095e-35 1021.4500122070314 6.9500000476837167
decision_type=2 2 2 2 2 2 2 2 2 2 2 2 2 2 2 2 2 2 2 2 2 2 2 2 2 2 2 2 2 2
left_child=1 2 4 17 5 16 7 13 -9 24 18 -8 -7 -4 -13 -6 -1 22 25 -17 27 28 -2 29 -3 -5 -23 -20 -12 -19
right_child=3 9 6 10 15 12 11 8 -10 -11 21 14 -14 -15 -16 19 -18 23 20 -21 -22 26 -24 -25 -26 -27 -28 -29 -30 -31
leaf_value=0.21403669996807975 -0.047857242723037458 0.099290022002809702 0.051109221984039659 -0.28860605738379735 0.12879186287369346 0.12879186287369346 -0.0077112402304215823 0.36061692784229915 -0.0077112402304215823 0.20629128423604098 -0.066842144655608782 0.13331420702344818 0.23148953849283449 -0.0077112402304215823 0.062596840741642013 -0.0077112402304215823 0.41484312724184114 -0.047857242723037458 -0.073182347479218993 0.077808127373647729 -0.11443731498609229 -0.10606870898204993 -0.0077112402304215823 -0.047857242723037458 -0.0077112402304215823 -0.12539136011632326 -0.14491638185055272 -0.047857242723037458 -0.10606870898204993 -0.0077112402304215823
leaf_weight=60 264 59 539 22 114 371 81 48 54 55 352 463 224 1150 799 199 81 35 552 227 164 465 1000 350 1738 21 469 750 318 157
leaf_count=60 264 59 539 22 114 371 81 48 54 55 352 463 224 1150 799 199 81 35 552 227 164 465 1000 350 1738 21 469 750 318 157
internal_value=-0.00172182 0.042153 0.0695281 -0.0575755 0.138511 0.192062 0.041442 0.0139824 0.160587 -0.00771124 -0.0844328 0.0780617 0.159518 0.00512877 0.0885415 0.0655213 0.329394 -0.0112817 -0.0580897 0.0367094 -0.0540223 -0.109216 -0.00771124 -0.0478572 -0.00771124 -0.19676 -0.125188 -0.0478572 -0.0869491 -0.00771124
internal_weight=11181 6262 4410 4919 1276 736 3134 1791 102 1852 3113 1343 595 1689 1262 540 141 1806 1509 426 1466 1604 1264 542 1797 43 934 1302 670 192
internal_count=11181 6262 4410 4919 1276 736 3134 1791 102 1852 3113 1343 595 1689 1262 540 141 1806 1509 426 1466 1604 1264 542 1797 43 934 1302 670 192
is_linear=0
shrinkage=0.05


Tree=13
num_leaves=31
num_cat=0
split_feature=24 5 8 2 7 24 3 6 18 7 5 7 1 7 17 2 17 7 18 17 11 12 12 18 24 21 12 0 23 7
split_gain=9890.69 4878.86 3446.43 2381.58 1641.2 1433.18 1425.34 1371.18 1176.64 1163.54 959.572 898.066 784.137 812.948 748.195 556.135 462.06 388.797 355.333 277.646 258.106 251.636 228.708 217.643 231.36 213.596 197.632 157.927 150.065 105.147
threshold=235.41500091552737 0.2650000005960465 35.500000000000007 3.6800000667572026 1018.0499877929689 32.08500003814698 314.50000000000006 687.50000000000011 4.9500000476837167 1023.4500122070314 -1.0249999761581419 1015.5499877929689 97.500000000000014 1017.3500061035157 0.12550000101327899 0.95500001311302196 0.15550000220537188 1020.9500122070314 2.8500000238418584 0.14050000160932544 -0.60784998536109913 1.0000000180025095e-35 -0.56175000965595234 1.2500000000000002 665.41500854492199 13.050000190734865 -0.56175000965595234 21.250000000000004 41.500000000000007 1024.549987792969
decision_type=2 2 2 2 2 2 2 2 2 2 2 2 2 2 2 2 2 2 2 2 2 2 2 2 2 2 2 2 2 2
left_child=2 3 6 17 7 -4 19 -3 23 10 11 -7 13 27 -15 -11 -12 -2 29 -1 -10 28 -14 -5 -25 -20 -27 -8 -9 -6
right_child=1 4 5 8 18 9 12 21 20 15 16 -13 22 14 -16 -17 -18 -19 25 -21 -22 -23 -24 24 -26 26 -28 -29 -30 -31
leaf_value=0.025574576887617047 0.025574576887617047 0.025574576887617047 0.52449136806222107 -0.23522852999823438 -0.12607301818003711 0.025574576887617047 0.025574576887617047 -0.13729145288467409 -0.039537373353075417 0.23752120073524213 0.08777803519918409 0.24329527419816591 0.3342415446188392 0.087619282486859101 0.23788433001906265 0.025574576887617047 0.32081379942272026 -0.0038235429458812146 -0.10109338684253195 0.18508949857205154 -0.0038235429458812146 -0.12589909155626555 0.12800365164875985 -0.042104352190767982 -0.089380601915858837 -0.02940447135619691 -0.084400052714933643 0.14383416526220941 -0.033050505035868365 -0.18594415187835694
leaf_weight=935 1880 278 26 21 275 42 211 35 533 31 283 404 41 441 102 121 23 738 1342 64 1210 185 20 324 673 232 513 37 61 100
leaf_count=935 1880 278 26 21 275 42 211 35 533 31 283 404 41 441 102 121 23 738 1342 64 1210 185 20 324 673 232 513 37 61 100
internal_value=-0.00176123 -0.0288197 0.0799689 -0.000262634 -0.0796667 0.158495 0.0405147 -0.00232512 -0.0332217 0.147969 0.173482 0.220265 0.0938918 0.0805713 0.115846 0.0255746 0.105294 0.0255746 -0.0972272 0.0255746 -0.00827662 -0.0916756 0.266623 -0.0759321 -0.0725768 -0.0891753 -0.0677067 0.0255746 -0.0330505 -0.142039
internal_weight=11181 8400 2781 5379 3021 930 1851 559 2761 904 752 446 852 791 543 152 306 2618 2462 999 1743 281 61 1018 997 2087 745 248 96 375
internal_count=11181 8400 2781 5379 3021 930 1851 559 2761 904 752 446 852 791 543 152 306 2618 2462 999 1743 281 61 1018 997 2087 745 248 96 375
is_linear=0
shrinkage=0.05


Tree=14
num_leaves=31
num_cat=0
split_feature=24 5 10 6 2 11 12 1 12 20 20 5 21 1 20 24 24 3 4 11 0 7 24 18 8 18 11 12 1 11
split_gain=8898.79 3790.68 3034.1 1745.05 1714.39 1266.64 1178.84 793.249 1227.22 736.167 657.94 642.749 617.639 554.709 518.376 515.191 484.74 408.375 303.644 294.301 216.109 212.28 178.628 171.294 128.632 117.933 141.797 117.27 65.8278 48.43
threshold=572.91500854492199 -0.10500000044703482 -0.78654998540878285 682.50000000000011 2.9850000143051152 1.0000000180025095e-35 -0.56175000965595234 97.500000000000014 -0.56175000965595234 18.250000000000004 6.0499999523162851 0.20499999821186068 15.650000095367433 82.500000000000014 8.5500001907348651 202.91500091552737 206.25000000000003 82.500000000000014 -3.814999938011169 1.0000000180025095e-35 24.650000572204593 1018.0499877929689 287.08500671386724 1.2500000000000002 779.50000000000011 2.1499999761581425 0.87834998965263378 -0.56175000965595234 82.500000000000014 -0.60784998536109913
decision_type=2 2 2 2 2 2 2 2 2 2 2 2 2 2 2 2 2 2 2 2 2 2 2 2 2 2 2 2 2 2
left_child=1 2 4 11 6 7 14 13 -9 20 -7 18 -8 -4 -1 -12 -6 23 -2 -18 -3 -13 -22 -5 29 -19 27 -27 -11 -25
right_child=3 9 5 17 16 10 12 8 -10 28 15 21 -14 -15 -16 -17 19 25 -20 -21 22 -23 -24 24 -26 26 -28 -29 -30 -31
leaf_value=0.18294922904697833 -0.0563406803792387 -0.011099673952887027 0.04077416477430966 -0.17832644024202904 0.11654365308317796 -0.011099673952887027 0.11654365308317796 0.32844622731208806 -0.011099673952887027 0.1190424504734221 0.12134435226546665 -0.011099673952887027 0.21073993454920129 -0.011099673952887027 0.38016677784851227 0.057231141551918899 -0.01091041588519768 -0.15600903899305396 -0.011099673952887027 0.070744383485527959 0.088772489531991836 -0.0563406803792387 0.030063928277834565 -0.084076449107278586 -0.10729715132287571 -0.079015151182455681 -0.0563406803792387 -0.11659375432029757 0.23163424870547128 -0.0563406803792387
leaf_weight=54 304 1753 621 31 114 61 371 48 54 21 464 36 224 1255 87 965 205 108 1189 239 97 657 90 186 126 280 103 803 34 601
leaf_count=54 304 1753 621 31 114 61 371 48 54 21 464 36 224 1255 87 965 205 108 1189 239 97 657 90 186 126 280 103 803 34 601
internal_value=-0.00158277 0.0345105 0.0591988 -0.0567098 0.124536 0.0348197 0.174648 0.00859337 0.144387 -0.0110997 0.0696355 -0.0249359 0.143843 0.00121017 0.304637 0.0780489 0.0584397 -0.0877455 -0.0110997 0.0330434 -0.0110997 -0.0563407 0.0712275 -0.0627391 -0.0588145 -0.105988 -0.101433 -0.106878 0.188645 -0.0563407
internal_weight=11181 6757 4762 4424 1294 3468 736 1978 102 1995 1490 2186 595 1876 141 1429 558 2238 1493 444 1940 693 187 944 913 1294 1186 1083 55 787
internal_count=11181 6757 4762 4424 1294 3468 736 1978 102 1995 1490 2186 595 1876 141 1429 558 2238 1493 444 1940 693 187 944 913 1294 1186 1083 55 787
is_linear=0
shrinkage=0.05


Tree=15
num_leaves=31
num_cat=0
split_feature=24 5 6 10 5 24 7 11 12 4 17 1 12 1 0 18 20 0 7 7 9 11 6 18 11 24 3 12 6 0
split_gain=7921.81 3062.08 2886.17 2455.2 903.36 884.161 748.514 746.698 737.192 713.535 694.825 634.519 1099.34 543.79 538.819 509.079 483.61 455.342 436.365 511.566 328.633 324.218 242.201 205.947 201.24 183.79 174.177 135.336 70.1603 66.8872
threshold=399.58500671386724 -0.10500000044703482 552.50000000000011 -0.78654998540878285 -0.14500000327825543 114.58499908447267 1020.7500000000001 1.0000000180025095e-35 -0.56175000965595234 0.79500001668930065 0.1225000023841858 97.500000000000014 -0.56175000965595234 82.500000000000014 21.550000190734867 1.0500000119209292 18.150000572204593 20.150000572204593 1014.2500000000001 1020.8500061035157 0.78654998540878307 -1.0000000180025095e-35 847.50000000000011 3.4500000476837163 0.87834998965263378 856.25000000000011 273.50000000000006 -0.56175000965595234 1147.5000000000002 20.250000000000004
decision_type=2 2 2 2 2 2 2 2 2 2 2 2 2 2 2 2 2 2 2 2 2 2 2 2 2 2 2 2 2 2
left_child=1 3 6 5 15 8 25 11 9 -1 17 13 -13 -5 -10 -4 -3 -9 -7 -20 -12 23 24 -17 27 -2 -8 -6 -24 -26
right_child=2 16 4 7 22 18 26 10 14 -11 20 12 -14 -15 -16 21 -18 -19 19 -21 -22 -23 28 -25 29 -27 -28 -29 -30 -31
leaf_value=0.41913191332924565 0.0051370842251247722 0.0051370842251247722 -0.28176762949336659 0.070273606723313717 -0.058016625953722215 0.0051370842251247722 -0.032908232751379433 0.027546651723990009 0.14886726517797869 0.14886726517797869 0.11451136774319855 0.31202391336361568 0.0051370842251247722 0.0051370842251247722 0.24884105674265064 -0.096118875568555237 0.17262898329375448 0.10464253927503897 0.14391580810332591 0.051755038885659799 0.25714353449416882 -0.032908232751379433 -0.10713942133335251 -0.045209726549535534 -0.096863553537709313 -0.032908232751379433 0.0051370842251247722 -0.096863553537709313 -0.14576468171649856 -0.032908232751379433
leaf_weight=61 1762 1307 22 321 289 61 602 491 157 38 95 48 54 786 136 336 69 314 468 222 66 1061 519 486 41 300 137 659 152 121
leaf_count=61 1762 1307 22 321 289 61 602 491 157 38 95 48 54 786 136 336 69 314 468 222 66 1061 519 486 41 300 137 659 152 121
internal_value=-0.00170044 0.0477753 -0.0375011 0.0749879 -0.066574 0.134319 0.000757563 0.0438084 0.195187 0.313147 0.076583 0.0176213 0.136952 0.00662601 0.15533 -0.0426405 0.00513708 0.0576188 0.102548 0.114264 0.171404 -0.0398466 -0.0921739 -0.0660193 -0.077838 0.00513708 -0.0329082 -0.0867073 -0.115889 -0.0329082
internal_weight=11181 4694 6487 3318 3686 1143 2801 2175 392 99 966 1209 102 1107 293 1905 1376 805 751 690 161 1883 1781 822 1110 2062 739 948 671 162
internal_count=11181 4694 6487 3318 3686 1143 2801 2175 392 99 966 1209 102 1107 293 1905 1376 805 751 690 161 1883 1781 822 1110 2062 739 948 671 162
is_linear=0
shrinkage=0.05


Tree=16
num_leaves=31
num_cat=0
split_feature=24 5 8 18 24 7 3 11 8 7 5 2 18 11 18 0 7 1 2 9 18 0 0 9 24 11 24 21 7 11
split_gain=7067.8 3426.81 2784.61 1672.45 1420.59 1411.59 1229.27 1053.64 1045.24 1027.45 1086.28 876.242 820.283 604.801 582.254 557.689 518.816 504.818 439.448 374.346 269.444 244.921 226.52 194.156 191.298 185.997 185.62 116.003 87.0506 86.9952
threshold=275.41499328613287 0.2650000005960465 33.500000000000007 3.3500000238418584 27.914999961853031 1018.0499877929689 314.50000000000006 1.0000000180025095e-35 276.50000000000006 1023.4500122070314 -1.1349999904632566 4.6250000000000009 4.3500001430511483 -0.60784998536109913 1.0500000119209292 23.349999427795414 1017.1499938964845 97.500000000000014 0.90500000119209301 0.78654998540878307 2.8500000238418584 23.250000000000004 21.250000000000004 0.60354998707771312 185.41500091552737 -0.60784998536109913 786.25000000000011 23.94999980926514 1024.549987792969 -0.60784998536109913
decision_type=2 2 2 2 2 2 2 2 2 2 2 2 2 2 2 2 2 2 2 2 2 2 2 2 2 2 2 2 2 2
left_child=2 3 6 8 -4 7 27 21 -2 10 12 25 -6 22 -10 -12 -16 19 -11 -15 28 -3 -8 26 -24 -5 -22 -1 -7 -23
right_child=1 5 4 11 9 20 13 -9 14 18 15 -13 -14 17 16 -17 -18 -19 -20 -21 23 29 24 -25 -26 -27 -28 -29 -30 -31
leaf_value=0.016963280900260412 -0.29860057194124567 -0.10476802319996228 0.5422849374264479 -0.0036434735223384142 0.016963280900260412 -0.11130304032270491 0.016963280900260412 0.016963280900260412 -0.28747159957885743 0.22526666427461001 0.018834606031374785 -0.024250227944937239 0.20495211823487894 0.13446899021589712 -0.086999902974597171 0.13890373526761932 -0.024250227944937239 0.26262760595841844 0.016963280900260412 0.058150941602881215 -0.056278106087082204 0.016963280900260412 0.21624736169288897 -0.10267565253744862 0.069111923274142575 0.016963280900260412 -0.093552881657811157 0.15691542197281205 -0.16600683662626481 -0.055649768335391897
leaf_weight=1062 44 221 20 720 54 274 181 203 25 26 209 1085 482 263 412 180 518 44 145 413 918 43 29 555 26 2288 525 71 99 46
leaf_count=1062 44 221 20 720 54 274 181 203 25 26 209 1085 482 263 412 180 518 44 145 413 918 43 29 555 26 2288 525 71 99 46
internal_value=-0.00179291 -0.0269925 0.060919 -0.00232779 0.124683 -0.0705406 0.0268546 0.00466228 -0.0603294 0.117063 0.137997 0.011829 0.184156 0.0755158 -0.0493515 0.0743936 -0.0429504 0.098524 0.0169633 0.0878427 -0.0868118 -0.0765646 0.0169633 -0.079529 0.121261 0.0169633 -0.0698396 0.0169633 -0.125822 -0.00653151
internal_weight=11181 7976 3205 5092 1116 2884 2089 513 999 1096 925 4093 536 956 955 389 930 720 171 676 2371 310 236 1998 55 3008 1443 1133 373 89
internal_count=11181 7976 3205 5092 1116 2884 2089 513 999 1096 925 4093 536 956 955 389 930 720 171 676 2371 310 236 1998 55 3008 1443 1133 373 89
is_linear=0
shrinkage=0.05


Tree=17
num_leaves=31
num_cat=0
split_feature=24 5 10 6 2 24 7 20 12 8 24 7 5 7 5 0 20 24 3 11 20 5 7 18 5 18 18 18 11 7
split_gain=6421.26 3079.95 2205 1284.5 1257.99 878.056 793.441 720.499 612.926 573.323 564.705 1162.81 553.702 428.623 483.682 410.79 310.792 274.48 238.906 205.793 140.243 112.218 110.694 106.2 83.2054 75.1233 60.8551 60.4037 55.1229 54.9026
threshold=605.41500854492199 -0.10500000044703482 -0.91595000028610218 727.50000000000011 3.5949999094009404 117.91500091552736 1020.8500061035157 6.0499999523162851 -0.56175000965595234 208.50000000000003 101.25000000000001 1026.1499633789065 0.81499999761581432 1024.049987792969 -3.9350000619888301 20.94999980926514 10.84999990463257 937.08499145507824 82.500000000000014 1.0000000180025095e-35 17.550000190734867 -4.1549999713897696 1017.2500000000001 1.2500000000000002 5.3550000190734872 6.2500000000000009 10.449999809265138 2.1499999761581425 0.87834998965263378 1020.7500000000001
decision_type=2 2 2 2 2 2 2 2 2 2 2 2 2 2 2 2 2 2 2 2 2 2 2 2 2 2 2 2 2 2
left_child=1 2 5 12 6 8 7 -4 9 -1 11 15 17 14 -7 -3 -10 -2 21 -6 -8 -5 -14 -23 27 -19 -21 -20 -29 -17
right_child=3 10 4 18 19 13 20 -9 16 -11 -12 -13 22 -15 -16 29 -18 25 24 26 -22 23 -24 -25 -26 -27 -28 28 -30 -31
leaf_value=0.55201376169919969 -0.012082477580420324 0.028999800274680194 0.021309511323933612 -0.085178034272961348 -0.012082477580420324 0.022202937497986835 0.021309511323933612 0.079119886232245251 0.14238644003929296 0.23434016956966752 -0.012082477580420324 0.43613553181290626 -0.012082477580420324 -0.012082477580420324 0.13268994145159027 0.11515860286221576 0.22300515854836822 -0.053148563820356758 -0.13025316995910452 -0.0099440321974644946 0.15441669997572902 -0.15217340453978509 -0.053148563820356758 -0.053148563820356758 -0.12087502790233805 -0.032615520700388541 0.021309511323933612 -0.088819562883039133 -0.053148563820356758 0.20619450970129535
leaf_weight=20 1139 147 132 313 764 138 854 1962 82 49 1860 20 23 41 351 67 124 198 79 158 25 31 665 456 259 160 255 712 75 22
leaf_count=20 1139 147 132 313 764 138 854 1962 82 49 1860 20 23 41 351 67 124 198 79 158 25 31 665 456 259 160 255 712 75 22
internal_value=-0.0016764 0.0272118 0.0492149 -0.0513768 0.0345248 0.124947 0.0518459 0.0689663 0.197441 0.326419 -0.0120825 0.0700821 -0.0251403 0.0873317 0.10151 0.0390606 0.15424 -0.0120825 -0.0811568 -0.00922685 0.0213095 -0.0602687 -0.0531486 -0.0531486 -0.0960106 -0.0531486 0.0213095 -0.0885742 -0.0843905 0.137662
internal_weight=11181 7071 4955 4110 4150 805 2973 2094 275 69 2116 256 2185 530 489 236 206 1497 1925 1177 879 800 688 487 1125 358 413 866 787 89
internal_count=11181 7071 4955 4110 4150 805 2973 2094 275 69 2116 256 2185 530 489 236 206 1497 1925 1177 879 800 688 487 1125 358 413 866 787 89
is_linear=0
shrinkage=0.05


Tree=18
num_leaves=31
num_cat=0
split_feature=5 2 10 7 6 7 18 18 18 23 11 1 0 18 0 24 11 11 9 11 20 23 7 0 1 24 1 20 7 18
split_gain=5844.56 4150.66 3096.97 1724.88 1468.63 1220.98 1334.41 983.154 866.404 829.156 797.05 599.39 410.55 409.542 416.842 553.063 269.978 264.267 257.562 391.306 242.894 227.532 216.51 196.974 171.774 164.488 146.158 144.531 221.572 132.275
threshold=0.32500000298023229 3.6800000667572026 -0.78654998540878285 1018.0499877929689 612.50000000000011 1027.850036621094 4.3500001430511483 9.5500001907348651 5.0499999523162851 56.500000000000007 0.60784998536109935 98.500000000000014 19.94999980926514 4.5499999523162851 23.550000190734867 372.91499328613287 0.87834998965263378 1.0000000180025095e-35 0.3793999999761582 0.87834998965263378 10.449999809265138 112.50000000000001 1026.1499633789065 24.050000190734867 90.500000000000014 856.25000000000011 88.500000000000014 7.8500001430511483 1019.5499877929689 9.3499999046325701
decision_type=2 2 2 2 2 2 2 2 2 2 2 2 2 2 2 2 2 2 2 2 2 2 2 2 2 2 2 2 2 2
left_child=1 2 5 4 18 6 -1 20 25 -8 11 -9 -12 22 27 29 23 -10 19 21 -4 -2 26 -6 -20 -3 -5 -15 -29 -16
right_child=3 8 7 13 16 -7 9 10 17 -11 12 -13 -14 14 15 -17 -18 -19 24 -21 -22 -23 -24 -25 -26 -27 -28 28 -30 -31
leaf_value=0.011832120708398369 0.04826289054369743 -0.046191465619586432 0.011832120708398369 -0.1067964284634654 -0.10305900187896831 0.49326235055923462 0.10054778577706745 0.033120760483082705 -0.022353503693977705 0.19777876597549271 0.053795759233559087 0.21786651448770003 0.13282341458089161 -0.078811483567052198 0.089330800871054328 -0.024413180261041046 0.0018125144147755124 0.011832120708398369 0.0018125144147755124 0.22258349991681281 0.033120760483082705 0.21422885308663051 -0.20025628960132599 0.0018125144147755124 0.079516923556238725 -0.086568309231289192 -0.078811483567052198 -0.024413180261041046 -0.0669733380540673 0.24556126236915587
leaf_weight=160 148 648 1182 747 252 22 526 1254 967 376 289 44 381 495 42 97 33 774 94 57 682 24 50 29 97 413 252 195 831 20
leaf_count=160 148 648 1182 747 252 22 526 1254 967 376 289 44 381 495 42 97 33 774 94 57 682 24 50 29 97 413 252 195 831 20
internal_value=-0.00193994 0.0222748 0.0499572 -0.0559074 0.0121345 0.124573 0.116935 0.0288498 -0.026293 0.141079 0.0544094 0.0331208 0.0987354 -0.0742081 -0.0589025 0.0181287 -0.0696625 -0.00458824 0.0732875 0.109047 0.0118321 0.0714209 -0.0987204 -0.0882462 0.0304142 -0.0619084 -0.0936386 -0.0669551 -0.0551352 0.139728
internal_weight=11181 7718 4916 3463 734 1084 1062 3832 2802 902 1968 1298 670 2729 1680 159 314 1741 420 229 1864 172 1049 281 191 1061 999 1521 1026 62
internal_count=11181 7718 4916 3463 734 1084 1062 3832 2802 902 1968 1298 670 2729 1680 159 314 1741 420 229 1864 172 1049 281 191 1061 999 1521 1026 62
is_linear=0
shrinkage=0.05


Tree=19
num_leaves=31
num_cat=0
split_feature=5 2 10 7 6 7 18 18 18 23 11 1 0 18 0 24 11 11 9 11 20 23 7 0 1 0 24 1 20 7
split_gain=5230.06 3687.19 2815.72 1561.46 1308.29 1103.37 1224.9 901.506 785.62 748.313 727.963 542.12 371.656 360.605 367.005 506.143 251.037 240.531 235.842 353.154 220.435 205.348 196.579 181.775 156.935 152.454 184.088 135.588 134.704 202.853
threshold=0.32500000298023229 3.6800000667572026 -0.78654998540878285 1018.0499877929689 612.50000000000011 1027.850036621094 4.3500001430511483 9.5500001907348651 5.0499999523162851 56.500000000000007 0.60784998536109935 98.500000000000014 20.250000000000004 4.5499999523162851 23.550000190734867 372.91499328613287 0.87834998965263378 1.0000000180025095e-35 0.3793999999761582 0.87834998965263378 10.449999809265138 112.50000000000001 1026.1499633789065 24.050000190734867 90.500000000000014 23.349999427795414 856.25000000000011 88.500000000000014 7.8500001430511483 1019.5499877929689
decision_type=2 2 2 2 2 2 2 2 2 2 2 2 2 2 2 2 2 2 2 2 2 2 2 2 2 2 2 2 2 2
left_child=1 2 5 4 18 6 -1 20 25 -8 11 -9 -12 22 28 -16 23 -10 19 21 -4 -2 27 -6 -20 -3 -27 -5 -15 -30
right_child=3 8 7 13 16 -7 9 10 17 -11 12 -13 -14 14 15 -17 -18 -19 24 -21 -22 -23 -24 -25 -26 26 -28 -29 29 -31
leaf_value=0.011034999295889986 0.045849745184485174 -0.14403902828693391 0.011034999295889986 -0.1014566062753858 -0.09790605249637295 0.46859921867197213 0.095520396528359655 0.031232460843346733 -0.021235828421409933 0.1878898280285323 0.058614602715624131 0.20697318911552431 0.13321358000673944 -0.074812380773308804 0.13274133842318289 -0.023768727437686172 0.001915646116232933 0.011034999295889986 0.001915646116232933 0.21145432643723072 0.031232460843346733 0.20351741115252175 -0.19024347484111787 0.001915646116232933 0.075541078539315576 -0.037227703537638789 -0.080804335360158769 -0.074812380773308804 -0.023768727437686172 -0.063501676082669781
leaf_weight=160 148 50 1182 747 252 22 526 1254 967 376 354 44 316 495 62 97 33 774 94 57 682 24 50 29 97 608 403 252 195 831
leaf_count=160 148 50 1182 747 252 22 526 1254 967 376 354 44 316 495 62 97 33 774 94 57 682 24 50 29 97 608 403 252 195 831
internal_value=-0.002029 0.0208774 0.0469686 -0.0530806 0.0116579 0.118116 0.110855 0.0268424 -0.0248986 0.134025 0.0514299 0.0312325 0.0937986 -0.0704928 -0.0561307 0.0161492 -0.0655449 -0.00423046 0.0693762 0.103594 0.011035 0.0678499 -0.093494 -0.0836344 0.0283504 -0.058813 -0.054598 -0.0886517 -0.0636866 -0.052191
internal_weight=11181 7718 4916 3463 734 1084 1062 3832 2802 902 1968 1298 670 2729 1680 159 314 1741 420 229 1864 172 1049 281 191 1061 1011 999 1521 1026
internal_count=11181 7718 4916 3463 734 1084 1062 3832 2802 902 1968 1298 670 2729 1680 159 314 1741 420 229 1864 172 1049 281 191 1061 1011 999 1521 1026
is_linear=0
shrinkage=0.05


Tree=20
num_leaves=31
num_cat=0
split_feature=24 5 10 11 6 24 24 0 20 7 8 10 1 24 11 23 5 23 17 1 18 24 11 21 2 2 7 0 20 7
split_gain=4764.46 2548.33 1616.55 1039.6 795.881 766.389 697.106 898.525 627.763 580.535 548.548 535.186 476.52 426.504 419.816 448.299 357.505 332.522 304.447 282.6 280.703 214.167 210.261 200.639 154.078 149.216 132.093 105.325 82.5016 69.0923
threshold=651.25000000000011 -0.10500000044703482 -0.91595000028610218 1.0000000180025095e-35 727.50000000000011 117.91500091552736 80.415000915527358 18.94999980926514 6.2500000000000009 1015.9500122070314 160.50000000000003 -1.0000000180025095e-35 83.500000000000014 202.91500091552737 1.0000000180025095e-35 65.500000000000014 0.81499999761581432 56.500000000000007 0.11850000172853471 86.500000000000014 2.2500000000000004 37.084999084472663 -0.60784998536109913 11.250000000000002 2.9550000429153447 5.1250000000000009 1022.0499877929689 24.650000572204593 7.9500000476837167 1014.8500061035157
decision_type=2 2 2 2 2 2 2 2 2 2 2 2 2 2 2 2 2 2 2 2 2 2 2 2 2 2 2 2 2 2
left_child=1 2 5 6 16 10 7 -4 -5 11 18 20 -8 -10 15 -7 22 -12 -1 27 -3 23 -2 -11 -16 26 28 -13 -6 -22
right_child=4 9 3 8 25 14 12 -9 13 21 17 19 -14 -15 24 -17 -18 -19 -20 -21 29 -23 -24 -25 -26 -27 -28 -29 -30 -31
leaf_value=0.19981604640682538 -0.049581157477539467 -0.014761146688887176 0.033640532041648553 -0.014761146688887176 -0.076173596833605986 -0.014761146688887176 0.024277293293446519 0.18389206168348673 0.10206506879978712 0.060529054453076339 0.12110182909944944 -0.014761146688887176 -0.014761146688887176 0.048335451895211802 0.12110182909944944 0.10242675622529557 -0.049581157477539467 0.20781409686877708 0.45166194885969163 0.10768254168021184 0.11803360803793353 -0.014761146688887176 -0.014761146688887176 0.19895145198249298 0.072903381315725199 -0.090879436588561679 -0.076173596833605986 0.13028399765491486 -0.049581157477539467 0.18952807025951254
leaf_weight=24 292 20 235 146 233 156 943 122 522 21 106 102 1211 1263 109 113 534 121 24 48 83 1944 945 46 175 717 363 20 486 57
leaf_count=24 292 20 235 146 233 156 943 122 522 21 106 102 1211 1263 109 113 534 121 24 48 83 1944 945 46 175 717 363 20 486 57
internal_value=-0.00210969 0.020244 0.0398151 0.0278591 -0.0497663 0.103956 0.00664716 0.0713592 0.0554424 -0.0147611 0.17217 0.0558034 -0.00407809 0.064048 0.0700336 0.0252705 -0.0259724 0.139697 0.325739 -0.00596991 0.121438 -0.0147611 -0.0147611 0.135819 0.112432 -0.0731899 -0.0614678 -0.0147611 -0.0495812 0.147142
internal_weight=11181 7611 5270 4442 3570 828 2511 357 1931 2341 275 330 2154 1785 553 269 1771 227 48 170 160 2011 1237 67 284 1799 1082 122 719 140
internal_count=11181 7611 5270 4442 3570 828 2511 357 1931 2341 275 330 2154 1785 553 269 1771 227 48 170 160 2011 1237 67 284 1799 1082 122 719 140
is_linear=0
shrinkage=0.05


Tree=21
num_leaves=31
num_cat=0
split_feature=5 2 10 7 2 7 18 18 18 23 11 1 0 7 10 24 11 0 7 11 20 7 11 2 2 17 0 24 12 2
split_gain=4347.42 3041.36 2351.51 1330.82 1118.89 982.394 1094.13 784.577 674.397 661.063 613.053 475.92 352.882 321.694 425.179 501.204 299.033 250.947 234.513 212.046 197.175 194.949 188.473 166.39 161.203 159.038 158.65 144.673 137.197 126.568
threshold=0.32500000298023229 3.6800000667572026 -0.78654998540878285 1018.0499877929689 4.0450000762939462 1027.850036621094 4.3500001430511483 9.5500001907348651 4.9500000476837167 56.500000000000007 0.60784998536109935 97.500000000000014 19.94999980926514 1021.6499938964845 -0.91595000028610218 364.58500671386724 0.60784998536109935 23.150000572204593 1014.9500122070314 -0.60784998536109913 10.449999809265138 1026.850036621094 0.87834998965263378 4.930000066757203 2.9050000905990605 0.11950000002980234 22.349999427795414 856.25000000000011 0.81174999475479137 5.3450000286102304
decision_type=2 2 2 2 2 2 2 2 2 2 2 2 2 2 2 2 2 2 2 2 2 2 2 2 2 2 2 2 2 2
left_child=1 2 5 4 16 6 -1 20 17 -8 11 -9 -12 14 15 26 24 -3 -18 -10 -4 28 25 -16 -2 -6 -5 -19 -15 -21
right_child=3 8 7 13 22 -7 9 10 19 -11 12 -13 -14 21 23 -17 18 27 -20 29 -22 -23 -24 -25 -26 -27 -28 -29 -30 -31
leaf_value=0.0095891397071846823 0.057400077403697451 -0.22227583094076678 0.0095891397071846823 0.028473141405432285 -0.091830367230443799 0.43795398582111711 0.08627150825741825 0.028241623933872712 -0.029782307996792181 0.17308915294075208 0.044105440264432388 0.13743846708536148 0.11737280425351614 -0.085450661406498055 -0.048352813315841847 -0.06115626769454835 0.027660914330044764 -0.036018158244388719 0.19219613270973093 0.0095891397071846823 0.028241623933872712 -0.21304774752685002 0.00010858988898707623 -0.09292629584460782 0.00010858988898707623 0.00010858988898707623 0.16540488649498333 -0.074639949013290949 -0.034026509916014358 -0.027845045304716088
leaf_weight=160 283 22 1182 24 244 22 526 1198 543 376 289 100 381 1162 970 77 32 602 67 998 682 28 37 267 48 23 55 406 146 231
leaf_count=160 283 22 1182 24 244 22 526 1198 543 376 289 100 381 1162 970 77 32 602 67 998 682 28 37 267 48 23 55 406 146 231
internal_value=-0.00235617 0.0185281 0.0422244 -0.048901 0.0108654 0.107243 0.100392 0.0238319 -0.0230461 0.122462 0.0468941 0.0282416 0.0857694 -0.0649759 -0.048164 0.0296222 0.0627715 -0.0552202 0.139013 -0.0043444 0.00958914 -0.0825051 -0.0625543 -0.0579738 0.0399681 -0.0788567 0.118103 -0.0515742 -0.0797107 0.00715443
internal_weight=11181 7718 4916 3463 734 1084 1062 3832 2802 902 1968 1298 670 2729 1393 156 430 1030 99 1772 1864 1336 304 1237 331 267 79 1008 1308 1229
internal_count=11181 7718 4916 3463 734 1084 1062 3832 2802 902 1968 1298 670 2729 1393 156 430 1030 99 1772 1864 1336 304 1237 331 267 79 1008 1308 1229
is_linear=0
shrinkage=0.05


Tree=22
num_leaves=31
num_cat=0
split_feature=5 24 8 7 18 12 24 7 18 4 11 21 3 24 11 18 18 20 2 12 7 10 8 0 18 5 1 11 18 8
split_gain=3888.57 2699.08 1780.6 1202.17 1107.42 997.076 990.05 580.139 691.875 574.713 574.593 503.767 357.633 417.046 353.08 344.012 302.441 339.349 297.949 295.952 343.84 548.391 281.099 225.561 268.454 213.746 211.536 202.671 169.375 153.38
threshold=0.32500000298023229 348.75000000000006 35.500000000000007 1018.0499877929689 8.4499998092651385 0.81174999475479137 32.08500003814698 1023.4500122070314 4.3500001430511483 1.685000002384186 -1.0000000180025095e-35 24.250000000000004 322.50000000000006 157.91500091552737 1.0000000180025095e-35 1.3499999642372134 3.3500000238418584 10.449999809265138 3.7350000143051152 -0.56175000965595234 1021.0499877929689 -0.91595000028610218 276.50000000000006 21.250000000000004 20.650000572204593 -3.9650000333786006 87.500000000000014 1.0000000180025095e-35 4.2500000000000009 119.50000000000001
decision_type=2 2 2 2 2 2 2 2 2 2 2 2 2 2 2 2 2 2 2 2 2 2 2 2 2 2 2 2 2 2
left_child=1 2 11 5 10 9 -4 8 -8 23 16 12 -1 -14 -9 -12 22 -18 -17 20 21 29 -3 -2 -25 -6 28 -11 -21 -5
right_child=3 4 6 19 25 -7 7 14 -10 27 15 -13 13 -15 -16 18 17 -19 -20 26 -22 -23 -24 24 -26 -27 -28 -29 -30 -31
leaf_value=0.022358916168124618 -0.010291130427975914 -0.27155176997184755 0.41613923525810242 0.012575842529380075 -0.0028300940042827617 -0.091889293963710483 0.022358916168124618 0.022358916168124618 0.13258443341754195 -0.099128926830527223 -0.20477041520855646 0.13535903149312087 0.078858973830622736 0.022358916168124618 0.14449586573515147 -0.0028300940042827617 -0.061815663332411785 -0.0028300940042827617 -0.032536147334919545 -0.10469869820878418 -0.07626112512449508 -0.03184747961258988 -0.079529610308358617 0.069413826775647447 0.1997916454739041 0.022358916168124618 -0.050501005464731089 0.049494695011526348 -0.06778127708633068 0.16585912166857253
leaf_weight=1085 74 20 25 24 685 180 149 80 748 81 22 101 472 487 63 686 429 269 858 558 293 359 405 322 45 1134 743 32 701 51
leaf_count=1085 74 20 25 24 685 180 149 80 748 81 22 101 472 487 63 686 429 269 858 558 293 359 405 322 45 1134 743 32 701 51
internal_value=-0.00243711 0.0173143 0.0523544 -0.0464572 -0.00763656 0.0103469 0.105204 0.0977293 0.11293 0.0435645 -0.0280191 0.0261145 0.0223589 0.0529866 0.0223589 -0.00844649 -0.0553127 -0.0350654 -0.00564913 -0.0617354 -0.0344114 -0.00615809 -0.0885659 0.0693432 0.0854002 0.0223589 -0.0716577 -0.0570408 -0.0841434 0.116808
internal_weight=11181 7718 3210 3463 4508 734 1065 1040 897 554 2689 2145 2044 959 143 1566 1123 698 1544 2729 727 434 425 441 367 1819 2002 113 1259 75
internal_count=11181 7718 3210 3463 4508 734 1065 1040 897 554 2689 2145 2044 959 143 1566 1123 698 1544 2729 727 434 425 441 367 1819 2002 113 1259 75
is_linear=0
shrinkage=0.05


Tree=23
num_leaves=31
num_cat=0
split_feature=5 2 10 7 12 24 7 18 7 18 20 4 11 18 18 24 1 7 18 18 11 18 9 6 0 24 11 7 1 8
split_gain=3509.7 2484.87 1876.4 1081.17 891.935 883.784 729.454 847.326 687.178 613.295 513.471 506.191 486.444 459.14 281.81 353.55 248.572 220.617 457.149 281.665 217.473 200.905 191.616 197.122 187.405 197.811 182.911 162.139 119.818 116.6
threshold=0.2650000005960465 3.5699999332427983 -0.78654998540878285 1018.0499877929689 0.81174999475479137 27.914999961853031 1023.4500122070314 4.3500001430511483 1020.8500061035157 5.0499999523162851 6.0499999523162851 1.685000002384186 -0.60784998536109913 19.44999980926514 4.5499999523162851 122.08499908447267 85.500000000000014 1015.9500122070314 20.650000572204593 2.2500000000000004 1.0000000180025095e-35 1.2500000000000002 0.3793999999761582 797.50000000000011 23.349999427795414 856.25000000000011 1.0000000180025095e-35 1026.850036621094 88.500000000000014 22.500000000000004
decision_type=2 2 2 2 2 2 2 2 2 2 2 2 2 2 2 2 2 2 2 2 2 2 2 2 2 2 2 2 2 2
left_child=1 2 5 4 11 -1 7 -7 10 21 -4 17 -12 -8 27 16 -16 19 -19 -2 -11 -3 23 -17 -23 -26 -13 28 29 -5
right_child=3 9 8 14 -6 6 13 -9 -10 20 12 26 -14 -15 15 22 -18 18 -20 -21 -22 24 -24 -25 25 -27 -28 -29 -30 -31
leaf_value=0.38652580566704275 -0.07454567505490213 -0.17997028103896551 0.010284979040270155 -0.12683841509593499 -0.087294828436958294 0.010284979040270155 0.010284979040270155 0.13122816186109482 0.010284979040270155 -0.017463617237082476 0.029631138747915904 -0.094172479488231528 0.063584755323617168 0.23891114537204344 0.18507786749729091 -0.01782703872816788 0.010769859662618481 -0.0098951619959303308 0.15423632445079941 0.11789855755476364 0.010284979040270155 -0.11216830077754203 -0.062061992303874471 -0.062061992303874471 -0.024419473147461155 -0.066903777756256819 0.047019960521720354 -0.19721120915242607 -0.062061992303874471 -0.077490266182269466
leaf_weight=26 21 28 136 148 180 121 148 724 1130 1022 543 81 1823 20 28 618 34 175 56 201 838 59 710 316 651 405 32 28 253 626
leaf_count=26 21 28 136 148 180 121 148 724 1130 1022 543 81 1823 20 28 618 34 175 56 201 838 59 710 316 651 405 32 28 253 626
internal_value=-0.00231678 0.0166207 0.0394338 -0.0437556 0.00965326 0.0986843 0.0912965 0.110414 0.0224841 -0.0188638 0.0403292 0.0404848 0.0489773 0.010285 -0.0581863 -0.0456245 0.0715845 0.064101 0.0298943 0.0996944 -0.00115074 -0.0476882 -0.0500448 -0.0343657 -0.0443663 -0.0393835 -0.0541888 -0.0784995 -0.0752629 -0.0869263
internal_weight=11181 7674 4671 3507 746 1039 1013 845 3632 3003 2502 566 2366 168 2761 1706 62 453 231 222 1860 1143 1644 934 1115 1056 113 1055 1027 774
internal_count=11181 7674 4671 3507 746 1039 1013 845 3632 3003 2502 566 2366 168 2761 1706 62 453 231 222 1860 1143 1644 934 1115 1056 113 1055 1027 774
is_linear=0
shrinkage=0.05


Tree=24
num_leaves=31
num_cat=0
split_feature=24 5 10 11 24 1 12 6 20 12 20 8 7 10 11 23 24 20 5 18 1 11 24 21 24 2 0 7 20 7
split_gain=3164.39 1814.06 1139.75 861.613 574.226 536.277 792.512 531.685 531.364 514.436 504.474 483.366 412.807 424.762 337.777 382.125 318.995 244.853 238.656 226.604 199.797 163.229 154.96 163.592 124.135 105.541 90.7009 89.6203 70.1163 60.8912
threshold=662.91500854492199 -0.10500000044703482 -0.91595000028610218 1.0000000180025095e-35 117.91500091552736 97.500000000000014 -0.56175000965595234 727.50000000000011 6.2500000000000009 -0.56175000965595234 10.150000095367433 208.50000000000003 1015.9500122070314 -1.0000000180025095e-35 1.0000000180025095e-35 65.500000000000014 202.91500091552737 10.84999990463257 0.81499999761581432 2.2500000000000004 86.500000000000014 -0.60784998536109913 37.084999084472663 11.250000000000002 501.25000000000006 5.2349998950958261 24.650000572204593 1022.0499877929689 7.9500000476837167 1014.6499938964845
decision_type=2 2 2 2 2 2 2 2 2 2 2 2 2 2 2 2 2 2 2 2 2 2 2 2 2 2 2 2 2 2
left_child=1 2 4 5 9 10 -7 18 -5 11 -4 -1 13 19 15 -6 -10 -11 21 -3 26 -2 23 -14 -16 27 -15 28 -9 -21
right_child=7 12 3 8 14 6 -8 25 16 17 -12 -13 22 20 24 -17 -18 -19 -20 29 -22 -23 -24 -25 -26 -27 -28 -29 -30 -31
leaf_value=0.46985544584691524 -0.042091080272086287 -0.013565205165379483 -0.013565205165379483 -0.013565205165379483 -0.013565205165379483 0.25252649417290324 -0.013565205165379483 -0.065271356043542436 0.087788121757129661 0.10041318350837561 0.023856345095885263 0.17816670877592905 0.051538034720367255 -0.013565205165379483 0.10041318350837561 0.089454964324996805 0.041427180771989966 0.17091925197859267 -0.042091080272086287 0.087770304671520818 0.088841210926572489 -0.013565205165379483 -0.013565205165379483 0.17427455917324708 -0.013565205165379483 -0.078059282295311561 0.11798864205678304 -0.065271356043542436 -0.042091080272086287 0.15438007742521309
leaf_weight=20 275 20 1325 149 159 52 59 262 522 82 1129 49 21 102 264 113 1283 124 512 58 48 911 1984 46 22 632 21 360 493 84
leaf_count=20 275 20 1325 149 159 52 59 262 522 82 1129 49 21 102 264 113 1283 124 512 58 48 911 1984 46 22 632 21 360 493 84
internal_value=-0.00251042 0.0152401 0.0316755 0.0217691 0.0854177 0.00271344 0.110211 -0.0423705 0.0467833 0.144552 -0.0021489 0.262714 -0.0135652 0.0461667 0.0562744 0.0163842 0.0548346 0.104973 -0.0224463 0.104184 -0.00879755 -0.0135652 -0.0135652 0.116641 0.0942119 -0.0617358 -0.0135652 -0.0524834 -0.0420911 0.127173
internal_weight=11181 7736 5352 4519 833 2565 111 3445 1954 275 2454 69 2384 333 558 272 1805 206 1698 162 171 1186 2051 67 286 1747 123 1115 755 142
internal_count=11181 7736 5352 4519 833 2565 111 3445 1954 275 2454 69 2384 333 558 272 1805 206 1698 162 171 1186 2051 67 286 1747 123 1115 755 142
is_linear=0
shrinkage=0.05


Tree=25
num_leaves=31
num_cat=0
split_feature=5 18 8 10 2 7 18 2 11 3 12 24 18 23 24 0 23 12 7 10 11 17 24 7 7 8 11 1 7 20
split_gain=2896.36 2047.42 2834.06 1345.19 1013.13 917.901 784.331 760.529 690.243 603.576 580.529 678.699 543.242 519.981 513.021 501.842 383.098 252.59 306.945 493.362 234.798 208.631 171.373 163.651 143.793 138.243 132.899 130.614 155.774 128.674
threshold=0.2650000005960465 4.1499998569488534 245.50000000000003 -0.78654998540878285 3.2949999570846562 1018.0499877929689 1.0500000119209292 4.0950000286102304 -0.60784998536109913 315.50000000000006 -0.56175000965595234 80.415000915527358 11.050000190734865 70.500000000000014 823.75000000000011 21.150000572204593 34.500000000000007 -0.56175000965595234 1021.0499877929689 -0.91595000028610218 0.60784998536109935 0.1094999983906746 399.58500671386724 1026.850036621094 1016.2500000000001 119.50000000000001 0.87834998965263378 87.500000000000014 1018.8500061035157 17.399999618530277
decision_type=2 2 2 2 2 2 2 2 2 2 2 2 2 2 2 2 2 2 2 2 2 2 2 2 2 2 2 2 2 2
left_child=1 2 13 4 10 7 -4 20 -5 12 11 -3 -10 -1 -8 -12 -11 18 19 25 29 -22 -6 27 -16 -7 -9 -19 -29 -2
right_child=5 3 6 8 22 17 14 26 9 16 15 -13 -14 -15 24 -17 -18 23 -20 -21 21 -23 -24 -25 -26 -27 -28 28 -30 -31
leaf_value=-0.3171830794811249 0.022268635002255906 0.29258095070167828 -0.27923914236681807 -0.0056592732515296871 0.042252609326827284 0.012248507925930123 -0.0056592732515296871 -0.066369297421484619 -0.0056592732515296871 0.024321286097182423 0.058999687693243034 0.099546260021340399 0.043641880089289958 -0.062236662477254873 -0.086681576874415009 0.12051180199981429 0.08016991519390719 -0.071053390916995737 -0.067690515525845318 -0.026643539513500205 0.01719568409025669 0.16965274580500345 -0.0056592732515296871 -0.18505391224666878 -0.033179435431668042 0.15647217333316804 -0.0010950036021563081 -0.12648625920216244 -0.038340424032505593 0.14005072164535523
leaf_weight=100 320 81 28 1315 245 24 885 265 1503 552 202 104 879 25 242 431 692 1247 298 359 34 66 192 27 198 54 36 54 698 25
leaf_count=100 320 81 28 1315 245 24 885 265 1503 552 202 104 879 25 242 431 692 1247 298 359 34 66 192 27 198 54 36 54 698 25
internal_value=-0.00273012 0.0144732 -0.0384055 0.027087 0.0733136 -0.0403744 -0.0173608 0.00883679 0.0153455 0.02716 0.106149 0.184064 0.0124179 -0.266194 -0.0118267 0.0833778 0.0553882 -0.0536709 -0.0285624 -0.00188002 0.0503572 0.117817 0.0118502 -0.0627798 -0.0606996 0.112096 -0.0525472 -0.0611283 -0.04467 0.0308036
internal_weight=11181 7674 1478 6196 1255 3507 1353 746 4941 3626 818 185 2382 125 1325 633 1244 2761 735 437 445 100 437 2026 440 78 301 1999 752 345
internal_count=11181 7674 1478 6196 1255 3507 1353 746 4941 3626 818 185 2382 125 1325 633 1244 2761 735 437 445 100 437 2026 440 78 301 1999 752 345
is_linear=0
shrinkage=0.05


Tree=26
num_leaves=31
num_cat=0
split_feature=5 2 10 7 6 7 24 7 20 18 11 18 2 12 0 18 18 9 21 11 14 2 3 23 17 18 7 23 7 7
split_gain=2602.38 1901.37 1430.8 841.574 814.994 798.64 751.959 655.349 620.268 532.339 510.15 464.495 297.691 291.182 283.746 303.663 186.751 186.339 164.455 133.177 118.223 104.321 145.618 103.603 98.4045 96.553 98.3025 130.991 91.3255 82.6585
threshold=0.2650000005960465 3.7350000143051152 -0.91595000028610218 1019.8500061035157 587.50000000000011 1020.8500061035157 32.08500003814698 1023.4500122070314 6.0499999523162851 4.3500001430511483 -0.60784998536109913 5.2500000000000009 0.90500000119209301 0.81174999475479137 22.349999427795414 7.6499998569488534 2.8500000238418584 0.60354998707771312 12.34999990463257 -1.0000000180025095e-35 48.000000000000007 1.5149999856948855 226.50000000000003 38.500000000000007 0.14250000566244128 1.2500000000000002 1016.1499938964845 96.500000000000014 1022.9500122070314 1022.9500122070314
decision_type=2 2 2 2 2 2 2 2 2 2 2 2 2 2 2 2 2 2 2 2 2 2 2 2 2 2 2 2 2 2
left_child=1 2 6 4 13 8 -1 9 -4 -8 -10 25 -9 14 23 -16 -5 21 20 -13 -6 22 -18 -2 -7 -3 27 -27 -23 -28
right_child=3 11 5 16 18 24 7 12 10 -11 -12 19 -14 -15 15 -17 17 -19 -20 -21 -22 28 -24 -25 -26 26 29 -29 -30 -31
leaf_value=0.3876020712608641 -0.0089166575568472416 -0.15491929575800897 0.0059454637231338278 -0.095001166868979581 -0.041983735032307991 0.0059454637231338278 0.0059454637231338278 0.19612357577551967 0.026196967471269084 0.13431079017027833 0.0598387072494206 -0.017661110679597507 0.0059454637231338278 -0.0089166575568472416 0.045264118062381745 0.13493494524017854 -0.017856908741010369 -0.073735129260827842 -0.013984493495244534 0.0059454637231338278 -0.092902427794310849 -0.034555487252358595 0.1005304810410786 0.040074946141856561 0.20170059151608838 -0.073187483762117533 -0.024843129337781225 -0.024843129337781225 -0.063795251334021238 -0.078788709501425427
leaf_weight=22 171 20 181 302 260 1310 73 23 654 459 2139 866 90 74 166 136 60 551 250 785 203 702 31 170 22 402 471 82 431 75
leaf_count=22 171 20 181 302 260 1310 73 23 654 459 2139 866 90 74 166 136 60 551 250 785 203 702 31 170 22 402 471 82 431 75
internal_value=-0.00264712 0.0136598 0.0320017 -0.0383299 -0.00881107 0.0214463 0.100145 0.0903405 0.037871 0.114181 0.0464485 -0.0201108 0.00594546 0.0288302 0.0432458 0.07854 -0.0586533 -0.0524691 -0.0466635 -0.00357524 -0.0643088 -0.0415416 0.00996465 0.0119882 0.00594546 -0.046111 -0.0439982 -0.0604044 -0.0456785 -0.029455
internal_weight=11181 7674 4973 3507 1430 4306 667 645 2974 532 2793 2701 113 717 643 302 2077 1775 713 1651 463 1224 91 341 1332 1050 1030 484 1133 546
internal_count=11181 7674 4973 3507 1430 4306 667 645 2974 532 2793 2701 113 717 643 302 2077 1775 713 1651 463 1224 91 341 1332 1050 1030 484 1133 546
is_linear=0
shrinkage=0.05


Tree=27
num_leaves=31
num_cat=0
split_feature=18 5 2 10 8 5 7 23 18 0 24 23 11 11 7 1 2 21 5 7 24 20 10 0 10 10 6 5 7 3
split_gain=2360.11 1832.39 1257.59 1110.36 1075.79 1399.05 759.091 790.467 675.27 595.744 466.994 445.35 334.958 254.718 242.899 215.894 209.365 207.188 159.093 124.753 111.165 113.697 84.5736 83.9904 71.3068 71.1089 59.2367 52.4297 52.0968 87.9353
threshold=4.1499998569488534 -0.10500000044703482 3.4550000429153447 -0.6035499870777129 226.50000000000003 0.2650000005960465 1022.8500061035157 56.500000000000007 1.0500000119209292 24.849999427795414 828.75000000000011 71.500000000000014 0.60784998536109935 1.0000000180025095e-35 1020.4500122070314 88.500000000000014 5.3199999332427987 18.44999980926514 -0.5349999964237212 1017.6499938964845 101.25000000000001 7.8500001430511483 0.60354998707771312 18.750000000000004 0.60354998707771312 -1.0000000180025095e-35 472.50000000000006 0.20499999821186068 1016.1499938964845 82.500000000000014
decision_type=2 2 2 2 2 2 2 2 2 2 2 2 2 2 2 2 2 2 2 2 2 2 2 2 2 2 2 2 2 2
left_child=4 2 3 6 5 11 7 -2 -6 20 27 25 17 24 -14 22 -15 -5 -8 -11 21 -3 23 -7 -4 -1 -26 -10 -12 -30
right_child=1 9 13 12 8 15 18 -9 10 19 28 -13 14 16 -16 -17 -18 -19 -20 -21 -22 -23 -24 -25 26 -27 -28 -29 29 -31
leaf_value=-0.37693106603622439 0.070803281335399426 0.0084852391535978136 -0.017847179014512653 0.020095040785502255 -0.25619887337088587 -0.17786959310372671 0.020095040785502255 0.16974758999711426 -0.017847179014512653 0.1360024600789167 -0.079654399277868604 -0.059675185997848927 0.076919998406842827 0.020095040785502255 0.020095040785502255 -0.029867524651086164 -0.017847179014512653 0.062990205140218511 0.15002958321145604 0.04284412455062072 -0.017847179014512653 0.03481765732170828 -0.1967572910445077 -0.077438417215279901 0.020095040785502255 -0.27922681700693419 -0.014315838170375012 -0.039664293424829758 -0.039664293424829758 -0.074837703196280594
leaf_weight=25 541 95 733 1488 32 24 135 322 889 69 247 23 479 790 292 216 242 316 35 75 2441 121 21 157 212 73 258 416 196 218
leaf_count=25 541 95 733 1488 32 24 135 322 889 69 247 23 479 790 292 216 242 316 35 75 2441 121 21 157 212 73 258 416 196 218
internal_value=-0.00286842 0.00957668 0.0257028 0.0439598 -0.045271 -0.107958 0.0877531 0.107721 -0.02836 -0.0178472 -0.0246515 -0.257681 0.0263914 -0.00376967 0.0550023 -0.0646172 0.0144985 0.020095 0.020095 0.0874825 -0.0178472 0.0348177 -0.101775 -0.0907553 -0.0178472 -0.304151 0.00179446 -0.0178472 -0.0614814 -0.0506391
internal_weight=11181 8644 5843 3608 2537 539 1033 863 1998 2801 1966 121 2575 2235 771 418 1032 1804 170 144 2657 216 202 181 1203 98 470 1305 661 414
internal_count=11181 8644 5843 3608 2537 539 1033 863 1998 2801 1966 121 2575 2235 771 418 1032 1804 170 144 2657 216 202 181 1203 98 470 1305 661 414
is_linear=0
shrinkage=0.05


Tree=28
num_leaves=31
num_cat=0
split_feature=24 5 11 18 24 7 11 7 12 20 8 24 5 24 7 18 18 8 21 1 2 7 18 18 17 10 23 7 10 24
split_gain=2157.93 1332.41 874.398 737.979 688.24 1105.47 512.773 383.15 450.65 295.318 410.653 581.56 284.117 198.492 194.173 167.837 161.456 159.905 144.871 116.778 88.4389 90.6507 80.9626 54.6632 46.2346 39.0762 29.7105 22.4411 20.0321 18.0894
threshold=700.41500854492199 -0.10500000044703482 -0.60784998536109913 3.2500000000000004 75.415000915527358 1018.9500122070314 1.0000000180025095e-35 1015.9500122070314 0.81174999475479137 10.250000000000002 29.500000000000004 279.58500671386724 -0.38499999046325678 37.084999084472663 1017.1499938964845 8.6500000953674334 2.2500000000000004 252.50000000000003 11.250000000000002 79.500000000000014 5.2349998950958261 1018.5499877929689 1.4499999880790713 2.9500000476837163 0.12650000303983691 0.78654998540878307 45.500000000000007 1013.0499877929689 -0.6035499870777129 966.25000000000011
decision_type=2 2 2 2 2 2 2 2 2 2 2 2 2 2 2 2 2 2 2 2 2 2 2 2 2 2 2 2 2 2
left_child=1 2 9 -4 5 -5 -6 8 16 -1 19 -12 14 18 15 23 -3 -18 -9 -11 21 28 -16 29 25 -23 -22 -25 -14 -2
right_child=12 7 3 4 6 -7 -8 13 -10 10 11 -13 20 -15 22 -17 17 -19 -20 -21 26 24 -24 27 -26 -27 -28 -29 -30 -31
leaf_value=-0.014354854407552659 -0.062283597457589525 -0.014354854407552659 -0.014354854407552659 0.23208676101797721 0.014345637992651913 0.065832432095347143 0.049796540914351442 0.045778098175796013 -0.014354854407552659 0.083437107082028866 0.15990623634941173 0.014916351494196824 -0.050830665975809097 -0.014354854407552659 -0.10698084840851446 -0.014354854407552659 0.051848532893737545 0.13131140478783185 0.16040876473745574 0.0019181652160017632 -0.10078392084473851 -0.061027541544469426 -0.014354854407552659 -0.0592652157602278 -0.014354854407552659 -0.039055922297904125 -0.068029470116471466 -0.038008692037583287 -0.014354854407552659 -0.090895451934714072
leaf_weight=763 132 21 343 118 1160 390 2065 21 56 61 106 199 40 2167 31 194 153 108 46 385 87 542 723 107 44 234 339 353 98 95
leaf_count=763 132 21 343 118 1160 390 2065 21 56 61 106 199 40 2167 31 194 153 108 46 385 87 542 723 107 44 234 339 353 98 95
internal_value=-0.00297584 0.0103834 0.0242385 0.0362907 0.0430461 0.0971395 0.0345254 -0.0143549 0.0409059 -0.00820836 0.0181912 0.0653063 -0.0390931 -0.0143549 -0.0249808 -0.0419329 0.0731397 0.0847297 0.105911 0.00191817 -0.0557647 -0.0473363 -0.0143549 -0.0541804 -0.0536895 -0.0565911 -0.0747188 -0.0442727 -0.0143549 -0.0742577
internal_weight=11181 8162 5590 4076 3733 508 3225 2572 338 1514 751 305 3019 2234 1635 881 282 261 67 446 1384 958 754 687 820 776 426 460 138 227
internal_count=11181 8162 5590 4076 3733 508 3225 2572 338 1514 751 305 3019 2234 1635 881 282 261 67 446 1384 958 754 687 820 776 426 460 138 227
is_linear=0
shrinkage=0.05


Tree=29
num_leaves=31
num_cat=0
split_feature=5 2 10 7 7 6 7 18 7 20 18 11 18 12 0 18 7 14 11 9 18 6 8 23 23 12 7 7 0 1
split_gain=1957.67 1396.97 1169.51 894.488 696.841 659.172 601.664 519.213 504.133 433.21 363.718 360.012 314.323 259.037 230.04 289.712 156.839 142.312 130.896 130.099 178.229 110.745 99.315 96.688 92.8343 89.0102 85.396 72.9062 72.4004 50.5312
threshold=0.2650000005960465 3.7350000143051152 -0.78654998540878285 1027.850036621094 1019.8500061035157 587.50000000000011 1023.3500061035157 4.3500001430511483 1020.4500122070314 6.0499999523162851 8.2500000000000018 -1.0000000180025095e-35 19.44999980926514 0.81174999475479137 22.349999427795414 7.6499998569488534 1026.850036621094 48.000000000000007 -1.0000000180025095e-35 0.60354998707771312 2.8500000238418584 802.50000000000011 231.50000000000003 94.500000000000014 38.500000000000007 1.0000000180025095e-35 1014.9500122070314 1022.9500122070314 22.550000190734867 91.500000000000014
decision_type=2 2 2 2 2 2 2 2 2 2 2 2 2 2 2 2 2 2 2 2 2 2 2 2 2 2 2 2 2 2
left_child=1 2 3 6 5 13 7 -1 9 -4 18 -11 -8 14 24 -16 19 25 23 20 29 -22 -19 28 -2 -7 -20 -28 -3 -6
right_child=4 10 8 -5 16 17 12 -9 -10 11 -12 -13 -14 -15 15 -17 -18 22 26 -21 21 -23 -24 -25 -26 -27 27 -29 -30 -31
leaf_value=0.0043341895183036244 -0.00737972380651572 -0.11838864923216577 0.0043341895183036244 0.38799602443521675 -0.089385199373266305 -0.00737972380651572 0.0043341895183036244 0.099186161803961628 0.0043341895183036244 0.021315705338277303 0.0043341895183036244 0.055514886777425623 0.21249528840361609 -0.00737972380651572 0.042314240907744584 0.12786547557368655 -0.17017520783202988 -0.090422986589372159 -0.045977079058405361 -0.071704098080827117 -0.024810141813718229 -0.056803998335179288 -0.045899940055937338 -0.014338610762359833 0.038947645487154237 -0.045899940055937338 -0.014338610762359833 -0.076628164916622402 -0.051220960179359371 -0.056803998335179288
leaf_weight=132 171 43 145 22 249 247 154 762 1403 989 1083 1345 21 74 166 136 28 200 247 555 835 371 85 68 170 181 612 49 599 39
leaf_count=132 171 43 145 22 249 247 154 762 1403 989 1083 1345 21 74 166 136 28 200 247 555 835 371 85 68 170 181 612 49 599 39
internal_value=-0.00319689 0.0109466 0.0266685 0.0724067 -0.0341456 -0.00728477 0.0659118 0.0831793 0.0138142 0.0298124 -0.0180002 0.0382972 0.00433419 0.0265674 0.040497 0.0722759 -0.0526391 -0.0413269 -0.0330114 -0.0510329 -0.0433539 -0.0349146 -0.0687014 -0.0490941 0.0123525 -0.0230985 -0.0204358 -0.0143386 -0.0557197 -0.0786934
internal_weight=11181 7674 4973 1091 3507 1430 1069 894 3882 2479 2701 2334 175 717 643 302 2077 713 1618 2049 1494 1206 285 710 341 428 908 661 642 288
internal_count=11181 7674 4973 1091 3507 1430 1069 894 3882 2479 2701 2334 175 717 643 302 2077 713 1618 2049 1494 1206 285 710 341 428 908 661 642 288
is_linear=0
shrinkage=0.05


Tree=30
num_leaves=31
num_cat=0
split_feature=18 24 5 8 5 0 7 18 12 23 24 7 11 23 5 6 0 23 9 1 12 0 10 0 10 7 3 6 12 9
split_gain=1780.69 1461.21 1138.61 966.659 1326.34 952.09 743.188 613.75 531.42 397.228 347.774 272.399 264.685 244.895 234.256 241.205 226.609 220.38 216.382 188.777 103.02 82.8834 75.6882 75.3091 66.4697 45.6547 66.4721 30.9373 29.4704 23.6662
threshold=4.1499998569488534 109.58499908447267 -0.68500000238418568 226.50000000000003 0.2650000005960465 21.050000190734867 1017.3500061035157 1.0500000119209292 -0.56175000965595234 71.500000000000014 828.75000000000011 1023.1499938964845 0.87834998965263378 52.500000000000007 -0.23499999940395352 642.50000000000011 24.650000572204593 31.500000000000004 1.0000000180025095e-35 88.500000000000014 1.0000000180025095e-35 20.349999427795414 0.60354998707771312 18.750000000000004 -1.0000000180025095e-35 1016.1499938964845 82.500000000000014 52.500000000000007 0.81174999475479137 -0.37939999997615809
decision_type=2 2 2 2 2 2 2 2 2 2 2 2 2 2 2 2 2 2 2 2 2 2 2 2 2 2 2 2 2 2
left_child=3 5 6 4 9 8 12 -5 17 24 -9 -8 18 20 15 -15 -4 -2 -3 22 -7 -14 23 -6 -1 -12 -27 -13 -21 -26
right_child=1 2 16 7 19 13 11 10 -10 -11 25 27 21 14 -16 -17 -18 -19 -20 28 -22 -23 -24 -25 29 26 -28 -29 -30 -31
leaf_value=-0.35958583545684819 0.029000154285532966 0.0076855507574298976 -0.01630885978522861 -0.24131190329790117 -0.1641631918648879 0.083419682585297569 0.029000154285532966 -0.01630885978522861 0.029000154285532966 -0.058330051204108668 -0.070323662125026651 0.029000154285532966 -0.01630885978522861 0.2716278784672419 0.12823450181392035 0.12823450181392035 0.029000154285532966 0.083419682585297569 -0.01630885978522861 -0.038984043812700389 0.12823450181392035 0.029000154285532966 -0.18195286535081412 -0.069063825593893499 -0.21877822101116184 -0.034810095276839419 -0.064722422086591028 -0.01630885978522861 -0.01630885978522861 -0.28261088217204472
leaf_weight=25 83 1049 2709 32 24 64 1950 1305 565 23 247 26 75 75 60 41 163 242 1057 174 69 154 21 157 20 196 218 262 42 53
leaf_count=25 83 1049 2709 32 24 64 1950 1305 565 23 247 26 75 75 60 41 163 242 1057 174 69 154 21 157 20 196 218 262 42 53
internal_value=-0.00329805 0.00751197 -0.000737894 -0.0401297 -0.099552 0.0587382 0.0155845 -0.0240993 0.0324849 -0.245332 -0.0205638 0.0290002 -0.00488474 0.134354 0.173049 0.218211 -0.0163089 0.0834197 -0.01084 -0.0573525 0.0834197 0.0290002 -0.0920987 -0.0816737 -0.28922 -0.0533113 -0.0431615 -0.0163089 -0.0248584 -0.265122
internal_weight=11181 8644 7445 2537 539 1199 4573 1998 890 121 1966 2238 2335 309 176 116 2872 325 2106 418 133 229 202 181 98 661 414 288 216 73
internal_count=11181 8644 7445 2537 539 1199 4573 1998 890 121 1966 2238 2335 309 176 116 2872 325 2106 418 133 229 202 181 98 661 414 288 216 73
is_linear=0
shrinkage=0.05


Tree=31
num_leaves=31
num_cat=0
split_feature=5 18 8 11 24 8 23 7 11 17 2 18 0 1 11 8 1 7 5 5 17 12 7 10 0 11 8 7 1 23
split_gain=1637.15 1179.45 1728.21 968.98 881.446 909.06 687.277 615.209 595.4 638.937 545.65 536.642 468.447 466.784 356.56 214.692 547.08 404.722 191.251 178.749 230.898 173.575 227.967 319.327 166.115 139.789 133.717 129.482 105.411 149.358
threshold=0.2650000005960465 3.2500000000000004 306.50000000000006 -0.60784998536109913 75.415000915527358 66.500000000000014 61.500000000000007 1018.1499938964845 1.0000000180025095e-35 0.1225000023841858 4.0150001049041757 1.0500000119209292 20.250000000000004 92.500000000000014 -1.0000000180025095e-35 200.50000000000003 85.500000000000014 1017.8500061035157 1.0549999475479128 0.92500001192092907 0.1094999983906746 -0.56175000965595234 1022.0499877929689 -0.91595000028610218 23.550000190734867 -0.87834998965263356 1.5000000000000002 1026.850036621094 94.500000000000014 37.500000000000007
decision_type=2 2 2 2 2 2 2 2 2 2 2 2 2 2 2 2 2 2 2 2 2 2 2 2 2 2 2 2 2 2
left_child=1 2 -1 15 5 13 -7 8 9 18 12 -4 -6 -5 25 -3 17 -17 -2 -10 -21 22 23 24 -9 -13 -20 28 -23 -30
right_child=7 3 11 4 10 6 -8 21 19 -11 -12 14 -14 -15 -16 16 -18 -19 26 20 -22 27 -24 -25 -26 -27 -28 -29 29 -31
leaf_value=-0.26003000303739454 0.028600820237324454 -0.011091946843492071 -0.23655095951897756 0.053130773002533743 0.012840711706161129 0.12577608672253202 0.37529633879661561 0.013842045574211606 -0.015929571900516748 0.10466563009270809 -0.0068992955195544218 -0.011091946843492071 0.046939018653539312 0.13029867681028437 -0.011091946843492071 -0.011091946843492071 0.27442497412363687 0.09422059434720062 -0.096064601038233388 0.036491797465298861 0.14085837013532068 -0.05386331614368442 -0.066274976028916119 -0.023101898512507293 0.14343633204698564 -0.074211456208670756 -0.035265739935074147 -0.15902916819409088 -0.084181355118751522 -0.0035035451015335371
leaf_weight=82 68 1384 28 288 986 89 40 51 50 82 1236 81 2012 196 536 271 21 110 160 105 107 1654 206 422 48 314 208 27 75 244
leaf_count=82 68 1384 28 288 986 89 40 51 50 82 1236 81 2012 196 536 271 21 110 160 105 107 1654 206 422 48 314 208 27 75 244
internal_value=-0.00316868 0.00976526 -0.0397147 0.0175308 0.0291687 0.0852059 0.203147 -0.0314707 0.00768627 -0.0233817 0.0210556 -0.0208764 0.0325807 0.0537713 -0.01439 -0.0110919 0.0259771 0.0122831 -0.047464 0.0691107 0.0891674 -0.0426707 -0.0217479 -0.00414225 0.0766756 -0.0588659 -0.0617 -0.0502761 -0.0487878 -0.0224717
internal_weight=11181 7674 1041 6633 4847 613 129 3507 780 518 4234 959 2998 484 931 1786 402 381 436 262 212 2727 727 521 99 395 368 2000 1973 319
internal_count=11181 7674 1041 6633 4847 613 129 3507 780 518 4234 959 2998 484 931 1786 402 381 436 262 212 2727 727 521 99 395 368 2000 1973 319
is_linear=0
shrinkage=0.05


Tree=32
num_leaves=29
num_cat=0
split_feature=24 7 7 2 9 17 18 17 2 7 24 20 20 11 18 4 10 10 6 24 3 18 11 1 24 10 6 18
split_gain=1483.93 1130.48 1047.05 791.112 932.857 580.593 579.905 253.954 198.449 211.603 135.015 283.632 103.048 91.1701 51.1485 46.7503 40.5952 29.1479 26.9037 26.3419 21.6752 20.9575 11.6288 10.1323 6.08279 4.70458 3.68892 1.4342
threshold=700.41500854492199 1027.850036621094 1020.8500061035157 4.0699999332427987 0.60354998707771312 0.15550000220537188 3.5499999523162846 0.14050000160932544 5.1250000000000009 1020.1499938964845 42.915000915527351 10.449999809265138 7.9500000476837167 1.0000000180025095e-35 3.8500000238418584 -2.445000052452087 0.91595000028610241 0.60354998707771312 1052.5000000000002 976.66500854492199 190.50000000000003 6.0499999523162851 0.60784998536109935 83.500000000000014 1059.5850219726565 0.78654998540878307 402.50000000000006 8.6500000953674334
decision_type=2 2 2 2 2 2 2 2 2 2 2 2 2 2 2 2 2 2 2 2 2 2 2 2 2 2 2 2
left_child=1 2 3 4 6 10 -1 -6 9 12 11 -4 27 -5 -15 19 -11 18 23 -10 -19 -18 26 -17 -20 -22 -21 -2
right_child=8 -3 5 13 7 -7 -8 -9 15 16 -12 -13 -14 14 -16 17 21 20 24 22 25 -23 -24 -25 -26 -27 -28 -29
leaf_value=0.0095073378142454239 -0.037652147891045644 0.36586673476479276 0.018524414263490808 -0.012581843709241026 0.0095073378142454239 0.22992103759731566 0.061531512832735863 0.10211672499509794 -0.037652147891045644 -0.037652147891045644 -0.012581843709241026 0.10866959694403731 -0.012581843709241026 -0.012581843709241026 0.0095073378142454239 -0.042995075289729512 -0.037652147891045644 -0.05643330961465836 -0.066809926783597026 -0.053901836985633493 -0.08823151750998065 -0.012581843709241026 -0.049544383908171279 -0.059704069542491259 -0.090472308677785551 -0.11846417457826677 -0.077876391919220203 -0.025116995800143333
leaf_weight=310 190 22 100 1056 1698 28 2071 84 219 746 2225 75 849 108 385 296 21 38 135 21 22 135 29 111 34 31 68 74
leaf_count=310 190 22 100 1056 1698 28 2071 84 219 746 2225 75 849 108 385 296 21 38 135 21 22 135 29 111 34 31 68 74
internal_value=-0.00314572 0.00793251 0.00696512 0.0190846 0.0304352 -0.0125818 0.0512835 0.00950734 -0.0330962 -0.0240474 -0.0125818 0.0496307 -0.0125818 -0.0114205 0.00901818 -0.0512569 -0.0376521 -0.0589555 -0.054801 -0.0376521 -0.0852522 -0.0125818 -0.0614366 -0.0478377 -0.0715704 -0.105915 -0.0722195 -0.0376521
internal_weight=11181 8162 8140 5712 4163 2428 2381 1782 3019 2015 2400 175 1113 1549 493 1004 902 667 576 337 91 156 118 407 169 53 89 264
internal_count=11181 8162 8140 5712 4163 2428 2381 1782 3019 2015 2400 175 1113 1549 493 1004 902 667 576 337 91 156 118 407 169 53 89 264
is_linear=0
shrinkage=0.05


Tree=33
num_leaves=31
num_cat=0
split_feature=5 2 10 7 7 24 0 2 18 23 18 7 0 24 20 11 11 7 0 7 9 6 7 24 20 18 3 11 8 7
split_gain=1406.89 1171.48 769.417 582.949 518.522 497.176 612.544 481.763 437.184 794.519 354.349 264.373 277.197 295.278 245.594 244.384 219.249 215.508 194.744 179.276 157.983 188.173 166.191 154.26 141.225 117.544 115.9 94.2275 90.1165 89.3581
threshold=-0.10500000044703482 3.4550000429153447 -0.6035499870777129 1018.5499877929689 1023.4500122070314 62.084999084472663 21.650000572204593 4.0450000762939462 3.8500000238418584 56.500000000000007 8.2500000000000018 1020.4500122070314 19.050000190734867 69.58499908447267 10.449999809265138 1.0000000180025095e-35 0.60784998536109935 1026.9500122070315 21.650000572204593 1014.7500000000001 0.60354998707771312 1147.5000000000002 1018.8500061035157 646.25000000000011 6.4500000476837167 4.1499998569488534 258.50000000000006 0.87834998965263378 1.5000000000000002 1017.8500061035157
decision_type=2 2 2 2 2 2 2 2 2 2 2 2 2 2 2 2 2 2 2 2 2 2 2 2 2 2 2 2 2 2
left_child=1 2 4 7 8 6 14 16 -1 -10 18 12 -4 -14 -5 -6 24 -17 -3 -18 21 25 -22 -20 -2 -7 -24 28 -9 -26
right_child=3 10 11 5 15 20 -8 27 9 -11 -12 -13 13 -15 -16 17 19 -19 23 -21 22 -23 26 -25 29 -27 -28 -29 -30 -31
leaf_value=0.0074417866475539017 -0.0020827500914088444 -0.15306640391548476 0.0074417866475539017 0.0061417144530480257 0.0074417866475539017 -0.047946754279951834 0.30339145263036094 -0.085787776538657143 0.051242743560454385 0.14763631423152443 0.0070148820258608274 0.0074417866475539017 0.13100084307285526 0.033357473153889608 0.1493738482395808 0.048717882167151637 -0.0020827500914088444 0.23287001450856529 -0.0098376842511284472 0.13574827611900683 -0.14861705385002436 -0.087966215094694725 -0.050759562666465675 -0.035981943274851776 0.025394219813806657 -0.02155629835412657 -0.13522066751191783 -0.0020827500914088444 -0.02992915365018416 0.089916077114286883
leaf_weight=145 52 30 286 85 114 649 21 113 562 345 1328 1048 82 1388 30 47 29 24 698 82 51 156 733 1161 362 1206 43 48 200 63
leaf_count=145 52 30 286 85 114 649 21 113 562 345 1328 1048 82 1388 30 47 29 24 698 82 51 156 733 1161 362 1206 43 48 200 63
internal_value=-0.00330233 0.00973717 0.0276601 -0.0274269 0.0605082 -0.0383147 0.0550733 0.00669347 0.0748472 0.0879084 -0.0127765 0.013169 0.0281483 0.0388042 0.0097283 0.00744179 0.0346072 0.110966 -0.0266903 0.0978991 -0.0427899 -0.0352248 -0.0611859 -0.0246508 0.019879 -0.0307894 -0.0554398 -0.0387727 -0.0500954 0.0349586
internal_weight=11181 7258 4041 3923 1237 2974 136 949 1052 907 3217 2804 1756 1470 115 185 588 71 1889 111 2838 2011 827 1859 477 1855 776 361 313 425
internal_count=11181 7258 4041 3923 1237 2974 136 949 1052 907 3217 2804 1756 1470 115 185 588 71 1889 111 2838 2011 827 1859 477 1855 776 361 313 425
is_linear=0
shrinkage=0.05


Tree=34
num_leaves=31
num_cat=0
split_feature=5 2 10 7 7 12 24 7 18 23 18 7 18 7 0 24 7 2 0 18 0 9 6 7 24 10 7 7 20 11
split_gain=1255.93 1024.64 692.607 522.942 493.254 448.833 435.022 599.162 400.283 717.053 318.313 272.364 406.839 241.314 259.761 266.489 227.411 220.666 175.975 161.062 160.585 142.58 169.826 149.987 140.884 121.916 109.78 106.514 101.086 95.8971
threshold=-0.10500000044703482 3.4550000429153447 -0.6035499870777129 1018.5499877929689 1023.4500122070314 0.81174999475479137 62.084999084472663 1025.850036621094 3.8500000238418584 56.500000000000007 8.2500000000000018 1015.9500122070314 9.7500000000000018 1020.4500122070314 19.050000190734867 69.58499908447267 1016.9500122070314 0.95500001311302196 21.650000572204593 2.2500000000000004 20.650000572204593 0.60354998707771312 1147.5000000000002 1018.8500061035157 646.25000000000011 -1.0000000180025095e-35 1024.549987792969 1019.7500000000001 5.9500000476837167 0.60784998536109935
decision_type=2 2 2 2 2 2 2 2 2 2 2 2 2 2 2 2 2 2 2 2 2 2 2 2 2 2 2 2 2 2
left_child=1 2 4 5 8 11 7 20 -1 -10 18 19 29 14 -4 -16 -14 -6 -3 -2 -5 22 26 -23 -20 -21 -8 -25 -7 -13
right_child=3 10 13 6 17 28 21 -9 9 -11 -12 12 16 -15 15 -17 -18 -19 24 25 -22 23 -24 27 -26 -27 -28 -29 -30 -31
leaf_value=0.0068148285023355518 -0.071581101523978383 -0.14541308283184967 0.0068148285023355518 0.0051205646392844424 0.14272896664646956 -0.16683897197246553 -0.024082671727004429 0.29648230900278405 0.048680606323917436 0.14025449855900979 0.0066641378642439617 -0.070577390516648089 -0.0060169866014424178 0.0068148285023355518 0.12445079848715446 0.031689599320233429 0.083330307833643424 0.0068148285023355518 -0.0093085337100826306 0.10383634672506706 0.10290088156859081 -0.14118620239052118 -0.083567904891111919 -0.015885568622523435 -0.034182846086884065 0.036521252796537881 -0.056408918073014208 -0.061997013846908811 -0.048382162903332623 -0.0060169866014424178
leaf_weight=145 21 30 286 73 39 20 1572 21 562 345 1328 166 113 1048 82 1388 144 146 698 143 42 51 156 157 1161 127 283 619 181 34
leaf_count=145 21 30 286 73 39 20 1572 21 562 345 1328 166 113 1048 82 1388 144 146 698 143 42 51 156 157 1161 127 283 619 181 34
internal_value=-0.00335853 0.00896154 0.0257236 -0.0261521 0.056889 0.00616448 -0.0364642 0.0508916 0.0710064 0.083513 -0.0120939 0.0239894 -8.65551e-05 0.0119748 0.0264635 0.036864 0.0415305 0.00681483 -0.0252812 0.0617993 0.00604454 -0.0406504 -0.0334636 -0.0581266 -0.0233426 0.0721733 -0.0292499 -0.0526678 -0.0601689 -0.0535645
internal_weight=11181 7258 4041 3923 1237 949 2974 136 1052 907 3217 748 457 2804 1756 1470 257 185 1889 291 115 2838 2011 827 1859 270 1855 776 201 200
internal_count=11181 7258 4041 3923 1237 949 2974 136 1052 907 3217 748 457 2804 1756 1470 257 185 1889 291 115 2838 2011 827 1859 270 1855 776 201 200
is_linear=0
shrinkage=0.05


Tree=35
num_leaves=31
num_cat=0
split_feature=18 5 8 5 2 10 18 23 12 0 23 11 2 24 11 7 7 1 24 24 20 10 10 0 5 7 3 10 5 0
split_gain=1160.12 969.038 797.444 1182.96 758.937 558.451 520.621 513.408 852.794 412.208 340.493 265.118 254.519 216.762 199.663 181.027 388.671 165.387 162.396 113.874 80.781 71.5369 67.9727 70.5112 54.1891 45.9628 42.8743 37.9255 34.9175 31.4581
threshold=4.1499998569488534 -0.50499999523162831 226.50000000000003 0.2650000005960465 2.9850000143051152 -0.78654998540878285 1.0500000119209292 56.500000000000007 -0.56175000965595234 24.849999427795414 72.500000000000014 1.0000000180025095e-35 0.81999999284744274 828.75000000000011 0.60784998536109935 1020.3500061035157 1017.3500061035157 88.500000000000014 730.41500854492199 165.41500091552737 7.8500001430511483 -1.0000000180025095e-35 0.60354998707771312 18.750000000000004 3.4650000333786015 1016.1499938964845 82.500000000000014 0.78654998540878307 0.10500000044703485 20.349999427795414
decision_type=2 2 2 2 2 2 2 2 2 2 2 2 2 2 2 2 2 2 2 2 2 2 2 2 2 2 2 2 2 2
left_child=2 4 3 10 5 7 -4 14 -9 12 21 19 20 -8 -2 16 -7 22 29 -6 -3 -1 23 -5 28 -15 -27 -21 -11 -13
right_child=1 9 6 17 11 15 13 8 -10 24 -12 18 -14 25 -16 -17 -18 -19 -20 27 -22 -23 -24 -25 -26 26 -28 -29 -30 -31
leaf_value=-0.33742487192153936 0.019287905921711434 0.0066634245745150443 -0.21861034594476225 -0.14969459672768912 0.019287905921711434 0.019287905921711434 -0.013887837574784099 0.34777316465973857 0.094975716350090444 0.03249435262246566 -0.046836107588288461 0.0027000341734636671 -0.013887837574784099 -0.059693291098603357 0.085121200752577619 0.019287905921711434 0.067332506946392798 -0.01681849963357241 -0.013887837574784099 -0.013887837574784099 0.027214686723814187 -0.23959604235919746 -0.16490674614906312 -0.057674437905454151 0.027214686723814187 -0.028255743796225277 -0.051166891535624454 0.0027000341734636671 0.10325526522383804 0.019287905921711434
leaf_weight=25 186 128 32 24 82 531 1305 40 201 22 22 196 2639 247 154 808 649 216 337 1002 276 74 21 157 50 196 218 391 84 868
leaf_count=25 186 128 32 24 82 531 1305 40 201 22 22 196 2639 247 154 808 649 216 337 1002 276 74 21 157 50 196 218 391 84 868
internal_value=-0.00338609 0.00533929 -0.033115 -0.0870863 0.0182337 0.0379846 -0.0185551 0.0811068 0.136934 -0.0138878 -0.224761 0.000591188 -0.0138878 -0.0152989 0.0415353 0.025382 0.040409 -0.047233 0.0161695 -0.0138878 0.0272147 -0.2643 -0.0797554 -0.069876 0.0683172 -0.0426237 -0.0324396 -0.0138878 0.088569 0.0192879
internal_weight=11181 8644 2537 539 5445 2569 1998 581 241 3199 121 2876 3043 1966 340 1988 1180 418 1401 1475 404 99 202 181 156 661 414 1393 106 1064
internal_count=11181 8644 2537 539 5445 2569 1998 581 241 3199 121 2876 3043 1966 340 1988 1180 418 1401 1475 404 99 202 181 156 661 414 1393 106 1064
is_linear=0
shrinkage=0.05


Tree=36
num_leaves=31
num_cat=0
split_feature=5 18 8 11 7 24 4 2 7 18 12 24 7 11 7 18 1 18 20 21 9 5 0 7 18 24 0 17 4 20
split_gain=1037.14 821.397 1249.47 687.772 581.122 820.676 797.78 538.137 456.57 443.616 394.087 385.884 458.763 269.666 239.729 367.07 188.459 188.188 255.054 166.421 160.995 176.491 157.229 151.448 141.671 136.641 622.013 180.718 127.898 110.025
threshold=-0.10500000044703482 3.3500000238418584 269.50000000000006 -0.60784998536109913 1022.7500000000001 75.415000915527358 0.51499998569488536 4.0450000762939462 1018.5499877929689 1.0500000119209292 0.81174999475479137 37.084999084472663 1025.6499633789065 -1.0000000180025095e-35 1015.9500122070314 20.650000572204593 92.500000000000014 20.150000572204593 12.150000095367433 21.050000190734867 0.60354998707771312 0.32500000298023229 21.44999980926514 1021.3500061035157 2.2500000000000004 133.75000000000003 21.050000190734867 0.11850000172853471 -1.314999997615814 14.550000190734865
decision_type=2 2 2 2 2 2 2 2 2 2 2 2 2 2 2 2 2 2 2 2 2 2 2 2 2 2 2 2 2 2
left_child=1 2 -1 25 5 6 -5 -7 10 -4 14 12 -10 28 24 16 -16 -6 -19 20 23 -22 -17 -13 -2 26 -3 -28 -11 -26
right_child=8 3 9 4 17 7 -8 -9 11 13 -12 19 -14 -15 15 22 -18 18 -20 -21 21 -23 -24 -25 29 -27 27 -29 -30 -31
leaf_value=-0.23866811921631081 -0.066820220028360688 0.0090103167097346868 -0.21475284929786409 0.21905868536679543 -0.0091128460403848387 0.037785004947672549 0.064473103265529949 -0.0032552110784624826 0.024686136945200495 -0.028957530831297242 -0.056057300033228501 -0.014286474373776732 0.28865183128975336 -0.0091128460403848387 -0.037157538189223648 0.043896431856880434 0.043896431856880434 0.0381436232651736 0.1986292096876329 0.022769786901118465 -0.11822147065630327 -0.048589167679061317 0.16024301222392492 -0.042560541923842551 0.051125576199469336 -0.0091128460403848387 0.086240956996694026 0.2208798153532876 -0.087389974608211907 0.12836335940381227
leaf_weight=69 21 164 28 107 460 2499 248 1174 46 255 201 799 20 555 303 20 85 41 31 114 104 728 49 1163 211 1362 81 36 148 59
leaf_count=69 21 164 28 107 460 2499 248 1174 46 255 201 799 20 555 303 20 85 41 31 114 104 728 49 1163 211 1362 81 36 148 59
internal_value=-0.00338386 0.0078118 -0.0329744 0.0147487 0.0248222 0.0316837 0.104279 0.0246673 -0.0240971 -0.01858 0.00609905 -0.0337327 0.0858183 -0.0128463 0.0228015 0.000214007 -0.0186831 -0.00911285 0.0854001 -0.036446 -0.0388621 -0.0572932 0.106476 -0.0310463 0.0582739 -0.00911285 0.0271335 0.127668 -0.0504166 0.0680035
internal_weight=11181 7258 1055 6203 4560 4028 355 3673 3923 986 949 2974 66 958 748 457 388 532 72 2908 2794 832 69 1962 291 1643 281 117 403 270
internal_count=11181 7258 1055 6203 4560 4028 355 3673 3923 986 949 2974 66 958 748 457 388 532 72 2908 2794 832 69 1962 291 1643 281 117 403 270
is_linear=0
shrinkage=0.05


Tree=37
num_leaves=28
num_cat=0
split_feature=7 18 5 0 5 2 10 7 0 0 2 11 1 2 2 23 7 23 24 18 20 2 18 5 24 24 18
split_gain=967.712 1066.87 805.378 717.754 816.439 618.378 481.278 479.01 380.832 377.268 251.914 238.493 164.693 141.643 132.034 118.08 112.401 104.287 103.25 84.4058 71.3105 44.0687 27.548 27.1619 16.2089 12.5796 5.28557
threshold=1027.850036621094 4.1499998569488534 -0.50499999523162831 23.349999427795414 0.2650000005960465 2.9850000143051152 -0.78654998540878285 1021.0499877929689 22.650000572204593 24.849999427795414 0.81999999284744274 1.0000000180025095e-35 98.500000000000014 5.3199999332427987 5.1250000000000009 66.500000000000014 1025.850036621094 76.500000000000014 165.41500091552737 3.5499999523162846 7.8500001430511483 3.5699999332427983 2.0499999523162846 0.10500000044703485 441.25000000000006 395.41499328613287 1.5500000119209292
decision_type=2 2 2 2 2 2 2 2 2 2 2 2 2 2 2 2 2 2 2 2 2 2 2 2 2 2 2
left_child=1 3 5 4 8 6 7 -3 15 10 20 18 -8 -13 26 -1 22 -18 -7 -10 -4 23 -6 -11 -16 -23 -5
right_child=-2 2 9 14 16 11 12 -9 19 21 -12 13 -14 -15 24 -17 17 -19 -20 -21 -22 25 -24 -25 -26 -27 -28
leaf_value=-0.2501703718588848 0.32791396975517273 0.10946589711872448 0.0053203975844254986 -0.027865254900829729 -0.074844334144440902 0.01698244104426239 0.020290012348614769 0.01698244104426239 -0.13939716034617874 0.055642216354289988 -0.01418715791827584 0.01698244104426239 0.13292809688683713 -0.01418715791827584 -0.027865254900829729 -0.13939716034617874 -0.16451018500972439 -0.041543351883383622 -0.01418715791827584 -0.041543351883383622 0.024827953087126837 0.055642216354289988 -0.041543351883383622 0.098635669637329976 -0.041543351883383622 0.024827953087126837 -0.01418715791827584
leaf_weight=87 22 360 128 75 63 82 1955 221 21 22 2639 1159 33 242 21 23 37 28 1393 28 276 21 600 79 361 34 1171
leaf_count=87 22 360 128 75 63 82 1955 221 21 22 2639 1159 33 242 21 23 37 28 1393 28 276 21 600 79 361 34 1171
internal_value=-0.00337279 -0.00402592 0.00431329 -0.0326876 -0.0688995 0.0160309 0.0338592 0.0738911 -0.171544 -0.0141872 -0.0141872 0.000105668 0.0221598 0.0148794 -0.0141872 -0.223191 -0.0464812 -0.109339 -0.0139269 -0.0556035 0.024828 0.0638431 -0.0415434 0.0834538 -0.0415434 0.0278306 -0.0141872
internal_weight=11181 11159 8644 2515 887 5445 2569 581 159 3199 3043 2876 1988 1401 1628 110 728 65 1475 49 404 156 663 101 382 55 1246
internal_count=11181 11159 8644 2515 887 5445 2569 581 159 3199 3043 2876 1988 1401 1628 110 728 65 1475 49 404 156 663 101 382 55 1246
is_linear=0
shrinkage=0.05


Tree=38
num_leaves=23
num_cat=0
split_feature=7 7 2 11 20 24 18 17 10 24 7 2 18 6 4 11 6 12 17 20 10 18
split_gain=873.631 987.34 1022.56 848.997 725.208 707.145 435.857 304.907 248.588 296.266 232.707 232.603 137.497 124.581 114.647 84.0239 66.6321 32.0389 29.0866 28.6475 26.4574 4.02263
threshold=1027.850036621094 1022.6499938964845 4.0699999332427987 -0.60784998536109913 6.0499999523162851 84.58499908447267 22.150000572204593 0.11850000172853471 0.78654998540878307 32.08500003814698 1025.049987792969 5.4849998950958261 11.34999990463257 637.50000000000011 -0.94499999284744252 1.0000000180025095e-35 812.50000000000011 0.81174999475479137 0.11450000107288362 6.8500001430511483 0.78654998540878307 23.550000190734867
decision_type=2 2 2 2 2 2 2 2 2 2 2 2 2 2 2 2 2 2 2 2 2 2
left_child=1 2 3 -1 -5 -6 8 21 9 -3 -11 13 14 19 -10 -15 17 -13 -14 -4 -18 -8
right_child=-2 6 11 4 5 -7 7 -9 12 10 -12 16 18 15 -16 -17 20 -19 -20 -21 -22 -23
leaf_value=-0.0022492943320951489 0.31151827248660002 0.023220544940421264 -0.012416592180219919 -0.0022492943320951489 0.095177779809681257 0.028575320191224631 0.023220544940421264 0.21637291525091445 -0.069891598451515449 -0.045407922624592256 -0.0966138216693678 -0.027301410909638703 -0.0012259853755159297 -0.027301410909638703 -0.0075670644826087074 -0.012416592180219919 -0.054390844562762108 -0.043638368007871152 0.023220544940421264 -0.0022492943320951489 -0.10662822723388672 0.062326379865407948
leaf_weight=1709 22 57 320 387 451 3426 21 28 104 1099 278 357 49 765 254 519 358 78 77 775 26 21
leaf_count=1709 22 57 320 387 451 3426 21 28 104 1099 278 357 49 765 254 519 358 78 77 775 26 21
internal_value=-0.00325291 -0.00387348 0.00305105 0.0152676 0.0282071 0.036323 -0.0358176 0.0867313 -0.0402902 -0.0507478 -0.0557458 -0.0197662 -0.00930619 -0.0118543 -0.0256725 -0.0225839 -0.0427486 -0.029349 0.0232205 -0.00224929 -0.0579278 0.0232205
internal_weight=11181 11159 9171 5973 4264 3877 1988 70 1918 1434 1377 3198 484 2379 358 1284 819 435 126 1095 384 42
internal_count=11181 11159 9171 5973 4264 3877 1988 70 1918 1434 1377 3198 484 2379 358 1284 819 435 126 1095 384 42
is_linear=0
shrinkage=0.05


Tree=39
num_leaves=31
num_cat=0
split_feature=5 11 2 23 10 12 7 12 12 24 7 9 24 20 20 0 24 7 18 1 0 21 9 6 18 18 7 18 10 23
split_gain=795.726 622.178 583.762 495.6 393.792 391.852 375.998 332.215 330.545 310.754 393.407 271.604 334.465 346.739 226.522 215.773 213.848 213.367 317.083 161.072 147.738 137.754 151.734 150.354 135.814 135.36 125.035 124.784 104.574 99.0195
threshold=-0.10500000044703482 -0.60784998536109913 3.5699999332427983 85.500000000000014 -0.6035499870777129 0.81174999475479137 1018.5499877929689 0.81174999475479137 0.81174999475479137 37.084999084472663 1025.6499633789065 0.78654998540878307 527.91500854492199 10.250000000000002 10.449999809265138 20.750000000000004 376.25000000000006 1015.9500122070314 20.650000572204593 92.500000000000014 21.650000572204593 21.050000190734867 0.3793999999761582 1002.5000000000001 7.2500000000000009 5.9500000476837167 1018.8500061035157 2.2500000000000004 -1.0000000180025095e-35 44.500000000000007
decision_type=2 2 2 2 2 2 2 2 2 2 2 2 2 2 2 2 2 2 2 2 2 2 2 2 2 2 2 2 2 2
left_child=1 11 3 4 5 -3 7 17 -5 10 -8 12 13 -1 -6 -15 -4 27 19 -19 -20 22 23 -11 -18 -13 -24 -2 -29 -9
right_child=6 2 16 8 14 -7 9 29 -10 21 -12 25 -14 15 -16 -17 24 18 20 -21 -22 -23 26 -25 -26 -27 -28 28 -30 -31
leaf_value=-0.013236005928151601 -0.062592252095540368 0.071345475066915631 0.011976020033567418 0.085683737089973691 0.011976020033567418 0.011976020033567418 0.022286570495593142 -0.12374324378018316 0.24175686886970033 -0.018730522474615395 0.26540663727559149 -0.18330043107271196 -0.03689615733866744 0.013755429433892356 0.037885575474209426 0.062855215455920557 -0.024324900232522473 -0.034604552411397448 0.040634211082387059 0.040634211082387059 0.15269486010074618 0.021302098083195456 -0.11722511316183955 -0.057859253893396273 -0.00029227164422569523 -0.049484829451351187 -0.04517278987323662 0.093265493161377166 0.03092154695498427 -0.034115418195267394
leaf_weight=445 21 717 245 41 1329 212 46 38 47 1416 20 20 629 107 856 367 1083 303 21 85 48 114 64 297 817 343 1017 143 127 163
leaf_count=445 21 717 245 41 1329 212 46 38 47 1416 20 20 629 107 856 367 1083 303 21 85 48 114 64 297 817 343 1017 143 127 163
internal_value=-0.00325057 0.00655589 0.0153076 0.0288295 0.0255227 0.0527912 -0.0213936 0.0060089 0.145845 -0.0301378 0.0771458 -0.0179316 -0.00880355 0.0104241 0.0139289 0.0407469 -0.00487742 0.0213443 3.48804e-05 -0.0175285 0.0987969 -0.0325727 -0.0347708 -0.0255147 -0.0125606 -0.0568576 -0.0494386 0.0548095 0.0639407 -0.05106
internal_weight=11181 7258 5347 3202 3114 929 3923 949 88 2974 66 1911 1548 919 2185 474 2145 748 457 388 69 2908 2794 1713 1900 363 1081 291 270 201
internal_count=11181 7258 5347 3202 3114 929 3923 949 88 2974 66 1911 1548 919 2185 474 2145 748 457 388 69 2908 2794 1713 1900 363 1081 291 270 201
is_linear=0
shrinkage=0.05


Tree=40
num_leaves=30
num_cat=0
split_feature=18 23 24 7 0 5 11 18 7 7 20 7 7 12 0 11 9 24 12 23 18 18 18 1 3 7 10 0 7
split_gain=762.396 743.058 741.903 1066.82 664.674 629.708 439.877 310.848 310.368 277.627 236.191 206.624 241.978 179.31 171.455 168.547 166.431 269.533 146.102 78.4629 76.1864 73.2779 57.7052 54.8018 35.9767 22.3926 8.90819 0.493897 0.162037
threshold=2.8500000238418584 66.500000000000014 109.58499908447267 1026.850036621094 21.050000190734867 -0.40500000119209284 -0.60784998536109913 1.3499999642372134 1022.9500122070314 1015.9500122070314 5.2500000000000009 1023.4500122070314 1022.0499877929689 -0.56175000965595234 18.150000572204593 -1.0000000180025095e-35 1.0000000180025095e-35 527.91500854492199 0.81174999475479137 98.500000000000014 2.2500000000000004 20.650000572204593 11.34999990463257 53.500000000000007 41.500000000000007 1021.6499938964845 0.78654998540878307 22.849999427795414 1024.7500000000002
decision_type=2 2 2 2 2 2 2 2 2 2 2 2 2 2 2 2 2 2 2 2 2 2 2 2 2 2 2 2 2
left_child=1 20 3 4 13 6 16 23 10 18 -8 12 -6 14 -2 19 17 -4 -7 24 -1 -11 -10 28 -9 -21 -23 -17 -3
right_child=2 7 5 -5 11 9 8 15 22 21 -12 -13 -14 -15 -16 27 -18 -19 -20 25 -22 26 -24 -25 -26 -27 -28 -29 -30
leaf_value=-0.26522886912027993 0.01681646862725444 -0.071823653417471142 0.01681646862725444 0.39965012311935427 0.095796792463082051 0.01681646862725444 -0.019444345252012597 -0.040997581829457258 -0.019444345252012597 -0.019444345252012597 0.01681646862725444 0.055091133811008677 0.23223561588171365 0.01681646862725444 0.055091133811008677 -0.049477017931640152 -0.019444345252012597 -0.019444345252012597 -0.019444345252012597 -0.019444345252012597 -0.15513546805490147 -0.0013139383123790774 0.01681646862725444 -0.1194196666056804 -0.071823653417471142 -0.039975627269611069 0.01681646862725444 -0.019444345252012597 -0.086815249919891369
leaf_weight=30 159 20 414 20 267 245 207 146 250 2844 3406 25 37 574 169 170 632 389 86 65 33 57 68 38 235 42 100 430 23
leaf_count=30 159 20 414 20 267 245 207 146 250 2844 3406 25 37 574 169 170 632 389 86 65 33 57 68 38 235 42 100 430 23
internal_value=-0.00319028 -0.0402929 0.00140419 0.0374069 0.0315215 -0.00377394 0.00685054 -0.0312784 0.0154999 -0.0194443 0.0168165 0.0933658 0.112403 0.0168165 0.0550911 -0.0242276 -0.0168433 0.00358267 0.0168165 -0.0496845 -0.207561 -0.0194443 -0.0194443 -0.11942 -0.0605069 -0.0194443 0.0168165 -0.0194443 -0.0718237
internal_weight=11181 1232 9949 1251 1231 8698 5366 1169 3931 3332 3613 329 304 902 328 1088 1435 803 331 488 63 3001 318 81 381 107 157 600 43
internal_count=11181 1232 9949 1251 1231 8698 5366 1169 3931 3332 3613 329 304 902 328 1088 1435 803 331 488 63 3001 318 81 381 107 157 600 43
is_linear=0
shrinkage=0.05


Tree=41
num_leaves=22
num_cat=0
split_feature=7 7 2 11 20 10 18 17 10 24 7 2 18 4 6 14 14 6 20 5 17
split_gain=708.687 811.864 785.536 692.033 628.005 595.451 348.513 276.872 225.378 238.529 210.333 204.866 116.772 103.434 94.0312 74.6294 60.5567 61.3455 22.0905 18.7766 17.482
threshold=1027.850036621094 1022.6499938964845 4.0699999332427987 -0.60784998536109913 6.0499999523162851 -0.91595000028610218 22.150000572204593 0.11850000172853471 0.78654998540878307 32.08500003814698 1025.049987792969 5.4849998950958261 11.34999990463257 -0.94499999284744252 637.50000000000011 48.000000000000007 55.000000000000007 867.50000000000011 6.8500001430511483 5.1949999332427987 0.11450000107288362
decision_type=2 2 2 2 2 2 2 2 2 2 2 2 2 2 2 2 2 2 2 2 2
left_child=1 2 3 -1 -5 -6 8 -8 9 -3 -11 14 13 -10 18 -16 17 -13 -4 -18 -14
right_child=-2 6 11 4 5 -7 7 -9 12 10 -12 16 20 -15 15 -17 19 -19 -20 -21 -22
leaf_value=-0.0020573307941244346 0.28037135817787867 0.020134676458560097 -0.010710840649933105 -0.0020573307941244346 0.088415172651288246 0.025887474836616232 0.020134676458560097 0.20119816192558837 -0.064554476772005168 -0.041261520127428349 -0.089943686833765565 -0.024482074193755067 -0.001209355455523327 -0.0053560909213806237 -0.010710840649933105 -0.024482074193755067 -0.063607154090019477 -0.05351786377412357 -0.0020573307941244346 -0.11847463435140149 0.020134676458560097
leaf_weight=1709 22 57 320 387 428 3449 42 28 104 1099 278 476 49 254 790 494 22 292 775 29 77
leaf_count=1709 22 57 320 387 428 3449 42 28 104 1099 278 476 49 254 790 494 22 292 775 29 77
internal_value=-0.00313192 -0.00369085 0.00258827 0.0132958 0.0250708 0.0327902 -0.0326576 0.0769263 -0.036657 -0.0466145 -0.0510899 -0.0174104 -0.00715482 -0.0225534 -0.00998518 -0.0193644 -0.038979 -0.0354754 -0.00205733 -0.0917389 0.0201347
internal_weight=11181 11159 9171 5973 4264 3877 1988 70 1918 1434 1377 3198 484 358 2379 1284 819 768 1095 51 126
internal_count=11181 11159 9171 5973 4264 3877 1988 70 1918 1434 1377 3198 484 358 2379 1284 819 768 1095 51 126
is_linear=0
shrinkage=0.05


Tree=42
num_leaves=31
num_cat=0
split_feature=7 2 7 10 17 9 3 7 18 8 24 5 1 7 2 2 17 24 6 4 14 14 6 1 20 1 5 24 18 14
split_gain=642.877 798.058 730.949 575.763 528.394 432.934 349.274 328.216 319.639 318.453 288.053 245.866 238.877 212.221 211.386 153.94 140.629 107.07 84.2073 82.2934 68.5135 57.796 52.3493 44.1249 30.9451 30.9074 17.2316 16.1638 13.2736 12.7807
threshold=1020.8500061035157 4.0699999332427987 1027.850036621094 -0.98295000195503224 0.15550000220537188 0.78654998540878307 276.50000000000006 1013.6499938964845 4.3500001430511483 520.50000000000011 88.750000000000014 -3.0149999856948848 80.500000000000014 1019.6499938964845 0.70500001311302196 5.4849998950958261 0.12949999421834948 290.41499328613287 587.50000000000011 0.28499999642372137 48.000000000000007 55.000000000000007 827.50000000000011 73.500000000000014 6.8500001430511483 88.500000000000014 5.1949999332427987 937.08499145507824 3.4500000476837163 33.000000000000007
decision_type=2 2 2 2 2 2 2 2 2 2 2 2 2 2 2 2 2 2 2 2 2 2 2 2 2 2 2 2 2 2
left_child=1 3 4 10 6 7 11 -5 -8 -9 -1 17 -10 19 -13 18 -7 -2 24 -12 28 22 27 -15 -3 -18 -23 -17 -20 -24
right_child=2 15 -4 5 -6 16 8 9 12 -11 13 14 -14 23 -16 21 25 -19 20 -21 -22 26 29 -25 -26 -27 -28 -29 -30 -31
leaf_value=0.28488695839686051 0.084516889246864346 -0.0083294136015983639 0.26635279872200707 0.00082850252666175073 0.19356067627668383 0.00082850252666175073 -0.16139121000413542 0.024014474217371073 0.073749931059332932 0.068314945805462587 0.078925791332277215 0.031244552162076746 -0.00097250904186677088 0.11026997383683922 -0.038969276626656814 -0.022386278856212343 0.1204736739397049 0.003659300939465056 -0.015357846228905354 0.00082850252666175073 -0.022386278856212343 -0.059402204254280867 -0.035263583769674034 0.18520307191667748 0.00082850252666175073 0.058261668742742648 -0.11255090339430447 -0.035263583769674034 -0.0083294136015983639 -0.053487796716702486
leaf_weight=21 40 251 22 352 28 1214 27 2480 134 485 59 112 530 20 2498 308 26 98 279 31 492 22 48 22 651 86 29 82 494 240
leaf_count=21 40 251 22 352 28 1214 27 2480 134 485 59 112 530 20 2498 308 26 98 279 31 492 22 48 22 651 86 29 82 494 240
internal_value=-0.00314079 0.00493387 -0.0209425 0.0174488 -0.0227656 0.0143039 -0.0245269 0.0249216 0.00724964 0.0312609 0.112883 -0.0325173 0.014107 0.0855192 -0.0359563 -0.0157918 0.000828503 0.0325244 -0.00910554 0.04221 -0.0174873 -0.035667 -0.0318058 0.178325 0.000828503 0.0727037 -0.0869986 -0.0223863 -0.00832941 -0.0481409
internal_weight=11181 7692 3489 4796 3467 4643 3439 3317 691 2965 153 2748 664 132 2610 2896 1326 138 2167 90 1265 729 678 42 902 112 51 390 773 288
internal_count=11181 7692 3489 4796 3467 4643 3439 3317 691 2965 153 2748 664 132 2610 2896 1326 138 2167 90 1265 729 678 42 902 112 51 390 773 288
is_linear=0
shrinkage=0.05


Tree=43
num_leaves=28
num_cat=0
split_feature=18 23 9 24 24 7 0 2 18 21 11 0 6 11 1 20 23 18 3 11 1 3 5 11 1 7 3
split_gain=613.61 673.915 658.677 820.361 383.714 444.749 343.298 334.632 292.847 280.095 422.122 261.259 223.657 145.971 141.118 81.3074 73.8172 69.4392 56.0006 54.4301 52.3749 33.6869 21.0923 17.8445 92.0431 17.5383 11.6296
threshold=2.8500000238418584 66.500000000000014 0.78654998540878307 511.25000000000006 52.915000915527351 1026.350036621094 21.650000572204593 2.9550000429153447 1.3499999642372134 18.44999980926514 1.0000000180025095e-35 20.44999980926514 442.50000000000006 -1.0000000180025095e-35 89.500000000000014 10.650000095367433 98.500000000000014 2.2500000000000004 314.50000000000006 -0.60784998536109913 53.500000000000007 41.500000000000007 3.8950001001358037 0.87834998965263378 88.500000000000014 1021.6499938964845 308.50000000000006
decision_type=2 2 2 2 2 2 2 2 2 2 2 2 2 2 2 2 2 2 2 2 2 2 2 2 2 2 2
left_child=1 17 3 4 5 11 18 -8 20 23 -11 -2 19 16 -12 -14 21 -1 -6 -5 -3 -10 -17 -4 -25 -18 -16
right_child=2 8 9 12 6 -7 7 -9 13 10 14 -13 15 -15 26 22 25 -19 -20 -21 -22 -23 -24 24 -26 -27 -28
leaf_value=-0.25075712561607361 0.051756674927570925 -0.066364930817980144 -0.017702262665813498 -0.0045798684566796715 0.0075912359940211449 0.28377809581160546 0.051756674927570925 0.020458794923039893 -0.037158417023003924 0.017399588658545375 0.22068108250113094 0.13790481955959247 -0.017702262665813498 -0.017702262665813498 0.056484718732535848 -0.0045798684566796715 -0.017702262665813498 -0.14565171942566379 0.020458794923039893 0.0075912359940211449 -0.11176162037492954 -0.066364930817980144 -0.011141065561246586 -0.017702262665813498 0.017399588658545375 -0.036889759241012302 0.10861722671467325
leaf_weight=30 137 43 1848 272 901 25 1040 1109 146 77 34 91 1807 600 20 616 65 33 658 785 38 235 187 103 216 42 23
leaf_count=30 137 43 1848 272 901 25 1040 1109 146 77 34 91 1807 600 20 616 65 33 658 785 38 235 187 103 216 42 23
internal_value=-0.00312024 -0.0364061 0.00100161 0.00822369 0.0240005 0.0835778 0.0199355 0.0333264 -0.0278213 -0.0177023 0.0525014 0.061626 -0.00881806 -0.0209682 0.144559 -0.016751 -0.0454797 -0.195702 0.00759124 0.00759124 -0.111762 -0.0560773 -0.00457987 -0.0177023 0.0118193 -0.0177023 0.0843695
internal_weight=11181 1232 9949 7628 3961 253 3708 2149 1169 2321 154 228 3667 1088 77 2610 488 63 1559 1057 81 381 803 2167 319 107 43
internal_count=11181 1232 9949 7628 3961 253 3708 2149 1169 2321 154 228 3667 1088 77 2610 488 63 1559 1057 81 381 803 2167 319 107 43
is_linear=0
shrinkage=0.05


Tree=44
num_leaves=31
num_cat=0
split_feature=7 2 7 10 17 9 7 20 24 8 24 11 7 7 4 6 2 17 4 6 0 14 14 6 1 17 20 24 5 14
split_gain=565.984 658.463 637.754 506.872 456.114 381.51 301.04 296.54 316.131 291.276 256.669 214.394 341.447 196.468 145.012 141.392 135.667 96.4802 74.4619 71.8576 62.4481 61.8227 53.1183 46.7219 39.2186 25.1137 21.9727 19.4959 15.7308 15.2153
threshold=1020.8500061035157 4.0699999332427987 1027.850036621094 -0.98295000195503224 0.15550000220537188 0.78654998540878307 1013.6499938964845 10.449999809265138 42.915000915527351 503.50000000000006 88.750000000000014 1.0000000180025095e-35 1024.1499633789065 1019.6499938964845 1.294999957084656 317.50000000000006 5.3750000000000009 0.12949999421834948 0.28499999642372137 587.50000000000011 18.150000572204593 55.000000000000007 48.000000000000007 827.50000000000011 73.500000000000014 0.14999999850988391 6.8500001430511483 937.08499145507824 5.1949999332427987 33.000000000000007
decision_type=2 2 2 2 2 2 2 2 2 2 2 2 2 2 2 2 2 2 2 2 2 2 2 2 2 2 2 2 2 2
left_child=1 3 4 10 7 6 -5 11 20 -8 -1 12 -2 18 -13 -10 19 -7 -12 26 -9 23 -21 27 -15 -19 -3 -18 -23 -25
right_child=2 16 -4 5 -6 17 9 8 15 -11 13 14 -14 24 -16 -17 21 25 -20 22 -22 28 -24 29 -26 -27 -28 -29 -30 -31
leaf_value=0.26764455416372845 -0.035882659603551442 -0.0074821904167747845 0.24844651059670883 0.00064080795402675784 0.1793738087905305 0.00064080795402675784 0.022016120043409415 0.034373471443241224 0.013082881404086947 0.064004917474531173 0.07316085431030242 -0.017683288020230854 -0.10632294240819579 0.10318582318723202 -0.053730356114445835 -0.017683288020230854 -0.01934362834509009 0.05159707091349576 0.00064080795402675784 -0.0074821904167747845 0.078062387967426358 -0.055012142452700391 -0.01934362834509009 -0.031036847172213888 0.17354746803891286 0.10627544500998087 0.00064080795402675784 -0.031036847172213888 -0.10709096357740205 -0.048861287939948893
leaf_weight=21 995 237 22 352 28 1214 2469 25 450 496 59 847 208 20 279 585 378 84 31 721 50 29 469 58 22 28 617 104 29 254
leaf_count=21 995 237 22 352 28 1214 2469 25 450 496 59 847 208 20 279 585 378 84 31 721 50 29 469 58 22 28 617 104 29 254
internal_value=-0.00320651 0.00436988 -0.0199098 0.0157377 -0.0216126 0.012787 0.022868 -0.023249 -0.0019814 0.0290402 0.105281 -0.0333852 -0.0480619 0.0794504 -0.0177048 -0.00931545 -0.0144561 0.000640808 0.0377795 -0.00746911 0.0780624 -0.0312181 -0.0156052 -0.0275779 0.168745 0.0652667 0.000640808 -0.0193436 -0.0810516 -0.0427301
internal_weight=11181 7692 3489 4796 3467 4643 3317 3439 1110 2965 153 2329 1203 132 1126 1035 2896 1326 90 2044 75 852 1190 794 42 112 854 482 58 312
internal_count=11181 7692 3489 4796 3467 4643 3317 3439 1110 2965 153 2329 1203 132 1126 1035 2896 1326 90 2044 75 852 1190 794 42 112 854 482 58 312
is_linear=0
shrinkage=0.05


Tree=45
num_leaves=31
num_cat=0
split_feature=5 18 1 7 7 10 23 21 7 20 18 9 2 1 8 7 0 4 18 24 11 23 7 11 14 1 5 7 9 18
split_gain=529.207 507.415 969.348 433.293 416.371 495.645 444.788 329.72 348.3 267.652 248.135 235.722 235.612 215.822 358.826 209.582 138.08 125.518 115.324 127.252 115.125 110.695 103.392 102.781 86.3272 81.9125 72.2986 61.7636 49.3629 33.1764
threshold=-0.4549999982118606 3.3500000238418584 76.500000000000014 1015.5499877929689 1023.2500000000001 -0.91595000028610218 61.500000000000007 23.94999980926514 1018.5499877929689 6.0499999523162851 1.0500000119209292 0.60354998707771312 1.1800000071525576 88.500000000000014 1.5000000000000002 1018.8500061035157 23.44999980926514 -1.2849999666213987 19.150000572204593 419.58500671386724 -1.0000000180025095e-35 31.500000000000004 1021.6499938964845 -0.87834998965263356 48.000000000000007 84.500000000000014 0.75499999523162853 1020.6499938964845 0.3793999999761582 11.949999809265138
decision_type=2 2 2 2 2 2 2 2 2 2 2 2 2 2 2 2 2 2 2 2 2 2 2 2 2 2 2 2 2 2
left_child=1 2 10 18 5 6 -5 8 13 -7 -1 12 25 14 21 -13 -16 -4 -3 28 23 -2 -14 -12 27 -10 -17 -9 -20 -15
right_child=7 3 17 4 -6 9 -8 24 11 -11 20 15 22 29 16 26 -18 -19 19 -21 -22 -23 -24 -25 -26 -27 -28 -29 -30 -31
leaf_value=-0.16449752107814508 -0.15734349058734046 -0.0081632259862798959 -0.12592454353968305 0.035653693771799257 -0.0081632259862798959 -0.0081632259862798959 0.12678542891290132 0.063535503928631248 0.024747574889434933 0.022081847097856766 -0.0081632259862798959 -0.135888039829239 -0.011569432138568102 -0.022005789108009322 -0.018548876344077831 -0.063155338655205381 0.024747574889434933 -0.27824105871351146 0.14369172210494677 0.018475458896904374 -0.0081632259862798959 -0.049486186779569841 -0.034548517220275542 -0.050653543655233862 0.024747574889434933 0.00031199977969611635 -0.032354341588186612 0.15388704189099373 0.057546239254479971 0.024747574889434933
leaf_weight=27 27 1387 21 386 479 184 205 39 135 3109 78 63 896 89 207 272 238 38 30 46 532 200 1079 305 39 128 636 32 35 239
leaf_count=27 27 1387 21 386 479 184 205 39 135 3109 78 63 896 89 207 272 238 38 30 46 532 200 1079 305 39 128 636 32 35 239
internal_value=-0.0031527 0.00547726 -0.0274227 0.0110962 0.01916 0.0251029 0.0672645 -0.0168639 -0.0190973 0.0175361 -0.0151089 -0.0271265 -0.0182003 0.00666841 -0.0111593 -0.0476999 0.0149359 -0.224027 -0.00816323 0.0451141 -0.0107007 -0.062315 -0.0241236 -0.0358553 0.0685924 0.0247476 -0.0415811 0.102323 0.096617 0.0247476
internal_weight=11181 6862 1001 5861 4363 3884 591 4319 4209 3293 942 3209 2238 1000 672 971 445 59 1498 111 915 227 1975 383 110 263 908 71 65 328
internal_count=11181 6862 1001 5861 4363 3884 591 4319 4209 3293 942 3209 2238 1000 672 971 445 59 1498 111 915 227 1975 383 110 263 908 71 65 328
is_linear=0
shrinkage=0.05


Tree=46
num_leaves=31
num_cat=0
split_feature=11 7 7 2 21 24 23 0 24 21 18 5 18 11 8 20 11 7 2 21 3 1 5 18 5 9 24 4 5 10
split_gain=507.003 547.519 611.465 604.756 456.504 502.347 525.184 366.304 581.334 436.906 423.969 510.031 336.719 300.548 258.204 232.842 224.223 312.291 235.495 195.48 101.225 88.6153 84.0981 58.2264 56.0424 55.8476 54.4844 47.588 45.4492 34.2643
threshold=-0.60784998536109913 1022.9500122070314 1027.850036621094 4.6549999713897714 8.3499999046325701 88.750000000000014 61.500000000000007 22.150000572204593 307.08500671386724 12.84999990463257 5.2500000000000009 -0.13499999791383741 20.150000572204593 -0.87834998965263356 452.50000000000006 12.150000095367433 1.0000000180025095e-35 1024.7500000000002 1.1800000071525576 9.9499998092651385 101.50000000000001 90.500000000000014 5.3550000190734872 11.750000000000002 -1.1950000524520872 -0.37939999997615809 780.41500854492199 -0.14500000327825543 0.32500000298023229 -0.78654998540878285
decision_type=2 2 2 2 2 2 2 2 2 2 2 2 2 2 2 2 2 2 2 2 2 2 2 2 2 2 2 2 2 2
left_child=7 3 12 4 -2 6 -6 10 9 21 11 27 16 20 -7 -14 17 -3 -18 -12 -11 -9 26 -10 -15 -21 -5 -1 -13 -24
right_child=1 2 -4 22 5 14 -8 8 23 13 19 28 15 24 -16 -17 18 -19 -20 25 -22 -23 29 -25 -26 -27 -28 -29 -30 -31
leaf_value=-0.20536716997623447 -0.0001925646429386363 -0.040254760149918856 0.2365335914221677 -0.0043381450632574347 0.058536323094391773 0.012923595826258183 0.25693758239762648 0.01469329900127752 -0.021102349450725255 0.1162142244155531 -0.063761759773754478 -0.1301258378303968 0.018570662498020585 0.24563811570405961 0.046194217067533995 0.170239953994751 0.018570662498020585 -0.13795665605511104 -0.031786961481549254 -0.042432054612239867 0.057276674013302803 0.057276674013302803 -0.0001925646429386363 0.006788932212425317 0.13894412815570831 -0.021102349450725255 -0.024844800867541036 -0.31313427856990272 -0.063761759773754478 -0.054445017784557959
leaf_weight=20 915 337 22 732 454 3034 36 120 1074 77 251 26 42 32 710 35 114 108 730 160 87 50 22 188 20 832 581 21 162 189
leaf_count=20 915 337 22 732 454 3034 36 120 1074 77 251 26 42 32 710 35 114 108 730 160 87 50 22 188 20 832 581 21 162 189
internal_value=-0.00302036 0.0036036 -0.0249684 0.00954664 0.0177356 0.0255062 0.0731127 -0.0201344 -0.00394281 0.049753 -0.0382619 -0.100779 -0.02918 0.09986 0.0192757 0.0723887 -0.0352473 -0.0639667 -0.020105 -0.0267442 0.0666492 0.0146933 -0.0181208 -0.0203664 0.204602 -0.0211023 -0.0134123 -0.260565 -0.0659324 -0.0474204
internal_weight=11181 8061 1388 6673 5149 4234 490 3120 1648 386 1472 229 1366 216 3744 77 1289 445 844 1243 164 170 1524 1262 52 992 1313 41 188 211
internal_count=11181 8061 1388 6673 5149 4234 490 3120 1648 386 1472 229 1366 216 3744 77 1289 445 844 1243 164 170 1524 1262 52 992 1313 41 188 211
is_linear=0
shrinkage=0.05


Tree=47
num_leaves=31
num_cat=0
split_feature=9 24 7 18 11 17 20 18 24 12 11 1 12 17 1 18 11 24 7 5 10 0 1 18 20 10 6 23 7 3
split_gain=478.817 608.921 403.194 452.312 363.357 583.615 404.726 315.51 312.485 365.973 290.548 225.276 369.317 151.46 134.205 118.847 112.736 134.959 98.1471 96.8294 87.1936 73.0695 67.8402 52.7031 28.2755 27.7632 25.4554 22.5408 21.7508 19.3546
threshold=0.78654998540878307 712.08499145507824 1027.850036621094 3.8500000238418584 1.0000000180025095e-35 0.12550000101327899 4.6499998569488534 20.650000572204593 80.415000915527358 -0.56175000965595234 0.60784998536109935 97.500000000000014 -0.56175000965595234 0.14050000160932544 89.500000000000014 8.0500001907348651 -0.60784998536109913 862.08499145507824 1013.5499877929689 -1.0249999761581419 1.0000000180025095e-35 20.44999980926514 87.500000000000014 2.1499999761581425 7.6499998569488534 -1.0000000180025095e-35 747.50000000000011 67.500000000000014 1016.1499938964845 82.500000000000014
decision_type=2 2 2 2 2 2 2 2 2 2 2 2 2 2 2 2 2 2 2 2 2 2 2 2 2 2 2 2 2 2
left_child=1 2 3 -1 11 6 -6 22 9 -5 -10 13 -13 15 -7 19 27 26 -17 -2 -14 -9 -8 25 -25 -19 -18 -3 -29 -30
right_child=4 16 -4 8 5 14 7 21 10 -11 -12 12 20 -15 -16 18 17 23 -20 -21 -22 -23 -24 24 -26 -27 -28 28 29 -31
leaf_value=-0.0032248685578378324 -0.056220102625630909 -0.045917339898385423 0.22470690580931577 0.11337402885293831 -0.20978294372558595 0.20615144249270945 -0.036027481769279439 0.021422920447303206 0.0073982943972992037 0.034957187558831523 0.034348254367658572 0.16314387696129937 -0.099633075957817424 0.056720974698130582 0.073220759924761084 0.00029368824713552993 -0.0032248685578378324 -0.040975629123019393 -0.046133792006536375 -0.096342961005000186 0.022091525793075564 0.060292047129582804 -0.0058039962529027028 -0.035740759771169077 -0.014940903583971425 -0.092668877135623592 -0.014190424686821392 -0.036523801426420192 -0.0032248685578378324 -0.028618220509029926
leaf_weight=1152 130 295 22 184 25 34 302 62 3231 304 1261 35 31 35 43 135 558 122 726 215 28 57 482 220 635 33 476 112 86 150
leaf_count=1152 130 295 22 184 25 34 302 62 3231 304 1261 35 31 35 43 135 558 122 726 215 28 57 482 220 635 33 476 112 86 150
internal_value=-0.0029542 0.00236898 0.0110397 0.0102731 -0.0230663 -0.0003579 -0.0113333 -0.00583916 0.0180215 0.0560211 0.0138933 -0.0401614 0.0344678 -0.0458142 0.131917 -0.0487899 -0.0174894 -0.0117452 -0.0388542 -0.073586 -0.0418655 0.060292 -0.0174462 -0.025156 -0.0202929 -0.0519813 -0.00322487 -0.0357495 -0.0271303 -0.0175363
internal_weight=11181 8841 6154 6132 2340 1005 928 903 4980 488 4492 1335 94 1241 77 1206 2687 2044 861 345 59 119 784 1010 855 155 1034 643 348 236
internal_count=11181 8841 6154 6132 2340 1005 928 903 4980 488 4492 1335 94 1241 77 1206 2687 2044 861 345 59 119 784 1010 855 155 1034 643 348 236
is_linear=0
shrinkage=0.05


Tree=48
num_leaves=21
num_cat=0
split_feature=18 7 9 2 7 11 17 10 18 23 24 1 12 6 17 17 1 7 0 1
split_gain=464.077 723.384 435.686 509.742 521.817 342.628 518.743 332.555 329.994 274.869 223.086 202.746 333.309 191.036 190.236 136.395 121.12 37.3283 30.0529 21.899
threshold=1.5500000119209292 1027.850036621094 0.78654998540878307 2.9550000429153447 1020.8500061035157 1.0000000180025095e-35 0.12550000101327899 -0.98295000195503224 20.650000572204593 71.500000000000014 823.75000000000011 97.500000000000014 -0.56175000965595234 682.50000000000011 0.15550000220537188 0.14050000160932544 89.500000000000014 1014.9500122070314 25.550000190734867 54.500000000000007
decision_type=2 2 2 2 2 2 2 2 2 2 2 2 2 2 2 2 2 2 2 2
left_child=9 2 3 4 7 11 8 -2 -7 -1 13 15 -13 -5 -6 -4 -8 -12 19 -11
right_child=1 -3 5 10 14 6 16 -9 -10 18 17 12 -14 -15 -16 -17 -18 -19 -20 -21
leaf_value=-0.20919196707637688 0.12437109729707843 0.29867319256067276 -0.046241175324359146 0.0048476173006822137 0.0048476173006822137 -0.021321962917080294 0.19584386892178482 0.030423303920944667 0.057785815916015976 -0.069034937220158299 -0.038769524688277206 0.15498668330056328 -0.039772196234030242 -0.013289475766773536 0.15753009290035283 0.053884925993957694 0.069559721854450404 -0.01996314031499781 -0.048564515572141524 -0.12969972133636473
leaf_weight=38 99 20 1206 2150 1570 806 34 1941 119 25 369 35 59 1607 28 35 43 926 51 20
leaf_count=38 99 20 1206 2150 1570 806 34 1941 119 25 369 35 59 1607 28 35 43 926 51 20
internal_value=-0.00288048 -0.00175858 -0.00230348 0.00285055 0.0171209 -0.0214685 0.000629823 0.0349825 -0.00974992 -0.0953704 -0.00742571 -0.0380546 0.0327444 -0.00125708 0.00484762 -0.0434173 0.125322 -0.0253219 -0.0503161 -0.0895054
internal_weight=11181 11047 11027 8690 3638 2337 1002 2040 925 134 5052 1335 94 3757 1598 1241 77 1295 96 45
internal_count=11181 11047 11027 8690 3638 2337 1002 2040 925 134 5052 1335 94 3757 1598 1241 77 1295 96 45
is_linear=0
shrinkage=0.05


Tree=49
num_leaves=31
num_cat=0
split_feature=18 11 0 24 12 23 3 7 7 23 11 5 24 17 0 18 24 0 23 17 7 7 7 5 7 7 23 9 9 3
split_gain=419.054 442.287 432.943 430.165 581.542 483.356 427.679 321.704 247.759 230.193 211.181 362.035 183.715 372.206 235.695 149.523 145.584 141.417 114.207 103.673 55.9349 50.2874 37.949 28.5642 13.0962 27.7027 11.088 27.7857 4.67852 2.3689
threshold=5.3500001430511483 1.0000000180025095e-35 21.650000572204593 84.58499908447267 -0.56175000965595234 31.500000000000004 44.500000000000007 1026.350036621094 1022.0499877929689 58.500000000000007 -0.60784998536109913 -0.095000002533197389 195.41500091552737 0.12550000101327899 20.349999427795414 2.1499999761581425 828.75000000000011 21.050000190734867 69.500000000000014 0.11950000002980234 1026.2500000000002 1025.2500000000002 1021.2500000000001 0.37000000476837164 1016.8500061035157 1020.1499938964845 64.500000000000014 -0.37939999997615809 1.0000000180025095e-35 51.500000000000007
decision_type=2 2 2 2 2 2 2 2 2 2 2 2 2 2 2 2 2 2 2 2 2 2 2 2 2 2 2 2 2 2
left_child=2 3 6 4 5 21 22 8 12 -7 11 -8 13 -3 -14 18 -4 -6 -12 -19 -17 -2 -1 -13 -18 -26 -5 -28 -29 -27
right_child=1 7 16 26 17 9 10 -9 -10 -11 15 23 14 -15 -16 20 24 19 -20 -21 -22 -23 -24 -25 25 29 27 28 -30 -31
leaf_value=-0.24830249292509898 0.016111745168015307 0.031545494772393927 -0.0060998219582970642 -0.0060998219582970642 0.016111745168015307 0.13623945253590744 -0.27254170542177947 0.21355926096439362 -0.0060998219582970642 0.31368471810763537 -0.19580079466104508 -0.11500688880681992 -0.0060998219582970642 0.11750730575470586 0.025043741517039683 -0.025417304459578911 -0.025417304459578911 0.050880060020303958 -0.070086580376445981 0.13273696074528354 -0.070086580376445981 0.091190198246492188 -0.15324736386537552 -0.050787811414446937 -0.015758563208937988 -0.015758563208937988 0.00231661840297622 0.016111745168015307 0.00231661840297622 -0.025417304459578911
leaf_weight=21 43 465 1938 3075 254 108 23 21 376 22 24 20 435 146 1658 704 361 40 23 56 31 22 21 129 188 84 445 189 45 214
leaf_count=21 43 465 1938 3075 254 108 23 21 376 22 24 20 435 146 1658 704 361 40 23 56 31 22 21 129 188 84 445 189 45 214
internal_value=-0.00278848 0.00413067 -0.0163303 -0.00609982 0.0383233 0.110104 -0.0446224 0.0185239 0.0171941 0.166269 -0.0377478 -0.0879083 0.0230056 0.047127 0.015964 -0.026715 -0.0062122 0.0161117 -0.114756 0.0856484 -0.0254173 0.0161117 -0.200775 -0.0594078 -0.0254173 -0.0169849 -0.00609982 0.0107331 0.0161117 -0.0254173
internal_weight=11181 7400 3781 4299 545 195 996 3101 3080 130 954 172 2704 611 2093 782 2785 350 47 96 735 65 42 149 847 486 3754 679 234 298
internal_count=11181 7400 3781 4299 545 195 996 3101 3080 130 954 172 2704 611 2093 782 2785 350 47 96 735 65 42 149 847 486 3754 679 234 298
is_linear=0
shrinkage=0.05


Tree=50
num_leaves=20
num_cat=0
split_feature=18 7 5 20 7 7 7 12 8 21 23 11 20 10 0 10 1 18 5
split_gain=399.998 654.917 393.467 393.513 349.556 408.521 263.108 290.952 286.903 255.303 246.45 83.3041 80.6321 52.8103 27.0695 22.275 20.166 12.4991 7.59142
threshold=1.5500000119209292 1027.850036621094 -0.40500000119209284 5.2500000000000009 1013.9500122070314 1023.2500000000001 1015.9500122070314 0.81174999475479137 717.50000000000011 23.94999980926514 71.500000000000014 -0.87834998965263356 14.550000190734865 -0.91595000028610218 25.550000190734867 -1.0000000180025095e-35 54.500000000000007 4.2500000000000009 -3.2949999570846553
decision_type=2 2 2 2 2 2 2 2 2 2 2 2 2 2 2 2 2 2 2
left_child=10 2 3 13 11 -6 7 12 9 -8 -1 -5 -4 17 16 -9 -12 -2 -15
right_child=1 -3 6 4 5 -7 8 15 -10 -11 14 -13 -14 18 -16 -17 -18 -19 -20
leaf_value=-0.19650220674903771 -0.045270861923819107 0.28404452860355378 0.034742602960823619 0.010531301670083095 0.017529226458646154 -0.018668090655563234 -0.021596193115518785 -0.0074025277048349386 0.16587691378025782 0.058980619948873728 -0.064669343418607445 -0.018668090655563234 0.097823829855769873 -0.026746774487239441 -0.045270861923819107 -0.045270861923819107 -0.12128295521394823 -0.018668090655563234 -0.045270861923819107
leaf_weight=38 24 20 243 246 4933 561 3684 42 21 101 25 715 64 180 51 54 20 47 112
leaf_count=38 24 20 243 246 4933 561 3684 42 21 101 25 715 64 180 51 54 20 47 112
internal_value=-0.00285793 -0.00181636 -0.00233483 0.00508607 0.00793468 0.0128051 -0.0143557 0.0240619 -0.0184235 -0.0194461 -0.0887254 -0.0186681 0.0478931 -0.0452709 -0.0460637 -0.0452709 -0.0840678 -0.0186681 -0.0452709
internal_weight=11181 11047 11027 6818 6455 5494 4209 403 3806 3785 134 961 307 363 96 96 45 71 292
internal_count=11181 11047 11027 6818 6455 5494 4209 403 3806 3785 134 961 307 363 96 96 45 71 292
is_linear=0
shrinkage=0.05


Tree=51
num_leaves=31
num_cat=0
split_feature=11 7 20 2 7 10 11 18 0 24 21 18 5 11 4 11 7 2 17 21 3 5 3 1 20 9 23 18 3 5
split_gain=392.368 420.297 477.223 616.381 398.622 366.231 426.881 276.311 275.76 443.784 375.573 322.249 437.542 278.111 212.801 205.77 290.494 206.424 198.455 166.597 143.09 318.993 93.5794 74.2305 73.1518 66.4068 95.072 56.4851 54.5822 50.9581
threshold=-0.60784998536109913 1022.9500122070314 6.0499999523162851 4.0150001049041757 1027.850036621094 -0.6035499870777129 -1.0000000180025095e-35 20.150000572204593 22.150000572204593 307.08500671386724 12.84999990463257 5.2500000000000009 -0.13499999791383741 -0.87834998965263356 -3.2050000429153438 1.0000000180025095e-35 1025.049987792969 1.5950000286102297 0.11450000107288362 9.9499998092651385 262.50000000000006 -2.564999938011169 101.50000000000001 90.500000000000014 4.5499999523162851 0.91595000028610241 34.500000000000007 2.1499999761581425 43.500000000000007 -1.1950000524520872
decision_type=2 2 2 2 2 2 2 2 2 2 2 2 2 2 2 2 2 2 2 2 2 2 2 2 2 2 2 2 2 2
left_child=8 2 20 5 7 6 -4 15 11 10 23 12 -1 22 -7 16 -3 -17 -9 -13 25 -22 -12 -10 -23 27 -27 -2 -5 -15
right_child=1 4 3 28 -6 14 -8 18 9 -11 13 19 -14 29 -16 17 -18 -19 -20 -21 21 24 -24 -25 -26 26 -28 -29 -30 -31
leaf_value=-0.23608386196741243 -0.072968357669956546 -0.038216368603229717 0.11071056325464522 0.0043504425894043469 0.18913345336914064 0.11189120348010745 0.033150118643135808 0.017848931563048617 0.01247576220417426 -0.018156632747725387 0.10730456690509599 -0.055815375028892979 -0.055815375028892979 0.22997541092336179 0.013445093173216236 0.017848931563048617 -0.13921104933271247 -0.029881691909833259 0.14501104865755354 -0.018695484769085308 -0.0084656916660461375 -0.20682260245084763 0.051282225647351555 0.051282225647351555 -0.10602590102870535 -0.14877163285300846 -0.029077419893273827 -0.0084656916660461375 -0.0084656916660461375 0.12823625475168229
leaf_weight=41 34 356 227 836 22 56 812 35 120 1262 77 251 188 32 2777 183 89 661 42 992 82 24 87 50 72 21 79 420 1233 20
leaf_count=41 34 356 227 836 22 56 812 35 120 1262 77 251 188 32 2777 183 89 661 42 992 82 24 87 50 72 21 79 420 1233 20
internal_value=-0.00280017 0.00302703 0.00823403 0.0129275 -0.0220064 0.0247035 0.0500955 -0.0254068 -0.0178556 -0.00380699 0.0431082 -0.033584 -0.0880882 0.0900887 0.0153911 -0.030903 -0.0584153 -0.0163972 0.0666009 -0.0235426 -0.0298589 -0.0688588 0.0581416 0.0124758 -0.131225 -0.0173282 -0.0542132 -0.00920381 -0.00846569 0.190845
internal_weight=11181 8061 6673 5941 1388 3872 1039 1366 3120 1648 386 1472 229 216 2833 1289 445 844 77 1243 732 178 164 170 96 554 100 454 2069 52
internal_count=11181 8061 6673 5941 1388 3872 1039 1366 3120 1648 386 1472 229 216 2833 1289 445 844 77 1243 732 178 164 170 96 554 100 454 2069 52
is_linear=0
shrinkage=0.05


Tree=52
num_leaves=31
num_cat=0
split_feature=9 18 2 8 3 12 24 18 11 17 18 23 10 20 18 5 1 12 11 1 0 3 1 17 7 10 23 0 5 1
split_gain=361.138 425.495 451.663 453.51 359.819 298.963 284.169 282.914 275.948 408.474 273.537 266.295 265.097 217.751 207.272 192.966 176.293 251.764 157.45 143.437 129.6 111.767 108.768 102.584 82.3459 68.5734 64.789 63.2341 55.5523 25.5525
threshold=0.78654998540878307 3.2500000000000004 2.9550000429153447 616.50000000000011 314.50000000000006 -0.56175000965595234 69.58499908447267 2.9500000476837163 1.0000000180025095e-35 0.12550000101327899 20.650000572204593 64.500000000000014 -0.98295000195503224 5.1499998569488534 1.5500000119209292 0.20499999821186068 97.500000000000014 -0.56175000965595234 -1.0000000180025095e-35 60.500000000000007 23.94999980926514 42.500000000000007 89.500000000000014 0.14050000160932544 1013.5499877929689 1.0000000180025095e-35 98.500000000000014 20.44999980926514 -5.1150000095367423 56.500000000000007
decision_type=2 2 2 2 2 2 2 2 2 2 2 2 2 2 2 2 2 2 2 2 2 2 2 2 2 2 2 2 2 2
left_child=1 11 3 4 12 -5 -6 -2 16 10 13 15 -3 -10 -13 20 23 -18 26 -7 -1 28 -11 24 -9 -19 -16 -12 -4 -30
right_child=7 2 21 5 6 19 -8 8 9 22 27 14 -14 -15 18 -17 17 25 -20 -21 -22 -23 -24 -25 -26 -27 -28 -29 29 -31
leaf_value=-0.23497009296571056 -0.19469046502009682 0.072984255682677038 -0.0069365961376200687 0.26375578951377138 0.10478409735922101 0.01865662084384398 0.030916832649161587 -0.0057047014060902269 -0.10657579582244213 0.17889954465277055 0.016801660087665139 -0.057346549485145143 0.0082289258909290491 -0.012446760717375702 -0.033630837571859293 -0.057346549485145143 0.13887666191373554 -0.083455447082718223 -0.0069365961376200687 0.13566810560226442 -0.074096889013335818 -0.0069365961376200687 0.059227715300526042 0.045955195980412623 -0.045780798109647421 0.025342838622496595 -0.0069365961376200687 0.052117807532033815 -0.0069365961376200687 0.0082289258909290491
leaf_weight=31 23 160 178 26 158 55 740 146 38 34 62 131 2098 759 447 51 35 30 811 50 21 2301 43 35 1050 28 156 57 111 1316
leaf_count=31 23 160 178 26 158 55 740 146 38 34 62 131 2098 759 447 51 35 30 811 50 21 2301 43 35 1050 28 156 57 111 1316
internal_value=-0.00272667 0.00189633 0.0071467 0.0208047 0.0170209 0.111963 0.0439135 -0.0201933 -0.0184611 0.00146349 -0.00783421 -0.0210199 0.00822893 -0.0185145 -0.0158304 -0.0988627 -0.0334046 0.0329744 -0.00991513 0.0743764 -0.170002 -0.00434689 0.11207 -0.0384194 -0.0408886 -0.0309321 -0.0328901 0.0521178 0.00686245 0.00822893
internal_weight=11181 8841 7193 3287 3156 131 898 2340 2317 993 916 1648 2258 797 1545 103 1324 93 1414 105 52 3906 77 1231 1196 58 603 119 1605 1427
internal_count=11181 8841 7193 3287 3156 131 898 2340 2317 993 916 1648 2258 797 1545 103 1324 93 1414 105 52 3906 77 1231 1196 58 603 119 1605 1427
is_linear=0
shrinkage=0.05


Tree=53
num_leaves=31
num_cat=0
split_feature=11 7 20 2 7 10 11 18 0 1 18 5 20 24 0 11 7 2 21 21 10 3 5 1 9 23 20 3 18 9
split_gain=344.53 367.739 403.594 532.887 356.232 338.411 385.55 244.41 236.023 400.276 282.718 385.431 200.617 314.805 196.394 185.56 268.437 185.894 183.149 149.831 130.277 126.706 309.335 117.563 55.3689 83.1653 51.2993 48.0273 47.5203 45.1402
threshold=-0.60784998536109913 1022.9500122070314 5.9500000476837167 4.0699999332427987 1027.850036621094 -0.91595000028610218 -1.0000000180025095e-35 20.150000572204593 22.150000572204593 92.500000000000014 5.2500000000000009 -0.13499999791383741 10.150000095367433 342.08500671386724 20.150000572204593 1.0000000180025095e-35 1024.7500000000002 1.5950000286102297 15.750000000000002 9.9499998092651385 -1.0000000180025095e-35 262.50000000000006 -2.564999938011169 60.500000000000007 0.91595000028610241 34.500000000000007 4.5499999523162851 43.500000000000007 2.1499999761581425 -0.37939999997615809
decision_type=2 2 2 2 2 2 2 2 2 2 2 2 2 2 2 2 2 2 2 2 2 2 2 2 2 2 2 2 2 2
left_child=8 2 21 5 7 6 -4 15 10 12 11 -1 -10 23 -7 16 -3 -17 -9 -12 -11 24 -23 -14 28 -26 -24 -5 -2 -21
right_child=1 4 3 27 -6 14 -8 18 9 20 19 -13 13 -15 -16 17 -18 -19 -20 29 -22 22 26 -25 25 -27 -28 -29 -30 -31
leaf_value=-0.22127497923083422 -0.067381565974039201 -0.033142490344866403 0.14676429336925723 0.0041114637669440283 0.17898127802393654 0.0071229935214240292 0.037586563032276143 0.016851084839409339 -0.017545889965256824 0.15695590600371362 -0.052143136315045052 -0.052143136315045052 0.029435262603541918 -0.0037505993259168489 0.026114095328451804 0.016851084839409339 -0.12372508235987173 -0.028057968076158235 0.18864199973288037 -0.034844513140150933 0.029032120382522838 -0.0082492865462753581 -0.19282691677411398 0.089599707439439763 -0.13886460888953436 -0.0254149426618408 -0.10746399980659288 -0.0082492865462753581 -0.0082492865462753581 -0.017545889965256824
leaf_weight=41 34 337 106 796 22 1150 341 56 771 48 251 188 67 582 2371 183 108 661 21 160 34 82 24 146 21 70 66 1213 399 832
leaf_count=41 34 337 106 796 22 1150 341 56 771 48 251 188 67 582 2371 183 108 661 21 160 34 82 24 146 21 70 66 1213 399 832
internal_value=-0.00266106 0.00279936 0.00766993 0.011866 -0.0206166 0.0224953 0.0634766 -0.0238312 -0.0167689 -0.00377184 -0.0313199 -0.0823717 -0.00941058 0.0100447 0.0172926 -0.0290004 -0.0551266 -0.0152253 0.0627025 -0.0219146 0.103914 -0.0283646 -0.0656008 0.0626211 -0.016142 -0.0515956 -0.130227 -0.00824929 -0.00869103 -0.0175459
internal_weight=11181 8061 6673 5977 1388 3968 447 1366 3120 1648 1472 229 1566 795 3521 1289 445 844 77 1243 82 696 172 213 524 91 90 2009 433 992
internal_count=11181 8061 6673 5977 1388 3968 447 1366 3120 1648 1472 229 1566 795 3521 1289 445 844 77 1243 82 696 172 213 524 91 90 2009 433 992
is_linear=0
shrinkage=0.05


Tree=54
num_leaves=20
num_cat=0
split_feature=18 7 9 24 7 2 24 11 17 18 23 1 12 1 17 24 2 1 7
split_gain=322.07 509.288 313.948 364.611 294.308 363.262 283.723 244.163 371.675 258.333 228.781 149.409 237.545 99.0217 90.7783 43.0672 39.1897 20.9071 14.6579
threshold=1.5500000119209292 1027.850036621094 0.78654998540878307 823.75000000000011 1020.8500061035157 2.9850000143051152 42.915000915527351 1.0000000180025095e-35 0.12550000101327899 20.650000572204593 71.500000000000014 97.500000000000014 -0.56175000965595234 89.500000000000014 0.14050000160932544 1109.5850219726565 2.6800000667572026 61.500000000000007 1023.6499938964845
decision_type=2 2 2 2 2 2 2 2 2 2 2 2 2 2 2 2 2 2 2
left_child=10 2 3 4 5 -2 -6 11 9 -9 -1 14 -13 -10 -4 16 -5 -12 -17
right_child=1 -3 7 15 6 -7 -8 8 13 -11 17 12 -14 -15 -16 18 -18 -19 -20
leaf_value=-0.18356398724411663 0.030934121021346451 0.25038477838039402 -0.039332681309522916 -0.0060068014352240321 0.079107177584911842 0.0029122776600971072 -0.0060068014352240321 -0.018855672012656356 0.16954255963073059 0.048610992757910809 -0.040690537914742815 0.13154954961368015 -0.032867498430265589 0.055358113695022672 0.042351731721843998 -0.040690537914742815 -0.019406889405941645 -0.089634833518754356 -0.024960088289060864
leaf_weight=38 1930 20 1206 166 99 2886 2151 806 34 119 74 35 59 43 35 219 1118 22 121
leaf_count=38 1930 20 1206 166 99 2886 2151 806 34 119 74 35 59 43 35 219 1118 22 121
internal_value=-0.00263266 -0.00169804 -0.00215525 0.00221987 0.00712987 0.014142 -0.0060068 -0.0184239 0.000230793 -0.00855523 -0.079683 -0.0324254 0.0283516 0.105777 -0.0370289 -0.0191435 -0.0149535 -0.0406905 -0.0349666
internal_weight=11181 11047 11027 8690 7066 4816 2250 2337 1002 925 134 1335 94 77 1241 1624 1284 96 340
internal_count=11181 11047 11027 8690 7066 4816 2250 2337 1002 925 134 1335 94 77 1241 1624 1284 96 340
is_linear=0
shrinkage=0.05


Tree=55
num_leaves=31
num_cat=0
split_feature=11 20 18 4 10 20 12 0 1 24 18 5 23 20 24 21 21 0 4 18 7 1 6 9 5 3 18 3 3 5
split_gain=304.24 326.866 288.06 252.184 243.454 283.474 249.88 197.663 363.742 255.804 253.805 352.86 186.368 147.903 216.738 134.805 118.982 105.857 96.3093 96.1192 98.8376 88.9292 44.6672 40.1158 26.4132 23.4511 18.7804 17.0836 16.6548 7.44344
threshold=-0.60784998536109913 18.849999427795414 1.5500000119209292 1.2649999856948855 -0.91595000028610218 5.5499999523162851 0.81174999475479137 22.150000572204593 91.500000000000014 195.41500091552737 5.2500000000000009 -0.095000002533197389 71.500000000000014 10.150000095367433 342.08500671386724 9.9499998092651385 15.650000095367433 19.250000000000004 -0.92500001192092884 4.9500000476837167 1020.3500061035157 60.500000000000007 607.50000000000011 -0.37939999997615809 -0.98500001430511464 126.50000000000001 1.2500000000000002 318.50000000000006 240.50000000000003 -3.445000052452087
decision_type=2 2 2 2 2 2 2 2 2 2 2 2 2 2 2 2 2 2 2 2 2 2 2 2 2 2 2 2 2 2
left_child=7 2 12 4 6 -6 -4 10 13 24 11 18 -2 -9 21 29 17 -5 -1 -3 27 -15 -18 -17 -10 -11 -14 -21 -13 -12
right_child=1 19 3 16 5 -7 -8 8 9 25 15 28 26 14 -16 23 22 -19 -20 20 -22 -23 -24 -25 -26 -27 -28 -29 -30 -31
leaf_value=-0.11433595538139343 -0.19899694334285767 0.037147196591516517 0.037147196591516517 -0.041119807998477503 -0.041119807998477503 0.0054734086649369414 -0.03603641074920489 -0.016497657841570028 0.19049451840775355 -0.016497657841570028 -0.032665076591479707 -0.048832495341389393 -0.086368839766668246 0.023450866953144859 -0.0048079574498988446 -0.032665076591479707 0.037147196591516517 -0.011998050361027962 -0.25799425457205094 0.070981751049815675 0.19549074328464011 0.076617559576954916 0.00097474310088768311 -0.016497657841570028 0.12297104477882387 0.036517021103816875 -0.041119807998477503 0.10753707202041851 -0.095564630627632152 -0.048832495341389393
leaf_weight=20 26 63 699 406 335 5288 121 750 28 26 38 161 23 67 577 160 100 803 28 41 23 136 51 832 30 34 48 34 20 213
leaf_count=20 26 63 699 406 335 5288 121 750 28 26 38 161 23 67 577 160 100 803 28 41 23 136 51 832 30 34 48 34 20 213
internal_value=-0.0025293 0.00260192 0.00116458 0.0022291 0.00635884 0.00264728 0.0318102 -0.0157866 -0.00389253 0.0806924 -0.0291028 -0.0774737 -0.0844687 -0.0104161 0.00688174 -0.0201913 -0.0173356 -0.0225621 -0.198137 0.0731298 0.104816 0.0517097 0.0245116 -0.0164977 0.155569 0.00831202 -0.0425288 0.0770095 -0.0488325 -0.0488325
internal_weight=11181 8061 7900 7803 6443 5623 820 3120 1648 118 1472 229 97 1530 780 1243 1360 1209 48 161 98 203 151 992 58 60 71 75 181 251
internal_count=11181 8061 7900 7803 6443 5623 820 3120 1648 118 1472 229 97 1530 780 1243 1360 1209 48 161 98 203 151 992 58 60 71 75 181 251
is_linear=0
shrinkage=0.05


Tree=56
num_leaves=31
num_cat=0
split_feature=18 23 9 2 24 7 7 7 18 17 0 11 0 3 3 5 5 5 1 14 18 23 2 3 1 1 18 17 11 21
split_gain=283.812 464.574 311.085 400.28 287.232 490.976 326.796 352.25 175.531 162.44 132.809 126.284 188.717 111.777 92.5791 88.793 70.6678 65.4501 54.1526 53.8563 49.2776 42.061 46.9451 37.7912 37.5186 22.4939 13.5976 5.66923 4.48588 4.47492
threshold=2.8500000238418584 66.500000000000014 0.60354998707771312 2.9550000429153447 42.915000915527351 1026.350036621094 1018.9500122070314 1014.5499877929689 1.0500000119209292 0.13949999958276751 23.94999980926514 0.87834998965263378 20.250000000000004 42.500000000000007 95.500000000000014 -1.3049999475479124 1.9950000047683718 -5.1150000095367423 97.500000000000014 33.000000000000007 2.2500000000000004 79.500000000000014 4.2349998950958261 288.50000000000006 56.500000000000007 77.500000000000014 9.8499999046325701 0.14850000292062762 -1.0000000180025095e-35 15.949999809265138
decision_type=2 2 2 2 2 2 2 2 2 2 2 2 2 2 2 2 2 2 2 2 2 2 2 2 2 2 2 2 2 2
left_child=1 20 3 4 5 15 7 -6 -3 11 -8 18 29 17 -10 -2 28 -5 -4 -11 -1 26 -23 -20 -19 -18 -15 -21 -16 -13
right_child=2 8 9 13 6 -7 10 -9 14 19 -12 12 -14 21 16 -17 25 24 23 27 -22 22 -24 -25 -26 -27 -28 -29 -30 -31
leaf_value=-0.20369543472925825 0.15176652142634761 -0.087622498994617465 -0.012335900194107782 -0.012335900194107782 0.0082474288965267237 0.31107215718789538 0.0082474288965267237 0.057509016890913256 -0.012335900194107782 0.094672983884811407 0.057509016890913256 -0.012335900194107782 0.019687593587499125 -0.012335900194107782 -0.050932430795448472 0.057509016890913256 -0.03090076044648199 -0.012335900194107782 -0.012335900194107782 0.019687593587499125 -0.11515383178537542 0.0082474288965267237 -0.0055499011061574989 0.019687593587499125 0.0082474288965267237 -0.012335900194107782 -0.0055499011061574989 0.045673640835143275 -0.021956883397485531 0.0036758466966956716
leaf_weight=30 26 33 2553 166 250 22 1631 749 653 42 141 236 172 1156 120 68 217 134 63 36 33 214 375 80 1243 104 533 21 42 38
leaf_count=30 26 33 2553 166 250 22 1631 749 653 42 141 236 172 1156 120 68 217 134 63 36 33 214 375 80 1243 104 533 21 42 38
internal_value=-0.00241875 -0.0250563 0.000384493 0.00653007 0.0205815 0.0976633 0.0173547 0.0406183 -0.0179285 -0.0123352 0.00824743 -0.0123359 0.0148034 -0.00408665 -0.0142424 0.057509 -0.0344207 0.0063042 -0.0123359 0.0517111 -0.157316 -0.0111249 0.0012361 0.0196876 0.00824743 -0.0199388 -0.0123359 0.020055 -0.0509324 -0.0123359
internal_weight=11181 1232 9949 6708 2887 116 2771 999 1169 3241 1772 3142 446 3821 1136 94 483 1543 2696 99 63 2278 589 143 1377 321 1689 57 162 274
internal_count=11181 1232 9949 6708 2887 116 2771 999 1169 3241 1772 3142 446 3821 1136 94 483 1543 2696 99 63 2278 589 143 1377 321 1689 57 162 274
is_linear=0
shrinkage=0.05


Tree=57
num_leaves=31
num_cat=0
split_feature=11 7 20 24 11 8 24 8 2 0 18 0 1 24 18 5 10 3 17 21 24 11 21 9 5 5 4 9 18 7
split_gain=275.003 300.295 325.953 372.188 309.525 295.259 288.044 413.372 267.572 285.296 194.292 168.415 325.538 229.089 223.434 318.379 148.422 221.469 147.862 133.981 284.939 125.997 122.291 119.253 151.931 95.4539 87.8498 35.9423 35.6232 29.6815
threshold=-0.60784998536109913 1022.9500122070314 5.2500000000000009 96.250000000000014 -1.0000000180025095e-35 142.50000000000003 32.08500003814698 12.500000000000002 5.2349998950958261 20.550000190734867 20.150000572204593 22.150000572204593 91.500000000000014 209.58499908447268 5.2500000000000009 -0.095000002533197389 0.78654998540878307 273.50000000000006 0.12750000506639483 12.050000190734865 307.08500671386724 -0.87834998965263356 9.9499998092651385 0.3793999999761582 -2.3950001001358028 0.10500000044703485 -0.92500001192092884 -0.37939999997615809 2.1499999761581425 1024.2500000000002
decision_type=2 2 2 2 2 2 2 2 2 2 2 2 2 2 2 2 2 2 2 2 2 2 2 2 2 2 2 2 2 2
left_child=11 2 23 4 5 -4 7 -3 9 -5 16 14 19 -14 15 26 17 -8 -6 -13 21 -21 -16 28 -25 -26 -1 -24 -2 -18
right_child=1 6 3 8 18 -7 10 -9 -10 -11 -12 12 13 -15 22 -17 29 -19 -20 20 -22 -23 27 24 25 -27 -28 -29 -30 -31
leaf_value=-0.10735431358218193 -0.077271817300630652 0.029259236039674914 0.075285256219863456 -0.0022583065846498852 0.026461167537019166 0.25358258860734562 -0.030733417946675962 0.27054422469366168 -0.014685016343224716 0.018035213766608556 0.029259236039674914 -0.015724454861288217 0.14327520684140627 0.0038598491826601199 -0.045871352363590141 -0.045871352363590141 0.00023550218747417085 -0.11097399950958789 0.084788516590183771 0.03627464212292001 -0.0060180335179270371 0.13265679677327474 -0.030797903612439184 -0.016177548448244729 -0.141541590734518 -0.029348349241683114 -0.24455839565822057 -0.015724454861288217 -0.014685016343224716 -0.018700538063646802
leaf_weight=20 23 46 136 1322 316 28 825 21 829 3564 70 520 61 57 251 181 123 96 109 176 792 42 160 75 70 26 28 832 175 207
leaf_count=20 23 46 136 1322 316 28 825 21 829 3564 70 520 61 57 251 181 123 96 109 176 792 42 160 75 70 26 28 832 175 207
internal_value=-0.00246389 0.00241455 0.00681588 0.00948945 0.0473331 0.105726 -0.0187454 0.0823936 0.0055892 0.0101684 -0.0238751 -0.0150681 -0.00408922 0.0759305 -0.0273597 -0.0727443 -0.0287882 -0.0390973 0.0264612 -0.0102607 0.00368839 0.0548437 -0.0189984 -0.0388595 -0.0694987 -0.111156 -0.18739 -0.0157245 -0.014685 -1.6679e-05
internal_weight=11181 8061 6673 6304 589 164 1388 67 5715 4886 1321 3120 1648 118 1472 229 1251 921 425 1530 1010 218 1243 369 171 96 48 992 198 330
internal_count=11181 8061 6673 6304 589 164 1388 67 5715 4886 1321 3120 1648 118 1472 229 1251 921 425 1530 1010 218 1243 369 171 96 48 992 198 330
is_linear=0
shrinkage=0.05


Tree=58
num_leaves=16
num_cat=0
split_feature=18 7 5 7 7 20 18 8 5 12 18 7 20 10 18
split_gain=249.644 428.829 258.991 252.462 272.438 289.843 205.532 173.096 276.409 149.215 148.253 150.832 89.1049 80.994 59.1617
threshold=1.0500000119209292 1027.299987792969 -0.40500000119209284 1014.1499938964845 1023.3500061035157 5.2500000000000009 10.750000000000002 690.50000000000011 0.2650000005960465 1.0000000180025095e-35 24.10000038146973 1015.9500122070314 15.050000190734865 -0.78654998540878285 4.8500001430511483
decision_type=2 2 2 2 2 2 2 2 2 2 2 2 2 2 2
left_child=-1 2 3 9 5 -5 -6 10 -9 12 11 -4 -2 -11 -10
right_child=1 -3 7 4 6 -7 -8 8 14 13 -12 -13 -14 -15 -16
leaf_value=-0.13977515285439565 -0.0084039327243880454 0.21848267790946097 0.016945004125855947 -0.038297413484792098 -0.048124428025153834 0.013993396581673589 0.019107784041688738 0.2058581266714179 -0.02476196903929425 -0.070912267103848181 0.11882599748316265 -0.017273827645399722 0.072311304001939594 -0.031191127997624069 0.077593012750148779
leaf_weight=33 681 22 352 280 356 4948 167 23 48 67 21 3783 36 344 20
leaf_count=33 681 22 352 280 356 4948 167 23 48 67 21 3783 36 344 20
internal_value=-0.00245587 -0.00204938 -0.00248545 0.00350861 0.00775078 0.0111928 -0.0266564 -0.0121942 0.0560222 -0.0181197 -0.0136879 -0.0143609 -0.00435128 -0.042139 0.00534244
internal_weight=11181 11148 11126 6879 5751 5228 523 4247 91 1128 4156 4135 717 411 68
internal_count=11181 11148 11126 6879 5751 5228 523 4247 91 1128 4156 4135 717 411 68
is_linear=0
shrinkage=0.05


Tree=59
num_leaves=31
num_cat=0
split_feature=0 24 18 11 3 20 7 11 24 7 24 5 18 23 11 11 0 18 5 11 1 18 6 0 23 7 7 20 18 15
split_gain=247.345 386.455 231.351 254.292 175.592 140.71 126.881 126.511 126.489 300.388 105.196 104.137 187.072 102.209 101.783 99.166 81.9288 80.2055 218.773 167.909 104.556 58.0804 56.9369 53.2926 41.666 41.4252 34.7628 32.994 21.0472 16.4489
threshold=20.150000572204593 109.58499908447267 7.2500000000000009 1.0000000180025095e-35 308.50000000000006 5.4500000476837167 1021.9500122070314 -0.87834998965263356 46.250000000000007 1022.1499938964845 746.25000000000011 1.294999957084656 6.9500000476837167 61.500000000000007 0.60784998536109935 -0.87834998965263356 22.050000190734867 5.1499998569488534 0.32500000298023229 1.0000000180025095e-35 83.500000000000014 10.949999809265138 762.50000000000011 23.750000000000004 44.500000000000007 1022.7500000000001 1014.9500122070314 16.800000190734867 14.550000190734865 1.0500000119209292
decision_type=2 2 2 2 2 2 2 2 2 2 2 2 2 2 2 2 2 2 2 2 2 2 2 2 2 2 2 2 2 2
left_child=4 7 23 27 6 -6 11 -2 9 -9 -5 12 13 -1 -14 25 21 18 19 -8 -20 -10 -18 -3 28 -7 -25 -4 -13 -26
right_child=1 2 3 10 5 15 17 8 16 -11 -12 24 14 -15 -16 -17 22 -19 20 -21 -22 -23 -24 26 29 -27 -28 -29 -30 -31
leaf_value=-0.19065017318114258 0.021299046272311439 -0.0070342417417436284 0.00034469228624518582 0.021299046272311439 -0.14863130790846688 -0.077832774825105255 -0.20844557826165802 0.075458162679440458 0.021299046272311439 0.25300394738162008 0.00034469228624518582 -0.064112234641523921 -0.056186187001958099 -0.090232469254180464 -0.0070342417417436284 -0.0070342417417436284 0.075458162679440458 -0.0070342417417436284 -0.065598367908742378 -0.05198955480009318 -0.018707655622331489 0.046643037094806598 0.046643037094806598 -0.0033447747277492211 -0.02743968673535176 -0.0070342417417436284 0.00034469228624518582 0.021299046272311439 -0.02743968673535176 -0.0070342417417436284
leaf_weight=39 64 1663 2192 1378 21 70 27 69 122 27 327 68 314 26 51 947 130 357 123 47 224 84 24 723 29 21 1638 133 44 199
leaf_count=39 64 1663 2192 1378 21 70 27 69 122 27 327 68 314 26 51 947 130 357 123 47 224 84 24 723 29 21 1638 133 44 199
internal_value=-0.0023413 0.00175943 -0.000937841 0.00772363 -0.0158279 -0.00703424 -0.0273765 0.0435359 0.0567599 0.107755 0.021299 -0.0417654 -0.0581159 -0.136266 -0.0441988 -0.00703424 0.0431611 -0.0131356 -0.0303811 -0.109075 -0.0187077 0.0225376 0.0707485 -0.00703424 -0.0210868 -0.0713287 0.000344692 0.000344692 -0.0460603 -0.00881907
internal_weight=11181 8574 8054 4030 2607 1059 1548 520 456 96 1705 770 430 65 365 1038 360 778 421 74 347 206 154 4024 340 91 2361 2325 112 228
internal_count=11181 8574 8054 4030 2607 1059 1548 520 456 96 1705 770 430 65 365 1038 360 778 421 74 347 206 154 4024 340 91 2361 2325 112 228
is_linear=0
shrinkage=0.05


Tree=60
num_leaves=31
num_cat=0
split_feature=11 20 18 9 2 7 5 23 6 21 18 7 24 0 5 24 1 24 8 5 8 7 18 23 24 0 23 24 18 7
split_gain=237.269 253.429 227.009 213.644 337.919 323.062 202.486 157.308 153.564 141.106 215.893 266.058 148.864 283.56 229.766 213.847 139.653 133.684 131.51 66.2202 59.5464 38.4922 34.6671 34.6129 27.1097 21.953 18.1521 15.9304 13.0763 6.28839
threshold=-0.60784998536109913 21.150000572204593 1.5500000119209292 0.78654998540878307 2.9550000429153447 1018.9500122070314 -1.8450000286102293 71.500000000000014 1102.5000000000002 12.050000190734865 6.2500000000000009 1015.4500122070314 407.08500671386724 21.050000190734867 -1.1549999713897703 185.41500091552737 97.500000000000014 324.58500671386724 613.50000000000011 0.2650000005960465 20.500000000000004 1019.3500061035157 3.5499999523162846 123.00000000000001 69.58499908447267 25.550000190734867 19.500000000000004 757.08499145507824 1.2500000000000002 1014.5499877929689
decision_type=2 2 2 2 2 2 2 2 2 2 2 2 2 2 2 2 2 2 2 2 2 2 2 2 2 2 2 2 2 2
left_child=9 2 7 4 5 -4 17 -2 -6 10 11 18 13 -11 15 -15 -8 -5 -1 22 26 -3 -13 -16 -23 -14 -12 -27 -9 -22
right_child=1 21 3 6 8 -7 16 28 -10 12 20 19 25 14 23 -17 -18 -19 -20 -21 29 24 -24 -25 -26 27 -28 -29 -30 -31
leaf_value=-0.2714677691459656 -0.17993264402119588 0.055072280658142903 0.041760680606528815 0.038208428073565337 0.00050325135649472949 0.0088775228821777828 -0.031663705653069085 -0.073932160048381143 -0.032253674236854928 -0.0015627811538710804 -0.037313053809460477 -0.12875950601080369 -0.015479924772842569 0.14953516811540682 0.020138982981590739 0.045635829289601026 0.041760680606528815 -0.0094462916911543203 -0.09014590272679926 -0.037313053809460477 -0.037313053809460477 0.156694787198847 -0.05978648442090774 0.098721528061382152 0.076262511014938361 -0.0015627811538710804 -0.015479924772842569 -0.0085213529633568243 -0.036231389511558111 -0.020090633986942604
leaf_weight=20 26 56 731 239 3320 1755 980 23 401 293 56 29 764 73 203 154 57 383 20 246 47 22 49 23 20 140 756 133 48 114
leaf_count=20 26 56 731 239 3320 1755 980 23 401 293 56 29 764 73 203 154 57 383 20 246 47 22 49 23 20 140 756 133 48 114
internal_value=-0.00223657 0.00229484 0.00131133 0.00224881 0.00650892 0.0207819 -0.01369 -0.0747116 -0.00302686 -0.0139441 -0.0262235 -0.0591462 -0.00473637 0.0123544 0.0418407 0.0790484 -0.0272185 0.00886477 -0.180807 -0.0441263 -0.0154799 0.08221 -0.0854303 0.020139 0.118394 -0.0154799 -0.0154799 -0.00156278 -0.0362314 -0.0373131
internal_weight=11181 8061 7963 7866 6207 2486 1659 97 3721 3120 1337 364 1783 746 453 227 1037 622 40 324 973 98 78 226 42 1037 812 273 71 161
internal_count=11181 8061 7963 7866 6207 2486 1659 97 3721 3120 1337 364 1783 746 453 227 1037 622 40 324 973 98 78 226 42 1037 812 273 71 161
is_linear=0
shrinkage=0.05


Tree=61
num_leaves=31
num_cat=0
split_feature=11 20 7 2 10 18 24 20 12 7 0 0 1 18 5 20 24 8 10 21 7 21 24 11 4 7 9 24 6 5
split_gain=221.273 228.464 204.322 248.589 245.105 230.398 217.18 169.204 140.72 191.072 141.644 126.596 267.807 170.951 303.069 130.136 147.512 118.33 104.671 104.09 49.0566 43.491 56.3661 42.8971 39.9725 34.7392 30.7829 24.4665 22.4283 10.3929
threshold=-0.60784998536109913 21.150000572204593 1022.9500122070314 5.2349998950958261 -0.91595000028610218 4.8500001430511483 42.915000915527351 6.0499999523162851 0.81174999475479137 1024.1499633789065 17.750000000000004 21.849999427795414 92.500000000000014 5.2500000000000009 -0.095000002533197389 14.550000190734865 328.75000000000006 371.50000000000006 -1.0000000180025095e-35 9.9499998092651385 1025.9500122070315 11.949999809265138 527.91500854492199 0.60784998536109935 1.8849999904632571 1019.3500061035157 -0.37939999997615809 69.58499908447267 1012.5000000000001 -0.98500001430511464
decision_type=2 2 2 2 2 2 2 2 2 2 2 2 2 2 2 2 2 2 2 2 2 2 2 2 2 2 2 2 2 2
left_child=11 2 3 4 5 -2 20 -6 10 -10 -8 13 15 14 -1 21 17 -17 29 -15 -4 -13 -23 24 -5 -3 -21 -27 -25 -14
right_child=1 25 6 23 7 -7 8 -9 9 -11 -12 12 18 19 -16 16 -18 -19 -20 26 -22 22 -24 28 -26 27 -28 -29 -30 -31
leaf_value=-0.19547155687683507 -0.0057369636171407936 0.052318666689097883 0.0090132208334341903 -0.023184551683866312 -0.0057369636171407936 0.039694158199992467 -0.073820856506126409 0.0091024864276869604 -0.029836554141094287 -0.13737684624236929 -0.0089727115913346266 -0.015047694572609386 0.1527064046263695 -0.043018197005593284 -0.043018197005593284 0.12480522352007201 0.0039063830921860958 0.036666183968375746 0.019648560917597604 -0.029032945789101334 0.039694158199992467 0.0039063830921860958 -0.0094423016892545078 -0.0057369636171407936 -0.061385294070674314 0.14886004802855579 -0.015047694572609386 0.072449384629726415 -0.034893944817171861 0.10676014302298427
leaf_weight=38 126 56 65 443 499 535 92 4562 150 57 994 577 20 226 158 53 156 55 44 130 29 382 484 264 81 22 765 20 66 32
leaf_count=38 126 56 65 443 499 535 92 4562 150 57 994 577 20 226 158 53 156 55 44 130 29 382 484 264 81 22 765 20 66 32
internal_value=-0.0021534 0.0022226 0.00128878 0.00496708 0.00872274 0.0373572 -0.0161506 0.00498288 -0.0216677 -0.0594491 -0.0144663 -0.0134594 -0.00485155 -0.0252438 -0.068325 -0.0094214 0.0228605 0.069426 0.0764061 -0.0177114 0.0396942 -0.0150477 -0.00383691 -0.0201967 -0.0290896 0.0780995 -0.0150477 0.112474 -0.00607571 0.124432
internal_weight=11181 8061 7963 6576 5722 661 1387 5061 1293 207 1086 3120 1803 1317 196 1707 264 108 96 1121 94 1443 866 854 524 98 895 42 330 52
internal_count=11181 8061 7963 6576 5722 661 1387 5061 1293 207 1086 3120 1803 1317 196 1707 264 108 96 1121 94 1443 866 854 524 98 895 42 330 52
is_linear=0
shrinkage=0.05


Tree=62
num_leaves=29
num_cat=0
split_feature=18 23 9 2 5 8 12 7 24 18 17 5 11 2 17 9 23 18 11 7 18 1 2 7 3 18 18 8
split_gain=212.923 400.765 228.24 265.603 272.611 181.698 258.485 174.697 169.223 141.517 113.801 85.007 80.4337 76.9074 64.4113 61.266 53.2761 43.5855 38.2744 67.9923 41.0638 27.8893 27.619 22.2198 18.6866 12.7414 2.1859 1.45997
threshold=2.8500000238418584 66.500000000000014 0.78654998540878307 2.9550000429153447 -1.1349999904632566 386.50000000000006 -0.56175000965595234 1026.850036621094 75.415000915527358 1.0500000119209292 0.15550000220537188 -3.0149999856948848 -1.0000000180025095e-35 5.3450000286102304 0.14050000160932544 -0.78654998540878285 77.500000000000014 2.2500000000000004 0.87834998965263378 1016.6499938964845 21.849999427795414 44.500000000000007 3.9550000429153447 1013.9500122070314 44.500000000000007 5.6499998569488534 16.050000190734867 131.50000000000003
decision_type=2 2 2 2 2 2 2 2 2 2 2 2 2 2 2 2 2 2 2 2 2 2 2 2 2 2 2 2
left_child=1 17 3 4 5 8 -7 10 -2 -3 -6 13 15 23 18 21 -13 -1 -4 -20 -21 -11 -18 -5 -17 -16 -27 -15
right_child=2 9 14 11 7 6 -8 -9 -10 12 -12 16 -14 27 25 24 22 -19 19 20 -22 -23 -24 -25 -26 26 -28 -29
leaf_value=-0.18816323200861615 0.06850036020731666 -0.079814058474243901 -0.010685382101254715 -0.0025789627748582424 0.0055274565515382309 0.19199278813443688 0.048411077383759965 0.11957760725702558 0.016512096569594029 -0.045816750040391166 0.10975328530034711 -0.010685382101254715 -0.010685382101254715 -0.0025789627748582424 0.014758027011477569 -0.011428266717937955 0.0055274565515382309 -0.10489229144472066 0.014758027011477569 -0.010685382101254715 0.014758027011477569 -0.012216208112678401 -0.002997926943007748 0.0055274565515382309 -0.045816750040391166 0.045297102749879872 0.06663713100410644 -0.010685382101254715
leaf_weight=30 183 33 1932 304 1882 38 179 35 1082 36 31 1430 632 125 21 57 197 33 63 207 49 299 370 1440 112 28 21 332
leaf_count=30 183 33 1932 304 1882 38 179 35 1082 36 31 1430 632 125 21 57 197 33 63 207 49 299 370 1440 112 28 21 332
internal_value=-0.00209559 -0.0217032 0.000332455 0.0045833 0.0149051 0.0312841 0.0735544 0.00552746 0.0240329 -0.015083 0.00552746 -0.00385018 -0.0118194 0.0029405 -0.0106854 -0.0307322 -0.0106854 -0.144545 -0.0106854 0.0105519 -0.0106854 -0.0175406 0.00468953 0.00552746 -0.0458168 0.0402014 0.0544428 -0.0106854
internal_weight=11181 1232 9949 7628 3430 1482 217 1948 1265 1169 1913 4198 1136 2201 2321 504 1997 63 2251 319 256 335 567 1744 169 70 49 457
internal_count=11181 1232 9949 7628 3430 1482 217 1948 1265 1169 1913 4198 1136 2201 2321 504 1997 63 2251 319 256 335 567 1744 169 70 49 457
is_linear=0
shrinkage=0.05


Tree=63
num_leaves=31
num_cat=0
split_feature=11 7 20 24 11 7 24 8 0 2 18 10 3 0 21 24 11 8 18 3 17 9 5 5 21 8 5 24 0 24
split_gain=198.922 195.968 243.098 281.65 282.402 266.899 226.589 335.836 199.04 261.712 165.447 132.148 203.63 116.453 131.408 201.975 267.243 321.912 181.271 130.098 101.046 99.5233 130.737 82.0364 63.0053 57.6847 47.2117 44.2725 41.7243 30.4729
threshold=-0.60784998536109913 1022.9500122070314 5.2500000000000009 96.250000000000014 -1.0000000180025095e-35 1018.6499938964845 32.08500003814698 12.500000000000002 20.150000572204593 4.2950000762939462 20.150000572204593 0.78654998540878307 273.50000000000006 17.349999427795414 12.050000190734865 279.58500671386724 -0.87834998965263356 200.50000000000003 6.2500000000000009 67.500000000000014 0.12750000506639483 0.3793999999761582 -2.3950001001358028 0.10500000044703485 18.44999980926514 20.500000000000004 0.2650000005960465 80.415000915527358 25.250000000000004 712.08499145507824
decision_type=2 2 2 2 2 2 2 2 2 2 2 2 2 2 2 2 2 2 2 2 2 2 2 2 2 2 2 2 2 2
left_child=13 2 21 4 5 -4 7 -3 24 -10 11 12 -8 27 18 16 19 -18 26 -16 -6 -2 -23 -24 -5 -20 -15 -1 -17 -30
right_child=1 6 3 8 20 -7 10 -9 9 -11 -12 -13 -14 14 15 28 17 -19 25 -21 -22 22 23 -25 -26 -27 -28 -29 29 -31
leaf_value=-0.050065552610024988 -0.01297954482508 0.0275163453094668 0.065953685126190348 -0.01297954482508 0.022661399337708318 0.22886771360231983 -0.025927667089512177 0.24446373894101098 0.018565116764700979 -0.0019285047975763248 0.0275163453094668 0.0016522510842531869 -0.10286876123573166 -0.050065552610024988 0.077896622907031671 -0.012976261490063284 0.030556599237024785 0.1902628209362639 -0.012976261490063284 0.0063760738685812906 0.071275490353208612 -0.01297954482508 -0.12873685041176422 -0.024727268130160296 -0.0019285047975763248 -0.031520907050044136 -0.031520907050044136 -0.13777947047104439 0.0063760738685812906 -0.0043805886857528889
leaf_weight=26 198 46 133 1052 316 31 825 21 2894 1701 70 330 96 114 66 918 96 47 812 257 109 75 70 26 68 161 246 24 201 152
leaf_count=26 198 46 133 1052 316 31 825 21 2894 1701 70 330 96 114 66 918 96 47 812 257 109 75 70 26 68 161 246 24 201 152
internal_value=-0.00211596 0.00203314 0.00558865 0.00789755 0.0408181 0.0967484 -0.0150605 0.0746428 0.00450469 0.00912254 -0.0196101 -0.0242118 -0.0339476 -0.0128358 -0.011603 -0.00254094 0.0256169 0.0830475 -0.0234116 0.00637607 0.0226614 -0.0338566 -0.0619238 -0.100568 -0.0129795 -0.0129763 -0.0500656 -0.0885281 -0.0128647 0.00421508
internal_weight=11181 8061 6673 6304 589 164 1388 67 5715 4595 1321 1251 921 3120 3070 1737 466 143 1333 323 425 369 171 96 1120 973 360 50 1271 353
internal_count=11181 8061 6673 6304 589 164 1388 67 5715 4595 1321 1251 921 3120 3070 1737 466 143 1333 323 425 369 171 96 1120 973 360 50 1271 353
is_linear=0
shrinkage=0.05


Tree=64
num_leaves=29
num_cat=0
split_feature=0 24 12 7 6 1 7 2 9 7 3 3 11 17 5 9 11 18 12 11 18 1 18 24 11 6 7 7
split_gain=194.554 257.467 342.444 203.129 190.157 330.829 157.164 202.715 200.268 184.603 155.679 145.018 131.772 100.773 90.2105 68.7813 91.4649 93.1565 64.9586 29.3658 28.5135 28.467 22.7719 16.875 13.0699 8.67469 7.17855 6.25319
threshold=18.250000000000004 75.415000915527358 -0.56175000965595234 1017.4500122070314 517.50000000000011 77.500000000000014 1020.8500061035157 4.9049999713897714 1.0000000180025095e-35 1014.3500061035157 246.50000000000003 337.50000000000006 1.0000000180025095e-35 0.15550000220537188 -3.0149999856948848 0.91595000028610241 1.0000000180025095e-35 7.3500001430511483 0.81174999475479137 0.87834998965263378 14.84999990463257 85.500000000000014 18.849999427795414 114.58499908447267 0.87834998965263378 407.50000000000006 1015.7500000000001 1021.6499938964845
decision_type=2 2 2 2 2 2 2 2 2 2 2 2 2 2 2 2 2 2 2 2 2 2 2 2 2 2 2 2
left_child=3 2 4 20 5 -2 7 8 9 -3 14 -7 -10 -4 -8 24 17 23 -12 25 -1 -18 -16 -17 -5 -9 -22 -19
right_child=1 6 13 15 -6 11 10 19 12 -11 18 -13 -14 -15 22 16 21 27 -20 -21 26 -23 -24 -25 -26 -27 -28 -29
leaf_value=-0.14500236266425678 0.27072902631812862 -0.0040675927626286114 0.015252209651545633 -0.014101246840850734 0.015252209651545633 0.065611744731430541 0.015252209651545633 -0.0040675927626286114 -0.0040675927626286114 0.015252209651545633 0.015252209651545633 0.16521490965134059 0.01308431326447005 0.1313085524808793 -0.014101246840850734 -0.10427797742357309 -0.059896010050878801 -0.053931988265004852 -0.014101246840850734 -0.0040675927626286114 -0.063726229048692268 -0.014101246840850734 0.015252209651545633 -0.16773657441139223 -0.051828440524903797 -0.014101246840850734 -0.10253330618143082 -0.022173861110763207
leaf_weight=28 28 595 363 345 20 81 137 146 1483 2452 328 39 1120 21 2247 22 34 31 74 155 26 87 69 20 49 1128 22 31
leaf_count=28 28 595 363 345 20 81 137 146 1483 2452 328 39 1120 21 2247 22 34 31 74 155 26 87 69 20 49 1128 22 31
internal_value=-0.00214074 -0.000442745 0.032794 -0.0277597 0.0933992 0.115971 -0.0022896 0.00170433 0.00596606 0.0146673 -0.0121926 0.0798611 -0.00406759 0.0152522 -0.0141012 -0.0182881 -0.042605 -0.0770012 0.0152522 -0.0141012 -0.104904 -0.0141012 -0.0141012 -0.134496 -0.0141012 -0.0141012 -0.0815128 -0.0380529
internal_weight=11181 10486 552 695 168 148 9934 7079 5650 3047 2855 120 2603 384 2453 619 225 104 402 1429 76 121 2316 42 394 1274 48 62
internal_count=11181 10486 552 695 168 148 9934 7079 5650 3047 2855 120 2603 384 2453 619 225 104 402 1429 76 121 2316 42 394 1274 48 62
is_linear=0
shrinkage=0.05


Tree=65
num_leaves=17
num_cat=0
split_feature=18 7 18 23 5 24 8 7 24 0 11 11 3 7 3 11
split_gain=191.568 334.768 182.801 379.905 216.27 266.516 268.203 205.804 269.777 132.439 114.329 66.2768 59.3003 53.846 33.338 23.4457
threshold=1.0500000119209292 1027.299987792969 3.8500000238418584 66.500000000000014 -1.0549999475479124 172.91500091552737 397.50000000000006 1025.9500122070315 59.584999084472663 24.650000572204593 -0.60784998536109913 0.60784998536109935 220.50000000000003 1020.8500061035157 11.500000000000002 -1.0000000180025095e-35
decision_type=2 2 2 2 2 2 2 2 2 2 2 2 2 2 2 2
left_child=-1 2 3 11 5 6 -4 9 -9 -6 -7 -2 14 -13 -5 -14
right_child=1 -3 4 12 7 10 -8 8 -10 -11 -12 13 15 -15 -16 -17
leaf_value=-0.12244583549485966 -0.062122346207871798 0.19305179667743771 0.023298607317958717 -0.03455122108837879 -0.006980095968885794 -0.006980095968885794 0.11670500740763688 0.20379736727246872 0.015544155655874754 0.032424266853815185 0.0075987693896958173 -0.062122346207871798 -0.03455122108837879 -0.03455122108837879 -0.006980095968885794 -0.006980095968885794
leaf_weight=33 139 22 903 125 3620 1043 84 26 71 230 2919 30 81 150 1665 40
leaf_count=33 139 22 903 125 3620 1043 84 26 71 230 2919 30 81 150 1665 40
internal_value=-0.00215494 -0.00179886 -0.00218414 -0.0149849 0.00102467 0.00800085 0.0312481 -0.0069801 0.0660038 -0.0069801 0.00220958 -0.0621223 -0.0069801 -0.0345512 -0.0069801 -0.0345512
internal_weight=11181 11148 11126 2230 8896 4949 987 3947 97 3850 3962 319 1911 180 1790 121
internal_count=11181 11148 11126 2230 8896 4949 987 3947 97 3850 3962 319 1911 180 1790 121
is_linear=0
shrinkage=0.05


Tree=66
num_leaves=17
num_cat=0
split_feature=18 7 0 24 11 7 0 9 12 11 7 1 2 23 18 7
split_gain=172.997 301.781 169.21 198.012 238.402 283.355 164.643 138.952 123.275 122.114 85.2396 85.8283 84.0898 45.8418 27.8912 11.9778
threshold=1.4499999880790713 1027.850036621094 20.150000572204593 399.58500671386724 0.60784998536109935 1017.5499877929689 23.650000572204593 -0.78654998540878285 -0.56175000965595234 -1.0000000180025095e-35 1017.4500122070314 87.500000000000014 4.9049999713897714 37.500000000000007 22.750000000000004 1019.5499877929689
decision_type=2 2 2 2 2 2 2 2 2 2 2 2 2 2 2 2
left_child=7 2 8 4 6 -6 -4 15 13 -5 -10 -12 -11 14 -2 -1
right_child=1 -3 3 9 5 -7 -8 -9 10 12 11 -13 -14 -15 -16 -17
leaf_value=-0.06768043243465946 -0.031559572496589888 0.19254374917596581 0.0043086951503526014 -0.0057119523521720591 0.1240681831414501 0.026047976006974605 0.028949844590776291 -0.14265794149927191 -0.031559572496589888 0.0043086951503526014 -0.029992632263012988 -0.0061419396252282207 -0.0057119523521720591 -0.0057119523521720591 -0.018635762424380975 -0.031559572496589888
leaf_weight=25 266 20 1439 2586 84 603 678 37 221 2130 630 940 919 479 65 59
leaf_count=25 266 20 1439 2586 84 603 678 37 221 2130 630 940 919 479 65 59
internal_value=-0.00215423 -0.0015037 -0.00185524 0.00158132 0.0124388 0.038033 0.0043087 -0.0616154 -0.0130052 -0.0038214 -0.021502 -0.0157126 0.0043087 -0.00571195 -0.0315596 -0.0315596
internal_weight=11181 11060 11040 8439 2804 687 2117 121 2601 5635 1791 1570 3049 810 331 84
internal_count=11181 11060 11040 8439 2804 687 2117 121 2601 5635 1791 1570 3049 810 331 84
is_linear=0
shrinkage=0.05


Tree=67
num_leaves=31
num_cat=0
split_feature=11 20 18 9 2 7 5 23 6 24 7 0 21 24 11 8 8 3 7 18 0 5 7 1 7 18 18 23 8 1
split_gain=165.618 169.075 155.068 160.9 240.266 246.579 162.661 130.123 119.776 116.869 111.727 96.9404 123.61 246.558 256.725 245.6 123.328 97.8654 87.6948 55.2794 33.7778 40.4713 28.9005 27.9625 36.6856 9.14433 8.27117 4.23424 2.48905 1.8392
threshold=-0.60784998536109913 21.150000572204593 1.5500000119209292 0.78654998540878307 2.9550000429153447 1018.9500122070314 -1.8450000286102293 71.500000000000014 1102.5000000000002 324.58500671386724 1016.6499938964845 18.44999980926514 12.050000190734865 275.41499328613287 -0.87834998965263356 200.50000000000003 20.500000000000004 20.500000000000004 1020.9500122070314 6.2500000000000009 25.550000190734867 -3.0949999094009395 1015.3500061035157 82.500000000000014 1019.8500061035157 12.050000190734865 1.2500000000000002 19.500000000000004 486.50000000000006 94.500000000000014
decision_type=2 2 2 2 2 2 2 2 2 2 2 2 2 2 2 2 2 2 2 2 2 2 2 2 2 2 2 2 2 2
left_child=11 2 7 4 5 -4 9 -2 -6 -5 -8 18 16 14 17 -16 19 -14 22 -13 25 -22 -1 28 -25 -15 -9 -21 -3 -20
right_child=1 23 3 6 8 -7 10 26 -10 -11 -12 12 13 20 15 -17 -18 -19 29 27 21 -23 -24 24 -26 -27 -28 -29 -30 -31
leaf_value=-0.069501897174379101 -0.15777970655606344 0.051584630459547046 0.033902110705211659 0.033902110705211659 0.00041221153784420732 0.0073325484801896688 0.011536033641423474 -0.060698831210965698 -0.028517489350503057 -0.0091168606982082508 -0.030165399736356874 -0.032027471033221622 0.099607485346496105 -0.011229972095040482 0.042249018698930746 0.19517582349660922 -0.032027471033221622 0.011432653351828645 -0.032027471033221622 -0.021628721564131051 -0.0032975911270035478 0.011432653351828645 -0.1479354167977969 0.058034802683525614 0.13998863615772941 -0.0032975911270035478 -0.030165399736356874 -0.011229972095040482 0.033902110705211659 -0.050753200562162842
leaf_weight=23 26 20 731 239 3320 1755 181 23 401 383 856 121 32 662 73 41 397 239 51 56 188 148 24 36 22 283 48 749 20 33
leaf_count=23 26 20 731 239 3320 1755 181 23 401 383 856 121 32 662 73 41 397 239 51 56 188 148 24 36 22 283 48 749 20 33
internal_value=-0.00211911 0.00166676 0.00086344 0.00163826 0.0053353 0.0173705 -0.0121939 -0.0619691 -0.00270545 0.00802153 -0.0243192 -0.0119005 -0.0100554 -0.000994401 0.0340953 0.097249 -0.0214655 0.0114327 -0.0539995 -0.01123 -0.01123 0.00463479 -0.109553 0.0669408 0.0891207 -0.01123 -0.0301654 -0.01123 0.0347798 -0.0320275
internal_weight=11181 8061 7963 7866 6207 2486 1659 97 3721 622 1037 3120 2989 1666 385 114 1323 271 131 926 1281 336 47 98 58 945 71 805 40 84
internal_count=11181 8061 7963 7866 6207 2486 1659 97 3721 622 1037 3120 2989 1666 385 114 1323 271 131 926 1281 336 47 98 58 945 71 805 40 84
is_linear=0
shrinkage=0.05


Tree=68
num_leaves=31
num_cat=0
split_feature=11 20 5 18 8 9 1 7 2 3 24 18 7 0 1 18 5 20 24 21 10 8 5 18 7 10 23 9 7 3
split_gain=154.765 151.642 138.24 190.354 639.68 144.511 122.268 117.326 242.657 114.993 129.523 108.239 93.5802 89.8833 233.917 133.328 276.214 98.136 152.81 89.4058 86.962 78.1596 73.5707 65.3129 66.0595 57.6303 33.9997 23.3481 9.10906 5.6762
threshold=-0.60784998536109913 18.849999427795414 -0.4549999982118606 3.7500000000000004 216.50000000000003 0.3793999999761582 90.500000000000014 1021.1499938964845 2.8449999094009404 283.50000000000006 122.08499908447267 3.8500000238418584 1017.6499938964845 21.849999427795414 92.500000000000014 5.2500000000000009 -0.095000002533197389 10.150000095367433 342.08500671386724 9.9499998092651385 -1.0000000180025095e-35 371.50000000000006 -1.4800000190734861 4.9500000476837167 1020.2500000000001 0.78654998540878307 62.500000000000007 -0.37939999997615809 1013.0499877929689 320.50000000000006
decision_type=2 2 2 2 2 2 2 2 2 2 2 2 2 2 2 2 2 2 2 2 2 2 2 2 2 2 2 2 2 2
left_child=13 2 3 4 26 9 11 8 -5 10 -4 -7 -8 15 17 16 -1 -15 21 -17 -16 -19 -6 -3 29 -9 -2 -21 -22 -25
right_child=1 23 5 7 22 6 12 25 -10 -11 -12 -13 -14 14 20 19 -18 18 -20 27 28 -23 -24 24 -26 -27 -28 -29 -30 -31
leaf_value=-0.18116997103942067 -0.23688627740611201 0.025144225326393595 0.025144225326393595 0.025144225326393595 -0.019047338809629104 -0.13108695694417866 0.025144225326393595 -0.0027156470305897728 0.0035522764420374518 -0.10764888746004242 -0.0018734922218461615 -0.029232024928770292 -0.013910807606992884 -0.012838786090794148 0.11546978423228632 -0.037127282331881749 -0.037127282331881749 0.07908605092150324 -0.003830523304088024 -0.024983034211337948 0.040728961831579612 0.018867773351761531 -0.0027156470305897728 0.050897663436007191 0.14155917912721636 0.023547281871526309 -0.15265095472335816 -0.012838786090794148 -0.0049601337287458599 0.075216369429836061
leaf_weight=38 23 63 81 1204 708 27 89 545 2113 24 1665 768 285 853 52 226 158 85 635 130 24 134 105 46 28 238 25 765 20 24
leaf_count=38 23 63 81 1204 708 27 89 545 2113 24 1665 768 285 853 52 226 158 85 635 130 24 134 105 46 28 238 25 765 20 24
internal_value=-0.00204503 0.0016147 0.000635694 0.00572652 -0.0156461 -0.00795756 -0.0216002 0.0102148 0.0144626 0.00105278 0.00254696 -0.0326912 0.00197554 -0.0115005 -0.00424734 -0.0214302 -0.0594765 -0.00851827 0.00517774 -0.0147781 0.071695 0.0415661 -0.00517416 0.0496528 0.0766511 -0.00271565 -0.193014 -0.0128388 0.0199612 0.0508977
internal_weight=11181 8061 7900 4961 861 2939 1169 4100 3317 1770 1746 795 374 3120 1803 1317 196 1707 854 1121 96 219 813 161 98 783 48 895 44 70
internal_count=11181 8061 7900 4961 861 2939 1169 4100 3317 1770 1746 795 374 3120 1803 1317 196 1707 854 1121 96 219 813 161 98 783 48 895 44 70
is_linear=0
shrinkage=0.05


Tree=69
num_leaves=15
num_cat=0
split_feature=18 7 7 20 2 4 10 0 17 10 12 5 11 11
split_gain=148.927 271.654 145.725 234.272 195.223 149.699 148.831 111.365 108.8 100.478 56.3253 67.0888 23.7535 12.5983
threshold=1.0500000119209292 1027.299987792969 1020.8500061035157 5.2500000000000009 5.2349998950958261 -1.955000042915344 -0.98295000195503224 21.550000190734867 0.15550000220537188 0.78654998540878307 0.81174999475479137 -1.3949999809265134 0.87834998965263378 -1.0000000180025095e-35
decision_type=2 2 2 2 2 2 2 2 2 2 2 2 2 2
left_child=-1 2 3 7 6 10 -5 -2 9 -7 11 -4 -6 -9
right_child=1 -3 5 4 12 8 -8 13 -10 -11 -12 -13 -14 -15
leaf_value=-0.10795340800629648 -0.054765588776062912 0.17394667747853831 -0.0048122120886474997 0.052459347868959109 -0.015267101933286531 -0.012456812512887553 0.0059496205555883723 -0.029273536015713326 0.092238475169454312 0.008779300238700322 -0.054765588776062912 -0.042262435319251786 -0.0040026822146327409 -0.015267101933286531
leaf_weight=33 110 22 204 177 886 2093 6097 163 28 759 74 289 102 144
leaf_count=33 110 22 204 177 886 2093 6097 163 28 759 74 289 102 144
internal_value=-0.00189173 -0.00157777 -0.00192484 0.00190902 0.00400177 -0.0104657 0.00726174 -0.034536 -0.00584234 -0.00680527 -0.0339492 -0.0267658 -0.0152671 -0.0165196
internal_weight=11181 11148 11126 7679 7262 3447 6274 417 2880 2852 567 493 988 307
internal_count=11181 11148 11126 7679 7262 3447 6274 417 2880 2852 567 493 988 307
is_linear=0
shrinkage=0.05


Tree=70
num_leaves=31
num_cat=0
split_feature=11 7 20 24 23 18 24 8 0 2 3 18 11 7 10 0 1 24 21 24 18 5 5 3 5 21 18 9 23 3
split_gain=139.997 135.035 183.414 269.693 208.127 183.528 174.625 253.183 154.252 221.351 144.542 138.488 127.205 246.252 83.5023 95.2829 225.124 144.374 95.2643 142.921 89.1567 221.646 80.5664 78.9921 212.22 69.0819 64.5425 36.8299 79.9778 36.3419
threshold=-0.60784998536109913 1022.9500122070314 5.9500000476837167 96.250000000000014 61.500000000000007 4.9500000476837167 32.08500003814698 12.500000000000002 20.550000190734867 4.2950000762939462 340.50000000000006 20.150000572204593 1.0000000180025095e-35 1025.049987792969 0.98295000195503246 22.150000572204593 91.500000000000014 209.58499908447268 11.949999809265138 307.08500671386724 5.2500000000000009 -0.33500000834465021 0.58499997854232799 262.50000000000006 -2.564999938011169 9.9499998092651385 15.34999990463257 0.91595000028610241 34.500000000000007 243.50000000000003
decision_type=2 2 2 2 2 2 2 2 2 2 2 2 2 2 2 2 2 2 2 2 2 2 2 2 2 2 2 2 2 2
left_child=14 2 23 4 10 -6 7 -3 -5 -10 -4 12 13 -8 15 20 18 -18 -17 -20 21 -1 -14 27 -25 -22 -16 -2 -29 -23
right_child=1 6 3 8 5 -7 11 -9 9 -11 -12 -13 22 -15 26 16 17 -19 19 -21 25 29 -24 24 -26 -27 -28 28 -30 -31
leaf_value=-0.1751747496666447 -0.006123324635989056 0.024844698563779084 0.022192443603227068 -0.006123324635989056 0.082089159318555704 0.22880309248077021 -0.0236382184205867 0.21352839200269608 0.019147564352348746 0.0014900330245332463 0.082089159318555704 0.024844698563779084 0.0020186800971092405 -0.11670374334528205 0.0010103530560930571 -0.013096813423073056 0.11576125607138775 0.0050851670869936551 0.040028003189298847 -0.0051057483023982629 -0.033694270561245465 -0.033694270561245465 -0.022212592567045629 -0.006123324635989056 -0.10319166433790493 -0.013096813423073056 0.073708595198636151 -0.12486720510891505 -0.013612931591591666 -0.098449660736051478
leaf_weight=31 433 46 416 1352 26 28 353 21 2530 1532 93 70 298 89 81 465 61 57 207 801 246 172 511 82 90 928 49 21 70 22
leaf_count=31 433 46 416 1352 26 28 353 21 2530 1532 93 70 298 89 81 465 61 57 207 801 246 172 511 82 90 928 49 21 70 22
internal_value=-0.00182385 0.00165688 0.00460831 0.00743703 0.0403728 0.133707 -0.0125325 0.066216 0.00401204 0.00910339 0.030471 -0.0165266 -0.0208073 -0.0423777 -0.0108169 -0.0125225 -0.00415266 0.0622991 -0.00947602 0.00288532 -0.022041 -0.0508734 -0.00902232 -0.0196837 -0.0490844 -0.0165152 0.028412 -0.010033 -0.039287 -0.0336943
internal_weight=11181 8061 6673 5977 563 54 1388 67 5414 4062 509 1321 1251 442 3120 2990 1591 118 1473 1008 1399 225 809 696 172 1174 130 524 91 194
internal_count=11181 8061 6673 5977 563 54 1388 67 5414 4062 509 1321 1251 442 3120 2990 1591 118 1473 1008 1399 225 809 696 172 1174 130 524 91 194
is_linear=0
shrinkage=0.05


Tree=71
num_leaves=29
num_cat=0
split_feature=0 24 7 7 3 7 2 9 7 5 11 10 12 0 12 9 11 18 18 20 11 1 24 11 7 6 7 7
split_gain=134.864 177.213 167.063 155.113 165.008 139.2 156.596 151.836 193.477 104.199 83.2921 73.6791 70.1347 76.1107 67.9315 53.7068 85.1527 81.7501 25.7225 25.3113 24.8465 18.2492 14.5636 7.05994 6.69956 6.69728 6.28248 5.12059
threshold=18.250000000000004 59.584999084472663 1017.4500122070314 1025.4500122070315 333.50000000000006 1020.8500061035157 4.9049999713897714 1.0000000180025095e-35 1014.3500061035157 -3.0149999856948848 1.0000000180025095e-35 0.91595000028610241 -0.56175000965595234 21.150000572204593 1.0000000180025095e-35 0.91595000028610241 1.0000000180025095e-35 7.3500001430511483 14.84999990463257 22.050000190734867 0.87834998965263378 85.500000000000014 114.58499908447267 0.87834998965263378 1015.7500000000001 407.50000000000006 1021.6499938964845 1023.8500061035157
decision_type=2 2 2 2 2 2 2 2 2 2 2 2 2 2 2 2 2 2 2 2 2 2 2 2 2 2 2 2
left_child=2 3 18 4 19 6 7 8 -3 27 -9 -11 -6 -14 -13 23 17 22 -1 -2 25 -18 -17 -4 -20 -8 -19 -7
right_child=1 5 15 -5 12 9 20 10 -10 11 -12 14 13 -15 -16 16 21 26 24 -21 -22 -23 -24 -25 -26 -27 -28 -29
leaf_value=-0.13122301793524199 0.016165485531633019 -0.0030247014391664388 -0.011804516798088626 0.14488554781880872 0.17107543008668083 0.016165485531633019 -0.0030247014391664388 -0.0030247014391664388 0.016165485531633019 -0.011804516798088626 0.010486368034119653 0.016165485531633019 0.016165485531633019 0.12289807641735445 -0.011804516798088626 -0.095764642598276786 -0.049120447061517664 -0.049407223876445527 -0.05373783415326705 0.074243903559233465 -0.0030247014391664388 -0.011804516798088626 -0.15471723318099975 -0.045517183952413658 -0.091227871382778339 -0.011804516798088626 -0.017574792932118138 -0.011804516798088626
leaf_weight=28 233 596 345 29 21 155 146 1564 2468 2262 1141 248 24 26 236 22 34 31 26 28 155 87 20 49 22 1128 31 26
leaf_count=28 233 596 345 29 21 155 146 1564 2468 2262 1141 248 24 26 236 22 34 31 26 28 155 87 20 49 22 1128 31 26
internal_value=-0.0018464 -0.000432671 -0.0231764 0.033991 0.0243044 -0.00166002 0.00207848 0.00575511 0.0133767 -0.0108537 -0.002878 -0.0118045 0.0943953 0.0621897 0.00808236 -0.0145866 -0.0366649 -0.069977 -0.0931374 0.0161655 -0.0118045 -0.0118045 -0.123837 -0.0118045 -0.0709208 -0.0118045 -0.033491 0.0161655
internal_weight=11181 10486 695 361 332 10125 7198 5769 3064 2927 2705 2746 71 50 484 619 225 104 76 261 1429 121 42 394 48 1274 62 181
internal_count=11181 10486 695 361 332 10125 7198 5769 3064 2927 2705 2746 71 50 484 619 225 104 76 261 1429 121 42 394 48 1274 62 181
is_linear=0
shrinkage=0.05


Tree=72
num_leaves=15
num_cat=0
split_feature=18 7 18 23 11 0 24 12 24 17 11 4 5 6
split_gain=133.808 231.327 130.075 288.499 157.636 204.042 282.786 147.994 198.857 78.9854 64.1908 40.925 34.1714 25.8825
threshold=1.0500000119209292 1027.299987792969 3.3500000238418584 68.500000000000014 0.60784998536109935 20.250000000000004 235.41500091552737 -0.56175000965595234 80.415000915527358 0.15650000423192981 -1.0000000180025095e-35 -3.254999995231628 0.92500001192092907 82.500000000000014
decision_type=2 2 2 2 2 2 2 2 2 2 2 2 2 2
left_child=-1 2 3 12 7 13 -7 8 -4 -9 11 -5 -2 -6
right_child=1 -3 4 10 5 6 -8 9 -10 -11 -12 -13 -14 -15
leaf_value=-0.10238794521851974 -0.051972148633233961 0.16041668247092855 0.043049502972762582 -0.0069231404467412624 0.0071076084020716777 0.064397094537983243 0.011507989944174624 -0.0069231404467412624 0.00094846423868372469 0.10033576020172663 -0.0069231404467412624 -0.029447644539987612 -0.029447644539987612 -0.0069231404467412624
leaf_weight=33 147 22 314 138 215 309 1388 3846 2627 21 874 510 98 639
leaf_count=33 147 22 314 138 215 309 1388 3846 2627 21 874 510 98 639
internal_value=-0.00185395 -0.00155635 -0.00187663 -0.0143188 0.000472471 0.0110733 0.0211384 -0.00349971 0.00544344 -0.00692314 -0.00692314 -0.0227351 -0.0519721 -0.00692314
internal_weight=11181 11148 11126 1767 9359 2551 1697 6808 2941 3867 1522 648 245 854
internal_count=11181 11148 11126 1767 9359 2551 1697 6808 2941 3867 1522 648 245 854
is_linear=0
shrinkage=0.05


Tree=73
num_leaves=31
num_cat=0
split_feature=9 3 18 24 1 0 1 7 6 24 3 11 17 7 7 18 0 9 11 24 24 8 18 20 18 5 0 7 5 7
split_gain=125.37 148.876 333.303 175.715 139.447 136.087 133.07 123.41 121.183 161.709 150.587 106.199 226.235 155.563 97.9527 85.0201 83.7865 83.407 81.8606 78.557 77.734 73.5734 69.6983 67.406 65.0139 137.745 54.9695 43.8119 82.3204 39.5121
threshold=0.91595000028610241 314.50000000000006 4.3500001430511483 145.41500091552737 82.500000000000014 21.550000190734867 89.500000000000014 1018.8500061035157 682.50000000000011 75.415000915527358 82.500000000000014 1.0000000180025095e-35 0.12550000101327899 1016.3500061035157 1013.9500122070314 20.849999427795414 18.250000000000004 1.0000000180025095e-35 0.60784998536109935 72.915000915527358 687.91500854492199 401.50000000000006 13.250000000000002 5.4500000476837167 2.9500000476837163 1.4149999618530276 24.750000000000004 1018.3500061035157 -3.7949999570846553 1016.0499877929689
decision_type=2 2 2 2 2 2 2 2 2 2 2 2 2 2 2 2 2 2 2 2 2 2 2 2 2 2 2 2 2 2
left_child=1 5 4 6 27 24 21 -8 9 10 -7 16 13 20 -5 -11 22 -16 -14 29 -13 -4 -2 -15 25 -1 -10 28 -3 -18
right_child=11 2 3 14 -6 8 7 -9 26 15 -12 12 18 23 17 -17 19 -19 -20 -21 -22 -23 -24 -25 -26 -27 -28 -29 -30 -31
leaf_value=-0.13925158833303761 -0.11267716989529378 -0.021935803297184909 0.02565238092151444 -0.021935803297184909 -0.1816146907352266 0.20108680278062821 0.11359272196795792 0.040974803147705421 -0.0053535357393193822 0.0049496157259870006 0.046208726891461376 0.05183435871076339 0.18215160426639376 -0.10075824012358983 0.02565238092151444 0.046208726891461376 0.077818146809935582 0.0032196954494216161 0.05183435871076339 -0.027058672662296824 -0.044771309267906921 0.12375757336616516 -0.043260878630484077 -0.014791938327701204 -0.010352429720798303 -0.027438438066648824 0.0014950469435885947 -0.021935803297184909 -0.11060032736716999 0.0020077728073705325
leaf_weight=31 49 37 271 130 21 20 100 141 1346 2900 46 59 21 24 259 119 25 665 21 598 21 20 74 457 2338 117 1145 26 45 55
leaf_count=31 49 37 271 130 21 20 100 141 1346 2900 46 59 21 24 259 119 25 665 21 598 21 20 74 457 2338 117 1145 26 45 55
internal_value=-0.00181847 0.000187882 0.0135652 0.0198516 -0.0637232 -0.00265783 0.043277 0.0711067 0.00167973 0.00834363 0.0857664 -0.0157901 5.90491e-05 -0.00832077 0.00802775 0.00665105 -0.0277214 0.013969 0.111989 -0.0208336 0.0518344 0.0256524 -0.0656881 -0.0190813 -0.0123868 -0.0445244 -0.00535354 -0.0407998 -0.0644142 0.0256985
internal_weight=11181 9777 1715 1586 129 8062 532 241 5576 3085 66 1404 603 561 1054 3019 801 924 42 678 80 291 123 481 2486 148 2491 108 82 80
internal_count=11181 9777 1715 1586 129 8062 532 241 5576 3085 66 1404 603 561 1054 3019 801 924 42 678 80 291 123 481 2486 148 2491 108 82 80
is_linear=0
shrinkage=0.05


Tree=74
num_leaves=13
num_cat=0
split_feature=18 7 18 9 24 11 17 7 1 7 23 9
split_gain=120.794 208.512 117.252 120.619 146.042 125.983 122.749 120.985 83.0445 47.598 34.7564 2.91996
threshold=1.0500000119209292 1027.850036621094 25.10000038146973 0.78654998540878307 823.75000000000011 1.0000000180025095e-35 0.12550000101327899 1020.8500061035157 97.500000000000014 1014.9500122070314 13.500000000000002 0.91595000028610241
decision_type=2 2 2 2 2 2 2 2 2 2 2 2
left_child=-1 2 3 4 7 8 -7 -2 -5 -6 11 -4
right_child=1 -3 10 5 9 6 -8 -9 -10 -11 -12 -13
leaf_value=-0.097276244244792254 0.008121195472860691 0.15982511669397356 0.043910533775176321 -0.025941882266555995 -0.027517934175578497 -0.0055487735296057515 0.027437610055557022 -0.0046202077926921206 0.022821154658425047 -0.0079845767852593317 0.095141279952866697 0.027437610055557022
leaf_weight=33 4810 20 28 1227 415 893 77 2273 94 1255 35 21
leaf_count=33 4810 20 28 1227 415 893 77 2273 94 1255 35 21
internal_value=-0.00175633 -0.00147358 -0.00176348 -0.00221108 0.000462228 -0.0124247 0.00125816 0.00359826 -0.022472 -0.0128387 0.0570863 0.0299042
internal_weight=11181 11148 11128 11044 8753 2291 970 7083 1321 1670 84 49
internal_count=11181 11148 11128 11044 8753 2291 970 7083 1321 1670 84 49
is_linear=0
shrinkage=0.05


Tree=75
num_leaves=16
num_cat=0
split_feature=18 7 2 0 11 18 0 1 4 12 11 23 23 4 24
split_gain=111.704 188.229 109.217 139.135 118.633 240.186 146.098 107.631 82.6718 44.9455 32.1185 17.0614 14.4215 13.1577 7.07531
threshold=1.3499999642372134 1027.299987792969 5.4849998950958261 20.150000572204593 0.60784998536109935 9.6500000953674334 23.650000572204593 53.500000000000007 -2.445000052452087 -0.56175000965595234 0.60784998536109935 117.50000000000001 37.500000000000007 -0.94499999284744252 1071.2500000000002
decision_type=2 2 2 2 2 2 2 2 2 2 2 2 2 2 2
left_child=7 2 3 9 6 -6 -5 -1 -9 12 11 13 -2 -4 -12
right_child=1 -3 10 4 5 -7 -8 8 -10 -11 14 -13 -14 -15 -16
leaf_value=-0.029997084529072134 -0.0090406939840426085 0.14487873579968105 -0.018256164269544 -0.0028401891828498688 0.00057093140227169393 0.037464411854477866 0.010845360329778352 -0.046321377698332077 -0.18677957344122909 -0.0090406939840426085 -0.0090406939840426085 -0.0090406939840426085 -0.0028401891828498688 -0.029997084529072134 -0.029997084529072134
leaf_weight=43 331 22 246 3575 1193 700 2160 20 22 1717 275 31 482 335 29
leaf_count=43 331 22 246 3575 1193 700 2160 20 22 1717 275 31 482 335 29
internal_value=-0.00166562 -0.00122821 -0.00151847 -2.73727e-05 0.00336032 0.0142135 -0.000222096 -0.058766 -0.119895 -0.00904069 -0.018054 -0.0249403 -0.00284019 -0.0274716 -0.00904069
internal_weight=11181 11096 11074 10158 7628 1893 5735 85 42 2530 916 612 813 581 304
internal_count=11181 11096 11074 10158 7628 1893 5735 85 42 2530 916 612 813 581 304
is_linear=0
shrinkage=0.05


Tree=76
num_leaves=31
num_cat=0
split_feature=18 3 8 11 0 24 18 12 24 10 23 1 10 3 23 2 23 18 20 7 17 11 12 18 5 9 6 20 23 7
split_gain=102.892 224.332 265.357 122.197 167.266 245.943 167.005 139.605 229.884 250.21 252.535 209.729 133.453 151.646 124.664 112.097 77.9433 107.188 68.0974 61.5093 59.7167 59.3501 40.8708 34.7764 34.3776 23.2072 22.6452 21.9881 69.555 11.0512
threshold=3.2500000000000004 268.50000000000006 397.50000000000006 0.60784998536109935 20.250000000000004 266.25000000000006 20.550000190734867 -0.56175000965595234 80.415000915527358 -0.91595000028610218 53.500000000000007 95.500000000000014 0.60354998707771312 32.500000000000007 53.500000000000007 3.1550000905990605 66.500000000000014 2.2500000000000004 9.5500001907348651 1018.7500000000001 0.15650000423192981 -1.0000000180025095e-35 0.81174999475479137 2.0499999523162846 -1.4800000190734861 -0.6035499870777129 82.500000000000014 14.34999990463257 46.500000000000007 1022.2500000000001
decision_type=2 2 2 2 2 2 2 2 2 2 2 2 2 2 2 2 2 2 2 2 2 2 2 2 2 2 2 2 2 2
left_child=1 16 -3 7 26 6 14 8 9 10 -2 -11 13 -10 -6 19 17 -1 -14 -7 27 -4 23 -18 -19 -25 29 -9 -29 -5
right_child=3 2 21 4 5 15 -8 20 12 11 -12 -13 18 -15 -16 -17 22 24 -20 -21 -22 -23 -24 25 -26 -27 -28 28 -30 -31
leaf_value=-0.15061621591448784 0.023103191788705738 -0.19718484031302588 -0.0768436281582002 0.0062158795136706387 0.032720637127330462 0.032720637127330462 0.17113342470136184 -0.0062837656911630046 0.022940423843688898 0.023103191788705738 0.21138251010328532 0.10261531461883022 0.0016585785603590347 -0.0062837656911630046 0.087742814082991005 0.0062158795136706387 -0.024462807418470026 -0.07096942229196429 0.023103191788705738 0.019074870474925898 0.090171712069284357 -0.0062837656911630046 -0.0062837656911630046 -0.0062837656911630046 -0.024462807418470026 -0.017218646564601103 -0.0062837656911630046 0.0012026003641134404 0.023957686929022705 -3.3943088746182796e-05
leaf_weight=20 32 35 33 135 198 203 29 3366 446 167 40 83 456 1312 121 929 336 40 441 239 21 25 274 663 94 191 653 127 392 80
leaf_count=20 32 35 33 135 198 203 29 3366 446 167 40 83 456 1312 121 929 336 40 441 239 21 25 274 663 94 191 653 127 392 80
internal_value=-0.00166106 -0.0129453 -0.0884612 0.000377724 0.00964209 0.0187155 0.0562542 -0.00310432 0.00557408 0.045471 0.127628 0.0231032 0.000735359 -0.00628377 0.0458106 0.00918712 -0.00860472 -0.0426418 0.0164708 0.0319339 -0.00628377 -0.0228521 -0.00628377 -0.0156547 -0.0265263 -0.00997449 -0.00628377 -0.00628377 0.00868897 0.00621588
internal_weight=11181 1711 93 9470 2587 1719 348 6883 2977 322 72 250 2655 1758 319 1371 1618 154 897 442 3906 58 1464 1190 134 854 868 3885 519 215
internal_count=11181 1711 93 9470 2587 1719 348 6883 2977 322 72 250 2655 1758 319 1371 1618 154 897 442 3906 58 1464 1190 134 854 868 3885 519 215
is_linear=0
shrinkage=0.05


Tree=77
num_leaves=26
num_cat=0
split_feature=18 9 24 18 15 11 20 6 8 24 1 5 0 21 7 23 11 0 18 5 8 18 6 24 18
split_gain=100.216 101.108 118.717 116.425 113.438 113.114 128.732 98.4893 123.509 95.2412 91.0903 80.014 64.607 58.8384 39.0087 31.0036 18.722 23.2013 17.3688 13.877 11.0931 8.11112 7.55425 7.24789 6.45361
threshold=25.10000038146973 0.78654998540878307 896.25000000000011 2.9500000476837163 1.1500000357627871 1.0000000180025095e-35 4.6499998569488534 682.50000000000011 333.50000000000006 372.91499328613287 96.500000000000014 -1.3650000095367429 20.44999980926514 11.949999809265138 1014.9500122070314 13.500000000000002 1.0000000180025095e-35 23.650000572204593 5.5499999523162851 -3.7450000047683711 586.50000000000011 3.3500000238418584 377.50000000000006 1286.664978027344 28.000000000000004
decision_type=2 2 2 2 2 2 2 2 2 2 2 2 2 2 2 2 2 2 2 2 2 2 2 2 2
left_child=1 2 4 -3 13 10 -7 8 -6 -8 12 -12 -5 -1 18 24 23 -18 19 -4 -9 -15 -20 -16 -2
right_child=15 3 14 5 7 6 9 20 -10 -11 11 -13 -14 21 16 -17 17 -19 22 -21 -22 -23 -24 -25 -26
leaf_value=-0.0061557871760045116 0.025223332592991657 -0.12347125752788524 -0.02569812534818014 -0.037195868825221121 0.0073673957763445612 -0.066939866259191225 0.018902056828809827 0.00064435609698280352 0.025223332592991657 -0.013727760287641859 -0.047615839245661006 0.025223332592991657 -0.013440502425041146 -0.0027557155395108537 -0.0061557871760045116 0.088575061474527636 -0.028093055454622397 -0.0061557871760045116 -0.0061557871760045116 -0.049177969555507919 0.0066277918785086947 0.00064435609698280352 -0.02569812534818014 -0.026860494311485031 0.05306804854245413
leaf_weight=1064 28 23 86 555 2522 24 563 1109 592 371 41 123 591 249 395 35 233 138 54 122 721 1408 50 63 21
leaf_count=1064 28 23 86 555 2522 24 563 1109 592 371 41 123 591 249 395 35 233 138 54 122 721 1408 50 63 21
internal_value=-0.00177471 -0.00218656 0.000247792 -0.0115435 0.00248767 -0.0104085 0.00264899 0.00700018 0.0126112 0.00594096 -0.0199574 0.0148957 -0.0249451 -0.00571147 -0.0147992 0.0526332 -0.00912762 -0.0182344 -0.0298691 -0.0382109 0.000644356 0.000644356 -0.0131853 -0.00615579 0.0269605
internal_weight=11181 11097 8806 2291 7665 2268 958 4944 3114 934 1310 164 1146 2721 1141 84 829 371 312 208 1830 1657 104 458 49
internal_count=11181 11097 8806 2291 7665 2268 958 4944 3114 934 1310 164 1146 2721 1141 84 829 371 312 208 1830 1657 104 458 49
is_linear=0
shrinkage=0.05


Tree=78
num_leaves=13
num_cat=0
split_feature=18 7 0 18 3 24 8 7 12 9 11 11
split_gain=96.3301 163.189 94.5148 98.1078 112.341 180.768 106.922 97.2433 41.8756 37.329 53.0697 5.65067
threshold=1.0500000119209292 1027.299987792969 18.250000000000004 3.3500000238418584 304.50000000000006 145.41500091552737 539.50000000000011 1017.4500122070314 0.81174999475479137 0.91595000028610241 1.0000000180025095e-35 0.87834998965263378
decision_type=2 2 2 2 2 2 2 2 2 2 2 2
left_child=-1 2 7 8 6 -6 -5 -2 -4 11 -11 -9
right_child=1 -3 3 4 5 -7 -8 9 -10 10 -12 -13
leaf_value=-0.08703025248109815 -0.044253685099425642 0.13456567471677608 -0.010078051992710162 -0.003476563046560203 0.035055226485796252 0.0020959952710081923 0.018092454478845343 -0.010078051992710162 -0.0042378153400285685 -0.044253685099425642 -0.010078051992710162 -0.041987063693909012
leaf_weight=33 76 22 1396 6130 598 1367 634 345 306 104 121 49
leaf_count=33 76 22 1396 6130 598 1367 634 345 306 104 121 49
internal_value=-0.00172962 -0.00147712 -0.00174612 -0.00055658 0.00160242 0.0121263 -0.00145487 -0.0195995 -0.0100781 -0.0114635 -0.0305731 -0.0100781
internal_weight=11181 11148 11126 10431 8729 1965 6764 695 1702 619 225 394
internal_count=11181 11148 11126 10431 8729 1965 6764 695 1702 619 225 394
is_linear=0
shrinkage=0.05


Tree=79
num_leaves=23
num_cat=0
split_feature=18 0 23 6 11 18 24 7 3 2 20 4 5 18 23 0 0 11 1 5 2 18
split_gain=88.9123 91.9281 111.174 107.428 116.91 94.361 86.0725 77.3887 71.9987 66.1834 52.3999 42.1582 39.6478 32.0318 28.2233 24.0858 22.7969 19.9275 14.0825 11.2381 9.97291 5.87021
threshold=25.10000038146973 20.150000572204593 34.500000000000007 682.50000000000011 0.60784998536109935 3.3500000238418584 75.415000915527358 1019.3500061035157 304.50000000000006 3.4300000667572026 4.5499999523162851 1.435000002384186 1.294999957084656 15.449999809265138 13.500000000000002 24.349999427795414 18.44999980926514 -0.87834998965263356 89.500000000000014 0.10500000044703485 3.2050000429153447 28.000000000000004
decision_type=2 2 2 2 2 2 2 2 2 2 2 2 2 2 2 2 2 2 2 2 2 2
left_child=1 2 7 4 6 -6 17 10 12 -7 -1 -8 -4 19 21 -5 -12 -3 -14 -9 -17 -2
right_child=14 3 8 15 5 9 11 13 -10 -11 16 -13 18 -15 -16 20 -18 -19 -20 -21 -22 -23
leaf_value=-0.11900345569565184 0.023771817956028469 0.011847156236757573 -0.015039714828491441 -0.0049305534199301157 -7.7505482513322291e-05 0.023771817956028469 -7.7505482513322291e-05 -0.030022632075037733 -0.0049305534199301157 0.011612773312353334 -0.06560747464050036 0.011847156236757573 -0.015039714828491441 -0.015039714828491441 0.083882032803126755 -7.7505482513322291e-05 -0.032067850497037323 0.023771817956028469 -0.0049305534199301157 -0.060407207889689341 -0.0025040294512217189 0.050284444292386377
leaf_weight=21 28 33 588 1579 83 757 3709 94 562 440 61 275 358 343 35 315 299 179 207 45 1149 21
leaf_count=21 28 33 588 1579 83 757 3709 94 562 440 61 275 358 343 35 315 299 179 207 45 1149 21
internal_value=-0.00165803 -0.00204596 -0.0103186 0.000457492 0.00477554 0.018003 0.000740473 -0.0251489 -0.00493055 0.0233031 -0.0422294 -7.75055e-05 -0.0150397 -0.0150397 0.0495896 -0.00493055 -0.037751 0.0237718 -0.00493055 -0.0398594 -7.75055e-05 0.025095
internal_weight=11181 11097 2578 8519 5476 1280 4196 863 1715 1197 381 3984 1153 482 84 3043 360 212 565 139 1464 49
internal_count=11181 11097 2578 8519 5476 1280 4196 863 1715 1197 381 3984 1153 482 84 3043 360 212 565 139 1464 49
is_linear=0
shrinkage=0.05


Tree=80
num_leaves=25
num_cat=0
split_feature=2 0 10 24 12 18 23 12 24 20 8 18 14 8 1 18 12 2 24 24 1 23 24 3
split_gain=87.3286 109.265 145.939 139.614 195.991 210.161 473.649 80.8793 77.8622 68.6966 129.737 48.9524 31.9324 24.301 16.9173 15.0719 14.5817 6.37422 4.58445 2.73038 2.61533 2.2482 1.68582 1.37373
threshold=5.4849998950958261 23.650000572204593 0.60354998707771312 376.25000000000006 -0.56175000965595234 3.8500000238418584 65.500000000000014 0.81174999475479137 96.250000000000014 13.750000000000002 483.50000000000006 4.9500000476837167 55.000000000000007 448.50000000000006 82.500000000000014 4.9500000476837167 1.0000000180025095e-35 6.9549999237060556 896.25000000000011 872.08499145507824 50.500000000000007 81.500000000000014 976.66500854492199 185.50000000000003
decision_type=2 2 2 2 2 2 2 2 2 2 2 2 2 2 2 2 2 2 2 2 2 2 2 2
left_child=1 2 8 4 5 -3 -7 -5 15 -6 -11 -4 13 17 -14 -1 20 22 23 -16 -15 -20 -2 -18
right_child=12 3 11 7 9 6 -8 -9 -10 10 -12 -13 14 16 19 -17 18 -19 21 -21 -22 -23 -24 -25
leaf_value=-0.0029842020769742517 -0.0082851610244291073 0.014340944527150335 -0.0082851610244291073 0.0023167568704806031 0.014340944527150335 0.055279983630531819 0.23990353870010656 0.014340944527150335 -0.0082851610244291073 0.12797124201343174 0.034200439287321131 0.0023167568704806031 -0.08645904749631883 -0.011750116906213491 -0.030094504700297033 0.0023167568704806031 -0.015367222315144488 -0.030094504700297033 -0.030094504700297033 -0.048450101471760057 -0.030094504700297033 -0.015367222315144488 -0.01918983286236307 -0.0082851610244291073
leaf_weight=109 391 46 222 1825 439 125 43 257 3762 42 72 2461 20 22 37 858 49 22 38 22 186 31 53 49
leaf_count=109 391 46 222 1825 439 125 43 257 3762 42 72 2461 20 22 37 858 49 22 38 22 186 31 53 49
internal_value=-0.00156805 -0.000244904 -0.00344375 0.00807727 0.0263651 0.0673297 0.096219 0.00231676 -0.00828516 0.0143409 0.0540599 0.00231676 -0.0163254 -0.0134704 -0.0467186 0.00231676 -0.0231951 -0.00828516 -0.0120617 -0.0332473 -0.0300945 -0.0224493 -0.00828516 -0.00828516
internal_weight=11181 10261 7412 2849 767 214 168 2082 4729 553 114 2683 920 841 79 967 375 466 167 59 208 69 444 98
internal_count=11181 10261 7412 2849 767 214 168 2082 4729 553 114 2683 920 841 79 967 375 466 167 59 208 69 444 98
is_linear=0
shrinkage=0.05


Tree=81
num_leaves=17
num_cat=0
split_feature=18 7 7 20 4 2 15 10 24 5 12 5 0 7 11 7
split_gain=87.2947 147.46 81.46 165.119 126.087 117.53 116.666 76.2473 103.92 72.6696 56.2839 47.9345 39.5809 19.97 19.396 3.47574
threshold=1.0500000119209292 1027.850036621094 1020.8500061035157 5.2500000000000009 -1.955000042915344 5.3450000286102304 1.1500000357627871 0.78654998540878307 42.915000915527351 -3.3950001001358028 1.0000000180025095e-35 -2.754999995231628 24.650000572204593 1019.5499877929689 0.60784998536109935 1021.1499938964845
decision_type=2 2 2 2 2 2 2 2 2 2 2 2 2 2 2 2
left_child=-1 2 3 9 11 6 -5 8 -6 -2 -9 15 -13 -11 -7 -4
right_child=1 -3 4 5 7 14 -8 10 -10 13 -12 12 -14 -15 -16 -17
leaf_value=-0.08275555632161824 -0.013110223972964683 0.13433116495609285 -0.011183177201578824 -0.0038499695219439511 0.027347953356017925 -0.013110223972964683 0.010272196708434801 0.022698621256256022 -0.0119705879153605 -0.042034519599182592 -0.0045852162985110219 -0.042034519599182592 -0.0045973626270313711 -0.013110223972964683 -0.0038499695219439511 0.010545435352694421
leaf_weight=33 214 20 26 2184 184 640 4213 403 1939 166 356 394 84 37 225 63
leaf_count=33 214 20 26 2184 184 640 4213 403 1939 166 356 394 84 37 225 63
internal_value=-0.00155385 -0.00131348 -0.00155727 0.00130973 -0.00794049 0.00306667 0.00541028 -0.00370012 -0.00856286 -0.0292871 0.00990146 -0.0294938 -0.0357669 -0.0420345 -0.0131102 0.00419775
internal_weight=11181 11148 11128 7679 3449 7262 6397 2882 2123 417 759 567 478 203 865 89
internal_count=11181 11148 11128 7679 3449 7262 6397 2882 2123 417 759 567 478 203 865 89
is_linear=0
shrinkage=0.05


Tree=82
num_leaves=31
num_cat=0
split_feature=9 3 18 24 1 0 0 18 7 12 24 17 12 10 7 2 9 18 23 11 0 23 0 7 3 7 14 7 18 7
split_gain=79.7802 108.588 269.151 134.254 118.108 111.152 96.1396 99.9303 84.1863 79.4121 79.1006 78.7307 81.5145 75.2519 69.1043 154.173 68.3353 61.5841 56.2734 46.7863 46.6993 78.8316 51.4493 45.6394 60.0655 40.8991 43.4707 40.2546 55.3588 36.8657
threshold=0.91595000028610241 314.50000000000006 4.3500001430511483 145.41500091552737 82.500000000000014 21.050000190734867 21.650000572204593 20.849999427795414 1013.9500122070314 -0.56175000965595234 477.08500671386724 0.12949999421834948 0.81174999475479137 -0.98295000195503224 1021.0499877929689 4.0699999332427987 1.0000000180025095e-35 2.1499999761581425 69.500000000000014 1.0000000180025095e-35 18.250000000000004 41.500000000000007 20.94999980926514 1019.0499877929689 304.50000000000006 1022.3500061035157 48.000000000000007 1017.9500122070314 7.8500001430511483 1018.3500061035157
decision_type=2 2 2 2 2 2 2 2 2 2 2 2 2 2 2 2 2 2 2 2 2 2 2 2 2 2 2 2 2 2
left_child=1 6 4 5 29 9 17 14 -5 -4 -9 12 20 -7 15 -8 -10 18 -1 -13 23 22 -22 24 -2 26 -19 -14 -29 -3
right_child=11 2 3 8 -6 13 7 10 16 -11 -12 19 27 -15 -16 -17 -18 25 -20 -21 21 -23 -24 -25 -26 -27 -28 28 -30 -31
leaf_value=-0.12685590801031696 -0.12773628556728364 -0.058855312499331271 0.048374664633414506 -0.020377301141565062 -0.16642536620299023 0.048374664633414506 0.014133394356474486 0.092148797397027943 0.022244358060028044 0.022244358060028044 0.02441605855900969 0.012919426630359188 -0.0064577561906642381 0.10053231804143814 -0.0044252698969006318 -0.0044252698969006318 0.0024392043294287043 -0.004539471798228438 -0.038422627636160771 0.082317059231655942 -0.018627155407717557 0.012919426630359188 -0.00098347867377276141 -0.018627155407717557 -0.026851341956191595 -0.0044252698969006318 -0.021454997047286241 -0.12989095697800321 -0.045720822243463431 -0.020377301141565062
leaf_weight=23 25 82 137 130 21 48 1991 57 259 242 54 30 45 105 1225 2148 665 642 23 35 370 268 312 154 36 969 930 24 105 26
leaf_count=23 25 82 137 130 21 48 1991 57 259 242 54 30 45 105 1225 2148 665 642 23 35 370 268 312 154 36 969 930 24 105 26
internal_value=-0.00150046 0.000100044 0.0115248 0.0171739 -0.0579285 0.03765 -0.0023303 0.00142293 0.00683875 0.0231289 0.0483809 -0.0126459 -0.0152546 0.0736204 0.000451207 0.00409282 0.0123749 -0.0102735 -0.0676097 0.0410934 -0.0104869 -0.00572456 -0.0148864 -0.0315298 -0.0681976 -0.00923551 -0.0145467 -0.0471763 -0.0613804 -0.0368319
internal_weight=11181 9777 1715 1586 129 532 8062 5475 1054 379 111 1404 1339 153 5364 4139 924 2587 46 65 1165 950 682 215 61 2541 1572 174 129 108
internal_count=11181 9777 1715 1586 129 532 8062 5475 1054 379 111 1404 1339 153 5364 4139 924 2587 46 65 1165 950 682 215 61 2541 1572 174 129 108
is_linear=0
shrinkage=0.05


Tree=83
num_leaves=31
num_cat=0
split_feature=11 7 7 21 24 23 20 12 6 2 5 4 1 0 8 10 16 21 8 7 8 24 11 20 24 18 2 23 12 3
split_gain=78.9857 93.9862 114.97 210.373 324.139 257.425 152.099 190.213 329.726 151.734 126.31 103.248 140.585 130.972 75.1676 65.2602 62.7953 60.6591 151.482 177.047 95.4582 128.847 283.28 74.3788 58.0056 55.0148 53.4685 44.3251 43.1497 34.5668
threshold=-0.60784998536109913 1014.9500122070314 1018.9500122070314 6.7500000000000009 84.58499908447267 61.500000000000007 10.449999809265138 -0.56175000965595234 212.50000000000003 3.5149999856948857 -3.1149998903274532 -1.955000042915344 58.500000000000007 20.650000572204593 397.50000000000006 0.98295000195503246 0.27699999511241918 11.949999809265138 152.50000000000003 1014.7500000000001 200.50000000000003 307.08500671386724 -0.87834998965263356 10.050000190734865 966.25000000000011 15.34999990463257 0.70500001311302196 19.500000000000004 0.81174999475479137 68.500000000000014
decision_type=2 2 2 2 2 2 2 2 2 2 2 2 2 2 2 2 2 2 2 2 2 2 2 2 2 2 2 2 2 2
left_child=15 16 3 10 5 -5 11 8 -8 -6 -3 12 -4 -13 -9 17 28 18 27 23 26 22 -22 -20 -18 -17 -19 -1 -2 -23
right_child=1 2 6 4 9 -7 7 14 -10 -11 -12 13 -14 -15 -16 25 24 20 19 -21 21 29 -24 -25 -26 -27 -28 -29 -30 -31
leaf_value=-0.05659911081727062 -0.031530099672575793 -0.0071209266432335694 0.0004965482924364329 0.061413124468057391 0.024081536308695799 0.25472141489386563 0.088787811691872776 0.0004965482924364329 0.0004965482924364329 -0.00093367426944233976 -0.06791740441694856 -0.017484501474588316 -0.068268797733762765 0.0004965482924364329 0.028655403569676691 0.0011536136832962067 -0.0018164317875778557 0.048920159637928007 -0.17117605289897406 -0.030502369616494565 0.020523477659125273 0.0086475312279788077 0.14361701163428803 -0.05336174674864326 -0.028547947807978671 0.068271881037828872 -0.011023603255832669 -0.011023603255832669 -0.10359916510405365 -0.011023603255832669
leaf_weight=56 90 164 80 124 1164 20 186 954 194 1265 125 1360 160 1114 237 81 632 40 37 224 151 325 54 21 165 49 956 891 27 235
leaf_count=56 90 164 80 124 1164 20 186 954 194 1265 125 1360 160 1114 237 81 632 40 37 224 151 325 54 21 165 49 956 891 27 235
internal_value=-0.00147316 0.00114133 0.00307205 0.0108317 0.0153748 0.0882615 -0.00211069 0.0102709 0.041072 0.0110539 -0.0296167 -0.00927775 -0.040589 -0.00624029 0.000496548 -0.00822809 -0.0139559 -0.00973592 -0.0182608 -0.0506618 -0.00378645 0.00977359 0.0436887 -0.128519 -0.00893447 0.026452 -0.0110236 -0.0110236 -0.0481614 -0.00264177
internal_weight=11181 8061 7147 2862 2573 144 4285 1571 380 2429 289 2714 240 2474 1191 3120 914 2990 1229 282 1761 765 205 58 797 130 996 947 117 560
internal_count=11181 8061 7147 2862 2573 144 4285 1571 380 2429 289 2714 240 2474 1191 3120 914 2990 1229 282 1761 765 205 58 797 130 996 947 117 560
is_linear=0
shrinkage=0.05


Tree=84
num_leaves=17
num_cat=0
split_feature=18 7 7 18 11 11 10 11 1 2 0 24 7 11 10 5
split_gain=78.4611 134.052 75.1003 153.974 155.232 97.5195 128.253 149.402 98.086 90.3192 63.1821 111.007 103.878 56.5784 56.0049 19.0844
threshold=1.0500000119209292 1027.299987792969 1024.350036621094 17.60000038146973 1.0000000180025095e-35 -0.60784998536109913 -0.91595000028610218 -1.0000000180025095e-35 90.500000000000014 1.2649999856948855 21.050000190734867 133.75000000000003 1018.8500061035157 0.60784998536109935 1.0000000180025095e-35 1.2250000238418581
decision_type=2 2 2 2 2 2 2 2 2 2 2 2 2 2 2 2
left_child=-1 2 5 4 15 10 7 -7 -8 -5 12 -12 -2 -6 -11 -4
right_child=1 -3 3 9 13 6 8 -9 -10 14 11 -13 -14 -15 -16 -17
leaf_value=-0.078397863177639068 -0.039792117794048537 0.12211461446501992 -0.039792117794048537 0.099661216492715643 0.0052837525668754035 0.061811027416352471 -0.0028394704761046802 0.010348262512814309 0.012046843247839029 0.0052837525668754035 0.035557374752603385 -0.0067320210983189306 -0.011749750032478069 -0.019843243441677521 0.053541978692823046 0.0052837525668754035
leaf_weight=33 259 22 150 38 164 178 5013 679 1420 35 168 2033 530 329 53 77
leaf_count=33 259 22 150 38 164 178 5013 679 1420 35 168 2033 530 329 53 77
internal_value=-0.00141426 -0.00118637 -0.00143018 -0.0157498 -0.0246732 -0.000251735 0.00286709 0.0210371 0.000446487 0.0352407 -0.00785583 -0.00350412 -0.0199954 -0.00631059 0.00742274 -0.0397921
internal_weight=11181 11148 11126 846 720 10280 7290 857 6433 126 2990 2201 789 493 88 227
internal_count=11181 11148 11126 846 720 10280 7290 857 6433 126 2990 2201 789 493 88 227
is_linear=0
shrinkage=0.05


Tree=85
num_leaves=19
num_cat=0
split_feature=18 7 23 9 24 15 7 11 17 7 11 21 7 5 24 1 7 1
split_gain=73.0582 120.857 92.5401 72.4824 87.2289 81.6311 79.7082 69.0687 165.745 130.129 75.7941 54.7686 28.9757 28.361 67.378 14.4694 14.3064 7.26564
threshold=1.5500000119209292 1027.850036621094 71.500000000000014 0.91595000028610241 896.25000000000011 1.1500000357627871 1020.8500061035157 1.0000000180025095e-35 0.12550000101327899 1016.3500061035157 0.60784998536109935 11.949999809265138 1016.1499938964845 2.8649998903274541 410.41499328613287 97.500000000000014 1019.5499877929689 61.500000000000007
decision_type=2 2 2 2 2 2 2 2 2 2 2 2 2 2 2 2 2 2
left_child=2 3 -1 4 5 11 -7 13 9 -9 -10 -2 -6 15 -15 -5 -14 -4
right_child=1 -3 17 7 12 6 -8 8 10 -11 -12 -13 16 14 -16 -17 -18 -19
leaf_value=-0.10497159374583709 -0.0053695740119622743 0.12186483204364779 -0.019506072936055607 -0.019506072936055607 -0.019506072936055607 0.010220236590029274 0.00077523801726749855 0.045445856530873019 0.16513971260615759 -0.01598545167582267 0.045445856530873019 0.00077523801726749855 -0.0053695740119622743 0.090013662651181228 -0.01357065042263943 0.01413973568490258 -0.0134320127019621 -0.052649894932454283
leaf_weight=38 1315 20 74 654 371 3783 1593 80 21 479 21 1831 164 20 73 54 568 22
leaf_count=38 1315 20 74 654 371 3783 1593 80 21 479 21 1831 164 20 73 54 568 22
internal_value=-0.00138 -0.000934866 -0.0380773 -0.00115759 0.000389554 0.002102 0.00584549 -0.011779 0.001148 -0.00604933 0.096941 -0.00429501 -0.0128411 -0.0195061 0.00870555 -0.0195061 -0.00662601 -0.0195061
internal_weight=11181 11047 134 11027 9625 8522 5376 1402 601 559 42 3146 1103 801 93 708 732 96
internal_count=11181 11047 134 11027 9625 8522 5376 1402 601 559 42 3146 1103 801 93 708 732 96
is_linear=0
shrinkage=0.05


Tree=86
num_leaves=22
num_cat=0
split_feature=18 0 7 24 7 7 9 10 18 12 18 11 5 23 18 0 23 7 9 18 24
split_gain=72.2561 67.9947 124.248 88.3651 78.4441 92.8777 103.973 73.6005 53.1943 44.3098 29.9309 28.659 27.442 21.661 18.0064 14.5296 10.8657 8.98944 6.69013 5.24581 3.87573
threshold=25.10000038146973 18.250000000000004 1017.3500061035157 49.584999084472663 1020.8500061035157 1014.3500061035157 1.0000000180025095e-35 0.78654998540878307 12.150000095367433 1.0000000180025095e-35 15.150000095367433 0.87834998965263378 -3.0149999856948848 13.500000000000002 2.6499999761581425 17.44999980926514 38.500000000000007 1015.7500000000001 0.91595000028610241 28.000000000000004 275.41499328613287
decision_type=2 2 2 2 2 2 2 2 2 2 2 2 2 2 2 2 2 2 2 2 2
left_child=1 2 10 16 5 8 -7 12 -5 -9 -1 14 -6 19 -4 -13 -3 -12 -16 -2 -17
right_child=13 3 11 4 7 6 -8 9 -10 -11 17 15 -14 -15 18 20 -18 -19 -20 -21 -22
leaf_value=-0.13182978917445456 0.021528529075773531 0.010022589445708855 -0.057733973151161556 -0.0088230625535340706 0.010022589445708855 0.010022589445708855 -0.0032926760154082246 0.010022589445708855 0.010022589445708855 -0.0078833890335753259 -0.038646633084863428 -0.06836088873721935 -0.0088230625535340706 0.074845071860722132 -0.0088230625535340706 -0.0088230625535340706 0.021528529075773531 -0.084034745246171952 -0.021727031473875853 0.046671951881476811 -0.033411965484877952
leaf_weight=21 28 74 21 1069 149 3208 2608 411 308 376 24 27 2027 35 337 20 174 20 185 21 38
leaf_count=21 28 74 21 1069 149 3208 2608 411 308 376 24 27 2027 35 337 20 174 20 185 21 38
internal_value=-0.00139598 -0.00174569 -0.0169105 -0.000735575 -0.00148335 0.00133698 0.00412258 -0.00833 -0.00882306 0.00649738 -0.0827175 -0.0100993 -0.00882306 0.0448027 -0.00882306 -0.0380625 0.0215285 -0.0592776 -0.00882306 0.0233439 -0.0239581
internal_weight=11181 11097 693 10404 10156 7193 5816 2963 1377 787 65 628 2176 84 543 85 248 44 522 49 58
internal_count=11181 11097 693 10404 10156 7193 5816 2963 1377 787 65 628 2176 84 543 85 248 44 522 49 58
is_linear=0
shrinkage=0.05


Tree=87
num_leaves=25
num_cat=0
split_feature=2 0 10 24 12 18 23 12 24 20 8 18 14 8 18 12 1 2 3 0 5 24 7 2
split_gain=66.2697 84.0425 120.805 103.426 159.265 188.146 426.852 68.2346 55.3605 52.1782 111.635 38.0758 27.1694 22.4383 16.304 15.5409 13.2008 4.52038 3.19758 2.90833 2.89985 0.899504 0.487814 0.474788
threshold=5.5150001049041757 23.650000572204593 0.60354998707771312 376.25000000000006 -0.56175000965595234 3.8500000238418584 65.500000000000014 0.81174999475479137 96.250000000000014 13.750000000000002 483.50000000000006 4.9500000476837167 55.000000000000007 460.50000000000006 4.9500000476837167 1.0000000180025095e-35 82.500000000000014 6.9549999237060556 49.500000000000007 21.050000190734867 6.5799999237060556 1008.7500000000001 1014.1499938964845 6.1549999713897714
decision_type=2 2 2 2 2 2 2 2 2 2 2 2 2 2 2 2 2 2 2 2 2 2 2 2
left_child=1 2 8 4 5 -3 -7 -5 14 -6 -11 -4 13 17 -1 22 -14 21 23 -18 -20 -2 -15 -17
right_child=12 3 11 7 9 6 -8 -9 -10 10 -12 -13 16 15 -16 18 19 -19 20 -21 -22 -23 -24 -25
leaf_value=-0.0026824395386496331 -0.0073600231369600755 0.012387688675044571 -0.0073600231369600755 0.0019951440596608101 0.012387688675044571 0.050013834984104201 0.22422120406530627 0.012387688675044571 -0.0073600231369600755 0.11628932378121787 0.029846705979013479 0.0019951440596608101 -0.077936812043190015 -0.015485128636161485 0.0019951440596608101 -0.01641534867563418 -0.046753138658546273 -0.027435259229717086 -0.0073600231369600755 -0.027435259229717086 -0.024514358065165914 -0.017397641183338582 -0.027435259229717086 -0.026360908221630827
leaf_weight=109 395 46 222 1839 439 125 43 260 3778 42 72 2461 20 33 858 28 21 22 78 35 28 47 159 21
leaf_count=109 395 46 222 1839 439 125 43 260 3778 42 72 2461 20 33 858 28 21 22 78 35 28 47 159 21
internal_value=-0.00136826 -0.000238318 -0.00304459 0.00703488 0.0227802 0.0597973 0.08764 0.00199514 -0.00736002 0.0123877 0.0473057 0.00199514 -0.0144817 -0.0118029 0.00199514 -0.0217751 -0.0430676 -0.00736002 -0.00948021 -0.0306143 -0.00736002 -0.00736002 -0.0274353 -0.0206777
internal_weight=11181 10294 7428 2866 767 214 168 2099 4745 553 114 2683 887 811 967 347 76 464 155 56 106 442 192 49
internal_count=11181 10294 7428 2866 767 214 168 2099 4745 553 114 2683 887 811 967 347 76 464 155 56 106 442 192 49
is_linear=0
shrinkage=0.05


Tree=88
num_leaves=17
num_cat=0
split_feature=18 18 0 7 1 4 6 11 18 24 18 3 23 0 2 18
split_gain=65.044 63.5579 61.4536 99.239 109.39 94.8697 79.1623 94.2891 79.5431 70.9082 28.9142 24.8762 19.5333 15.6336 8.94353 4.90894
threshold=25.10000038146973 1.0500000119209292 20.150000572204593 1017.4500122070314 96.500000000000014 -0.14500000327825543 682.50000000000011 0.60784998536109935 3.3500000238418584 75.415000915527358 2.6499999761581425 93.500000000000014 13.500000000000002 24.349999427795414 3.2050000429153447 28.000000000000004
decision_type=2 2 2 2 2 2 2 2 2 2 2 2 2 2 2 2
left_child=1 -1 3 4 -3 11 7 9 -9 -4 -7 -5 15 -8 -15 -2
right_child=12 2 6 5 -6 10 13 8 -10 -11 -12 -13 -14 14 -16 -17
leaf_value=-0.070976852662296905 0.020392215274018619 -0.0362300671542201 0.020392215274018619 -0.0362300671542201 -0.0038367316402145922 -0.0362300671542201 -0.0038367316402145922 0.00023385588111170358 0.020392215274018619 0.00023385588111170358 -0.0038367316402145922 -0.0038367316402145922 0.071003061405250006 0.00023385588111170358 -0.0018014378795514444 0.044706354006415323
leaf_weight=33 28 376 211 124 59 57 1570 83 1197 3982 1911 51 35 311 1132 21
leaf_count=33 28 376 211 124 59 57 1570 83 1197 3982 1911 51 35 311 1132 21
internal_value=-0.00135814 -0.00168994 -0.00148328 -0.00824407 -0.030018 -0.00383673 0.000570609 0.00430444 0.0161825 0.00067842 -0.00383673 -0.0362301 0.0424744 -0.00383673 0.000233856 0.0220967
internal_weight=11181 11097 11064 2578 435 2143 8486 5473 1280 4193 1968 175 84 3013 1443 49
internal_count=11181 11097 11064 2578 435 2143 8486 5473 1280 4193 1968 175 84 3013 1443 49
is_linear=0
shrinkage=0.05


Tree=89
num_leaves=31
num_cat=0
split_feature=8 8 5 3 18 9 3 12 7 18 11 2 18 5 7 5 23 7 7 7 5 12 0 5 6 7 9 5 7 11
split_gain=60.6339 68.3892 228.32 247.762 167.931 175.089 143.605 148.533 108.713 100.016 81.88 94.1774 74.8974 64.669 46.5689 29.3193 28.8833 19.674 18.1306 16.5395 15.7968 14.9016 14.6796 11.8738 9.22649 9.02866 8.32275 8.3033 2.54903 2.2985
threshold=779.50000000000011 645.50000000000011 -2.754999995231628 95.500000000000014 2.1499999761581425 -0.6035499870777129 80.500000000000014 1.0000000180025095e-35 1027.299987792969 4.0499999523162851 0.60784998536109935 1.3750000000000002 1.8499999642372134 -1.0549999475479124 1018.6499938964845 4.4349999427795419 70.500000000000014 1019.7500000000001 1021.5499877929689 1017.2500000000001 0.75499999523162853 1.0000000180025095e-35 26.349999427795414 -3.4250000715255733 1192.5000000000002 1013.8500061035157 -0.78654998540878285 -3.8449999094009395 1018.5499877929689 -1.0000000180025095e-35
decision_type=2 2 2 2 2 2 2 2 2 2 2 2 2 2 2 2 2 2 2 2 2 2 2 2 2 2 2 2 2 2
left_child=1 4 17 6 5 14 7 -4 10 15 13 -12 -7 -6 -1 -5 -2 19 -19 21 -14 -3 -11 -21 25 -18 -16 29 -27 -26
right_child=16 2 3 9 8 12 -8 -9 -10 22 11 -13 20 -15 26 -17 24 18 -20 23 -22 -23 -24 -25 27 28 -28 -29 -30 -31
leaf_value=-0.084608900988543484 -0.069564117807330503 -0.0019933933288881316 0.10578310200043264 -0.10700956970453263 0.0010540253229186967 -0.18353401702707228 0.18475308372424201 0.019011407118468059 0.11037030646746809 0.0015045906163074754 0.034119428141191059 0.0033342786104524876 -0.10260677249170841 -0.0084577406359494286 -0.018943368078700101 -0.034251342780060243 0.012453662300322322 0.048355350067669695 -0.015836539102548904 -0.02746573913100292 -0.04051670591746058 -0.030108093531572656 0.053346280843349331 -0.070794400856608444 -0.021013469406181193 -0.021013469406181193 -0.045591946245015912 -0.044396549383888734 -0.0062702010036446154 -0.037601052721341455
leaf_weight=27 33 133 93 20 3556 23 26 105 22 22 276 2487 20 3592 185 45 32 22 22 64 21 73 36 21 39 58 48 27 32 21
leaf_count=27 33 133 93 20 3556 23 26 105 22 22 276 2487 20 3592 185 45 32 22 22 64 21 73 36 21 39 58 48 27 32 21
internal_value=-0.00133753 -0.000789881 0.0145419 0.0429674 -0.00180931 -0.0372329 0.074275 0.0597678 -0.000653844 -0.0140482 -0.00090029 0.00640945 -0.111317 -0.00372581 -0.0189969 -0.0566385 -0.0260929 -0.0149018 0.0162594 -0.0196134 -0.0708045 -0.0119564 0.0336822 -0.0381705 -0.019229 -0.0103575 -0.0189434 -0.0316694 -0.0184682 -0.0210135
internal_weight=11181 10939 682 347 10257 324 224 198 9933 123 9911 2763 64 7148 260 65 242 335 44 291 41 206 58 85 209 122 233 87 90 60
internal_count=11181 10939 682 347 10257 324 224 198 9933 123 9911 2763 64 7148 260 65 242 335 44 291 41 206 58 85 209 122 233 87 90 60
is_linear=0
shrinkage=0.05


Tree=90
num_leaves=31
num_cat=0
split_feature=10 18 5 12 3 7 0 18 5 24 12 18 23 11 9 24 20 8 5 2 1 10 21 7 20 7 7 7 1 7
split_gain=58.0227 148.292 300.305 95.3866 113.501 89.0743 87.0464 151.239 259.674 132.448 148.065 176.114 377.381 120.598 75.2962 108.386 71.358 100.384 70.5769 70.2968 53.1821 52.2696 48.0185 45.9555 47.1299 43.0332 32.4103 28.736 28.114 22.291
threshold=0.78654998540878307 4.9500000476837167 0.10500000044703485 1.0000000180025095e-35 328.50000000000006 1020.5499877929689 23.550000190734867 2.8500000238418584 0.64499998092651378 376.25000000000006 -0.56175000965595234 3.8500000238418584 65.500000000000014 -0.87834998965263356 -1.0000000180025095e-35 486.25000000000006 13.750000000000002 483.50000000000006 -2.0949999094009395 2.8449999094009404 69.500000000000014 -1.0000000180025095e-35 10.949999809265138 1016.9500122070314 9.9499998092651385 1019.6499938964845 1027.1499633789065 1024.350036621094 91.500000000000014 1014.6499938964845
decision_type=2 2 2 2 2 2 2 2 2 2 2 2 2 2 2 2 2 2 2 2 2 2 2 2 2 2 2 2 2 2
left_child=6 2 -2 19 14 22 7 8 21 10 11 -8 -13 29 15 -5 -12 -18 -11 23 26 -1 -6 -3 -25 -20 -15 -22 -4 -9
right_child=1 3 28 4 5 -7 9 13 -10 18 16 12 -14 20 -16 -17 17 -19 25 -21 27 -23 -24 24 -26 -27 -28 -29 -30 -31
leaf_value=-0.19545438041289648 -0.16912633655844511 0.019469748940624285 -0.076032351269837359 0.070061075611639836 0.018080445141234299 -0.017611884346325858 0.010222983421517175 -0.0016654551784529932 -0.022671064694891153 -0.0015641034205582938 0.010222983421517175 0.046570499180448158 0.21166460971499601 -0.022671064694891153 -0.017611884346325858 -0.0057391206517399471 0.10872388916446807 0.029302686119890592 0.010222983421517175 0.0075656113691702333 -0.0015641034205582938 -0.096456629211703948 0.083233861113623006 0.019469748940624285 0.052128019633853356 -0.0015641034205582938 -0.0015641034205582938 -0.017827913213293863 -0.017611884346325858 -0.022671064694891153
leaf_weight=24 37 99 31 59 47 40 46 127 259 1581 403 130 43 317 451 235 47 78 428 714 4040 30 71 158 291 373 21 299 71 631
leaf_count=24 37 99 31 59 47 40 46 127 259 1581 403 130 43 317 451 235 47 78 428 714 4040 30 71 158 291 373 21 299 71 631
internal_value=-0.00125792 0.0058121 -0.04425 0.00902624 -0.00338086 0.0351116 -0.00309292 -0.00674598 -0.0405425 0.00361778 0.0220101 0.0567433 0.082918 -0.00479965 -0.0115444 0.00947248 0.010223 0.0483824 -0.0015641 0.0179039 -0.00179971 -0.140456 0.0572829 0.0313739 0.040178 0.010223 -0.0214167 -0.0015641 -0.0176119 -0.0226711
internal_weight=11181 2304 139 2165 903 158 8877 5748 313 3129 747 219 173 5435 745 294 528 125 2382 1262 4677 54 118 548 449 801 338 4339 102 758
internal_count=11181 2304 139 2165 903 158 8877 5748 313 3129 747 219 173 5435 745 294 528 125 2382 1262 4677 54 118 548 449 801 338 4339 102 758
is_linear=0
shrinkage=0.05


Tree=91
num_leaves=21
num_cat=0
split_feature=18 8 8 5 18 10 23 11 3 10 23 23 7 7 7 8 23 7 18 12
split_gain=57.5697 53.7318 60 142.824 134.54 153.857 77.8432 66.9314 94.1966 73.2133 25.9631 17.6749 17.5814 14.6416 10.0744 8.06427 5.47494 4.89342 4.44312 2.29555
threshold=25.10000038146973 779.50000000000011 645.50000000000011 -2.754999995231628 2.1499999761581425 -0.78654998540878285 69.500000000000014 -0.87834998965263356 315.50000000000006 0.91595000028610241 70.500000000000014 13.500000000000002 1019.7500000000001 1017.2500000000001 1021.5499877929689 792.50000000000011 82.500000000000014 1016.7500000000001 28.000000000000004 1.0000000180025095e-35
decision_type=2 2 2 2 2 2 2 2 2 2 2 2 2 2 2 2 2 2 2 2
left_child=1 2 4 12 5 -1 -7 9 -9 -6 -3 18 13 -4 -14 -12 17 -17 -2 -18
right_child=11 10 3 -5 7 6 -8 8 -10 -11 15 -13 14 -15 -16 16 19 -19 -20 -21
leaf_value=-0.13433507039376044 0.019212571229416147 -0.066079143276720334 -0.01175182221832604 0.019212571229416147 -0.015949382746771257 -0.090981011414850085 -0.017335006382239195 -0.00204035373406268 0.010851745739360616 0.01713843399545369 0.0035424779504787045 0.067124931556837894 0.019212571229416147 -0.03641602796447628 -0.015154028870165349 -0.041146797813096291 -0.0096998355363029989 -0.023374370561404248 0.04230923028219314 -0.023374370561404248
leaf_weight=34 28 33 206 347 1172 37 253 6684 1798 195 35 35 22 85 22 59 70 22 21 23
leaf_count=34 28 33 206 347 1172 37 253 6684 1798 195 35 35 22 85 22 59 70 22 21 23
internal_value=-0.00124998 -0.00156213 -0.00104265 0.0133143 -0.00200514 -0.0337078 -0.0219101 -0.000962226 0.000692492 -0.0112295 -0.024864 0.0399873 -0.0145021 -0.0189561 0.0149554 -0.0183563 -0.0227612 -0.0322648 0.0206032 -0.014484
internal_weight=11181 11097 10855 682 10173 324 290 9849 8482 1367 242 84 335 291 44 209 174 81 49 93
internal_count=11181 11097 10855 682 10173 324 290 9849 8482 1367 242 84 335 291 44 209 174 81 49 93
is_linear=0
shrinkage=0.05


Tree=92
num_leaves=31
num_cat=0
split_feature=7 3 18 23 1 12 6 0 0 2 23 12 18 5 10 12 24 11 10 4 23 0 18 10 4 7 12 3 7 5
split_gain=54.9183 66.3555 252.135 199.527 191.798 146.923 173.62 140.439 102.104 115.6 249.366 481.963 78.0473 201.88 90.2045 77.2796 77.0432 63.9418 65.2636 50.7766 49.1886 50.3012 41.4808 41.8006 37.0072 20.9282 16.4304 16.3414 16.016 71.7309
threshold=1012.7500000000001 315.50000000000006 4.3500001430511483 34.500000000000007 82.500000000000014 -0.56175000965595234 172.50000000000003 20.349999427795414 23.750000000000004 4.0150001049041757 88.500000000000014 0.81174999475479137 2.8500000238418584 0.64499998092651378 -0.37939999997615809 -0.56175000965595234 46.250000000000007 0.60784998536109935 0.60354998707771312 -2.1249999999999996 94.500000000000014 28.44999980926514 8.9499998092651385 1.0000000180025095e-35 -0.60500001907348622 1019.8500061035157 -0.56175000965595234 136.50000000000003 1018.3500061035157 -3.6249999999999996
decision_type=2 2 2 2 2 2 2 2 2 2 2 2 2 2 2 2 2 2 2 2 2 2 2 2 2 2 2 2 2 2
left_child=19 8 4 7 28 6 -5 25 12 10 15 -12 13 14 -2 -10 -7 18 -14 20 -1 -22 23 -21 -25 -4 -24 -15 29 -3
right_child=1 2 3 5 -6 16 -8 -9 9 -11 11 -13 17 27 -16 -17 -18 -19 -20 22 21 -23 26 24 -26 -27 -28 -29 -30 -31
leaf_value=-0.0099813309035150614 -0.19475662864389875 -0.026879992216991569 -0.026879992216991569 0.079504790075642137 -0.17613740265369415 0.082146214197079348 0.0090997388986171681 0.0090997388986171681 0.031759636233420152 -2.9781849161192309e-05 0.039413428732772565 0.21885561658892524 -0.013008414017262097 -0.063753772207668855 -0.067839519785983224 0.0087427354591391761 0.010089987821166256 -2.9781849161192309e-05 -3.1218210954651891e-05 -0.031514520196908376 0.020874489983977604 0.10945813343638466 0.027806278858333828 -0.045721074690421422 -0.13781247913837433 -0.0074031346596814089 -0.016917590896356041 -0.016133343012100402 -0.026879992216991569 -0.12908828953901927
leaf_weight=152 21 35 371 219 29 39 122 291 366 1405 148 43 2562 21 42 681 760 1464 1558 136 20 21 25 24 20 147 115 297 26 21
leaf_count=152 21 35 371 219 29 39 122 291 366 1405 148 43 2562 21 42 681 760 1464 1558 136 20 21 25 24 20 147 115 297 26 21
internal_value=-0.00114715 -0.000378717 0.0076822 0.0118567 -0.0656167 0.0253336 0.0528099 -0.00713408 -0.00230779 0.00587302 0.0175153 0.0700841 -0.00593259 -0.027828 -0.110145 0.00874274 0.0136071 -0.00443865 -0.00810102 -0.0171269 0.0031284 0.0517303 -0.0293434 -0.0452196 -0.0875808 -0.023906 -0.00893119 -0.0161333 -0.02688 -0.0536228
internal_weight=11181 10668 2060 1949 111 1140 341 809 8608 2643 1238 191 5965 381 63 1047 799 5584 4120 513 193 41 320 180 44 518 140 318 82 56
internal_count=11181 10668 2060 1949 111 1140 341 809 8608 2643 1238 191 5965 381 63 1047 799 5584 4120 513 193 41 320 180 44 518 140 318 82 56
is_linear=0
shrinkage=0.05


Tree=93
num_leaves=17
num_cat=0
split_feature=18 24 7 10 2 0 7 2 0 7 7 23 7 23 11 18
split_gain=51.6262 51.3828 127.325 188.522 70.0235 67.0525 73.9227 56.2957 53.1454 50.282 43.6468 24.8069 19.0142 16.0807 9.40634 4.22173
threshold=25.10000038146973 42.915000915527351 1026.6499633789065 -0.98295000195503224 1.9300000071525576 18.050000190734867 1017.3500061035157 5.4849998950958261 23.650000572204593 1023.3500061035157 1027.049987792969 44.500000000000007 1015.8500061035157 13.500000000000002 0.60784998536109935 28.000000000000004
decision_type=2 2 2 2 2 2 2 2 2 2 2 2 2 2 2 2
left_child=1 11 5 -4 -5 6 12 8 -7 -8 -6 -1 -3 15 -9 -2
right_child=13 2 3 4 10 7 9 14 -10 -11 -12 -13 -14 -15 -16 -17
leaf_value=0.0081508376510796791 0.018276778530747204 -0.047804354310587605 -0.19623140219599011 0.0081508376510796791 -0.028002986453888563 -0.0019793489470878857 -0.010897047645228581 -0.010897047645228581 0.0062303511225253079 -0.043781409041770594 -0.10899456664919854 0.018276778530747204 -0.10831878596544267 0.063834793652806962 -0.0052028005268781267 0.040768055582330348
leaf_weight=166 28 27 20 26 21 6550 247 614 2820 118 26 146 25 35 291 21
leaf_count=166 28 27 20 26 21 6550 247 614 2820 118 26 146 25 35 291 21
internal_value=-0.00110074 -0.00139634 -0.0019751 -0.0602262 -0.0229645 -0.00146843 -0.0211233 -0.000670756 0.000491447 -0.0131774 -0.0641568 0.0182768 -0.0768978 0.0379499 -0.010897 0.0194607
internal_weight=11181 11097 10785 93 73 10692 417 10275 9370 365 47 312 52 84 905 49
internal_count=11181 11097 10785 93 73 10692 417 10275 9370 365 47 312 52 84 905 49
is_linear=0
shrinkage=0.05


Tree=94
num_leaves=31
num_cat=0
split_feature=7 8 0 18 5 2 23 12 9 11 23 12 9 20 24 3 5 5 7 12 24 6 2 1 7 7 23 8 6 7
split_gain=51.3997 63.4575 81.2078 139.352 289.783 102.416 229.635 413.512 84.9805 75.1478 66.4603 65.4168 54.5776 46.2824 52.5465 47.7195 35.6744 24.3115 16.1512 11.5676 11.1619 6.79327 6.19018 5.97235 4.83963 4.28624 4.88937 4.0913 4.02432 4.60616
threshold=1012.7500000000001 774.50000000000011 23.750000000000004 2.8500000238418584 -0.38499999046325678 3.8750000000000004 88.500000000000014 0.81174999475479137 -0.37939999997615809 1.0000000180025095e-35 31.500000000000004 -0.56175000965595234 -0.78654998540878285 10.550000190734865 407.08500671386724 335.50000000000006 1.3450000286102297 -3.1750000715255733 1011.6499938964845 1.0000000180025095e-35 456.25000000000006 442.50000000000006 3.2350000143051152 80.500000000000014 1010.7500000000001 1018.5499877929689 82.500000000000014 126.50000000000001 477.50000000000006 1012.4500122070314
decision_type=2 2 2 2 2 2 2 2 2 2 2 2 2 2 2 2 2 2 2 2 2 2 2 2 2 2 2 2 2 2
left_child=13 2 3 4 8 6 11 -8 -2 10 -5 -4 -11 15 -15 18 -6 25 19 24 21 -16 -19 -22 -1 26 -3 -7 -20 -30
right_child=1 17 5 9 16 27 7 -9 -10 12 -12 -13 -14 14 20 -17 -18 22 28 -21 23 -23 -24 -25 -26 -27 -28 -29 29 -31
leaf_value=-0.038537808366571419 -0.071321463018655773 -0.03049189063324912 0.0339915971405991 -0.015938191703736036 -0.05886289103298771 0.011210407611087089 0.040721200909995814 0.20760131346624952 -0.19711475988914229 -0.015938191703736036 -0.0018519628424497774 0.011210407611087089 0.0028742676836061493 0.059524288633838296 0.025020553619600833 -0.084765224674982695 -0.015938191703736036 -0.039411068746509653 -0.015052134004878221 -0.058743719523772601 -0.015052134004878221 -0.0011312001379034918 -0.074624982934731701 -0.0011312001379034918 -0.015052134004878221 -0.0008285438207288583 -0.011397484272815599 0.0028742676836061493 -0.022585900915125981 -0.048986732400953775
leaf_weight=33 25 73 319 994 49 225 145 43 29 326 3142 656 3033 32 21 35 293 24 85 40 105 23 26 51 33 30 62 1174 34 21
leaf_count=33 25 73 319 994 49 225 145 43 29 326 3142 656 3033 32 21 35 293 24 85 40 105 23 26 51 33 30 62 1174 34 21
internal_value=-0.00103381 -0.0002904 0.000262656 -0.00224849 -0.0311552 0.00799703 0.0195465 0.070232 -0.138877 -0.000721199 -0.00542327 0.0112104 0.00287427 -0.0164932 3.50903e-05 -0.0301394 -0.0159382 -0.0271792 -0.0223674 -0.0375269 -0.00948318 0.0127897 -0.0577223 -0.0150521 -0.0246682 -0.0179237 -0.0217226 0.00287427 -0.0150521 -0.0301197
internal_weight=11181 10668 10453 7891 396 2562 1163 188 54 7495 4136 975 3359 513 232 281 342 215 246 106 200 44 50 156 66 165 135 1399 140 55
internal_count=11181 10668 10453 7891 396 2562 1163 188 54 7495 4136 975 3359 513 232 281 342 215 246 106 200 44 50 156 66 165 135 1399 140 55
is_linear=0
shrinkage=0.05


Tree=95
num_leaves=27
num_cat=0
split_feature=17 10 18 5 12 9 11 7 20 24 24 7 11 0 0 5 24 12 2 1 5 6 1 0 7 5
split_gain=50.1857 51.7162 109.842 255.397 83.622 98.8715 106.822 73.8045 113.834 107.755 100.94 99.883 179 89.4578 83.5736 67.4789 62.5032 59.4296 58.0724 49.296 46.9702 26.3353 23.1635 22.7268 21.7246 16.7597
threshold=0.15550000220537188 0.78654998540878307 4.9500000476837167 0.10500000044703485 1.0000000180025095e-35 -1.0000000180025095e-35 -1.0000000180025095e-35 1021.2500000000001 5.2500000000000009 101.25000000000001 42.915000915527351 1026.6499633789065 1.0000000180025095e-35 20.150000572204593 20.44999980926514 -2.7949999570846553 157.91500091552737 -0.56175000965595234 2.8449999094009404 85.500000000000014 0.069999998435378089 467.50000000000006 91.500000000000014 21.650000572204593 1016.9500122070314 -1.705000042915344
decision_type=2 2 2 2 2 2 2 2 2 2 2 2 2 2 2 2 2 2 2 2 2 2 2 2 2 2
left_child=1 7 3 -3 18 6 -6 8 14 17 19 15 -13 -11 20 -12 -7 -10 24 -9 -1 -2 -5 -20 -4 -16
right_child=21 2 4 22 5 16 -8 10 9 13 11 12 -14 -15 25 -17 -18 -19 23 -21 -22 -23 -24 -25 -26 -27
leaf_value=-0.10329286033430925 0.092693600532683468 -0.15336167494187486 0.016600733842594095 -0.070034895371645686 -0.01468528743721307 0.026182319781224195 0.026182319781224195 0.026182319781224195 0.026182319781224195 -0.011907887033727953 0.0063860534087290298 -0.18954274071888491 -0.022811682357763249 0.0023309546525931597 -0.011907887033727953 -0.014295395033062109 -0.01468528743721307 0.010609007679478612 -0.0076373645258884047 0.0063860534087290298 -0.044322488235267965 0.026182319781224195 -0.01468528743721307 0.012448527748419881 0.026182319781224195 -0.042634291620925073
leaf_weight=52 22 37 99 31 128 32 224 61 167 943 170 22 60 4539 298 1925 519 423 193 105 22 20 71 521 449 48
leaf_count=52 22 37 99 31 128 32 224 61 167 943 170 22 60 4539 298 1925 519 423 193 105 22 20 71 521 449 48
internal_value=-0.000991297 -0.00119699 0.00547449 -0.0376113 0.00824074 -0.00337608 0.0174132 -0.00293679 -0.000191389 0.00154992 -0.0105437 -0.0134102 -0.0675444 -0.000635228 -0.0253657 -0.0112914 -0.0146853 0.0218532 0.0165529 0.0261823 -0.073594 0.0535616 -0.0146853 0.00701915 0.0261823 -0.015051
internal_weight=11181 11139 2304 139 2165 903 352 8835 6492 6072 2343 2177 82 5482 420 2095 551 590 1262 166 74 42 102 714 548 346
internal_count=11181 11139 2304 139 2165 903 352 8835 6492 6072 2343 2177 82 5482 420 2095 551 590 1262 166 74 42 102 714 548 346
is_linear=0
shrinkage=0.05


Tree=96
num_leaves=15
num_cat=0
split_feature=18 7 24 11 2 8 18 0 10 2 7 11 4 18
split_gain=48.629 105.659 51.6725 52.1452 95.322 272.721 69.1633 65.9158 81.3669 52.4724 18.461 15.8612 4.47739 1.50392
threshold=1.0500000119209292 1027.850036621094 1082.914978027344 0.60784998536109935 1.3750000000000002 180.50000000000003 9.6500000953674334 23.550000190734867 0.3793999999761582 5.0699999332427987 1014.9500122070314 -0.87834998965263356 -1.314999997615814 7.2500000000000009
decision_type=2 2 2 2 2 2 2 2 2 2 2 2 2 2
left_child=-1 2 3 7 5 -5 -6 8 -2 -9 13 -12 -13 -4
right_child=1 -3 10 4 6 -7 -8 9 -10 -11 11 12 -14 -15
leaf_value=-0.061489788730713459 -0.0092758085326447477 0.11411646142601968 -0.031096848694002491 0.017934940358908202 -0.0036345436828380965 0.14826901887374169 0.012855862216937634 0.0096124759048562269 -0.00060441886316432063 -0.00060441886316432063 -0.031096848694002491 -0.0092758085326447477 -0.020260038837656244 -0.015582069283647632
leaf_weight=33 2923 20 103 232 1705 44 1014 1835 2347 617 33 142 111 22
leaf_count=33 2923 20 103 232 1705 44 1014 1835 2347 617 33 142 111 22
internal_value=-0.000883314 -0.000703909 -0.000910272 -0.000243042 0.0053572 0.0333546 0.00251524 -0.00241511 -0.00556616 0.00435732 -0.0183086 -0.0111873 -0.00927581 -0.0310968
internal_weight=11181 11148 11128 10717 2995 276 2719 7722 5270 2452 411 286 253 125
internal_count=11181 11148 11128 10717 2995 276 2719 7722 5270 2452 411 286 253 125
is_linear=0
shrinkage=0.05


Tree=97
num_leaves=31
num_cat=0
split_feature=7 10 14 24 11 1 0 3 18 23 1 11 0 0 2 23 24 18 5 21 18 11 15 3 23 1 7 10 5 24
split_gain=48.146 117.06 127.454 102.899 85.4675 103.765 126.181 85.9116 227.124 201.576 149.08 130.033 118.944 71.7852 158.511 241.955 78.1471 76.5024 112.912 56.0748 80.5231 55.7775 52.8638 52.6899 55.2148 49.3219 42.6698 41.3655 80.0396 40.0121
threshold=1014.3500061035157 -0.91595000028610218 48.000000000000007 145.41500091552737 -0.87834998965263356 94.500000000000014 21.050000190734867 315.50000000000006 4.3500001430511483 34.500000000000007 82.500000000000014 -1.0000000180025095e-35 20.349999427795414 23.750000000000004 2.9050000905990605 85.500000000000014 239.58499908447268 2.2500000000000004 0.69499999284744274 11.550000190734865 9.0500001907348651 0.60784998536109935 1.1500000357627871 78.500000000000014 88.500000000000014 92.500000000000014 1018.6499938964845 -0.78654998540878285 0.32500000298023229 275.41499328613287
decision_type=2 2 2 2 2 2 2 2 2 2 2 2 2 2 2 2 2 2 2 2 2 2 2 2 2 2 2 2 2 2
left_child=1 2 -1 25 5 23 26 13 10 12 -9 -11 -10 17 15 -15 -16 18 -6 20 22 -19 -5 24 -2 -3 -7 28 -25 -21
right_child=4 3 -4 19 7 6 -8 8 9 11 -12 -13 -14 14 16 -17 -18 21 -20 29 -22 -23 -24 27 -26 -27 -28 -29 -30 -31
leaf_value=-0.0016241514997091145 0.0031230301590830551 0.022320681780018004 -0.16141062035010412 -0.081421848976363745 -0.1205282369233442 -0.15731689264673904 -0.0050887460028057677 -0.024579527261001724 -0.022397490214078629 0.059840710975935088 -0.16478952433054264 0.019367877362759585 0.012021166944563995 0.022387516623577821 0.021530208325028104 0.14796005699369644 0.0021458039062969515 -0.0063623866619528235 -0.020281162891134238 0.022320681780018004 -0.01148469987919956 0.0021458039062969515 -0.030062360937319 -0.076914225480910661 0.070032503583601552 0.10489282299365317 -0.073278507176490329 -0.0068776711190985862 -0.010632549592557905 -0.004922929868787289
leaf_weight=24 259 37 26 66 33 23 67 70 421 272 26 734 181 260 76 45 1535 3325 122 66 268 1495 208 69 35 28 44 570 134 662
leaf_count=24 259 37 26 66 33 23 67 70 421 272 26 734 181 260 76 45 1535 3325 122 66 268 1495 208 69 35 28 44 570 134 662
internal_value=-0.000876039 -0.00960192 -0.0847131 -0.00678876 0.000357663 -0.0121362 -0.0536081 0.00210346 0.0121561 0.0166163 -0.0625531 0.0303108 -0.0062685 -0.000382339 0.00784094 0.0409146 0.0021458 -0.00354934 -0.0381249 -0.0099292 -0.0221056 -0.00243747 -0.0424336 -0.00692794 0.0110884 0.0545706 -0.102128 -0.0137802 -0.0331618 -0.000863825
internal_weight=11181 1385 50 1335 9796 1201 134 8595 1704 1608 96 1006 602 6891 1916 305 1611 4975 155 1270 542 4820 274 1067 294 65 67 773 203 728
internal_count=11181 1385 50 1335 9796 1201 134 8595 1704 1608 96 1006 602 6891 1916 305 1611 4975 155 1270 542 4820 274 1067 294 65 67 773 203 728
is_linear=0
shrinkage=0.05


Tree=98
num_leaves=30
num_cat=0
split_feature=6 23 7 8 3 7 11 18 21 10 18 24 4 1 21 6 12 5 11 24 5 1 23 4 6 8 4 3 1
split_gain=47.4445 72.981 143.949 57.3957 114.199 215.594 180.08 73.531 59.3216 61.3574 58.74 50.0597 49.6658 49.5885 46.9307 36.5671 35.3056 33.2429 107.026 28.866 28.2962 25.3196 24.7342 20.0103 15.2021 10.7718 10.5439 3.40958 0.269596
threshold=862.50000000000011 63.500000000000007 1024.350036621094 401.50000000000006 17.500000000000004 1018.2500000000001 1.0000000180025095e-35 6.8500001430511483 27.10000038146973 0.78654998540878307 14.050000190734865 42.915000915527351 0.74500000476837169 66.500000000000014 8.3499999046325701 477.50000000000006 0.81174999475479137 -2.4950000047683711 0.60784998536109935 225.41500091552737 3.1049998998641972 85.500000000000014 52.500000000000007 -1.1249999999999998 1007.5000000000001 774.50000000000011 -1.1249999999999998 318.50000000000006 53.500000000000007
decision_type=2 2 2 2 2 2 2 2 2 2 2 2 2 2 2 2 2 2 2 2 2 2 2 2 2 2 2 2 2
left_child=3 2 26 8 5 13 -7 -8 9 11 15 21 17 -5 28 -11 -12 19 -19 -6 -13 -1 27 -24 -4 -16 -2 -10 -3
right_child=1 14 24 4 12 6 7 -9 22 10 16 20 -14 -15 25 -17 -18 18 -20 -21 -22 -23 23 -25 -26 -27 -28 -29 -30
leaf_value=0.017693136857421615 -0.049668187461793425 -0.011697834896902218 -0.088544636893840067 -0.003846211423935235 0.054471033410384111 0.23258948007767855 0.0067699963493006573 0.12474615347385408 0.017693136857421615 0.0066816438951650126 0.017693136857421615 -0.003846211423935235 0.067804982463518779 0.073368764305043785 -0.003846211423935235 -0.003846211423935235 0.0080887939115534945 0.00047454809652360084 0.055986842140555382 -0.003846211423935235 0.0063460135573028577 0.0065440542813888312 0.040444483443040483 0.096298391247789064 -0.14870732795624506 -0.011697834896902218 -0.0195494583698692 0.034477558280482434 -0.0195494583698692
leaf_weight=79 32 100 21 77 26 22 28 25 23 981 745 4890 30 21 1143 439 63 480 106 337 758 211 24 24 21 167 154 33 121
leaf_count=79 32 100 21 77 26 22 28 25 23 981 745 4890 30 21 1143 439 63 480 106 337 758 211 24 24 21 167 154 33 121
internal_value=-0.000780813 -0.0083189 -0.0347103 0.000626479 0.0110825 0.0485318 0.112336 0.0624191 -0.000830025 -0.00130792 0.00576952 -0.00384621 0.00446475 -0.000297834 -0.00438864 -0.000354558 0.0165321 0.00246242 0.010516 -0.00384621 -0.00384621 0.0169343 0.0366942 0.0631958 -0.118626 -0.00384621 -0.0195495 0.0176931 -0.0195495
internal_weight=11181 1759 228 9422 1152 173 75 53 8270 8166 2228 5938 979 98 1531 1420 808 949 586 363 5648 290 104 48 42 1310 186 56 221
internal_count=11181 1759 228 9422 1152 173 75 53 8270 8166 2228 5938 979 98 1531 1420 808 949 586 363 5648 290 104 48 42 1310 186 56 221
is_linear=0
shrinkage=0.05


Tree=99
num_leaves=26
num_cat=0
split_feature=18 7 4 2 0 10 7 23 10 18 2 7 14 21 16 12 23 18 1 5 11 7 3 9 23
split_gain=44.9487 42.8718 54.2788 47.4239 61.4196 75.3589 47.9901 45.2066 42.6263 31.1887 27.9297 23.7894 23.0699 20.975 35.9756 18.084 14.9677 14.6619 12.079 10.8385 7.96349 5.18073 2.28289 1.81489 1.67019
threshold=25.10000038146973 1011.6499938964845 -2.2450000047683711 5.5150001049041757 23.750000000000004 0.60354998707771312 1016.3500061035157 88.500000000000014 -0.91595000028610218 4.9500000476837167 3.7949999570846562 1010.3500061035157 55.000000000000007 11.949999809265138 0.20700000226497653 -0.56175000965595234 20.500000000000004 8.9499998092651385 82.500000000000014 -3.4850000143051143 -0.87834998965263356 1019.2500000000001 187.50000000000003 -0.91595000028610218 98.500000000000014
decision_type=2 2 2 2 2 2 2 2 2 2 2 2 2 2 2 2 2 2 2 2 2 2 2 2 2
left_child=1 2 11 4 5 6 -3 8 -6 -7 -9 19 15 14 -4 17 21 -5 -14 -1 -17 -2 -20 -15 -25
right_child=16 3 13 12 7 9 -8 10 -10 -11 -12 -13 18 23 -16 20 -18 -19 22 -21 -22 -23 -24 24 -26
leaf_value=0.0047091361860899881 0.017252365342308677 0.002574338666398049 -0.11049143734574318 -0.023775880134262791 0.010467303402896448 -0.0057791751848554427 -0.0057791751848554427 0.017252365342308677 0.002574338666398049 0.002574338666398049 0.010467303402896448 0.017252365342308677 -0.071558250635862353 -0.035861678752634261 -0.043649820199930078 -0.023046612683683635 0.072166008182934352 -0.0057791751848554427 -0.023775880134262791 -0.037448606109847467 -0.0057791751848554427 0.040667141947363109 -0.038759236361969401 -0.025656755713119289 -0.0084052506135776639
leaf_weight=30 35 846 25 180 496 222 3934 208 1535 2453 286 42 20 27 37 70 21 45 29 31 487 28 27 47 20
leaf_count=30 35 846 25 180 496 222 3934 208 1535 2453 286 42 20 27 37 70 21 45 29 31 487 28 27 47 20
internal_value=-0.000828589 -0.00110441 -0.0212082 -0.00062398 0.000345798 -0.00193699 -0.00577918 0.00708566 0.00368224 0.00257434 0.0172524 0.00696129 -0.0119041 -0.0398073 -0.0623822 -0.0093482 0.0356091 -0.0214382 -0.0382036 -0.0167153 -0.00577918 0.0234235 -0.0262912 -0.0249174 -0.0205071
internal_weight=11181 11097 259 10838 9980 7455 4780 2525 2031 2675 494 103 858 156 62 782 84 225 76 61 557 63 56 94 67
internal_count=11181 11097 259 10838 9980 7455 4780 2525 2031 2675 494 103 858 156 62 782 84 225 76 61 557 63 56 94 67
is_linear=0
shrinkage=0.05


Tree=100
num_leaves=28
num_cat=0
split_feature=8 15 18 7 20 1 24 7 7 10 18 12 8 12 18 9 23 1 2 8 17 23 5 2 6 7 21
split_gain=43.1543 47.723 81.7719 58.0199 253.359 83.2786 52.8266 262.543 53.007 59.082 72.8818 55.8677 50.3308 33.2083 30.1296 33.6231 22.7665 10.7903 9.02599 6.59551 5.00429 4.15599 4.30368 2.30544 1.42844 1.7312 1.37075
threshold=779.50000000000011 1.1500000357627871 7.1499998569488534 1015.1499938964845 9.6500000953674334 82.500000000000014 37.084999084472663 1026.049987792969 1020.8500061035157 -0.78654998540878285 4.4500000476837167 -0.56175000965595234 269.50000000000006 0.81174999475479137 2.8500000238418584 -0.78654998540878285 70.500000000000014 81.500000000000014 0.87500000000000011 792.50000000000011 0.14050000160932544 82.500000000000014 -3.6550000905990596 5.680000066757203 1252.5000000000002 1013.8500061035157 16.44999980926514
decision_type=2 2 2 2 2 2 2 2 2 2 2 2 2 2 2 2 2 2 2 2 2 2 2 2 2 2 2
left_child=1 2 3 4 5 -1 7 20 9 10 -8 -11 -6 -4 15 -5 -2 -16 26 -18 -3 22 23 -21 25 -23 -10
right_child=16 6 13 14 12 -7 8 -9 18 11 -12 -13 -14 -15 17 -17 19 -19 -20 21 -22 24 -24 -25 -26 -27 -28
leaf_value=-0.22236514110118152 -0.060237497633153753 0.016416445980922938 -0.0014584964602555874 -0.01772931179380852 -0.080091039915509407 -0.082859456927879993 -0.0014584964602555874 0.19769066685721989 0.0074789747603336747 -0.0014584964602555874 0.016416445980922938 0.0074335450806980487 -0.0085156603315523181 -0.0085156603315523181 -0.0085156603315523181 -0.045799454276019599 0.0042554341469492234 -0.017537068699466432 -0.0014584964602555874 -0.020066805112677562 0.053323558653178428 0.0023754851780831815 -0.037893232020508261 -0.036648809058325633 -0.020066805112677562 -0.013891954068966334 0.016416445980922938
leaf_weight=20 33 106 2198 103 20 23 164 21 84 1596 845 2367 157 205 391 132 35 405 2058 36 23 25 24 21 33 35 21
leaf_count=20 33 106 2198 103 20 23 164 21 84 1596 845 2367 157 205 391 132 35 405 2058 36 23 25 24 21 33 35 21
internal_value=-0.00075842 -0.0002964 -0.00495951 -0.0155728 -0.0388831 -0.147746 0.00204252 0.0314077 0.00142517 0.00475325 0.0155551 0.00200304 -0.0124363 -0.0014585 -0.0105988 -0.026943 -0.0216429 -0.00851566 -0.0014585 -0.015549 0.0164164 -0.0195326 -0.0278126 -0.0200668 -0.012321 -0.0077171 0.0164164
internal_weight=11181 10939 3654 1251 220 43 7285 150 7135 4972 1009 3963 177 2403 1031 235 242 796 2163 209 129 174 81 57 93 60 105
internal_count=11181 10939 3654 1251 220 43 7285 150 7135 4972 1009 3963 177 2403 1031 235 242 796 2163 209 129 174 81 57 93 60 105
is_linear=0
shrinkage=0.05


Tree=101
num_leaves=12
num_cat=0
split_feature=18 7 7 6 24 11 2 0 1 18 7
split_gain=42.3503 91.0826 44.2898 109.435 45.0902 47.7033 89.1925 57.9045 16.1745 15.2638 3.81956
threshold=1.0500000119209292 1027.299987792969 1026.6499633789065 347.50000000000006 1109.5850219726565 0.60784998536109935 2.7350000143051152 23.550000190734867 53.500000000000007 7.7500000000000009 1019.7500000000001
decision_type=2 2 2 2 2 2 2 2 2 2 2
left_child=-1 2 4 -4 5 7 -7 -2 10 -10 -6
right_child=1 -3 3 -5 8 6 -8 -9 9 -11 -12
leaf_value=-0.057299755281895737 -0.0049490841746675195 0.10106234787540003 0.089661269611679029 -0.028936684809096315 -0.028936684809096315 0.015920102203770905 -0.0017184958731604899 0.0043366049471331245 -0.028936684809096315 -0.0090343142733639824 -0.0090343142733639824
leaf_weight=33 5260 22 20 62 26 1210 1758 2466 177 60 87
leaf_count=33 5260 22 20 62 26 1210 1758 2466 177 60 87
internal_value=-0.000741038 -0.000573614 -0.000774584 -0.0289367 -0.000493437 8.45421e-05 0.00547244 -0.00198526 -0.0181532 -0.0261638 -0.00903431
internal_weight=11181 11148 11126 82 11044 10694 2968 7726 350 237 113
internal_count=11181 11148 11126 82 11044 10694 2968 7726 350 237 113
is_linear=0
shrinkage=0.05


Tree=102
num_leaves=31
num_cat=0
split_feature=1 5 24 7 11 7 1 23 9 5 24 7 7 10 7 21 12 0 7 12 2 2 7 24 5 18 20 7 11 4
split_gain=41.9244 106.276 104.512 241.523 100.303 100.277 83.2611 76.979 76.1119 144.47 125.255 118.149 105.755 155.813 85.681 92.0438 91.6108 76.0177 72.6051 156.569 69.3551 68.1066 62.3416 61.0642 50.8202 61.0307 50.6825 49.2 71.1251 67.4358
threshold=90.500000000000014 1.544999957084656 114.58499908447267 1017.2500000000001 0.60784998536109935 1023.6499938964845 94.500000000000014 37.500000000000007 0.3793999999761582 -1.6050000190734861 42.915000915527351 1022.2500000000001 1026.6499633789065 -0.98295000195503224 1017.4500122070314 16.349999427795414 -0.56175000965595234 19.250000000000004 1013.9500122070314 1.0000000180025095e-35 1.9300000071525576 2.9550000429153447 1018.2500000000001 271.25000000000006 -3.0549999475479122 10.150000095367433 11.750000000000002 1019.6499938964845 1.0000000180025095e-35 1.8049999475479128
decision_type=2 2 2 2 2 2 2 2 2 2 2 2 2 2 2 2 2 2 2 2 2 2 2 2 2 2 2 2 2 2
left_child=8 2 3 -2 6 7 -4 22 10 14 11 -1 18 -14 24 -16 -17 -8 19 -12 -15 -20 -3 -9 25 -10 -5 28 29 -11
right_child=1 5 4 26 -6 -7 17 23 9 27 12 -13 13 20 15 16 -18 -19 21 -21 -22 -23 -24 -25 -26 -27 -28 -29 -30 -31
leaf_value=0.037128458144640213 0.086542793164650605 0.039781605119586914 -0.0064686636469794834 0.0050330248110818264 0.0050330248110818264 -0.0037088064089489526 -0.10324147013374246 0.14018046992520491 -0.019635890967939974 -0.06548306555319193 0.0013966123976565123 0.14363785349961483 -0.17666905278339984 0.037128458144640213 0.0072603404615074396 0.10319155150107923 0.033489377027976198 -0.028796185238260621 0.010529256266696482 -0.045223355747472785 -0.055651843080178225 -0.0012636121963652809 -0.022460872812776783 0.0541609050142167 -0.035887001712734887 0.01426764900426279 0.035819010988530457 -0.013873060959519285 -0.003320158286186964 -0.019759098658813975
leaf_weight=24 105 54 619 333 377 168 39 24 242 194 586 33 20 26 330 63 49 284 1873 260 47 3535 61 147 130 294 137 855 134 138
leaf_count=24 105 54 619 333 377 168 39 24 242 194 586 33 20 26 330 63 49 284 1873 260 47 3535 61 147 130 294 137 855 134 138
internal_value=-0.000714357 0.00522403 1.59602e-05 0.017805 -0.00773891 0.0269511 -0.0172066 0.0449611 -0.00229291 -0.00982914 0.000565543 0.074354 -9.71235e-05 -0.0530238 0.00348544 0.0205529 0.0597184 -0.0377849 0.000689922 -0.012931 -0.0191484 0.00282072 0.0133294 0.0662338 -0.0078416 -0.00103955 0.00503302 -0.0209968 -0.0340673 -0.0464773
internal_weight=11181 2348 1894 575 1319 454 942 286 8833 2429 6404 57 6347 93 1108 442 112 323 6254 846 73 5408 115 171 666 536 470 1321 466 332
internal_count=11181 2348 1894 575 1319 454 942 286 8833 2429 6404 57 6347 93 1108 442 112 323 6254 846 73 5408 115 171 666 536 470 1321 466 332
is_linear=0
shrinkage=0.05


Tree=103
num_leaves=20
num_cat=0
split_feature=8 18 1 7 7 18 9 24 0 23 11 23 23 8 7 0 4 5 4
split_gain=38.7322 40.7785 82.0797 76.7528 46.8154 120.122 91.3366 62.884 59.8191 81.2626 71.2593 20.8177 6.23916 7.65721 6.37861 1.2688 0.829521 0.502858 0.0969839
threshold=779.50000000000011 1.3499999642372134 53.500000000000007 1027.299987792969 1024.350036621094 20.150000572204593 0.60354998707771312 37.084999084472663 20.250000000000004 34.500000000000007 0.60784998536109935 70.500000000000014 82.500000000000014 810.50000000000011 1016.7500000000001 29.650000572204593 -1.5750000476837156 -5.1150000095367423 -0.92500001192092884
decision_type=2 2 2 2 2 2 2 2 2 2 2 2 2 2 2 2 2 2 2
left_child=1 2 -1 4 8 7 -7 -6 9 -3 -10 -2 14 -14 15 18 -15 -18 -13
right_child=11 3 -4 -5 5 6 -8 -9 10 -11 -12 12 13 16 -16 -17 17 -19 -20
leaf_value=-0.018021403763171601 -0.057384144808306836 -0.018021403763171601 -0.098103149318032795 0.093301797387274843 0.012274717497376037 0.10666997947863172 0.012274717497376037 -0.018021403763171601 0.00015830259791323214 -0.0016252899686555991 0.011376610817907135 -0.029795022772194708 0.020801600977955831 -0.0063092408461891351 -0.014940563343747038 -0.023572443730451847 -0.0071693576765634748 -0.014940563343747038 -0.036017601813937566
leaf_weight=43 33 875 36 22 55 35 56 680 5758 1502 1877 20 21 33 37 22 24 30 22
leaf_count=43 33 875 36 22 55 35 56 680 5758 1502 1877 20 21 33 37 22 24 30 22
internal_value=-0.000692806 -0.000255098 -0.0360481 5.27475e-06 -0.000184107 -0.011625 0.0425708 -0.0180214 0.000759778 -0.00616681 0.00291623 -0.0204783 -0.0146511 -0.00629679 -0.0235843 -0.0340997 -0.0128378 -0.0149406 -0.0360176
internal_weight=11181 10939 79 10860 10838 826 91 735 10012 2377 7635 242 209 108 101 64 87 54 42
internal_count=11181 10939 79 10860 10838 826 91 735 10012 2377 7635 242 209 108 101 64 87 54 42
is_linear=0
shrinkage=0.05


Tree=104
num_leaves=31
num_cat=0
split_feature=1 5 18 5 24 7 11 20 7 0 18 7 5 8 2 23 24 23 18 23 20 20 6 7 12 7 24 2 3 23
split_gain=38.6073 96.9195 91.0417 162.797 104.651 208.237 110.571 96.3388 89.2653 67.597 71.3196 61.0598 88.5314 117.245 85.7887 253.934 77.2507 60.072 57.5037 63.0309 55.9973 55.663 43.6196 42.2207 41.6967 34.4091 29.0077 25.5668 23.9328 20.9315
threshold=90.500000000000014 1.544999957084656 4.8500001430511483 -0.64499998092651356 129.58499908447268 1016.4500122070314 0.60784998536109935 9.4499998092651385 1019.3500061035157 18.050000190734867 4.1499998569488534 1014.3500061035157 -0.4549999982118606 721.50000000000011 2.9550000429153447 72.500000000000014 37.084999084472663 54.500000000000007 8.1500000953674334 38.500000000000007 10.250000000000002 11.750000000000002 922.50000000000011 1013.7500000000001 0.81174999475479137 1025.1499633789065 279.58500671386724 3.0449999570846562 117.50000000000001 99.500000000000014
decision_type=2 2 2 2 2 2 2 2 2 2 2 2 2 2 2 2 2 2 2 2 2 2 2 2 2 2 2 2 2 2
left_child=9 2 3 7 5 -4 23 -2 18 10 -1 20 14 16 15 -13 -14 -10 -3 -20 -11 -7 -16 -6 27 -12 28 -19 -22 -28
right_child=1 8 4 -5 6 21 -8 -9 17 11 25 12 13 -15 22 -17 -18 24 19 -21 26 -23 -24 -25 -26 -27 29 -29 -30 -31
leaf_value=-0.11679622566327452 -0.19824169987723941 -0.00028419989076527681 0.093403805739113277 -0.016858956742009171 0.0075759018659003396 0.0075759018659003396 0.0075759018659003396 -0.046789344719478064 -0.018120552922760987 -0.013479116937869873 -0.034257525439718613 0.0066883431541657594 0.078487307320420571 0.095489427846457281 0.0028404552112889412 0.06743446740106894 -0.0080841181910636713 0.036010220559336337 0.045188816705984736 0.12155899039723657 0.071395098906138849 0.038694689092679056 -0.012240836242694529 -0.016858956742009171 0.072291603320982403 -0.013479116937869873 -0.0050334614618338172 0.0047273245461658831 0.018839100725747866 0.018839100725747866
leaf_weight=20 21 33 84 110 113 357 296 21 115 692 219 1461 26 28 2115 195 2897 83 70 44 29 144 620 748 41 58 368 68 24 81
leaf_count=20 21 33 84 110 113 357 296 21 115 692 219 1461 26 28 2115 195 2897 83 70 44 29 144 620 748 41 58 368 68 24 81
internal_value=-0.00064763 0.00505099 7.74604e-05 -0.0370335 0.00331562 0.0205504 -0.0053986 -0.122516 0.0257996 -0.00216244 -0.0256117 -0.00134656 0.000358801 -0.00633864 0.00485986 0.0138414 -0.00731407 0.0104579 0.0578397 0.074665 -0.0118329 0.00833546 -0.000578338 -0.0158178 0.0275752 -0.019028 0.00341219 0.0154337 0.0383954 -0.000717231
internal_weight=11181 2348 1894 152 1742 585 1157 42 454 8833 297 8536 7342 2951 4391 1656 2923 307 147 114 1194 501 2735 861 192 277 502 151 53 449
internal_count=11181 2348 1894 152 1742 585 1157 42 454 8833 297 8536 7342 2951 4391 1656 2923 307 147 114 1194 501 2735 861 192 277 502 151 53 449
is_linear=0
shrinkage=0.05


Tree=105
num_leaves=22
num_cat=0
split_feature=18 24 9 1 4 9 6 8 0 17 1 7 18 18 5 23 4 3 7 7 8
split_gain=36.8272 32.9909 37.1622 51.3052 101.943 71.8945 58.1744 56.5227 44.6458 35.446 17.667 16.7532 25.1753 15.9214 14.1596 13.4313 10.2925 12.2574 4.38372 1.32944 0.110504
threshold=25.10000038146973 1109.5850219726565 0.91595000028610241 89.500000000000014 0.16499999910593036 0.3793999999761582 827.50000000000011 87.500000000000014 21.44999980926514 0.12949999421834948 53.500000000000007 1016.6499938964845 9.8499999046325701 7.7500000000000009 -1.6050000190734861 20.500000000000004 -2.8749999999999996 154.50000000000003 1019.2500000000001 1019.7500000000001 526.50000000000011
decision_type=2 2 2 2 2 2 2 2 2 2 2 2 2 2 2 2 2 2 2 2 2
left_child=1 2 3 5 8 6 -1 -6 -5 11 19 12 -4 16 -7 18 20 -18 -2 -3 -12
right_child=15 10 9 4 7 14 -8 -9 -10 -11 13 -13 -14 -15 -16 -17 17 -19 -20 -21 -22
leaf_value=0.0046024605633982595 0.015731139791621759 -0.032555179197627765 -0.0081464970018586495 -0.0081464970018586495 0.015731139791621759 0.00089491554896085294 -0.0062871730509840703 -0.0081464970018586495 0.010643778044483639 0.015731139791621759 -0.020340184373432667 -0.0081464970018586495 0.0037923213948815554 -0.0081464970018586495 -0.0081464970018586495 0.066976749826045276 -0.056472421668115114 -0.023317146390676502 0.036927801610103679 -0.0081464970018586495 -0.028112168804458951
leaf_weight=4161 35 26 161 385 1186 640 1739 104 317 65 41 879 278 60 828 21 63 50 28 91 23
leaf_count=4161 35 26 161 385 1186 640 1739 104 317 65 41 879 278 60 828 21 63 50 28 91 23
internal_value=-0.000635048 -0.000884709 -0.000389825 0.000740572 0.00785997 -0.00118422 0.00139279 0.0157311 -0.00748199 -0.00804023 -0.0159032 -0.0081465 0.00215291 -0.0247666 -0.0081465 0.032347 -0.0325339 -0.0418019 0.0208037 -0.0081465 -0.0203402
internal_weight=11181 11097 10743 9360 1992 7368 5900 1290 702 1383 354 1318 439 237 1468 84 177 113 63 117 64
internal_count=11181 11097 10743 9360 1992 7368 5900 1290 702 1383 354 1318 439 237 1468 84 177 113 63 117 64
is_linear=0
shrinkage=0.05


Tree=106
num_leaves=31
num_cat=0
split_feature=7 3 18 1 23 12 6 0 3 7 1 1 18 8 24 7 24 15 23 4 23 0 18 10 18 7 4 7 5 12
split_gain=33.1978 47.1281 178.709 133.704 131.26 123.856 145.386 106.084 80.9646 133.795 128.989 81.3541 104.951 66.2836 59.289 63.6431 58.2295 47.8259 36.3845 36.3021 36.5537 40.0217 28.8231 35.588 29.2789 20.389 17.5005 14.0327 68.851 13.0051
threshold=1012.7500000000001 315.50000000000006 4.3500001430511483 82.500000000000014 34.500000000000007 -0.56175000965595234 167.50000000000003 20.44999980926514 262.50000000000006 1020.4500122070314 96.500000000000014 77.500000000000014 4.9500000476837167 152.50000000000003 40.415000915527351 1027.049987792969 46.250000000000007 1.1500000357627871 44.500000000000007 -2.1249999999999996 94.500000000000014 28.44999980926514 8.9499998092651385 1.0000000180025095e-35 8.1500000953674334 1019.8500061035157 0.9350000023841859 1018.3500061035157 -3.6249999999999996 -0.56175000965595234
decision_type=2 2 2 2 2 2 2 2 2 2 2 2 2 2 2 2 2 2 2 2 2 2 2 2 2 2 2 2 2 2
left_child=19 8 3 27 7 6 -6 25 14 10 13 -11 -13 -10 18 17 -7 -16 -2 20 -1 -22 23 -21 -25 -4 -12 28 -3 -24
right_child=1 2 4 -5 5 16 -8 -9 9 11 26 12 -14 -15 15 -17 -18 -19 -20 22 21 -23 29 24 -26 -27 -28 -29 -30 -31
leaf_value=-0.0072713776770749403 0.025440774461455359 -0.022379412823008378 -0.022379412823008378 -0.14726761343150305 0.071320381586836581 0.070050557029361901 0.0079965483186873743 0.0079965483186873743 -0.049119291339555511 0.070201688142199278 0.0025422033720782829 -0.081064639040934194 0.0027681597990782134 -0.13814294787690692 -0.0060724864722386026 -0.067879466361233168 0.0079965483186873743 0.0023511353502600088 0.085980475700593417 -0.02401472460341585 0.019327948247775478 0.097723366249175311 0.026273349098861216 -0.11653401728042148 -0.034960127689621666 -0.0057940638166133823 0.065673990223718726 -0.022379412823008378 -0.1217127181944393 -0.013516442867542578
leaf_weight=152 20 35 382 29 216 39 125 276 230 38 21 42 336 23 2461 35 760 5344 35 136 20 21 25 22 22 151 23 26 21 115
leaf_count=152 20 35 382 29 216 39 125 276 230 38 21 42 336 23 2461 35 760 5344 35 136 20 21 25 22 22 151 23 26 21 115
internal_value=-0.000672644 -7.51939e-05 0.00671819 -0.0549915 0.0102327 0.0211635 0.0463909 -0.0051704 -0.00170093 -0.017837 -0.0434708 0.000464065 -0.0065466 -0.0572124 -0.00024368 -0.000606595 0.0103969 -0.000304923 0.0514881 -0.0130968 0.00402989 0.0459273 -0.0234263 -0.0366604 -0.0757471 -0.0195847 0.0355429 -0.0223794 -0.0474086 -0.00641112
internal_weight=11181 10668 2060 111 1949 1140 341 809 8608 713 297 416 378 253 7895 7840 799 7805 55 513 193 41 320 180 44 533 44 82 56 140
internal_count=11181 10668 2060 111 1949 1140 341 809 8608 713 297 416 378 253 7895 7840 799 7805 55 513 193 41 320 180 44 533 44 82 56 140
is_linear=0
shrinkage=0.05


Tree=107
num_leaves=17
num_cat=0
split_feature=18 18 24 0 6 11 3 7 23 23 11 5 7 24 5 11
split_gain=33.1424 32.3811 32.482 40.0306 61.4311 57.0442 31.8828 31.8321 17.507 12.1376 8.57006 5.31736 4.02495 3.32546 2.7055 1.20689
threshold=25.10000038146973 1.0500000119209292 1000.415008544922 20.94999980926514 682.50000000000011 0.60784998536109935 301.50000000000006 1016.1499938964845 34.500000000000007 20.500000000000004 -0.87834998965263356 3.1049998998641972 1019.2500000000001 1246.2500000000002 -2.0549999475479122 1.0000000180025095e-35
decision_type=2 2 2 2 2 2 2 2 2 2 2 2 2 2 2 2
left_child=1 -1 3 6 5 -5 11 14 -8 12 13 -3 -2 -9 -4 -12
right_child=9 2 7 4 -6 -7 8 10 -10 -11 15 -13 -14 -15 -16 -17
leaf_value=-0.0503186019871271 0.014899312716962888 -0.0057208258040349277 -0.025517231330824043 0.0031596845080666038 -0.00097793249820332553 0.014899312716962888 -0.0057208258040349277 -0.007956230879894324 -0.00097793249820332553 0.063581865813050961 -0.0057208258040349277 -0.00097793249820332553 0.035171987914613317 -0.025517231330824043 -0.0085659861490130426 -0.014369890440448604
leaf_weight=33 35 1679 202 3259 2532 927 709 28 807 21 204 484 28 20 25 188
leaf_count=33 35 1679 202 3259 2532 927 709 28 807 21 204 484 28 20 25 188
internal_value=-0.000626526 -0.000863368 -0.000715861 -2.96712e-05 0.00226625 0.00634185 -0.00422212 -0.011412 -0.000977932 0.030662 -0.00572083 -0.00572083 0.0196887 -0.0255172 -0.0255172 -0.00572083
internal_weight=11181 11097 11064 10397 6718 4186 3679 667 1516 84 440 2163 63 48 227 392
internal_count=11181 11097 11064 10397 6718 4186 3679 667 1516 84 440 2163 63 48 227 392
is_linear=0
shrinkage=0.05


Tree=108
num_leaves=31
num_cat=0
split_feature=1 11 7 11 24 8 5 0 18 5 11 18 9 5 24 7 7 10 7 12 17 18 15 2 5 0 7 7 11 4
split_gain=31.6481 87.6535 138.922 153.972 184.434 133.197 68.8624 68.5649 123.14 66.2917 110.03 79.317 60.5402 113.98 97.9567 101.793 89.2959 142.135 69.9279 97.295 131.334 60.2071 66.881 58.4516 57.7025 53.7277 51.0245 43.8269 62.9816 59.8331
threshold=90.500000000000014 -0.87834998965263356 1016.3500061035157 0.87834998965263378 129.58499908447268 157.50000000000003 0.81499999761581432 21.050000190734867 15.34999990463257 1.3450000286102297 -1.0000000180025095e-35 2.9500000476837163 0.3793999999761582 -1.6050000190734861 42.915000915527351 1022.2500000000001 1026.6499633789065 -0.98295000195503224 1017.7500000000001 -0.56175000965595234 0.11950000002980234 13.84999990463257 1.1500000357627871 1.9300000071525576 -0.25499999523162836 22.94999980926514 1024.1499633789065 1019.6499938964845 1.0000000180025095e-35 2.3950001001358037
decision_type=2 2 2 2 2 2 2 2 2 2 2 2 2 2 2 2 2 2 2 2 2 2 2 2 2 2 2 2 2 2
left_child=12 7 3 4 -3 9 -7 8 24 11 -11 -4 14 18 15 -1 21 -18 -14 20 -20 22 -16 -19 -2 -6 -23 28 29 -15
right_child=1 2 5 -5 25 6 -8 -9 -10 10 -12 -13 13 27 16 -17 17 23 19 -21 -22 26 -24 -25 -26 -27 -28 -29 -30 -31
leaf_value=0.032894674688705772 -0.16218794798073563 0.088540770571965438 -0.096312928904912304 0.11432177668268032 -0.015172921893162434 -0.11693280736422713 -0.012052722255988368 0.00014559299496160646 -0.021984506126412687 0.095865484200259476 0.013643395061460218 0.0016978240764308752 -0.0064361687104447889 -0.054898473027210883 -0.010162801806365293 0.1307899888717767 -0.16675251446664335 0.032894674688705772 0.0031109529300010763 0.0025490926136859716 0.10255287408396818 0.0092519472693266581 0.0022636703780748186 -0.049983531756802126 -0.063665485710260414 0.043462803819042724 0.032894674688705772 -0.01190588718901078 -0.0020321021089330315 -0.0058787303763520289
leaf_weight=24 23 78 21 55 162 34 29 212 84 47 303 1212 702 249 1471 33 20 26 64 273 69 629 4103 47 42 46 51 855 134 83
leaf_count=24 23 78 21 55 162 34 29 212 84 47 303 1212 702 249 1471 33 20 26 64 273 69 629 4103 47 42 46 51 855 134 83
internal_value=-0.000617224 0.00454229 0.00866004 0.0377065 0.0229728 0.00264251 -0.0686547 -0.0181225 -0.0441146 0.00547999 0.0246846 2.85412e-05 -0.00198873 -0.00870997 0.000560597 0.0658148 -2.54258e-05 -0.0486593 0.00311639 0.0196334 0.0547011 0.000697784 -0.00101572 -0.016305 -0.0985273 -0.00161516 0.0147435 -0.0186294 -0.0309656 -0.0426435
internal_weight=11181 2348 1987 341 286 1646 63 361 149 1583 350 1233 8833 2429 6404 57 6347 93 1108 406 133 6254 5574 73 65 208 680 1321 466 332
internal_count=11181 2348 1987 341 286 1646 63 361 149 1583 350 1233 8833 2429 6404 57 6347 93 1108 406 133 6254 5574 73 65 208 680 1321 466 332
is_linear=0
shrinkage=0.05


Tree=109
num_leaves=31
num_cat=0
split_feature=8 7 0 18 5 2 23 12 10 12 8 4 9 12 1 20 18 23 5 23 18 11 5 11 7 8 5 7 23 5
split_gain=31.826 35.0434 47.7782 88.93 218.363 70.551 180.726 359.132 70.1902 68.0243 55.2108 47.4798 45.4504 33.1604 34.6416 64.9519 52.5204 31.9913 23.9938 19.8222 15.6317 9.17219 6.55033 6.53288 5.66725 5.99533 5.73642 4.63999 2.04768 0.973653
threshold=779.50000000000011 1012.7500000000001 23.750000000000004 2.8500000238418584 -0.38499999046325678 4.0150001049041757 88.500000000000014 0.81174999475479137 1.0000000180025095e-35 -0.56175000965595234 160.50000000000003 0.89499998092651378 0.91595000028610241 1.0000000180025095e-35 82.500000000000014 10.34999990463257 9.1500000953674334 94.500000000000014 1.7749999761581423 70.500000000000014 8.9499998092651385 -0.60784998536109913 -2.8950001001358028 1.0000000180025095e-35 1013.8500061035157 832.50000000000011 -3.3549998998641963 1016.7500000000001 82.500000000000014 -4.0450000762939444
decision_type=2 2 2 2 2 2 2 2 2 2 2 2 2 2 2 2 2 2 2 2 2 2 2 2 2 2 2 2 2 2
left_child=1 13 3 4 8 6 9 -8 -3 -4 12 -12 -5 17 15 16 -15 20 -6 -2 23 -22 -17 -1 25 -21 27 28 -26 -29
right_child=19 2 5 10 18 -7 7 -9 -10 -11 11 -13 -14 14 -16 22 -18 -19 -20 24 21 -23 -24 -25 26 -27 -28 29 -30 -31
leaf_value=-0.015960241455959711 -0.054519273521322201 -0.19255972411483527 0.030875237271070041 0.0024217618943235862 -0.041864432637683219 0.0024217618943235862 0.034435639604482017 0.18877460291219314 -0.074513895393294449 0.0089705317735577945 -0.012437323907200884 0.0024217618943235862 -0.0069954491170809725 -0.1508761767636646 0.009638796663666899 -0.0003840619262548224 -0.056818832188711636 0.038137737967264961 -0.012437323907200884 0.01651868829824801 -0.0073434095978552527 0.013980240752953281 -0.030391233981671657 -0.046335620880126958 -0.026578422513875096 -0.015363106336444617 -0.033669896746511788 0.0045497275888919829 -0.0097654356172791248 -0.0098946464760228999
leaf_weight=154 33 20 360 5152 72 1314 152 43 34 704 752 231 1360 22 37 31 20 39 270 29 68 40 44 20 55 30 20 28 27 20
leaf_count=154 33 20 360 5152 72 1314 152 43 34 704 752 231 1360 22 37 31 20 39 270 29 68 40 44 20 55 30 20 28 27 20
internal_value=-0.0005717 -0.00017493 0.000428021 -0.00150124 -0.0245935 0.00634476 0.0155193 0.0599007 -0.118235 0.00897053 -0.000281151 -0.0113264 0.00138616 -0.0134576 -0.0325309 -0.0458666 -0.0956494 -0.00430721 -0.0124373 -0.0185067 -0.0101773 0.00476485 -0.0179883 -0.0194517 -0.0128205 0.000307606 -0.0179842 -0.0138152 -0.0210424 -0.00146876
internal_weight=11181 10939 10464 7891 396 2573 1259 195 54 1064 7495 983 6512 475 154 117 42 321 342 242 282 108 75 174 209 59 150 130 82 48
internal_count=11181 10939 10464 7891 396 2573 1259 195 54 1064 7495 983 6512 475 154 117 42 321 342 242 282 108 75 174 209 59 150 130 82 48
is_linear=0
shrinkage=0.05


Tree=110
num_leaves=29
num_cat=0
split_feature=2 10 0 7 24 5 12 18 7 11 2 6 11 18 14 24 0 4 12 18 4 11 1 5 7 24 11 8
split_gain=31.0454 37.5352 56.8438 55.8927 79.2604 142.56 60.0888 46.1316 77.2454 41.653 84.0908 34.1376 33.8983 24.8159 22.2499 20.8075 16.8302 16.5761 11.6649 9.87725 8.15505 6.2589 4.13644 2.7016 2.17299 1.98373 1.93029 1.30129
threshold=5.680000066757203 0.78654998540878307 23.550000190734867 1014.9500122070314 266.25000000000006 -3.0949999094009395 0.81174999475479137 14.050000190734865 1024.1499633789065 0.60784998536109935 3.1250000000000004 477.50000000000006 0.60784998536109935 5.1499998569488534 55.000000000000007 75.415000915527358 20.550000190734867 -0.4549999982118606 -0.56175000965595234 8.9499998092651385 1.9149999618530276 -0.87834998965263356 92.500000000000014 2.304999947547913 1014.3500061035157 1127.0799560546877 -0.60784998536109913 384.50000000000006
decision_type=2 2 2 2 2 2 2 2 2 2 2 2 2 2 2 2 2 2 2 2 2 2 2 2 2 2 2 2
left_child=1 2 12 -4 5 -5 -6 11 9 23 -11 13 15 -3 18 -1 22 -10 19 24 -16 27 -14 -9 -2 -23 -15 -20
right_child=14 7 3 4 6 -7 -8 8 17 10 -12 -13 16 26 20 -17 -18 -19 21 -21 -22 25 -24 -25 -26 -27 -28 -29
leaf_value=2.1464244244271888e-05 -0.014326684061584622 0.00053269662855708164 2.1464244244271888e-05 0.093316991875569022 0.00055078057656637793 0.018809567901936042 0.018809567901936042 0.0079785949073422277 0.10824315011501313 0.062828440833662721 0.0079785949073422277 -0.0052926771614784747 -0.0052926771614784747 0.004255645767949655 -0.023360690961690772 -0.0052926771614784747 2.1464244244271888e-05 0.051745254491027952 -0.010445875190198422 -0.0052926771614784747 -0.056235637049416476 -0.0052926771614784747 -0.0026356064586171013 0.021124202510147551 -0.023360690961690772 -0.023360690961690772 0.0079785949073422277 -0.023360690961690772
leaf_weight=642 30 121 819 75 1306 258 278 462 20 107 82 451 582 234 31 3244 778 37 20 32 33 405 256 91 102 22 625 38
leaf_count=642 30 121 819 75 1306 258 278 462 20 107 82 451 582 234 31 3244 778 37 20 32 33 405 256 91 102 22 625 38
internal_value=-0.000588876 9.87322e-05 -0.00145902 0.00443081 0.0100534 0.0322273 0.00539183 0.00585334 0.0154775 0.0111686 0.0322873 0.000479676 -0.00438788 0.00635807 -0.0106841 -0.00529268 2.14642e-05 0.0715691 -0.0079104 -0.0196083 -0.038811 -0.00529268 -0.00529268 0.00797859 -0.0233607 -0.00529268 0.00797859 -0.0221671
internal_weight=11181 10468 8238 2736 1917 333 1584 2230 799 742 189 1431 5502 980 713 3886 1616 57 649 164 64 485 838 553 132 427 859 58
internal_count=11181 10468 8238 2736 1917 333 1584 2230 799 742 189 1431 5502 980 713 3886 1616 57 649 164 64 485 838 553 132 427 859 58
is_linear=0
shrinkage=0.05


Tree=111
num_leaves=31
num_cat=0
split_feature=1 5 7 9 0 4 11 18 2 23 24 7 0 18 7 5 8 2 8 24 24 20 11 18 6 6 7 4 4 20
split_gain=30.8885 77.1805 77.9888 77.9166 74.3289 107.596 94.5602 141.325 73.4644 58.5186 57.4529 50.8585 50.6069 61.675 50.342 64.8471 93.7672 71.1627 226.379 60.0425 49.5306 48.2472 101.546 41.2706 36.9465 30.9863 29.2254 19.8404 17.6333 25.6046
threshold=90.500000000000014 1.544999957084656 1023.6499938964845 -0.78654998540878285 20.94999980926514 -0.044999999925494187 0.87834998965263378 20.550000190734867 3.1800000667572026 37.500000000000007 129.58499908447268 1017.3500061035157 18.050000190734867 4.1499998569488534 1014.3500061035157 -0.4549999982118606 721.50000000000011 2.9550000429153447 622.50000000000011 37.084999084472663 271.25000000000006 14.550000190734865 -0.87834998965263356 5.8500001430511483 492.50000000000006 452.50000000000006 1025.1499633789065 -1.0049999952316282 -2.3049999475479122 10.250000000000002
decision_type=2 2 2 2 2 2 2 2 2 2 2 2 2 2 2 2 2 2 2 2 2 2 2 2 2 2 2 2 2 2
left_child=12 3 9 27 5 23 10 -8 -7 11 -6 -3 13 -1 21 17 19 18 -16 -17 -11 28 -23 -5 -19 -4 -15 -2 29 -14
right_child=1 2 25 4 6 8 7 -9 -10 20 -12 -13 14 26 15 16 -18 24 -20 -21 -22 22 -24 -25 -26 -27 -28 -29 -30 -31
leaf_value=-0.1070657110994216 -0.027854917035438121 0.034353637258678973 0.024387736960512694 -0.09172179476628381 0.038654070432557794 0.0043398998995944219 0.018947118277160023 0.16171773007282844 -0.039920190577818593 0.12401514761149884 0.0043398998995944219 -0.019062551574527541 -0.011772822991629926 -0.030689392234549591 0.0075202161077980896 0.069312707564005482 0.085605260896097338 0.0057391568575769969 0.083720414250945827 -0.007009863915653604 0.046543867685863764 0.095381109629358571 0.005253450392830831 -0.029234361145307194 -0.0047238231529898797 -0.020265484426745049 -0.011772822991629926 -0.094668834924697881 -0.011772822991629926 0.005253450392830831
leaf_weight=20 20 49 61 31 129 858 52 26 99 24 475 66 169 219 1552 26 28 814 104 2897 147 35 70 179 1921 107 58 25 680 240
leaf_count=20 20 49 61 31 129 858 52 26 99 24 475 66 169 219 1552 26 28 814 104 2897 147 35 70 179 1921 107 58 25 680 240
internal_value=-0.000626137 0.00447108 0.0229866 3.28167e-05 0.00161491 -0.00604876 0.0147286 0.0665373 0.00106314 0.0388695 0.00803803 0.0112902 -0.00198109 -0.0222705 -0.00127514 0.000273332 -0.00545866 0.00412555 0.0123057 -0.00633098 0.057417 -0.0107968 0.0222797 -0.0384587 -0.000827422 -0.00405211 -0.0161481 -0.0649738 -0.0117728 -0.000780795
internal_weight=11181 2348 454 1894 1849 1167 682 78 957 286 604 115 8833 297 8536 7342 2951 4391 1656 2923 171 1194 105 210 2735 168 277 45 1089 409
internal_count=11181 2348 454 1894 1849 1167 682 78 957 286 604 115 8833 297 8536 7342 2951 4391 1656 2923 171 1194 105 210 2735 168 277 45 1089 409
is_linear=0
shrinkage=0.05


Tree=112
num_leaves=31
num_cat=0
split_feature=15 18 3 8 12 1 11 24 11 23 11 7 7 10 24 23 0 11 7 1 24 7 21 23 9 24 12 1 1 3
split_gain=30.4205 81.211 82.684 110.115 41.0976 38.9532 86.2841 53.1282 37.5531 34.9499 73.1492 39.5289 28.5417 23.8532 33.8115 49.4484 31.2667 29.4832 106.048 111.433 31.1361 24.8202 18.2126 16.849 16.4659 16.3251 14.9369 20.7895 10.7747 9.44085
threshold=1.2450000047683718 3.8500000238418584 273.50000000000006 397.50000000000006 0.81174999475479137 96.500000000000014 -1.0000000180025095e-35 62.084999084472663 -1.0000000180025095e-35 66.500000000000014 1.0000000180025095e-35 1020.6499938964845 1021.3500061035157 -0.91595000028610218 88.750000000000014 55.500000000000007 23.550000190734867 0.87834998965263378 1016.6499938964845 86.500000000000014 109.58499908447267 1018.2500000000001 25.149999618530277 38.500000000000007 -1.0000000180025095e-35 708.75000000000011 -0.56175000965595234 50.500000000000007 91.500000000000014 330.50000000000006
decision_type=2 2 2 2 2 2 2 2 2 2 2 2 2 2 2 2 2 2 2 2 2 2 2 2 2 2 2 2 2 2
left_child=1 2 9 -4 25 13 7 -7 -5 10 11 -1 -12 14 15 -2 -16 22 19 -19 -20 -18 29 -9 -6 -3 27 -11 -24 -15
right_child=5 4 3 8 24 6 -8 23 -10 26 12 -13 -14 17 16 -17 21 18 20 -21 -22 -23 28 -25 -26 -27 -28 -29 -30 -31
leaf_value=-0.019038706270260219 0.028048481344559784 -0.00012343809906245097 -0.12789269316061919 -0.059450178009432725 -0.00012343809906245097 0.11905797525708164 -0.00012343809906245097 0.00055612952194430607 -0.0071852352685393504 -0.0071852352685393504 -0.086896393210627143 -0.10252862248188732 -0.019038706270260219 -0.00012343809906245097 -0.00012343809906245097 0.10361773279997021 0.011790722319887707 0.014014652786776424 0.050907783508300788 0.10066092130491289 -0.00012343809906245097 0.028048481344559784 0.012559422400736202 0.057045978804429381 -0.0071852352685393504 -0.0071852352685393504 -0.0071852352685393504 -0.019038706270260219 0.044859124705391495 0.0088523451222561871
leaf_weight=20 32 3776 36 37 228 28 62 22 25 79 20 44 94 2874 159 26 80 100 30 59 457 90 41 33 438 918 763 133 38 439
leaf_count=20 32 3776 36 37 228 28 62 22 25 79 20 44 94 2874 159 26 80 100 30 59 457 90 41 33 438 918 763 133 38 439
internal_value=-0.000607648 -0.00277604 -0.014247 -0.0583384 -0.000123438 0.00252916 0.0280301 0.0629925 -0.0179521 -0.0104995 -0.0308922 -0.0760314 -0.0190387 0.00169354 0.0135516 0.0487506 0.00734632 0.000557063 0.0106929 0.0461664 -0.000123438 0.0237049 -0.000123438 0.03445 -0.00718524 -0.000123438 -0.00718524 -0.0190387 0.0252423 -0.000123438
internal_weight=11181 6611 1251 98 5360 4570 145 83 62 1153 178 64 114 4425 387 58 329 4038 646 159 487 170 3392 55 666 4694 975 212 79 3313
internal_count=11181 6611 1251 98 5360 4570 145 83 62 1153 178 64 114 4425 387 58 329 4038 646 159 487 170 3392 55 666 4694 975 212 79 3313
is_linear=0
shrinkage=0.05


Tree=113
num_leaves=18
num_cat=0
split_feature=18 18 24 15 21 10 10 6 1 9 18 3 0 4 1 11 8
split_gain=28.5205 27.6158 26.6274 28.7759 37.2792 30.7905 36.195 16.383 14.2045 10.344 10.0627 4.94401 4.02849 1.42301 1.34206 0.0993318 0.0505448
threshold=25.10000038146973 1.0500000119209292 1109.5850219726565 1.1500000357627871 11.949999809265138 0.60354998707771312 -0.91595000028610218 477.50000000000006 58.500000000000007 0.78654998540878307 7.5499999523162851 45.500000000000007 19.250000000000004 0.085000000894069686 94.500000000000014 1.0000000180025095e-35 558.50000000000011
decision_type=2 2 2 2 2 2 2 2 2 2 2 2 2 2 2 2 2
left_child=1 -1 3 4 14 6 -5 -7 11 -2 -10 16 -6 -11 -3 -12 -4
right_child=9 2 8 5 12 7 -8 -9 10 13 15 -13 -14 -15 -16 -17 -18
leaf_value=-0.046465761491069291 0.04921172921944942 -0.0072220043235622549 -0.023561901796196591 0.0082681810174316146 -0.0041716235026913904 0.012853650386979349 -0.0011212426818205249 0.0012306350531677407 -0.023561901796196591 0.013828056068512075 -0.0072220043235622549 -0.0072220043235622549 -0.0011212426818205249 0.025310145470279235 -0.0041716235026913904 -0.0148744905477061 -0.018700198004288331
leaf_weight=33 35 1370 23 1120 281 823 4703 480 138 22 22 112 1724 27 213 34 21
leaf_count=33 35 1370 23 1120 281 823 4703 480 138 22 22 112 1724 27 213 34 21
internal_value=-0.000574557 -0.000794264 -0.000658042 -0.000214702 -0.00386649 0.001624 6.92727e-05 0.00857196 -0.0142293 0.0284504 -0.0235619 -0.007222 -0.00112124 0.0138281 -0.007222 -0.007222 -0.0235619
internal_weight=11181 11097 11064 10714 3588 7126 5823 1303 350 84 194 156 2005 49 1583 56 44
internal_count=11181 11097 11064 10714 3588 7126 5823 1303 350 84 194 156 2005 49 1583 56 44
is_linear=0
shrinkage=0.05


Tree=114
num_leaves=28
num_cat=0
split_feature=17 10 18 5 12 9 11 7 20 24 0 7 11 24 0 4 5 5 5 24 1 6 1 7 3 11 10
split_gain=27.2252 27.4037 71.5967 191.561 61.1426 83.8074 77.7567 46.7108 80.7036 74.2065 69.0696 66.8368 144.893 61.3165 58.9086 53.3742 46.0465 45.7694 45.1374 42.6987 24.1097 18.2727 16.7095 15.3783 15.0332 8.03989 0.369123
threshold=0.15550000220537188 0.78654998540878307 4.9500000476837167 0.10500000044703485 1.0000000180025095e-35 -1.0000000180025095e-35 -1.0000000180025095e-35 1021.0499877929689 5.2500000000000009 42.915000915527351 21.550000190734867 1026.6499633789065 1.0000000180025095e-35 101.25000000000001 19.94999980926514 0.86500000953674328 -2.1750000715255733 -0.80500000715255726 -1.3049999475479124 157.91500091552737 86.500000000000014 317.50000000000006 91.500000000000014 1014.4500122070314 357.50000000000006 0.87834998965263378 -1.0000000180025095e-35
decision_type=2 2 2 2 2 2 2 2 2 2 2 2 2 2 2 2 2 2 2 2 2 2 2 2 2 2 2
left_child=1 7 3 -3 16 6 -6 8 10 20 18 15 -13 17 -15 -11 24 -10 -1 -7 -9 -2 -5 -18 -4 -12 -22
right_child=21 2 4 22 5 19 -8 9 13 11 25 12 -14 14 -16 -17 23 -19 -20 -21 26 -23 -24 -25 -26 -27 -28
leaf_value=-0.096538759813439567 0.075472823083400739 -0.13142231205427968 0.0060398015235621555 -0.061318516919592163 -0.012131321608361098 0.019454252475891862 0.019454252475891862 0.019454252475891862 0.019454252475891862 -0.01401899316899605 -0.0096495600613283258 -0.16429342250339687 -0.014285432199637097 -0.0096495600613283258 0.0024103249973013376 0.0024366050769715208 -0.012131321608361098 0.0089284746797502097 -0.032241715872938635 -0.012131321608361098 0.0046269427757555425 0.019454252475891862 -0.012131321608361098 0.019454252475891862 -0.012131321608361098 -0.032241715872938635 0.019454252475891862
leaf_weight=41 20 37 608 31 128 32 224 70 326 1487 267 22 60 813 4579 737 20 223 70 519 75 22 71 594 40 35 30
leaf_count=41 20 37 608 31 128 32 224 70 326 1487 267 22 60 813 4579 737 20 223 70 519 75 22 71 594 40 35 30
internal_value=-0.000560181 -0.000711683 0.00414471 -0.0306407 0.00637804 -0.00355538 0.0158668 -0.00197814 0.000293637 -0.0077963 -0.0210785 -0.0102004 -0.0545315 0.00177936 0.000158521 -0.00856586 0.0134857 0.0176984 -0.0548339 -0.0121313 0.0194543 0.0396202 -0.0121313 0.0194543 0.00373718 -0.00964956 0.00462694
internal_weight=11181 11139 2304 139 2165 903 352 8835 6354 2481 413 2306 82 5941 5392 2224 1262 549 111 551 175 42 102 614 648 302 105
internal_count=11181 11139 2304 139 2165 903 352 8835 6354 2481 413 2306 82 5941 5392 2224 1262 549 111 551 175 42 102 614 648 302 105
is_linear=0
shrinkage=0.05


Tree=115
num_leaves=23
num_cat=0
split_feature=7 4 23 2 10 0 4 18 6 11 21 16 14 7 8 1 4 7 18 4 10 5
split_gain=27.2617 42.5997 36.0966 34.7985 35.341 64.7315 42.4121 41.569 35.9417 35.013 18.4505 29.8153 16.5897 13.6237 12.2876 8.88681 7.32308 6.73493 5.62782 6.86534 2.42013 0.912792
threshold=1011.6499938964845 -3.3850001096725459 128.00000000000003 5.680000066757203 0.78654998540878307 23.550000190734867 0.56499999761581432 5.1499998569488534 142.50000000000003 0.60784998536109935 11.949999809265138 0.20700000226497653 55.000000000000007 1010.4500122070314 460.50000000000006 69.500000000000014 1.9149999618530276 1009.8500061035157 1.8499999642372134 -1.8450000286102293 1.0000000180025095e-35 -2.8950001001358028
decision_type=2 2 2 2 2 2 2 2 2 2 2 2 2 2 2 2 2 2 2 2 2 2
left_child=1 13 3 4 5 9 -7 -6 -9 -2 11 -3 14 -1 20 -16 -14 21 -19 -20 -5 -12
right_child=2 10 -4 12 7 6 -8 8 -10 -11 17 -13 16 -15 15 -17 -18 18 19 -21 -22 -23
leaf_value=0.0027168608110012681 -0.0053597671125763888 -0.09266294902563095 0.063862588527527728 -0.0053597671125763888 -0.0053597671125763888 0.0040371991647766966 0.031807320511471143 0.019074152408295231 0.0043383323647515053 0.0007314836379461319 -0.021341343745589256 -0.032161468588621171 -0.022056171861262935 0.05559718069576082 -0.010135398326943127 -0.022056171861262935 -0.052083199606700381 -0.029873958602547646 0.020286187707223808 -0.012425724307145433 -0.012901444225425726 -0.032161468588621171
leaf_weight=29 3882 25 22 155 153 2396 133 577 1463 1616 20 42 31 21 208 72 33 25 23 53 181 21
leaf_count=29 3882 25 22 155 153 2396 133 577 1463 1616 20 42 31 21 208 72 33 25 23 53 181 21
internal_value=-0.000499004 -0.0165317 -0.000118811 -0.000247948 0.000480781 -0.00105605 0.00556427 0.00610603 0.00850626 -0.00410131 -0.02645 -0.0480775 -0.0112003 0.0249266 -0.00868302 -0.0169359 -0.0354293 -0.0162454 -0.00929535 -0.00252607 -0.00535977 -0.0321615
internal_weight=11181 259 10922 10900 10220 8027 2529 2193 2040 5498 209 67 680 50 616 280 64 142 101 76 336 41
internal_count=11181 259 10922 10900 10220 8027 2529 2193 2040 5498 209 67 680 50 616 280 64 142 101 76 336 41
is_linear=0
shrinkage=0.05


Tree=116
num_leaves=31
num_cat=0
split_feature=1 5 9 0 10 24 11 7 12 23 0 7 24 9 5 24 7 7 10 7 12 17 7 10 24 2 4 7 10 20
split_gain=25.8691 72.4801 69.2866 72.3046 140.466 80.9909 79.3804 68.3935 57.8808 51.5907 51.0066 46.4169 44.9073 44.4705 94.729 79.0353 91.5042 72.0799 122.431 58.5356 88.4001 125.971 52.0833 147.039 51.1925 51.1638 44.1006 75.1138 58.6423 41.8246
threshold=90.500000000000014 1.544999957084656 -0.6035499870777129 21.050000190734867 -0.91595000028610218 145.41500091552737 -0.87834998965263356 1023.6499938964845 -0.56175000965595234 37.500000000000007 22.150000572204593 1017.3500061035157 271.25000000000006 0.3793999999761582 -1.6050000190734861 42.915000915527351 1022.2500000000001 1026.6499633789065 -0.98295000195503224 1017.9500122070314 -0.56175000965595234 0.11950000002980234 1013.9500122070314 -0.91595000028610218 75.415000915527358 1.9300000071525576 1.8049999475479128 1020.3500061035157 1.0000000180025095e-35 12.150000095367433
decision_type=2 2 2 2 2 2 2 2 2 2 2 2 2 2 2 2 2 2 2 2 2 2 2 2 2 2 2 2 2 2
left_child=13 2 8 4 -4 10 -6 9 -2 11 -5 -3 -11 15 19 16 -1 22 -19 -15 21 -21 23 -17 -24 -20 27 -16 -28 -29
right_child=1 7 3 5 6 -7 -8 -9 -10 12 -12 -13 -14 14 26 17 -18 18 25 20 -22 -23 24 -25 -26 -27 28 29 -30 -31
leaf_value=0.029496535987075918 -0.093629557320049836 0.032748954216626415 -0.13652107253670695 0.028112191011705374 -0.037434283480660559 0.0061791194744204095 0.0019297073770406872 -0.0032054733756619195 -0.0094425751400009101 0.11781784494717916 0.086292289431092517 -0.017998654796092802 0.044050862498226623 -0.0053325890574922163 -0.040488171955674057 -0.11442449331057794 0.12137939153295574 -0.15337115496397019 0.029496535987075918 0.0028626096602238252 0.0023407188109639621 0.10168474681102313 0.029496535987075918 -0.0067607503580390908 0.0016633512245202702 -0.045503944963058263 0.011373733953068047 -0.017231454648039986 -0.02689555407926458 0.020127788436495597
leaf_weight=24 35 49 20 79 146 465 1043 168 49 24 57 66 147 709 360 33 33 20 26 64 270 65 110 813 5298 47 262 447 162 90
leaf_count=24 35 49 20 79 146 465 1043 168 49 24 57 66 147 709 360 33 33 20 26 64 270 65 110 813 5298 47 262 447 162 90
internal_value=-0.000492251 0.00417247 -0.00012852 0.00193166 -0.00511426 0.0161056 -0.00290389 0.0221154 -0.0445205 0.0369891 0.0500453 0.0110938 0.0544041 -0.00173223 -0.00749278 0.000452708 0.0590668 -7.36826e-05 -0.0437685 0.00328872 0.0186083 0.0526567 0.000576081 -0.0109604 0.00238079 -0.0137404 -0.0165359 -0.0228168 -0.00324802 -0.0109701
internal_weight=11181 2348 1894 1810 1209 601 1189 454 84 286 136 115 171 8833 2429 6404 57 6347 93 1108 399 129 6254 846 5408 73 1321 897 424 537
internal_count=11181 2348 1894 1810 1209 601 1189 454 84 286 136 115 171 8833 2429 6404 57 6347 93 1108 399 129 6254 846 5408 73 1321 897 424 537
is_linear=0
shrinkage=0.05


Tree=117
num_leaves=31
num_cat=0
split_feature=8 8 5 3 1 3 18 10 7 18 6 8 8 7 4 12 8 17 23 7 23 4 3 0 7 5 8 7 23 5
split_gain=25.698 27.2825 140.648 185.297 111.101 70.7377 66.7698 112.196 62.452 50.5874 36.9118 43.9639 33.2544 30.5756 30.2061 22.3085 38.9815 24.8538 20.292 18.8685 18.6252 12.6314 10.5896 7.96349 5.6757 5.41132 5.38317 3.8539 1.74403 0.930633
threshold=779.50000000000011 622.50000000000011 -2.5449999570846553 95.500000000000014 71.500000000000014 80.500000000000014 2.1499999761581425 -0.78654998540878285 1027.299987792969 4.7500000000000009 862.50000000000011 397.50000000000006 655.50000000000011 1018.6499938964845 -1.4350000023841856 -0.56175000965595234 667.50000000000011 0.10750000178813936 69.500000000000014 1017.2500000000001 70.500000000000014 -1.705000042915344 29.500000000000004 26.750000000000004 1013.8500061035157 -3.3549998998641963 832.50000000000011 1016.7500000000001 82.500000000000014 -4.0450000762939444
decision_type=2 2 2 2 2 2 2 2 2 2 2 2 2 2 2 2 2 2 2 2 2 2 2 2 2 2 2 2 2 2
left_child=1 6 15 4 5 -4 7 -1 10 12 11 -8 -5 -9 -12 16 -3 21 -15 -18 -2 -17 -19 -11 26 27 -22 28 -26 -29
right_child=20 2 3 9 -6 -7 8 13 -10 23 14 -13 -14 18 -16 17 19 22 -20 -21 24 -23 -24 -25 25 -27 -28 29 -30 -31
leaf_value=-0.11265148564707489 -0.051490392761700081 0.055968977266858372 0.058028992387970407 -0.0036607084279673464 -0.052137754218918947 0.14741611516475678 -0.00034744792431039685 -0.067640661358833315 0.084037889675660574 0.0098318231934360397 -0.012181227660719688 0.01260647667456468 -0.058669728271920109 -0.051923378078000883 -0.0045575699958800521 -0.031231627052841465 0.000883943272182847 -0.024321737016399145 -0.012181227660719688 -0.049295329675078395 0.017428826466443597 -0.071231596590951088 -0.0017685021861112333 0.049724793324077671 -0.023867054740813645 -0.031280332805016603 -0.01278150818310678 0.0049647714543555469 -0.0083506725452564389 -0.009156894991174341
leaf_weight=32 33 29 193 40 21 25 8180 25 22 29 293 712 58 35 632 23 101 98 203 23 29 32 111 22 55 20 30 28 27 20
leaf_count=32 33 29 193 40 21 25 8180 25 22 29 293 712 58 35 632 23 101 98 203 23 29 32 111 22 55 20 30 28 27 20
internal_value=-0.000466002 -0.000109471 0.00875016 0.0304168 0.0576992 0.0682798 -0.00081324 -0.024252 -0.000110483 -0.013345 -0.000299061 0.000689798 -0.034362 -0.0134961 -0.00980494 -0.0114096 0.00378161 -0.0202137 -0.0121812 -0.0084235 -0.0165821 -0.0501196 -0.0123437 0.0270406 -0.0110703 -0.0162379 0.00206764 -0.0121714 -0.018758 -0.000919256
internal_weight=11181 10939 805 388 239 218 10134 295 9839 149 9817 8892 98 263 925 417 153 264 238 124 242 55 209 51 209 150 59 130 82 48
internal_count=11181 10939 805 388 239 218 10134 295 9839 149 9817 8892 98 263 925 417 153 264 238 124 242 55 209 51 209 150 59 130 82 48
is_linear=0
shrinkage=0.05


Tree=118
num_leaves=15
num_cat=0
split_feature=18 18 7 4 3 18 23 3 7 10 23 12 18 7
split_gain=24.6531 23.6383 23.1161 34.3061 26.7237 102.769 94.3316 63.4441 83.33 42.079 9.53516 4.04424 4.19576 3.0358
threshold=25.10000038146973 1.0500000119209292 1011.6499938964845 -3.3850001096725459 315.50000000000006 4.3500001430511483 34.500000000000007 262.50000000000006 1024.9500122070315 -0.98295000195503224 20.500000000000004 1.0000000180025095e-35 8.9499998092651385 1019.2500000000001
decision_type=2 2 2 2 2 2 2 2 2 2 2 2 2 2
left_child=1 -1 3 -3 7 -6 -7 9 -9 -4 13 12 -5 -2
right_child=10 2 4 11 5 6 -8 8 -10 -11 -12 -13 -14 -15
leaf_value=-0.042901547095089254 0.012947879383796452 0.012947879383796452 0.012947879383796452 -0.018112625382267513 -0.021711228720259976 -0.0060162769516508615 0.012947879383796452 -0.021711228720259976 0.012947879383796452 -0.00090249909119140758 0.055720661828915274 -0.021711228720259976 0.0037788381002786934 0.030404420935415795
leaf_weight=33 35 50 347 65 118 782 1149 618 88 7703 21 111 33 28
leaf_count=33 35 50 347 65 118 782 1149 618 88 7703 21 111 33 28
internal_value=-0.000442672 -0.000646941 -0.00052091 -0.0152825 -0.000167069 0.00497322 0.00809857 -0.00136995 -0.0157417 -0.000109528 0.0265427 -0.0217112 -0.010741 0.0168167
internal_weight=11181 11097 11064 259 10805 2049 1931 8756 706 8050 84 209 98 63
internal_count=11181 11097 11064 259 10805 2049 1931 8756 706 8050 84 209 98 63
is_linear=0
shrinkage=0.05


Tree=119
num_leaves=31
num_cat=0
split_feature=1 5 11 7 24 7 20 2 24 0 9 9 7 18 14 18 1 7 5 5 0 7 23 7 11 23 24 4 3 1
split_gain=24.2956 78.8353 82.5751 205.751 95.091 184.575 112.693 90.3375 74.2294 69.3639 54.2273 50.2994 108.225 186.247 129.195 69.1559 50.6417 47.2855 80.4615 65.6959 43.2249 42.4357 43.9534 41.6553 96.4776 120.86 92.4588 154.965 161.841 77.744
threshold=89.500000000000014 1.544999957084656 0.60784998536109935 1016.7500000000001 129.58499908447268 1017.2500000000001 11.750000000000002 3.4300000667572026 673.75000000000011 18.250000000000004 -0.6035499870777129 1.0000000180025095e-35 1025.9500122070315 6.0499999523162851 48.000000000000007 3.6499999761581425 81.500000000000014 1017.4500122070314 -3.0549999475479122 -0.90500000119209278 21.349999427795414 1019.4500122070314 38.500000000000007 1025.1499633789065 1.0000000180025095e-35 71.500000000000014 271.25000000000006 0.82499998807907116 19.500000000000004 76.500000000000014
decision_type=2 2 2 2 2 2 2 2 2 2 2 2 2 2 2 2 2 2 2 2 2 2 2 2 2 2 2 2 2 2
left_child=11 2 4 -4 5 -2 -7 -5 21 -6 -11 23 15 -14 -15 16 -13 18 -17 -19 -9 22 -3 26 25 -25 27 28 -1 -29
right_child=1 8 3 7 9 6 -8 20 -10 10 -12 12 13 14 -16 17 -18 19 -20 -21 -22 -23 -24 24 -26 -27 -28 29 -30 -31
leaf_value=0.055110790780491872 0.066846979270951873 0.032022030531273532 0.12630532995248453 0.015684365923019312 -0.067213577485122425 -0.0016573837532265073 0.04411299665020231 -0.072654483529428646 -0.0056640596240758899 -0.039371347850344435 -0.0082691471578131316 -0.035722110611556654 -0.044204415561210728 0.20591781707037066 0.039175351479878801 -0.0037271797597262673 -0.12811226297169925 0.008875626345762307 -0.032160343604607025 -0.010996452770355811 -0.012471000278611553 0.018554782974937626 0.085769630968570709 -0.11642259658294041 0.0059098381077637898 -0.007475877902751356 -0.00036068934878970456 0.047307579384909738 0.010136288198698811 0.17240333621916565
leaf_weight=202 117 96 39 502 59 284 136 48 175 73 1000 36 31 21 26 566 20 722 444 981 35 196 63 46 160 57 4657 27 339 23
leaf_count=202 117 96 39 502 59 284 136 48 175 73 1000 36 31 21 26 566 20 722 444 981 35 196 63 46 160 57 4657 27 339 23
internal_value=-0.000402948 0.00360747 -0.000409613 0.0151081 -0.00621133 0.0111166 -0.00165738 0.00769498 0.020987 -0.0144314 -0.0115291 -0.00175751 -0.00715412 0.0509294 0.113677 -0.00879028 -0.0637892 -0.00765503 -0.0162265 -0.00257153 -0.0406264 0.0341249 0.0533182 0.0010304 -0.0183878 -0.0561317 0.00200353 0.0206333 0.0128497 0.104852
internal_weight=11181 2823 2293 624 1669 537 420 585 530 1132 1073 8358 2847 78 47 2769 56 2713 1010 1703 83 355 159 5511 263 103 5248 591 541 50
internal_count=11181 2823 2293 624 1669 537 420 585 530 1132 1073 8358 2847 78 47 2769 56 2713 1010 1703 83 355 159 5511 263 103 5248 591 541 50
is_linear=0
shrinkage=0.05


end of trees

feature_importances:
Column_7=442
Column_18=354
Column_24=292
Column_11=253
Column_5=223
Column_0=185
Column_1=153
Column_23=151
Column_2=143
Column_12=132
Column_10=124
Column_20=121
Column_8=106
Column_3=95
Column_9=95
Column_6=90
Column_4=61
Column_17=61
Column_21=60
Column_14=20
Column_15=10
Column_16=3

parameters:
[boosting: gbdt]
[objective: regression]
[metric: l1]
[tree_learner: serial]
[device_type: cpu]
[data_sample_strategy: bagging]
[data: ]
[valid: ]
[num_iterations: 120]
[learning_rate: 0.05]
[num_leaves: 31]
[num_threads: 0]
[seed: 42]
[deterministic: 0]
[force_col_wise: 0]
[force_row_wise: 0]
[histogram_pool_size: -1]
[max_depth: 6]
[min_data_in_leaf: 20]
[min_sum_hessian_in_leaf: 0.001]
[bagging_fraction: 1]
[pos_bagging_fraction: 1]
[neg_bagging_fraction: 1]
[bagging_freq: 0]
[bagging_seed: 400]
[bagging_by_query: 0]
[feature_fraction: 1]
[feature_fraction_bynode: 1]
[feature_fraction_seed: 30056]
[extra_trees: 0]
[extra_seed: 12879]
[early_stopping_round: 0]
[early_stopping_min_delta: 0]
[first_metric_only: 0]
[max_delta_step: 0]
[lambda_l1: 0]
[lambda_l2: 0]
[linear_lambda: 0]
[min_gain_to_split: 0]
[drop_rate: 0.1]
[max_drop: 50]
[skip_drop: 0.5]
[xgboost_dart_mode: 0]
[uniform_drop: 0]
[drop_seed: 17869]
[top_rate: 0.2]
[other_rate: 0.1]
[min_data_per_group: 100]
[max_cat_threshold: 32]
[cat_l2: 10]
[cat_smooth: 10]
[max_cat_to_onehot: 4]
[top_k: 20]
[monotone_constraints: 1,0,-1,0,0,0,-1,0,0,0,0,0,0,0,-1,1,1,1,1,1,1,1,1,1,-1]
[monotone_constraints_method: basic]
[monotone_penalty: 0]
[feature_contri: ]
[forcedsplits_filename: ]
[refit_decay_rate: 0.9]
[cegb_tradeoff: 1]
[cegb_penalty_split: 0]
[cegb_penalty_feature_lazy: ]
[cegb_penalty_feature_coupled: ]
[path_smooth: 0]
[interaction_constraints: ]
[verbosity: -1]
[saved_feature_importance_type: 0]
[use_quantized_grad: 0]
[num_grad_quant_bins: 4]
[quant_train_renew_leaf: 0]
[stochastic_rounding: 1]
[linear_tree: 0]
[max_bin: 255]
[max_bin_by_feature: ]
[min_data_in_bin: 3]
[bin_construct_sample_cnt: 200000]
[data_random_seed: 175]
[is_enable_sparse: 1]
[enable_bundle: 1]
[use_missing: 1]
[zero_as_missing: 0]
[feature_pre_filter: 1]
[pre_partition: 0]
[two_round: 0]
[header: 0]
[label_column: ]
[weight_column: ]
[group_column: ]
[ignore_column: ]
[categorical_feature: ]
[forcedbins_filename: ]
[precise_float_parser: 0]
[parser_config_file: ]
[objective_seed: 16083]
[num_class: 1]
[is_unbalance: 0]
[scale_pos_weight: 1]
[sigmoid: 1]
[boost_from_average: 1]
[reg_sqrt: 0]
[alpha: 0.9]
[fair_c: 1]
[poisson_max_delta_step: 0.7]
[tweedie_variance_power: 1.5]
[lambdarank_truncation_level: 30]
[lambdarank_norm: 1]
[label_gain: ]
[lambdarank_position_bias_regularization: 0]
[eval_at: ]
[multi_error_top_k: 1]
[auc_mu_weights: ]
[num_machines: 1]
[local_listen_port: 12400]
[time_out: 120]
[machine_list_filename: ]
[machines: ]
[gpu_platform_id: -1]
[gpu_device_id: -1]
[gpu_device_id_list: ]
[gpu_use_dp: 0]
[num_gpu: 1]

end of parameters

pandas_categorical:null
