tree
version=v4
num_class=1
num_tree_per_iteration=1
label_index=0
max_feature_idx=24
objective=regression
feature_names=Column_0 Column_1 Column_2 Column_3 Column_4 Column_5 Column_6 Column_7 Column_8 Column_9 Column_10 Column_11 Column_12 Column_13 Column_14 Column_15 Column_16 Column_17 Column_18 Column_19 Column_20 Column_21 Column_22 Column_23 Column_24
monotone_constraints=1 0 -1 0 0 0 -1 0 0 0 0 0 0 0 -1 1 1 1 1 1 1 1 1 1 -1
feature_infos=[13.300000190734863:33.799999237060547] [27:100] [0:7.809999942779541] [0:359] [-5.5399999618530273:4.0500001907348633] [-7.4200000762939453:7.440000057220459] [10:2015] [1009.0999755859375:1028] [0:906] [-1:1] [-1:1] [-0.9749000072479248:0.9749000072479248] [-0.90100002288818359:1] [0:1] [22:58] [1.0199999809265137:2.380000114440918] [0.079999998211860657:1] [0.087999999523162842:0.17499999701976776] [0.40000000596046448:30.399999618530273] [0.53200000524520874:0.66200000047683716] [3:26.600000381469727] [3.4000000953674316:38.099998474121094] [0.40000000596046448:30.399999618530273] [2:151] [15:1854.1700439453125]
tree_sizes=2707 2798 2778 2788 2814 2824 2772 2809 2802 2809 2828 2801 2824 2822 2808 2824 2825 2841 2832 2855 2809 2838 2839 2817 2829 2831 2843 2827 2834 2826 2844 2822 2828 2823 2848 2828 2841 2826 2733 2849 2844 2837 2824 2849 2857 2840 2844 2850 2835 2841 2845 2840 2850 2841 2843 2852 2826 2845 2811 2838 2852 2836 2849 2856 2833 2507 2832 2845 2410 2831 2810 2589 2851 2578 2430 2819 1705 2837 2076 2826 1907 2832 2075 2857 2740 2076 2494 2151 2589 2834 2746 2845 2098 2854 2508 2841 1716 2779 2862 2486 2843 1305 2784 2594 2842 2408 1901 1284 2851 2866 2838 2680 2322 2855 2853 2853 1297 2106 2419 2476

Tree=0
num_leaves=31
num_cat=0
split_feature=6 18 3 6 24 6 9 18 7 21 8 8 24 8 11 8 18 18 11 8 6 24 4 24 10 3 18 6 11 24
split_gain=168958 39958.6 22775.3 21719 7266.79 5876.79 4041.91 3781.17 3709.44 3062.86 1973.24 1934.96 1997.79 1880.75 1721.14 1507.65 1465.97 1318.59 1218.88 1217.45 1199.25 1125.24 949.897 947.132 866.098 800.587 714.603 662.586 489.468 411.113
threshold=257.50000000000006 5.2500000000000009 276.50000000000006 537.50000000000011 93.750000000000014 42.500000000000007 -0.37939999997615809 9.6500000953674334 1017.6499938964845 9.2500000000000018 24.500000000000004 1.0000000180025095e-35 283.75000000000006 1.0000000180025095e-35 1.0000000180025095e-35 411.50000000000006 9.8499999046325701 19.750000000000004 -0.60784998536109913 17.500000000000004 692.50000000000011 646.25000000000011 -0.31499999761581415 526.25000000000011 0.60354998707771312 6.5000000000000009 4.9500000476837167 687.50000000000011 1.0000000180025095e-35 299.58500671386724
decision_type=2 2 2 2 2 2 2 2 2 2 2 2 2 2 2 2 2 2 2 2 2 2 2 2 2 2 2 2 2 2
left_child=2 6 5 7 13 18 15 22 10 28 -7 12 -11 14 16 27 -4 -16 -1 26 24 -8 -3 -17 29 -10 -20 -2 -6 -5
right_child=1 3 4 20 9 8 21 -9 25 11 -12 -13 -14 -15 17 23 -18 -19 19 -21 -22 -23 -24 -25 -26 -27 -28 -29 -30 -31
leaf_value=9.3723452064655177 8.9609427349287945 9.114538104380248 9.5691442512910694 9.114538104380248 9.2591788908739368 9.3723452064655177 9.0096048056743676 9.2261598663626483 9.3723452064655177 9.5691442512910694 9.2261598663626483 9.4171709118700608 9.4349343201822506 9.5691442512910694 9.7588793959488456 8.8975461032519778 9.7301881093380196 10.055949144193399 9.3723452064655177 9.3723452064655177 9.0096048056743676 8.890004002532665 9.175306284853038 8.8186407321599454 9.114538104380248 9.2261598663626483 9.6334336145889647 8.8731882612046498 9.3902305495341274 9.0365549884098453
leaf_weight=86 494 609 112 129 142 310 680 1659 94 618 116 125 326 172 182 547 201 47 25 30 1317 217 316 1248 440 981 181 381 143 463
leaf_count=86 494 609 112 129 142 310 680 1659 94 618 116 125 326 172 182 547 201 47 25 30 1317 217 316 1248 440 981 181 381 143 463
internal_value=9.15217 9.02726 9.42506 9.11944 9.53864 9.29622 8.89977 9.21947 9.25464 9.47058 9.37235 9.50941 9.53866 9.66771 9.71568 8.86892 9.63947 9.81985 9.49005 9.55071 9.0096 8.9916 9.12445 8.84269 9.06351 9.22616 9.59867 8.92273 9.32493 9.03655
internal_weight=12391 8500 3891 4933 2068 1823 3567 2584 1501 1354 426 1069 944 714 542 2670 313 229 322 236 2349 897 925 1795 1032 1075 206 875 285 592
internal_count=12391 8500 3891 4933 2068 1823 3567 2584 1501 1354 426 1069 944 714 542 2670 313 229 322 236 2349 897 925 1795 1032 1075 206 875 285 592
is_linear=0
shrinkage=1


Tree=1
num_leaves=31
num_cat=0
split_feature=6 18 3 6 24 6 9 7 21 11 10 8 8 24 8 11 18 24 18 7 10 24 3 6 10 6 7 18 3 17
split_gain=151988 36046.5 20591.8 19984.9 6466.3 5260.74 4518.43 3512.83 2762.6 2702.4 2226.27 1824.69 1819.88 1811.61 1717.09 1583.47 1356.16 1227.35 1190.03 1148.09 1059.67 971.105 947.804 786.823 621.19 586.537 457.936 454.968 435.759 430.307
threshold=257.50000000000006 5.6499998569488534 276.50000000000006 537.50000000000011 93.750000000000014 42.500000000000007 -0.37939999997615809 1018.3500061035157 9.2500000000000018 -0.60784998536109913 0.3793999999761582 394.50000000000006 1.0000000180025095e-35 283.75000000000006 1.0000000180025095e-35 1.0000000180025095e-35 9.8499999046325701 646.25000000000011 19.750000000000004 1025.350036621094 0.3793999999761582 410.41499328613287 320.50000000000006 622.50000000000011 0.60354998707771312 527.50000000000011 1014.1499938964845 12.250000000000002 14.500000000000002 0.14050000160932544
decision_type=2 2 2 2 2 2 2 2 2 2 2 2 2 2 2 2 2 2 2 2 2 2 2 2 2 2 2 2 2 2
left_child=2 6 5 9 14 19 11 10 26 22 27 25 13 -10 15 16 -4 -8 -17 20 29 -13 -3 24 -5 -2 -6 -7 -9 -1
right_child=1 3 4 23 8 7 17 28 12 -11 -12 21 -14 -15 -16 18 -18 -19 -20 -21 -22 -23 -24 -25 -26 -27 -28 -29 -30 -31
leaf_value=0.20816368595535983 -0.1397026881513754 -0.029167180253839464 0.39542088004267395 -0.098402434423717877 0.070000453487048572 0.070000453487048572 -0.12833481399472751 0.18132519362889457 0.39542088004267395 0.070000453487048572 0.20816368595535983 -0.21315721200296173 0.25172019387289196 0.26862138533519092 0.39542088004267395 0.57636921851189582 0.54911247824703291 -0.2465620301599088 0.85858555144452042 0.51886020575539538 0.38222121204885229 -0.30817146538774454 0.070000453487048572 -0.12833481399472751 -0.029167180253839464 -0.23009208725238084 0.20034188772724182 0.18314328002540961 0.070000453487048572 0.42882790374755864
leaf_weight=112 241 686 112 309 69 154 772 165 618 1750 265 324 125 326 172 182 201 230 47 59 126 1582 55 1568 280 703 216 92 825 25
leaf_count=112 241 686 112 309 69 154 772 165 618 1750 265 324 125 326 172 182 201 230 47 59 126 1582 55 1568 280 703 216 92 825 25
internal_value=-0.000170569 -0.11865 0.258651 -0.0249147 0.366646 0.136142 -0.231755 0.0968013 0.302442 0.0700005 0.208164 -0.263864 0.339319 0.367949 0.4884 0.534377 0.461276 -0.140426 0.634291 0.319526 0.274809 -0.29202 -0.025536 -0.128335 -0.0684701 -0.207016 0.164122 0.0700005 0.0700005 0.208164
internal_weight=12391 8500 3891 4648 2068 1823 3852 1501 1354 2491 511 2850 1069 944 714 542 313 1002 229 322 263 1906 741 2157 589 944 285 246 990 137
internal_count=12391 8500 3891 4648 2068 1823 3852 1501 1354 2491 511 2850 1069 944 714 542 313 1002 229 322 263 1906 741 2157 589 944 285 246 990 137
is_linear=0
shrinkage=0.05


Tree=2
num_leaves=31
num_cat=0
split_feature=6 6 3 18 18 24 6 7 6 10 24 10 10 1 7 24 18 18 7 10 24 7 7 24 12 8 6 7 24 7
split_gain=136469 33003.1 18660.5 14015.4 7676.58 5752.16 4716.36 3326.26 2626.88 2586.48 2890.18 2043.51 1587.04 1285.58 1258.8 1111.35 1093.19 1084.38 1053.08 985.476 926.928 885.522 849.102 722.182 692.185 627.152 598.693 531.43 484.133 421.472
threshold=257.50000000000006 537.50000000000011 276.50000000000006 7.4500000476837167 4.2500000000000009 93.750000000000014 42.500000000000007 1018.3500061035157 782.50000000000011 1.0000000180025095e-35 341.25000000000006 0.3793999999761582 -0.37939999997615809 96.500000000000014 1017.5499877929689 410.41499328613287 18.550000190734867 20.650000572204593 1025.350036621094 0.3793999999761582 677.91500854492199 1020.3500061035157 1018.8500061035157 183.75000000000003 1.0000000180025095e-35 394.50000000000006 97.500000000000014 1021.2500000000001 410.41499328613287 1024.549987792969
decision_type=2 2 2 2 2 2 2 2 2 2 2 2 2 2 2 2 2 2 2 2 2 2 2 2 2 2 2 2 2 2
left_child=2 3 6 23 15 12 18 11 20 14 -11 -8 17 16 26 -3 -14 -4 19 -1 -6 -16 -15 -2 -12 -17 -7 -5 -10 -19
right_child=1 4 5 27 8 9 7 -9 28 10 24 -13 13 22 21 25 -18 29 -20 -21 -22 -23 -24 -25 -26 -27 -28 -29 -30 -31
leaf_value=0.19656618895323838 -0.01336007646094281 -0.20268368367693809 0.37494035249984642 0.066235019223212677 -0.092955172145098297 0.2362133734252142 0.066235019223212677 0.066235019223212677 -0.15447810670354226 0.37494035249984642 0.28950844109956975 0.19656618895323838 0.3968947483163302 0.79817151289719801 0.33755220107342065 -0.241942363745246 0.61055529330036429 0.78986047108968105 0.4929171727875532 0.36311014926445395 -0.15048675574455062 0.11993293406501893 0.43880166391080078 -0.092955172145098297 0.13666906366124751 -0.29963204332505511 0.081600241577822946 -0.01336007646094281 -0.20268368367693809 0.50029547349961134
leaf_weight=137 174 355 334 1781 1117 92 246 990 227 539 115 265 147 65 190 498 101 21 59 126 803 62 22 1213 160 1307 196 254 771 24
leaf_count=137 174 355 334 1781 1117 92 246 990 227 539 115 265 147 65 190 498 101 21 59 126 803 62 22 1213 160 1307 196 254 771 24
internal_value=-0.000257107 -0.112525 0.244995 0.00749272 -0.193403 0.347801 0.128372 0.091123 -0.140511 0.287246 0.343532 0.196566 0.462635 0.541924 0.2024 -0.264857 0.48391 0.392551 0.302009 0.259182 -0.106273 0.284011 0.707296 -0.0929552 0.204077 -0.281201 0.130991 0.066235 -0.202684 0.625651
internal_weight=12391 8500 3891 3422 5078 2068 1823 1501 2918 1354 814 511 714 335 540 2160 248 379 322 263 1920 252 87 1387 275 1805 288 2035 998 45
internal_count=12391 8500 3891 3422 5078 2068 1823 1501 2918 1354 814 511 714 335 540 2160 248 379 322 263 1920 252 87 1387 275 1805 288 2035 998 45
is_linear=0
shrinkage=0.05


Tree=3
num_leaves=31
num_cat=0
split_feature=6 18 3 6 24 5 11 18 9 18 8 18 10 18 11 18 24 1 24 24 18 7 7 17 4 6 8 7 12 6
split_gain=123141 28266.1 18960.1 15669.3 5410.63 5084.98 3377.04 3130.84 2873.45 2773.01 2507.58 2460.2 2092.7 2057.61 1416.94 1114.21 1081.54 937.575 830.04 815.322 763.868 672.124 917.336 658.658 596.891 522.525 514.556 409.885 395.139 391.925
threshold=277.50000000000006 5.2500000000000009 276.50000000000006 537.50000000000011 176.25000000000003 0.31499999761581426 -0.60784998536109913 14.250000000000002 -0.37939999997615809 9.6500000953674334 1.0000000180025095e-35 4.9500000476837167 0.78654998540878307 4.6499998569488534 -0.60784998536109913 2.8500000238418584 338.75000000000006 97.500000000000014 392.08500671386724 646.25000000000011 18.750000000000004 1018.6499938964845 1020.3500061035157 0.11250000074505807 -0.31499999761581415 617.50000000000011 418.50000000000006 1017.6499938964845 1.0000000180025095e-35 672.50000000000011
decision_type=2 2 2 2 2 2 2 2 2 2 2 2 2 2 2 2 2 2 2 2 2 2 2 2 2 2 2 2 2 2
left_child=2 8 5 9 10 6 20 13 15 24 11 -4 21 -8 -13 -2 -5 -7 -14 -10 -1 -6 -23 -9 -3 -18 29 -19 -20 -17
right_child=1 3 4 16 12 17 7 23 19 -11 -12 14 18 -15 -16 26 25 27 28 -21 -22 22 -24 -25 -26 -27 -28 -29 -30 -31
leaf_value=0.056404194905083561 -0.28018498059210434 -0.033871392594542589 0.31493748624582901 -0.038898281248446319 0.11894036980182031 0.056404194905083561 0.056404194905083561 0.328525742814892 -0.12551227297496156 0.056404194905083561 0.31493748624582901 0.39051343251937731 0.31493748624582901 0.23120558891664533 0.50033763068569903 -0.1453717338857968 -0.082205277111703945 0.47414506499965986 0.26319138071314668 -0.22640613988388419 0.3087330770492554 0.31493748624582901 0.11608244979572369 0.51692443611347572 0.0119733152564008 -0.12551227297496156 -0.24118200505652082 0.19891499280929567 0.14919980191625656 -0.22470686734775774
leaf_weight=316 1203 584 64 361 307 793 63 24 632 1557 269 178 213 595 718 346 504 24 78 215 30 94 82 113 294 1484 820 31 116 283
leaf_count=316 1203 584 64 361 307 793 63 24 632 1557 269 178 213 595 718 346 504 24 78 215 30 94 82 113 294 1484 820 31 116 283
internal_value=-3.14498e-06 -0.111007 0.223816 -0.032015 0.327886 0.112943 0.185687 0.242436 -0.21901 0.0564042 0.395877 0.437073 0.233998 0.19716 0.466089 -0.244616 -0.124147 0.0564042 0.314937 -0.138833 0.0564042 0.163599 0.241499 0.459891 -0.0324576 -0.125512 -0.215086 0.319015 0.211445 -0.181066
internal_weight=12391 8283 4108 4784 2119 1989 1141 795 3499 2435 1229 960 890 658 896 2652 2349 848 407 847 346 483 176 137 878 1988 1449 55 194 629
internal_count=12391 8283 4108 4784 2119 1989 1141 795 3499 2435 1229 960 890 658 896 2652 2349 848 407 847 346 483 176 137 878 1988 1449 55 194 629
is_linear=0
shrinkage=0.05


Tree=4
num_leaves=31
num_cat=0
split_feature=6 3 18 18 24 6 10 24 8 10 18 10 24 11 7 24 24 11 24 8 18 7 12 24 18 6 24 18 11 5
split_gain=110870 28780.1 13312.8 9008.12 6691.31 6274.48 4744.48 3681.65 3358.33 3155.4 2731.63 2417.68 2157.53 1996.97 1980.8 1720.8 1310.17 1214.3 998.295 938.696 876.133 711.24 467.305 465.583 369.594 356.782 297.615 240.225 225.096 186.325
threshold=422.50000000000006 268.50000000000006 4.7500000000000009 6.5499999523162851 197.91500091552737 607.50000000000011 0.60354998707771312 303.75000000000006 1.0000000180025095e-35 0.78654998540878307 4.8500001430511483 0.60354998707771312 72.08499908447267 1.0000000180025095e-35 1018.3500061035157 327.91499328613287 338.75000000000006 1.0000000180025095e-35 279.58500671386724 401.50000000000006 6.2500000000000009 1018.7500000000001 -0.56175000965595234 396.25000000000006 6.9500000476837167 722.50000000000011 622.08499145507824 2.1499999761581425 0.60784998536109935 2.7050000429153447
decision_type=2 2 2 2 2 2 2 2 2 2 2 2 2 2 2 2 2 2 2 2 2 2 2 2 2 2 2 2 2 2
left_child=1 3 15 -1 8 11 12 22 10 20 -3 18 17 -12 -9 -2 -7 -5 -4 27 -6 -22 -8 -11 -25 29 -21 -17 -14 -18
right_child=2 4 5 6 9 16 7 14 -10 23 13 -13 28 -15 -16 19 25 -19 -20 26 21 -23 -24 24 -26 -27 -28 -29 -30 -31
leaf_value=0.0075584716728238858 -0.15447481350134745 0.27164154591226225 0.0075584716728238858 0.17584732821702409 0.0075584716728238858 -0.075941196951794687 0.50738188364566905 0.24764718302530508 0.27164154591226225 0.27164154591226225 0.35961629499875247 0.0075584716728238858 0.067829061197627494 0.49872603923082348 0.090834842920908376 -0.29477372462932883 -0.11520800522657107 0.51616036076294758 -0.075941196951794687 -0.23620959484546719 0.098177287925267587 0.21785842493590382 0.34374094248721093 0.032238956438056354 0.22218794174594422 -0.15447481350134745 -0.28092117311914649 -0.19858961714683993 0.1622789394591124 -0.13563105040759812
leaf_weight=1135 327 75 196 79 45 342 78 378 353 236 533 826 878 500 431 65 391 38 705 587 400 180 99 29 219 1091 1017 712 186 260
leaf_count=1135 327 75 196 79 45 342 78 378 353 236 533 826 878 500 431 65 391 38 705 587 400 180 99 29 219 1091 1017 712 186 260
internal_value=-0.000261656 0.157325 -0.142208 0.059669 0.282797 -0.0819777 0.1281 0.209297 0.353088 0.190195 0.399408 -0.0115015 0.0678291 0.426949 0.164104 -0.226972 -0.140381 0.283866 -0.0759412 -0.242704 0.115462 0.13532 0.415854 0.271642 0.199976 -0.154475 -0.264559 -0.19859 0.0678291 -0.116787
internal_weight=12391 5872 6519 3302 2570 3811 2167 986 1461 1109 1108 1727 1181 1033 809 2708 2084 117 901 2381 625 580 177 484 248 1742 1604 777 1064 651
internal_count=12391 5872 6519 3302 2570 3811 2167 986 1461 1109 1108 1727 1181 1033 809 2708 2084 117 901 2381 625 580 177 484 248 1742 1604 777 1064 651
is_linear=0
shrinkage=0.05


Tree=5
num_leaves=31
num_cat=0
split_feature=6 18 5 6 18 24 9 10 24 10 8 18 24 17 1 18 11 11 18 10 24 24 24 10 5 24 11 8 17 6
split_gain=99962.1 25092 14076.5 12961.6 6878.77 6525.27 4595.6 3036.71 3070.48 2428.49 1948.75 1399.34 1311.85 1261.78 1225.1 1340.45 1032.82 903.206 834.703 604.396 553.192 444.352 295.622 248.596 221.546 221.256 199.434 150.895 92.2753 68.5574
threshold=257.50000000000006 6.7500000000000009 0.10500000044703485 537.50000000000011 4.8500001430511483 93.750000000000014 -0.37939999997615809 0.60354998707771312 350.41499328613287 -1.0000000180025095e-35 138.50000000000003 20.650000572204593 596.25000000000011 0.12550000101327899 97.500000000000014 8.7500000000000018 -0.60784998536109913 1.0000000180025095e-35 2.8500000238418584 0.91595000028610241 41.250000000000007 327.91499328613287 299.58500671386724 0.78654998540878307 -1.5950000286102293 822.91500854492199 -0.60784998536109913 172.50000000000003 0.092500001192092909 877.50000000000011
decision_type=2 2 2 2 2 2 2 2 2 2 2 2 2 2 2 2 2 2 2 2 2 2 2 2 2 2 2 2 2 2
left_child=2 6 4 16 -1 9 10 13 -9 11 26 -6 28 -7 20 -16 19 -11 25 -3 -4 -20 -5 -17 -21 -12 -2 -14 -8 -28
right_child=1 3 14 22 5 7 12 8 -10 17 18 -13 27 -15 15 23 -18 -19 21 24 -22 -23 -24 -25 -26 -27 29 -29 -30 -31
leaf_value=0.056113529041239653 -0.17442142680287362 -0.018095470193198782 0.35811370253082248 -0.018095470193198782 0.31502963487609792 0.16896961225351548 -0.1432969914383172 0.31502963487609792 0.19159444761098174 0.42647258189766585 -0.23927992803327156 0.54307015869352548 -0.16904970948633397 0.31502963487609792 0.056113529041239653 0.26522789235142147 0.056113529041239653 0.60174747616255375 -0.12750433518654772 0.056113529041239653 0.056113529041239653 -0.21075620010485002 -0.092304469427637217 0.47856598363982306 -0.018095470193198782 -0.28362437681485247 -0.092304469427637217 -0.24056248738054645 -0.092304469427637217 -0.20489910602569583
leaf_weight=162 75 453 31 204 479 807 109 482 540 147 712 72 209 142 24 22 1601 147 180 121 800 1463 1604 36 41 465 239 114 890 20
leaf_count=162 75 453 31 204 479 807 109 482 540 147 712 72 209 142 24 22 1601 147 180 121 800 1463 1604 36 41 465 239 114 890 20
internal_value=-0.000794173 -0.0968792 0.209106 -0.00627588 0.262026 0.281826 -0.178333 0.23199 0.291802 0.398069 -0.211134 0.336152 -0.100078 0.16897 0.0561135 0.260164 0.0561135 0.51411 -0.224659 -0.0180955 0.0561135 -0.201635 -0.0923045 0.397645 0.0561135 -0.256799 -0.0969328 -0.19429 -0.0923045 -0.0923045
internal_weight=12391 8500 3891 4024 2978 2816 4476 1971 1022 845 3154 551 1322 949 913 82 2216 294 2820 615 831 1643 1808 58 162 1177 334 323 999 259
internal_count=12391 8500 3891 4024 2978 2816 4476 1971 1022 845 3154 551 1322 949 913 82 2216 294 2820 615 831 1643 1808 58 162 1177 334 323 999 259
is_linear=0
shrinkage=0.05


Tree=6
num_leaves=31
num_cat=0
split_feature=6 3 18 6 10 7 24 10 24 2 24 24 11 8 7 8 11 6 18 24 18 7 6 5 24 7 18 24 18 18
split_gain=89804 20269.5 15819.1 8585.95 6013.99 5651.12 4775.51 3197.7 2450.57 2398.46 2096.32 2019.53 1645.77 1462.22 1305 1202.18 1249.44 1092.16 1072.76 1016.15 980.723 920.737 751.338 639.164 565.962 528.643 494.221 478.332 463.311 412.671
threshold=347.50000000000006 276.50000000000006 5.2500000000000009 567.50000000000011 0.60354998707771312 1018.9500122070314 93.750000000000014 0.3793999999761582 65.415000915527358 0.98500001430511486 392.08500671386724 320.41499328613287 -0.60784998536109913 394.50000000000006 1017.4500122070314 1.0000000180025095e-35 1.0000000180025095e-35 202.50000000000003 9.8499999046325701 338.75000000000006 19.750000000000004 1019.4500122070314 37.500000000000007 -2.6450001001358028 222.91500091552737 1025.350036621094 13.949999809265138 315.41499328613287 10.84999990463257 13.550000190734865
decision_type=2 2 2 2 2 2 2 2 2 2 2 2 2 2 2 2 2 2 2 2 2 2 2 2 2 2 2 2 2 2
left_child=1 4 11 12 8 17 15 14 22 27 -9 -2 -4 -13 23 16 18 29 -3 -5 -18 -16 25 -8 -11 -1 -12 -7 -19 -6
right_child=2 6 3 19 5 9 7 10 -10 24 26 13 -14 -15 21 -17 20 28 -20 -21 -22 -23 -24 -25 -26 -27 -28 -29 -30 -31
leaf_value=0.25124078976133696 -0.11961053418403451 0.29958480442344498 -0.044361960590878824 -0.044361960590878824 0.3143359966712761 0.39588255987813081 0.025960683881568913 0.29958480442344498 0.025960683881568913 0.14979083916558103 0.11562287580226821 -0.16435394118563748 0.025960683881568913 -0.23649416385556221 0.28889065744046416 0.29958480442344498 0.4514502513867158 0.1402010229134629 0.43181846903924326 -0.11961053418403451 0.70551870117584869 0.1213338532552555 0.12577354674141447 0.14933788151628224 0.025960683881568913 0.54520139813423163 0.23211474781886149 0.19211328416390139 0.29279283117424004 0.45783785473216665
leaf_weight=65 431 113 586 342 92 48 204 542 1413 32 189 1050 1369 1798 202 189 182 86 201 1822 48 138 119 214 493 20 103 72 118 110
leaf_count=65 431 113 586 342 92 48 204 542 1413 32 189 1050 1369 1798 202 189 182 86 201 1822 48 138 119 214 493 20 103 72 118 110
internal_value=-0.000671801 0.163176 -0.111255 -0.04602 0.0691324 0.163934 0.271094 0.22247 0.0259607 0.0719489 0.290027 -0.193201 0.0259607 -0.209097 0.14814 0.3767 0.415935 0.310069 0.351083 -0.114685 0.504473 0.220882 0.206871 0.088971 0.0259607 0.320408 0.164645 0.273621 0.228465 0.392481
internal_weight=12391 4993 7398 4119 2668 1051 2325 1592 1617 645 834 3279 1955 2848 758 733 544 406 314 2164 230 340 204 418 525 85 292 120 204 202
internal_count=12391 4993 7398 4119 2668 1051 2325 1592 1617 645 834 3279 1955 2848 758 733 544 406 314 2164 230 340 204 418 525 85 292 120 204 202
is_linear=0
shrinkage=0.05


Tree=7
num_leaves=31
num_cat=0
split_feature=6 3 10 10 24 18 24 7 24 10 8 24 5 8 6 21 18 5 11 24 2 3 18 24 24 18 12 18 18 9
split_gain=80839.2 22177.5 10130.1 7405.49 5805.38 5306.24 5349.06 5147.78 3492.59 2887.74 2779.69 2566.75 2370.97 2033.78 1607.64 1543.98 1347.33 930.386 655.848 651.398 648.541 633.564 618.079 614.479 611.769 481.336 424.396 362.005 344.826 310.857
threshold=422.50000000000006 268.50000000000006 0.3793999999761582 0.60354998707771312 299.58500671386724 4.2500000000000009 176.25000000000003 1018.9500122070314 677.91500854492199 0.78654998540878307 1.0000000180025095e-35 72.08499908447267 0.2650000005960465 149.50000000000003 222.50000000000003 9.4499998092651385 4.9500000476837167 -1.5049999952316282 1.0000000180025095e-35 37.915000915527351 5.2650001049041757 98.500000000000014 3.4500000476837163 152.08499908447268 646.25000000000011 10.449999809265138 -0.56175000965595234 23.250000000000004 5.2500000000000009 1.0000000180025095e-35
decision_type=2 2 2 2 2 2 2 2 2 2 2 2 2 2 2 2 2 2 2 2 2 2 2 2 2 2 2 2 2 2
left_child=1 3 4 11 23 -3 10 14 -4 27 15 19 16 24 25 -7 -9 -10 -16 26 29 -21 -15 -2 -6 -5 -1 -8 -25 -19
right_child=2 5 8 7 13 6 9 12 17 -11 -12 -13 -14 22 18 -17 -18 20 -20 21 -22 -23 -24 28 -26 -27 -28 -29 -30 -31
leaf_value=0.50366521875063586 0.0060215516496523458 0.0060215516496523458 0.0060215516496523458 0.27906332714150017 -0.11018647397014576 0.25457698317579464 0.13211749147933208 0.0060215516496523458 -0.046804942990870513 0.25457698317579464 0.25457698317579464 0.0060215516496523458 0.0060215516496523458 -0.22714697734411785 0.13542272140534869 0.40227628334637161 0.17743566983538089 -0.08815924335529822 0.27526778475115343 0.24472095286989443 -0.24513704818961896 0.10046339027755297 -0.18177673214129286 -0.11018647397014576 -0.16998321654550699 0.41554485564459337 0.24472095286989443 0.25457698317579464 -0.030645830893217176 -0.1773686152340761
leaf_weight=24 238 72 953 59 422 164 663 32 332 491 329 1788 338 1590 209 818 383 360 140 62 113 88 1422 235 446 151 28 33 274 134
leaf_count=24 238 72 953 59 422 164 663 32 332 491 329 1788 338 1590 209 818 383 360 140 62 113 88 1422 235 446 151 28 33 274 134
internal_value=-0.000656019 0.133907 -0.121864 0.0481812 -0.16172 0.244049 0.258213 0.142346 -0.0243928 0.18132 0.327834 0.00602155 0.0570125 -0.186294 0.257295 0.373913 0.143865 -0.0996314 0.191521 0.194905 -0.137076 0.14204 -0.205727 -0.0340787 -0.118861 0.366606 0.347402 0.132117 -0.0673132 -0.112358
internal_weight=12391 5872 6519 3302 4627 2570 2498 1312 1892 1187 1311 1990 753 3880 559 982 415 939 349 202 607 150 3012 747 868 210 52 696 509 494
internal_count=12391 5872 6519 3302 4627 2570 2498 1312 1892 1187 1311 1990 753 3880 559 982 415 939 349 202 607 150 3012 747 868 210 52 696 509 494
is_linear=0
shrinkage=0.05


Tree=8
num_leaves=31
num_cat=0
split_feature=6 18 5 6 11 18 24 9 12 7 8 3 7 24 6 18 11 18 24 10 24 18 24 5 11 6 24 11 18 10
split_gain=72630.3 19257.8 10978.5 10051.7 5851.83 5747.42 3737.24 3524.99 2236.11 1594.4 1502.84 1377.43 1178.08 1023.68 862.802 1036.32 694.51 627.709 494.498 486.228 329.47 292.95 256.016 241.152 403.856 229.703 194.665 179.57 158.68 149.596
threshold=257.50000000000006 6.7500000000000009 0.10500000044703485 537.50000000000011 -0.60784998536109913 4.2500000000000009 72.08499908447267 -0.37939999997615809 0.81174999475479137 1016.5499877929689 138.50000000000003 285.50000000000006 1013.9500122070314 596.25000000000011 72.500000000000014 6.4500000476837167 -0.60784998536109913 2.8500000238418584 37.915000915527351 0.91595000028610241 396.25000000000006 18.750000000000004 93.750000000000014 0.91500002145767223 -1.0000000180025095e-35 762.50000000000011 831.25000000000011 -0.60784998536109913 15.84999990463257 -0.6035499870777129
decision_type=2 2 2 2 2 2 2 2 2 2 2 2 2 2 2 2 2 2 2 2 2 2 2 2 2 2 2 2 2 2
left_child=2 7 4 16 11 -6 9 10 -8 -7 27 21 -13 -9 15 -4 19 26 -14 -3 -19 -1 29 24 -5 -26 -12 -2 -24 -17
right_child=1 3 14 23 5 6 8 13 -10 -11 17 12 18 -15 -16 22 -18 20 -20 -21 -22 -23 28 -25 25 -27 -28 -29 -30 -31
leaf_value=0.04753661341561069 -0.15664892290035884 -0.015664699854356642 0.099574408085327692 -0.07886601312432398 0.04753661341561069 0.62868766784667973 0.27901712815532353 -0.07886601312432398 0.1665559211456662 0.36765338257844049 -0.20665308229882143 0.047674486240301329 0.3880434426996443 -0.16894481396504415 0.04753661341561069 0.2603380053590062 0.04753661341561069 -0.12889836517177405 0.19213481039734059 0.04753661341561069 -0.18577611612595046 0.22360470169974911 0.16806464101957166 -0.07886601312432398 -0.015664699854356642 -0.078542677129992633 -0.24846156484785334 -0.07886601312432398 0.2603380053590062 0.39412670854259946
leaf_weight=262 75 453 69 423 73 67 1256 999 328 461 725 158 36 323 671 21 1601 315 306 162 1328 31 92 939 299 147 452 259 26 34
leaf_count=262 75 453 69 423 73 67 1256 999 328 461 725 158 36 323 671 21 1601 315 306 162 1328 31 92 939 299 147 452 259 26 34
internal_value=-0.000971281 -0.0828737 0.177947 -0.00349947 0.224842 0.267066 0.285575 -0.154233 0.247175 0.400777 -0.182959 0.108498 0.160591 -0.0856965 0.0475366 0.151612 0.0475366 -0.194838 0.212757 -0.0156647 -0.174871 0.0475366 0.236555 -0.078866 -0.0450446 -0.0156647 -0.222709 -0.0826718 0.195029 0.325647
internal_weight=12391 8500 3891 4024 2978 2185 2112 4476 1584 528 3154 793 500 1322 913 242 2216 2820 342 615 1643 293 173 1808 869 446 1177 334 118 55
internal_count=12391 8500 3891 4024 2978 2185 2112 4476 1584 528 3154 793 500 1322 913 242 2216 2820 342 615 1643 293 173 1808 869 446 1177 334 118 55
is_linear=0
shrinkage=0.05


Tree=9
num_leaves=31
num_cat=0
split_feature=6 3 10 6 18 7 24 10 10 10 24 5 24 5 18 11 24 18 7 18 7 24 3 18 11 8 24 8 3 11
split_gain=65192.2 21781.6 8288.4 5750.94 4970.36 4736.08 4711.96 3425.26 2627.21 2566.06 2288.01 2247.16 2001.39 1864.68 1387.15 1329.04 1155.98 1133.42 820.933 691.746 657.126 599.24 562.913 523.737 522.587 509.139 375.852 301.346 254.166 220.415
threshold=477.50000000000006 268.50000000000006 0.60354998707771312 782.50000000000011 4.4500000476837167 1018.9500122070314 176.25000000000003 0.60354998707771312 -1.0000000180025095e-35 0.78654998540878307 72.08499908447267 0.2650000005960465 232.08499908447268 -2.8449999094009395 4.9500000476837167 1.0000000180025095e-35 410.41499328613287 20.650000572204593 1014.2500000000001 8.8499999046325701 1023.4500122070314 37.915000915527351 98.500000000000014 21.849999427795414 0.87834998965263378 333.50000000000006 452.08500671386724 141.50000000000003 247.50000000000003 -0.60784998536109913
decision_type=2 2 2 2 2 2 2 2 2 2 2 2 2 2 2 2 2 2 2 2 2 2 2 2 2 2 2 2 2 2
left_child=1 2 10 7 -3 13 8 12 17 23 21 14 -2 19 -7 -10 -5 -6 -15 -4 29 28 -23 -8 -14 -18 -11 -26 -1 -9
right_child=3 4 5 16 6 11 9 20 15 26 -12 -13 24 18 -16 -17 25 -19 -20 -21 -22 22 -24 -25 27 -27 -28 -29 -30 -31
leaf_value=0.2193387182606916 -0.0081806890470958026 -0.0081806890470958026 -0.0081806890470958026 -0.13197089905860171 0.23116914276014305 -0.0081806890470958026 0.11250787136747756 -0.063274921903826081 0.30616864211471889 0.23116914276014305 -0.0081806890470958026 -0.0081806890470958026 -0.13197089905860171 0.087968047335743912 0.15715640286094557 0.46422651184801861 -0.16571237208304104 0.41918667714770247 0.33502531291355625 0.16668233136541746 -0.13197089905860171 0.2193387182606916 0.081178719698721105 0.23116914276014305 -0.069237306706891544 -0.21714556241245778 0.15617840685354079 -0.12527057752944529 0.41389692922433219 -0.0081806890470958026
leaf_weight=22 300 107 36 419 687 36 664 301 267 303 2177 398 1815 38 420 265 645 82 292 338 87 64 91 56 86 1332 203 240 30 590
leaf_count=22 300 107 36 419 687 36 664 301 267 303 2177 398 1815 38 420 265 645 82 292 338 87 64 91 56 86 1332 203 240 30 590
internal_value=-0.0011238 0.106723 0.0323386 -0.123085 0.218046 0.123932 0.233196 -0.0814593 0.299475 0.162863 -0.00818069 0.0447817 -0.113201 0.219947 0.124383 0.3849 -0.182483 0.240377 0.306576 0.143509 -0.00818069 0.170538 0.121264 0.112508 -0.130294 -0.199454 0.231169 -0.0692373 0.317414 -0.00818069
internal_weight=12391 6576 3942 5815 2634 1558 2527 3419 1301 1226 2384 854 2441 704 456 532 2396 769 330 374 978 207 155 720 2141 1977 506 326 52 891
internal_count=12391 6576 3942 5815 2634 1558 2527 3419 1301 1226 2384 854 2441 704 456 532 2396 769 330 374 978 207 155 720 2141 1977 506 326 52 891
is_linear=0
shrinkage=0.05


Tree=10
num_leaves=31
num_cat=0
split_feature=6 18 18 6 24 10 9 24 10 12 18 8 11 24 12 11 7 7 18 18 10 24 11 24 11 24 21 8 24 6
split_gain=58491.5 16123.9 9417.66 8410.48 6132.18 3364.2 2988.89 2562.87 2144.22 1306.48 1386.74 1280.34 933.47 852.209 813.037 727.124 685.094 576.748 516.531 405.503 402.824 281.092 188.979 163.395 160.919 138.036 102.251 97.9199 78.2217 64.1874
threshold=257.50000000000006 6.7500000000000009 4.8500001430511483 552.50000000000011 93.750000000000014 0.60354998707771312 -0.37939999997615809 350.41499328613287 1.0000000180025095e-35 -0.56175000965595234 20.050000190734867 138.50000000000003 -0.60784998536109913 596.25000000000011 1.0000000180025095e-35 -0.60784998536109913 1017.2500000000001 1016.5499877929689 2.8500000238418584 19.250000000000004 0.91595000028610241 396.25000000000006 -0.60784998536109913 831.25000000000011 -0.60784998536109913 350.41499328613287 6.0499999523162851 199.50000000000003 510.41499328613287 772.50000000000011
decision_type=2 2 2 2 2 2 2 2 2 2 2 2 2 2 2 2 2 2 2 2 2 2 2 2 2 2 2 2 2 2
left_child=2 6 -1 15 8 19 11 -7 9 17 -11 24 -10 26 -9 20 -14 -4 23 -6 -3 -20 -21 -13 -2 29 -8 -15 -22 -5
right_child=1 3 4 25 5 7 13 14 12 10 -12 18 16 27 -16 -17 -18 -19 21 22 28 -23 -24 -25 -26 -27 -28 -29 -30 -31
leaf_value=0.042156192525989233 -0.14469240510463716 -0.014525521872956033 0.56025437693442071 -0.014525521872956033 0.11622852445591364 0.22384644265000847 -0.11224450727419924 0.17479721204513096 0.22384644265000847 0.22384644265000847 0.45080406657163652 -0.18815830533463382 0.62400156686890806 -0.13457891150078488 0.11622852445591364 0.042156192525989233 0.41505573707947274 0.32656156833001071 -0.1170094478958183 0.17003748355296106 0.042156192525989233 -0.16954567815999064 0.22384644265000847 -0.22646185594849882 -0.0712072362719013 -0.0712072362719013 -0.0712072362719013 -0.19380465629054053 -0.014525521872956033 -0.042866379072428663
leaf_weight=390 75 475 31 160 1166 545 142 314 38 439 69 725 53 221 370 1636 151 178 315 45 102 1328 102 452 259 1494 857 102 71 86
leaf_count=390 75 475 31 160 1166 545 142 314 38 439 69 725 53 221 370 1636 151 178 315 45 102 1328 102 452 259 1494 857 102 71 86
internal_value=-0.00137492 -0.0748744 0.159187 -0.00224522 0.190301 0.149656 -0.140169 0.211908 0.298037 0.254601 0.223846 -0.166622 0.426727 -0.0770597 0.125748 0.0421562 0.469341 0.361224 -0.177585 0.116229 -0.0145255 -0.159473 0.223846 -0.202868 -0.0740551 -0.0712072 -0.0712072 -0.153282 0.0421562 -0.0145255
internal_weight=12391 8500 3891 4024 3501 2542 4476 1229 959 717 508 3154 242 1322 684 2284 204 209 2820 1313 648 1643 147 1177 334 1740 999 323 173 246
internal_count=12391 8500 3891 4024 3501 2542 4476 1229 959 717 508 3154 242 1322 684 2284 204 209 2820 1313 648 1643 147 1177 334 1740 999 323 173 246
is_linear=0
shrinkage=0.05


Tree=11
num_leaves=31
num_cat=0
split_feature=6 3 10 18 6 7 24 10 10 2 5 21 24 24 24 5 10 24 7 18 3 7 11 17 8 24 24 8 18 24
split_gain=52712.1 19317.5 7531.57 4348.39 4317.07 4183.73 3982.28 3208.42 2424.65 2019.97 2001.13 1810.81 1789.73 1570.17 1444.65 1269.94 1226.71 991.226 925.86 714.26 566.937 523.547 496.599 368.757 364.957 298.641 264.318 208.415 172.283 171.204
threshold=492.50000000000006 268.50000000000006 0.60354998707771312 4.2500000000000009 787.50000000000011 1018.9500122070314 275.41499328613287 -1.0000000180025095e-35 0.60354998707771312 0.93000000715255748 -2.8449999094009395 9.4499998092651385 43.750000000000007 232.08499908447268 69.58499908447267 -0.94499999284744252 0.91595000028610241 410.41499328613287 1014.2500000000001 11.050000190734865 4.5000000000000009 1023.3500061035157 0.87834998965263378 0.10750000178813936 330.50000000000006 407.08500671386724 585.41500854492199 172.50000000000003 25.60000038146973 371.25000000000006
decision_type=2 2 2 2 2 2 2 2 2 2 2 2 2 2 2 2 2 2 2 2 2 2 2 2 2 2 2 2 2 2
left_child=1 2 12 -3 8 10 7 14 13 26 19 -9 23 -2 -5 -11 28 -6 -12 -4 25 -10 29 -1 -19 -14 -7 -24 -8 -15
right_child=4 3 5 6 17 9 16 11 21 15 18 -13 20 22 -16 -17 -18 24 -20 -21 -22 -23 27 -25 -26 -27 -28 -29 -30 -31
leaf_value=0.11890762262131012 -0.01129752314583652 -0.01129752314583652 0.048270455589618094 0.28573787490245062 -0.1217942838216845 0.30459180239588024 0.099779108590429794 0.18808606108994241 -0.01129752314583652 0.095518724084453804 0.066169861329416199 0.35620815626808622 0.11890762262131012 -0.070929728327892835 0.18808606108994241 -0.01129752314583652 0.18808606108994241 -0.15206138342948997 0.31399661604009693 0.17845733890026316 -0.01129752314583652 -0.1217942838216845 -0.065151787227400462 0.3310450638041777 -0.19716611497143471 0.0028418922663799358 0.13256509904144906 -0.11451447576281221 0.18808606108994241 -0.1217942838216845
leaf_weight=30 283 75 186 379 416 70 542 103 792 308 43 712 134 211 528 484 277 624 305 243 2215 83 102 51 1327 56 23 219 23 1547
leaf_count=30 283 75 186 379 416 70 542 103 792 308 43 712 134 211 528 484 277 624 305 243 2215 83 102 51 1327 56 23 219 23 1547
internal_value=-0.00140655 0.0923026 0.0250194 0.198059 -0.114898 0.109619 0.210856 0.254429 -0.0773707 0.0352872 0.194283 0.326427 -0.0112975 -0.10376 0.189733 0.00940211 0.121743 -0.166218 0.283374 0.122013 -0.0112975 -0.0112975 -0.119006 0.249113 -0.182328 0.118908 0.255728 -0.0651518 0.0997791 -0.121794
internal_weight=12391 6787 4148 2639 5604 1662 2564 1722 3237 885 777 815 2486 2362 907 792 842 2367 348 429 2405 875 2079 81 1951 190 93 321 565 1758
internal_count=12391 6787 4148 2639 5604 1662 2564 1722 3237 885 777 815 2486 2362 907 792 842 2367 348 429 2405 875 2079 81 1951 190 93 321 565 1758
is_linear=0
shrinkage=0.05


Tree=12
num_leaves=31
num_cat=0
split_feature=6 3 8 24 24 10 7 18 24 10 6 8 9 24 11 18 18 5 24 11 24 11 6 7 11 18 17 4 10 24
split_gain=46982.2 12144.3 9664.55 4908.22 4815.87 3697.75 3873.63 3274.46 3029.41 2017.2 1768.87 1730.84 1504.46 1019.17 1000.06 763.861 625.165 557.408 540.075 468.678 466.025 453.626 450.394 312.287 281.247 279.833 277.947 270.284 267.148 280.981
threshold=347.50000000000006 276.50000000000006 118.50000000000001 271.25000000000006 660.41500854492199 0.60354998707771312 1018.9500122070314 4.8500001430511483 164.58499908447268 0.78654998540878307 37.500000000000007 1.0000000180025095e-35 -1.0000000180025095e-35 43.750000000000007 -0.60784998536109913 10.449999809265138 3.4500000476837163 4.8849999904632577 111.25000000000001 -0.60784998536109913 307.91499328613287 -1.0000000180025095e-35 237.50000000000003 1021.1499938964845 -0.60784998536109913 22.250000000000004 0.10750000178813936 0.085000000894069686 0.3793999999761582 414.58500671386724
decision_type=2 2 2 2 2 2 2 2 2 2 2 2 2 2 2 2 2 2 2 2 2 2 2 2 2 2 2 2 2 2
left_child=1 5 4 18 19 13 15 -3 11 25 -8 14 17 26 -9 21 -5 24 -4 -2 -12 -7 -17 -20 -6 -10 -1 -14 29 -18
right_child=2 7 3 16 12 6 10 8 9 -11 20 -13 27 -15 -16 22 28 -19 23 -21 -22 -23 -24 -25 -26 -27 -28 -29 -30 -31
leaf_value=0.11163655334048013 -0.035937539897515691 0.017305931993227004 0.017305931993227004 -0.1777163703634973 -0.10351113677933449 0.065566776180639871 0.27766822812457881 0.21270908385098852 0.11537290904580688 0.21270908385098852 0.14654771447181703 0.21270908385098852 -0.088940142003106487 0.017305931993227004 0.33756065689114451 0.34369740311056374 -0.10552849796163032 -0.18805720420157324 -0.012504990641521425 0.017305931993227004 0.017305931993227004 0.2179359987996585 0.2179359987996585 -0.08152099672550317 -0.035937539897515691 0.21270908385098852 0.26844509338575695 -0.16349580548933154 -0.08152099672550317 -0.15296436747033446
leaf_weight=33 584 93 169 1687 164 80 72 169 609 455 70 277 162 1521 684 160 415 61 315 1248 503 58 108 177 523 38 63 487 146 1260
leaf_count=33 584 93 169 1687 164 80 72 169 609 455 70 277 162 1521 684 160 415 61 315 1248 503 58 108 177 523 38 63 487 146 1260
internal_value=-0.00195737 0.116554 -0.0819421 -0.132237 -0.0170061 0.0437602 0.120128 0.200087 0.21344 0.154454 0.0439706 0.270964 -0.089181 0.0173059 0.310528 0.241116 -0.155787 -0.0408491 -0.00725544 0.0173059 0.0173059 0.145542 0.29033 -0.0423159 -0.0359375 0.115373 0.205967 -0.144886 -0.13547 -0.141212
internal_weight=12391 4993 7398 4169 3229 2668 1051 2325 2232 1102 645 1130 1397 1617 853 406 3508 748 661 1832 573 138 268 492 687 647 96 649 1821 1675
internal_count=12391 4993 7398 4169 3229 2668 1051 2325 2232 1102 645 1130 1397 1617 853 406 3508 748 661 1832 573 138 268 492 687 647 96 649 1821 1675
is_linear=0
shrinkage=0.05


Tree=13
num_leaves=31
num_cat=0
split_feature=8 24 5 5 24 7 11 11 18 24 18 4 10 10 20 9 10 24 12 10 24 18 12 7 18 11 6 24 18 11
split_gain=42190 21118.7 5869.36 5654.92 5600.98 4257.46 3111.33 2797.65 2787.84 1885.5 1810.56 1729.32 1637.5 1590.07 1302.24 1171.59 1155.02 1050.73 810.868 798.222 753.926 680.949 674.972 529.713 457.045 425.046 388.192 377.843 353.652 349.852
threshold=81.500000000000014 350.41499328613287 0.82499998807907116 -0.10500000044703482 232.08499908447268 1018.0499877929689 -0.60784998536109913 -0.60784998536109913 4.8500001430511483 72.08499908447267 4.0499999523162851 2.1550000905990605 0.3793999999761582 0.91595000028610241 6.1499998569488534 0.3793999999761582 0.91595000028610241 111.25000000000001 -0.56175000965595234 0.91595000028610241 32.915000915527351 3.4500000476837163 1.0000000180025095e-35 1018.5499877929689 21.349999427795414 -0.87834998965263356 42.500000000000007 32.915000915527351 7.7500000000000009 0.87834998965263378
decision_type=2 2 2 2 2 2 2 2 2 2 2 2 2 2 2 2 2 2 2 2 2 2 2 2 2 2 2 2 2 2
left_child=1 3 7 6 17 11 16 19 -8 -10 -9 -4 21 26 -12 22 20 18 -2 28 -1 -6 -7 -18 -15 -21 27 -5 -3 -23
right_child=4 2 5 13 12 15 8 10 9 -11 14 -13 -14 24 -16 -17 23 -19 -20 25 -22 29 -24 -25 -26 -27 -28 -29 -30 -31
leaf_value=0.33353984855836438 0.19196829381062813 -0.11074832412913177 0.086835906774353031 0.31762202091861602 -0.17074141722313355 -0.022741001845746164 0.086835906774353031 -0.25857508998168144 0.3636374258783226 0.23764581477645563 -0.056087243508685519 -0.12747482199417917 -0.067972661611469296 0.22612622712933739 0.086835906774353031 -0.15547148442360817 0.21960620909929274 -0.043040694414160703 0.021652893022820356 0.086835906774353031 0.086835906774353031 -0.13698077662489735 -0.1224741622844672 0.51673486709594729 0.48570282374109541 -0.018711900341929526 0.086835906774353031 0.14986773817952162 -0.02872822280598324 -0.078539051354376985
leaf_weight=31 97 224 210 43 1772 417 78 38 408 1091 162 95 364 43 1542 677 60 521 250 120 454 1716 286 20 28 137 735 153 318 301
leaf_count=31 97 224 210 43 1772 417 78 38 408 1091 162 95 364 43 1542 677 60 521 250 120 454 1716 286 20 28 137 735 153 318 301
internal_value=-0.00187844 0.0742738 0.00126984 0.172402 -0.113657 -0.0710909 0.218542 0.049254 0.254612 0.271938 0.0847855 0.0868359 -0.1378 0.0868359 0.0868359 -0.108525 0.117866 0.00185478 0.0692627 -0.0282126 0.0888319 -0.148127 -0.0633152 0.293888 0.328494 0.0443631 0.0868359 0.186671 -0.0626258 -0.128259
internal_weight=12391 7370 4226 3144 5021 1685 2142 2541 1577 1499 1742 305 4153 1002 1704 1380 565 868 347 799 485 3789 703 80 71 257 931 196 542 2017
internal_count=12391 7370 4226 3144 5021 1685 2142 2541 1577 1499 1742 305 4153 1002 1704 1380 565 868 347 799 485 3789 703 80 71 257 931 196 542 2017
is_linear=0
shrinkage=0.05


Tree=14
num_leaves=31
num_cat=0
split_feature=6 3 10 18 6 24 7 10 24 10 10 10 24 5 7 24 11 12 24 24 17 21 3 7 11 8 18 5 24 18
split_gain=38205.6 14118.3 6206.72 3592.48 3336.65 3119.35 3108.05 2506.5 2241.94 1827.53 1823.41 1477.39 1451.77 1316.73 1251.13 1201.12 1179.29 996.773 931.682 802.196 769.745 719.729 465.484 393.136 392.345 309.443 262.65 151.385 151.132 112.348
threshold=492.50000000000006 268.50000000000006 0.78654998540878307 4.8500001430511483 787.50000000000011 205.41500091552737 1019.1499938964845 0.3793999999761582 179.58499908447268 0.60354998707771312 0.78654998540878307 0.3793999999761582 69.58499908447267 0.2650000005960465 1015.8500061035157 332.08500671386724 1.0000000180025095e-35 1.0000000180025095e-35 43.750000000000007 507.08500671386724 0.1225000023841858 9.6500000953674334 14.500000000000002 1023.2500000000001 0.87834998965263378 355.50000000000006 4.2500000000000009 4.9449999332427987 452.08500671386724 26.399999618530277
decision_type=2 2 2 2 2 2 2 2 2 2 2 2 2 2 2 2 2 2 2 2 2 2 2 2 2 2 2 2 2 2
left_child=1 2 8 -3 9 7 14 12 11 15 29 18 -5 17 20 26 -9 -8 -1 -6 -4 -16 -13 -11 -17 27 -2 -21 -12 -7
right_child=4 3 6 5 19 10 13 16 -10 23 28 22 -14 -15 21 24 -18 -19 -20 25 -22 -23 -24 -25 -26 -27 -28 -29 -30 -31
leaf_value=0.21581363973172407 -0.061019041988317639 -0.010187329197091361 0.082118674021611368 0.26811957275358261 -0.104450490445267 0.086298937714237162 0.20509511668970634 0.25552222189392632 -0.010187329197091361 -0.010187329197091361 0.17617921918935889 0.45831141953284926 0.17617921918935889 -0.010187329197091361 0.15074862291415533 -0.104450490445267 0.44611988174507311 0.034633943158640434 0.036358517314935071 -0.1327181994096566 0.33657906941005167 0.32312123929987308 0.20080759558412764 -0.104450490445267 -0.061019041988317639 -0.17667444477712252 -0.010187329197091361 -0.17870145183493638 0.12204453753741476 0.17617921918935889
leaf_weight=79 124 137 197 477 610 593 157 157 2311 785 280 26 596 290 84 1605 168 189 509 451 35 217 54 90 278 1127 355 179 206 25
leaf_count=79 124 137 197 477 610 593 157 157 2311 785 280 26 596 290 84 1605 168 189 509 451 35 217 54 90 278 1127 355 179 206 25
internal_value=-0.00176665 0.0780127 0.0204922 0.168424 -0.0983874 0.182785 0.118706 0.232398 -0.0101873 -0.0653957 0.119961 0.0829044 0.195551 0.0440708 0.207763 -0.0883627 0.354047 0.111982 0.0554769 -0.143505 0.120507 0.275017 0.284496 -0.0101873 -0.10445 -0.160986 -0.0175876 -0.132921 0.176179 0.0862989
internal_weight=12391 6787 4148 2639 5604 2502 1169 1398 2979 3237 1104 668 1073 636 533 2362 325 346 588 2367 232 301 80 875 1883 1757 479 630 486 618
internal_count=12391 6787 4148 2639 5604 2502 1169 1398 2979 3237 1104 668 1073 636 533 2362 325 346 588 2367 232 301 80 875 1883 1757 479 630 486 618
is_linear=0
shrinkage=0.05


Tree=15
num_leaves=31
num_cat=0
split_feature=8 24 18 24 24 5 10 10 18 10 24 18 7 9 24 4 12 12 2 24 11 11 11 11 12 7 24 5 8 20
split_gain=34908.7 17191.9 5454.99 4923 4559.06 4106.64 2354.54 2347.67 1906.77 1440.2 1439.16 1102.77 984.124 1139.17 870.539 866.391 735.212 657.433 653.977 638.039 608.427 343.525 300.855 274.933 267.821 223.009 338.961 218.719 212.009 193.833
threshold=81.500000000000014 462.91499328613287 5.5499999523162851 172.08499908447268 232.08499908447268 1.2649999856948855 0.78654998540878307 0.3793999999761582 8.8499999046325701 1.0000000180025095e-35 62.084999084472663 4.7500000000000009 1017.3500061035157 0.3793999999761582 111.25000000000001 2.1550000905990605 -0.56175000965595234 -0.56175000965595234 2.6800000667572026 510.41499328613287 0.60784998536109935 -0.60784998536109913 -0.60784998536109913 -0.60784998536109913 0.81174999475479137 1019.4500122070314 43.750000000000007 0.10500000044703485 394.50000000000006 10.84999990463257
decision_type=2 2 2 2 2 2 2 2 2 2 2 2 2 2 2 2 2 2 2 2 2 2 2 2 2 2 2 2 2 2
left_child=1 2 -1 7 14 8 -5 10 11 19 -4 -3 15 17 16 -7 25 -14 -13 23 -9 -11 -10 -6 -8 -2 -27 -25 -21 -18
right_child=4 5 3 6 9 12 24 20 22 21 -12 18 13 -15 -16 -17 29 -19 -20 28 -22 -23 -24 27 -26 26 -28 -29 -30 -31
leaf_value=0.05580570180300614 0.26720891633048288 -0.27540764967600506 0.27004901463135628 0.10763713002170572 -0.13525488464577018 0.05580570180300614 0.17101194015053239 0.29548930231841253 0.010177665696914416 -0.12108799935998144 0.17101194015053239 0.010177665696914416 0.012577433471576633 -0.15805369325433716 -0.040455996257770493 -0.11578167629869361 0.010654524535134212 -0.094346701356233631 -0.064468989227750406 -0.13525488464577018 0.43420538234809219 -0.06258985630164203 0.05580570180300614 -0.077732051989723966 0.10763713002170572 0.27877544879913335 0.022047812403697107 -0.1287085035882358 -0.16753293504879507 0.069365802501048249
leaf_weight=613 41 45 431 1360 350 71 655 228 301 259 676 294 214 528 521 76 107 438 409 522 121 607 768 563 142 20 36 336 1516 143
leaf_count=613 41 45 431 1360 350 71 655 228 301 259 676 294 214 528 521 76 107 438 409 522 121 607 768 563 142 20 36 336 1516 143
internal_value=-0.00213006 0.0671399 0.133008 0.159469 -0.103807 -0.0213966 0.111517 0.230507 0.0274383 -0.125589 0.194858 -0.0354504 -0.0882639 -0.103462 0.000408867 0.0337311 0.061765 -0.059252 -0.0200904 -0.140702 0.343583 -0.0682243 0.0558057 -0.112563 0.171012 0.178606 0.113736 -0.0967844 -0.157947 0.0164307
internal_weight=12391 7370 4226 3613 5021 3144 2157 1456 1817 4153 1107 748 1327 1180 868 147 347 652 703 3287 349 866 1069 1249 797 97 56 899 2038 250
internal_count=12391 7370 4226 3613 5021 3144 2157 1456 1817 4153 1107 748 1327 1180 868 147 347 652 703 3287 349 866 1069 1249 797 97 56 899 2038 250
is_linear=0
shrinkage=0.05


Tree=16
num_leaves=31
num_cat=0
split_feature=8 24 5 7 24 10 18 6 24 6 10 18 11 11 18 9 12 24 12 11 12 18 11 18 9 20 5 24 11 4
split_gain=31379.2 15459.4 6316.08 4751.44 4081.53 3875.21 3098.67 3108.46 2460.21 1680.89 1335.11 1234.2 1098.24 1088.21 990.479 918.35 830.401 769.537 675.558 655.074 624.51 610.392 557.772 517.947 486.241 440.486 428.09 327.89 279.597 223.907
threshold=81.500000000000014 237.08499908447268 0.86500000953674328 1018.0499877929689 232.08499908447268 0.3793999999761582 4.4500000476837167 472.50000000000006 72.08499908447267 697.50000000000011 0.3793999999761582 4.9500000476837167 -0.60784998536109913 1.0000000180025095e-35 5.5499999523162851 0.3793999999761582 -0.56175000965595234 111.25000000000001 -0.56175000965595234 1.0000000180025095e-35 1.0000000180025095e-35 11.150000095367433 0.87834998965263378 3.4500000476837163 -1.0000000180025095e-35 11.84999990463257 -0.10500000044703482 418.75000000000006 0.87834998965263378 0.79500001668930065
decision_type=2 2 2 2 2 2 2 2 2 2 2 2 2 2 2 2 2 2 2 2 2 2 2 2 2 2 2 2 2 2
left_child=1 5 6 9 17 8 26 12 14 -4 23 -7 -8 16 -1 20 -13 18 29 -16 -5 -9 -11 -6 -15 -10 -3 -17 -25 -2
right_child=4 2 3 15 10 11 7 21 25 22 -12 13 -14 24 19 27 -18 -19 -20 -21 -22 -23 -24 28 -26 -27 -28 -29 -30 -31
leaf_value=0.15478480318204399 0.22675213465474606 -0.29831221553145865 0.095341990774840568 -0.013880722269122662 -0.14844725260712863 0.095341990774840568 0.04262165723052054 -0.043256613175808034 0.095341990774840568 -0.12784000586659192 -0.059620156710136311 0.36020687383910022 0.095341990774840568 0.19711153341299054 0.20658735975466042 -0.083983109571335549 0.19711153341299054 -0.038433196058276969 0.014218830197304489 0.32399750989786275 -0.10923388016263121 0.040418956024440685 0.011657373333416555 -0.11919372867204528 0.39585569744760341 0.15478480318204399 -0.0845167025923729 -0.15025814223409326 -0.066948437695685412 0.068569237938416863
leaf_weight=70 62 61 229 432 1772 43 633 550 757 126 364 96 1581 30 332 277 221 521 250 185 285 361 25 1716 242 224 38 572 301 35
leaf_count=70 62 61 229 432 1772 43 633 550 757 126 364 96 1581 30 332 277 221 521 250 185 285 361 25 1716 242 224 38 572 301 35
internal_value=-0.00221904 0.0634558 0.0162171 -0.0549166 -0.0986189 0.174467 0.0591532 0.0678779 0.132337 0.095342 -0.119228 0.278992 0.095342 0.298881 0.214228 -0.0934477 0.235927 -1.20183e-05 0.0576751 0.248601 -0.0517826 -0.0100987 -0.0720272 -0.128724 0.37225 0.095342 -0.216249 -0.128635 -0.111397 0.169676
internal_weight=12391 7370 5170 1946 5021 2200 3224 3125 1568 380 4153 632 2214 589 587 1566 317 868 347 517 717 911 151 3789 272 981 99 849 2017 97
internal_count=12391 7370 5170 1946 5021 2200 3224 3125 1568 380 4153 632 2214 589 587 1566 317 868 347 517 717 911 151 3789 272 981 99 849 2017 97
is_linear=0
shrinkage=0.05


Tree=17
num_leaves=31
num_cat=0
split_feature=8 24 18 5 10 24 7 24 11 18 10 11 18 9 20 11 18 6 24 10 12 24 12 1 12 11 11 11 18 4
split_gain=28344.1 13721.7 4459.56 3952.01 3695.48 3672.4 3469.94 2449.17 2319.74 1342.73 1253.27 1111.89 932.44 884.067 880.209 780.125 754.592 711.359 694.507 635.205 609.691 548.873 498.431 373.579 429.686 361.351 296.097 245.955 244.273 202.076
threshold=81.500000000000014 350.41499328613287 19.550000190734867 0.82499998807907116 0.60354998707771312 232.08499908447268 1018.0499877929689 72.08499908447267 -0.60784998536109913 4.0499999523162851 1.0000000180025095e-35 1.0000000180025095e-35 4.8500001430511483 0.3793999999761582 6.1499998569488534 -0.87834998965263356 4.9500000476837167 662.50000000000011 111.25000000000001 0.91595000028610241 -0.56175000965595234 510.41499328613287 1.0000000180025095e-35 94.500000000000014 0.81174999475479137 -0.87834998965263356 -0.60784998536109913 -0.60784998536109913 7.7500000000000009 0.79500001668930065
decision_type=2 2 2 2 2 2 2 2 2 2 2 2 2 2 2 2 2 2 2 2 2 2 2 2 2 2 2 2 2 2
left_child=1 2 4 8 7 18 11 16 19 -10 21 17 -6 22 -11 -4 -1 -5 20 28 29 27 -8 24 -17 -21 -12 -7 -3 -2
right_child=5 3 15 6 12 10 13 -9 9 14 26 -13 -14 -15 -16 23 -18 -19 -20 25 -22 -23 -24 -25 -26 -27 -28 -29 -30 -31
leaf_value=0.12725620342241936 0.2154145293358353 -0.100296301988679 0.19961540723179405 0.070617319452644864 0.070617319452644864 -0.12214124121435449 -0.017725138928589346 0.070617319452644864 -0.22720079610222266 -0.049933651354117897 -0.11030048609326476 0.070617319452644864 0.19961540723179405 -0.13264522536422513 0.070617319452644864 0.36025981999212697 0.19961540723179405 -0.13207420235949344 -0.036511536806217625 0.070617319452644864 0.013507888944447042 -0.14318834952932397 -0.10342873420690063 0.19961540723179405 0.21661142837256195 -0.024014884036333457 -0.056553168444196625 -0.086093898571911659 -0.03212997157642114 0.065140776352158619
leaf_weight=48 62 224 76 21 40 350 417 1527 38 162 259 168 627 677 1542 279 446 116 521 120 250 2038 286 37 64 137 607 899 318 35
leaf_count=48 62 224 76 21 40 350 417 1527 38 162 259 168 627 677 1542 279 446 116 521 120 250 2038 286 37 64 137 607 899 318 35
internal_value=-0.00192647 0.0604915 0.139589 0.0016456 0.115062 -0.0935457 -0.0577312 0.0809558 0.0410198 0.0706173 -0.113095 0.0706173 0.199615 -0.0918644 0.0706173 0.284169 0.183895 -0.0770489 -1.14176e-05 -0.0296033 0.0547914 -0.127193 -0.0525918 0.316712 0.333457 0.0351388 -0.0595829 -0.101094 -0.060302 0.161192
internal_weight=12391 7370 3144 4226 2688 5021 1685 2021 2541 1742 4153 305 667 1380 1704 456 494 137 868 799 347 3287 703 380 343 257 866 1249 542 97
internal_count=12391 7370 3144 4226 2688 5021 1685 2021 2541 1742 4153 305 667 1380 1704 456 494 137 868 799 347 3287 703 380 343 257 866 1249 542 97
is_linear=0
shrinkage=0.05


Tree=18
num_leaves=31
num_cat=0
split_feature=8 24 5 7 24 18 6 10 11 3 10 18 24 18 10 11 18 12 9 6 24 12 9 11 24 5 8 12 18 1
split_gain=25662.2 12407.5 5546.79 4205.82 3310.5 3039.92 2919.55 2816.22 1783.05 1657.27 1167.15 1003.14 1014.5 1000.59 999.231 918.66 756.673 722.765 708.25 699.287 626.792 550.246 486.082 440.917 409.382 408.938 392.649 360.365 354.123 263.48
threshold=81.500000000000014 208.75000000000003 0.86500000953674328 1018.4500122070314 232.08499908447268 4.4500000476837167 442.50000000000006 0.3793999999761582 1.0000000180025095e-35 276.50000000000006 0.3793999999761582 5.1499998569488534 72.08499908447267 4.9500000476837167 0.60354998707771312 1.0000000180025095e-35 11.150000095367433 -0.56175000965595234 1.0000000180025095e-35 597.50000000000011 111.25000000000001 -0.56175000965595234 -1.0000000180025095e-35 -0.60784998536109913 410.41499328613287 -1.0000000180025095e-35 420.50000000000006 -0.56175000965595234 18.050000190734867 78.500000000000014
decision_type=2 2 2 2 2 2 2 2 2 2 2 2 2 2 2 2 2 2 2 2 2 2 2 2 2 2 2 2 2 2
left_child=1 7 5 8 20 25 14 9 19 28 23 -11 -13 -9 -7 17 -8 -15 27 -4 21 -2 -17 29 -25 -3 -26 -5 -1 -6
right_child=4 2 3 18 10 6 16 13 -10 11 -12 12 -14 15 -16 22 -18 -19 -20 -21 -22 -23 -24 24 26 -27 -28 -29 -30 -31
leaf_value=0.09105802947977451 0.1531324408564371 -0.27906760047463813 0.09105802947977451 0.014757377429581857 -0.15743659596738627 0.043879614971992921 -0.040021109292807722 0.09105802947977451 0.09105802947977451 0.09105802947977451 -0.053694338828663063 0.24648955691185931 0.14045551369007919 0.33787305884891089 0.09105802947977451 0.18605962823029529 0.043879614971992921 0.18605962823029529 -0.11308251532773506 -0.109906524722162 -0.034685959658744582 0.012832494894787669 0.38020446312384332 -0.067305520841112201 -0.091427761461394974 -0.075970382415331328 -0.13359457720319431 -0.070675063702960811 0.39207458645105364 -0.095741414133332342
leaf_weight=504 97 68 53 184 811 761 602 40 248 51 364 417 465 90 1452 30 452 178 980 154 521 250 207 549 934 39 1275 375 20 220
leaf_count=504 97 68 53 184 811 761 602 40 248 51 364 417 465 90 1452 30 452 178 980 154 521 250 207 549 934 39 1275 375 20 220
internal_value=-0.00163971 0.0577519 0.0181329 -0.0479812 -0.0888169 0.0572058 0.0657948 0.163983 0.0855695 0.127714 -0.107378 0.171922 0.189853 0.260945 0.091058 0.281061 -0.0032988 0.217644 -0.087465 -0.0559137 -1.08462e-05 0.0520518 0.352774 -0.116375 -0.105947 -0.205042 -0.11555 -0.0425542 0.091058 -0.144272
internal_weight=12391 7370 5368 1994 5021 3374 3267 2002 455 1457 4153 933 882 545 2213 505 1054 268 1539 207 868 347 237 3789 2758 107 2209 559 524 1031
internal_count=12391 7370 5368 1994 5021 3374 3267 2002 455 1457 4153 933 882 545 2213 505 1054 268 1539 207 868 347 237 3789 2758 107 2209 559 524 1031
is_linear=0
shrinkage=0.05


Tree=19
num_leaves=31
num_cat=0
split_feature=8 24 18 11 24 5 12 24 11 7 3 18 10 18 9 11 24 12 7 24 2 18 10 12 11 11 11 24 7 2
split_gain=23183.6 11267.5 4181.89 4499.08 2977.13 2854.81 2580.86 2568.85 2555.45 2275.85 1798.13 1429.82 1095.44 713.151 699.237 655.363 590.32 536.237 604.885 472.672 446.116 351.956 324.888 465.707 305.986 263.099 247.271 231.067 215.565 211.333
threshold=81.500000000000014 478.75000000000006 5.5499999523162851 0.60784998536109935 232.08499908447268 1.2649999856948855 -0.56175000965595234 161.25000000000003 0.87834998965263378 1022.3500061035157 204.50000000000003 8.8499999046325701 1.0000000180025095e-35 4.7500000000000009 0.3793999999761582 0.87834998965263378 46.250000000000007 1.0000000180025095e-35 1021.0499877929689 717.91500854492199 2.6800000667572026 5.0499999523162851 -0.91595000028610218 -0.56175000965595234 0.60784998536109935 -0.60784998536109913 -0.60784998536109913 400.41499328613287 1019.0499877929689 5.3199999332427987
decision_type=2 2 2 2 2 2 2 2 2 2 2 2 2 2 2 2 2 2 2 2 2 2 2 2 2 2 2 2 2 2
left_child=1 2 -1 6 16 11 7 -4 9 -5 -10 13 19 -3 17 -16 -2 18 -7 25 -15 -17 23 28 -25 -6 -14 -27 -18 -19
right_child=4 5 3 8 12 14 -8 -9 10 -11 -12 -13 26 20 15 21 22 29 -20 -21 -22 -23 -24 24 -26 27 -28 -29 -30 -31
leaf_value=0.043211240618365725 0.13709184714179073 -0.23119520877682886 0.26318097136263713 0.34969606616752752 -0.12093777112862236 0.043211240618365725 0.086375265685120522 0.10487791538722045 0.29103565720188151 0.086375265685120522 0.089966569892130796 0.043211240618365725 -0.099800393574342547 0.0047497914912104731 -0.13179814460080699 -0.13453276114804405 0.062340171766014155 -0.067468049977475616 -0.063046498227827624 -0.14080366286395016 -0.058085441802229201 0.043211240618365725 -0.050919168590459044 -0.050919168590459044 0.026025345740896284 -0.062575392230525329 -0.050919168590459044 -0.10350809005585027 -0.021474083776503238 -0.16471685122137203
leaf_weight=648 72 43 412 405 585 178 1616 678 154 67 400 977 259 282 545 28 105 238 202 1153 399 25 119 295 198 518 607 1031 79 73
leaf_count=648 72 43 412 405 585 178 1616 678 154 67 400 977 259 282 545 28 105 238 202 1153 399 25 119 295 198 518 607 1031 79 73
internal_value=-0.00136629 0.0550843 0.106164 0.129539 -0.0842264 -0.0197415 0.0957351 0.164714 0.218695 0.304185 0.145859 0.0227887 -0.101828 -0.0337117 -0.0758655 -0.115452 -1.0304e-05 -0.041607 -0.00175983 -0.115009 -0.0212421 0.0432112 -0.0124115 0.00333228 -0.0221765 -0.101072 -0.0517989 -0.0898198 0.0623402 -0.0902949
internal_weight=12391 7370 4380 3732 5021 2990 2706 1090 1026 472 554 1701 4153 724 1289 598 868 691 380 3287 681 53 796 677 493 2134 866 1549 184 311
internal_count=12391 7370 4380 3732 5021 2990 2706 1090 1026 472 554 1701 4153 724 1289 598 868 691 380 3287 681 53 796 677 493 2134 866 1549 184 311
is_linear=0
shrinkage=0.05


Tree=20
num_leaves=31
num_cat=0
split_feature=18 6 11 24 10 12 11 7 18 18 18 10 24 18 24 7 11 5 7 8 4 17 12 5 8 7 18 1 10 3
split_gain=20908.8 13804.7 4290.25 3729.59 3352.99 2074.59 1958.14 1359.58 1103.15 971.977 847.145 772.863 975.436 396.745 346.666 342.814 331.77 307.332 248.409 208.99 146.298 120.61 101.742 85.8185 69.2134 51.6639 50.0016 45.8757 37.7776 31.9354
threshold=4.9500000476837167 422.50000000000006 -0.60784998536109913 87.915000915527358 0.60354998707771312 0.81174999475479137 0.87834998965263378 1016.5499877929689 4.2500000000000009 19.250000000000004 12.750000000000002 0.91595000028610241 327.91499328613287 2.1499999761581425 312.91499328613287 1015.8500061035157 -1.0000000180025095e-35 -1.5349999666213987 1017.8500061035157 141.50000000000003 0.90500000119209301 0.13350000232458117 0.81174999475479137 5.4949998855590829 84.500000000000014 1024.549987792969 1.3499999642372134 77.500000000000014 0.78654998540878307 29.500000000000004
decision_type=2 2 2 2 2 2 2 2 2 2 2 2 2 2 2 2 2 2 2 2 2 2 2 2 2 2 2 2 2 2
left_child=8 2 11 7 9 -6 -3 20 13 -5 -9 -2 15 19 -10 -13 21 27 -14 28 -4 29 26 -19 25 -16 -21 -18 -1 -15
right_child=1 6 3 4 5 -7 -8 10 14 -11 -12 12 18 16 24 -17 17 23 -20 22 -22 -23 -24 -25 -26 -27 -28 -29 -30 -31
leaf_value=-0.30718397855758672 0.032422230187852619 -0.030087821808160227 0.47546573877334597 0.032897755292691518 0.16321252368093969 0.032422230187852619 0.032422230187852619 0.16321252368093969 -0.030087821808160227 0.14873216923309623 0.27491181298494344 0.19471904578663055 0.14663480364922751 -0.10376969906263121 -0.053941805408097468 0.42307754666716968 -0.1099409691184899 -0.080796685027219428 0.032422230187852619 -0.19428420745664174 0.33271711596420839 -0.080796685027219428 -0.12674271309804302 -0.12674271309804302 -0.080796685027219428 -0.080796685027219428 -0.14886891921257536 -0.12674271309804302 -0.21116555822747096 -0.12674271309804302
leaf_weight=20 1220 3183 50 1316 1014 292 499 383 276 210 250 42 59 171 118 27 426 752 114 72 28 85 173 97 309 46 383 43 21 712
leaf_count=20 1220 3183 50 1316 1014 292 499 383 276 210 250 42 59 171 118 27 426 752 114 72 28 85 173 97 309 46 383 43 21 712
internal_value=-0.00155977 0.0408516 0.0949323 0.124873 0.0991691 0.157978 -0.0300878 0.227256 -0.101027 0.0488383 0.202985 0.0324222 0.125127 -0.114765 -0.0468284 0.284077 -0.104854 -0.0885286 0.0617307 -0.148632 0.424223 -0.126743 -0.141491 -0.0807967 -0.0777958 -0.0539418 -0.156056 -0.123296 -0.258004 -0.126743
internal_weight=12391 8687 5005 3543 2832 1306 3682 711 3704 1526 633 1462 242 2955 749 69 2286 1318 173 669 78 968 628 849 473 164 455 469 41 883
internal_count=12391 8687 5005 3543 2832 1306 3682 711 3704 1526 633 1462 242 2955 749 69 2286 1318 173 669 78 968 628 849 473 164 455 469 41 883
is_linear=0
shrinkage=0.05


Tree=21
num_leaves=31
num_cat=0
split_feature=8 24 5 7 10 24 11 18 18 6 12 10 18 18 11 5 9 18 12 24 10 12 12 12 9 11 7 18 24 12
split_gain=19061.9 9348.61 4053.18 3935.08 3021.14 2475.64 2263.33 1627.1 1453.86 1104.16 1005.51 946.092 895.616 859.716 832.282 763.97 655.053 528.957 522.052 510.509 482.72 479.044 445.751 427.87 396.102 352.721 316.141 305.271 303.694 303.225
threshold=81.500000000000014 237.08499908447268 0.37000000476837164 1018.4500122070314 0.3793999999761582 232.08499908447268 -0.60784998536109913 19.750000000000004 4.4500000476837167 632.50000000000011 -0.56175000965595234 0.3793999999761582 4.9500000476837167 9.4499998092651385 1.0000000180025095e-35 -4.0450000762939444 1.0000000180025095e-35 4.7500000000000009 -0.56175000965595234 111.25000000000001 0.78654998540878307 -0.56175000965595234 1.0000000180025095e-35 1.0000000180025095e-35 -1.0000000180025095e-35 -0.60784998536109913 1016.5499877929689 21.000000000000004 410.41499328613287 -0.56175000965595234
decision_type=2 2 2 2 2 2 2 2 2 2 2 2 2 2 2 2 2 2 2 2 2 2 2 2 2 2 2 2 2 2
left_child=1 4 6 9 7 19 13 10 -8 -4 17 25 -6 -3 18 -10 29 -1 -14 21 -15 -2 26 -11 -16 -7 -9 -24 -27 -5
right_child=5 2 3 16 12 11 8 22 15 23 -12 -13 14 20 24 -17 -18 -19 -20 -21 -22 -23 27 -25 -26 28 -28 -29 -30 -31
leaf_value=0.074347994886558702 0.14132642565851974 -0.072063841955835803 0.074347994886558702 0.015128206707176349 0.074347994886558702 -0.12599620492505606 -0.19089347926469952 0.32480896012536409 0.012443575389290846 0.010629826651059394 0.074347994886558702 -0.04639692480084015 0.28877173513174059 -0.023479528556186926 0.15977314232023529 0.074347994886558702 -0.102893932854614 0.15643291835787365 0.15977314232023529 -0.03126720532434394 0.06574426544680953 0.010418366270512344 0.26621007195540836 -0.11990366181931818 0.33077881310196705 -0.058436221582762043 0.15643291835787365 0.4897495269775391 -0.099989126890289812 -0.061479961945042766
leaf_weight=31 97 393 311 191 43 1031 52 29 553 69 1009 364 96 229 30 1539 1018 332 221 521 312 250 56 104 242 549 90 21 2209 399
leaf_count=31 97 393 311 191 43 1031 52 29 553 69 1009 364 96 229 30 1539 1018 332 221 521 312 250 56 104 242 549 90 21 2209 399
internal_value=-0.00163514 0.0495521 0.0128175 -0.0408828 0.135879 -0.0767696 0.0493155 0.0986797 0.074348 0.074348 0.0794286 -0.0928204 0.228169 -0.0157809 0.245198 0.074348 -0.0785989 0.156433 0.190143 2.65448e-05 0.0251048 0.0470123 0.233437 -0.0530883 0.309362 -0.101045 0.172783 0.327175 -0.0917177 -0.0366797
internal_weight=12391 7370 5170 2092 2200 5021 3078 1568 2144 484 1372 4153 632 934 589 2092 1608 363 317 868 541 347 196 173 272 3789 119 77 2758 590
internal_count=12391 7370 5170 2092 2200 5021 3078 1568 2144 484 1372 4153 632 934 589 2092 1608 363 317 868 541 347 196 173 272 3789 119 77 2758 590
is_linear=0
shrinkage=0.05


Tree=22
num_leaves=31
num_cat=0
split_feature=8 24 18 11 11 24 9 12 7 24 9 5 11 18 10 5 24 11 24 5 10 7 7 1 11 1 11 7 24 18
split_gain=17265.8 8512.15 3334.83 3434.24 2240.12 2225.57 2196.24 2120.33 2008.05 1797.19 1597.89 1276.25 1094.19 982.551 887.21 524.482 478.432 393.387 373.433 308.633 282.165 417.214 348.406 218.392 207.905 206.617 202.242 174.11 168.787 163.163
threshold=81.500000000000014 462.91499328613287 5.5499999523162851 0.60784998536109935 0.87834998965263378 232.08499908447268 0.3793999999761582 -0.56175000965595234 1022.3500061035157 161.25000000000003 1.0000000180025095e-35 2.2350000143051152 0.87834998965263378 4.4500000476837167 1.0000000180025095e-35 1.1549999713897707 46.250000000000007 -0.60784998536109913 717.91500854492199 5.305000066757203 -0.91595000028610218 1021.1499938964845 1015.8500061035157 86.500000000000014 -0.60784998536109913 77.500000000000014 -0.60784998536109913 1017.7500000000001 400.41499328613287 4.7500000000000009
decision_type=2 2 2 2 2 2 2 2 2 2 2 2 2 2 2 2 2 2 2 2 2 2 2 2 2 2 2 2 2 2
left_child=1 2 -1 7 8 16 11 9 -5 -4 -6 13 15 -3 18 23 25 -15 26 27 21 22 -18 -8 -16 -2 -7 -13 -28 -14
right_child=5 6 3 4 10 14 12 -9 -10 -11 -12 19 29 17 24 -17 20 -19 -20 -21 -22 -23 -24 -25 -26 -27 28 -29 -30 -31
leaf_value=0.039458696683021939 0.20706472155210137 -0.17705472731646502 0.23094112411756251 0.31749019315093757 0.36117686958067002 -0.10514203398979372 0.0249370877219494 0.077403547031085207 0.077403547031085207 0.096681345852531742 0.093253014404551221 0.039458696683021939 -0.1255268756300211 -0.016683412673437936 -0.088827185643455708 -0.11706605315474528 -0.043991207634051017 0.039458696683021939 -0.12279975173311553 -0.14638090591822098 -0.043991207634051017 -0.043991207634051017 0.055559870208005957 -0.061870213667659657 -0.043991207634051017 0.056156660976866106 -0.054362271196374302 -0.040991236377151893 -0.089346380857524943 0.039458696683021939
leaf_weight=613 37 53 412 400 63 585 86 1564 66 631 477 37 32 387 259 560 64 940 1153 67 119 262 351 460 607 35 518 461 1031 61
leaf_count=613 37 53 412 400 63 585 86 1564 66 631 477 37 32 387 259 560 64 940 1153 67 119 262 351 460 607 35 518 461 1031 61
internal_value=-0.001282 0.047434 0.0937822 0.115348 0.193822 -0.072789 -0.0148648 0.0850667 0.274139 0.149716 0.124511 0.0179462 -0.0680902 0.0394587 -0.0880076 -0.0830675 2.52168e-05 0.0394587 -0.0998721 -0.0456312 -0.011139 0.00408104 0.0352756 -0.0481973 -0.0439912 0.123452 -0.0874843 -0.0320765 -0.0776474 0.0394587
internal_weight=12391 7370 4226 3613 1006 5021 3144 2607 466 1043 540 1945 1199 1380 4153 1106 868 1327 3287 565 796 677 415 546 866 72 2134 498 1549 93
internal_count=12391 7370 4226 3613 1006 5021 3144 2607 466 1043 540 1945 1199 1380 4153 1106 868 1327 3287 565 796 677 415 546 866 72 2134 498 1549 93
is_linear=0
shrinkage=0.05


Tree=23
num_leaves=31
num_cat=0
split_feature=18 6 11 6 12 11 7 8 4 10 18 1 17 12 11 8 9 5 24 18 11 4 5 7 7 1 3 6 21 7
split_gain=15760.2 10475.7 4478.29 3178.06 2279.42 1542.11 2216.58 2457.54 1372.63 1278.23 886.001 658.689 613.854 570.209 476.972 452.678 344.917 755.251 380.308 332.536 302.71 278.296 151.151 140.715 119.749 95.632 93.3169 77.7475 72.6117 61.3526
threshold=4.9500000476837167 477.50000000000006 0.60784998536109935 77.500000000000014 -0.56175000965595234 0.87834998965263378 1021.7500000000001 2.5000000000000004 0.51499998569488536 0.78654998540878307 4.2500000000000009 88.500000000000014 0.12550000101327899 1.0000000180025095e-35 0.87834998965263378 1.0000000180025095e-35 1.0000000180025095e-35 0.2650000005960465 831.25000000000011 19.550000190734867 -0.60784998536109913 -1.1249999999999998 -1.7849999666213987 1024.549987792969 1018.9500122070314 88.500000000000014 297.50000000000006 617.50000000000011 20.44999980926514 1023.6499938964845
decision_type=2 2 2 2 2 2 2 2 2 2 2 2 2 2 2 2 2 2 2 2 2 2 2 2 2 2 2 2 2 2
left_child=10 2 3 4 15 6 7 -4 11 -5 16 -7 -10 -11 -3 -2 18 24 20 -6 28 -12 -22 -23 -18 29 -26 -16 -1 -19
right_child=1 14 5 9 19 8 -8 -9 12 13 21 -13 -14 -15 27 -17 17 25 -20 -21 22 23 -24 -25 26 -27 -28 -29 -30 -31
leaf_value=-0.10309058902022708 0.23019044544951373 -0.026202139083990328 0.31380487873447743 0.025383963017580925 0.072010481386254474 0.10117206123787983 0.025383963017580925 0.084718220250850379 0.025383963017580925 0.072010481386254474 -0.069660865077682155 0.21765016038618659 0.2965863193784441 0.025383963017580925 0.025383963017580925 0.0998471076703734 -0.18280721469358965 -0.10081317766716608 -0.12439348673509372 0.15296112847955604 -0.097021821851468126 -0.026202139083990328 -0.069660865077682155 -0.069660865077682155 -0.26146296968265459 -0.069660865077682155 -0.38962568521499635 -0.010666205184090706 -0.069660865077682155 -0.16573028190661288
leaf_weight=484 375 2753 403 2059 614 257 108 165 276 530 282 230 21 304 147 81 33 95 728 133 508 410 820 57 49 104 20 231 55 59
leaf_count=484 375 2753 403 2059 614 257 108 165 276 530 282 230 21 304 147 81 33 95 728 133 508 410 820 57 49 104 20 231 55 59
internal_value=-0.00143427 0.035387 0.0769701 0.0501697 0.118637 0.152158 0.207498 0.247257 0.104442 0.025384 -0.0877913 0.156182 0.025384 0.0720105 -0.0262021 0.207037 -0.100103 -0.145966 -0.0937403 0.0720105 -0.0817877 -0.0392189 -0.0696609 -0.0262021 -0.261145 -0.10043 -0.298612 0.025384 -0.103091 -0.125684
internal_weight=12391 8687 5556 4096 1203 1460 676 568 784 2893 3704 487 297 834 3131 456 2955 360 2595 747 1867 749 1328 467 102 258 69 378 539 154
internal_count=12391 8687 5556 4096 1203 1460 676 568 784 2893 3704 487 297 834 3131 456 2955 360 2595 747 1867 749 1328 467 102 258 69 378 539 154
is_linear=0
shrinkage=0.05


Tree=24
num_leaves=31
num_cat=0
split_feature=8 24 10 6 10 7 24 11 24 6 10 18 18 7 11 11 12 24 12 5 9 7 9 11 5 2 7 1 17 3
split_gain=14159.3 6951.57 3893.73 2396.03 2150.98 1904.63 1859.86 1515.95 1271.93 988.729 765.672 660.414 654.251 650.346 599.779 591.587 430.083 429.081 426.611 416.269 373.489 360.712 325.689 284.002 251.139 228.495 220.049 203.186 199.553 187.193
threshold=81.500000000000014 208.75000000000003 0.78654998540878307 617.50000000000011 0.3793999999761582 1020.0499877929689 232.08499908447268 0.87834998965263378 43.750000000000007 297.50000000000006 0.3793999999761582 4.8500001430511483 4.9500000476837167 1016.4500122070314 1.0000000180025095e-35 1.0000000180025095e-35 -0.56175000965595234 111.25000000000001 -0.56175000965595234 -3.004999995231628 -1.0000000180025095e-35 1015.0499877929689 0.78654998540878307 -0.60784998536109913 4.4049999713897714 4.0450000762939462 1020.4500122070314 79.500000000000014 0.13250000029802325 124.50000000000001
decision_type=2 2 2 2 2 2 2 2 2 2 2 2 2 2 2 2 2 2 2 2 2 2 2 2 2 2 2 2 2 2
left_child=1 4 5 11 8 7 17 9 14 -3 23 -4 -6 21 -1 16 -14 18 29 -7 -17 -10 -21 27 -5 -25 -16 -8 -15 -2
right_child=6 2 3 24 12 19 10 -9 13 -11 -12 -13 15 28 26 20 -18 -19 -20 22 -22 -23 -24 25 -26 -27 -28 -29 -30 -31
leaf_value=0.1307201653385914 0.24116553861115661 0.035766810909499396 0.003281765002079723 -0.040016578272381503 0.067287482803466941 0.067287482803466941 -0.12134934608174766 0.067287482803466941 0.067287482803466941 -0.046162173391295074 -0.0401885547368485 0.067287482803466941 0.26378040260738794 0.067287482803466941 0.15668836541187306 0.14504986559388519 0.14504986559388519 -0.028640419826440645 0.0085919091034680605 -0.059732282692936359 0.30465236128024431 0.1307201653385914 -0.1167874704244273 -0.064501577182816225 -0.14244905759890875 -0.093315008547268152 0.32412520373240117 -0.065633561532926182 0.1307201653385914 0.087881331291535636
leaf_weight=145 28 566 146 296 40 41 827 355 108 1054 364 1825 90 911 26 30 178 521 250 554 207 114 456 1316 75 1442 80 204 73 69
leaf_count=145 28 566 146 296 40 41 827 355 108 1054 364 1825 90 911 26 30 178 521 250 554 207 114 456 1316 75 1442 80 204 73 69
internal_value=-0.00175885 0.0423574 0.012702 0.0611067 0.121873 -0.0247612 -0.0665142 0.00417611 0.0901755 -0.0175376 -0.0804264 0.0672875 0.206613 0.068863 0.192577 0.222812 0.171921 4.9269e-05 0.0431251 -0.0791392 0.28036 0.13072 -0.0854919 -0.087936 -0.060724 -0.0795665 0.283056 -0.110325 0.0672875 0.132128
internal_weight=12391 7370 5368 2342 2002 3026 5021 1975 1457 1620 4153 1971 545 1206 251 505 268 868 347 1051 237 222 1010 3789 371 2758 106 1031 984 97
internal_count=12391 7370 5368 2342 2002 3026 5021 1975 1457 1620 4153 1971 545 1206 251 505 268 868 347 1051 237 222 1010 3789 371 2758 106 1031 984 97
is_linear=0
shrinkage=0.05


Tree=25
num_leaves=31
num_cat=0
split_feature=18 6 11 6 12 11 7 8 4 10 18 1 17 12 11 8 9 9 5 18 24 4 7 7 12 11 3 1 18 6
split_gain=12957.4 8775.08 3830.75 2749.91 1848.63 1317.96 2149.8 2080.69 1310.12 1131.62 622.224 549.706 542.73 505.899 450.808 423.028 378.877 336.296 721.444 347.918 238.59 209.752 107.838 101.09 97.3074 93.3111 88.7435 84.187 86.2253 63.5939
threshold=4.8500001430511483 477.50000000000006 0.60784998536109935 77.500000000000014 -0.56175000965595234 0.87834998965263378 1021.7500000000001 2.5000000000000004 0.51499998569488536 0.78654998540878307 4.2500000000000009 88.500000000000014 0.12550000101327899 1.0000000180025095e-35 0.87834998965263378 1.0000000180025095e-35 -1.0000000180025095e-35 1.0000000180025095e-35 0.2650000005960465 2.1499999761581425 729.58499145507824 -1.1249999999999998 1018.9500122070314 1024.549987792969 0.81174999475479137 -0.60784998536109913 297.50000000000006 92.500000000000014 3.4500000476837163 617.50000000000011
decision_type=2 2 2 2 2 2 2 2 2 2 2 2 2 2 2 2 2 2 2 2 2 2 2 2 2 2 2 2 2 2
left_child=10 2 3 4 15 6 7 -4 11 -5 17 -7 -10 -11 -3 -2 -6 19 22 24 25 -12 -19 -23 -1 -21 -24 28 -20 -16
right_child=1 14 5 9 16 8 -8 -9 12 13 21 -13 -14 -15 29 -17 -18 18 27 20 -22 23 26 -25 -26 -27 -28 -29 -30 -31
leaf_value=-0.12884769268726048 0.20974438635587811 -0.025096284708787386 0.29081384675859223 0.022016123799139371 0.16627398730909571 0.095208422059794809 0.022016123799139371 0.080022055619593829 0.022016123799139371 0.064894084334666369 -0.063939550584687477 0.2016151921596864 0.27869505811305273 0.022016123799139371 0.022016123799139371 0.084405293299748413 0.064894084334666369 -0.17462947097691625 -0.2083446678661165 -0.079633932215189385 -0.095328313845691293 -0.025096284708787386 -0.24829669217674102 -0.063939550584687477 -0.095328313845691293 -0.063939550584687477 -0.37327936649322513 -0.063939550584687477 -0.099987048614923274 -0.011228410360940513
leaf_weight=475 376 2789 403 2087 94 257 115 165 283 530 240 230 21 304 151 82 667 33 21 375 724 353 49 48 177 844 20 91 146 241
leaf_count=475 376 2789 403 2087 94 257 115 165 283 530 240 230 21 304 151 82 667 33 21 375 724 353 49 48 177 844 20 91 146 241
internal_value=-0.00146225 0.0312317 0.0691285 0.0444838 0.107772 0.138348 0.189228 0.22958 0.0944145 0.0220161 -0.0814243 0.145462 0.0220161 0.0648941 -0.0250963 0.187304 0.0648941 -0.0911112 -0.136398 -0.0848286 -0.0742232 -0.0367679 -0.24897 -0.0250963 -0.116433 -0.0639396 -0.284524 -0.0918926 -0.113613 0.0220161
internal_weight=12391 8795 5614 4140 1219 1474 683 568 791 2921 3596 487 304 834 3181 458 761 2955 360 2595 1943 641 102 401 652 1219 69 258 167 392
internal_count=12391 8795 5614 4140 1219 1474 683 568 791 2921 3596 487 304 834 3181 458 761 2955 360 2595 1943 641 102 401 652 1219 69 258 167 392
is_linear=0
shrinkage=0.05


Tree=26
num_leaves=31
num_cat=0
split_feature=8 24 10 24 11 18 9 24 24 11 5 18 7 10 11 5 17 12 5 24 11 9 5 11 5 11 24 8 20 1
split_gain=11704.4 5956.31 2553.3 2836.51 1931.87 1818.49 1789.43 1573.89 1074.06 886.734 876.446 748.948 672.808 661.397 636.336 493.932 491.699 467.493 418.424 399.547 302.259 271.128 270.637 261.413 255.632 246.915 206.869 219.815 194.474 183.378
threshold=81.500000000000014 478.75000000000006 0.60354998707771312 102.91500091552736 1.0000000180025095e-35 4.9500000476837167 0.3793999999761582 227.08499908447268 291.25000000000006 1.0000000180025095e-35 2.2350000143051152 4.4500000476837167 1016.5499877929689 0.3793999999761582 0.87834998965263378 -1.3049999475479124 0.10549999773502351 -0.56175000965595234 1.1150000095367434 46.250000000000007 -0.60784998536109913 -1.0000000180025095e-35 -1.9950000047683714 0.60784998536109935 5.305000066757203 -0.60784998536109913 410.41499328613287 420.50000000000006 14.550000190734865 77.500000000000014
decision_type=2 2 2 2 2 2 2 2 2 2 2 2 2 2 2 2 2 2 2 2 2 2 2 2 2 2 2 2 2 2
left_child=1 2 3 9 8 -6 10 19 16 17 11 -3 -11 25 18 -7 -4 -1 -8 29 -13 -10 -21 -24 -12 28 -27 -28 -9 -2
right_child=7 6 4 -5 5 15 14 13 21 12 24 20 -14 -15 -16 -17 -18 -19 -20 22 -22 -23 23 -25 -26 26 27 -29 -30 -31
leaf_value=0.16126765876747015 0.19306885381229222 -0.16835102189560325 0.092883318486677954 0.029733407460534118 0.029733407460534118 0.1728667361352425 -0.043436070332455938 -0.10938331167298286 0.092883318486677954 0.39667013611112323 -0.026983010327657611 -0.022120238912296808 0.16472539972242148 -0.035958097980171688 0.029733407460534118 0.26338117087230323 0.18338673080165757 0.076897621105760899 -0.1074818707268386 0.029519722578261787 0.029733407460534118 0.029733407460534118 -0.035958097980171688 0.044663305266522901 -0.13101087464992681 -0.045354458366709621 -0.062342376646921174 -0.09285476056369496 -0.044618016664863085 0.052486817695884404
leaf_weight=171 37 49 57 1933 54 289 477 902 141 35 498 374 293 364 73 315 282 395 548 287 904 415 390 102 67 562 934 1275 133 35
leaf_count=171 37 49 57 1933 54 289 477 902 141 35 498 374 293 364 73 315 282 395 548 287 904 415 390 102 67 562 934 1275 133 35
internal_value=-0.00174404 0.0383659 0.0755043 0.0472095 0.127011 0.192049 -0.0160375 -0.0606188 0.0791945 0.124062 0.0134292 0.0297334 0.189476 -0.073265 -0.0668126 0.220072 0.149342 0.0861542 -0.0776771 0.00134881 0.0297334 0.036425 -0.00906685 -0.0315757 -0.0393191 -0.0802227 -0.0724395 -0.0793303 -0.101061 0.11404
internal_weight=12391 7370 4380 2827 1553 658 2990 5021 895 894 1892 1327 328 4170 1098 604 339 566 1025 851 1278 556 779 492 565 3806 2771 2209 1035 72
internal_count=12391 7370 4380 2827 1553 658 2990 5021 895 894 1892 1327 328 4170 1098 604 339 566 1025 851 1278 556 779 492 565 3806 2771 2209 1035 72
is_linear=0
shrinkage=0.05


Tree=27
num_leaves=31
num_cat=0
split_feature=18 6 11 24 12 10 11 7 8 4 12 18 1 17 11 7 9 5 18 11 7 9 2 7 12 3 1 18 21 21
split_gain=10611 7189.21 3345.56 2281.56 1694.99 1659.66 1136.25 1803.88 1763.74 1168.56 665.926 616.143 456.154 435.296 412.916 362.452 359.679 673.966 305.936 211.607 206.175 204.188 99.1965 99.1242 86.8853 83.4449 74.1079 74.6677 70.3058 55.2934
threshold=4.9500000476837167 477.50000000000006 0.60784998536109935 91.250000000000014 -0.56175000965595234 0.78654998540878307 0.87834998965263378 1021.7500000000001 2.5000000000000004 0.51499998569488536 1.0000000180025095e-35 4.2500000000000009 88.500000000000014 0.12550000101327899 0.87834998965263378 1017.2500000000001 1.0000000180025095e-35 0.2650000005960465 2.1499999761581425 -1.0000000180025095e-35 1024.549987792969 -0.6035499870777129 5.2349998950958261 1018.9500122070314 0.81174999475479137 297.50000000000006 93.500000000000014 3.4500000476837163 20.44999980926514 12.050000190734865
decision_type=2 2 2 2 2 2 2 2 2 2 2 2 2 2 2 2 2 2 2 2 2 2 2 2 2 2 2 2 2 2
left_child=11 2 3 4 15 -5 7 8 -4 12 -7 16 -8 -11 -3 -2 18 23 24 28 21 -13 -21 -18 -1 -25 27 -19 -20 -6
right_child=1 14 6 5 29 10 9 -9 -10 13 -12 20 -14 -15 -16 -17 17 26 19 22 -22 -23 -24 25 -26 -27 -28 -29 -30 -31
leaf_value=-0.11773413651730669 0.29784559006860228 -0.022040424188022083 0.26797912055279866 0.020468330730067721 0.071107993790810869 0.071107993790810869 0.08925844795914939 0.020468330730067721 0.073905182321922808 0.020468330730067721 0.020468330730067721 -0.057457120284269074 0.18618881148650596 0.25270385731543815 0.020468330730067721 0.17596305380320848 -0.16720908473838458 -0.18995485798172329 -0.086191819921006607 -0.057457120284269074 -0.057457120284269074 -0.022040424188022083 -0.086191819921006607 -0.23744099626735765 -0.086191819921006607 -0.3586350679397583 -0.057457120284269074 -0.093118234784216491 -0.057457120284269074 0.10519890685629651
leaf_weight=475 81 2753 403 2266 127 636 257 108 165 276 462 247 230 21 378 247 33 23 751 848 110 392 244 49 177 20 87 148 100 277
leaf_count=475 81 2753 403 2266 127 636 257 108 165 276 462 247 230 21 378 247 33 23 751 848 110 392 244 49 177 20 87 148 100 277
internal_value=-0.00171754 0.0284956 0.0629771 0.0398128 0.119811 0.0224054 0.127964 0.175467 0.211602 0.0870054 0.071108 -0.0725764 0.135037 0.0204683 -0.0220404 0.206062 -0.0828433 -0.129678 -0.076346 -0.066401 -0.032071 -0.0220404 -0.0574571 -0.238482 -0.105983 -0.27257 -0.086662 -0.106143 -0.085817 0.071108
internal_weight=12391 8687 5556 4096 732 3364 1460 676 568 784 1098 3704 487 297 3131 328 2955 360 2595 1943 749 639 1092 102 652 69 258 171 851 404
internal_count=12391 8687 5556 4096 732 3364 1460 676 568 784 1098 3704 487 297 3131 328 2955 360 2595 1943 749 639 1092 102 652 69 258 171 851 404
is_linear=0
shrinkage=0.05


Tree=28
num_leaves=31
num_cat=0
split_feature=8 5 18 7 24 11 10 11 24 6 24 10 11 1 9 10 7 7 24 20 12 9 7 11 1 3 8 7 20 5
split_gain=9644.28 5191.97 3968.15 3723.03 3482.3 2086.27 1598.21 1338.65 1334.23 1188.6 1113.95 1030.93 904.462 754.844 754.213 605.102 600.423 451.855 394.268 384.46 383.856 289.302 513.262 392.729 374.044 252.504 226.325 224.376 217.56 226.572
threshold=81.500000000000014 0.31499999761581426 4.2500000000000009 1018.0499877929689 350.41499328613287 0.60784998536109935 0.3793999999761582 -0.60784998536109913 134.58499908447268 657.50000000000011 43.750000000000007 0.60354998707771312 1.0000000180025095e-35 88.500000000000014 1.0000000180025095e-35 0.3793999999761582 1017.1499938964845 1023.7500000000001 320.41499328613287 10.34999990463257 -0.56175000965595234 -1.0000000180025095e-35 1019.6499938964845 -0.60784998536109913 97.500000000000014 37.500000000000007 352.50000000000006 1021.5499877929689 10.84999990463257 -1.705000042915344
decision_type=2 2 2 2 2 2 2 2 2 2 2 2 2 2 2 2 2 2 2 2 2 2 2 2 2 2 2 2 2 2
left_child=1 2 -1 5 6 9 10 17 20 13 -4 -9 -8 -3 19 18 -16 -6 25 -7 -2 23 24 -5 -23 -10 -20 -25 -22 -30
right_child=8 3 4 21 7 14 12 11 15 -11 -12 -13 -14 -15 16 -17 -18 -19 26 -21 28 22 -24 27 -26 -27 -28 -29 29 -31
leaf_value=-0.20815214613309274 0.1094190650918615 0.23449513505042441 0.18481907804105513 -0.10738184358234759 -0.038343631131328354 0.26681342823752047 0.12282471504368005 -0.01010016363855171 -0.017605347078918365 -0.083036550671054893 0.071970749478209875 0.071970749478209875 0.22331157517280131 0.04408368009023178 0.24321731300581073 -0.017605347078918365 -0.046383352339267735 0.071970749478209875 -0.05748219336515286 0.52656299046107702 -0.017605347078918365 -0.023330436204379613 -0.082731977564183642 0.050619440586537334 0.20112450629472733 -0.057201267374799962 -0.085242000331451448 -0.029487849491162472 0.13242540197337377 0.012709391068010079
leaf_weight=130 109 71 231 108 681 29 512 465 299 145 1228 1202 398 195 63 364 25 35 1074 28 148 258 1175 141 20 527 2321 230 51 128
leaf_count=130 109 71 231 108 681 29 512 465 299 145 1228 1202 398 195 63 364 25 35 1074 28 148 258 1175 141 20 527 2321 230 51 128
internal_value=-0.00197969 0.0344297 0.0643888 -0.0243566 0.0718446 0.0896576 0.114773 0.0291685 -0.0554226 0.0321294 0.0823393 0.0537286 0.166774 0.0949078 0.25272 -0.0633707 0.160944 -0.0280127 -0.0689227 0.39441 0.02816 -0.0571682 -0.0682772 -0.0234699 -0.0071826 -0.0379423 -0.0764603 0.000957239 0.00107368 0.0430241
internal_weight=12391 7370 4882 2488 4752 556 2369 2383 5021 411 1459 1667 910 266 145 4585 88 716 4221 57 436 1932 1453 479 278 826 3395 371 327 179
internal_count=12391 7370 4882 2488 4752 556 2369 2383 5021 411 1459 1667 910 266 145 4585 88 716 4221 57 436 1932 1453 479 278 826 3395 371 327 179
is_linear=0
shrinkage=0.05


Tree=29
num_leaves=31
num_cat=0
split_feature=8 5 18 7 2 11 11 18 24 6 9 9 1 10 7 24 12 20 11 6 9 7 12 10 3 8 20 5 18 4
split_gain=8694.89 4714.12 3559.77 3413.39 3213.15 1868.08 1745.19 1524.6 1191.39 1090.87 796.05 680.678 666.469 549.085 541.881 369.172 352.035 346.975 284.587 277.642 276.06 433.507 297.207 242.081 218.743 200.572 200.063 205.417 197.728 188.389
threshold=84.500000000000014 0.2650000005960465 4.2500000000000009 1018.0499877929689 3.6800000667572026 0.60784998536109935 -0.60784998536109913 19.550000190734867 134.58499908447268 657.50000000000011 0.3793999999761582 1.0000000180025095e-35 89.500000000000014 0.3793999999761582 1017.1499938964845 371.25000000000006 -0.56175000965595234 10.34999990463257 -0.60784998536109913 37.500000000000007 0.3793999999761582 1019.7500000000001 1.0000000180025095e-35 0.98295000195503246 20.500000000000004 435.50000000000006 10.84999990463257 -1.705000042915344 12.34999990463257 0.79500001668930065
decision_type=2 2 2 2 2 2 2 2 2 2 2 2 2 2 2 2 2 2 2 2 2 2 2 2 2 2 2 2 2 2
left_child=1 2 -1 5 6 9 23 -8 16 12 18 17 -3 15 -13 24 29 -7 -6 -5 22 -22 -21 -4 -10 -17 -18 -28 -12 -2
right_child=8 3 4 19 10 11 7 -9 13 -11 28 14 -14 -15 -16 25 26 -19 -20 20 21 -23 -24 -25 -26 -27 27 -29 -30 -31
leaf_value=-0.19885268444195392 0.15106964946414037 0.20720806954538121 0.046896982779371515 0.10828680401811233 -0.016484946696916698 0.25347275569521149 0.098875138130008533 0.20897314448540658 -0.017127496392852947 -0.077895208519129525 -0.060675216026450554 0.23105644602624198 0.038770072628792965 -0.017127496392852947 -0.04406418651342392 -0.059697243606556732 -0.017127496392852947 0.50023483037948613 0.046896982779371515 -0.0088715934057152692 -0.017880022911526634 -0.089206240522695546 -0.072092966377126561 0.16187218178238255 -0.055243850368509699 -0.085139549503908882 0.12580413263583301 0.011777855861397839 -0.0048931421220413376 0.012252147697113656
leaf_weight=128 72 85 803 26 182 29 2232 366 296 147 388 63 190 353 25 1361 148 28 435 481 282 871 303 64 750 1798 51 128 269 37
leaf_count=128 72 85 803 26 182 29 2232 366 296 147 388 63 190 353 25 1361 148 28 435 481 282 871 303 64 750 1798 51 128 269 37
internal_value=-0.00185742 0.0325574 0.0613362 -0.0228048 0.0683638 0.0852569 0.0933285 0.114385 -0.0528318 0.0320578 0.00046548 0.240084 0.0908327 -0.060385 0.152897 -0.0656532 0.02613 0.374689 0.04125 -0.0540177 -0.0561963 -0.0717613 -0.0333054 0.046897 -0.0399072 -0.0741782 0.00019067 0.0406832 -0.037836 0.103948
internal_weight=12391 7397 4867 2530 4739 567 3465 2598 4994 422 1274 145 275 4558 88 4205 436 57 617 1963 1937 1153 784 867 1046 3159 327 179 657 109
internal_count=12391 7397 4867 2530 4739 567 3465 2598 4994 422 1274 145 275 4558 88 4205 436 57 617 1963 1937 1153 784 867 1046 3159 327 179 657 109
is_linear=0
shrinkage=0.05


Tree=30
num_leaves=31
num_cat=0
split_feature=8 24 10 9 18 24 11 11 18 11 24 7 7 8 11 7 5 23 7 12 5 7 24 12 6 3 7 11 20 18
split_gain=7822.72 4186.9 2204.45 1735.17 1626.87 1446.94 1107.12 995.201 891.121 834.268 714.444 682.199 1049.43 563.805 561.541 544.713 524.43 481.447 445.686 693.46 442.6 410.501 306.793 280.573 280.158 252.387 222.767 219.968 224.674 216.45
threshold=42.500000000000007 396.25000000000006 0.60354998707771312 1.0000000180025095e-35 19.750000000000004 115.41500091552736 0.87834998965263378 1.0000000180025095e-35 4.9500000476837167 -0.60784998536109913 72.08499908447267 1019.6499938964845 1015.8500061035157 269.50000000000006 -0.87834998965263356 1026.9500122070315 2.0949999094009404 68.500000000000014 1016.5499877929689 1.0000000180025095e-35 -1.8049999475479124 1020.7500000000001 335.41499328613287 -0.56175000965595234 437.50000000000006 34.500000000000007 1023.4500122070314 -0.60784998536109913 14.750000000000002 4.8500001430511483
decision_type=2 2 2 2 2 2 2 2 2 2 2 2 2 2 2 2 2 2 2 2 2 2 2 2 2 2 2 2 2 2
left_child=1 2 4 9 10 15 16 11 -9 14 29 12 -4 21 24 20 23 -10 -6 -20 -2 27 25 -5 -3 -15 -8 28 -7 -1
right_child=5 3 7 6 18 13 26 8 17 -11 -12 -13 -14 22 -16 -17 -18 -19 19 -21 -22 -23 -24 -25 -26 -27 -28 -29 -30 -31
leaf_value=0.063176088300502073 0.10165067014065297 0.034044667689924528 0.040917894842380641 -0.0018828876466071662 0.27877483346632553 -0.080156410349389695 0.034044667689924528 0.034044667689924528 0.19764325950336958 0.034044667689924528 0.034044667689924528 0.034044667689924528 0.19613290916096943 -0.0069702304505401191 -0.081265365441255413 0.28950696105048773 -0.091428022111045892 0.4432994115920294 0.092307508911079625 0.24032702580258089 -0.0069702304505401191 -0.062637645629662078 -0.073941402676711801 -0.054775809792533395 -0.040950843744625265 -0.055311991479767376 -0.083622891011468151 -0.0069702304505401191 -0.0069702304505401191 0.092307508911079625
leaf_weight=39 136 99 198 436 56 208 188 26 397 1307 1550 181 242 280 263 21 591 21 175 91 265 573 2725 590 127 413 57 645 58 433
leaf_count=39 136 99 198 436 56 208 188 26 397 1307 1550 181 242 280 263 21 591 21 175 91 265 573 2725 590 127 413 57 645 58 433
internal_value=-0.00179457 0.0326878 0.0725542 -0.0044649 0.0454522 -0.047566 -0.0382856 0.132204 0.189366 0.0305987 0.0340447 0.091335 0.126286 -0.0552139 -0.0315967 0.0412735 -0.0539101 0.209985 0.15057 0.12358 0.0282737 -0.0294794 -0.0663872 -0.0322989 0.0262036 -0.0366826 0.0340447 -0.00862352 -0.0525413 0.0923075
internal_weight=12391 7067 3409 3658 2344 5324 1862 1065 444 1796 2022 621 440 4902 489 422 1617 418 322 266 401 1484 3418 1026 226 693 245 911 266 472
internal_count=12391 7067 3409 3658 2344 5324 1862 1065 444 1796 2022 621 440 4902 489 422 1617 418 322 266 401 1484 3418 1026 226 693 245 911 266 472
is_linear=0
shrinkage=0.05


Tree=31
num_leaves=31
num_cat=0
split_feature=8 5 18 7 2 11 11 12 24 6 9 1 9 10 7 7 24 20 23 5 9 7 11 7 11 3 1 10 6 8
split_gain=7043.07 3830.15 3184.94 2938.38 2653.59 1641.88 1514.03 1391.82 1114.45 926.678 701.602 603.633 599.141 492.83 490.727 457.598 337.005 316.49 291.005 274.489 250.282 249.796 252.252 243.66 235.358 229.961 218.044 217.279 214.421 187.027
threshold=72.500000000000014 0.2650000005960465 4.2500000000000009 1018.0499877929689 3.6800000667572026 0.60784998536109935 -0.60784998536109913 0.81174999475479137 111.25000000000001 657.50000000000011 0.3793999999761582 89.500000000000014 1.0000000180025095e-35 0.3793999999761582 1017.1499938964845 1026.9500122070315 371.25000000000006 10.34999990463257 68.500000000000014 -1.5349999666213987 0.91595000028610241 1023.4500122070314 -1.0000000180025095e-35 1019.7500000000001 -0.60784998536109913 20.500000000000004 97.500000000000014 0.98295000195503246 47.500000000000007 528.50000000000011
decision_type=2 2 2 2 2 2 2 2 2 2 2 2 2 2 2 2 2 2 2 2 2 2 2 2 2 2 2 2 2 2
left_child=1 2 18 5 6 9 27 -8 15 11 24 -3 17 16 -14 19 25 -7 -1 21 26 22 -2 -22 -6 -10 28 -4 -5 -18
right_child=8 3 4 20 10 12 7 -9 13 -11 -12 -13 14 -15 -16 -17 29 -19 -20 -21 23 -23 -24 -25 -26 -27 -28 -29 -30 -31
leaf_value=-0.22937274072684494 0.19352145864153811 0.19424048834809049 0.042810809953588796 0.093321882800332143 -0.014517109947289331 0.23521867106700767 0.12387197931440777 0.042810809953588796 -0.0077531760418733976 -0.072723001472908874 -0.035650526960323239 0.033939317476592568 0.21728203079057118 -0.0077531760418733976 -0.044530843198299412 0.27034964084625246 -0.056321278859177419 0.47089160425322396 -0.06452387094998166 -0.0077531760418733976 -0.01948045888031372 -0.0077531760418733976 0.041988082145128336 -0.11095781991838223 0.042810809953588796 -0.049202952648299297 0.094632671876200322 0.15345858510700056 -0.046330762808752396 -0.080878928944610073
leaf_weight=102 53 85 801 28 182 29 2043 528 316 145 652 190 63 375 25 20 1836 28 25 208 99 21 57 275 432 841 29 64 1497 1342
leaf_count=102 53 85 801 28 182 29 2043 528 316 145 652 190 63 375 25 20 1836 28 25 208 99 21 57 275 432 841 29 64 1497 1342
internal_value=-0.00167063 0.0296943 0.0556777 -0.0206361 0.0623512 0.0796387 0.0851512 0.105005 -0.0469762 0.0295573 0.0004704 0.083487 0.224702 -0.0534488 0.142903 0.0379424 -0.0582797 0.350988 -0.191399 0.0242311 -0.0500217 0.0810479 0.115 -0.0867432 0.0388268 -0.0351749 -0.0411839 0.0428108 -0.0437666 -0.0666914
internal_weight=12391 7322 4829 2493 4702 565 3436 2571 5069 420 1266 275 145 4710 88 359 4335 57 127 339 1928 131 110 374 614 1157 1554 865 1525 3178
internal_count=12391 7322 4829 2493 4702 565 3436 2571 5069 420 1266 275 145 4710 88 359 4335 57 127 339 1928 131 110 374 614 1157 1554 865 1525 3178
is_linear=0
shrinkage=0.05


Tree=32
num_leaves=31
num_cat=0
split_feature=8 24 10 9 24 11 18 24 18 23 20 5 11 8 7 7 24 7 5 11 24 12 7 18 12 1 10 6 18 11
split_gain=6339.91 3437.65 2030.95 1905.56 1163.5 1054.06 997.037 921.416 652.751 717.404 738.17 611.532 527.419 480.322 449.355 425.146 390.997 369.553 366.567 292.052 340.03 284.933 347.865 268.298 254.879 193.666 199.237 193.545 188.39 175.972
threshold=42.500000000000007 307.91499328613287 0.3793999999761582 0.3793999999761582 115.41500091552736 0.87834998965263378 19.650000572204593 725.41500854492199 4.8500001430511483 50.500000000000007 10.550000190734865 0.86500000953674328 0.60784998536109935 269.50000000000006 1026.9500122070315 1023.4500122070314 37.915000915527351 1020.7500000000001 -1.8049999475479124 -0.60784998536109913 410.41499328613287 1.0000000180025095e-35 1016.5499877929689 9.5500001907348651 -0.56175000965595234 94.500000000000014 -0.91595000028610218 642.50000000000011 21.000000000000004 -0.60784998536109913
decision_type=2 2 2 2 2 2 2 2 2 2 2 2 2 2 2 2 2 2 2 2 2 2 2 2 2 2 2 2 2 2
left_child=1 2 6 7 14 11 16 -3 -4 10 -10 24 -11 17 18 -7 -1 25 27 -15 -21 22 -8 -9 -5 29 -27 -2 -23 -6
right_child=4 3 8 5 13 15 21 23 9 12 -12 -13 -14 19 -16 -17 -18 -19 -20 20 -22 28 -24 -25 -26 26 -28 -29 -30 -31
leaf_value=0.091954485754260129 0.13586792322722349 0.038665234593649428 0.038665234593649428 0.0079545774315752521 -0.048440176227463869 0.038665234593649428 0.25146975346973965 -0.05278912912368592 0.09316599630911071 0.16973502024244441 0.15949732915237927 -0.081135745262021775 0.31805487804114824 -0.083289950546356364 0.26227497146243145 -0.085081637440852731 0.038665234593649428 -0.05741760851201775 -0.0064470787245799301 -0.020162553411227593 -0.062146226965444244 0.17508374969474971 0.091954485754260129 0.0094427383739784619 -0.044077779272849574 -0.22790532946586609 -0.014227113376061121 0.011052498935411374 0.35069006965273908 -0.0064470787245799301
leaf_weight=140 88 1658 58 416 265 282 35 326 264 239 267 779 80 967 21 71 1356 573 265 660 1791 56 110 367 542 20 24 48 21 602
leaf_count=140 88 1658 58 416 265 282 35 326 264 239 267 779 80 967 21 71 1356 573 265 660 1791 56 110 367 542 20 24 48 21 602
internal_value=-0.00164457 0.0293982 0.0747481 0.00258239 -0.0428502 -0.0321548 0.0427809 0.0334631 0.135232 0.147667 0.112063 -0.0482359 0.206931 -0.0497083 0.0368142 0.0386652 0.0386652 -0.0259553 0.025007 -0.0600212 -0.050841 0.145244 0.103965 -0.0197798 -0.0214834 -0.00644708 -0.111354 0.0918154 0.222976 -0.00644708
internal_weight=12391 7067 2626 4441 5324 2090 1718 2351 908 850 531 1737 319 4902 422 353 1496 1484 401 3418 2451 222 145 693 958 911 44 136 77 867
internal_count=12391 7067 2626 4441 5324 2090 1718 2351 908 850 531 1737 319 4902 422 353 1496 1484 401 3418 2451 222 145 693 958 911 44 136 77 867
is_linear=0
shrinkage=0.05


Tree=33
num_leaves=31
num_cat=0
split_feature=18 6 11 12 24 10 7 11 8 4 7 18 11 11 23 2 23 20 20 18 4 3 24 12 2 1 1 23 18 2
split_gain=5828.45 4137.23 2193.02 1483.02 2060.69 1737.21 896.242 1385.7 1204.44 948.078 480.175 346.03 295.371 273.465 254.838 340.863 254.746 164.536 100.586 91.0271 80.4132 66.4653 265.642 51.848 43.7445 36.2423 24.4569 17.4639 3.00343 2.6763
threshold=4.8500001430511483 477.50000000000006 0.60784998536109935 -0.56175000965595234 161.25000000000003 0.78654998540878307 1022.0499877929689 0.87834998965263378 2.5000000000000004 0.48499999940395361 1016.4500122070314 2.1499999761581425 -0.60784998536109913 0.87834998965263378 63.500000000000007 4.0950000286102304 67.500000000000014 15.449999809265138 10.34999990463257 1.3499999642372134 -0.15500000119209287 292.50000000000006 41.250000000000007 1.0000000180025095e-35 1.1800000071525576 47.500000000000007 81.500000000000014 71.500000000000014 1.2500000000000002 3.7050000429153447
decision_type=2 2 2 2 2 2 2 2 2 2 2 2 2 2 2 2 2 2 2 2 2 2 2 2 2 2 2 2 2 2
left_child=11 2 3 4 10 -6 7 8 -4 -9 -2 16 17 -3 18 -16 -1 -13 -14 27 24 -5 -23 25 -8 -21 -17 -18 -29 -25
right_child=1 13 6 21 5 -7 20 9 -10 -11 -12 12 14 -15 15 26 19 -19 -20 23 -22 22 -24 29 -26 -27 -28 28 -30 -31
leaf_value=-0.22302557139685664 0.27754943875166088 -0.017353812022919916 0.21800961802009403 0.014576758888611235 0.014576758888611235 0.09125645052011655 0.13617302978580648 0.11603973684116052 0.058030734066992551 0.014576758888611235 0.13174140937258166 -0.067645813352165185 -0.067645813352165185 0.014576758888611235 -0.017353812022919916 -0.048182836996675096 -0.15178606621962085 -0.017353812022919916 -0.048182836996675096 -0.067645813352165185 0.014576758888611235 0.14934726441115664 0.037000210275594421 -0.067645813352165185 0.041956657404080035 -0.098513172025684298 -0.032768324509797504 -0.11964483115731217 -0.09861978107485278 -0.084674886643112485
leaf_weight=33 65 2789 410 1554 958 392 22 416 165 277 430 679 354 392 862 735 29 78 141 74 156 57 684 138 28 171 78 41 29 154
leaf_count=33 65 2789 410 1554 958 392 22 416 165 277 430 679 354 392 862 735 29 78 141 74 156 57 684 138 28 171 78 41 29 154
internal_value=-0.00150285 0.0204245 0.0465073 0.0278605 0.0636224 0.031625 0.0988803 0.11472 0.172103 0.0671088 0.150888 -0.0551321 -0.047717 -0.0173538 -0.0380486 -0.0287199 -0.0875747 -0.0676458 -0.0676458 -0.0805466 0.0145768 0.0145768 0.0456423 -0.0724247 0.0834119 -0.0917107 -0.0481828 -0.124602 -0.110934 -0.0676458
internal_weight=12391 8795 5614 4140 1845 1350 1474 1268 575 693 495 3596 2927 3181 2170 1675 669 757 495 636 206 2295 741 537 50 245 813 99 70 292
internal_count=12391 8795 5614 4140 1845 1350 1474 1268 575 693 495 3596 2927 3181 2170 1675 669 757 495 636 206 2295 741 537 50 245 813 99 70 292
is_linear=0
shrinkage=0.05


Tree=34
num_leaves=31
num_cat=0
split_feature=8 5 18 7 24 24 11 23 10 23 9 24 6 11 10 12 1 7 5 17 18 23 24 7 20 17 1 11 3 8
split_gain=5247.06 3012.77 2642.9 2515.86 1962.82 1288.38 1282.51 1303.82 989.064 988.351 929.257 681.121 589.656 516.294 557.626 453.794 393.534 389.176 397.146 376.197 352.567 316.463 315.119 277.178 244.762 225.342 190.682 188.667 169.472 135.159
threshold=6.5000000000000009 0.2650000005960465 4.0499999523162851 1018.4500122070314 396.25000000000006 115.41500091552736 0.60784998536109935 26.500000000000004 0.3793999999761582 50.500000000000007 0.3793999999761582 72.08499908447267 657.50000000000011 -0.60784998536109913 0.3793999999761582 1.0000000180025095e-35 89.500000000000014 1026.9500122070315 -1.3849999904632566 0.11150000244379045 25.60000038146973 30.500000000000004 400.41499328613287 1023.4500122070314 14.550000190734865 0.15550000220537188 97.500000000000014 -1.0000000180025095e-35 198.50000000000003 435.50000000000006
decision_type=2 2 2 2 2 2 2 2 2 2 2 2 2 2 2 2 2 2 2 2 2 2 2 2 2 2 2 2 2 2
left_child=1 2 -1 6 8 17 12 -8 11 -10 15 -4 16 24 22 -6 -3 18 23 -9 -12 -5 28 27 -7 -20 -23 -2 -15 -24
right_child=5 3 4 21 10 13 7 19 9 -11 20 -13 -14 14 -16 -17 -18 -19 25 -21 -22 26 29 -25 -26 -27 -28 -29 -30 -31
leaf_value=-0.19844145147750777 0.15607313819966473 0.16896682545332842 0.12020765183720648 -0.098037627445063391 0.055345640220346506 -0.076846022497815872 -0.043718560248976801 0.22506522466610007 0.090809370104496467 0.19187830993674759 -0.030492252991718167 0.055345640220346506 -0.063523866128921511 -0.003388673419733593 -0.003388673419733593 0.0061695512189769881 0.031098061047143341 0.24786407039279032 -0.003388673419733593 0.42475431105669809 0.055345640220346506 -0.043453534334367418 -0.039115012259445275 -0.003388673419733593 -0.019292167917376868 0.15770894360135904 0.073221425153315076 0.057268110662698747 -0.035415966143977129 -0.063253796111634494
leaf_weight=102 91 71 410 289 650 1276 41 77 725 363 730 856 125 653 503 484 191 21 287 34 23 1284 1081 27 216 22 36 103 369 1251
leaf_count=102 91 71 410 289 650 1276 41 77 725 363 730 856 125 653 503 484 191 21 287 34 23 1284 1081 27 216 22 36 103 369 1251
internal_value=-0.00191129 0.0291089 0.0530652 -0.0193278 0.0591142 -0.0360388 0.0741653 0.197232 0.0895692 0.12453 0.0211221 0.0595239 0.0258292 -0.0435378 -0.0338764 0.049714 0.0684594 0.0367605 0.028396 0.286231 -0.0219366 -0.0506471 -0.0419184 0.0797703 -0.0685138 -0.00338867 -0.0402715 0.103615 -0.0187677 -0.0520642
internal_weight=12391 6491 4343 2148 4241 5900 539 152 2354 1088 1887 1266 387 5349 3857 1134 262 551 530 111 753 1609 3354 221 1492 309 1320 194 1022 2332
internal_count=12391 6491 4343 2148 4241 5900 539 152 2354 1088 1887 1266 387 5349 3857 1134 262 551 530 111 753 1609 3354 221 1492 309 1320 194 1022 2332
is_linear=0
shrinkage=0.05


Tree=35
num_leaves=31
num_cat=0
split_feature=8 5 7 18 11 11 2 18 24 4 6 21 7 9 1 10 12 7 11 24 7 9 7 20 12 11 1 3 11 11
split_gain=4747.68 2937.35 2461.38 2412.66 2156.15 1545.4 1341.61 1058.85 840.552 738.248 700.274 620.298 589.469 509.79 493.573 483.571 405.193 398.467 255.103 191.962 248.179 189.61 197.555 179.363 332.911 294.591 173.085 160.318 157.923 157.426
threshold=149.50000000000003 0.2650000005960465 1018.0499877929689 4.0499999523162851 -0.60784998536109913 0.60784998536109935 3.5149999856948857 19.550000190734867 227.08499908447268 0.21499999612569812 657.50000000000011 10.550000190734865 1024.549987792969 1.0000000180025095e-35 89.500000000000014 0.3793999999761582 -0.56175000965595234 1017.1499938964845 0.87834998965263378 91.250000000000014 1018.9500122070314 0.91595000028610241 1019.7500000000001 10.84999990463257 1.0000000180025095e-35 -1.0000000180025095e-35 97.500000000000014 201.50000000000003 -0.60784998536109913 -0.60784998536109913
decision_type=2 2 2 2 2 2 2 2 2 2 2 2 2 2 2 2 2 2 2 2 2 2 2 2 2 2 2 2 2 2
left_child=1 3 5 -1 9 10 7 -6 16 12 14 -11 -5 18 -3 -8 19 -15 -7 20 -2 26 -23 -18 -25 -26 28 -21 -4 -10
right_child=8 2 21 4 6 13 15 -9 29 11 -12 -13 -14 17 -16 -17 23 -19 -20 27 -22 22 -24 24 25 -27 -28 -29 -30 -31
leaf_value=-0.17710636328474796 0.27295147397301417 0.16214806220315872 -0.065398536079626382 -0.038582083039843729 0.075618038096824769 0.20322741329669955 -0.033188444615385476 0.16903807274784363 -0.070145440082735031 -0.043265137334469878 -0.063680167784914379 0.075400396802346517 0.22355690327557654 0.1941049228821482 0.023671943698005349 0.042640140142255263 -0.024274835144185141 -0.041816326320171356 0.40064586301644645 0.074708815781065294 0.081354241088777784 -0.016605075557876114 -0.098974419713697651 -0.0029927691200933235 0.22718030744128759 0.04395472270110224 0.083097614656234609 -0.024274835144185141 -0.031328623811066623 -0.046909761074026037
leaf_weight=121 22 94 457 851 2274 30 298 350 1004 153 155 393 22 63 204 714 294 25 36 78 48 99 275 120 27 117 29 47 1330 2661
leaf_count=121 22 94 457 851 2274 30 298 350 1004 153 155 393 22 63 204 714 294 25 36 78 48 99 275 120 27 117 29 47 1330 2661
internal_value=-0.00181225 0.0212265 -0.0200581 0.0435358 0.0488173 0.0690343 0.0692172 0.0880788 -0.0433895 -0.00345476 0.0225178 0.042148 -0.0319761 0.205865 0.0673523 0.0203112 0.00472534 0.127082 0.31091 0.0667698 0.133063 -0.0447517 -0.0771708 -0.0169569 0.0182893 0.0783095 -0.0380751 0.0296459 -0.0400415 -0.053275
internal_weight=12391 7973 2797 5176 5055 607 3636 2624 4418 1419 453 546 873 154 298 1012 753 88 66 195 70 2190 374 558 264 144 1816 125 1787 3665
internal_count=12391 7973 2797 5176 5055 607 3636 2624 4418 1419 453 546 873 154 298 1012 753 88 66 195 70 2190 374 558 264 144 1816 125 1787 3665
is_linear=0
shrinkage=0.05


Tree=36
num_leaves=31
num_cat=0
split_feature=8 5 18 7 24 11 23 24 10 9 18 6 18 11 11 10 7 7 5 20 11 23 9 7 7 20 17 23 24 10
split_gain=4358.31 2461.96 2172.7 2079.19 1637.47 1055.11 1080.13 1022.16 976.23 910.886 642.178 487.01 481.832 441.141 429.585 460.928 404.563 348.587 346.715 324.161 322.673 283.717 258.245 439.74 229.16 209.401 198.924 197.696 175.839 241.133
threshold=6.5000000000000009 0.2650000005960465 4.2500000000000009 1018.4500122070314 323.75000000000006 0.60784998536109935 26.500000000000004 115.41500091552736 0.60354998707771312 0.3793999999761582 19.750000000000004 697.50000000000011 25.60000038146973 -0.60784998536109913 -0.60784998536109913 0.3793999999761582 1021.6499938964845 1026.9500122070315 -1.5349999666213987 9.7500000000000018 -1.0000000180025095e-35 30.500000000000004 -0.37939999997615809 1024.549987792969 1023.4500122070314 14.550000190734865 0.15550000220537188 72.500000000000014 192.91500091552737 1.0000000180025095e-35
decision_type=2 2 2 2 2 2 2 2 2 2 2 2 2 2 2 2 2 2 2 2 2 2 2 2 2 2 2 2 2 2
left_child=1 2 27 5 8 11 -7 17 10 13 -4 20 -11 -6 25 22 -10 18 24 -8 -3 -5 -16 -24 -2 -9 -20 -1 29 -23
right_child=7 3 4 21 9 6 19 14 16 12 -12 -13 -14 -15 15 -17 -18 -19 26 -21 -22 28 23 -25 -26 -27 -28 -29 -30 -31
leaf_value=-0.19358332411443094 0.10408185881829042 0.12555833120630788 0.056859606550468844 -0.090639453176989071 0.0023566672194098668 -0.03998736083144095 0.19493386197303023 -0.070053382814886642 0.16388169533072861 -0.020548014774657633 0.14097992945069501 -0.061876088046822056 0.056859606550468844 0.056859606550468844 -0.047899419293380575 -0.0038029019426330194 0.066492689958364853 0.23175025440397717 -0.0038029019426330194 0.37197379775163608 0.014761282372399695 -0.0063069228836454966 -0.0054247691929026325 -0.094556973888366314 -0.0038029019426330194 -0.016819033491709788 0.14661828988993711 -0.054706651052549654 -0.041111498275305317 0.17081320648608
leaf_weight=98 159 112 1089 289 378 41 70 1276 458 953 237 116 38 933 2243 503 139 21 328 41 159 75 949 162 21 216 22 20 1222 23
leaf_count=98 159 112 1089 289 378 41 70 1276 458 953 237 116 38 933 2243 503 139 21 328 41 159 75 949 162 21 216 22 20 1222 23
internal_value=-0.00178144 0.0264899 0.0481458 -0.0172959 0.054056 0.0676972 0.179321 -0.0328847 0.0881131 0.0256061 0.064209 0.0238552 -0.0105693 0.0529516 -0.0395642 -0.0307513 0.141207 0.0319584 0.0240421 0.260327 0.0605519 -0.0457677 -0.038135 -0.0184215 0.0804494 -0.0623465 -0.0038029 -0.163469 -0.0359435 0.0284977
internal_weight=12391 6491 4343 2148 4225 539 152 5900 1923 2302 1326 387 991 1311 5349 3857 597 551 530 111 271 1609 3354 1111 180 1492 350 118 1320 98
internal_count=12391 6491 4343 2148 4225 539 152 5900 1923 2302 1326 387 991 1311 5349 3857 597 551 530 111 271 1609 3354 1111 180 1492 350 118 1320 98
is_linear=0
shrinkage=0.05


Tree=37
num_leaves=31
num_cat=0
split_feature=8 24 9 24 6 10 7 21 11 24 7 11 10 7 5 11 12 24 20 21 2 24 7 3 1 11 5 24 24 11
split_gain=3940.14 2238.82 1949.26 905.672 899.74 834.859 660.977 596.259 530.912 476.891 407.464 672.169 401.435 392.126 356.665 337.846 326.756 287.185 272.782 256.15 254.117 236.033 316.746 224.72 215.473 204.521 201.275 210.829 182.028 155.594
threshold=6.5000000000000009 197.91500091552737 0.3793999999761582 115.41500091552736 617.50000000000011 1.0000000180025095e-35 1020.1499938964845 9.4499998092651385 0.87834998965263378 377.91499328613287 1016.4500122070314 -0.60784998536109913 0.3793999999761582 1021.6499938964845 -3.1450001001358028 0.60784998536109935 -0.56175000965595234 37.915000915527351 10.550000190734865 16.44999980926514 3.7649999856948857 32.915000915527351 1019.4500122070314 35.500000000000007 94.500000000000014 -0.60784998536109913 -1.5549999475479124 56.250000000000007 79.58499908447267 0.60784998536109935
decision_type=2 2 2 2 2 2 2 2 2 2 2 2 2 2 2 2 2 2 2 2 2 2 2 2 2 2 2 2 2 2
left_child=1 5 4 16 -3 10 8 -7 9 -4 11 -1 20 15 -8 -9 21 -12 -18 -16 23 -2 28 -5 -10 -14 27 -20 -23 -25
right_child=3 2 6 12 -6 7 14 13 24 -11 17 -13 25 -15 19 -17 18 -19 26 -21 -22 22 -24 29 -26 -27 -28 -29 -30 -31
leaf_value=0.042057978294323055 0.23920045767141429 0.042057978294323055 0.022601281943396459 -0.0038192165989583168 -0.035808848029221733 0.042057978294323055 0.042057978294323055 0.12787340559957483 0.042057978294323055 -0.037489500224246124 0.12644506613884507 0.23220012372732166 -0.052630136353505212 0.08887318367667954 -0.071043705942365906 0.21596917053241108 -0.0038192165989583168 0.042057978294323055 0.24822256383688554 0.038702518247852202 -0.054082137613185213 0.15241603484105479 -0.0038192165989583168 -0.042358146305720074 -0.060899335291657246 -0.0038192165989583168 0.025147479593909727 0.062819515832740327 -0.0004890221823006869 -0.011485703297606691
leaf_weight=82 23 1882 515 450 371 61 41 309 218 920 116 75 215 143 791 168 182 680 23 57 2418 50 62 1331 62 503 145 46 20 432
leaf_count=82 23 1882 515 450 371 61 41 309 218 920 116 75 215 143 791 168 182 680 23 57 2418 50 62 1331 62 503 145 46 20 432
internal_value=-0.00162033 0.0252605 0.00822851 -0.0311938 0.042058 0.0758874 -0.0212351 0.118166 -0.00309824 -0.0159238 0.0456756 0.123099 -0.0374812 0.135688 -0.0562235 0.158901 0.0298427 0.042058 0.00575345 -0.0636669 -0.0428771 0.091387 0.0656316 -0.0306342 0.042058 -0.00381922 0.0541142 0.124621 0.139037 -0.0387654
internal_weight=12391 6491 4857 5900 2253 1634 2604 681 1715 1435 953 157 5349 620 889 477 551 796 396 848 4631 155 132 2213 280 718 214 69 70 1763
internal_count=12391 6491 4857 5900 2253 1634 2604 681 1715 1435 953 157 5349 620 889 477 551 796 396 848 4631 155 132 2213 280 718 214 69 70 1763
is_linear=0
shrinkage=0.05


Tree=38
num_leaves=30
num_cat=0
split_feature=18 6 10 24 7 12 7 12 21 18 1 11 18 7 16 23 20 11 3 11 23 2 18 20 12 1 23 1 1
split_gain=3596.95 2596.12 1804.24 1787.3 1082.94 881.598 693.305 562.548 480.3 425.258 399.069 374.5 269.558 251.663 224.223 203.903 146.989 139.344 135.543 130.147 114.669 187.082 87.7521 72.4991 40.334 27.3477 25.8046 2.67126 1.74574
threshold=4.8500001430511483 487.50000000000006 0.78654998540878307 72.08499908447267 1019.5499877929689 1.0000000180025095e-35 1014.5499877929689 -0.56175000965595234 9.6500000953674334 19.750000000000004 88.500000000000014 0.60784998536109935 2.1499999761581425 1017.1499938964845 0.27699999511241918 67.500000000000014 12.449999809265138 0.87834998965263378 334.50000000000006 0.60784998536109935 63.500000000000007 3.9850000143051152 1.4499999880790713 15.449999809265138 1.0000000180025095e-35 47.500000000000007 72.500000000000014 59.500000000000007 53.500000000000007
decision_type=2 2 2 2 2 2 2 2 2 2 2 2 2 2 2 2 2 2 2 2 2 2 2 2 2 2 2 2 2
left_child=12 2 3 7 6 10 16 13 -8 -9 -6 -5 15 -2 23 -1 -4 -3 -13 -7 -16 -22 26 -14 25 -24 27 -17 -28
right_child=1 17 4 11 5 19 8 9 -10 -11 -12 18 14 -15 20 22 -18 -19 -20 -21 21 -23 24 -25 -26 -27 28 -29 -30
leaf_value=-0.19344096788854312 0.23267817685709283 -0.013946255259204078 0.010996201943333931 0.010996201943333931 0.13361319694446314 0.010996201943333931 0.074322470590017148 0.050454331763292726 0.17113052181298438 0.16036978738157304 0.02903913045367161 0.050454331763292726 -0.054668890824361861 0.12035368998774035 -0.041063069545049645 -0.11248508095741272 0.10988079402181837 0.010996201943333931 0.020415079891778938 0.082755939969334946 -0.013946255259204078 -0.030874081157170986 -0.054668890824361861 -0.041063069545049645 -0.054668890824361861 -0.07925464704038257 -0.07925464704038257 -0.12970575821857055 -0.091665508031845089
leaf_weight=33 68 2700 126 2469 252 279 176 407 471 91 143 502 862 187 407 23 45 374 383 122 703 870 74 85 270 159 35 25 50
leaf_count=33 68 2700 126 2469 252 279 176 407 471 91 143 502 862 187 407 23 45 374 383 122 703 870 74 85 270 159 35 25 50
internal_value=-0.00149405 0.0157316 0.0359387 0.0183363 0.0807298 0.0392113 0.121132 0.0899125 0.144796 0.0589876 0.0957547 0.0109962 -0.0436241 0.150307 -0.0370795 -0.0722583 0.0315931 -0.0139463 0.0476936 0.0109962 -0.0274572 -0.0206851 -0.0659705 -0.0546689 -0.0564204 -0.0756305 -0.102089 -0.129706 -0.0855204
internal_weight=12391 8795 5721 4107 1614 796 818 753 647 498 395 3354 3596 255 2927 669 171 3074 885 401 1980 1573 636 947 503 233 133 48 85
internal_count=12391 8795 5721 4107 1614 796 818 753 647 498 395 3354 3596 255 2927 669 171 3074 885 401 1980 1573 636 947 503 233 133 48 85
is_linear=0
shrinkage=0.05


Tree=39
num_leaves=31
num_cat=0
split_feature=8 5 7 18 11 11 5 18 7 2 21 24 24 11 9 7 7 7 20 9 10 10 9 7 1 16 18 16 2 4
split_gain=3263.97 2106.5 1883.7 1871.86 1766.2 1274.58 992.424 836.687 681.482 581.558 575.854 536.748 440.654 432.978 393.86 321.119 259.253 318.895 206.796 162.955 161.828 157.683 156.198 155.075 132.433 145.328 126.751 114.164 131.245 91.1098
threshold=153.50000000000003 0.2650000005960465 1018.0499877929689 4.0499999523162851 -0.60784998536109913 0.60784998536109935 -4.0450000762939444 18.750000000000004 1027.7500000000002 4.4049999713897714 11.550000190734865 275.41499328613287 227.08499908447268 -1.0000000180025095e-35 1.0000000180025095e-35 1017.1499938964845 1021.2500000000001 1015.5499877929689 10.34999990463257 -0.37939999997615809 0.78654998540878307 0.78654998540878307 0.91595000028610241 1019.8500061035157 97.500000000000014 0.27699999511241918 1.4499999880790713 0.27699999511241918 4.0450000762939462 -1.5249999761581419
decision_type=2 2 2 2 2 2 2 2 2 2 2 2 2 2 2 2 2 2 2 2 2 2 2 2 2 2 2 2 2 2
left_child=1 3 5 29 10 9 20 -8 12 13 21 -12 16 -3 18 -16 17 -2 -7 -19 -6 -5 24 -24 25 -4 -14 -28 -29 -1
right_child=8 2 22 4 6 14 7 -9 -10 -11 11 -13 26 -15 15 -17 -18 19 -20 -21 -22 -23 23 -25 -26 -27 27 28 -30 -31
leaf_value=-0.073262843191623683 -0.023819299135772364 0.11614615020298998 -0.047168548779431642 -0.058785208333131146 -0.022147565318931764 0.20059572547674179 0.05923280168302017 0.13078299458162598 0.23495652675628664 -0.068547918500691432 0.072775762410926037 -0.010337052380787993 -0.093729735806930892 -3.7315339721434304e-05 0.17349828317879687 -0.038291034638881685 -0.023819299135772364 -0.023819299135772364 0.37776431696755547 0.055971512321719458 0.031122398515008698 -0.012563927327863081 -0.016843368466764402 -0.088701946927165543 0.072743628816357972 -0.018407390064890661 -0.057814383306645734 -0.025264839855841454 -0.04774441208675681 -0.18042455097117152
leaf_weight=25 92 151 1035 408 347 40 2565 486 23 137 305 535 129 171 63 25 253 46 28 343 242 171 104 270 29 763 974 1158 1377 96
leaf_count=25 92 151 1035 408 347 40 2565 486 23 137 305 535 129 171 63 25 253 46 28 343 242 171 104 270 29 763 974 1158 1377 96
internal_value=-0.0018824 0.017143 -0.0176637 0.0360649 0.0407133 0.0596991 0.0591591 0.0706302 -0.036496 0.0177356 -0.00660365 0.0198408 -0.0379241 0.0544462 0.183169 0.113331 -0.00258443 0.021298 0.273547 0.0437562 -0.000260755 -0.0449687 -0.0392803 -0.0687199 -0.0332538 -0.0349635 -0.0450542 -0.0432647 -0.0376744 -0.158284
internal_weight=12391 7996 2816 5180 5059 615 3640 3051 4395 459 1419 840 4372 322 156 88 734 481 68 389 589 579 2201 374 1827 1798 3638 3509 2535 121
internal_count=12391 7996 2816 5180 5059 615 3640 3051 4395 459 1419 840 4372 322 156 88 734 481 68 389 589 579 2201 374 1827 1798 3638 3509 2535 121
is_linear=0
shrinkage=0.05


Tree=40
num_leaves=31
num_cat=0
split_feature=8 24 9 24 10 9 4 24 7 7 16 10 7 11 11 7 7 5 11 24 7 5 17 20 4 21 6 3 6 1
split_gain=3007.07 1788.49 1353.93 1205.95 747.401 741.463 670.15 658.991 488.098 442.959 326.165 334.337 325.451 325.405 302.086 291.483 279.602 293.254 273.486 222.285 192.566 177.892 167.554 152.514 152.47 148.397 146.581 144.137 116.856 109.2
threshold=6.5000000000000009 478.75000000000006 1.0000000180025095e-35 197.91500091552737 0.3793999999761582 1.0000000180025095e-35 -0.74500000476837147 115.41500091552736 1016.4500122070314 1021.7500000000001 0.27699999511241918 1.0000000180025095e-35 1014.7500000000001 -0.60784998536109913 -0.87834998965263356 1021.6499938964845 1026.9500122070315 -1.5349999666213987 0.87834998965263378 400.41499328613287 1023.4500122070314 2.0949999094009404 0.15550000220537188 17.150000572204593 0.99500000476837169 11.550000190734865 292.50000000000006 198.50000000000003 437.50000000000006 86.500000000000014
decision_type=2 2 2 2 2 2 2 2 2 2 2 2 2 2 2 2 2 2 2 2 2 2 2 2 2 2 2 2 2 2
left_child=1 2 6 4 8 13 26 16 -4 12 25 19 -8 14 28 -6 17 20 21 27 24 29 -19 -16 -2 -9 -1 -12 -3 -7
right_child=7 5 3 -5 15 18 9 10 -10 -11 11 -13 -14 -15 23 -17 -18 22 -20 -21 -22 -23 -24 -25 -26 -27 -28 -29 -30 -31
leaf_value=0.1248796284198761 0.11210604423027047 0.016250571900272359 0.12105023094045464 0.016250571900272359 0.14331512744772695 0.0059787102996609939 0.047758748018670652 -0.077832016077858918 0.040943392901184601 0.016250571900272359 -0.0043222372111134935 -0.0043222372111134935 0.19733946067435715 0.016250571900272359 -0.087595545038971948 0.047238227219583054 0.2033257830710638 -0.0043222372111134935 0.016250571900272359 -0.039122402652118825 -0.0043222372111134935 -0.067766076942539916 0.13522660620510579 0.016250571900272359 -0.0043222372111134935 -0.042919330852626919 0.016250571900272359 -0.026480390516019262 -0.04196415658312283 -0.040479320376812122
leaf_weight=33 136 72 192 1831 338 172 42 426 943 37 653 877 271 991 181 103 21 328 86 1965 21 504 22 21 23 1066 109 362 87 478
leaf_count=33 136 72 192 1831 338 172 42 426 943 37 653 877 271 991 181 103 21 328 86 1965 21 504 22 21 23 1066 109 362 87 478
internal_value=-0.00183747 0.0216458 0.0430451 0.0318484 0.0656362 -0.0105439 0.12058 -0.027673 0.0441732 0.157749 -0.0330362 -0.0253571 0.177268 0.0150667 -0.0312757 0.120875 0.0243918 0.0173019 -0.0384677 -0.0335312 0.0695006 -0.0454722 -0.00432224 -0.0719274 0.0915806 -0.0528877 0.0289654 -0.0138384 0.0162506 -0.0281858
internal_weight=12391 6491 3899 3407 1576 2592 492 5900 1135 350 5349 3857 313 1352 361 441 551 530 1240 2980 180 1154 350 202 159 1492 142 1015 159 650
internal_count=12391 6491 3899 3407 1576 2592 492 5900 1135 350 5349 3857 313 1352 361 441 551 530 1240 2980 180 1154 350 202 159 1492 142 1015 159 650
is_linear=0
shrinkage=0.05


Tree=41
num_leaves=31
num_cat=0
split_feature=8 5 18 7 11 23 12 11 23 24 21 4 6 7 8 7 20 23 12 11 17 20 24 7 5 24 24 7 24 10
split_gain=2715.09 1626.25 1705.67 1500.46 1318.47 1244.8 1142.93 865.528 842.238 590.085 572.598 442.526 365.17 336.286 276.665 278.961 274.244 271.726 269.516 267.407 238.251 216.63 195.425 279.029 171.138 188.305 163.963 156.711 154.901 146.639
threshold=10.500000000000002 0.069999998435378089 4.2500000000000009 1018.4500122070314 -0.60784998536109913 64.500000000000014 0.81174999475479137 0.60784998536109935 26.500000000000004 115.41500091552736 11.550000190734865 0.23499999940395358 632.50000000000011 1019.1499938964845 269.50000000000006 1021.1499938964845 10.34999990463257 30.500000000000004 -0.56175000965595234 -1.0000000180025095e-35 0.1345000043511391 10.550000190734865 32.915000915527351 1019.4500122070314 -1.5549999475479124 56.250000000000007 567.08499145507824 1023.3500061035157 79.58499908447267 0.60354998707771312
decision_type=2 2 2 2 2 2 2 2 2 2 2 2 2 2 2 2 2 2 2 2 2 2 2 2 2 2 2 2 2 2
left_child=1 2 -1 7 10 6 -6 12 -9 18 29 -12 19 -7 15 -11 -10 -5 22 -3 27 -20 -2 28 25 -23 -16 -19 -24 -4
right_child=9 3 4 17 5 13 -8 8 16 14 11 -13 -14 -15 26 -17 -18 20 21 -21 -22 24 23 -25 -26 -27 -28 -29 -30 -31
leaf_value=-0.16056868011043188 0.21288966955212146 0.10368834055036076 -0.058544089487401585 -0.081087556165218566 0.067663719995626301 0.25040591258520839 -0.017480431703691141 -0.038541528459910941 0.17327802250091034 -0.0046948716395012928 -0.0072241089529161669 0.071098901440030365 -0.050264111710222152 0.12578426761155989 -0.028597417687182172 -0.043598249398171904 0.33978124658266706 -0.017758795438223989 -0.0046948716395012928 0.0088072964208466675 0.13133517866549285 0.22810212723586873 0.13392271066559366 -0.0046948716395012928 0.020716619166363193 0.052882629632949832 -0.050549311576954407 -0.052205712085045625 -0.0046948716395012928 -0.010697178235364573
leaf_weight=105 23 129 277 294 2364 107 473 41 79 1222 357 319 133 50 1594 625 36 865 182 175 23 23 50 62 145 46 1824 534 20 214
leaf_count=105 23 129 277 294 2364 107 473 41 79 1222 357 319 133 50 1594 625 36 865 182 175 23 23 50 62 145 46 1824 534 20 214
internal_value=-0.00184886 0.0201638 0.0384582 -0.013636 0.0434805 0.0610523 0.053468 0.0549289 0.156031 -0.0267343 -0.00160086 0.0282479 0.0188374 0.198101 -0.0318865 -0.0162945 0.225401 -0.03733 0.0224967 0.0490693 -0.0282831 0.00061886 0.0783911 0.0549558 0.0461281 0.111289 -0.0403119 -0.0309072 0.124437 -0.0426962
internal_weight=12391 6575 4266 2309 4161 2994 2837 593 156 5816 1167 676 437 157 5265 1847 115 1716 551 304 1422 396 155 132 214 69 3418 1399 70 491
internal_count=12391 6575 4266 2309 4161 2994 2837 593 156 5816 1167 676 437 157 5265 1847 115 1716 551 304 1422 396 155 132 214 69 3418 1399 70 491
is_linear=0
shrinkage=0.05


Tree=42
num_leaves=31
num_cat=0
split_feature=10 24 24 12 12 16 18 11 18 7 24 7 11 7 18 23 7 11 6 23 7 24 18 1 24 18 5 20 24 10
split_gain=2525.06 2141.05 2083.75 977.56 771.221 712.34 709.454 690.951 577.126 526.522 525.57 590.65 519.94 705.088 660.95 416.442 478.45 411.344 352.819 306.73 286.364 272.432 255.636 241.458 250.762 244.395 218.567 210.769 203.346 178.759
threshold=0.3793999999761582 183.75000000000003 400.41499328613287 1.0000000180025095e-35 -0.56175000965595234 0.27699999511241918 5.1499998569488534 1.0000000180025095e-35 4.9500000476837167 1016.4500122070314 32.915000915527351 1019.2500000000001 0.60784998536109935 1015.4500122070314 10.550000190734865 65.500000000000014 1016.6499938964845 0.87834998965263378 532.50000000000011 60.500000000000007 1023.6499938964845 126.25000000000001 19.550000190734867 94.500000000000014 366.25000000000006 6.2500000000000009 0.49500000476837164 10.550000190734865 757.08499145507824 0.91595000028610241
decision_type=2 2 2 2 2 2 2 2 2 2 2 2 2 2 2 2 2 2 2 2 2 2 2 2 2 2 2 2 2 2
left_child=1 4 7 6 9 26 -4 15 -9 -1 -11 -12 -6 -14 -15 22 -17 23 -8 27 -19 -21 -2 24 25 -3 -5 -10 -7 -18
right_child=2 17 3 5 12 28 18 8 19 10 11 -13 13 14 -16 16 29 20 -20 21 -22 -23 -24 -25 -26 -27 -28 -29 -30 -31
leaf_value=0.21271469554021244 0.041570870071683495 -0.030034781471843165 -0.081164742299723369 -0.033876039008718245 -0.0044491374952805559 0.041570870071683495 0.041570870071683495 0.041570870071683495 0.09771963434676964 0.19450180052419105 0.087904390465232671 -0.0044491374952805559 0.31974449442780539 -0.0044491374952805559 0.095104125181585564 0.093692577272670552 0.16153942366892643 -0.0044491374952805559 0.0021821480252198137 0.3845321136972179 -0.078094138344220645 0.18724104388806528 0.093692577272670552 -0.085330082557382114 -0.04401467655907311 -0.0044491374952805559 -0.084808506946129028 0.16522450876298686 -0.012362136881725461 0.31177450368801751
leaf_weight=63 593 533 138 559 934 198 1164 45 282 62 261 149 23 242 250 20 44 815 597 23 132 33 144 282 3526 505 338 196 204 36
leaf_count=63 593 533 138 559 934 198 1164 45 282 62 261 149 23 242 250 20 44 815 597 23 132 33 144 282 3526 505 338 196 204 36
internal_value=-0.00180159 -0.019187 0.027502 0.00514329 0.0256419 -0.0282809 0.0280069 0.0779984 0.119992 0.0769452 0.0588235 0.0383063 0.00669963 0.0491577 0.0365083 0.048949 0.145814 -0.0345401 0.0365621 0.13837 -0.00444914 0.249083 0.0415709 -0.04043 -0.0376557 -0.0160549 -0.053068 0.125399 0.0270277 0.229145
internal_weight=12391 7777 4614 3198 1984 1299 1899 1416 579 535 472 410 1449 515 492 837 100 5793 1761 534 947 56 737 4846 4564 1038 897 478 402 80
internal_count=12391 7777 4614 3198 1984 1299 1899 1416 579 535 472 410 1449 515 492 837 100 5793 1761 534 947 56 737 4846 4564 1038 897 478 402 80
is_linear=0
shrinkage=0.05


Tree=43
num_leaves=31
num_cat=0
split_feature=10 24 24 12 16 18 12 7 7 23 20 7 24 7 11 7 18 6 11 12 11 6 7 24 1 24 18 17 3 18
split_gain=2280.97 1887.16 1824.43 1035.57 818.291 810.256 694.864 486.784 530.482 517.875 547.534 479.724 479.467 544.885 468.475 638.621 604.731 427.864 381.906 337.803 269.276 274.729 256.448 248.063 218.083 227.62 226.852 166.325 144.523 141.583
threshold=0.3793999999761582 183.75000000000003 341.25000000000006 1.0000000180025095e-35 0.27699999511241918 5.1499998569488534 -0.56175000965595234 1021.5499877929689 1015.5499877929689 60.500000000000007 9.6500000953674334 1016.4500122070314 32.915000915527351 1019.2500000000001 0.60784998536109935 1015.4500122070314 10.550000190734865 532.50000000000011 0.87834998965263378 1.0000000180025095e-35 0.60784998536109935 67.500000000000014 1023.6499938964845 757.08499145507824 94.500000000000014 366.25000000000006 6.2500000000000009 0.14050000160932544 98.500000000000014 2.9500000476837163
decision_type=2 2 2 2 2 2 2 2 2 2 2 2 2 2 2 2 2 2 2 2 2 2 2 2 2 2 2 2 2 2
left_child=1 6 7 5 20 29 11 8 -2 10 -10 -1 -13 -14 27 -16 -17 -7 24 -11 21 -5 -20 -6 25 26 -3 -8 -29 -4
right_child=2 18 3 4 23 17 14 -9 9 19 -12 12 13 -15 15 16 -18 -19 22 -21 -22 -23 -24 -25 -26 -27 -28 28 -30 -31
leaf_value=0.20207896171108125 0.046182475919178317 -0.028494738346940763 -0.17735955332006728 -0.006934281326007344 0.046182475919178317 0.046182475919178317 -0.0044645207330076464 0.046182475919178317 0.047101080423715164 0.15488949236452909 0.15060855466105072 0.18477670865794343 0.083509170766777122 -0.0044645207330076464 0.30375727318713203 -0.0044645207330076464 0.090348918952979154 0.0029858783550453603 -0.0044645207330076464 0.27122139929122824 -0.006934281326007344 -0.075461966440084793 -0.074189431372162135 -0.006934281326007344 -0.081063578526591823 -0.041813942663207739 -0.0044645207330076464 0.13601095804146357 0.035094704229782593 -0.054045847351190404
leaf_weight=63 169 533 28 111 222 1333 846 240 245 50 267 62 261 149 23 242 250 610 815 93 246 658 132 204 282 3526 505 49 39 138
leaf_count=63 169 533 28 111 222 1333 846 240 245 50 267 62 261 149 23 242 250 610 815 93 246 658 132 204 282 3526 505 49 39 138
internal_value=-0.00177727 -0.018301 0.0260739 0.00886109 -0.0238091 0.0311834 0.0237861 0.0835039 0.103414 0.124575 0.101079 0.0724835 0.0551858 0.0355892 0.00580598 0.0462399 0.0342015 0.040242 -0.0327151 0.2087 -0.0482189 -0.0628366 -0.00446452 0.0343503 -0.0383921 -0.0357555 -0.0151755 -0.00446452 0.0746539 -0.0748457
internal_weight=12391 7777 4614 3550 1441 2109 1984 1064 824 655 512 535 472 410 1449 515 492 1943 5793 143 1015 769 947 426 4846 4564 1038 934 88 166
internal_count=12391 7777 4614 3550 1441 2109 1984 1064 824 655 512 535 472 410 1449 515 492 1943 5793 143 1015 769 947 426 4846 4564 1038 934 88 166
is_linear=0
shrinkage=0.05


Tree=44
num_leaves=31
num_cat=0
split_feature=10 24 24 12 16 7 7 18 23 24 7 5 12 12 24 18 6 11 1 5 24 11 7 7 7 18 7 7 5 7
split_gain=2080.26 1668.25 1629.63 770.06 591.654 569.088 802.186 568.569 511.163 449.053 465.506 403.062 392.505 344.283 298.843 292.632 280.538 243.349 236.105 199.204 168.112 150.874 146.014 134.359 129.603 128.018 122.79 114.652 93.6348 107.046
threshold=0.3793999999761582 107.08499908447267 407.08500671386724 1.0000000180025095e-35 0.27699999511241918 1021.5499877929689 1015.5499877929689 5.1499998569488534 62.500000000000007 37.915000915527351 1021.2500000000001 -0.5349999964237212 0.81174999475479137 1.0000000180025095e-35 418.75000000000006 6.2500000000000009 532.50000000000011 1.0000000180025095e-35 94.500000000000014 0.49500000476837164 757.08499145507824 0.87834998965263378 1020.6499938964845 1020.0499877929689 1021.7500000000001 2.9500000476837163 1020.9500122070314 1023.9500122070314 1.919999957084656 1016.7500000000001
decision_type=2 2 2 2 2 2 2 2 2 2 2 2 2 2 2 2 2 2 2 2 2 2 2 2 2 2 2 2 2 2
left_child=1 9 5 7 19 6 -2 25 12 17 11 -11 -8 -10 15 -3 -9 -1 -17 27 -6 28 -19 -13 -21 -4 -18 -5 29 -16
right_child=2 14 3 4 20 -7 8 16 13 10 -12 23 -14 -15 21 18 26 22 -20 24 -22 -23 -24 -25 -26 -27 -28 -29 -30 -31
leaf_value=0.064120772177365615 0.036709073212710081 -0.025568301009595729 -0.16849157687808788 -0.023354936578100265 0.036709073212710081 0.036709073212710081 0.11146509231800594 0.036709073212710081 0.14751675791735394 0.064120772177365615 0.0050357352547471786 0.0050357352547471786 0.036709073212710081 0.26701302973703406 -0.046275671481314715 0.0050357352547471786 0.019259805770331397 0.064120772177365615 -0.012996819013479001 -0.10048838510932359 -0.011192583520014449 -0.025568301009595729 0.20204639262047369 0.064120772177365615 -0.03540859326847598 -0.048518300433944977 -0.020135325308465988 -0.11814277215915568 -0.052415912689987847 -0.025568301009595729
leaf_weight=113 271 1108 28 517 198 322 618 1138 53 427 323 186 102 87 1072 1356 370 21 311 221 204 465 69 37 117 108 226 34 1198 1091
leaf_count=113 271 1108 28 517 198 322 618 1138 53 427 323 186 102 87 1072 1356 370 21 311 221 204 465 69 37 117 108 226 34 1198 1091
internal_value=-0.00172954 -0.0175096 0.0248681 0.00472169 -0.0249798 0.0686965 0.0874282 0.0252268 0.112307 0.0373555 0.0232429 0.0528546 0.0953086 0.199725 -0.0272841 -0.0147922 0.032948 0.104999 -0.000425337 -0.0477414 0.0253562 -0.0363444 0.16673 0.00503574 -0.0779608 -0.0732187 0.00181054 -0.0292039 -0.0412021 -0.0349912
internal_weight=12391 7777 4614 3161 1291 1453 1131 1870 860 1176 973 650 720 140 6601 2775 1734 203 1667 889 402 3826 90 223 338 136 596 551 3361 2163
internal_count=12391 7777 4614 3161 1291 1453 1131 1870 860 1176 973 650 720 140 6601 2775 1734 203 1667 889 402 3826 90 223 338 136 596 551 3361 2163
is_linear=0
shrinkage=0.05


Tree=45
num_leaves=31
num_cat=0
split_feature=8 5 18 7 23 20 11 11 12 23 11 7 16 18 18 1 7 5 23 21 5 7 24 8 7 8 24 18 1 3
split_gain=1890.04 1202.54 1552.73 1099.91 1087.21 1179.47 907.252 669.631 640.571 502.066 565.421 489.1 401.336 397.029 388.77 326.611 265.668 254.509 243.548 230.814 212.871 173.593 204.488 172.139 146.554 127.883 89.2462 88.7005 84.4841 73.2245
threshold=1.0000000180025095e-35 0.069999998435378089 4.2500000000000009 1018.4500122070314 53.500000000000007 10.550000190734865 1.0000000180025095e-35 0.60784998536109935 0.81174999475479137 19.500000000000004 -0.60784998536109913 1027.7500000000002 0.27699999511241918 9.8499999046325701 8.8499999046325701 95.500000000000014 1021.4500122070314 -3.6850000619888301 30.500000000000004 11.550000190734865 -2.5849999189376827 1023.3500061035157 197.91500091552737 164.50000000000003 1017.9500122070314 604.50000000000011 232.08499908447268 18.750000000000004 72.500000000000014 297.50000000000006
decision_type=2 2 2 2 2 2 2 2 2 2 2 2 2 2 2 2 2 2 2 2 2 2 2 2 2 2 2 2 2 2
left_child=1 2 29 8 5 6 -4 13 9 -3 -11 12 19 -6 23 -9 20 -7 -5 -2 -16 22 -20 -14 27 -21 -25 -10 -23 -1
right_child=11 3 4 18 7 17 -8 15 24 10 -12 -13 14 -15 16 -17 -18 -19 21 25 -22 28 -24 26 -26 -27 -28 -29 -30 -31
leaf_value=-0.12853188514364539 -0.07043879958105681 -0.030120277462572037 -0.020077948074864304 -0.075344574886976809 0.067046054387284768 0.03780795411850657 0.03780795411850657 0.13262974713978015 -0.097684632726462495 0.038729000587275866 0.16232639791578363 0.20925278041673745 -0.0035487237532200152 0.16539151800417268 -0.00089040187984063619 0.33493815915925162 -0.0035487237532200152 0.067046054387284768 0.062508305530438485 -0.027992694255878026 0.055563097817953246 0.020558409851997399 -0.01886311591129055 -0.0035487237532200152 0.049091975150569796 -0.050444947096005679 -0.027992694255878026 0.019615278542041779 -0.049903984022068408 -0.21778743401169778
leaf_weight=54 509 83 1267 289 340 197 1046 38 83 133 194 23 803 113 273 42 256 848 87 958 430 43 686 336 31 282 2440 20 447 40
leaf_count=54 509 83 1267 289 340 197 1046 38 83 133 194 23 803 113 273 42 256 848 87 958 430 43 686 336 31 282 2440 20 447 40
internal_value=-0.00172753 0.0181645 0.03429 -0.012494 0.0391411 0.0286113 0.00856985 0.105481 0.0486846 0.0797027 0.107578 -0.0208977 -0.0217396 0.0819292 -0.0138969 0.238842 0.014375 0.0670461 -0.033938 -0.0420885 0.0336402 -0.0244634 -0.00970488 -0.0214725 -0.0462214 -0.0304511 -0.0274069 -0.074908 -0.0477457 -0.166513
internal_weight=12391 6081 3985 2096 3891 3358 2313 533 544 410 327 6310 6287 453 4538 80 959 1045 1552 1749 703 1263 773 3579 134 1240 2776 103 490 94
internal_count=12391 6081 3985 2096 3891 3358 2313 533 544 410 327 6310 6287 453 4538 80 959 1045 1552 1749 703 1263 773 3579 134 1240 2776 103 490 94
is_linear=0
shrinkage=0.05


Tree=46
num_leaves=31
num_cat=0
split_feature=10 24 24 12 11 16 18 18 24 7 5 23 18 16 7 9 1 1 6 11 23 18 18 9 5 24 7 8 21 7
split_gain=1749.9 1400.72 1313.78 710.386 545.293 531.28 501.816 456.801 406.259 419.901 371.811 270.887 400.426 265.253 353.341 423.745 273.086 259.172 233.625 215.434 203.296 295.062 188.01 184.163 163.12 148.523 133.234 127.5 130.313 117.413
threshold=0.3793999999761582 107.08499908447267 400.41499328613287 1.0000000180025095e-35 1.0000000180025095e-35 0.27699999511241918 5.1499998569488534 4.9500000476837167 37.915000915527351 1021.2500000000001 -0.5349999964237212 65.500000000000014 7.0499999523162851 0.27699999511241918 1020.8500061035157 -0.37939999997615809 94.500000000000014 91.500000000000014 612.50000000000011 1.0000000180025095e-35 46.500000000000007 17.550000190734867 19.550000190734867 0.3793999999761582 0.9650000035762788 757.08499145507824 1020.6499938964845 608.50000000000011 10.050000190734865 1020.0499877929689
decision_type=2 2 2 2 2 2 2 2 2 2 2 2 2 2 2 2 2 2 2 2 2 2 2 2 2 2 2 2 2 2
left_child=1 8 4 6 11 24 -4 -6 19 10 -10 22 -13 27 15 -15 -17 18 -8 -1 21 -9 -2 -22 -5 -7 -21 28 -3 -12
right_child=2 13 3 5 7 25 17 20 9 -11 29 12 -14 14 -16 16 -18 -19 -20 26 23 -23 -24 -25 -26 -27 -28 -29 -30 -31
leaf_value=0.059616302328136916 0.033923186916412253 -0.055258205108090867 -0.067327454566037739 -0.029022072804962613 0.033923186916412253 0.033923186916412253 0.033923186916412253 0.075440393452285315 0.059616302328136916 0.0045432196629697219 0.0045432196629697219 0.0753163087160892 0.25833887713296072 -0.027870393515052962 -0.029921403448601454 0.0045432196629697219 -0.029921403448601454 -0.017821730721804721 -0.0077160155648721175 0.059616302328136916 0.12357533755865741 0.12357533755865741 0.0753163087160892 0.20348417509169808 -0.073532042841543452 -0.010315040579394377 0.19030879062155021 -0.067464915295550223 -0.029921403448601454 0.059616302328136916
leaf_weight=113 593 558 138 577 45 198 1260 207 427 323 186 65 35 1582 1407 1576 173 150 351 21 106 116 144 105 320 204 69 367 938 37
leaf_count=113 593 558 138 577 45 198 1260 207 427 323 186 65 35 1582 1407 1576 173 150 351 21 106 116 144 105 320 204 69 367 938 37
internal_value=-0.00164245 -0.0161154 0.022752 0.00499848 0.0628479 -0.0234944 0.0244888 0.100154 0.0341583 0.020735 0.0493479 0.0370413 0.116709 -0.0250719 -0.0187869 -0.00890865 0.00454322 0.031684 0.0339232 0.0984976 0.116958 0.0920229 0.0339232 0.155128 -0.0449008 0.0242707 0.15654 -0.0410559 -0.0345772 0.00454322
internal_weight=12391 7777 4614 3198 1416 1299 1899 579 1176 973 650 837 100 6601 4738 3331 1749 1761 1611 203 534 323 737 211 897 402 90 1863 1496 223
internal_count=12391 7777 4614 3198 1416 1299 1899 579 1176 973 650 837 100 6601 4738 3331 1749 1761 1611 203 534 323 737 211 897 402 90 1863 1496 223
is_linear=0
shrinkage=0.05


Tree=47
num_leaves=31
num_cat=0
split_feature=10 24 24 11 0 24 7 5 14 11 12 20 11 14 18 11 12 11 7 1 7 18 4 5 24 18 2 4 7 23
split_gain=1585.6 1262.59 1164.34 893.987 657.019 546.984 448.966 363.362 345.158 337.424 320.527 721.801 319.246 297.038 271.893 273.228 252.27 244.994 283.169 199.36 193.241 155.725 155.102 152.551 143.18 160.339 142.907 125.505 119.217 113.483
threshold=0.3793999999761582 192.91500091552737 596.25000000000011 1.0000000180025095e-35 21.650000572204593 43.750000000000007 1020.8500061035157 0.069999998435378089 48.000000000000007 0.87834998965263378 -0.56175000965595234 8.9499998092651385 0.87834998965263378 48.000000000000007 11.949999809265138 0.60784998536109935 1.0000000180025095e-35 1.0000000180025095e-35 1020.3500061035157 94.500000000000014 1023.6499938964845 4.6499998569488534 1.1950000524520876 -1.0950000286102293 366.25000000000006 6.1499998569488534 0.93000000715255748 1.0049999952316286 1021.4500122070314 65.500000000000014
decision_type=2 2 2 2 2 2 2 2 2 2 2 2 2 2 2 2 2 2 2 2 2 2 2 2 2 2 2 2 2 2
left_child=1 5 3 10 7 17 8 9 21 -5 11 -2 19 28 -6 -16 -15 23 -19 24 -14 -7 -13 -1 25 -3 29 -21 -4 -12
right_child=2 12 13 4 14 6 -8 -9 -10 -11 26 22 20 16 15 -17 -18 18 -20 27 -22 -23 -24 -25 -26 -27 -28 -29 -30 -31
leaf_value=0.15463709129441172 0.01743864988325167 -0.024060585679321955 0.01743864988325167 0.090095531799665396 0.090095531799665396 0.019470858070274114 -0.0046755322269092653 0.01743864988325167 -0.0046755322269092653 0.01743864988325167 0.062005568177063167 0.11102899414247383 -0.0046755322269092653 -0.0062568240294821652 0.12520309935330576 0.20439523533449411 -0.052202067826637936 0.043617248367457492 0.1741800331079521 -0.097108087439010754 -0.066610583459528597 0.043617248367457492 0.22679000309535435 0.043617248367457492 -0.034919699003129516 -0.0046755322269092653 0.01743864988325167 -0.025036041320332988 -0.0062568240294821652 0.18943312338420326
leaf_weight=31 170 504 606 378 115 75 558 166 348 178 104 167 811 558 104 161 492 28 101 188 130 779 35 146 3526 463 1088 89 271 21
leaf_count=31 170 504 606 378 115 75 558 166 348 178 104 167 811 558 104 161 492 28 101 188 130 779 35 146 3526 463 1088 89 271 21
internal_value=-0.00158788 -0.0153646 0.0216331 0.0429036 0.0774917 0.0181308 0.00740335 0.0494831 0.0291981 0.0719111 0.0188557 0.0639428 -0.0274819 -0.00802635 0.130708 0.160311 -0.0259671 0.0798311 0.132267 -0.0327835 -0.00467553 0.0436172 0.131087 0.0436172 -0.0302454 -0.0132015 0.0174386 -0.0739514 0.0134534 0.0834134
internal_weight=12391 7777 4614 2687 1102 2066 1760 722 1202 556 1585 372 5711 1927 380 265 1050 306 129 4770 941 854 202 177 4493 967 1213 277 877 125
internal_count=12391 7777 4614 2687 1102 2066 1760 722 1202 556 1585 372 5711 1927 380 265 1050 306 129 4770 941 854 202 177 4493 967 1213 277 877 125
is_linear=0
shrinkage=0.05


Tree=48
num_leaves=31
num_cat=0
split_feature=18 10 24 7 18 11 0 11 6 2 12 7 20 9 6 5 7 12 11 5 1 24 4 12 24 4 1 11 8 2
split_gain=1456.18 1046.61 763.058 683.807 512.191 488.922 786.428 518.94 421.554 421.005 341.939 280.161 216.497 201.434 196.241 230.425 160.101 139.656 118.282 228.387 136.887 158.576 106.394 98.4222 96.8896 94.6138 80.6657 64.5249 63.4513 53.35
threshold=18.750000000000004 0.3793999999761582 183.75000000000003 1020.9500122070314 3.3500000238418584 0.60784998536109935 21.250000000000004 0.87834998965263378 42.500000000000007 5.2650001049041757 -0.56175000965595234 1016.6499938964845 10.550000190734865 0.60354998707771312 197.50000000000003 -1.955000042915344 1017.0499877929689 1.0000000180025095e-35 0.87834998965263378 -2.5849999189376827 94.500000000000014 384.58500671386724 1.0049999952316286 1.0000000180025095e-35 350.41499328613287 1.8750000000000002 79.500000000000014 0.87834998965263378 225.00000000000003 3.5949999094009404
decision_type=2 2 2 2 2 2 2 2 2 2 2 2 2 2 2 2 2 2 2 2 2 2 2 2 2 2 2 2 2 2
left_child=1 2 10 4 -3 14 7 -7 -5 -6 -1 -9 -12 17 15 -2 -8 -10 20 28 21 -4 -22 -14 -18 -11 -17 -15 -20 -26
right_child=5 3 18 8 9 6 16 11 13 25 12 -13 23 27 -16 26 24 -19 19 -21 22 -23 -24 -25 29 -27 -28 -29 -30 -31
leaf_value=0.022193177778130582 0.16325619466926741 -0.15855859110043163 -0.012314833768111726 0.022193177778130582 0.022193177778130582 0.12086101558698491 0.29821124446803127 0.12086101558698491 -0.0038124762435009785 -0.025266104955687652 -0.0083932772267328731 0.022193177778130582 0.0068999502756988537 -0.089450351186096677 0.022193177778130582 0.093081275947593356 0.22128645506170061 -0.040227230690905585 -0.094180384106360954 -0.0083932772267328731 -0.091382902238187916 -0.033979798232836526 -0.022782441706989301 0.022193177778130582 0.17292934423885928 -0.068182706661150519 0.040121456975721857 -0.026671763112238046 -0.039113790498274979 0.12086101558698491
leaf_weight=459 46 42 1128 139 2372 79 29 28 483 222 834 178 107 160 346 74 45 437 65 476 158 3362 88 307 29 67 276 55 268 32
leaf_count=459 46 42 1128 139 2372 79 29 28 483 222 834 178 107 160 346 74 45 437 65 476 158 3362 88 307 29 67 276 55 268 32
internal_value=-0.00169162 -0.0072055 -0.0185097 0.0134075 0.0221932 0.0515919 0.0947005 0.0476115 -0.0175913 0.0221932 0.010722 0.0221932 -0.00721701 -0.0298181 0.0271908 0.0580497 0.194111 -0.0196354 -0.0275085 -0.00983961 -0.0305267 -0.028537 -0.0668429 0.0221932 0.16563 -0.0437619 0.0442226 -0.0733907 -0.0498625 0.124572
internal_weight=12391 11229 7252 3977 2703 1162 420 285 1274 2661 1707 206 1248 1135 742 396 135 920 5545 809 4736 4490 246 414 106 289 350 215 333 61
internal_count=12391 11229 7252 3977 2703 1162 420 285 1274 2661 1707 206 1248 1135 742 396 135 920 5545 809 4736 4490 246 414 106 289 350 215 333 61
is_linear=0
shrinkage=0.05


Tree=49
num_leaves=31
num_cat=0
split_feature=8 18 24 12 11 23 17 9 12 7 23 5 7 9 14 7 18 2 21 5 17 11 7 0 8 9 0 3 6 5
split_gain=1333.94 962.515 1048.72 726.633 712.474 822.427 630.236 509.598 462.487 414.31 393.627 489.305 378.628 365.03 313.041 299.423 383.341 205.817 196.874 195.127 165.99 161 142.433 114.321 102.437 68.7532 67.9525 46.4302 45.795 41.4569
threshold=1.0000000180025095e-35 4.7500000000000009 350.41499328613287 1.0000000180025095e-35 1.0000000180025095e-35 52.500000000000007 0.10750000178813936 0.78654998540878307 -0.56175000965595234 1027.7500000000002 67.500000000000014 -0.15500000119209287 1017.1499938964845 0.60354998707771312 48.000000000000007 1021.2500000000001 9.2500000000000018 4.2950000762939462 11.550000190734865 -2.3950001001358028 0.15650000423192981 0.87834998965263378 1024.9500122070315 20.250000000000004 608.50000000000011 1.0000000180025095e-35 21.750000000000004 301.50000000000006 52.500000000000007 0.15500000119209292
decision_type=2 2 2 2 2 2 2 2 2 2 2 2 2 2 2 2 2 2 2 2 2 2 2 2 2 2 2 2 2 2
left_child=1 10 4 7 8 6 -6 -4 12 14 11 23 -3 -7 15 16 17 -2 26 -18 -17 -9 -13 27 -20 -10 29 -1 -5 -16
right_child=9 2 3 28 5 13 -8 21 25 -11 -12 22 -14 -15 18 20 19 -19 24 -21 -22 -23 -24 -25 -26 -27 -28 -29 -30 -31
leaf_value=-0.19644465832039715 0.0016575544792241858 0.14340614681578664 0.024044428257560025 0.024044428257560025 0.024044428257560025 0.14540393836796284 0.099268510252866482 -0.015624158975143002 0.11059300390382608 0.19432316759358281 -0.015624158975143002 -0.054348604201484234 0.035312223046823597 0.33793560096195768 -0.1530073628343385 -0.023798528002417815 0.010555136407987603 -0.023798528002417815 -0.023798528002417815 0.056821384252575428 0.1319772638025738 0.024044428257560025 -0.15442758931054013 -0.13313317130760927 -0.043965233265143608 0.024044428257560025 -0.05471778608451941 -0.30061056717582374 -0.015624158975143002 -0.080210405344698643
leaf_weight=20 1422 146 1322 85 370 83 497 515 72 23 210 156 182 35 29 1345 270 1112 969 368 21 137 36 38 271 1044 432 23 1110 48
leaf_count=20 1422 146 1322 85 370 83 497 515 72 23 210 156 182 35 29 1345 270 1112 969 368 21 137 36 38 271 1044 432 23 1110 48
internal_value=-0.00139615 0.0153152 0.0211583 0.00221154 0.0458773 0.0786685 0.0618133 0.0222036 0.0240444 -0.017501 -0.0524067 -0.093073 0.0834272 0.202511 -0.018276 -0.0113495 -0.00240444 -0.0111262 -0.0362475 0.0322364 -0.0237985 -0.0156242 -0.0543486 -0.196321 -0.0254998 0.0240444 -0.0624307 -0.252161 -0.0156242 -0.105703
internal_weight=12391 6081 5598 3169 2429 985 867 1974 1444 6310 483 273 328 118 6287 4538 3172 2534 1749 638 1366 652 192 81 1240 1116 509 43 1195 77
internal_count=12391 6081 5598 3169 2429 985 867 1974 1444 6310 483 273 328 118 6287 4538 3172 2534 1749 638 1366 652 192 81 1240 1116 509 43 1195 77
is_linear=0
shrinkage=0.05


Tree=50
num_leaves=31
num_cat=0
split_feature=10 24 6 12 7 18 12 7 11 8 24 12 7 24 7 1 6 23 18 7 11 9 4 17 7 7 18 2 18 17
split_gain=1235.11 1277.97 682.596 605.363 497.153 466.638 361.045 328.429 404.115 320.522 313.675 372.044 280.255 283.949 413.851 249.494 243.321 235.662 218.692 215.206 213.621 208.154 200.761 190.062 174.779 162.939 161.76 143.82 133.945 121.31
threshold=0.78654998540878307 192.91500091552737 617.50000000000011 -0.56175000965595234 1020.9500122070314 18.349999427795414 1.0000000180025095e-35 1020.1499938964845 -0.60784998536109913 311.50000000000006 341.25000000000006 1.0000000180025095e-35 1016.3500061035157 32.915000915527351 1021.0499877929689 94.500000000000014 42.500000000000007 62.500000000000007 6.1499998569488534 1020.2500000000001 0.60784998536109935 0.78654998540878307 0.92500001192092907 0.14050000160932544 1021.7500000000001 1021.8500061035157 7.5499999523162851 4.0150001049041757 15.34999990463257 0.12550000101327899
decision_type=2 2 2 2 2 2 2 2 2 2 2 2 2 2 2 2 2 2 2 2 2 2 2 2 2 2 2 2 2 2
left_child=1 3 4 12 10 23 -7 8 22 15 17 26 -1 -14 -15 -10 24 29 -19 -8 -13 -9 28 -5 -6 -23 -12 -11 -3 -2
right_child=2 7 -4 5 16 6 19 21 9 27 11 20 13 14 -16 -17 -18 18 -20 -21 -22 25 -24 -25 -26 -27 -28 -29 -30 -31
leaf_value=0.16374826322472286 0.069113365850201336 -0.04892487389737319 -0.032179266534482387 0.0013170898716105273 0.20840899433408466 0.034687967572734291 0.034687967572734291 -0.027487692722473301 0.0013170898716105273 -0.0033121966943818453 0.0040580180997901449 0.0040580180997901449 0.14803822729466617 0.07070511504561898 0.0013170898716105273 -0.062474189336886532 0.0040580180997901449 0.12203445463184398 0.24843843475632044 0.15953639089129867 0.069113365850201336 -0.10490688247445189 0.0013170898716105273 0.034687967572734291 0.047871129319537437 -0.042928146091608353 0.069113365850201336 -0.035865113656816196 0.0013170898716105273 0.12203445463184398
leaf_weight=63 217 1057 382 1336 21 126 36 2096 1851 553 57 296 69 376 141 202 575 38 46 112 96 162 220 118 88 307 654 878 133 85
leaf_count=63 217 1057 382 1336 21 126 36 2096 1851 553 57 296 69 376 141 202 575 38 46 112 96 162 220 118 88 307 654 878 133 85
internal_value=-0.0015134 -0.00955894 0.0294596 0.0223672 0.0402953 0.00690348 0.0680588 -0.019733 -0.0121374 -0.0029971 0.0565047 0.0429288 0.0635402 0.052767 0.0400519 0.00131709 0.00500914 0.095298 0.169375 0.125023 0.00405802 -0.0342254 -0.0347224 0.00131709 0.0788004 -0.0643366 0.0644909 -0.0232853 -0.0429631 0.0746937
internal_weight=12391 9836 2555 2377 2173 1728 274 7459 4894 3484 1489 1103 649 586 517 2053 684 386 84 148 392 2565 1410 1454 109 469 711 1431 1190 302
internal_count=12391 9836 2555 2377 2173 1728 274 7459 4894 3484 1489 1103 649 586 517 2053 684 386 84 148 392 2565 1410 1454 109 469 711 1431 1190 302
is_linear=0
shrinkage=0.05


Tree=51
num_leaves=31
num_cat=0
split_feature=10 24 24 12 18 14 7 1 24 24 7 7 23 12 1 24 4 11 20 11 7 7 14 6 6 24 18 9 5 18
split_gain=1124.83 874.873 851.391 687.965 614.835 581.175 356.002 488.447 402.556 269.049 252.331 304.941 270.849 250.781 240.828 273.19 245.667 238.46 228.931 208.352 242.987 197.494 308.477 181.488 155.188 152.758 142.564 132.576 121.913 120.322
threshold=0.3793999999761582 303.75000000000006 107.08499908447267 1.0000000180025095e-35 5.1499998569488534 48.000000000000007 1016.4500122070314 95.500000000000014 43.750000000000007 692.91500854492199 1021.5499877929689 1015.4500122070314 60.500000000000007 1.0000000180025095e-35 94.500000000000014 571.25000000000011 1.0049999952316286 0.60784998536109935 9.7500000000000018 1.0000000180025095e-35 1020.3500061035157 1020.8500061035157 48.000000000000007 52.500000000000007 362.50000000000006 757.08499145507824 11.949999809265138 0.91595000028610241 -1.0950000286102293 2.9500000476837163
decision_type=2 2 2 2 2 2 2 2 2 2 2 2 2 2 2 2 2 2 2 2 2 2 2 2 2 2 2 2 2 2
left_child=2 10 6 4 29 25 7 -1 19 -6 11 -2 18 -14 15 21 26 23 -13 28 -21 22 -4 -7 -11 -5 -16 -9 -8 -3
right_child=1 3 14 5 9 17 8 27 -10 24 -12 12 13 -15 16 -17 -18 -19 -20 20 -22 -23 -24 -25 -26 -27 -28 -29 -30 -31
leaf_value=0.0030397704994750518 0.034831918288448178 -0.1558439726630847 0.0030397704994750518 0.034831918288448178 0.034831918288448178 -0.0037559269887762897 0.14611483454704285 0.11340210073608525 0.0030397704994750518 0.018824987405456101 0.034831918288448178 0.037121334269812165 0.11830348451171553 0.21924212973519983 -0.12147228855986235 -0.029402118781864175 -0.0069728631177658727 -0.0037559269887762897 0.10995964352906003 0.034812961986700551 0.15364228767702487 -0.018757582954581496 -0.018757582954581496 -0.06034330805175761 -0.015853533805301169 -0.0037559269887762897 -0.051850987321626379 0.23370145448418553 0.034812961986700551 -0.045837982584690226
leaf_weight=40 135 30 1770 226 1362 86 25 49 749 203 204 198 44 83 129 2672 173 270 237 28 101 963 723 727 460 204 171 43 141 145
leaf_count=40 135 30 1770 226 1362 86 25 49 749 203 204 198 44 83 129 2672 173 270 237 28 101 963 723 727 460 204 171 43 141 145
internal_value=-0.0014627 0.0180954 -0.0130663 0.00737028 0.0252187 -0.0185824 0.0261286 0.103496 0.0163466 0.0329891 0.0622936 0.07819 0.0955609 0.159801 -0.0200491 -0.0173957 -0.0544244 -0.0381089 0.0768057 0.0665862 0.114478 -0.00811305 8.71301e-05 -0.0517697 0.00281806 0.0305971 -0.0817881 0.169629 0.034813 -0.0646962
internal_weight=12391 4614 7777 3713 2200 1513 1176 132 1044 2025 901 697 562 127 6601 6128 473 1083 435 295 129 3456 2493 813 663 430 300 92 166 175
internal_count=12391 4614 7777 3713 2200 1513 1176 132 1044 2025 901 697 562 127 6601 6128 473 1083 435 295 129 3456 2493 813 663 430 300 92 166 175
is_linear=0
shrinkage=0.05


Tree=52
num_leaves=31
num_cat=0
split_feature=10 24 24 11 0 5 7 5 11 1 20 14 18 11 12 17 1 24 4 10 7 14 17 2 4 18 14 23 7 8
split_gain=1036.6 760.364 750.595 705.224 534.263 324.98 314.646 281.983 278.844 267.862 344.21 235.348 224.343 226.918 219.285 580.862 217.166 245.922 221.714 192.773 185.112 283.884 164.122 135.843 130.792 128.664 128.233 91.8815 91.8132 83.7129
threshold=0.3793999999761582 596.25000000000011 107.08499908447267 1.0000000180025095e-35 21.650000572204593 -0.49500000476837153 1022.7500000000001 0.069999998435378089 0.87834998965263378 97.500000000000014 9.2500000000000018 48.000000000000007 11.84999990463257 0.60784998536109935 -0.56175000965595234 0.1134999990463257 94.500000000000014 571.25000000000011 1.0049999952316286 0.91595000028610241 1020.8500061035157 48.000000000000007 0.14050000160932544 4.2349998950958261 1.1950000524520876 11.949999809265138 48.000000000000007 69.500000000000014 1019.7500000000001 528.50000000000011
decision_type=2 2 2 2 2 2 2 2 2 2 2 2 2 2 2 2 2 2 2 2 2 2 2 2 2 2 2 2 2 2
left_child=2 3 5 14 7 6 9 8 -5 10 -1 -3 -6 -14 15 -2 17 20 25 -13 21 -4 -7 -21 -17 27 -16 -18 -27 -19
right_child=1 11 16 4 12 22 -8 -9 -10 -11 -12 19 13 -15 26 24 18 29 -20 23 -22 -23 -24 -25 -26 28 -28 -29 -30 -31
leaf_value=0.0026188467892584808 0.014021291391561483 0.012562357079016817 0.0026188467892584808 0.076694153976305676 0.076694153976305676 0.0026188467892584808 0.0026188467892584808 0.014021291391561483 0.014021291391561483 0.15491441786688354 0.083455122362911 -0.042899701531361127 0.10817779632358869 0.18019077303987113 0.10787047198263265 0.10036344205154413 -0.1426205313609292 -0.021787888419164084 -0.0066242202707280998 -0.0049821741538993887 -0.017832679808674385 -0.017832679808674385 0.087411037446852302 -0.064330604377359449 0.20891049538339887 -0.018108628682865956 0.014021291391561483 -0.082328556180280232 -0.082328556180280232 -0.04067983398685137
leaf_weight=203 203 877 1770 378 110 354 163 166 178 70 315 560 109 161 59 134 102 1803 173 389 963 723 71 101 35 101 1154 27 70 869
leaf_count=203 203 877 1770 378 110 354 163 166 178 70 315 560 109 161 59 134 102 1803 173 389 963 723 71 101 35 101 1154 27 70 869
internal_value=-0.00136455 0.0174109 -0.0125038 0.0345998 0.0653286 0.0242979 0.0452542 0.0400717 0.0603801 0.0631123 0.0507067 -0.00655727 0.113317 0.139661 0.0140213 0.0524443 -0.0190602 -0.0165406 -0.0517032 -0.0225267 -0.00773335 0.000251216 0.00261885 -0.00498217 0.122844 -0.0776987 0.0140213 -0.115399 -0.0492584 -0.027932
internal_weight=12391 4614 7777 2687 1102 1176 751 722 556 588 518 1927 380 270 1585 372 6601 6128 473 1050 3456 2493 425 490 169 300 1213 129 171 2672
internal_count=12391 4614 7777 2687 1102 1176 751 722 556 588 518 1927 380 270 1585 372 6601 6128 473 1050 3456 2493 425 490 169 300 1213 129 171 2672
is_linear=0
shrinkage=0.05


Tree=53
num_leaves=31
num_cat=0
split_feature=18 10 7 24 18 11 0 11 6 2 12 7 20 9 7 5 6 5 7 11 5 3 7 4 4 12 24 7 5 8
split_gain=966.736 690.463 514.991 440.65 416.26 398.987 644.676 405.975 323.09 321.699 266.402 246.739 173.955 171.272 149.719 133.745 161.545 143.735 119.182 110.032 161.817 104.995 220.411 93.2712 79.8952 79.3587 74.8249 65.2738 63.0552 55.5368
threshold=18.750000000000004 0.3793999999761582 1020.9500122070314 192.91500091552737 3.3500000238418584 0.60784998536109935 21.250000000000004 0.87834998965263378 42.500000000000007 5.2650001049041757 -0.56175000965595234 1016.6499938964845 10.550000190734865 0.60354998707771312 1017.0499877929689 -0.1950000002980232 277.50000000000006 -1.6850000023841856 1026.049987792969 0.87834998965263378 -2.5849999189376827 115.50000000000001 1016.7500000000001 0.74500000476837169 1.8750000000000002 1.0000000180025095e-35 350.41499328613287 1014.5499877929689 0.31499999761581426 225.00000000000003
decision_type=2 2 2 2 2 2 2 2 2 2 2 2 2 2 2 2 2 2 2 2 2 2 2 2 2 2 2 2 2 2
left_child=1 3 4 10 -3 15 7 -7 -4 -6 -1 -9 -12 18 -8 16 17 27 -10 21 29 22 -5 -23 -11 -14 -16 -2 -15 -21
right_child=5 2 8 19 9 6 14 11 13 24 12 -13 25 28 26 -17 -18 -19 -20 20 -22 23 -24 -25 -26 -27 -28 -29 -30 -31
leaf_value=0.017985924142730286 0.041024051648216334 -0.14555858653925716 0.017985924142730286 -0.034782351262338293 0.017985924142730286 0.10456797750763638 0.27155731793107657 0.10456797750763638 -0.013773539399472271 -0.023595732923488027 -0.0078752532355179736 0.017985924142730286 0.0050553354536061572 -0.10071465223808498 0.19225681344668072 0.017985924142730286 0.017985924142730286 0.044012182883350591 -0.10098673530468127 -0.085844167844662755 -0.0078752532355179736 -0.04252766710123735 -0.0078752532355179736 -0.022104467784529094 -0.063786331198263435 0.017985924142730286 0.10726542812390405 0.13737277623854185 -0.045332668509620894 -0.033332676555502663
leaf_weight=471 22 42 139 1100 2372 79 29 28 879 222 880 178 114 85 45 263 130 251 41 62 474 1193 1320 1052 67 318 61 76 130 268
leaf_count=471 22 42 139 1100 2372 79 29 28 879 222 880 178 114 85 45 263 130 251 41 62 474 1193 1320 1052 67 318 61 76 130 268
internal_value=-0.00147517 -0.00596782 0.0107747 -0.0151494 0.0179859 0.0419397 0.0808822 0.0382477 -0.0162619 0.0179859 0.00643628 0.0179859 -0.00787525 -0.0270497 0.170888 0.0198967 0.0445132 0.0640622 -0.0176602 -0.0221868 -0.00787525 -0.0251694 -0.0179445 -0.0329574 -0.0403412 0.0179859 0.143347 0.115415 -0.0672279 -0.0431985
internal_weight=12391 11229 3977 7252 2703 1162 420 285 1274 2661 1783 206 1312 1135 135 742 479 349 920 5469 804 4665 2420 2245 289 432 106 98 215 330
internal_count=12391 11229 3977 7252 2703 1162 420 285 1274 2661 1783 206 1312 1135 135 742 479 349 920 5469 804 4665 2420 2245 289 432 106 98 215 330
is_linear=0
shrinkage=0.05


Tree=54
num_leaves=31
num_cat=0
split_feature=10 24 12 6 18 7 11 0 8 0 3 18 6 7 23 6 23 17 5 7 1 18 18 7 18 11 1 24 24 0
split_gain=878.83 846.982 531.013 523.261 374.168 373.905 277.815 273.365 255.318 312.005 271.563 254.982 280.016 239.382 220.505 195.395 167.785 167.655 166.267 171.009 179.174 167.492 155.034 152.606 152.386 146.864 200.084 143.942 111.366 103.063
threshold=0.78654998540878307 202.08499908447268 -0.56175000965595234 612.50000000000011 19.550000190734867 1020.9500122070314 0.87834998965263378 20.150000572204593 1.0000000180025095e-35 19.250000000000004 36.500000000000007 25.10000038146973 377.50000000000006 1018.7500000000001 44.500000000000007 42.500000000000007 61.500000000000007 0.14050000160932544 0.86500000953674328 1016.9500122070314 94.500000000000014 11.550000190734865 4.9500000476837167 1021.7500000000001 18.550000190734867 0.60784998536109935 91.500000000000014 32.915000915527351 237.08499908447268 18.44999980926514
decision_type=2 2 2 2 2 2 2 2 2 2 2 2 2 2 2 2 2 2 2 2 2 2 2 2 2 2 2 2 2 2
left_child=1 2 8 5 17 11 18 13 9 22 16 12 14 -8 -2 23 -10 -4 19 21 -21 -3 -1 -7 -14 -6 -27 -12 -20 -15
right_child=3 6 4 -5 25 15 7 -9 10 -11 27 -13 24 29 -16 -17 -18 -19 28 20 -22 -23 -24 -25 -26 26 -28 -29 -30 -31
leaf_value=0.00042020875118610609 0.040799204910741411 -0.031733415283082753 0.00042020875118610609 -0.028149993820163324 0.036703869847303151 0.19128703815596446 -0.12948448078733096 0.00042020875118610609 0.0070874564010988588 0.15065835317629472 0.1301582035269927 0.18203442662954331 0.0032095949672904245 -0.083709783030271129 0.086464356062464234 0.0032095949672904245 0.18235352618826761 0.036703869847303151 0.00042020875118610609 -0.00043764057812648851 -0.073496845025907864 0.00042020875118610609 0.069962716220955679 0.041277901862155311 0.040799204910741411 0.20687238777938644 0.046657841410487892 0.00042020875118610609 -0.034132637833179366 -0.024678669638271603
leaf_weight=43 396 1630 1465 393 102 21 71 892 22 114 22 35 446 74 476 573 36 147 99 1810 88 361 240 88 127 38 40 203 2196 143
leaf_count=43 396 1630 1465 393 102 21 71 892 22 114 22 35 446 74 476 573 36 147 99 1810 88 361 240 88 127 38 40 203 2196 143
internal_value=-0.00120464 -0.00799129 0.0173326 0.024922 0.00305736 0.0345692 -0.0164922 0.000420209 0.0549521 0.0808196 0.0186645 0.0486843 0.0454543 -0.0497775 0.0632965 0.00393817 0.115873 0.000420209 -0.0208617 -0.0145636 -0.003825 -0.0248006 0.0526866 0.0701787 0.0183019 0.0729875 0.124711 0.000420209 -0.0315342 -0.0246787
internal_weight=12391 9836 2472 2555 1792 2162 7364 1180 680 397 283 1480 1445 288 872 682 58 1612 6184 3889 1898 1991 283 109 573 180 78 225 2295 217
internal_count=12391 9836 2472 2555 1792 2162 7364 1180 680 397 283 1480 1445 288 872 682 58 1612 6184 3889 1898 1991 283 109 573 180 78 225 2295 217
is_linear=0
shrinkage=0.05


Tree=55
num_leaves=31
num_cat=0
split_feature=18 11 7 5 18 12 5 24 10 0 24 7 21 9 5 10 21 4 23 18 24 17 3 7 5 7 0 11 23 4
split_gain=806.844 767.384 645.051 656.223 659.806 639.735 710.601 682.022 581.133 509.866 395.898 308.901 308.543 260.642 359.621 209.642 178.698 312.47 178.686 161.036 129.272 111.683 168.415 109.454 82.57 71.2998 59.0309 57.111 46.6608 28.6194
threshold=4.3500001430511483 0.60784998536109935 1021.6499938964845 -2.3950001001358028 20.550000190734867 -0.56175000965595234 0.069999998435378089 410.41499328613287 -1.0000000180025095e-35 20.650000572204593 574.58499145507824 1016.4500122070314 15.750000000000002 1.0000000180025095e-35 0.71999999880790722 0.3793999999761582 12.750000000000002 0.74500000476837169 70.500000000000014 1.5500000119209292 831.25000000000011 0.14250000566244128 136.50000000000003 1024.549987792969 -0.24499999731779096 1019.4500122070314 17.94999980926514 -0.87834998965263356 72.500000000000014 -0.15500000119209287
decision_type=2 2 2 2 2 2 2 2 2 2 2 2 2 2 2 2 2 2 2 2 2 2 2 2 2 2 2 2 2 2
left_child=13 5 3 4 15 6 7 8 -2 -6 11 -5 -9 19 18 -3 -8 -18 23 28 27 -7 -23 24 -15 -12 -16 -21 -1 -4
right_child=1 2 29 10 9 21 16 12 -10 -11 25 -13 -14 14 26 -17 17 -19 -20 20 -22 22 -24 -25 -26 -27 -28 -29 -30 -31
leaf_value=-0.10465198828364319 0.035107516056725949 -0.0086185895221897492 0.025504126610249523 0.15002053217183239 0.04893827452636023 -0.0086185895221897492 -0.0086185895221897492 -0.0086185895221897492 0.10641017348360685 0.18555494324549249 0.046798215820132917 0.071430246667168504 0.035107516056725949 -0.17119885886257347 -0.10489531574504717 0.032309304484445009 0.008651666271656604 0.076260801129683392 -0.03106932823474591 -0.020895278465226982 -0.033171967408264218 0.12397219894393799 0.028683098085781334 -0.25834530733880545 -0.093424279599246138 -0.0086185895221897492 -0.017321752707838364 -0.0086185895221897492 -0.04737117754088508 -0.0086185895221897492
leaf_weight=53 506 448 123 153 64 3706 612 793 450 95 87 684 204 55 21 314 246 200 39 257 686 62 40 21 33 139 230 1554 108 408
leaf_count=53 506 448 123 153 64 3706 612 793 450 95 87 684 204 55 21 314 246 200 39 257 686 62 40 21 33 139 230 1554 108 408
internal_value=-0.0011222 0.00617953 0.0297862 0.0431742 0.0122811 -0.00252712 0.0161846 0.0344871 0.0646614 0.104927 0.0699405 0.0857962 0.00555367 -0.0234167 -0.0610989 -0.00705061 -0.00861859 0.0259219 -0.122916 -0.0177601 -0.0146351 -0.00861859 0.0659848 -0.155779 -0.131303 0.0112181 -0.0246486 -0.00861859 -0.0662276 -0.00861859
internal_weight=12391 9334 2515 1984 921 6819 3011 1953 956 159 1063 837 997 3057 399 762 1058 446 148 2658 2497 3808 102 109 88 226 251 1811 161 531
internal_count=12391 9334 2515 1984 921 6819 3011 1953 956 159 1063 837 997 3057 399 762 1058 446 148 2658 2497 3808 102 109 88 226 251 1811 161 531
is_linear=0
shrinkage=0.05


Tree=56
num_leaves=31
num_cat=0
split_feature=10 24 6 7 11 1 11 7 7 18 18 7 20 7 18 23 7 1 6 10 7 0 7 18 7 17 6 5 14 1
split_gain=753.394 693.33 454.94 380.349 424.997 398.003 377.957 372.784 329.544 278.838 253.828 294.7 232.26 231.837 249.752 446.046 210.896 478.159 170.467 144.071 134.455 127.299 106.141 98.3458 95.1584 89.2698 82.5701 71.6362 69.3589 67.8062
threshold=0.78654998540878307 111.25000000000001 612.50000000000011 1020.8500061035157 -0.60784998536109913 94.500000000000014 1.0000000180025095e-35 1015.4500122070314 1020.9500122070314 3.8500000238418584 20.050000190734867 1025.1499633789065 14.550000190734865 1014.5499877929689 4.4500000476837167 54.500000000000007 1017.1499938964845 91.500000000000014 42.500000000000007 -0.91595000028610218 1021.7500000000001 21.94999980926514 1026.9500122070315 8.1500000953674334 1021.1499938964845 0.12550000101327899 727.50000000000011 4.4049999713897714 48.000000000000007 85.500000000000014
decision_type=2 2 2 2 2 2 2 2 2 2 2 2 2 2 2 2 2 2 2 2 2 2 2 2 2 2 2 2 2 2
left_child=1 6 8 4 12 9 16 -8 13 -6 11 -9 23 25 -15 -16 17 -1 20 -7 -10 22 24 -3 -5 -2 -23 -4 -19 -22
right_child=2 3 27 21 5 19 7 10 18 -11 -12 -13 -14 14 15 -17 -18 28 -20 -21 29 26 -24 -25 -26 -27 -28 -29 -30 -31
leaf_value=0.0061874997423177888 0.0025047172727579031 -0.044416702407805105 -0.015437547905190094 -0.095346633447469145 -0.019595939471245213 -0.18691492199897766 0.26696888378688266 0.020518595116960192 0.17872295464788165 0.0061874997423177888 0.18519687652587891 0.11324451289178766 0.0061874997423177888 0.0025047172727579031 0.04258401664940395 0.11506541122259376 0.0061874997423177888 0.18588396867116294 0.0025047172727579031 -0.047215547119988183 0.091683675089449287 0.0059952503447119393 -0.12312795245333721 -0.01898439808001498 -0.034919420703456182 0.083229892296450489 -0.025631428227530846 -0.067068971398957941 0.10031985687464476 0.033774776428421138
leaf_weight=69 188 934 307 69 1049 20 21 344 21 2997 33 85 242 30 954 273 713 45 573 239 51 278 38 641 1168 35 801 86 50 37
leaf_count=69 188 934 307 69 1049 20 21 344 21 2997 33 85 242 30 954 273 713 45 573 239 51 278 38 641 1168 35 801 86 50 37
internal_value=-0.00144025 -0.00772393 0.0227501 -0.0130414 -0.00647356 0.00208513 0.0254164 0.0609362 0.0317455 0.00593161 0.0515711 0.0412921 -0.0267516 0.0449968 0.0533672 0.0587107 0.0061875 0.0628926 0.00298888 -0.0580031 0.0650448 -0.0301222 -0.0408186 -0.0340662 -0.0382901 0.00250472 -0.0174829 -0.026736 0.14085 0.0379171
internal_weight=12391 9836 2555 8476 6122 4305 1360 483 2162 4046 462 429 1817 1480 1257 1227 877 164 682 259 109 2354 1275 1575 1237 223 1079 393 95 88
internal_count=12391 9836 2555 8476 6122 4305 1360 483 2162 4046 462 429 1817 1480 1257 1227 877 164 682 259 109 2354 1275 1575 1237 223 1079 393 95 88
is_linear=0
shrinkage=0.05


Tree=57
num_leaves=31
num_cat=0
split_feature=10 24 12 24 14 18 7 14 24 11 1 11 7 7 23 12 5 4 7 11 7 6 18 3 6 20 18 24 0 7
split_gain=681.969 577.898 573.104 556.368 487.575 470.894 349.653 387.382 414.309 212.987 200.774 196.967 189.478 230.394 237.067 230.38 180.016 175.539 165.431 195.416 230.7 146.739 142.287 291.389 135.499 108.027 107.602 107.475 97.8178 91.2899
threshold=0.3793999999761582 303.75000000000006 1.0000000180025095e-35 43.750000000000007 48.000000000000007 5.1499998569488534 1023.3500061035157 48.000000000000007 213.75000000000003 0.87834998965263378 92.500000000000014 0.60784998536109935 1021.5499877929689 1015.4500122070314 60.500000000000007 1.0000000180025095e-35 -2.8950001001358028 -1.0049999952316282 1020.3500061035157 1.0000000180025095e-35 1022.7500000000001 52.500000000000007 19.44999980926514 258.50000000000006 532.50000000000011 13.949999809265138 2.9500000476837163 757.08499145507824 19.94999980926514 1021.7500000000001
decision_type=2 2 2 2 2 2 2 2 2 2 2 2 2 2 2 2 2 2 2 2 2 2 2 2 2 2 2 2 2 2
left_child=3 12 5 18 27 26 7 8 -5 -10 24 21 13 -2 16 -16 -15 -8 -1 20 29 -6 23 -19 -7 28 -3 -4 -9 -20
right_child=1 2 4 6 11 10 17 25 9 -11 -12 -13 -14 14 15 -17 -18 22 19 -21 -22 -23 -24 -25 -26 -27 -28 -29 -30 -31
leaf_value=0.021281781650697849 0.027461136889041823 -0.14349276791016261 0.027461136889041823 0.021281781650697849 -0.0049652451170039778 0.027461136889041823 -0.014078690202501543 -0.075714501712536741 -0.014273520975792722 0.0056075465190161189 -0.014918061561185723 -0.0049652451170039778 0.027461136889041823 0.10037532313144988 0.10037532313144988 0.1965287220047181 0.046784539880690638 -0.050192618532969129 0.056868091283573043 0.13132308109266924 0.021281781650697849 -0.056509548536485169 0.021281781650697849 -0.1589819541147777 0.0022019035942816094 -0.014273520975792722 -0.039463706653051336 -0.0049652451170039778 -0.030165200531288801 0.16000935555231283
leaf_weight=73 135 30 226 1217 86 1291 385 128 2565 762 120 270 204 50 44 83 385 510 45 101 46 727 38 70 614 307 145 204 1489 41
leaf_count=73 135 30 226 1217 86 1291 385 128 2565 762 120 270 204 50 44 83 385 510 45 101 46 727 38 70 614 307 145 204 1489 41
internal_value=-0.00137014 0.0138587 0.00514188 -0.0104052 -0.0185454 0.0214323 -0.0131118 -0.00885221 -0.000889921 -0.0100667 0.0274611 -0.0364305 0.0497804 0.063842 0.0790983 0.139199 0.0615516 -0.0405802 0.0556753 0.0789753 0.0389212 -0.0488349 -0.05709 -0.0633224 0.0274611 -0.0276571 -0.0572973 0.0265001 -0.0337708 0.10604
internal_weight=12391 4614 3713 7777 1513 2200 7471 6468 4544 3327 2025 1083 901 697 562 127 435 1003 306 233 132 813 618 580 1905 1924 175 430 1617 86
internal_count=12391 4614 3713 7777 1513 2200 7471 6468 4544 3327 2025 1083 901 697 562 127 435 1003 306 233 132 813 618 580 1905 1924 175 430 1617 86
is_linear=0
shrinkage=0.05


Tree=58
num_leaves=31
num_cat=0
split_feature=18 10 2 1 11 7 24 7 3 14 24 6 24 0 0 1 6 7 4 4 4 11 24 24 6 7 23 18 1 20
split_gain=638.308 555.222 426.616 380.621 536.815 351.202 261.729 322.765 322.69 239.391 230.843 206.285 158.418 154.86 152.33 132.258 131.384 103.462 93.5722 84.7394 81.4656 58.9169 147.664 50.8508 50.7204 23.638 21.887 21.6011 20.827 15.6713
threshold=19.550000190734867 0.3793999999761582 5.0699999332427987 91.500000000000014 0.60784998536109935 1021.5499877929689 43.750000000000007 1024.4500122070315 230.50000000000003 48.000000000000007 571.25000000000011 517.50000000000011 441.25000000000006 20.349999427795414 20.349999427795414 83.500000000000014 37.500000000000007 1018.4500122070314 0.65500000119209301 1.0549999475479128 -1.1249999999999998 -0.60784998536109913 341.25000000000006 792.08499145507824 92.500000000000014 1016.1499938964845 63.500000000000007 22.150000572204593 80.500000000000014 10.750000000000002
decision_type=2 2 2 2 2 2 2 2 2 2 2 2 2 2 2 2 2 2 2 2 2 2 2 2 2 2 2 2 2 2
left_child=1 6 5 4 12 21 -1 9 20 10 -8 14 18 -11 24 -10 -7 -16 27 23 -9 22 -3 -4 -6 -5 -21 -2 -20 -18
right_child=3 2 19 25 11 16 7 8 15 13 -12 -13 -14 -15 17 -17 29 -19 28 26 -22 -23 -24 -25 -26 -27 -28 -29 -30 -31
leaf_value=0.017000421520745261 0.077507403457834245 0.017000421520745261 -0.010605633086245108 0.11257113539613783 0.1333097605404166 0.017000421520745261 0.00118294532250946 -0.016857831362048509 -0.090558873187927977 -0.063018259101833007 -0.015910422347077666 0.017000421520745261 0.017000421520745261 -0.020897947870219157 0.227369015255282 -0.26411236058110776 -0.0099354533740982371 0.13565164518649461 0.073083679063452617 -0.088499834751471496 -0.057388874618144542 0.017000421520745261 -0.0099354533740982371 -0.05237789353320621 0.084736356022266882 0.017000421520745261 -0.036966280479516299 0.12203504105408987 0.038640938145070164 0.0035324840733235116
leaf_weight=245 69 221 233 40 25 105 2806 216 21 251 1847 22 170 1671 62 23 786 61 45 78 291 1810 544 106 22 260 28 45 117 171
leaf_count=245 69 221 233 40 25 105 2806 216 21 251 1847 22 170 1671 62 23 786 61 45 78 291 1810 544 106 22 260 28 45 117 171
internal_value=-0.00120288 -0.00445056 0.0103429 0.0384514 0.0635619 0.015997 -0.0126431 -0.0146345 -0.0513934 -0.0115541 -0.00542227 0.133464 0.0334697 -0.0263986 0.152472 -0.18128 -0.00993545 0.181883 0.0602815 -0.0358679 -0.0401212 0.0170004 -0.0067303 -0.0236672 0.0847364 0.0170004 -0.0748872 0.0950841 0.0386409 -0.00993545
internal_weight=12391 11453 4082 938 638 3637 7371 7126 551 6575 4653 192 446 1922 170 44 1062 123 276 445 507 2575 765 339 47 300 106 114 162 957
internal_count=12391 11453 4082 938 638 3637 7371 7126 551 6575 4653 192 446 1922 170 44 1062 123 276 445 507 2575 765 339 47 300 106 114 162 957
is_linear=0
shrinkage=0.05


Tree=59
num_leaves=31
num_cat=0
split_feature=10 24 12 6 12 24 20 18 12 18 1 23 7 8 1 7 24 11 3 9 23 7 7 9 7 17 9 7 10 7
split_gain=589.034 547.558 383.675 370.413 279.623 469.461 373.54 250.709 252.994 248.18 230.858 213.585 213.312 248.216 284.159 208.926 355.499 264.748 309.751 305.363 175.412 171.751 166.099 165.627 159.863 97.8725 92.3531 88.3151 86.234 80.9525
threshold=0.78654998540878307 192.91500091552737 -0.56175000965595234 612.50000000000011 1.0000000180025095e-35 291.25000000000006 13.050000190734865 18.349999427795414 1.0000000180025095e-35 5.0499999523162851 91.500000000000014 56.500000000000007 1020.1499938964845 347.50000000000006 93.500000000000014 1019.2500000000001 32.915000915527351 1.0000000180025095e-35 245.50000000000003 0.91595000028610241 62.500000000000007 1016.0499877929689 1020.2500000000001 0.78654998540878307 1021.8500061035157 0.14050000160932544 -0.37939999997615809 1017.8500061035157 0.3793999999761582 1020.9500122070314
decision_type=2 2 2 2 2 2 2 2 2 2 2 2 2 2 2 2 2 2 2 2 2 2 2 2 2 2 2 2 2 2
left_child=1 2 15 4 6 20 9 25 -9 -2 11 -8 13 14 -3 17 -17 18 -1 -19 -6 -11 -10 29 -25 -4 -16 -22 -18 -14
right_child=3 12 7 -5 5 -7 10 8 22 21 -12 -13 23 -15 26 16 28 19 -20 -21 27 -23 -24 24 -26 -27 -28 -29 -30 -31
leaf_value=0.19728944032895762 0.0020591005851310572 0.00050056612374557447 0.00050056612374557447 -0.024325722268025415 0.049425597692949373 0.0020591005851310572 0.12021232767991963 0.02448536135004193 0.02448536135004193 0.021911763678322361 0.068392384114698404 0.29264482202984038 0.00047930170394018388 -0.021653581344379742 0.00050056612374557447 0.1201988103412665 0.00050056612374557447 0.00050056612374557447 0.068873395928291267 0.15327481762929396 0.10418150195957886 0.055563974200411703 0.12822593032448953 -0.0920029769614224 -0.030612074422380051 0.02448536135004193 -0.052858710340678294 0.2148168256506324 0.060349688232506041 -0.023917818616547244
leaf_weight=61 88 2663 1336 393 102 722 124 126 36 265 60 21 427 1849 50 65 150 84 204 33 25 723 112 162 307 118 332 32 52 1669
leaf_count=61 88 2663 1336 393 102 722 124 126 36 265 60 21 427 1849 50 65 150 84 204 33 25 723 112 162 307 118 332 32 52 1669
internal_value=-0.0010624 -0.00661855 0.0142793 0.0203271 0.0284439 0.00676112 0.0433561 0.00196847 0.0484702 0.031571 0.105214 0.145185 -0.0132782 -0.0071568 0.000500566 0.0470576 0.0131248 0.0707751 0.0984333 0.00813036 0.0886845 0.0417644 0.0975509 -0.0249577 -0.0518175 0.000500566 -0.0427445 0.158937 0.000500566 -0.0189476
internal_weight=12391 9836 2377 2555 2162 881 1281 1728 274 1076 205 145 7459 4894 3045 649 267 382 265 117 159 988 148 2565 469 1454 382 57 202 2096
internal_count=12391 9836 2377 2555 2162 881 1281 1728 274 1076 205 145 7459 4894 3045 649 267 382 265 117 159 988 148 2565 469 1454 382 57 202 2096
is_linear=0
shrinkage=0.05


Tree=60
num_leaves=31
num_cat=0
split_feature=10 7 2 24 23 6 12 18 9 18 7 14 24 17 12 11 4 0 3 5 7 11 7 7 7 21 11 20 9 7
split_gain=523.983 447.843 619.521 415.286 319.858 318.835 281.181 345.956 278.362 296.731 277.531 307.606 315.742 185.447 184.011 181.249 162.089 160.561 186.517 156.679 140.349 167.798 212.297 138.446 138.358 134.974 129.981 165.906 128.991 119.81
threshold=0.3793999999761582 1019.6499938964845 3.5449999570846562 43.750000000000007 58.500000000000007 42.500000000000007 1.0000000180025095e-35 6.4500000476837167 -0.37939999997615809 6.1499998569488534 1023.3500061035157 48.000000000000007 213.75000000000003 0.11150000244379045 1.0000000180025095e-35 0.87834998965263378 0.14500000327825549 20.849999427795414 306.50000000000006 -0.4549999982118606 1020.3500061035157 1.0000000180025095e-35 1022.7500000000001 1025.7500000000002 1026.1499633789065 10.949999809265138 0.60784998536109935 10.550000190734865 -1.0000000180025095e-35 1018.2500000000001
decision_type=2 2 2 2 2 2 2 2 2 2 2 2 2 2 2 2 2 2 2 2 2 2 2 2 2 2 2 2 2 2
left_child=3 2 4 20 25 16 7 23 -6 -10 11 12 -5 -9 -4 -14 -3 18 24 -18 -1 22 -22 -7 -12 -2 28 -28 -8 -27
right_child=1 5 14 10 8 6 26 13 9 -11 17 -13 15 -15 -16 -17 19 -19 -20 -21 21 -23 -24 -25 -26 29 27 -29 -30 -31
leaf_value=0.018306912366291627 0.025941927380718946 0.11144261171109976 0.014476231982511696 0.018306912366291627 0.061792339532478535 -0.022169881495376114 -0.018875149861273081 -0.010667306973597223 0.061792339532478535 0.18989561913268907 -0.041301231489739049 -0.024369846565770896 -0.01244369100914176 0.02311344439164047 -0.027023564172389953 0.0048789562529548657 0.12508782671862526 -0.019073347640453465 -0.18676106615198984 0.02311344439164047 0.098896546926089512 0.11844299502744533 0.018306912366291627 -0.10581906297758444 -0.14421317660146291 0.061792339532478535 -0.034473873157740427 0.02311344439164047 -0.069120557338971156 0.039901666901492078
leaf_weight=73 379 80 825 1217 228 189 223 277 50 105 352 1924 2565 522 395 762 38 588 27 72 86 101 46 67 36 364 228 120 299 153
leaf_count=73 379 80 825 1217 228 189 223 277 50 105 352 1924 2565 522 395 762 38 588 27 72 86 101 46 67 36 364 228 120 299 153
internal_value=-0.00114962 0.0121992 0.0265299 -0.00906932 0.050844 -0.00473334 -0.0108323 0.0065209 0.0890884 0.141358 -0.0114077 -0.00761275 -0.000517535 0.0227278 0.00103982 -0.008549 0.0570592 -0.0358797 -0.0596922 0.0231134 0.0480215 0.0699352 0.0328194 -0.0440624 -0.0508498 0.0344963 -0.0318757 -0.00820579 -0.0476556 0.0538614
internal_weight=12391 4614 2499 7777 1279 2115 1925 1055 383 155 7471 6468 4544 799 1220 3327 190 1003 415 110 306 233 132 256 388 896 870 348 522 517
internal_count=12391 4614 2499 7777 1279 2115 1925 1055 383 155 7471 6468 4544 799 1220 3327 190 1003 415 110 306 233 132 256 388 896 870 348 522 517
is_linear=0
shrinkage=0.05


Tree=61
num_leaves=31
num_cat=0
split_feature=10 24 18 12 14 18 11 7 11 24 7 3 0 1 7 3 11 24 5 2 12 8 2 5 7 18 0 10 15 0
split_gain=479.723 509.322 392.291 391.121 410.845 311.184 258.763 323.841 249.526 215.129 250.738 221.844 198.504 197.493 185.229 181.34 161.503 154.35 147.447 145.416 144.79 138.117 124.245 119.908 144.799 112.204 103.801 97.7164 94.2555 89.4351
threshold=1.0000000180025095e-35 303.75000000000006 20.650000572204593 1.0000000180025095e-35 48.000000000000007 5.1499998569488534 1.0000000180025095e-35 1016.1499938964845 0.87834998965263378 37.915000915527351 1024.6499633789065 230.50000000000003 21.150000572204593 92.500000000000014 1016.9500122070314 174.50000000000003 0.60784998536109935 213.75000000000003 0.86500000953674328 4.6250000000000009 1.0000000180025095e-35 269.50000000000006 5.1549999713897714 -2.2949999570846553 1015.2500000000001 2.6499999761581425 22.050000190734867 -0.6035499870777129 1.435000002384186 22.94999980926514
decision_type=2 2 2 2 2 2 2 2 2 2 2 2 2 2 2 2 2 2 2 2 2 2 2 2 2 2 2 2 2 2
left_child=2 6 9 5 19 25 23 -8 14 -1 17 -12 -10 22 -9 28 18 26 -6 -5 -17 -13 -7 24 -2 -3 -11 -19 -4 -25
right_child=1 3 15 4 16 13 7 8 12 10 11 21 -14 -15 -16 20 -18 27 -20 -21 -22 -23 -24 29 -26 -27 -28 -29 -30 -31
leaf_value=0.020746433577552882 0.020383048963255448 -0.13198524815616783 0.069975162568417459 0.020383048963255448 -0.030846146331654525 0.020383048963255448 0.23199177426951276 0.020383048963255448 0.020383048963255448 -0.0074758674044620782 -0.038544492461531459 -0.24144149403209272 0.1541063084772655 -0.0074643522914946917 0.094021471934273654 0.020746433577552882 -0.0082195593410163189 -0.0085550500609071871 -0.07506736449169038 -0.0082195593410163189 0.11661154940014794 -0.061782683283090591 -0.0074643522914946917 0.020383048963255448 0.11437539903322856 -0.024934101154101759 0.0033337573586504688 -0.023811083130964712 0.21473710783149885 0.099050070952486122
leaf_weight=167 85 27 22 418 647 1970 28 29 80 1088 413 23 35 169 312 144 270 2032 266 201 42 20 242 481 75 262 595 2171 23 54
leaf_count=167 85 27 22 418 647 1970 28 29 80 1088 413 23 35 169 312 144 270 2032 266 201 42 20 242 481 75 262 595 2171 23 54
internal_value=-0.00112487 0.00961945 -0.0101332 0.00191202 -0.0160872 0.0140598 0.0388541 0.0669414 0.0568067 -0.0124057 -0.0140789 -0.0497976 0.020383 0.0200067 0.080412 0.0538985 -0.0333569 -0.0113117 -0.0437299 0.0169177 0.0321083 -0.157879 0.020383 0.020383 0.0637272 -0.0349354 0.0014836 -0.0164353 0.143965 0.020383
internal_weight=12391 5651 6740 4472 1802 2670 1179 484 456 6509 6342 456 115 2381 341 231 1183 5886 913 619 186 43 2212 695 160 289 1683 4203 45 535
internal_count=12391 5651 6740 4472 1802 2670 1179 484 456 6509 6342 456 115 2381 341 231 1183 5886 913 619 186 43 2212 695 160 289 1683 4203 45 535
is_linear=0
shrinkage=0.05


Tree=62
num_leaves=31
num_cat=0
split_feature=10 24 7 1 6 7 7 11 1 9 18 7 2 20 23 24 18 12 21 4 10 24 10 11 0 4 5 12 20 7
split_gain=454.41 403.402 314.986 465.219 298.716 397.979 258.409 288.869 359.432 244.72 225.575 183.564 182.116 182.113 160.352 150.106 134.426 132.719 219.05 223.582 128.286 125.692 124.059 116.76 107.747 91.8862 88.1857 90.6524 83.3714 77.7974
threshold=0.78654998540878307 111.25000000000001 1016.4500122070314 95.500000000000014 472.50000000000006 1019.5499877929689 1020.8500061035157 -0.60784998536109913 94.500000000000014 1.0000000180025095e-35 19.650000572204593 1014.5499877929689 5.2349998950958261 14.550000190734865 65.500000000000014 32.915000915527351 16.750000000000004 1.0000000180025095e-35 14.050000190734865 -1.1549999713897703 -1.0000000180025095e-35 222.91500091552737 -0.91595000028610218 0.60784998536109935 22.150000572204593 0.86500000953674328 -0.70499998331069935 -0.56175000965595234 9.8499999046325701 1017.5499877929689
decision_type=2 2 2 2 2 2 2 2 2 2 2 2 2 2 2 2 2 2 2 2 2 2 2 2 2 2 2 2 2 2
left_child=1 2 3 -1 5 9 7 13 12 11 15 -2 -9 25 -13 -4 -6 18 -7 -20 -5 29 -10 -12 26 -3 28 -28 -8 -11
right_child=4 6 10 20 16 17 24 8 22 21 23 14 -14 -15 -16 -17 -18 -19 19 -21 -22 -23 -24 -25 -26 -27 27 -29 -30 -31
leaf_value=0.0046850254534465639 0.019049903092164439 -0.034271577670207748 0.032891873717871709 0.10921384574129032 -0.018806410689861087 0.012018005538067667 -0.096980667159873621 0.0046850254534465639 -0.17451833248138429 0.042904981741349629 0.036871757304322898 0.079434487289852571 -0.021249609524670962 0.0046850254534465639 0.16514672948555514 0.0046850254534465639 0.012018005538067667 0.012018005538067667 0.22814223143187437 0.059816508144335291 0.22584167847762238 0.012018005538067667 -0.044883987259910794 0.12418025265324791 -0.01177490489974875 -0.011649328458549256 -0.050669814859238375 -0.022574893812236995 -0.031592831108719112 0.12559659415628852
leaf_weight=53 103 1270 136 65 652 222 98 3356 20 49 138 315 690 242 66 878 220 449 22 191 37 225 239 53 1015 305 331 813 97 41
leaf_count=53 103 1270 136 65 652 222 98 3356 20 49 138 315 690 242 66 878 220 449 22 191 37 225 239 53 1015 305 331 813 97 41
internal_value=-0.00104625 -0.00592633 0.0193524 0.0864449 0.0177406 0.0300467 -0.00998239 -0.0045688 0.0024873 0.0559485 0.0107223 0.0782721 0.00468503 -0.0212868 0.0942823 0.00468503 -0.00601069 0.012018 0.0406821 0.0772023 0.15152 0.0216481 -0.0548944 0.0610987 -0.0240614 -0.0279837 -0.0333749 -0.0280772 -0.0644544 0.073792
internal_weight=12391 9836 1360 155 2555 1683 8476 6122 4305 799 1205 484 4046 1817 381 1014 872 884 435 213 102 315 259 191 2354 1575 1339 1144 195 90
internal_count=12391 9836 1360 155 2555 1683 8476 6122 4305 799 1205 484 4046 1817 381 1014 872 884 435 213 102 315 259 191 2354 1575 1339 1144 195 90
is_linear=0
shrinkage=0.05


Tree=63
num_leaves=31
num_cat=0
split_feature=11 7 2 11 1 11 24 7 10 18 17 20 7 7 1 9 8 0 0 18 20 20 6 3 3 12 0 24 21 0
split_gain=420.644 774.248 636.138 665.605 509.969 432.843 430.515 284.297 257.793 223.701 211.931 198.82 198.53 197.173 241.134 210.356 187.289 268.581 171.67 199.131 171.099 158.855 167.345 154.85 153.847 133.629 112.139 77.2558 37.4019 34.9659
threshold=-0.60784998536109913 1021.6499938964845 3.5149999856948857 -1.0000000180025095e-35 97.500000000000014 0.60784998536109935 32.915000915527351 1016.5499877929689 0.98295000195503246 3.5499999523162846 0.11150000244379045 14.550000190734865 1022.2500000000001 1016.1499938964845 63.500000000000007 0.60354998707771312 497.50000000000006 20.650000572204593 21.550000190734867 7.1499998569488534 10.949999809265138 10.750000000000002 582.50000000000011 189.50000000000003 346.50000000000006 1.0000000180025095e-35 17.349999427795414 350.41499328613287 10.150000095367433 21.650000572204593
decision_type=2 2 2 2 2 2 2 2 2 2 2 2 2 2 2 2 2 2 2 2 2 2 2 2 2 2 2 2 2 2
left_child=8 2 3 9 6 -5 -3 -7 11 -2 -11 12 18 14 -13 -16 17 24 19 -1 29 26 -23 -20 -4 -19 -8 -18 -14 -10
right_child=1 4 16 5 -6 7 21 -9 20 10 -12 13 28 -15 15 -17 27 25 23 -21 -22 22 -24 -25 -26 -27 -28 -29 -30 -31
leaf_value=-0.11322707211850987 0.012005869035443449 0.10508375108242035 -0.01467455218974636 0.012005869035443449 -0.21497940827499737 0.098681005291157989 -0.10944601907616569 0.032375367056333058 -0.023040096762199556 0.047624248156087318 0.10609700627295922 -0.0047602119748048084 -0.043360345051667401 -0.0047602119748048084 0.12882078841482242 0.016457439173166066 0.012005869035443449 0.012005869035443449 -0.03032971961127098 -0.039241889178972797 0.15824628297624918 0.031103179674489764 -0.013757555034017233 -0.0047602119748048084 -0.086796958460518631 -0.010995300507321216 -0.02669156877127872 -0.029048202598926889 -0.0047602119748048084 0.039092679414898163
leaf_weight=108 42 70 276 1642 33 188 42 1154 31 218 375 67 107 178 97 73 91 1197 1295 576 29 275 323 397 101 545 1617 746 414 84
leaf_count=108 42 70 276 1642 33 188 42 1154 31 218 375 67 107 178 97 73 91 1197 1295 576 29 275 323 397 101 545 1617 746 414 84
internal_value=-0.000965321 0.00476414 0.0135822 0.027638 -0.019803 0.0177462 -0.0170351 0.0416641 -0.015778 0.0741212 0.0832426 -0.0186255 -0.0232621 0.0137417 0.0470018 0.0805706 -0.00362622 0.00428368 -0.0297857 -0.0509238 0.0497131 -0.0208226 0.00127151 -0.0212405 -0.0339965 0.0120059 -0.0287866 -0.0236514 -0.00476021 0.0223438
internal_weight=12391 8935 6575 3619 2360 2984 2327 1342 3456 635 593 3312 2897 415 237 170 2956 2119 2376 684 144 2257 598 1692 377 1742 1659 837 521 115
internal_count=12391 8935 6575 3619 2360 2984 2327 1342 3456 635 593 3312 2897 415 237 170 2956 2119 2376 684 144 2257 598 1692 377 1742 1659 837 521 115
is_linear=0
shrinkage=0.05


Tree=64
num_leaves=31
num_cat=0
split_feature=10 7 2 6 18 5 11 23 4 8 24 7 3 0 3 4 20 23 12 2 7 24 5 12 1 2 11 15 1 18
split_gain=380.757 401.849 638.605 377.966 320.528 287.398 199.207 242.012 237.314 197.741 179.277 204.419 203.181 173.32 166.229 150.867 149.807 267.967 259.62 145.978 131.97 135.596 128.162 120.126 118.756 118.145 109.885 84.3768 72.6859 66.4555
threshold=1.0000000180025095e-35 1019.6499938964845 3.4850000143051152 32.500000000000007 20.650000572204593 -2.7350000143051143 -0.60784998536109913 65.500000000000014 1.4550000429153445 2.5000000000000004 37.915000915527351 1024.4500122070315 230.50000000000003 21.750000000000004 174.50000000000003 0.14500000327825549 10.550000190734865 46.500000000000007 -0.56175000965595234 5.2650001049041757 1014.4500122070314 599.58499145507824 -0.35500000417232508 1.0000000180025095e-35 82.500000000000014 1.8199999928474428 1.0000000180025095e-35 1.435000002384186 92.500000000000014 21.000000000000004
decision_type=2 2 2 2 2 2 2 2 2 2 2 2 2 2 2 2 2 2 2 2 2 2 2 2 2 2 2 2 2 2
left_child=4 2 6 15 10 -5 8 13 -2 -9 -1 20 -13 -8 27 -3 17 -7 -18 26 25 -22 -17 -16 -14 -12 -4 -6 -28 -25
right_child=1 3 19 5 14 16 7 9 -10 -11 11 12 24 -15 23 22 18 -19 -20 -21 21 -23 -24 29 -26 -27 28 -29 -30 -31
leaf_value=0.018942066765338866 0.020849598842807945 0.13220818061692019 -0.0051043715431825006 0.029870170008595483 0.065135827728293169 -0.062299297842247872 0.023964708456750694 0.16074692317274181 0.16528338974919812 0.073156442450157316 0.0031914808808843746 -0.033068721340852307 -0.055366527289152145 0.06900077236435545 0.018942066765338866 0.12994080348871648 0.029870170008595483 -0.013764487535788811 -0.013764487535788811 -0.027055172138563774 -0.0015762423565299664 -0.019516431857942679 0.029870170008595483 0.042750895826057317 -0.22033606118833027 -0.036661131375455867 0.020849598842807945 0.20210171225278276 -0.0099067164725962064 0.16853938840684438
leaf_weight=167 445 60 741 202 22 390 493 89 29 125 84 478 20 377 144 32 197 929 599 417 3542 1499 55 21 24 695 424 23 47 21
leaf_count=167 445 60 741 202 22 390 493 89 29 125 84 478 20 377 144 32 197 929 599 417 3542 1499 55 21 24 695 424 23 47 21
internal_value=-0.00094506 0.00862707 0.0203509 -0.00653678 -0.00897059 -0.0114693 0.043237 0.0551975 0.0208496 0.102833 -0.0110247 -0.0125591 -0.042533 0.0434803 0.0489088 0.0712097 -0.0171605 -0.027498 -3.09313e-05 -0.00153776 -0.00987072 -0.00691097 0.0298702 0.0280463 -0.14535 -0.0290236 0.00724174 0.135141 0.0208496 0.105645
internal_weight=12391 5651 3187 2464 6740 2317 1558 1084 474 214 6509 6342 522 870 231 147 2115 1319 796 1629 5820 5041 87 186 44 779 1212 45 471 42
internal_count=12391 5651 3187 2464 6740 2317 1558 1084 474 214 6509 6342 522 870 231 147 2115 1319 796 1629 5820 5041 87 186 44 779 1212 45 471 42
is_linear=0
shrinkage=0.05


Tree=65
num_leaves=27
num_cat=0
split_feature=18 10 24 12 9 11 12 1 24 18 5 7 12 9 14 11 1 18 3 17 23 18 20 7 7 0
split_gain=361.87 325.116 377.962 288.429 361.182 580.111 269.938 237.609 237.488 237.071 159.298 146.391 158.03 139.468 210.786 135.889 132.533 102.556 98.8853 92.1131 83.9112 98.994 64.8705 52.7436 34.3411 11.4936
threshold=25.10000038146973 1.0000000180025095e-35 307.91499328613287 1.0000000180025095e-35 -1.0000000180025095e-35 -1.0000000180025095e-35 0.81174999475479137 91.500000000000014 43.750000000000007 5.1499998569488534 -0.25499999523162836 1023.7500000000001 0.81174999475479137 -0.6035499870777129 48.000000000000007 0.87834998965263378 92.500000000000014 2.6499999761581425 124.50000000000001 0.10750000178813936 44.500000000000007 17.750000000000004 18.150000572204593 1024.4500122070315 1019.0499877929689 22.94999980926514
decision_type=2 2 2 2 2 2 2 2 2 2 2 2 2 2 2 2 2 2 2 2 2 2 2 2 2 2
left_child=1 8 10 9 5 -5 -6 15 19 17 20 13 18 22 -15 -2 -11 -4 -13 -1 21 -3 -10 -14 -17 -12
right_child=7 2 3 4 6 -7 -8 -9 11 16 25 12 23 14 -16 24 -18 -19 -20 -21 -22 -23 -24 -25 -26 -27
leaf_value=0.012456502427166286 0.039693384350714865 0.016440048068909533 -0.12437395381706734 -0.050715620556891543 -0.020200229077147754 0.016440048068909533 -0.084266780039303046 0.039693384350714865 -0.02148510188758438 0.016440048068909533 0.016440048068909533 0.00075431449554636757 -0.06022380345634052 0.0047046254528757998 -0.021047346097260135 0.21546590905035698 -0.0075753176653386538 -0.022029048661907552 -0.039068662731254755 0.039693384350714865 0.039693384350714865 0.028145837007762145 0.012456502427166286 -0.16587735723566127 0.1397699087344367 0.039693384350714865
leaf_weight=63 21 240 27 360 484 702 249 52 1800 2164 306 233 21 2683 1129 31 143 262 471 215 364 220 56 27 29 39
leaf_count=63 21 240 27 360 484 702 249 52 1800 2164 306 233 21 2683 1129 31 143 262 471 215 364 220 56 27 29 39
internal_value=-0.00087703 -0.00176707 0.00717039 0.000443997 -0.0149669 0.00366645 -0.0419636 0.0811538 -0.00918604 0.0110998 0.0324361 -0.0111452 -0.0318736 -0.00839508 -0.00292234 0.140471 0.01644 -0.0315907 -0.0258886 0.0360582 0.0396934 0.0165983 -0.0196355 -0.119654 0.17888 0.01644
internal_weight=12391 12258 5560 4391 1795 1062 733 133 6698 2596 1169 6420 752 5668 3812 81 2307 289 704 278 824 460 1856 48 60 345
internal_count=12391 12258 5560 4391 1795 1062 733 133 6698 2596 1169 6420 752 5668 3812 81 2307 289 704 278 824 460 1856 48 60 345
is_linear=0
shrinkage=0.05


Tree=66
num_leaves=31
num_cat=0
split_feature=10 7 7 24 20 6 1 8 6 11 12 20 1 11 18 4 24 18 3 7 4 18 7 4 4 1 2 18 23 10
split_gain=337.494 308.956 291.261 462.906 393.059 355.19 289.424 238.345 234.252 221.784 261.397 324.507 204.416 203.288 168.969 150.131 148.334 147.149 146.611 110.971 109.077 100.8 89.4156 79.0592 51.1512 44.6756 29.1652 10.7804 9.58115 5.4919
threshold=0.78654998540878307 1027.7500000000002 1022.9500122070314 167.91500091552737 9.2500000000000018 27.500000000000004 97.500000000000014 1.0000000180025095e-35 612.50000000000011 1.0000000180025095e-35 1.0000000180025095e-35 13.050000190734865 94.500000000000014 -0.60784998536109913 5.0499999523162851 1.075000047683716 384.58500671386724 7.5499999523162851 328.50000000000006 1016.6499938964845 0.14500000327825549 15.550000190734865 1016.4500122070314 1.2749999761581423 1.3049999475479128 83.500000000000014 4.5150001049041757 13.550000190734865 42.500000000000007 0.91595000028610241
decision_type=2 2 2 2 2 2 2 2 2 2 2 2 2 2 2 2 2 2 2 2 2 2 2 2 2 2 2 2 2 2
left_child=1 2 3 4 22 20 18 -6 9 10 11 17 13 -5 -11 -14 23 -2 -7 -13 -4 -18 -1 -16 26 27 -10 -26 -28 -27
right_child=8 -3 5 12 7 6 -8 -9 24 14 -12 19 15 -15 16 -17 21 -19 -20 -21 -22 -23 -24 -25 25 29 28 -29 -30 -31
leaf_value=0.026308824676924338 0.00091155321231260614 0.17808285381482997 0.19486274361610412 -0.019314829401297268 0.069707198381010027 -0.023876808691455267 -0.21397318031106677 0.026308824676924338 0.00091155321231260614 0.00091155321231260614 0.00091155321231260614 0.17314587837579298 -0.05991109043878854 0.00061393441291618953 0.06813310725095717 0.0044325250051121491 0.024860389252273518 0.036320709796618326 -0.10497116722680372 0.070834872455614803 0.046013219968881462 0.056139895723569935 0.007091697615327225 0.14671935636638286 -0.035228023537331156 -0.050967561143139994 -0.03919893652200699 -0.00061850940187772126 -0.012944988060962288 -0.080161263930554297
leaf_weight=163 108 23 20 1817 495 1427 21 416 125 96 599 49 305 4327 237 129 355 457 58 42 32 182 603 37 45 24 64 45 41 49
leaf_count=163 108 23 20 1817 495 1427 21 416 125 96 599 49 305 4327 237 129 355 457 58 42 32 182 603 37 45 24 64 45 41 49
internal_value=-0.000751603 -0.00495728 -0.0053863 -0.00164403 0.0218057 -0.0252146 -0.0296507 0.045526 0.015439 0.0218939 0.00827975 0.0340784 -0.00762232 -0.00527971 0.0407315 -0.0407859 0.0488092 0.0199652 -0.0270441 0.121705 0.103263 0.0335347 0.0070917 0.0787451 -0.0200708 -0.0414983 -0.00488517 -0.0179233 -0.0268015 -0.0705633
internal_weight=12391 9836 9813 8255 1677 1558 1506 911 2555 2162 1255 656 6578 6144 907 434 811 565 1485 91 52 537 766 274 393 163 230 90 105 73
internal_count=12391 9836 9813 8255 1677 1558 1506 911 2555 2162 1255 656 6578 6144 907 434 811 565 1485 91 52 537 766 274 393 163 230 90 105 73
is_linear=0
shrinkage=0.05


Tree=67
num_leaves=31
num_cat=0
split_feature=11 7 18 1 2 11 11 8 24 10 17 20 7 7 1 9 0 18 20 20 6 3 0 24 18 5 4 23 11 3
split_gain=313.425 592.637 484.686 427.845 380.272 639.268 387.801 367.033 348.474 213.926 207.16 155.833 177.172 166.588 206.008 183.423 163.19 176.908 144.922 129.547 142.451 128.754 98.2918 71.3055 55.3443 51.2347 46.8623 33.4833 27.8397 24.8219
threshold=-0.60784998536109913 1021.6499938964845 3.8500000238418584 97.500000000000014 3.5149999856948857 -1.0000000180025095e-35 0.60784998536109935 39.500000000000007 32.915000915527351 0.98295000195503246 0.10050000250339509 14.550000190734865 1022.2500000000001 1016.1499938964845 63.500000000000007 0.3793999999761582 21.550000190734867 7.1499998569488534 10.949999809265138 10.750000000000002 582.50000000000011 189.50000000000003 17.349999427795414 327.91499328613287 1.5500000119209292 -1.5349999666213987 0.95499998331069957 56.500000000000007 -0.87834998965263356 276.50000000000006
decision_type=2 2 2 2 2 2 2 2 2 2 2 2 2 2 2 2 2 2 2 2 2 2 2 2 2 2 2 2 2 2
left_child=9 2 7 8 5 10 -7 26 29 11 -4 12 16 14 -13 -16 17 -1 27 22 -21 -18 -10 -6 -9 -26 -2 28 -11 -3
right_child=1 3 4 -5 23 6 -8 24 19 18 -12 13 -14 -15 15 -17 21 -19 -20 20 -22 -23 -24 -25 25 -27 -28 -29 -30 -31
leaf_value=-0.10596628364378208 -0.16881265729665756 0.13039188436393082 0.015289485759774974 -0.19618570759440915 0.015289485759774974 0.015289485759774974 0.043483445985211609 -0.050490611639839637 -0.10099384862752188 0.033213146767091188 0.086736304496425568 -0.003971205908395027 -0.003971205908395027 -0.003971205908395027 0.1244855363810943 0.020547751041992413 -0.026706075539124071 -0.036231705282342673 0.14589318242566338 0.029270850857381115 -0.01190636449562959 -0.003971205908395027 -0.023516966369497735 0.00056397987847401081 -0.017267800378501057 0.00056397987847401081 -0.075075406827963889 0.065229610326669879 -0.024356397702580409 0.069948992178570937
leaf_weight=108 40 29 52 33 201 1428 1257 81 42 42 527 67 521 178 88 82 1295 576 29 275 323 397 1617 1918 623 428 20 31 42 41
leaf_count=108 40 29 52 33 201 1428 1257 81 42 42 527 67 521 178 88 82 1295 576 29 275 323 397 1617 1918 623 428 20 31 42 41
internal_value=-0.000866223 0.00407942 0.0117942 -0.0174142 0.0181824 0.0288901 0.0186146 -0.0170545 -0.014879 -0.0136525 0.0765408 -0.0162464 -0.0203513 0.0124089 0.0432208 0.0743508 -0.026633 -0.0472424 0.046007 -0.0182865 0.00166568 -0.0183016 -0.0254784 0.00168886 -0.0106669 -0.00759769 -0.137567 0.0208183 0.00442837 0.0949896
internal_weight=12391 8935 6575 2360 5383 3264 2685 1192 2327 3456 579 3312 2897 415 237 170 2376 684 144 2257 598 1692 1659 2119 1132 1051 60 115 84 70
internal_count=12391 8935 6575 2360 5383 3264 2685 1192 2327 3456 579 3312 2897 415 237 170 2376 684 144 2257 598 1692 1659 2119 1132 1051 60 115 84 70
is_linear=0
shrinkage=0.05


Tree=68
num_leaves=26
num_cat=0
split_feature=18 10 7 2 6 1 24 5 21 7 24 12 3 4 11 7 2 6 5 7 7 4 7 21 11
split_gain=296.386 273.036 321.775 492.601 264.761 215.647 190.035 170.383 120.305 120.281 145.572 144.538 132.494 131.227 117.504 110.81 110.712 80.292 76.5346 64.7097 42.2821 37.3382 28.9153 21.1876 19.9674
threshold=25.10000038146973 1.0000000180025095e-35 1019.6499938964845 3.5449999570846562 32.500000000000007 91.500000000000014 37.915000915527351 -2.195000052452087 18.44999980926514 1023.3500061035157 107.08499908447267 0.81174999475479137 124.50000000000001 1.1449999809265139 0.87834998965263378 1014.2500000000001 4.9049999713897714 442.50000000000006 -0.5349999964237212 1024.4500122070315 1020.4500122070314 1.8750000000000002 1019.0499877929689 9.4499998092651385 1.0000000180025095e-35
decision_type=2 2 2 2 2 2 2 2 2 2 2 2 2 2 2 2 2 2 2 2 2 2 2 2 2
left_child=1 6 3 15 -4 14 20 24 -9 10 18 12 -11 -12 -2 -3 17 -5 -8 -13 -1 -18 -16 -17 -6
right_child=5 2 4 16 7 -7 9 8 -10 11 13 19 -14 -15 22 23 21 -19 -20 -21 -22 -23 -24 -25 -26
leaf_value=0.012919873652128551 0.035793221664125095 0.016523737373590638 0.035793221664125095 0.016523737373590638 -0.014031442708801479 0.035793221664125095 0.012919873652128551 -0.021940908754783522 0.012074529206984652 0.0085571697167351954 -0.014384384887833605 -0.058754569338634613 -0.034107921018261954 0.0012815157891131641 0.19975734026201311 0.016523737373590638 -0.014236810854013496 -0.0056116194859029698 0.0012815157891131641 -0.15416257822955098 0.035793221664125095 -0.04957416906214223 0.1302981307280475 0.035793221664125095 0.012074529206984652
leaf_weight=39 21 238 144 403 128 52 508 1742 212 266 4013 52 576 836 31 293 531 545 236 27 145 87 29 1028 209
leaf_count=39 21 238 144 403 128 52 508 1742 212 266 4013 52 576 836 31 293 531 545 236 27 145 87 29 1028 209
internal_value=-0.000923321 -0.00172881 0.0064616 0.0170794 -0.00716489 0.0733153 -0.00852766 -0.0116442 -0.0175497 -0.00995347 -0.00719638 -0.0266966 -0.0206294 -0.0103568 0.13049 0.0357932 -0.00274575 0.00798825 0.0129199 -0.0913624 0.0357932 -0.0192115 0.166185 0.0357932 0.0120745
internal_weight=12391 12258 5560 3125 2435 133 6698 2291 1954 6514 5593 921 842 4849 81 1559 1566 948 744 79 184 618 60 1321 337
internal_count=12391 12258 5560 3125 2435 133 6698 2291 1954 6514 5593 921 842 4849 81 1559 1566 948 744 79 184 618 60 1321 337
is_linear=0
shrinkage=0.05


Tree=69
num_leaves=31
num_cat=0
split_feature=11 18 5 12 24 20 7 1 10 5 1 10 7 0 18 20 7 0 9 4 6 18 5 3 18 1 4 11 18 0
split_gain=281.578 336.149 306.373 365.19 533.956 384.678 304.877 778.184 292.26 271.861 233.371 222.386 229.276 207.046 499.586 190.98 190.834 177.01 566.68 312.989 274.373 175.733 147.111 139.254 138.592 131.823 130.84 128.52 302.996 127.949
threshold=0.60784998536109935 4.2500000000000009 1.0000000180025095e-35 -0.56175000965595234 410.41499328613287 14.34999990463257 1016.5499877929689 89.500000000000014 1.0000000180025095e-35 2.0449999570846562 97.500000000000014 0.91595000028610241 1018.4500122070314 21.349999427795414 5.3500001430511483 10.449999809265138 1016.6499938964845 22.150000572204593 0.60354998707771312 0.70499998331069957 747.50000000000011 15.550000190734865 -2.9350000619888301 332.50000000000006 4.9500000476837167 90.500000000000014 -0.28499999642372126 0.87834998965263378 12.750000000000002 21.050000190734867
decision_type=2 2 2 2 2 2 2 2 2 2 2 2 2 2 2 2 2 2 2 2 2 2 2 2 2 2 2 2 2 2
left_child=2 23 3 4 8 13 7 9 10 21 -1 27 22 14 -5 -6 -15 -4 19 -19 -21 -3 -13 -2 -10 -7 -14 28 -8 -27
right_child=1 6 17 5 15 25 11 -9 24 -11 -12 12 26 16 -16 -17 -18 18 -20 20 -22 -23 -24 -25 -26 29 -28 -29 -30 -31
leaf_value=0.019499312518561088 -0.011005292508557354 0.0028657184117172499 -0.026847098877341321 -0.16903920037977732 -0.014838641876639139 0.020540722611633852 0.0031100524906988013 0.16770083536433072 0.019499312518561088 0.1046147454427938 0.15771411368923804 0.015698910380403202 0.085488731370887902 -0.022175484957377391 -0.026058269906681555 0.019499312518561088 0.0089160387139722696 -0.015277216833331464 0.10421813597370472 0.071040729207522954 -0.015277216833331464 0.15509598255157472 0.16182617821165773 -0.11416400034966714 0.088019288055830397 0.0089160387139722696 0.005482613635698551 0.0028657184117172499 0.066787885696093521 0.12916889312814495
leaf_weight=637 865 231 1987 67 1058 343 622 119 33 73 31 24 69 1047 693 320 865 961 112 198 144 20 61 34 353 25 197 874 267 61
leaf_count=637 865 231 1987 67 1058 343 622 119 33 73 31 24 69 1047 693 320 865 961 112 198 144 20 61 34 353 25 197 874 267 61
internal_value=-0.000727296 0.011392 -0.00541495 0.00184502 0.01635 -0.00953073 0.0206382 0.0583535 0.0431383 0.018192 0.0231241 0.0127347 0.0490797 -0.016587 -0.0386632 -0.00413972 -0.00781202 -0.0172225 -0.00370733 -0.0129841 0.0327641 0.00286572 0.120567 -0.0149067 0.0777744 0.0344191 0.0262361 0.00549872 0.0222349 0.0897714
internal_weight=12391 3456 8935 5533 2432 3101 2557 443 1054 324 668 2114 351 2672 760 1378 1912 3402 1415 1303 342 251 85 899 386 429 266 1763 889 86
internal_count=12391 3456 8935 5533 2432 3101 2557 443 1054 324 668 2114 351 2672 760 1378 1912 3402 1415 1303 342 251 85 899 386 429 266 1763 889 86
is_linear=0
shrinkage=0.05


Tree=70
num_leaves=31
num_cat=0
split_feature=10 7 12 9 6 24 11 7 24 7 1 1 24 18 23 24 20 7 7 4 18 11 18 3 1 7 24 1 0 18
split_gain=266.956 269.901 257.061 844.06 303.193 242.75 227.901 413.947 352.184 355.629 307.424 264.867 238.088 182.062 210.553 143.131 121.804 137.446 121.271 113.094 105.679 104.648 79.3435 62.9429 38.1961 34.3958 34.0468 26.0679 23.8622 15.4156
threshold=0.91595000028610241 1027.7500000000002 0.81174999475479137 -1.0000000180025095e-35 472.50000000000006 523.75000000000011 -0.60784998536109913 1021.6499938964845 102.91500091552736 1016.5499877929689 97.500000000000014 93.500000000000014 32.915000915527351 7.1499998569488534 59.500000000000007 32.915000915527351 14.550000190734865 1022.3500061035157 1024.1499633789065 1.044999957084656 16.750000000000004 -0.87834998965263356 19.94999980926514 206.50000000000003 89.500000000000014 1012.3500061035157 802.91500854492199 85.500000000000014 21.849999427795414 9.2500000000000018
decision_type=2 2 2 2 2 2 2 2 2 2 2 2 2 2 2 2 2 2 2 2 2 2 2 2 2 2 2 2 2 2
left_child=1 6 4 5 13 -4 15 8 9 -8 12 -10 -9 -2 18 19 17 -17 -15 -1 25 -18 24 -16 29 -6 -7 -27 -22 -5
right_child=2 -3 3 22 20 26 7 10 11 -11 -12 -13 -14 14 23 16 21 -19 -20 -21 28 -23 -24 -25 -26 27 -28 -29 -30 -31
leaf_value=0.027008924677554037 0.019960957327682341 0.16752238999242369 0.22645965019861858 -0.12959468771771687 -0.084614169597625744 0.085445107221603395 0.1372943562882788 0.078198675252497199 0.0061837448635895555 0.027636119860538422 -0.17793144280711812 -0.036571280743477735 -0.019849361162839082 0.040082462889952014 0.090953813098937145 -0.026614798332118529 -0.005675835295021605 -0.005675835295021605 0.090953813098937145 0.14464055476365265 -0.00054121394931535974 0.027008924677554037 -0.026191732327320746 0.162512201666832 -0.18099361317498344 -0.0071670096097775152 -0.0020792856514453887 -0.038196200322397428 0.019960957327682341 -0.088929458955923718
leaf_weight=20 180 23 27 41 20 20 85 64 4771 568 30 392 1901 534 21 2144 268 453 49 27 32 112 28 60 21 214 25 99 108 54
leaf_count=20 180 23 27 41 20 20 85 64 4771 568 30 392 1901 534 21 2144 268 453 49 27 32 112 28 60 21 214 25 99 108 54
internal_value=-0.000819256 -0.00357686 0.0187124 -0.0318448 0.0270043 0.107935 -0.00394006 0.000571909 0.00731328 0.0419102 -0.0190811 0.00293758 -0.0166559 0.0449639 0.0584328 -0.0155945 -0.0169613 -0.02083 0.047938 0.0709792 -0.00504195 0.00947835 -0.101735 0.13397 -0.119969 -0.0210434 0.0368204 -0.0169814 0.019961 -0.10648
internal_weight=12391 10858 1533 216 1317 72 10835 7811 5816 653 1995 5163 1965 844 664 3024 2977 2597 583 47 473 380 144 81 116 333 45 313 140 95
internal_count=12391 10858 1533 216 1317 72 10835 7811 5816 653 1995 5163 1965 844 664 3024 2977 2597 583 47 473 380 144 81 116 333 45 313 140 95
is_linear=0
shrinkage=0.05


Tree=71
num_leaves=28
num_cat=0
split_feature=18 10 2 7 6 6 1 24 23 5 0 5 11 9 7 11 11 4 23 6 7 24 3 5 7 17 7
split_gain=246.087 235.037 278.895 363.821 253.698 207.27 188.618 152.21 144.103 127.198 112.589 213.365 314.979 185.292 174.513 106.996 105.45 63.4233 56.3977 49.882 40.6837 39.4477 22.3124 17.0679 17.015 2.7219 0.960452
threshold=25.10000038146973 1.0000000180025095e-35 5.0699999332427987 1019.5499877929689 477.50000000000006 32.500000000000007 91.500000000000014 37.915000915527351 38.500000000000007 -2.195000052452087 20.550000190734867 -2.4350000619888301 0.87834998965263378 -0.37939999997615809 1020.8500061035157 0.87834998965263378 0.87834998965263378 0.2950000017881394 120.50000000000001 722.50000000000011 1020.4500122070314 819.58499145507824 206.50000000000003 4.3550000190734872 1015.2500000000001 0.099500000476837172 1016.4500122070314
decision_type=2 2 2 2 2 2 2 2 2 2 2 2 2 2 2 2 2 2 2 2 2 2 2 2 2 2 2
left_child=1 7 3 4 8 -5 16 20 -3 -7 11 12 -9 18 -13 -15 -2 -6 -12 21 -1 25 -18 -21 -25 -4 -23
right_child=6 2 19 5 17 9 -8 10 -10 -11 13 14 -14 15 -16 -17 22 -19 -20 23 -22 26 -24 24 -26 -27 -28
leaf_value=0.011815848225256026 0.03270157476800551 0.015621068795517818 -0.018304339397408709 0.03270157476800551 -0.0074411563727884242 0.012630209197608544 0.03270157476800551 -0.023004003971576547 0.03270157476800551 -0.0074411563727884242 -0.012641641855190023 -0.012641641855190023 -0.13253504905811292 -0.0016167474931457811 -0.038711157816056989 0.011815848225256026 0.17691179284682643 0.015621068795517818 0.011815848225256026 -0.029167522422028993 0.03270157476800551 -0.029167522422028993 0.11298588013631249 -0.095113129317760475 -0.046214452288720925 -0.0074411563727884242 -0.018304339397408709
leaf_weight=39 21 650 42 144 585 344 52 203 1155 1894 2450 759 97 2020 643 258 39 151 84 47 145 126 21 20 161 214 27
leaf_count=39 21 650 42 144 585 344 52 203 1155 1894 2450 759 97 2020 643 258 39 151 84 47 145 126 21 20 161 214 27
internal_value=-0.000754707 -0.00148868 0.00611044 0.0101386 0.023299 -0.00390019 0.0668918 -0.00779669 0.0327016 -0.00744116 -0.00906988 -0.0201228 -0.058419 -0.00516046 -0.0126416 0.00529086 0.120684 -0.00145944 -0.0126416 -0.0250209 0.0327016 -0.0145743 0.154538 -0.0437608 -0.0516176 -0.00744116 -0.0291675
internal_weight=12391 12258 5560 4923 2541 2382 133 6698 1805 2238 6514 1702 300 4812 1402 2278 81 736 2534 637 184 409 60 228 181 256 153
internal_count=12391 12258 5560 4923 2541 2382 133 6698 1805 2238 6514 1702 300 4812 1402 2278 81 736 2534 637 184 409 60 228 181 256 153
is_linear=0
shrinkage=0.05


Tree=72
num_leaves=31
num_cat=0
split_feature=11 18 5 12 24 20 10 0 24 7 1 1 0 18 20 7 0 9 4 6 18 10 11 1 0 3 4 24 17 5
split_gain=243.038 278.822 258.837 306.226 458.616 328.066 249.633 238.072 373.586 433.601 386.133 195.298 190.097 449.732 170.456 162.747 151.842 511.849 279.273 241.67 126.123 121.808 119.115 115.898 117.519 115.24 185.415 112.179 112.007 88.9531
threshold=0.60784998536109935 3.7500000000000004 1.0000000180025095e-35 -0.56175000965595234 410.41499328613287 14.34999990463257 1.0000000180025095e-35 20.250000000000004 574.58499145507824 1017.0499877929689 88.500000000000014 97.500000000000014 21.349999427795414 5.3500001430511483 10.449999809265138 1016.6499938964845 22.150000572204593 0.60354998707771312 0.70499998331069957 747.50000000000011 4.9500000476837167 0.91595000028610241 0.87834998965263378 90.500000000000014 22.150000572204593 124.50000000000001 0.86500000953674328 267.08500671386724 0.096500001847744002 0.71999999880790722
decision_type=2 2 2 2 2 2 2 2 2 2 2 2 2 2 2 2 2 2 2 2 2 2 2 2 2 2 2 2 2 2
left_child=2 -2 3 4 6 12 11 22 9 10 -9 -1 13 -5 -6 -14 25 18 -18 -20 -8 -11 -3 -7 -25 -4 -27 28 -19 -28
right_child=1 7 16 5 14 23 20 8 -10 21 -12 -13 15 -15 -16 -17 17 27 19 -21 -22 -23 -24 24 -26 26 29 -29 -30 -31
leaf_value=0.017932698254740132 -0.017381228435725132 0.014065158690347688 -0.013992760342022612 -0.16005505374563275 -0.014128222942318407 0.018888671465934887 0.017932698254740132 0.04764818175576796 0.014065158690347688 0.030888971766254339 0.17218264413949771 0.14442588321624264 -0.020064817113893459 -0.024395662457662035 0.017932698254740132 0.0083499603698005426 -0.013992760342022612 0.083351295767204778 0.067255564018933456 -0.013992760342022612 0.081746646101525849 0.071261776777552091 0.00024058998959878704 0.048487235038053425 0.18053760684054831 -0.051969307023441207 -0.050858677219784723 0.030832887612856352 0.18455302664574158 -0.013992760342022612
leaf_weight=637 705 479 207 67 1058 343 33 133 751 708 117 31 1047 693 320 865 961 26 198 144 353 187 376 63 23 663 181 39 47 936
leaf_count=637 705 479 207 67 1058 343 33 133 751 708 117 31 1047 693 320 865 961 26 198 144 353 187 376 63 23 663 181 39 47 936
internal_value=-0.000586435 0.010673 -0.00494149 0.00173154 0.015014 -0.00868544 0.0398406 0.0178624 0.0278897 0.0477128 0.10593 0.0213434 -0.0152019 -0.0363551 -0.00397525 -0.0067937 -0.0157945 -0.00327693 -0.0120935 0.0313417 0.0718513 0.0314509 0.00024059 0.0319018 0.083803 -0.0247086 -0.0310232 0.0992944 0.13587 -0.0185906
internal_weight=12391 3456 8935 5533 2432 3101 1054 2751 1896 1145 250 668 2672 760 1378 1912 3402 1415 1303 342 386 895 855 429 86 1987 1780 112 73 1117
internal_count=12391 3456 8935 5533 2432 3101 1054 2751 1896 1145 250 668 2672 760 1378 1912 3402 1415 1303 342 386 895 855 429 86 1987 1780 112 73 1117
is_linear=0
shrinkage=0.05


Tree=73
num_leaves=28
num_cat=0
split_feature=7 10 7 24 18 6 1 1 12 18 24 9 11 12 6 1 1 7 3 5 11 0 4 0 3 5 20
split_gain=233.775 224.239 179.397 288.402 293.653 256.892 211.9 209.776 162.544 342.691 281.807 265.272 402.242 217.126 201.929 212.599 144.557 148.749 137.094 135.241 134.892 154.624 103.644 83.9904 78.0166 47.2635 43.0773
threshold=1027.7500000000002 0.78654998540878307 1022.9500122070314 213.75000000000003 21.650000572204593 27.500000000000004 97.500000000000014 97.500000000000014 1.0000000180025095e-35 5.0499999523162851 291.25000000000006 -1.0000000180025095e-35 -1.0000000180025095e-35 0.81174999475479137 387.50000000000006 88.500000000000014 86.500000000000014 1019.9500122070314 328.50000000000006 1.8049999475479128 0.87834998965263378 20.150000572204593 0.14500000327825549 21.849999427795414 113.50000000000001 -2.6049998998641963 8.7500000000000018
decision_type=2 2 2 2 2 2 2 2 2 2 2 2 2 2 2 2 2 2 2 2 2 2 2 2 2 2 2
left_child=1 2 3 4 6 22 -1 18 9 19 16 12 -12 -13 15 -11 -10 -18 -7 26 24 -22 -4 -16 -5 -6 -3
right_child=-2 8 5 20 25 7 -8 -9 10 14 11 13 -14 -15 23 -17 17 -19 -20 -21 21 -23 -24 -25 -26 -27 -28
leaf_value=0.0068054301467414188 0.15856894669325458 -0.18159051104025409 0.17857020132243634 -0.0047365913061720851 0.1790913908377938 -0.018472987052575982 0.066862316238818151 -0.18067858964204789 0.021375134678180967 0.0733772015236729 -0.062798458718073866 -0.013310919256434808 0.021375134678180967 -0.082514696626523359 -0.012788725080320154 0.029689433810186364 0.13741256390299117 0.021375134678180967 -0.096891206827271606 -0.020043903095584615 -0.048971311603155404 0.0037117333428430947 0.0334746012929827 0.023318770944279733 -0.017041766620635775 0.088279582285567343 -0.084727901803368394
leaf_weight=1917 23 22 20 2775 23 1427 144 21 64 408 144 309 277 179 249 268 70 37 58 48 162 792 32 456 2404 38 24
leaf_count=1917 23 22 20 2775 23 1427 144 21 64 408 144 309 277 179 249 268 70 37 58 48 162 792 32 456 2404 38 24
internal_value=-0.000689206 -0.000985368 -0.00442071 -0.00148373 0.0144045 -0.0199822 0.0112045 -0.0237549 0.0122088 0.0230001 -0.00252942 -0.0136071 0.0154734 -0.0386951 0.0292879 0.048813 0.0563574 0.094404 -0.0215358 -0.0693757 -0.00698099 0.00371173 0.0892806 0.0105659 -0.0104484 0.12252 -0.131053
internal_weight=12391 12368 9813 8255 2122 1558 2061 1506 2555 1475 1080 909 421 488 1381 676 171 107 1485 94 6133 954 52 705 5179 61 46
internal_count=12391 12368 9813 8255 2122 1558 2061 1506 2555 1475 1080 909 421 488 1381 676 171 107 1485 94 6133 954 52 705 5179 61 46
is_linear=0
shrinkage=0.05


Tree=74
num_leaves=26
num_cat=0
split_feature=7 11 18 5 12 24 20 10 0 24 7 7 20 0 9 4 3 4 11 1 24 3 7 5 7
split_gain=210.759 214.1 233.112 209.443 242.827 367.141 265.847 251.455 206.789 331.17 393.8 166.045 151.49 139.708 455.173 247.971 112.429 164.199 107.774 101.823 97.932 85.5044 65.1332 44.7728 15.9009
threshold=1027.7500000000002 0.60784998536109935 3.7500000000000004 -1.0000000180025095e-35 -0.56175000965595234 410.41499328613287 14.34999990463257 -1.0000000180025095e-35 20.250000000000004 574.58499145507824 1017.0499877929689 1025.1499633789065 10.449999809265138 22.150000572204593 0.60354998707771312 0.70499998331069957 124.50000000000001 0.86500000953674328 0.87834998965263378 90.500000000000014 267.08500671386724 332.50000000000006 1026.850036621094 1.8049999475479128 1022.3500061035157
decision_type=2 2 2 2 2 2 2 2 2 2 2 2 2 2 2 2 2 2 2 2 2 2 2 2 2
left_child=1 3 21 4 5 7 11 -1 18 10 -10 -6 -7 16 15 -15 -5 -18 24 -8 -16 22 23 -3 -4
right_child=-2 2 8 13 6 12 19 -9 9 -11 -12 -13 -14 14 20 -17 17 -19 -20 -21 -22 -23 -24 -25 -26
leaf_value=0.015872109180691454 0.15064050114673119 -0.022232920436469891 0.012910195944535664 -0.012878273267924867 -0.012930997502885847 -0.013554026118654567 0.017063317058598294 0.063130443108241827 0.099885922855883838 0.012910195944535664 0.028907024775392393 -0.15408839782079062 0.015872109180691454 -0.012878273267924867 0.12828367456589659 0.029876780373041589 -0.04887194975211076 -0.017692883590277698 0.0001689198324977062 0.080440673165214374 0.03014333072381142 -0.10001440003257374 -0.093231219301621121 0.0001689198324977062 0.0001689198324977062
leaf_weight=568 23 341 324 213 2625 1057 338 461 250 751 895 21 320 976 73 342 676 1125 376 78 39 29 24 311 155
leaf_count=568 23 341 324 213 2625 1057 338 461 250 751 895 21 320 976 73 342 676 1125 376 78 39 29 24 311 155
internal_value=-0.000574938 -0.000856144 0.00970789 -0.00495279 0.00113041 0.0130171 -0.00820965 0.0356113 0.0162817 0.0256515 0.0444046 -0.0140513 -0.0038671 -0.014611 -0.00265983 -0.010883 -0.0230967 -0.0293959 0.00016892 0.0289466 0.0941098 -0.0159438 -0.0123372 -0.00935956 0.0129102
internal_weight=12391 12368 3456 8912 5468 2406 3062 1029 2751 1896 1145 2646 1377 3444 1430 1318 2014 1801 855 416 112 705 676 652 479
internal_count=12391 12368 3456 8912 5468 2406 3062 1029 2751 1896 1145 2646 1377 3444 1430 1318 2014 1801 855 416 112 705 676 652 479
is_linear=0
shrinkage=0.05


Tree=75
num_leaves=31
num_cat=0
split_feature=10 7 12 9 6 24 15 18 10 7 18 23 7 7 24 11 21 18 20 18 24 4 0 3 7 7 24 8 1 7
split_gain=199.902 196.84 191.265 718.537 234.153 209.948 173.581 192.092 218.172 201.144 148.25 193.201 124.759 115.27 114.843 107.581 102.903 84.3101 67.5502 65.4449 59.9386 59.5596 55.1086 49.5311 37.1725 36.1941 30.6113 26.9367 23.3554 20.1771
threshold=0.91595000028610241 1027.7500000000002 0.81174999475479137 -1.0000000180025095e-35 472.50000000000006 523.75000000000011 1.1500000357627871 20.050000190734867 0.3793999999761582 1016.3500061035157 7.1499998569488534 59.500000000000007 1018.4500122070314 1024.1499633789065 733.75000000000011 0.87834998965263378 25.899999618530277 16.750000000000004 4.4500000476837167 19.94999980926514 650.41500854492199 1.0049999952316286 20.650000572204593 113.50000000000001 1012.3500061035157 1021.9500122070314 802.91500854492199 172.50000000000003 85.500000000000014 1021.1499938964845
decision_type=2 2 2 2 2 2 2 2 2 2 2 2 2 2 2 2 2 2 2 2 2 2 2 2 2 2 2 2 2 2
left_child=1 6 4 5 10 -4 18 8 16 15 -2 13 -11 -12 -10 -9 -8 24 23 25 22 -13 -20 -1 -6 -5 -7 -22 -26 -19
right_child=2 -3 3 19 17 26 7 9 14 12 11 21 -14 -15 -16 -17 -18 29 20 -21 27 -23 -24 -25 28 -27 -28 -29 -30 -31
leaf_value=-0.030403886834477523 0.017241616643676495 0.14310847676318625 0.21186346566235581 -0.095627551044647902 -0.085159721374511721 0.081608121544122697 -0.0064993790179140492 0.054540931850316977 0.017091008900996556 0.017091008900996556 0.034357698886541048 0.09007128182053567 0.055814454205728205 0.082625874790950266 -0.0042926277366599867 0.17418221441261911 0.017091008900996556 0.017241616643676495 -0.016284235560270977 -0.023206575587391854 -0.030403886834477523 0.17828224858930034 -0.0064993790179140492 -0.081633909512311226 -0.0055601874778480227 -0.16956545710563661 -0.0013830560296773911 -0.016284235560270977 -0.034930663478720668 -0.00091554337807625433
leaf_weight=66 180 23 27 96 20 20 5768 42 923 94 534 50 208 49 637 34 144 86 804 28 381 31 1353 64 214 20 25 317 99 54
leaf_count=66 180 23 27 96 20 20 5768 42 923 94 534 50 208 49 637 34 144 86 804 28 381 31 1353 64 214 20 25 317 99 54
internal_value=-0.00062274 -0.00300902 0.0162789 -0.0273307 0.0234313 0.101637 -0.00331919 0.000583316 -0.00117589 0.0353579 0.0392142 0.0514738 0.017091 0.0414207 0.0154566 0.108065 -0.0055647 -0.00473097 -0.0135821 -0.0918148 -0.0119771 0.123831 -0.00785586 -0.0488307 -0.0190727 -0.108375 0.0355019 -0.0247126 -0.0148499 0.0172416
internal_weight=12391 10858 1533 216 1317 72 10835 7850 7472 378 844 664 302 583 1560 76 5912 473 2985 144 2855 81 2157 130 333 116 45 698 313 140
internal_count=12391 10858 1533 216 1317 72 10835 7850 7472 378 844 664 302 583 1560 76 5912 473 2985 144 2855 81 2157 130 333 116 45 698 313 140
is_linear=0
shrinkage=0.05


Tree=76
num_leaves=18
num_cat=0
split_feature=18 7 18 10 2 7 1 24 7 11 23 4 6 7 23 1 18
split_gain=186.095 267.371 180.032 171.157 230.3 282.599 161.993 101.465 121.818 92.7592 62.1545 37.5496 36.1638 18.6733 8.76897 3.24825 3.20814
threshold=1.4499999880790713 1027.7500000000002 25.10000038146973 1.0000000180025095e-35 4.9849998950958261 1019.6499938964845 91.500000000000014 37.915000915527351 1025.350036621094 0.87834998965263378 70.500000000000014 0.97500002384185802 712.50000000000011 1019.0499877929689 72.500000000000014 53.500000000000007 1.3499999642372134
decision_type=2 2 2 2 2 2 2 2 2 2 2 2 2 2 2 2 2
left_child=10 2 3 7 5 -5 9 11 -9 -4 -1 -2 -6 -11 -12 -16 -17
right_child=1 -3 6 4 12 -7 -8 8 -10 13 14 -13 -14 -15 15 16 -18
leaf_value=-0.12602368438685382 0.010528958061223823 0.17836289689654397 0.028410254297283628 0.020973837762292339 -0.011871945120991491 -0.0032125772581672422 0.028410254297283628 -0.0057517038037907349 -0.028880873305972162 0.16724001188432017 -0.065851558372378355 0.028410254297283628 -0.028880873305972162 0.11142172213515332 -0.028880873305972162 -0.049720421278410976 -0.028880873305972162
leaf_weight=27 86 21 21 2548 460 2296 52 6089 282 31 28 92 244 29 35 30 20
leaf_count=27 86 21 21 2548 460 2296 52 6089 282 31 28 92 244 29 35 30 20
internal_value=-0.000548405 0.000106627 -0.000199455 -0.000835545 0.00562617 0.00950976 0.0576561 -0.0063096 -0.00735234 0.108436 -0.0578684 0.0284103 -0.0210956 0.140261 -0.0415835 -0.0335893 -0.0430265
internal_weight=12391 12251 12230 12097 5548 4844 133 6549 6371 81 140 178 704 60 113 85 50
internal_count=12391 12251 12230 12097 5548 4844 133 6549 6371 81 140 178 704 60 113 85 50
is_linear=0
shrinkage=0.05


Tree=77
num_leaves=31
num_cat=0
split_feature=24 10 15 7 11 18 1 7 24 5 4 0 18 5 2 11 2 7 23 10 4 23 11 24 1 4 23 4 12 24
split_gain=173.945 212.116 221.525 158.743 148.296 136.087 112.996 94.0499 88.9306 82.9394 68.6827 95.0637 61.828 56.8255 56.5543 53.0147 44.6058 33.323 27.6579 26.9207 26.6125 38.3109 20.2081 30.2346 12.3261 11.4581 10.4867 10.1258 12.4343 8.36751
threshold=692.91500854492199 0.3793999999761582 1.1500000357627871 1027.7500000000002 1.0000000180025095e-35 22.150000572204593 77.500000000000014 1018.5499877929689 37.915000915527351 -2.4950000047683711 -0.1950000002980232 22.550000190734867 4.9500000476837167 2.2350000143051152 5.2349998950958261 -0.60784998536109913 4.7349998950958261 1018.8500061035157 78.500000000000014 -1.0000000180025095e-35 1.435000002384186 49.500000000000007 0.60784998536109935 1069.5850219726565 81.500000000000014 1.794999957084656 41.500000000000007 -3.1550000905990596 0.81174999475479137 844.58499145507824
decision_type=2 2 2 2 2 2 2 2 2 2 2 2 2 2 2 2 2 2 2 2 2 2 2 2 2 2 2 2 2 2
left_child=1 3 4 5 20 8 16 -7 -1 -9 18 -12 -6 -10 15 -2 17 -4 -8 -17 24 -22 25 26 -3 27 -24 29 -29 -16
right_child=14 2 6 -5 12 7 10 9 13 -11 11 -13 -14 -15 22 19 -18 -19 -20 -21 21 -23 23 -25 -26 -27 -28 28 -30 -31
leaf_value=0.018293075484920818 -0.0135533442066888 0.016432101555218383 0.11735561162888729 0.1283583226411239 -0.0038112934310947305 0.018293075484920818 0.016432101555218383 0.14474399432539939 -0.0038112934310947305 0.044939916871268963 0.028102246389362942 0.081966571540248639 0.016432101555218383 0.007240891026913044 -0.015187926280001799 -0.0135533442066888 0.01648957534134388 0.057567494298990191 0.073381927006322747 -0.0038112934310947305 -0.0038112934310947305 0.016432101555218383 -0.037645486210036369 -0.061737628213383938 -0.0038112934310947305 -0.044722309044729444 -0.0135533442066888 -0.0135533442066888 -0.032822438384241918 -0.039401610584246169
leaf_weight=185 555 212 54 23 89 77 496 30 4633 68 499 98 712 866 48 460 25 41 26 1244 70 48 56 33 933 78 296 195 102 139
leaf_count=185 555 212 54 23 89 77 496 30 4633 68 499 98 712 866 48 460 25 41 26 1244 70 48 56 33 933 78 296 195 102 139
internal_value=-0.000547673 0.0029523 0.013092 -0.00274158 0.00305953 -0.00325623 0.0298047 0.0403974 -0.00381129 0.0754922 0.0248599 0.0369443 0.0164321 -0.00381129 -0.0105749 -0.00627519 0.0759142 0.0915523 0.0164321 -0.00381129 -0.00381129 0.0164321 -0.0208315 -0.0135533 -0.00381129 -0.0269382 -0.0135533 -0.0240721 -0.0183335 -0.0331863
internal_weight=12391 9185 3303 5882 2064 5859 1239 175 5684 98 1119 597 801 5499 3206 2259 120 95 522 1704 1263 118 947 385 1145 562 352 484 297 187
internal_count=12391 9185 3303 5882 2064 5859 1239 175 5684 98 1119 597 801 5499 3206 2259 120 95 522 1704 1263 118 947 385 1145 562 352 484 297 187
is_linear=0
shrinkage=0.05


Tree=78
num_leaves=22
num_cat=0
split_feature=18 7 11 5 12 24 20 6 0 18 18 7 7 3 0 9 1 23 23 1 18
split_gain=164.507 223.609 171.89 189.824 210.513 325.517 222.11 174.041 272.879 229.674 197.211 181.532 137.398 133.078 167.278 116.289 88.1325 57.2242 8.06188 2.94023 2.9565
threshold=1.4499999880790713 1027.7500000000002 0.60784998536109935 -1.0000000180025095e-35 -0.56175000965595234 410.41499328613287 14.34999990463257 82.500000000000014 19.849999427795414 9.6500000953674334 11.84999990463257 1020.2500000000001 1018.7500000000001 108.50000000000001 22.150000572204593 -0.37939999997615809 96.500000000000014 70.500000000000014 72.500000000000014 53.500000000000007 1.3499999642372134
decision_type=2 2 2 2 2 2 2 2 2 2 2 2 2 2 2 2 2 2 2 2 2
left_child=17 2 3 4 5 -2 -6 10 12 -10 16 -12 -9 15 -15 -5 -4 -1 -19 -20 -21
right_child=1 -3 7 13 6 -7 -8 8 9 -11 11 -13 -14 14 -16 -17 -18 18 19 20 -22
leaf_value=-0.11989516880777147 0.034250368781728539 0.16302683637255716 0.022494369218044773 -0.0061697561044696796 -0.01239410116701691 -0.0030281873858100184 0.026971936009123544 -0.027244479717335082 -0.0002086185713778832 0.022494369218044773 0.051359195998879593 0.13853481091558933 -0.0061750294791226984 -0.02542826696674505 -0.001958302767524163 0.061804737611895512 0.051359195998879593 -0.062142260479075576 -0.027244479717335082 -0.0466751637053089 -0.027244479717335082
leaf_weight=27 1025 21 163 157 2584 1366 416 91 1568 838 105 80 512 1892 1268 105 60 28 35 30 20
leaf_count=27 1025 21 163 157 2584 1366 416 91 1568 838 105 80 512 1892 1268 105 60 28 35 30 20
internal_value=-0.000605981 9.88728e-06 -0.000270027 -0.00396102 0.00188538 0.0129528 -0.00693534 0.00924964 0.00509444 0.0126324 0.0398943 0.080224 -0.0249825 -0.0131714 -0.0160106 0.0210719 0.0224944 -0.0544988 -0.0388732 -0.0312081 -0.0404247
internal_weight=12391 12251 12230 8813 5391 2391 3000 3417 3009 2406 408 185 603 3422 3160 262 223 140 113 85 50
internal_count=12391 12251 12230 8813 5391 2391 3000 3417 3009 2406 408 185 603 3422 3160 262 223 140 113 85 50
is_linear=0
shrinkage=0.05


Tree=79
num_leaves=31
num_cat=0
split_feature=10 12 9 18 6 24 15 10 18 3 24 23 18 5 7 21 1 18 24 20 18 0 23 3 20 1 24 2 1 21
split_gain=161.218 163.335 646.595 207.524 255.299 185.865 158.825 134.63 185.018 172.279 130.566 127.206 150.71 126.484 90.2617 88.0849 82.7476 71.8274 62.3809 58.4309 57.7898 57.6412 68.271 46.3018 43.9706 42.9611 42.9213 38.6525 32.9079 32.2606
threshold=0.91595000028610241 0.81174999475479137 -1.0000000180025095e-35 5.0499999523162851 472.50000000000006 523.75000000000011 1.1500000357627871 0.3793999999761582 20.050000190734867 185.50000000000003 674.58499145507824 36.500000000000007 14.34999990463257 0.49500000476837164 1016.6499938964845 25.899999618530277 77.500000000000014 16.750000000000004 126.25000000000001 4.4500000476837167 19.94999980926514 21.349999427795414 43.500000000000007 113.50000000000001 11.949999809265138 79.500000000000014 107.08499908447267 2.6550000905990605 89.500000000000014 13.050000190734865
decision_type=2 2 2 2 2 2 2 2 2 2 2 2 2 2 2 2 2 2 2 2 2 2 2 2 2 2 2 2 2 2
left_child=6 3 5 13 11 -3 19 8 15 -10 16 -5 -13 -2 -11 26 27 -6 -18 23 28 22 29 -1 -12 -23 -8 -9 -4 -21
right_child=1 2 20 4 17 -7 7 10 9 14 24 12 -14 -15 -16 -17 18 -19 -20 21 -22 25 -24 -25 -26 -27 -28 -29 -30 -31
leaf_value=-0.028201967138668783 -0.14285485340213333 0.20033883783552381 -0.08992613252840545 0.020426251557347896 -0.0129957851355951 0.034400418806407186 0.0055239462484203659 0.11846592678658424 0.12457081052930433 0.09197879745392129 -0.0057845314951871169 0.039539963407436471 0.094489006633938721 -0.013194998737890274 0.016458395287579513 0.016458395287579513 0.075603839411747226 0.020426251557347896 0.01829561140747803 -0.028201967138668783 -0.022414192583944118 -0.012524455886192255 -0.012524455886192255 -0.077245420205872509 0.013656372846837284 -0.0057845314951871169 -0.0057845314951871169 0.04909430353600009 -0.15908970946357365 -0.020363211512430521
leaf_weight=66 27 27 95 173 315 45 754 31 47 40 684 423 177 62 195 144 51 140 689 390 28 790 600 64 144 834 5037 57 21 241
leaf_count=66 27 27 95 173 315 45 754 31 47 40 684 423 177 62 195 144 51 140 689 390 28 790 600 64 144 834 5037 57 21 241
internal_value=-0.000592847 0.0145856 -0.0257143 0.0211952 0.0265384 0.0966273 -0.00273584 0.000987714 -0.00238679 0.0371838 0.0136564 0.0440293 0.0557499 -0.05253 0.0197064 -0.00426698 0.027696 -0.00317679 0.0222452 -0.0125568 -0.0868852 -0.011064 -0.0192644 -0.0453399 -0.000383258 -0.00578453 -0.0054105 0.073532 -0.102447 -0.028202
internal_weight=12391 1533 216 1317 1228 72 10858 7873 6217 282 1656 773 600 89 235 5935 828 455 740 2985 144 2855 1231 130 828 1624 5791 88 116 631
internal_count=12391 1533 216 1317 1228 72 10858 7873 6217 282 1656 773 600 89 235 5935 828 455 740 2985 144 2855 1231 130 828 1624 5791 88 116 631
is_linear=0
shrinkage=0.05


Tree=80
num_leaves=20
num_cat=0
split_feature=18 7 11 0 24 7 11 5 12 24 20 23 3 23 9 18 1 8 4
split_gain=146.018 201.548 147.39 166.553 263.917 384.992 262.415 164.61 186.436 289.033 193.807 124.632 125.137 64.009 27.0802 4.19202 3.51093 1.55657 0.941567
threshold=1.5500000119209292 1027.7500000000002 0.60784998536109935 19.94999980926514 574.58499145507824 1017.0499877929689 0.87834998965263378 -1.0000000180025095e-35 -0.56175000965595234 410.41499328613287 14.34999990463257 123.00000000000001 108.50000000000001 71.500000000000014 -0.78654998540878285 1.2500000000000002 50.500000000000007 375.50000000000006 2.245000004768372
decision_type=2 2 2 2 2 2 2 2 2 2 2 2 2 2 2 2 2 2 2
left_child=13 2 7 6 5 -5 -4 8 9 -2 -10 12 -9 14 -1 16 -15 -17 -6
right_child=1 -3 3 4 18 -7 -8 11 10 -11 -12 -13 -14 15 -16 17 -18 -19 -20
leaf_value=-0.064165609892212677 0.032303772049615299 0.1548416200138274 0.0021376371999321866 0.081392654030221626 0.0021376371999321866 0.016598825994091859 -0.023460748321963942 0.020095473009193645 -0.01160508311500787 -0.0028291525186001985 0.025175243797835162 0.092833018169871398 -0.015883529042043272 -0.032691122701900971 -0.14025423512572335 -0.032691122701900971 -0.056863625959626268 -0.023460748321963942 0.015976100745172566
leaf_weight=22 1025 21 440 288 1110 1124 403 262 2576 1365 416 28 3115 20 21 24 21 59 51
leaf_count=22 1025 21 440 288 1110 1124 403 262 2576 1365 416 28 3115 20 21 24 21 59 51
internal_value=-0.000559192 7.52214e-05 -0.000191114 0.00862205 0.0149415 0.0298146 -0.0106663 -0.00361728 0.00182605 0.0122383 -0.00649124 -0.0122211 -0.0130921 -0.0469967 -0.0995632 -0.028768 -0.0419215 -0.0234607 0.00213764
internal_weight=12391 12224 12203 3416 2573 1412 843 8787 5382 2390 2992 3405 3377 167 43 124 41 83 1161
internal_count=12391 12224 12203 3416 2573 1412 843 8787 5382 2390 2992 3405 3377 167 43 124 41 83 1161
is_linear=0
shrinkage=0.05


Tree=81
num_leaves=31
num_cat=0
split_feature=10 24 7 11 2 11 18 6 9 11 0 4 12 18 4 17 8 0 1 18 7 7 0 2 11 18 7 5 24 18
split_gain=143.37 152.223 155.194 219.089 194.659 170.996 143.881 159.286 180.695 176.39 128.77 118.921 104.676 98.541 97.4102 90.8215 90.772 88.9846 88.5277 84.5325 72.1895 71.511 63.742 53.373 44.088 33.5318 28.0655 27.9664 25.0359 23.3883
threshold=0.91595000028610241 32.915000915527351 1020.8500061035157 -0.60784998536109913 3.5149999856948857 -1.0000000180025095e-35 25.10000038146973 442.50000000000006 -1.0000000180025095e-35 -0.60784998536109913 17.44999980926514 1.4550000429153445 0.81174999475479137 5.0499999523162851 0.99500000476837169 0.10050000250339509 526.50000000000011 21.849999427795414 96.500000000000014 4.0499999523162851 1025.4500122070315 1025.2500000000002 21.849999427795414 4.1250000000000009 -0.60784998536109913 7.1499998569488534 1024.850036621094 1.5549999475479128 87.915000915527358 8.3499999046325701
decision_type=2 2 2 2 2 2 2 2 2 2 2 2 2 2 2 2 2 2 2 2 2 2 2 2 2 2 2 2 2 2
left_child=1 14 3 11 5 -5 7 8 9 22 19 17 13 -10 26 -13 -6 -3 21 -4 -11 -12 -2 29 -16 -25 -1 -20 -21 -9
right_child=6 2 10 4 16 -7 -8 23 12 20 18 15 -14 -15 24 -17 -18 -19 27 28 -22 -23 -24 25 -26 -27 -28 -29 -30 -31
leaf_value=0.021185420846856772 0.0075695184374398516 -0.0350982021325629 -0.15090176950519285 0.021185420846856772 0.0020007447508815319 0.005902751282894525 0.14373230508395604 -0.010487669509151623 0.0075695184374398516 0.077841026628105547 -0.0055857342714245688 -0.048367545579342135 0.0075695184374398516 0.039770993636732144 0.13769474306276866 0.021185420846856772 -0.018877655479634457 -0.010509174735856068 -0.040231258679164987 -0.040231258679164987 0.0075695184374398516 -0.026884255842067429 0.077841026628105547 -0.08653285581441153 0.059044739603996282 -0.020600370833575254 0.074033156866508146 0.014497269967978356 -0.09042133995890618 0.0075695184374398516
leaf_weight=53 46 490 24 534 1821 2273 21 75 56 197 2468 47 108 493 28 170 729 1477 91 47 23 469 30 21 49 236 31 32 25 227
leaf_count=53 46 490 24 534 1821 2273 21 75 56 197 2468 47 108 493 28 170 729 1477 91 47 23 469 30 21 49 236 31 32 25 227
internal_value=-0.000558645 -0.00257953 -0.00330583 0.00059027 0.00603193 0.0151163 0.013755 0.0119497 0.0243789 0.0568154 -0.0126153 -0.0127573 0.00976525 0.0295339 0.0456767 0.0211854 -0.00396802 -0.0166346 -0.0108264 -0.0696362 0.077841 -0.00898683 0.00756952 -0.00923989 0.0876447 -0.0259879 0.0211854 -0.0402313 -0.0425476 0.00501251
internal_weight=12391 10858 10697 7541 5357 2807 1533 1512 953 296 3156 2184 657 549 161 217 2550 1967 3060 96 220 2937 76 559 77 257 84 123 72 302
internal_count=12391 10858 10697 7541 5357 2807 1533 1512 953 296 3156 2184 657 549 161 217 2550 1967 3060 96 220 2937 76 559 77 257 84 123 72 302
is_linear=0
shrinkage=0.05


Tree=82
num_leaves=22
num_cat=0
split_feature=18 7 11 5 7 18 7 0 5 7 3 0 6 2 4 18 23 7 23 1 18
split_gain=127.708 182.237 127.494 155.359 383.929 316.743 219.898 202.736 146.23 199.716 189.66 174.114 167.684 144.663 124.181 117.008 46.6901 13.576 6.77746 2.65302 2.60603
threshold=1.4499999880790713 1027.7500000000002 0.60784998536109935 -2.3950001001358028 1021.6499938964845 25.60000038146973 1016.5499877929689 20.650000572204593 -0.35500000417232508 1015.5499877929689 108.50000000000001 22.150000572204593 27.500000000000004 0.98500001430511486 0.054999999701976783 16.050000190734867 70.500000000000014 1019.1499938964845 72.500000000000014 53.500000000000007 1.3499999642372134
decision_type=2 2 2 2 2 2 2 2 2 2 2 2 2 2 2 2 2 2 2 2 2
left_child=16 2 8 5 6 7 -5 -4 9 15 13 -12 -11 -10 -6 -2 -1 -7 -18 -20 -21
right_child=1 -3 3 4 14 17 -8 -9 10 12 11 -13 -14 -15 -16 -17 18 -19 19 20 -22
leaf_value=-0.10708295791237443 -0.016943254916853185 0.14718050814810255 -0.023998420044379607 0.080056672657164638 0.027809266212196756 0.14946387626908042 0.024236724458391864 0.0027363385110709196 0.069897045907776123 0.10109892429745929 -0.023818370762862071 -0.00040950653753933392 0.0079157736600419665 0.0034293061579955975 -0.020445430921441111 0.021776475492243968 -0.055232502413647515 0.096096194857874739 -0.023998420044379607 -0.04105093740507914 -0.023998420044379607
leaf_weight=27 1469 21 225 211 168 22 1077 1042 110 49 2070 1289 3281 320 646 225 28 26 35 30 20
leaf_count=27 1469 21 225 211 168 22 1077 1042 110 49 2070 1289 3281 320 646 225 28 26 35 30 20
internal_value=-0.000527709 1.49212e-05 -0.000237775 0.00796086 0.0163935 -0.00551851 0.0333811 -0.0102948 -0.00341657 0.00217667 -0.0108329 -0.0148353 0.00928694 0.0204327 -0.0104862 -0.0118004 -0.0480118 0.120556 -0.0338974 -0.0268694 -0.0361089
internal_weight=12391 12251 12230 3417 2102 1315 1288 1267 8813 5024 3789 3359 3330 430 814 1694 140 48 113 85 50
internal_count=12391 12251 12230 3417 2102 1315 1288 1267 8813 5024 3789 3359 3330 430 814 1694 140 48 113 85 50
is_linear=0
shrinkage=0.05


Tree=83
num_leaves=31
num_cat=0
split_feature=10 2 7 6 6 23 4 5 18 5 0 5 7 18 9 3 0 8 11 0 3 12 11 2 11 4 23 3 7 15
split_gain=123.328 170.595 207.775 164.93 153.67 177.119 143.499 136.828 127.66 108.372 85.1096 155.686 260.494 154.683 129.611 106.045 93.9739 87.4685 79.8973 81.6447 77.9767 79.7953 72.4077 72.0601 70.6776 63.8232 48.8051 48.6602 48.0933 45.1895
threshold=1.0000000180025095e-35 5.2650001049041757 1019.6499938964845 32.500000000000007 337.50000000000006 39.500000000000007 0.82499998807907116 -2.7350000143051143 20.650000572204593 -0.23499999940395352 20.550000190734867 -2.3950001001358028 1017.6499938964845 10.949999809265138 -0.37939999997615809 131.50000000000003 22.050000190734867 172.50000000000003 1.0000000180025095e-35 21.250000000000004 174.50000000000003 1.0000000180025095e-35 0.87834998965263378 3.7350000143051152 -0.60784998536109913 -0.29500000178813929 120.50000000000001 121.50000000000001 1020.1499938964845 1.435000002384186
decision_type=2 2 2 2 2 2 2 2 2 2 2 2 2 2 2 2 2 2 2 2 2 2 2 2 2 2 2 2 2 2
left_child=8 2 4 9 5 -2 -7 -5 10 24 11 12 13 -1 26 25 28 -17 -6 -20 29 -22 -14 -18 -4 -13 -12 -11 -16 -10
right_child=1 -3 3 7 18 6 -8 -9 20 27 14 15 22 -15 16 17 23 -19 19 -21 21 -23 -24 -25 -26 -27 -28 -29 -30 -31
leaf_value=-0.197307292620341 0.017378619883145648 -0.022355112638288752 0.16149788474043211 0.020711477457281448 -0.0045301783993273127 0.033098098137853409 0.08139961602461368 -0.0073407227020697852 0.039246394248171286 0.10881107792258263 -0.0094684820616748062 -0.095062505402441683 -0.0094684820616748062 -0.067926407330669458 -0.0094684820616748062 -0.0094684820616748062 0.012505391617855991 -0.064762289244204005 -0.0073407227020697852 0.017378619883145648 0.012505391617855991 0.082106890424620368 -0.085855033709889367 0.0027585982910781704 0.058943023690205466 -0.0094684820616748062 0.012505391617855991 0.020711477457281448 0.0027585982910781704 0.13948147828164309
leaf_weight=27 490 521 24 197 831 644 202 2016 22 20 2450 58 70 160 528 1263 766 78 108 495 144 42 42 605 56 20 84 47 358 23
leaf_count=27 490 521 24 197 831 644 202 2016 22 20 2450 58 70 160 528 1263 766 78 108 495 144 42 42 605 56 20 84 47 358 23
internal_value=-0.000542594 0.00490513 0.00767367 -0.00322797 0.0169617 0.0291627 0.0446311 -0.00663465 -0.00511012 0.0480576 -0.00640645 -0.0159543 -0.0487548 -0.0866071 -0.00298271 -0.00946848 0.00579124 -0.00946848 0.0055945 0.0173786 0.0314172 0.0171284 -0.00946848 0.0125054 0.0897095 -0.0677966 -0.00946848 0.0207115 -0.0069882 0.0904777
internal_weight=12391 5651 5130 2360 2770 1336 846 2213 6740 147 6509 1718 299 187 4791 1419 2257 1341 1434 603 231 186 112 1371 80 78 2534 67 886 45
internal_count=12391 5651 5130 2360 2770 1336 846 2213 6740 147 6509 1718 299 187 4791 1419 2257 1341 1434 603 231 186 112 1371 80 78 2534 67 886 45
is_linear=0
shrinkage=0.05


Tree=84
num_leaves=30
num_cat=0
split_feature=24 7 11 18 8 2 18 0 7 24 1 5 4 5 4 3 0 6 0 18 5 7 1 5 11 3 3 7 23
split_gain=118.237 155.546 208.457 192.42 317.31 192.035 138.64 295.139 219.228 140.778 127.024 132.863 140.813 112.758 88.8691 77.4881 77.7992 88.7961 64.3579 60.6088 43.7632 41.9427 40.546 39.9773 39.8535 27.959 22.3371 21.9009 15.9242
threshold=32.915000915527351 1020.9500122070314 -0.60784998536109913 3.6499999761581425 39.500000000000007 3.5149999856948857 7.9500000476837167 21.849999427795414 1015.4500122070314 338.75000000000006 96.500000000000014 0.9650000035762788 0.37500000000000006 -0.5349999964237212 0.99500000476837169 355.50000000000006 17.44999980926514 47.500000000000007 20.150000572204593 4.9500000476837167 -1.0249999761581419 1014.3500061035157 88.500000000000014 3.1550000905990605 -0.60784998536109913 207.50000000000003 279.50000000000006 1024.850036621094 59.500000000000007
decision_type=2 2 2 2 2 2 2 2 2 2 2 2 2 2 2 2 2 2 2 2 2 2 2 2 2 2 2 2 2
left_child=14 2 6 4 22 13 7 8 -2 18 15 12 -12 -5 27 16 19 -18 -8 -3 -6 -9 -4 -7 -16 -11 -26 -1 -13
right_child=1 10 3 5 20 23 9 21 -10 25 11 28 -14 -15 24 -17 17 -19 -20 -21 -22 -23 -24 -25 26 -27 -28 -29 -30
leaf_value=0.020504017266511288 -0.24672780185937881 -0.1098513649956834 -0.074481464070933201 0.020504017266511288 -0.015015692236943469 -0.00040089868459751297 0.0043916495036162139 -0.030392145056329256 -0.065969948893269667 -0.01043714975056893 -0.030207590676016277 -0.029143492630480425 -0.16733936669830329 0.009907620327025031 0.13020021298101969 -0.086712424670376126 0.020504017266511288 -0.0083114607130579735 0.020504017266511288 -0.029227956388714161 -0.00040089868459751297 -0.01043714975056893 -0.16284559272667942 0.009907620327025031 0.087180253576773864 0.0043916495036162139 0.020504017266511288 0.069756650648290106 0.020504017266511288
leaf_weight=53 20 31 21 1907 636 1588 157 288 104 498 36 23 39 1063 28 31 236 3095 456 62 329 751 34 557 26 239 23 31 29
leaf_count=53 20 31 21 1907 636 1588 157 288 104 498 36 23 39 1063 28 31 236 3095 456 62 329 751 34 557 26 239 23 31 29
internal_value=-0.000500271 -0.00106066 0.00256837 0.00753669 -0.0122927 0.0114909 -0.00956081 -0.0222138 -0.0951244 0.00133955 -0.00982222 -0.0589326 -0.101516 0.0197242 0.0420687 -0.008017 -0.00730452 -0.00604517 0.0192204 -0.0524107 -0.00563496 -0.0135123 -0.129107 9.10203e-05 0.0826145 -0.0104371 0.0554226 0.020504 0.002486
internal_weight=12391 12230 8648 6135 1020 5115 2513 1163 124 1350 3582 127 75 2970 161 3455 3424 3331 613 93 965 1039 55 2145 77 737 49 84 52
internal_count=12391 12230 8648 6135 1020 5115 2513 1163 124 1350 3582 127 75 2970 161 3455 3424 3331 613 93 965 1039 55 2145 77 737 49 84 52
is_linear=0
shrinkage=0.05


Tree=85
num_leaves=22
num_cat=0
split_feature=18 7 10 12 9 24 6 15 10 18 18 24 18 23 0 23 1 9 18 1 8
split_gain=111.078 161.916 107.249 137.058 340.644 153.516 145.821 113.728 108.085 129.809 102.551 102.08 62.7923 52.8221 47.4543 51.0508 36.5502 23.6641 3.34678 3.14353 1.32491
threshold=1.5500000119209292 1027.7500000000002 0.91595000028610241 0.81174999475479137 -1.0000000180025095e-35 523.75000000000011 472.50000000000006 1.1500000357627871 0.3793999999761582 20.050000190734867 7.1499998569488534 674.58499145507824 16.750000000000004 71.500000000000014 21.349999427795414 47.500000000000007 79.500000000000014 -0.78654998540878285 1.2500000000000002 50.500000000000007 375.50000000000006
decision_type=2 2 2 2 2 2 2 2 2 2 2 2 2 2 2 2 2 2 2 2 2
left_child=13 2 7 6 5 -5 10 14 9 -9 -4 -10 -8 17 15 -2 -16 -1 19 -15 -20
right_child=1 -3 3 4 -6 -7 12 8 11 -11 -12 -13 -14 18 16 -17 -18 -19 20 -21 -22
leaf_value=-0.056552274534488391 -0.020427889989957117 0.13881778433209374 0.013470547015453206 0.18286010556750829 -0.020427889989957117 0.032051723435935049 -0.016510235968081027 -0.003428273257764335 0.025012758097376287 0.031312143117526274 0.041177953927881504 0.00017733750622742051 0.013470547015453206 -0.028360446026750953 -0.011292788198949797 -0.011292788198949797 -0.0044932001018211402 -0.12679753786041623 -0.028360446026750953 -0.050655825285329706 -0.020427889989957117
leaf_weight=22 729 21 178 27 144 45 333 5784 828 282 664 827 140 20 799 510 913 21 24 21 59
leaf_count=22 729 21 178 27 144 45 333 5784 828 282 664 827 140 20 799 510 913 21 24 21 59
internal_value=-0.000453422 9.99062e-05 -0.000138812 0.0122369 -0.0204279 0.0886049 0.0183383 -0.00191422 0.00127679 -0.00181324 0.0308176 0.0126026 -0.00387651 -0.0409557 -0.0102632 -0.0177163 -0.00486924 -0.0887082 -0.0243963 -0.036293 -0.0204279
internal_weight=12391 12224 12203 1531 216 72 1315 10672 7721 6066 842 1655 473 167 2951 1239 1712 43 124 41 83
internal_count=12391 12224 12203 1531 216 72 1315 10672 7721 6066 842 1655 473 167 2951 1239 1712 43 124 41 83
is_linear=0
shrinkage=0.05


Tree=86
num_leaves=27
num_cat=0
split_feature=24 7 11 2 11 4 7 20 0 5 1 5 4 3 0 3 8 4 3 0 3 23 11 3 7 23
split_gain=101.748 138.878 184.032 169.209 143.843 131.458 232.83 196.388 158.405 120.553 113.214 119.281 127.299 104.747 100.242 141.066 133.011 82.0484 70.954 70.1118 75.4052 37.7318 37.53 19.7326 19.0108 14.3245
threshold=32.915000915527351 1020.9500122070314 -0.60784998536109913 3.5149999856948857 -1.0000000180025095e-35 0.34499999880790716 1019.5499877929689 6.0499999523162851 20.349999427795414 0.9650000035762788 96.500000000000014 0.9650000035762788 0.37500000000000006 131.50000000000003 20.650000572204593 346.50000000000006 489.50000000000006 0.99500000476837169 355.50000000000006 17.050000190734867 293.50000000000006 16.500000000000004 -0.60784998536109913 279.50000000000006 1024.850036621094 59.500000000000007
decision_type=2 2 2 2 2 2 2 2 2 2 2 2 2 2 2 2 2 2 2 2 2 2 2 2 2 2
left_child=17 2 5 4 -4 8 7 -7 -2 -10 18 12 -12 -6 15 -5 -16 24 19 -3 -21 -8 -19 -24 -1 -13
right_child=1 10 3 14 13 6 21 -9 9 -11 11 25 -14 -15 16 -17 -18 22 -20 20 -22 -23 23 -25 -26 -27
leaf_value=0.019026734802095591 -0.12117313235584233 -0.084284638099629314 0.019026734802095591 -0.01238606209549699 0.019026734802095591 -0.052491280964265266 -0.10533396520397881 0.019026734802095591 -0.0090010175652847427 -0.046365832834677816 -0.028168227523565292 -0.027545694865124384 -0.15855385333729477 0.0065645835135166933 0.0065645835135166933 -0.077196570043221557 -0.01238606209549699 0.12437086892979486 -0.082856837876381428 -0.0090922806679489456 0.013051296950832042 -0.035522785741417894 0.081655153402915376 0.019026734802095591 0.066118336228593699 0.019026734802095591
leaf_weight=53 36 29 615 256 796 96 22 618 1322 258 36 23 39 1861 1668 101 838 28 31 2953 442 161 26 23 31 29
leaf_count=53 36 29 615 256 796 96 22 618 1322 258 36 23 39 1861 1668 101 838 28 31 2953 442 161 26 23 31 29
internal_value=-0.000458017 -0.000977869 0.00245122 0.0071194 0.0148869 -0.00894525 0.00640418 0.0190267 -0.0174653 -0.0151024 -0.00925669 -0.0556205 -0.0959688 0.00656458 -0.00175769 -0.0265457 0.00177356 0.0390313 -0.00755243 -0.00687064 -0.00620938 -0.0439154 0.0781931 0.0518058 0.0190267 0.0025742
internal_weight=12391 12230 8648 6135 3272 2513 897 714 1616 1580 3582 127 75 2657 2863 357 2506 161 3455 3424 3395 183 77 49 84 52
internal_count=12391 12230 8648 6135 3272 2513 897 714 1616 1580 3582 127 75 2657 2863 357 2506 161 3455 3424 3395 183 77 49 84 52
is_linear=0
shrinkage=0.05


Tree=87
num_leaves=23
num_cat=0
split_feature=18 7 11 5 7 18 8 7 10 5 7 3 0 6 2 21 23 9 7 18 1 8
split_gain=98.2674 143.734 100.884 144.449 324.068 264.98 197.508 172.225 155.925 121.033 172.731 172.026 148.829 142.247 134.44 94.7928 47.7865 21.4092 10.3783 2.93069 2.88763 1.26838
threshold=1.5500000119209292 1027.7500000000002 0.60784998536109935 -2.3950001001358028 1016.5499877929689 25.60000038146973 166.50000000000003 1021.6499938964845 1.0000000180025095e-35 -0.39499999582767481 1015.5499877929689 108.50000000000001 22.150000572204593 27.500000000000004 0.98500001430511486 11.550000190734865 71.500000000000014 -0.78654998540878285 1019.1499938964845 1.2500000000000002 50.500000000000007 375.50000000000006
decision_type=2 2 2 2 2 2 2 2 2 2 2 2 2 2 2 2 2 2 2 2 2 2
left_child=16 2 9 5 6 8 -5 -6 -4 10 15 14 -13 -12 -11 -2 17 -1 -7 20 -18 -21
right_child=1 -3 3 4 7 18 -8 -9 -10 11 13 12 -14 -15 -16 -17 19 -19 -20 21 -22 -23
leaf_value=-0.05328627754953346 -0.019143911410513043 0.13086121791885014 -0.019143911410513043 0.10002928451385076 0.02191990441915094 0.1348130375146866 -0.016231463269944839 -0.0085550642233108536 0.010829037528597228 0.06442289577935599 0.09926408934406937 -0.019143911410513043 0.0002406659226658428 0.0077227327773518586 0.0028843982649394439 0.0004333079148511586 -0.026508994966258886 -0.12010040205149425 0.088151772979360374 -0.026508994966258886 -0.047714456117578914 -0.019143911410513043
leaf_weight=22 761 21 718 164 1077 22 47 814 548 121 43 2083 1274 3243 333 929 20 21 26 24 21 59
leaf_count=22 761 21 718 164 1077 22 47 814 548 121 43 2083 1274 3243 333 929 20 21 26 24 21 59
internal_value=-0.000356544 0.000163899 -6.10161e-05 0.00723036 0.0153596 -0.00577393 0.0741323 0.00880165 -0.010146 -0.00289558 0.00223989 -0.00960093 -0.0135075 0.00892063 0.0192856 -0.01075 -0.0384517 -0.0838711 0.109538 -0.0227015 -0.0338741 -0.0191439
internal_weight=12391 12224 12203 3416 2102 1314 211 1891 1266 8787 4976 3811 3357 3286 454 1690 167 43 48 124 41 83
internal_count=12391 12224 12203 3416 2102 1314 211 1891 1266 8787 4976 3811 3357 3286 454 1690 167 43 48 124 41 83
is_linear=0
shrinkage=0.05


Tree=88
num_leaves=28
num_cat=0
split_feature=15 0 18 5 12 9 23 18 24 7 1 5 10 10 11 8 5 1 7 4 5 2 5 1 4 8 18
split_gain=94.8347 181.929 107.484 198.949 120.178 123.533 98.9371 125.092 97.495 113.468 131.035 81.3853 69.0716 65.0539 53.695 34.1363 30.2392 27.7752 25.8409 22.8662 18.6349 5.18584 19.5897 4.23069 4.97633 3.95505 2.96998
threshold=1.2450000047683718 21.650000572204593 2.9500000476837163 0.20499999821186068 0.81174999475479137 -1.0000000180025095e-35 37.500000000000007 16.750000000000004 183.75000000000003 1016.4500122070314 85.500000000000014 1.6050000190734866 1.0000000180025095e-35 0.78654998540878307 1.0000000180025095e-35 320.50000000000006 -2.1350001096725459 83.500000000000014 1015.9500122070314 1.4550000429153445 -1.6850000023841856 2.9550000429153447 -0.044999999925494187 76.500000000000014 3.495000004768372 1.5000000000000002 16.650000572204593
decision_type=2 2 2 2 2 2 2 2 2 2 2 2 2 2 2 2 2 2 2 2 2 2 2 2 2 2 2
left_child=1 2 3 -1 6 -6 7 -4 9 10 26 12 20 19 18 -3 -14 -5 -12 -10 -11 22 -17 24 -21 -8 -2
right_child=8 15 4 17 5 -7 25 -9 13 11 14 -13 16 -15 -16 21 -18 -19 -20 23 -22 -23 -24 -25 -26 -27 -28
leaf_value=-0.15906792798557798 0.010014074281800489 0.0004156238010151643 -0.035252131095377399 -0.08899653136996287 -0.0064149829694992271 -0.035252131095377399 -0.0064149829694992271 -0.014430561866381293 0.0004156238010151643 0.030951811288483441 0.092735558815507435 0.093006967060888818 0.093136223219335082 0.010014074281800489 0.036012217660362909 0.0004156238010151643 0.034081940720231317 -0.035252131095377399 0.15615608753829169 0.0004156238010151643 0.010014074281800489 -0.0064149829694992271 -0.0036807474549699196 0.010014074281800489 0.010014074281800489 -0.014430561866381293 0.038718660433022752
leaf_weight=37 32 2324 542 35 99 312 1184 434 2874 200 36 30 28 668 26 335 96 51 29 77 525 1245 208 398 25 520 21
leaf_count=37 32 2324 542 35 99 312 1184 434 2874 200 36 30 28 668 26 335 96 51 29 77 525 1245 208 398 25 520 21
internal_value=-0.000396174 -0.00403329 -0.0132456 -0.0590827 -0.0114216 -0.0352521 -0.00755571 -0.0224461 0.00486453 0.0186535 0.0597952 0.0119136 0.0100141 0.00137465 0.0967398 0.000415624 0.0474168 -0.0352521 0.121031 0.000415624 0.0100141 -0.00641498 -0.000946512 0.0100141 0.000415624 -0.00641498 0.0100141
internal_weight=12391 7326 3214 123 3091 411 2680 976 5065 1023 144 879 849 4042 91 4112 124 86 65 3374 725 1788 543 500 102 1704 53
internal_count=12391 7326 3214 123 3091 411 2680 976 5065 1023 144 879 849 4042 91 4112 124 86 65 3374 725 1788 543 500 102 1704 53
is_linear=0
shrinkage=0.05


Tree=89
num_leaves=31
num_cat=0
split_feature=8 0 18 11 24 12 9 7 24 3 7 24 5 7 18 17 18 5 5 5 20 2 6 17 1 12 9 3 23 4
split_gain=92.6575 140.863 233.85 249.568 181.229 151.502 259.787 215.891 193.055 179.62 140.634 132.058 253.362 110.604 105.917 100.904 91.5087 50.3157 74.41 46.7449 41.4381 28.3839 22.6737 22.2299 17.8244 17.5337 14.7305 8.44589 7.98944 3.6795
threshold=662.50000000000011 21.650000572204593 9.6500000953674334 0.60784998536109935 574.58499145507824 0.81174999475479137 -1.0000000180025095e-35 1022.7500000000001 91.250000000000014 262.50000000000006 1027.049987792969 267.08500671386724 1.4550000429153445 1014.3500061035157 3.7500000000000004 0.10449999943375589 20.44999980926514 0.2650000005960465 -0.29500000178813929 1.3149999976158144 17.550000190734867 2.9050000905990605 202.50000000000003 0.1094999983906746 72.500000000000014 -0.56175000965595234 0.60354998707771312 174.50000000000003 61.500000000000007 -1.2150000333786009
decision_type=2 2 2 2 2 2 2 2 2 2 2 2 2 2 2 2 2 2 2 2 2 2 2 2 2 2 2 2 2 2
left_child=1 5 20 11 16 10 -7 8 -8 -9 13 12 -4 15 -15 -1 -5 18 21 -19 26 25 -13 -6 28 -2 -3 -12 -23 -21
right_child=17 2 3 4 23 6 7 9 -10 -11 27 22 -14 14 -16 -17 -18 19 -20 29 -22 24 -24 -25 -26 -27 -28 -29 -30 -31
leaf_value=-0.067611206269053661 0.049852871848270301 0.00062321521845799886 0.030028108810240352 0.061612402366474278 0.010912433489602582 0.00062321521845799886 0.00062321521845799886 -0.070164538471079951 -0.051851399424956757 -0.22348763988568235 -0.063924454152584076 0.030028108810240352 0.160593435416619 -0.027305567501975665 0.00062321521845799886 0.00062321521845799886 0.1270166779523843 -0.098127411243565874 0.073878416031599045 -0.046563057947371693 0.010912433489602582 -0.0441966587677598 0.010912433489602582 0.037907789638922669 -0.063878119662404073 -0.001092612517082639 0.0057678243540302907 -0.10655738665507392 -0.014769256284666514 -0.023046686727320777
leaf_weight=115 24 3686 184 200 55 176 173 72 356 26 21 135 42 340 4103 53 73 31 25 21 164 24 1052 78 20 57 387 26 592 80
leaf_count=115 24 3686 184 200 55 176 173 72 356 26 21 135 42 340 4103 53 73 31 25 21 164 24 1052 78 20 57 387 26 592 80
internal_value=-0.000281811 0.000909275 0.00616028 0.0212017 0.0557523 -0.00491385 -0.0249718 -0.042676 -0.0300479 -0.110842 -0.00145604 0.0112742 0.0491438 -0.000578904 0.000623215 -0.0404323 0.0791015 -0.0159772 -0.0109172 -0.0444205 0.000623215 -0.0138738 0.0109124 0.0109124 -0.017424 0.0140023 0.000623215 -0.0875086 -0.0159158 -0.0279362
internal_weight=12391 11517 6056 1819 406 5461 803 627 529 98 4658 1413 226 4611 4443 168 273 874 742 132 4237 717 1187 133 636 81 4073 47 616 101
internal_count=12391 11517 6056 1819 406 5461 803 627 529 98 4658 1413 226 4611 4443 168 273 874 742 132 4237 717 1187 133 636 81 4073 47 616 101
is_linear=0
shrinkage=0.05


Tree=90
num_leaves=30
num_cat=0
split_feature=2 0 18 11 18 4 24 15 24 12 7 10 12 24 17 7 6 4 8 1 6 0 24 8 12 24 4 7 6
split_gain=90.1725 123.599 266.586 229.831 147.827 112.955 129.97 109.464 62.6115 53.8334 37.4889 26.216 24.3676 18.7371 17.6998 16.0802 7.2142 7.20188 5.76994 7.80897 4.82474 4.65326 4.57311 4.53614 3.52118 2.43236 1.86832 1.72545 0.0937989
threshold=5.4849998950958261 21.650000572204593 9.6500000953674334 0.60784998536109935 20.44999980926514 0.45499999821186071 267.08500671386724 1.2450000047683718 574.58499145507824 0.81174999475479137 1021.1499938964845 1.0000000180025095e-35 -0.56175000965595234 813.75000000000011 0.10549999773502351 1018.1499938964845 1032.5000000000002 -4.4349999427795401 337.50000000000006 81.500000000000014 202.50000000000003 24.250000000000004 995.41500854492199 544.50000000000011 0.81174999475479137 883.75000000000011 1.2050000429153445 1018.3500061035157 712.50000000000011
decision_type=2 2 2 2 2 2 2 2 2 2 2 2 2 2 2 2 2 2 2 2 2 2 2 2 2 2 2 2 2
left_child=1 7 9 5 8 20 -7 -1 -5 26 -11 12 17 14 -13 -6 -14 -2 19 21 -4 -15 24 -19 -18 -21 -3 -25 -16
right_child=11 2 3 4 15 6 -8 -9 -10 10 -12 13 16 18 28 -17 22 23 -20 25 -22 -23 -24 27 -26 -27 -28 -29 -30
leaf_value=-0.0068854166579962878 -0.0549043646757491 0.00060954565548129551 0.03788351215746092 0.058531782657897574 0.14026692634405091 0.091536082677129246 0.022642102084740087 0.00060954565548129551 0.012102235959760597 0.011647708597447674 0.00060954565548129551 -0.025049381512010173 -0.0068854166579962878 -0.073280622065067288 -0.0068854166579962878 0.092570957168936735 -0.014351032801670849 -0.0068854166579962878 -0.025049381512010173 -0.028194573789041385 0.011647708597447674 -0.042144975314537689 -0.040056718113245793 -0.023493972290243498 -0.028449401370036455 -0.045379826657730965 0.011647708597447674 -0.037418479472398757 -0.01596739908500323
leaf_weight=3119 20 3572 138 200 43 90 286 2173 114 529 188 62 336 24 84 30 71 31 41 71 808 24 27 73 28 29 112 32 36
leaf_count=3119 20 3572 138 200 43 90 286 2173 114 529 188 62 336 24 84 30 71 31 41 71 808 24 27 73 28 29 112 32 36
internal_value=-0.000272224 0.000983984 0.0058288 0.0226859 0.0565752 0.0127652 0.0391327 -0.0046097 0.0416752 0.000609546 0.0116477 -0.0147548 -0.00844745 -0.0252614 -0.0138108 0.120666 -0.00688542 -0.0268897 -0.036288 -0.0411354 0.0116477 -0.0577128 -0.0218166 -0.0227699 -0.0168421 -0.0331783 0.000609546 -0.0277376 -0.00688542
internal_weight=12391 11402 6110 1709 387 1322 376 5292 314 4401 717 989 618 371 182 73 462 156 189 148 946 48 126 136 99 100 3684 105 120
internal_count=12391 11402 6110 1709 387 1322 376 5292 314 4401 717 989 618 371 182 73 462 156 189 148 946 48 126 136 99 100 3684 105 120
is_linear=0
shrinkage=0.05


Tree=91
num_leaves=31
num_cat=0
split_feature=7 5 4 7 11 11 4 3 18 11 0 24 5 24 24 10 8 7 0 2 9 7 24 21 20 4 0 18 12 17
split_gain=88.6102 132.708 202.923 188.819 276.191 309.832 334.455 170.405 166.302 178.833 822.232 185.1 151.953 138.563 133.551 113.482 100.784 100.988 95.1163 92.9325 86.8725 116.926 82.3729 79.9706 78.0496 74.1944 73.9686 66.2665 65.8015 64.9229
threshold=1014.2500000000001 -0.49500000476837153 1.2549999952316286 1017.7500000000001 0.87834998965263378 -1.0000000180025095e-35 0.54500001668930065 124.50000000000001 25.60000038146973 0.87834998965263378 20.250000000000004 327.91499328613287 1.2649999856948855 237.08499908447268 37.915000915527351 1.0000000180025095e-35 375.50000000000006 1017.1499938964845 20.44999980926514 0.81999999284744274 0.60354998707771312 1013.2500000000001 37.915000915527351 11.550000190734865 6.2500000000000009 -0.54500001668930043 18.849999427795414 12.34999990463257 -0.56175000965595234 0.10350000113248826
decision_type=2 2 2 2 2 2 2 2 2 2 2 2 2 2 2 2 2 2 2 2 2 2 2 2 2 2 2 2 2 2
left_child=18 2 8 4 5 6 -3 19 9 11 -11 -2 14 -14 -9 22 17 -6 -1 -5 23 27 -4 -20 -21 -7 -17 -22 -25 -23
right_child=1 3 15 7 16 25 -8 12 -10 10 -12 -13 13 -15 -16 26 -18 -19 20 24 21 29 -24 28 -26 -27 -28 -29 -30 -31
leaf_value=-0.067809245652480907 0.020281326519192743 -0.013368206326907248 0.099767136960117908 0.054617111926587927 0.13525953486368256 0.023504964224994183 0.084656723601213513 0.020628776996992195 0.090195227820160137 -0.10596176880407171 0.0086608842964892262 -0.00011531524204959473 0.035589142255379229 -0.010317339702559941 -0.037839729563266658 0.036559175275033343 -0.0033285865248180928 0.0091553415358066569 -0.036522130237142673 -0.05058446238664064 0.020640743467249451 -0.028801976246519617 0.00056308511123862319 0.016490982162872782 0.012591249986885072 -0.034939101769052676 0.13154881252792844 0.092909841042644575 -0.016956258027051439 0.045898208012049267
leaf_weight=73 1773 162 27 120 77 65 188 111 56 201 706 2985 176 2489 813 32 25 20 328 55 79 136 93 214 440 330 57 53 470 37
leaf_count=73 1773 162 27 120 77 65 188 111 56 201 706 2985 176 2489 813 32 25 20 328 55 79 136 93 214 440 330 57 53 470 37
internal_value=-0.00035938 0.00114359 0.00622193 -0.00479499 0.0164505 0.00503052 0.0392852 -0.0091765 0.00445408 0.0036065 -0.0167406 0.0074852 -0.0133436 -0.00728562 -0.0308159 0.0546137 0.0861875 0.109259 -0.0122545 0.0151416 -0.00917511 0.0142164 0.022884 -0.0162249 0.00557173 -0.0253217 0.0973952 0.0496579 -0.00649177 -0.0128256
internal_weight=12391 11001 5930 5071 867 745 350 4204 5721 5665 907 4758 3589 2665 924 209 122 97 1390 615 1317 305 120 1012 495 395 89 132 684 173
internal_count=12391 11001 5930 5071 867 745 350 4204 5721 5665 907 4758 3589 2665 924 209 122 97 1390 615 1317 305 120 1012 495 395 89 132 684 173
is_linear=0
shrinkage=0.05


Tree=92
num_leaves=22
num_cat=0
split_feature=18 7 11 5 7 18 0 24 12 10 21 24 0 3 4 15 23 9 0 1 18
split_gain=85.0993 127.701 83.3684 134.245 257.976 208.939 270.813 118.788 103.406 135.808 152.666 120.846 119.519 162.839 100.798 61.0878 41.7879 26.5552 18.2253 2.92163 5.72772
threshold=1.5500000119209292 1027.7500000000002 0.60784998536109935 -1.3049999475479124 1021.6499938964845 9.5500001907348651 20.650000572204593 577.91500854492199 -0.56175000965595234 1.0000000180025095e-35 14.750000000000002 75.415000915527358 21.849999427795414 207.50000000000003 0.054999999701976783 1.310000002384186 71.500000000000014 -0.78654998540878285 23.750000000000004 53.500000000000007 1.3499999642372134
decision_type=2 2 2 2 2 2 2 2 2 2 2 2 2 2 2 2 2 2 2 2 2
left_child=16 2 8 5 7 17 -7 -5 9 11 -11 -2 15 -14 -6 -10 18 -4 -1 -18 -21
right_child=1 -3 3 4 14 6 -8 -9 12 10 -12 -13 13 -15 -16 -17 19 -19 -20 20 -22
leaf_value=-0.11166988206761225 0.028599430961826405 0.12333535069511051 -0.0048204318141011615 0.050370279133228418 0.034467039483863475 -0.0012926581068218924 0.043115000816100278 0.011160607215646186 -0.017824736392952272 0.004297597423131439 0.037101989800447786 -0.0094702390699492496 -0.0054900023483009236 0.028068467867834603 -0.013632206114239454 -0.008198033948111829 -0.017824736392952272 -0.017824736392952272 -0.049664640621705641 -0.044181468004755906 -0.017824736392952272
leaf_weight=21 236 21 394 536 134 413 465 302 1558 1175 508 1786 2419 425 582 680 55 590 22 33 36
leaf_count=21 236 21 394 536 134 413 465 302 1558 1175 508 1786 2419 425 582 680 55 590 22 33 36
internal_value=-0.000341411 0.000142908 -6.90925e-05 0.00655916 0.017409 -0.00249599 0.0152394 0.0362398 -0.00264586 0.00370664 0.0141993 -0.00502689 -0.00727712 -0.000475111 -0.00463039 -0.015921 -0.0357924 -0.0178247 -0.0782655 -0.0210638 -0.0289921
internal_weight=12391 12224 12203 3416 1554 1862 878 838 8787 3705 1683 2022 5082 2844 716 2238 167 984 43 124 69
internal_count=12391 12224 12203 3416 1554 1862 878 838 8787 3705 1683 2022 5082 2844 716 2238 167 984 43 124 69
is_linear=0
shrinkage=0.05


Tree=93
num_leaves=31
num_cat=0
split_feature=7 5 2 0 7 11 11 4 3 23 1 20 5 24 0 12 18 8 7 12 18 0 9 24 5 7 21 0 4 12
split_gain=79.0475 115.94 182.195 186.098 163.429 237.369 281.79 302.776 156.719 141.829 252.983 162.503 137.983 124.201 120.607 98.6128 92.3291 90.2821 90.9051 86.7037 85.7537 83.9718 87.5431 105.456 95.1087 74.0867 71.4723 71.0086 67.5838 57.4336
threshold=1014.2500000000001 -0.49500000476837153 3.5149999856948857 20.250000000000004 1017.7500000000001 0.87834998965263378 -1.0000000180025095e-35 0.54500001668930065 124.50000000000001 64.500000000000014 86.500000000000014 10.550000190734865 1.2649999856948855 237.08499908447268 23.349999427795414 1.0000000180025095e-35 9.1500000953674334 375.50000000000006 1017.1499938964845 1.0000000180025095e-35 11.050000190734865 20.650000572204593 0.60354998707771312 478.75000000000006 1.0000000180025095e-35 1025.7500000000002 11.550000190734865 20.650000572204593 -0.54500001668930043 -0.56175000965595234
decision_type=2 2 2 2 2 2 2 2 2 2 2 2 2 2 2 2 2 2 2 2 2 2 2 2 2 2 2 2 2 2
left_child=21 2 9 -4 5 6 7 -3 19 11 16 -2 14 -14 -10 -12 -11 18 -7 25 -5 -1 26 24 -24 -6 -23 -21 -8 -28
right_child=1 4 3 20 8 17 28 -9 12 10 15 -13 13 -15 -16 -17 -18 -19 -20 27 -22 22 23 -25 -26 -27 29 -29 -30 -31
leaf_value=-0.05976688110379174 0.0040267360599798921 -0.012761391849791701 -0.068427073149518541 -0.0090126721648384998 -0.017418389072649591 0.12641087700794271 0.022323231109632899 0.080505688436963457 -0.032597991167589838 0.020438378649664038 0.02588560993854816 0.020438378649664038 0.033782185310767758 -0.0096800473500522101 0.067721541104800706 0.14014374700145446 0.1279564878344536 -0.0048180582523345951 0.0067672044783830647 -0.027787084214207603 0.0040267360599798921 -0.034122079125189032 0.015245632042593145 -0.02672295625587659 0.09328090180125502 0.041126100623181894 0.015229998769186369 0.042885854509563191 -0.033456458785740051 -0.016018216393050799
leaf_weight=85 1732 162 110 1720 237 77 65 188 893 597 26 1105 176 2489 31 69 20 25 20 41 551 328 141 98 54 70 214 267 330 470
leaf_count=85 1732 162 110 1720 237 77 65 188 893 597 26 1105 176 2489 31 69 20 25 20 41 551 328 141 98 54 70 214 267 330 470
internal_value=-0.00037878 0.00104077 0.00578746 -0.00491254 -0.00450997 0.0152556 0.00466859 0.0373364 -0.00858627 0.012966 0.0329181 0.00795865 -0.0125825 -0.00680975 -0.0292323 0.108873 0.0212233 0.079906 0.101742 0.0147348 -0.0018361 -0.0116137 -0.00847728 0.0155903 0.0368554 -0.00406948 -0.0154455 0.0334781 -0.0242775 -0.00624173
internal_weight=12391 11001 5930 2381 5071 867 745 350 4204 3549 712 2837 3589 2665 924 95 617 122 97 615 2271 1390 1305 293 195 307 1012 308 395 684
internal_count=12391 11001 5930 2381 5071 867 745 350 4204 3549 712 2837 3589 2665 924 95 617 122 97 615 2271 1390 1305 293 195 307 1012 308 395 684
is_linear=0
shrinkage=0.05


Tree=94
num_leaves=27
num_cat=0
split_feature=24 7 12 11 11 2 7 7 3 4 11 5 5 18 3 11 11 4 20 11 7 7 8 6 1 7
split_gain=81.1734 107.228 266.176 150.663 181.976 157.513 138.778 221.646 205.445 150.413 111.743 191.005 157.639 107.482 186.064 269.39 96.9323 72.9352 53.633 47.3216 34.2993 24.7315 23.6991 17.4655 16.0182 13.8046
threshold=32.915000915527351 1024.4500122070315 0.81174999475479137 -0.60784998536109913 -1.0000000180025095e-35 3.8750000000000004 1022.3500061035157 1020.2500000000001 247.50000000000003 0.34499999880790716 0.60784998536109935 -0.90500000119209278 -1.3049999475479124 17.550000190734867 230.50000000000003 1.0000000180025095e-35 -0.87834998965263356 0.95499998331069957 9.1500000953674334 -0.60784998536109913 1026.9500122070315 1025.1499633789065 5.5000000000000009 672.50000000000011 87.500000000000014 1024.850036621094
decision_type=2 2 2 2 2 2 2 2 2 2 2 2 2 2 2 2 2 2 2 2 2 2 2 2 2 2
left_child=17 3 13 6 5 -5 7 9 -9 -2 11 -6 -12 14 20 -16 22 25 -7 -19 -3 -21 -8 -15 -4 -1
right_child=1 2 24 4 10 18 16 8 -10 -11 12 -13 -14 23 15 -17 -18 19 -20 21 -22 -23 -24 -25 -26 -27
leaf_value=0.017044946278730291 -0.014930475444296019 -0.0066664780530623141 -0.10899494469165803 0.017044946278730291 0.0065140341806696382 -0.016239642848237007 0.0020541436914402081 -0.03173087126635294 -0.14424226947806099 0.011991289978523631 -0.0023641321171131704 -0.017949125288100842 0.017044946278730291 0.017044946278730291 -0.21493079625070097 -0.026602634610766077 0.017044946278730291 0.11872282133948418 0.0052305951874719626 0.017044946278730291 -0.041606330464426911 0.069452180099837932 -0.03102484923741234 -0.00039798898390817211 -0.17151849425974347 0.06610168623072761
leaf_weight=48 1483 706 20 838 1554 511 98 521 44 798 1843 1640 1285 104 28 59 234 31 216 20 78 34 121 28 21 28
leaf_count=48 1483 706 20 838 1554 511 98 521 44 798 1843 1640 1285 104 28 59 234 31 216 20 78 34 121 28 21 28
internal_value=-0.00035864 -0.000822966 -0.0161478 0.000607319 0.00436025 0.0170449 -0.00836491 -0.0124565 -0.0404928 -0.00551199 0.000531505 -0.00604689 0.0072487 -0.0110434 -0.0178409 -0.087214 0.0170449 0.0349129 -0.00658376 0.0694842 -0.0101426 0.0412175 -0.0162224 0.0170449 -0.141019 0.0170449
internal_weight=12391 12230 1044 11186 7887 1565 3299 2846 565 2281 6322 3194 3128 1003 871 87 453 161 727 85 784 54 219 132 41 76
internal_count=12391 12230 1044 11186 7887 1565 3299 2846 565 2281 6322 3194 3128 1003 871 87 453 161 727 85 784 54 219 132 41 76
is_linear=0
shrinkage=0.05


Tree=95
num_leaves=31
num_cat=0
split_feature=10 12 9 18 6 24 5 23 18 15 17 10 18 24 8 5 18 23 18 21 12 24 4 7 0 1 8 20 11 7
split_gain=76.4385 112.722 493.61 133.934 149.703 133.841 115.7 107.449 119.361 80.895 86.5761 74.8278 92.437 68.3534 52.6548 51.4339 48.9809 47.8733 46.3117 40.1779 37.1084 43.1354 32.4283 27.376 26.9976 26.9578 26.4004 23.2717 19.8612 18.9973
threshold=0.91595000028610241 0.81174999475479137 -1.0000000180025095e-35 5.0499999523162851 472.50000000000006 643.75000000000011 0.37000000476837164 36.500000000000007 14.34999990463257 1.1500000357627871 0.14350000023841861 0.3793999999761582 20.050000190734867 725.41500854492199 179.50000000000003 1.919999957084656 19.94999980926514 43.500000000000007 16.750000000000004 4.8500001430511483 0.81174999475479137 650.41500854492199 0.054999999701976783 1020.3500061035157 22.44999980926514 89.500000000000014 172.50000000000003 11.949999809265138 -0.87834998965263356 1021.1499938964845
decision_type=2 2 2 2 2 2 2 2 2 2 2 2 2 2 2 2 2 2 2 2 2 2 2 2 2 2 2 2 2 2
left_child=9 3 5 6 7 -3 -2 -5 -9 19 11 12 15 23 17 -11 25 -12 -6 22 21 28 -1 -13 -22 -4 -23 -15 -21 -19
right_child=1 2 16 4 18 -7 -8 8 -10 10 14 13 -14 27 -16 -17 -18 29 -20 20 24 26 -24 -25 -26 -27 -28 -29 -30 -31
leaf_value=-0.024152589034531515 -0.13739128910625975 0.14294654632486947 -0.079664645116580168 0.015357880784458256 -0.011721944201311145 0.0052706473018793816 -0.011721944201311145 0.03040353618958529 0.07930483885614549 -0.0038479007239136751 0.018188976317616967 0.018188976317616967 0.018188976317616967 -0.0038479007239136751 0.018188976317616967 0.0054429666412097325 -0.017316132541080671 0.066613559502194511 0.015357880784458256 -0.0105252302790887 -0.024152589034531515 -0.024152589034531515 -0.07346773865548048 0.007724071306298725 -0.0038479007239136751 -0.1422640377566928 -0.0105252302790887 0.007724071306298725 -0.0038479007239136751 0.12280686742493085
leaf_weight=51 24 41 95 173 315 31 65 423 177 4299 28 695 282 554 69 1490 28 53 140 805 132 366 44 276 24 21 323 106 1240 21
leaf_count=51 24 41 95 173 315 31 65 423 177 4299 28 695 282 554 69 1490 28 53 140 805 132 366 44 276 24 21 323 106 1240 21
internal_value=-0.00019652 0.0102549 -0.0232238 0.0157458 0.0200383 0.0836694 -0.0434822 0.0334321 0.0448294 -0.00167212 0.000985285 0.000204025 -0.00235042 0.00971232 0.0361739 -0.00377318 -0.0766704 0.0610005 -0.00271632 -0.00868109 -0.00762936 -0.00619353 -0.0406758 0.0181512 -0.0241526 -0.0909973 -0.0172026 -0.00270307 -0.0038479 0.0825603
internal_weight=12391 1533 216 1317 1228 72 89 773 600 10858 7873 7702 6071 1631 171 5789 144 102 455 2985 2890 2734 95 971 156 116 689 660 2045 74
internal_count=12391 1533 216 1317 1228 72 89 773 600 10858 7873 7702 6071 1631 171 5789 144 102 455 2985 2890 2734 95 971 156 116 689 660 2045 74
is_linear=0
shrinkage=0.05


Tree=96
num_leaves=18
num_cat=0
split_feature=18 7 7 23 5 4 11 24 2 1 10 9 1 23 23 8 8
split_gain=73.8951 115.693 69.8355 107.339 108.879 153.706 140.133 90.1955 65.8604 43.0141 35.6138 35.1128 33.0297 31.0196 5.06621 3.75097 2.14138
threshold=1.4499999880790713 1027.7500000000002 1014.2500000000001 123.00000000000001 -0.35500000417232508 1.2549999952316286 0.87834998965263378 327.91499328613287 1.1250000000000002 58.500000000000007 -1.0000000180025095e-35 0.78654998540878307 91.500000000000014 70.500000000000014 72.500000000000014 17.500000000000004 598.50000000000011
decision_type=2 2 2 2 2 2 2 2 2 2 2 2 2 2 2 2 2
left_child=13 2 8 4 5 -4 -6 -5 11 10 -10 15 -11 -1 -15 -2 -16
right_child=1 -3 3 7 6 -7 -8 -9 9 12 -12 -13 -14 14 16 -17 -18
leaf_value=-0.084479831766199193 0.013452559136817799 0.11745892422539848 0.0039062166938910164 0.15917310430890039 -0.0079801040301584938 0.041085883140908636 0.016521080042722815 0.041085883140908636 -0.011363435674163445 -0.018065175608450633 0.013452559136817799 0.092394367439140174 0.0063962964131834277 -0.043273074206496988 -0.031011887479675228 0.034599122476010095 -0.018065175608450633
leaf_weight=27 20 21 5726 21 4153 241 679 21 205 861 123 21 138 28 20 21 65
leaf_count=27 20 21 5726 21 4153 241 679 21 205 861 123 21 138 28 20 21 65
internal_value=-0.000211609 0.000201157 -1.85401e-07 0.00135223 0.00104196 0.00555986 -0.00453716 0.0811298 -0.0105557 -0.0129091 0.0028013 0.0398142 -0.0180652 -0.0363315 -0.024827 0.0134526 -0.0187507
internal_weight=12391 12251 12230 10841 10799 5967 4832 42 1389 1327 328 62 999 140 113 41 85
internal_count=12391 12251 12230 10841 10799 5967 4832 42 1389 1327 328 62 999 140 113 41 85
is_linear=0
shrinkage=0.05


Tree=97
num_leaves=30
num_cat=0
split_feature=15 0 18 5 12 9 23 18 24 3 10 2 2 10 3 8 4 5 1 24 5 1 6 18 9 4 4 5 7
split_gain=69.0264 128.769 83.939 177.056 81.1956 106.123 86.0323 100.712 74.7105 92.7944 66.927 50.5237 36.4769 32.6308 31.5886 24.8458 18.0486 15.4283 15.0499 14.8868 14.2593 48.3438 9.37382 5.01711 4.81209 4.16145 15.581 6.96404 4.04411
threshold=1.2450000047683718 21.650000572204593 2.9500000476837163 1.8049999475479128 0.81174999475479137 -1.0000000180025095e-35 37.500000000000007 16.750000000000004 59.584999084472663 326.50000000000006 0.3793999999761582 4.0450000762939462 0.76499998569488536 0.78654998540878307 5.5000000000000009 320.50000000000006 0.10500000044703485 1.0549999475479128 95.500000000000014 410.41499328613287 2.2350000143051152 80.500000000000014 407.50000000000006 20.050000190734867 -0.37939999997615809 -1.2150000333786009 0.28499999642372137 -3.2949999570846553 1017.5499877929689
decision_type=2 2 2 2 2 2 2 2 2 2 2 2 2 2 2 2 2 2 2 2 2 2 2 2 2 2 2 2 2
left_child=1 2 3 13 6 -6 7 -4 9 12 14 17 16 -1 19 -3 -2 -12 -11 -10 -16 -22 -13 -14 -8 -17 27 -27 -19
right_child=8 15 4 -5 5 -7 24 -9 10 18 11 22 23 -15 20 25 -18 28 -20 -21 21 -23 -24 -25 -26 26 -28 -29 -30
leaf_value=-0.15822471864521503 0.096774891267220178 0.00048371932472877427 -0.030496234192925149 -0.030496234192925149 -0.0052825743764177277 -0.030496234192925149 -0.012749361138621483 -0.012749361138621483 0.016172449742372315 0.067147719516203949 0.016172449742372315 0.0083280845335505435 0.016172449742372315 -0.080147145202626363 0.00048371932472877427 -0.0052825743764177277 0.039836647414691499 0.016172449742372315 0.12049540719017388 0.00048371932472877427 0.00048371932472877427 0.016172449742372315 0.00048371932472877427 0.039836647414691499 -0.0052825743764177277 -0.0052825743764177277 -0.0052825743764177277 0.00048371932472877427 0.0083280845335505435
leaf_weight=32 21 2324 542 68 99 312 274 434 85 39 625 94 120 23 2509 768 20 31 20 102 446 371 307 57 1430 304 319 397 218
leaf_count=32 21 2324 542 68 99 312 274 434 85 39 625 94 120 23 2509 768 20 31 20 102 446 371 307 57 1430 304 319 397 218
internal_value=-0.000208864 -0.00331186 -0.0110489 -0.0515555 -0.00943699 -0.0301305 -0.00626348 -0.0202161 0.00427929 0.0295262 0.00281869 0.0128005 0.0161724 -0.125574 0.000483719 0.000483719 0.0635008 0.0161724 0.0852317 0.0161724 0.000483719 0.00893628 0.000483719 0.0161724 -0.00528257 -0.00528257 -0.00175002 0.000483719 0.00832808
internal_weight=12391 7326 3214 123 3091 411 2680 976 5065 277 4788 1275 218 55 3513 4112 41 874 59 187 3326 817 401 177 1704 1788 1020 701 249
internal_count=12391 7326 3214 123 3091 411 2680 976 5065 277 4788 1275 218 55 3513 4112 41 874 59 187 3326 817 401 177 1704 1788 1020 701 249
is_linear=0
shrinkage=0.05


Tree=98
num_leaves=31
num_cat=0
split_feature=8 0 18 2 12 9 1 24 0 7 5 7 23 5 17 5 5 5 20 2 11 24 4 12 1 9 23 8 12 9
split_gain=68.5459 95.2001 148.551 138.205 115.423 242.534 185.071 135.248 113.887 108.593 147.379 89.7046 75.4854 139.603 42.431 41.6773 54.033 46.275 35.3059 22.499 19.0275 27.9886 16.6905 15.4778 15.4082 12.0972 8.4994 4.83665 3.30209 2.92611
threshold=662.50000000000011 21.849999427795414 9.6500000953674334 3.4050000905990605 0.81174999475479137 -1.0000000180025095e-35 96.500000000000014 93.750000000000014 20.050000190734867 1018.1499938964845 1.8049999475479128 1026.850036621094 37.500000000000007 1.2649999856948855 0.10750000178813936 0.71999999880790722 1.3149999976158144 -0.29500000178813929 17.550000190734867 2.9050000905990605 1.0000000180025095e-35 609.58499145507824 0.97500002384185802 -0.56175000965595234 72.500000000000014 0.60354998707771312 61.500000000000007 1.0000000180025095e-35 1.0000000180025095e-35 -0.6035499870777129
decision_type=2 2 2 2 2 2 2 2 2 2 2 2 2 2 2 2 2 2 2 2 2 2 2 2 2 2 2 2 2 2
left_child=1 4 18 9 11 -6 7 -7 -8 10 -4 12 13 -1 22 17 -17 19 25 23 -5 -22 -13 -2 26 -3 -21 -14 -25 -18
right_child=15 2 3 20 5 6 8 -9 -10 -11 -12 14 27 -15 -16 16 29 -19 -20 24 21 -23 -24 28 -26 -27 -28 -29 -30 -31
leaf_value=-0.0040215180490978603 0.046786077475796148 0.00099604560321331121 0.037827506681335055 0.0096493522192596503 0.00099604560321331121 0.00099604560321331121 -0.21752801727164878 -0.046087394434410303 -0.054740481876901219 0.022166993965488067 0.11137850787268865 -0.053449019141819168 0.00099604560321331121 -0.03833405626583665 0.00099604560321331121 -0.10602703177928925 -0.02893578634162744 0.050678773404609773 0.0096493522192596503 -0.042644846066832547 0.022166993965488067 0.0096493522192596503 -0.10724552997520992 0.01894154880373251 -0.058068661987781524 0.0053226989112364802 -0.012292799469582246 -0.0040215180490978603 -0.00088789465630016717 -0.0094706055251523296
leaf_weight=1560 24 3518 360 531 212 189 22 439 21 302 84 46 2059 337 22 25 75 31 158 24 162 191 21 21 20 346 592 937 36 26
leaf_count=1560 24 3518 360 531 212 189 22 439 21 302 84 46 2059 337 22 25 75 31 158 24 162 191 21 21 20 346 592 937 36 26
internal_value=-0.000112499 0.000911958 0.00554272 0.0183027 -0.00355062 -0.0202117 -0.0376756 -0.0308044 -0.138027 0.0346846 0.0517426 -0.000597649 0.000307214 -0.00903908 -0.0503448 -0.0136121 -0.040215 -0.00913087 0.000996046 -0.0117168 0.00964935 0.022167 -0.0703106 0.0131019 -0.0148777 0.000996046 -0.0134753 0.000996046 -0.000887895 -0.0239249
internal_weight=12391 11517 5652 1630 5865 883 671 628 43 746 444 4982 4893 1897 89 874 126 748 4022 717 884 353 67 81 636 3864 616 2996 57 101
internal_count=12391 11517 5652 1630 5865 883 671 628 43 746 444 4982 4893 1897 89 874 126 748 4022 717 884 353 67 81 636 3864 616 2996 57 101
is_linear=0
shrinkage=0.05


Tree=99
num_leaves=27
num_cat=0
split_feature=7 23 5 4 3 12 0 11 23 24 18 0 23 3 24 0 24 18 3 3 5 6 8 0 18 3
split_gain=65.736 93.8785 91.2117 150.717 130.012 153.553 202.688 128.765 141.222 125.439 120.255 282.715 116.71 112.413 82.1973 73.4313 69.9841 38.8575 42.6768 31.6916 24.279 22.2164 18.3574 12.2573 3.05761 1.91614
threshold=1014.2500000000001 123.00000000000001 -0.49500000476837153 1.2549999952316286 237.50000000000003 0.81174999475479137 20.150000572204593 0.87834998965263378 26.500000000000004 32.915000915527351 6.7500000000000009 21.44999980926514 59.500000000000007 108.50000000000001 327.91499328613287 20.44999980926514 126.25000000000001 13.949999809265138 245.50000000000003 174.50000000000003 -2.8649998903274532 317.50000000000006 3.5000000000000004 27.849999427795414 14.949999809265138 354.50000000000006
decision_type=2 2 2 2 2 2 2 2 2 2 2 2 2 2 2 2 2 2 2 2 2 2 2 2 2 2
left_child=15 2 3 10 7 9 -7 13 -9 -6 11 -2 -12 -4 -3 20 -17 18 19 -18 24 25 -5 -20 -1 -19
right_child=1 14 4 22 5 6 -8 8 -10 -11 12 -13 -14 -15 -16 16 17 21 23 -21 -22 -23 -24 -25 -26 -27
leaf_value=-0.051902856615682447 -0.057474878868206514 0.15061329489662534 0.018039876302180825 0.038407639850136177 0.038407639850136177 -0.12755640695450474 -0.0060447539028245963 -0.073452973061878438 0.02594695118775215 -0.021150963235326347 0.0061990267037371647 0.0006204150753796367 0.036659301025190813 -0.0077152168313766763 0.038407639850136177 0.059279599791012806 -0.012443659644593616 0.024852099855099903 -0.03334796663742761 0.002230520209079264 -0.096744788079350094 0.002230520209079264 -0.0072925466984029748 -0.008246874828871929 -0.03334796663742761 0.013541310032089582
leaf_weight=24 236 21 488 178 66 74 64 38 599 500 3264 1859 348 3214 21 38 952 68 77 68 27 34 31 57 22 23
leaf_count=24 236 21 488 178 66 74 64 38 599 500 3264 1859 348 3214 21 38 952 68 77 68 27 34 31 57 22 23
internal_value=-4.89862e-05 0.00124554 0.000959596 0.00517113 -0.003981 -0.0239119 -0.0712032 -0.000747231 0.0200173 -0.0123815 0.00360616 -0.00592397 0.00913374 -0.00432016 0.0758557 -0.0102943 -0.0075887 -0.0095754 -0.0124437 -0.00887356 -0.0591072 0.0169047 0.0384076 -0.033348 -0.0370156 0.0248521
internal_weight=12391 11001 10959 5916 5043 704 138 4339 637 566 5707 2095 3612 3702 42 1390 1317 1279 1154 1020 73 125 209 134 46 91
internal_count=12391 11001 10959 5916 5043 704 138 4339 637 566 5707 2095 3612 3702 42 1390 1317 1279 1154 1020 73 125 209 134 46 91
is_linear=0
shrinkage=0.05


Tree=100
num_leaves=31
num_cat=0
split_feature=8 0 4 6 12 15 18 5 11 7 7 11 9 17 12 9 8 9 7 7 1 4 9 7 3 24 10 23 12 9
split_gain=66.8301 152.301 242.947 152.181 187.288 113.476 90.9808 155.059 90.1065 167.489 184.55 81.327 75.2614 73.0459 69.6121 129.576 91.1947 53.3669 52.3669 52.6625 47.5189 138.532 46.0506 39.1885 38.5914 91.0415 36.4579 36.2381 24.203 3.9731
threshold=273.50000000000006 22.150000572204593 0.56499999761581432 362.50000000000006 0.81174999475479137 1.2450000047683718 2.9500000476837163 1.8049999475479128 -1.0000000180025095e-35 1018.5499877929689 1015.6499938964845 0.87834998965263378 0.78654998540878307 0.11150000244379045 0.81174999475479137 -1.0000000180025095e-35 1.5000000000000002 0.60354998707771312 1027.7500000000002 1026.350036621094 87.500000000000014 -0.27500000596046442 -0.37939999997615809 1016.1499938964845 44.500000000000007 291.25000000000006 0.78654998540878307 134.00000000000003 0.81174999475479137 -1.0000000180025095e-35
decision_type=2 2 2 2 2 2 2 2 2 2 2 2 2 2 2 2 2 2 2 2 2 2 2 2 2 2 2 2 2 2
left_child=1 5 3 4 11 6 7 26 9 10 -4 -3 23 -11 16 -16 -8 -6 19 20 24 -22 -21 -10 25 -2 -1 -26 -7 -30
right_child=18 2 8 -5 17 28 14 -9 12 13 -12 -13 -14 -15 15 -17 -18 -19 -20 22 21 -23 -24 -25 27 -27 -28 -29 29 -31
leaf_value=-0.14277176310283107 0.027773880394665103 0.017374863972966906 0.037683147764592258 0.0053230086684907191 0.077041937469651822 0.0053230086684907191 -0.0010935494828917941 -0.027308672439400217 0.0053230086684907191 0.0053230086684907191 0.16070759573153087 0.07599304101119439 0.084811516695244379 0.079319907554558353 -0.0010935494828917941 -0.027308672439400217 -0.019067331457249627 0.17028279957317172 0.074859269708395001 -0.016524333800330308 0.023229921537523086 -0.14724773276935926 -0.10868818487810053 0.033824983586628853 -0.0093518879852357139 -0.0051351224650546777 -0.06715070248714515 0.04788662078125136 0.0053230086684907191 -0.0010935494828917941
leaf_weight=37 274 517 54 1472 57 2130 2341 65 62 49 70 60 43 35 123 366 750 21 20 33 26 22 23 130 2226 902 28 28 90 337
leaf_count=37 274 517 54 1472 57 2130 2341 65 62 49 70 60 43 35 123 366 750 21 20 33 26 22 23 130 2226 902 28 28 90 337
internal_value=-2.90415e-05 0.00229964 0.0125498 0.00553403 0.0294267 -0.00190381 -0.00751011 -0.0485993 0.0462352 0.0702041 0.107132 0.0195965 0.0250201 0.0156908 -0.00601804 -0.0235474 -0.00324488 0.102145 -0.00581928 -0.00627587 -0.00550138 -0.0549057 -0.0543773 0.0116293 -0.00481 0.00253245 -0.110197 -0.00864085 0.00532301 -0.00109355
internal_weight=12391 8837 2570 2127 655 6267 3710 130 443 208 124 577 235 84 3580 489 3091 78 3554 3534 3478 48 56 192 3430 1176 65 2254 2557 427
internal_count=12391 8837 2570 2127 655 6267 3710 130 443 208 124 577 235 84 3580 489 3091 78 3554 3534 3478 48 56 192 3430 1176 65 2254 2557 427
is_linear=0
shrinkage=0.05


Tree=101
num_leaves=13
num_cat=0
split_feature=18 7 7 11 7 3 4 11 20 21 9 23
split_gain=63.9938 97.6192 69.3199 73.3548 173.459 199.668 123.898 121.665 360.966 114.725 36.0002 2.1051
threshold=1.3499999642372134 1027.7500000000002 1026.6499633789065 -0.60784998536109913 1022.3500061035157 41.500000000000007 0.92500001192092907 -1.0000000180025095e-35 9.0500001907348651 25.149999618530277 -0.78654998540878285 72.500000000000014
decision_type=2 2 2 2 2 2 2 2 2 2 2 2
left_child=10 2 3 4 6 -6 -2 8 -5 -9 11 -1
right_child=1 -3 -4 7 5 -7 -8 9 -10 -11 -12 -13
leaf_value=-0.032776701002148911 -0.015973075951393984 0.10797422258626849 -0.019523947644544584 -0.0092789254905441577 0.10583783554534117 0.0094002531087327909 0.0097305255706729137 -0.0011005156892177686 0.035470490848096378 0.039132023789500314 -0.088905957948278505 -0.019523947644544584
leaf_weight=32 2268 21 141 847 60 509 591 6706 963 182 27 44
leaf_count=32 2268 21 141 847 60 509 591 6706 963 182 27 44
internal_value=-6.48731e-05 0.000264103 7.97126e-05 0.000552499 -0.00564212 0.0195694 -0.0106597 0.00299388 0.0145297 -3.74608e-05 -0.039312 -0.0216931
internal_weight=12391 12288 12267 12126 3428 569 2859 8698 1810 6888 103 76
internal_count=12391 12288 12267 12126 3428 569 2859 8698 1810 6888 103 76
is_linear=0
shrinkage=0.05


Tree=102
num_leaves=30
num_cat=0
split_feature=24 10 6 11 23 12 4 18 5 24 11 1 1 18 3 1 9 17 24 12 23 18 11 2 0 1 4 23 8
split_gain=61.226 73.4743 83.1615 97.8433 95.9977 143.511 82.0674 72.4727 62.8362 116.78 100.16 56.1752 55.6638 51.2613 64.1357 48.508 39.2161 30.7633 24.0096 20.2759 19.8624 24.4578 17.5988 13.1298 10.1452 5.4026 5.92686 3.13034 2.75335
threshold=923.75000000000011 1.0000000180025095e-35 42.500000000000007 1.0000000180025095e-35 54.500000000000007 1.0000000180025095e-35 0.59499999880790722 26.399999618530277 1.919999957084656 307.91499328613287 0.60784998536109935 92.500000000000014 91.500000000000014 20.050000190734867 336.50000000000006 87.500000000000014 -1.0000000180025095e-35 0.094499997794628157 32.915000915527351 1.0000000180025095e-35 57.500000000000007 10.650000095367433 0.60784998536109935 5.5150001049041757 23.250000000000004 76.500000000000014 -0.94499999284744252 79.500000000000014 3.5000000000000004
decision_type=2 2 2 2 2 2 2 2 2 2 2 2 2 2 2 2 2 2 2 2 2 2 2 2 2 2 2 2 2
left_child=1 7 3 16 5 11 22 8 13 17 -11 -4 15 18 -15 -5 -3 -10 -1 -14 21 25 -6 24 28 26 -2 -25 -22
right_child=20 2 4 12 6 -7 -8 -9 9 10 -12 -13 19 14 -16 -17 -18 -19 -20 -21 23 -23 -24 27 -26 -27 -28 -29 -30
leaf_value=0.0061000282102460389 -0.047144923472043243 0.070090845278709346 0.0057363381641761749 0.052437474490965121 0.0057363381641761749 -0.0054308831251609034 0.015846351789295565 0.069121030739375519 0.016531082089954807 -0.0054308831251609034 0.016531082089954807 -0.0054308831251609034 0.015846351789295565 0.033046348171315486 0.0061000282102460389 0.12548298094330765 0.015846351789295565 0.033046348171315486 -0.0054308831251609034 0.062826448549395023 -0.0090864994337558347 -0.019486980442700082 0.015846351789295565 -0.019486980442700082 -0.0054308831251609034 -0.035450461958251758 -0.081639293469488616 -0.012742115742350766 -0.012742115742350766
leaf_weight=122 33 38 1601 51 873 1170 564 35 31 863 361 237 22 185 57 41 202 187 4462 23 112 59 251 114 431 21 20 67 158
leaf_count=122 33 38 1601 51 873 1170 564 35 31 863 361 237 22 185 57 41 202 187 4462 23 112 59 251 114 431 21 20 67 158
internal_value=-7.25635e-05 0.000977276 0.00545631 0.0280503 0.00364244 -0.00171285 0.0131855 -0.0026277 -0.00302833 0.00614624 1.5816e-05 0.00573634 0.0627004 -0.00543088 0.0176309 0.0849904 0.0158464 0.0330463 -0.00543088 0.0171299 -0.011839 -0.029851 0.00573634 -0.00912295 -0.00599725 -0.0514139 -0.0601617 -0.019487 -0.0127421
internal_weight=12391 11376 5073 377 4696 3008 1688 6303 6268 1442 1224 1838 137 4826 242 92 240 218 4584 45 1015 133 1124 882 701 74 53 181 270
internal_count=12391 11376 5073 377 4696 3008 1688 6303 6268 1442 1224 1838 137 4826 242 92 240 218 4584 45 1015 133 1124 882 701 74 53 181 270
is_linear=0
shrinkage=0.05


Tree=103
num_leaves=28
num_cat=0
split_feature=24 7 12 11 11 7 7 3 4 5 3 3 11 1 5 11 4 10 11 0 1 11 8 7 24 1 7
split_gain=58.0406 95.6489 216.713 118.807 157.094 123.18 187.605 186.522 117.916 113.397 90.7291 82.2067 104.633 78.3807 104.568 76.5114 64.6494 54.7168 42.9434 41.8644 35.5419 51.8103 20.9875 19.425 17.7179 11.1666 8.96358
threshold=32.915000915527351 1024.4500122070315 0.81174999475479137 -0.60784998536109913 -1.0000000180025095e-35 1022.3500061035157 1020.2500000000001 247.50000000000003 0.34499999880790716 -3.3549998998641963 124.50000000000001 5.5000000000000009 0.60784998536109935 82.500000000000014 0.9650000035762788 -0.87834998965263356 0.95499998331069957 -0.98295000195503224 -0.60784998536109913 22.349999427795414 79.500000000000014 1.0000000180025095e-35 5.5000000000000009 1025.1499633789065 547.08499145507824 87.500000000000014 1025.1499633789065
decision_type=2 2 2 2 2 2 2 2 2 2 2 2 2 2 2 2 2 2 2 2 2 2 2 2 2 2 2
left_child=16 3 10 5 9 6 8 -8 -2 19 20 24 -13 17 -15 22 26 -12 -18 -5 21 -3 -7 -20 -6 -4 -1
right_child=1 2 25 4 11 15 7 -9 -10 -11 13 12 -14 14 -16 -17 18 -19 23 -21 -22 -23 -24 -25 -26 -27 -28
leaf_value=0.014584082099372939 -0.012965443342258754 -0.032876255708391366 -0.10093361586332322 -0.034340537133382615 0.014584082099372939 0.0019917153130874646 -0.028460331724000365 -0.13566505606709556 0.010871267903661519 0.014584082099372939 -0.064862498588627207 -0.0076017445240774669 0.0056556937296104474 -0.082834287690982389 -0.020851317326099995 0.014584082099372939 0.10979953581287015 0.0037496860650415194 0.014584082099372939 -0.0016695454163490832 0.014584082099372939 0.014584082099372939 -0.029137393828743131 0.061000356538330802 -0.019786481587335661 -0.15313680654480344 0.061437768075201252
leaf_weight=49 1483 97 20 130 290 98 521 44 798 1036 32 3012 2942 89 289 234 31 316 20 399 87 93 121 34 78 21 27
leaf_count=49 1483 97 20 130 290 98 521 44 798 1036 32 3012 2942 89 289 234 31 316 20 399 87 93 121 34 78 21 27
internal_value=-0.000132195 -0.000524824 -0.0149987 0.000826034 0.00415868 -0.00714139 -0.0110153 -0.036809 -0.00462625 0.0145841 -0.0103929 0.000522903 -0.00105096 -0.0196818 -0.0354452 0.0145841 0.029693 -0.00255948 0.0628939 -0.00969833 0.0139528 -0.00705472 -0.0152075 0.0359666 0.0145841 -0.127672 0.0145841
internal_weight=12391 12230 1044 11186 7887 3299 2846 565 2281 1565 1003 6322 5954 726 378 453 161 348 85 529 277 190 219 54 368 41 76
internal_count=12391 12230 1044 11186 7887 3299 2846 565 2281 1565 1003 6322 5954 726 378 453 161 348 85 529 277 190 219 54 368 41 76
is_linear=0
shrinkage=0.05


Tree=104
num_leaves=31
num_cat=0
split_feature=10 12 9 24 18 6 5 23 18 20 4 7 12 7 24 0 7 11 17 1 5 18 18 9 3 18 1 5 4 7
split_gain=58.9415 84.7712 424.205 115.601 109.675 123.929 100.72 95.4008 102.547 59.4116 59.385 106.457 107.554 127.434 83.2711 184.343 354.386 98.9285 75.4192 61.0421 60.9606 42.5625 37.7984 29.2908 35.4574 25.527 23.731 20.7407 18.4338 17.0699
threshold=0.91595000028610241 0.81174999475479137 -1.0000000180025095e-35 643.75000000000011 5.0499999523162851 472.50000000000006 0.37000000476837164 36.500000000000007 14.34999990463257 21.899999618530277 1.2549999952316286 1023.2500000000001 0.81174999475479137 1020.1499938964845 111.25000000000001 20.650000572204593 1018.6499938964845 1.0000000180025095e-35 0.092500001192092909 93.500000000000014 -1.5049999952316282 19.94999980926514 16.750000000000004 0.91595000028610241 67.500000000000014 22.750000000000004 89.500000000000014 -0.085000000894069658 1.044999957084656 1020.4500122070314
decision_type=2 2 2 2 2 2 2 2 2 2 2 2 2 2 2 2 2 2 2 2 2 2 2 2 2 2 2 2 2 2
left_child=9 4 3 -3 6 7 -2 -6 -9 10 14 12 18 -14 17 16 -16 20 -12 -17 -1 26 29 24 -11 27 -4 -13 -19 -7
right_child=1 2 21 -5 5 22 -8 8 -10 23 11 25 13 -15 15 19 -18 28 -20 -21 -22 -23 -24 -25 -26 -27 -28 -29 -30 -31
leaf_value=0.020446164968502094 -0.1273253307833026 0.13434490765013346 -0.072108183620791688 0.0063938613845816554 0.013581511509071997 -0.010900360479637708 -0.010900360479637708 0.027521621992885322 0.072848000388992376 0.085620101718675526 -0.074330272986775345 -0.060163255057790702 -0.033034803326695394 0.020446164968502094 -0.05553506627525856 -1.7721112877835322e-05 -0.011446404677647293 0.020446164968502094 0.020446164968502094 -0.011446404677647293 0.0021091927631409343 -0.014056786642010724 0.013581511509071997 0.092843087718245537 0.020446164968502094 0.020446164968502094 -0.13084161111286707 -0.018627128492084307 0.0021091927631409343 0.0013405755147171455
leaf_weight=154 24 41 95 31 173 209 65 423 177 21 21 34 234 113 528 6091 886 342 1039 386 589 28 140 21 35 26 21 259 79 106
leaf_count=154 24 41 95 31 173 209 65 423 177 21 21 34 234 113 528 6091 886 342 1039 386 589 28 140 21 35 26 21 259 79 106
internal_value=1.63181e-05 0.00919396 -0.0198388 0.0792549 0.0139556 0.01784 -0.0396408 0.0300264 0.0408929 -0.00127944 -0.00159201 0.00690767 0.0128203 -0.011345 -0.00321216 -0.00505371 -0.0214098 0.00927209 0.0204462 -0.00148299 0.00210919 -0.0693857 -0.00286336 0.0424843 0.0235998 -0.0191711 -0.082741 -0.023447 0.0204462 -0.0109004
internal_weight=12391 1533 216 72 1317 1228 89 773 600 10858 10781 1726 1407 347 9055 7891 1414 1164 1060 6477 743 144 455 77 56 319 116 293 421 315
internal_count=12391 1533 216 72 1317 1228 89 773 600 10858 10781 1726 1407 347 9055 7891 1414 1164 1060 6477 743 144 455 77 56 319 116 293 421 315
is_linear=0
shrinkage=0.05


Tree=105
num_leaves=26
num_cat=0
split_feature=2 0 18 11 18 24 5 15 24 12 10 7 12 6 1 24 7 4 8 24 7 6 1 9 7
split_gain=57.2484 71.9391 154.155 155.237 119.079 78.8167 234.738 74.2436 50.5443 41.8933 24.1914 22.6062 18.8142 13.3889 22.5121 18.2935 10.6511 6.09235 3.67752 2.23063 2.09622 1.96655 1.70615 0.382123 0.596465
threshold=5.4849998950958261 21.650000572204593 9.6500000953674334 0.60784998536109935 20.44999980926514 338.75000000000006 1.7649999856948855 1.2450000047683718 574.58499145507824 0.81174999475479137 1.0000000180025095e-35 1021.1499938964845 -0.56175000965595234 722.50000000000011 81.500000000000014 819.58499145507824 1018.1499938964845 -4.4349999427795401 541.50000000000011 1047.914978027344 1014.5499877929689 207.50000000000003 50.500000000000007 1.0000000180025095e-35 1017.5499877929689
decision_type=2 2 2 2 2 2 2 2 2 2 2 2 2 2 2 2 2 2 2 2 2 2 2 2 2
left_child=1 7 9 5 8 6 -4 -1 -5 -3 12 -11 17 15 -15 20 -6 -2 -19 -14 -12 -7 -20 24 -16
right_child=10 2 3 4 16 21 -8 -9 -10 11 13 -13 19 14 23 -17 -18 18 22 -21 -22 -23 -24 -25 -26
leaf_value=-0.0052471611761709391 -0.04838274344801903 0.00073744549083020958 0.02121146318953876 0.047262386657763278 0.11886270656142124 0.02121146318953876 0.14577177726640933 0.00073744549083020958 0.009136689803892829 0.009136689803892829 -0.014574321750622107 0.00073744549083020958 -0.0052471611761709391 -0.069904514785968902 -0.023901482325073276 -0.023901482325073276 0.080044606365263463 -0.0052471611761709391 -0.010734275592999026 -0.029135488672514583 -0.0052471611761709391 0.009136689803892829 -0.026356736084117611 -0.023901482325073276 -0.031681910581713504
leaf_weight=3119 20 3684 297 200 43 104 41 2173 114 529 47 188 427 33 20 110 30 29 22 35 72 880 85 46 43
leaf_count=3119 20 3684 297 200 43 104 41 2173 114 529 47 188 427 33 20 110 30 29 22 35 72 880 85 46 43
internal_value=2.21732e-05 0.00102311 0.00471927 0.0175359 0.045388 0.00938258 0.0332862 -0.00324438 0.032015 0.000737445 -0.0115174 0.00913669 -0.00545852 -0.0216102 -0.0336724 -0.0141305 0.10291 -0.0226163 -0.0188271 -0.00524716 -0.00524716 0.00913669 -0.0231446 -0.0239015 -0.0281025
internal_weight=12391 11402 6110 1709 387 1322 338 5292 314 4401 989 717 618 371 142 229 73 156 136 462 119 984 107 109 63
internal_count=12391 11402 6110 1709 387 1322 338 5292 314 4401 989 717 618 371 142 229 73 156 136 462 119 984 107 109 63
is_linear=0
shrinkage=0.05


Tree=106
num_leaves=20
num_cat=0
split_feature=18 7 7 6 11 11 2 7 11 4 3 18 11 23 2 4 9 23 8
split_gain=56.739 85.7665 56.2311 150.76 95.2077 161.971 388.498 121.98 156.437 101.87 96.1909 85.5155 79.9956 24.4045 16.5337 15.9872 11.6627 4.33841 1.76505
threshold=1.4499999880790713 1027.7500000000002 1024.4500122070315 32.500000000000007 -0.60784998536109913 -1.0000000180025095e-35 3.3199999332427983 1022.3500061035157 -0.87834998965263356 0.92500001192092907 5.5000000000000009 17.550000190734867 1.0000000180025095e-35 70.500000000000014 2.9050000905990605 0.10500000044703485 -0.91595000028610218 72.500000000000014 616.50000000000011
decision_type=2 2 2 2 2 2 2 2 2 2 2 2 2 2 2 2 2 2 2
left_child=13 2 4 12 7 6 -6 9 -9 -2 -7 16 -4 -1 -13 -14 -5 -15 -19
right_child=1 -3 3 11 5 10 -8 8 -10 -11 -12 14 15 17 -16 -17 -18 18 -20
leaf_value=-0.074406376412069361 -0.014590848303307239 0.10127199803079878 0.018426124047762001 0.0013663408150350236 0.047897421618144136 0.025431577945480184 -0.0025441457282956836 -0.013099022480594212 0.045397772441892963 0.0087171393829701595 -0.0009463922752695977 0.018426124047762001 0.11878520268946886 -0.038564919068344999 0.0013663408150350236 0.067402692426495811 -0.015693442417691956 -0.027218568613028793 -0.015693442417691956
leaf_weight=27 2267 21 21 66 656 367 913 215 244 591 5931 100 24 28 22 41 772 28 57
leaf_count=27 2267 21 21 66 656 367 913 215 244 591 5931 100 24 28 22 41 772 28 57
internal_value=-4.90853e-05 0.000312604 0.000139248 -0.0109468 0.00117609 0.00417163 0.0185455 -0.00592851 0.0179973 -0.00977104 0.000590717 -0.0156934 0.0525457 -0.0316995 0.0184261 0.0863747 -0.0156934 -0.0214952 -0.0158722
internal_weight=12391 12251 12230 1046 11184 7867 1569 3317 459 2858 6298 960 86 140 122 65 838 113 85
internal_count=12391 12251 12230 1046 11184 7867 1569 3317 459 2858 6298 960 86 140 122 65 838 113 85
is_linear=0
shrinkage=0.05


Tree=107
num_leaves=13
num_cat=0
split_feature=18 7 7 8 23 24 11 9 12 23 5 1
split_gain=50.9506 77.5303 60.3741 57.819 67.1719 85.5022 63.0232 31.7636 27.976 66.6903 14.6278 1.55154
threshold=1.3499999642372134 1027.7500000000002 1026.6499633789065 662.50000000000011 120.50000000000001 332.08500671386724 -0.60784998536109913 -0.78654998540878285 0.81174999475479137 91.500000000000014 -4.4149999618530265 53.500000000000007
decision_type=2 2 2 2 2 2 2 2 2 2 2 2
left_child=7 2 3 4 6 -6 -2 11 10 -10 -5 -1
right_child=1 -3 -4 8 5 -7 -8 -9 9 -11 -12 -13
leaf_value=-0.017437958632963883 -0.0048866344357091415 0.096208397192614425 -0.017437958632963883 -0.002800033411185723 0.13745468627838861 0.02704986723759438 0.003485044260759379 -0.081679107165998896 -0.012882911834749395 0.085735873132944118 -0.017437958632963883 -0.027941873048742613
leaf_weight=40 3111 21 141 190 21 42 8105 27 60 24 573 36
leaf_count=40 3111 21 141 190 21 42 8105 27 60 24 573 36
internal_value=-7.48439e-05 0.000218698 5.43718e-05 0.000506032 0.00145217 0.0529368 0.00116298 -0.0350946 -0.0120931 0.0152939 -0.0151082 -0.0185449
internal_weight=12391 12288 12267 12126 11279 63 11216 103 847 84 763 76
internal_count=12391 12288 12267 12126 11279 63 11216 103 847 84 763 76
is_linear=0
shrinkage=0.05


Tree=108
num_leaves=31
num_cat=0
split_feature=24 10 23 3 18 24 0 18 5 11 24 7 24 11 18 3 4 3 4 7 1 7 1 21 4 5 5 5 4 3
split_gain=50.5533 57.0204 71.5716 254.541 225.49 137.377 101.504 63.9285 59.0456 101.316 110.014 57.1925 50.7815 62.467 45.2222 59.3575 42.8129 25.4984 22.6852 47.3086 16.2741 16.2067 14.6822 15.123 12.6108 11.4746 15.7024 8.72241 7.87567 1.06464
threshold=941.25000000000011 1.0000000180025095e-35 46.500000000000007 293.50000000000006 5.8500001430511483 483.75000000000006 21.250000000000004 26.399999618530277 1.919999957084656 0.87834998965263378 257.91499328613287 1024.049987792969 75.415000915527358 1.0000000180025095e-35 20.050000190734867 336.50000000000006 1.2549999952316286 115.50000000000001 -1.3849999904632566 1019.5499877929689 72.500000000000014 1016.2500000000001 61.500000000000007 16.44999980926514 0.82499998807907116 0.60500001907348644 4.5450000762939462 -2.7749999761581416 -4.4349999427795401 27.500000000000004
decision_type=2 2 2 2 2 2 2 2 2 2 2 2 2 2 2 2 2 2 2 2 2 2 2 2 2 2 2 2 2 2
left_child=1 7 6 12 24 -6 -3 8 14 10 -10 -11 13 -4 17 -16 -14 -1 21 -20 25 22 -2 27 -5 29 -27 -24 -25 -21
right_child=18 2 3 4 5 -7 -8 -9 9 11 -12 -13 16 -15 15 -17 -18 -19 19 20 -22 -23 23 28 -26 26 -28 -29 -30 -31
leaf_value=0.00025030973795717556 -0.0052152013673913561 -0.0052152013673913561 0.029567268229459948 0.0044822973807023313 0.089990790789457167 0.03637557228637564 0.0044822973807023313 0.065045700349978045 0.031164809276947793 0.031164809276947793 -0.0052152013673913561 -0.0052152013673913561 0.0044822973807023313 0.12207266095687042 0.031164809276947793 0.0055975525834393268 0.022477983984364465 -0.0052152013673913561 -0.0052152013673913561 -0.059561601877212524 -0.066247231114123548 -0.0052152013673913561 -0.028953630855363427 -0.024249851381271031 0.03637557228637564 -0.011527865985408427 -0.044966499637460938 -0.060762943397276108 -0.0052152013673913561 -0.044457424425386957
leaf_weight=2395 75 1049 29 74 232 86 1389 35 120 197 1091 52 1840 22 185 57 357 2211 156 20 35 296 66 30 33 104 53 32 42 28
leaf_count=2395 75 1049 29 74 232 86 1389 35 120 197 1091 52 1840 22 185 57 357 2211 156 20 35 296 66 30 33 104 53 32 42 28
internal_value=-8.88871e-05 0.000824559 0.00475464 0.0104054 0.0459305 0.0682688 -0.00144077 -0.00234218 -0.00271608 0.00610248 7.73746e-05 0.0311648 0.0044823 0.0546522 -0.0052152 0.0164103 0.0044823 -0.0052152 -0.011255 -0.0203654 -0.0347367 -0.0052152 -0.0181089 -0.0265578 0.0044823 -0.0293569 -0.0228161 -0.0393403 -0.00915936 -0.0507508
internal_weight=12391 11454 5111 2673 425 318 2438 6343 6308 1460 1211 249 2248 51 4848 242 2197 4606 937 396 240 541 245 170 107 205 157 98 72 48
internal_count=12391 11454 5111 2673 425 318 2438 6343 6308 1460 1211 249 2248 51 4848 242 2197 4606 937 396 240 541 245 170 107 205 157 98 72 48
is_linear=0
shrinkage=0.05


Tree=109
num_leaves=31
num_cat=0
split_feature=15 0 11 7 0 12 9 1 9 11 0 18 24 3 5 10 2 0 2 5 7 8 4 5 1 1 8 4 4 1
split_gain=49.747 94.9184 69.6138 268.747 181.984 73.8755 144.106 92.7139 78.4851 59.937 56.5828 53.2408 50.4854 84.4435 46.4727 46.0794 66.4519 32.9295 28.0139 28.0008 36.727 18.6323 17.6129 13.2237 13.1554 12.9546 6.0594 5.30671 14.0536 4.62662
threshold=1.2450000047683718 21.250000000000004 0.87834998965263378 1018.7500000000001 20.050000190734867 0.81174999475479137 -1.0000000180025095e-35 94.500000000000014 -1.0000000180025095e-35 0.60784998536109935 20.750000000000004 4.9500000476837167 59.584999084472663 326.50000000000006 -2.7350000143051143 1.0000000180025095e-35 4.0450000762939462 18.650000572204593 0.76499998569488536 2.2649999856948857 1019.7500000000001 320.50000000000006 0.10500000044703485 1.0549999475479128 95.500000000000014 78.500000000000014 214.50000000000003 -1.2150000333786009 0.28499999642372137 55.500000000000007
decision_type=2 2 2 2 2 2 2 2 2 2 2 2 2 2 2 2 2 2 2 2 2 2 2 2 2 2 2 2 2 2
left_child=1 2 5 4 14 8 -7 -8 9 -1 -6 -10 13 18 -4 19 23 25 22 -14 -21 -3 -2 -17 -15 -5 -19 -23 29 -29
right_child=12 21 3 17 10 6 7 -9 11 -11 -12 -13 15 24 -16 16 -18 26 -20 20 -22 27 -24 -25 -26 -27 -28 28 -30 -31
leaf_value=-0.049288301816106675 0.088842791141498664 0.00037168406072524769 -0.10992852864058122 -0.025244856154816166 -0.077968557886779311 -0.0049521204164064171 -0.037657440116959345 -0.11916706801005982 -0.031771564556035817 -0.0049521204164064171 -0.0049521204164064171 -0.0049521204164064171 0.00037168406072524769 0.060835822041218103 -0.20510024885679115 0.013370521709665149 0.00037168406072524769 -0.0049521204164064171 0.013370521709665149 0.013370521709665149 0.00037168406072524769 -0.0049521204164064171 0.034420016152171669 0.006871102885195198 0.11071292267180979 -0.068742127995938068 -0.025244856154816166 -0.0049521204164064171 -0.0049521204164064171 0.00037168406072524769
leaf_weight=180 21 2767 23 22 40 85 234 41 286 77 26 1427 2292 39 29 825 670 245 177 307 367 768 20 327 20 28 21 160 326 541
leaf_count=180 21 2767 23 22 40 85 234 41 286 77 26 1427 2292 39 29 825 670 245 177 307 367 768 20 327 20 28 21 160 326 541
internal_value=-0.000216276 -0.00285052 -0.0102759 -0.0286617 -0.0930506 -0.00685128 -0.0281117 -0.0498098 -0.00495212 -0.0331249 -0.0379349 -0.00495212 0.00359389 0.0243478 -0.163005 0.00239322 0.00897201 -0.00495212 0.0133705 0.000371684 0.0114086 0.000371684 0.0554695 0.0133705 0.0777433 -0.0455376 -0.00495212 -0.00495212 -0.0013514 0.000371684
internal_weight=12391 7326 2764 434 118 2330 360 275 1970 257 66 1713 5065 277 52 4788 1822 316 218 2966 674 4562 41 1152 59 50 266 1795 1027 701
internal_count=12391 7326 2764 434 118 2330 360 275 1970 257 66 1713 5065 277 52 4788 1822 316 218 2966 674 4562 41 1152 59 50 266 1795 1027 701
is_linear=0
shrinkage=0.05


Tree=110
num_leaves=31
num_cat=0
split_feature=7 7 1 11 24 1 3 4 7 1 1 18 24 5 2 0 7 0 5 18 23 3 0 24 23 3 23 1 21 12
split_gain=48.772 87.5784 238.965 274.643 192.051 137.228 121.27 112.82 137.181 149.947 148.253 110.455 88.4903 89.6205 87.9977 120.301 80.8131 249.906 191.691 64.9693 120.625 75.0557 56.036 71.3884 53.742 52.1355 43.3479 41.9893 37.2826 57.5474
threshold=1014.5499877929689 1016.3500061035157 86.500000000000014 0.60784998536109935 232.08499908447268 93.500000000000014 124.50000000000001 0.86500000953674328 1023.0499877929689 97.500000000000014 97.500000000000014 25.300000190734867 590.83499145507824 -0.70499998331069935 0.79499998688697826 20.650000572204593 1017.9500122070314 20.44999980926514 -1.9049999713897703 14.34999990463257 46.500000000000007 285.50000000000006 20.44999980926514 147.08499908447268 82.500000000000014 136.50000000000003 51.500000000000007 92.500000000000014 11.550000190734865 -0.56175000965595234
decision_type=2 2 2 2 2 2 2 2 2 2 2 2 2 2 2 2 2 2 2 2 2 2 2 2 2 2 2 2 2 2
left_child=22 2 19 4 24 -6 11 16 10 -10 -9 14 13 -5 26 -16 17 -8 -18 21 -21 25 -1 27 -4 -2 -3 -24 -25 -30
right_child=1 6 3 12 5 -7 7 8 9 -11 -12 -13 -14 -15 15 -17 18 -19 -20 20 -22 -23 23 28 -26 -27 -28 -29 29 -31
leaf_value=-0.049251980331167872 -0.014029598902298558 0.022824464155013453 0.053241928602860436 0.16587690518182868 0.0065515991880130938 -0.12010108264891997 -0.070324936630204324 0.0064296316474813696 -0.012861404457742191 -0.13778620252013207 0.086158560047236585 0.10425062426205339 0.015759454357127348 0.077332529580363865 -0.028800260234210229 0.0072630999969314205 0.020992568267349743 -0.0057121529893623272 -0.013690266167281778 0.0091380754498257728 0.099277461060257852 -0.078287179883275382 0.017810659197287523 -0.017508799596631066 0.13282352619700963 0.0091380754498257728 0.055241794217853551 0.091405804854002792 0.017810659197287523 -0.0094727979595139455
leaf_weight=79 553 59 99 51 305 23 220 2065 613 25 60 29 27 65 252 2808 492 468 2094 90 43 38 40 636 27 158 110 28 251 583
leaf_count=79 553 59 99 51 305 23 220 2065 613 25 60 29 27 65 252 2808 492 468 2094 90 43 38 40 636 27 158 110 28 251 583
internal_value=-8.58354e-05 0.00112942 0.0124305 0.0368592 0.0178262 -0.00232953 -0.000668782 -0.00486431 0.00257619 -0.0177566 0.0086808 0.00710544 0.0972856 0.116262 0.00623296 0.00429318 -0.0111435 -0.0263732 -0.00709168 -0.00410454 0.0280991 -0.00982294 -0.00818305 -0.00607353 0.0702951 -0.00616381 0.0413558 0.0440117 -0.0083904 -0.0014368
internal_weight=12391 10774 1479 597 454 328 9295 6037 2763 638 2125 3258 143 116 3229 3060 3274 688 2586 882 133 749 1617 1538 126 711 169 68 1470 834
internal_count=12391 10774 1479 597 454 328 9295 6037 2763 638 2125 3258 143 116 3229 3060 3274 688 2586 882 133 749 1617 1538 126 711 169 68 1470 834
is_linear=0
shrinkage=0.05


Tree=111
num_leaves=29
num_cat=0
split_feature=20 10 12 9 18 5 6 4 1 0 11 7 8 9 11 23 18 18 12 7 7 9 3 1 20 23 10 1
split_gain=46.822 46.6635 72.6055 288.384 88.1905 90.2736 84.9273 52.34 77.3413 62.8859 216.927 565.436 85.1696 70.7252 95.986 60.6926 35.7684 28.261 26.3877 70.1977 38.9158 26.2534 30.2599 21.0302 20.8709 18.3363 17.2927 13.894
threshold=21.899999618530277 0.91595000028610241 0.81174999475479137 -1.0000000180025095e-35 5.0499999523162851 0.37000000476837164 472.50000000000006 1.4950000047683718 86.500000000000014 20.650000572204593 0.87834998965263378 1018.6499938964845 172.50000000000003 -0.6035499870777129 0.87834998965263378 23.500000000000004 19.94999980926514 16.750000000000004 0.81174999475479137 1018.5499877929689 1019.6499938964845 0.91595000028610241 67.500000000000014 89.500000000000014 18.150000572204593 36.500000000000007 1.0000000180025095e-35 93.500000000000014
decision_type=2 2 2 2 2 2 2 2 2 2 2 2 2 2 2 2 2 2 2 2 2 2 2 2 2 2 2 2
left_child=1 7 4 -4 5 -3 25 9 18 10 12 -12 -1 24 -15 26 23 -8 19 -9 -20 22 -2 -5 -11 -6 -10 -7
right_child=21 2 3 16 6 27 17 8 15 13 11 -13 -14 14 -16 -17 -18 -19 20 -21 -22 -23 -24 -25 -26 -27 -28 -29
leaf_value=-0.0050688411293562238 0.079312153657277437 -0.11897922912612557 0.019229975247364476 -0.067872115397139596 0.0080523437584462693 -0.044838716114560764 -0.010045433815228273 0.019229975247364476 -0.0053219758506332128 -0.0050688411293562238 -0.12002108988940324 -0.0050688411293562238 -0.068692158613015308 0.0012386070447211444 0.019229975247364476 0.019229975247364476 -0.014917443180456758 0.0080523437584462693 -0.031910510873740972 -0.0075178897541241909 0.0086984676769887564 0.086461905256978111 0.019229975247364476 -0.12316248615582784 0.019229975247364476 0.019229975247364476 -0.049372244022182515 -0.010045433815228273
leaf_weight=1940 21 24 72 95 173 30 315 130 56 3283 152 260 55 3297 442 386 28 140 146 417 99 21 35 21 81 600 37 35
leaf_count=1940 21 24 72 95 173 30 315 130 56 3283 152 260 55 3297 442 386 28 140 146 417 99 21 35 21 81 600 37 35
internal_value=-8.26789e-05 -0.000325724 0.00783667 -0.0190322 0.0122434 -0.0358175 0.0157267 -0.00148637 0.00804323 -0.00275999 -0.00974456 -0.0430693 -0.00506884 -0.000393127 0.00435564 0.01923 -0.0656386 -0.00312529 -0.00186416 0.00424383 -0.0155012 0.0387857 0.0209071 -0.0778816 -0.00506884 0.01923 -0.0228474 -0.0100454
internal_weight=12391 12314 1533 216 1317 89 1228 10781 1271 9510 2407 412 1995 7103 3739 479 144 455 792 547 245 77 56 116 3364 773 93 65
internal_count=12391 12314 1533 216 1317 89 1228 10781 1271 9510 2407 412 1995 7103 3739 479 144 455 792 547 245 77 56 116 3364 773 93 65
is_linear=0
shrinkage=0.05


Tree=112
num_leaves=25
num_cat=0
split_feature=7 23 24 10 18 2 7 7 1 0 11 18 3 0 10 17 6 8 12 12 17 7 4 7
split_gain=46.0176 58.858 68.4167 61.8991 92.1357 91.5321 112.95 79.8049 180.739 165.886 292.791 177.671 96.0847 64.586 41.4308 40.5461 26.5247 26.0001 22.8272 11.309 9.75996 5.677 5.06462 3.92172
threshold=1011.6499938964845 120.50000000000001 315.41499328613287 1.0000000180025095e-35 2.3500000238418584 4.930000066757203 1019.6499938964845 1018.4500122070314 96.500000000000014 19.750000000000004 0.87834998965263378 11.949999809265138 293.50000000000006 19.94999980926514 0.3793999999761582 0.12650000303983691 712.50000000000011 6.5000000000000009 1.0000000180025095e-35 -0.56175000965595234 0.11250000074505807 1010.3500061035157 -2.1550000905990596 1010.7500000000001
decision_type=2 2 2 2 2 2 2 2 2 2 2 2 2 2 2 2 2 2 2 2 2 2 2 2
left_child=14 3 -3 7 18 6 -6 9 12 10 -2 -11 -9 -10 19 17 -7 -16 -5 -1 -21 22 -22 -19
right_child=1 2 -4 4 5 16 -8 8 13 11 -12 -13 -14 -15 15 -17 -18 23 -20 20 21 -23 -24 -25
leaf_value=0.022922892719507218 -0.023761764461916357 0.1252410582133702 0.025717990838684548 -0.10151873617009684 0.014679673573876584 -0.0048504307665934747 -0.00072836540465792015 3.2024888379009527e-05 -0.082526795759078966 -0.011068843285919946 -0.14087794036153825 0.025717990838684548 0.021475343432708995 -0.012274026087726708 -0.10532423928380014 0.016295750102116948 -0.02517123172329739 -0.053303153331701963 -0.033458950576771583 -0.03852876599949713 -0.021352900806757686 0.011086221958363528 0.0034894332272449031 -0.026114674551146373
leaf_weight=30 273 21 36 22 2469 449 2295 3107 83 1966 62 389 628 54 24 21 250 36 28 26 36 38 27 21
leaf_count=30 273 21 36 22 2469 449 2295 3107 83 1966 62 389 628 54 24 21 250 36 28 26 36 38 27 21
internal_value=4.79762e-05 0.000493184 0.0511821 0.000253907 0.00415955 0.00477794 0.00725704 -0.00302738 0.00156857 -0.00964281 -0.0425637 -0.00495979 0.00363749 -0.0548359 -0.0208063 -0.0456166 -0.0121182 -0.0616679 -0.0634053 -0.00468753 -0.0112097 -0.00417704 -0.0133834 -0.0432863
internal_weight=12391 12132 57 12075 5513 5463 4764 6562 3872 2690 335 2355 3735 137 259 102 699 81 50 157 127 101 63 57
internal_count=12391 12132 57 12075 5513 5463 4764 6562 3872 2690 335 2355 3735 137 259 102 699 81 50 157 127 101 63 57
is_linear=0
shrinkage=0.05


Tree=113
num_leaves=31
num_cat=0
split_feature=8 0 11 9 12 11 7 7 9 1 3 0 18 5 24 12 23 20 23 24 0 5 1 8 8 17 8 10 17 4
split_gain=43.3849 92.6894 125.131 184.927 118.233 145.922 284.979 356.124 124.398 136.633 103.94 100.531 76.2413 174.477 72.7082 77.6747 75.0586 69.8185 54.2684 50.7267 48.2208 101.085 118.113 112.089 110.459 92.5633 73.6437 90.3896 110.291 140.705
threshold=2.5000000000000004 21.250000000000004 0.87834998965263378 0.60354998707771312 0.81174999475479137 0.87834998965263378 1018.5499877929689 1016.6499938964845 -1.0000000180025095e-35 96.500000000000014 304.50000000000006 18.250000000000004 4.9500000476837167 0.31499999761581426 445.41499328613287 -0.56175000965595234 65.500000000000014 12.250000000000002 21.500000000000004 396.25000000000006 22.050000190734867 0.10500000044703485 92.500000000000014 111.50000000000001 29.500000000000004 0.10249999910593034 320.50000000000006 -0.78654998540878285 0.1094999983906746 0.49500000476837164
decision_type=2 2 2 2 2 2 2 2 2 2 2 2 2 2 2 2 2 2 2 2 2 2 2 2 2 2 2 2 2 2
left_child=1 4 14 17 5 12 7 -7 -6 10 -10 -8 13 -1 15 18 -17 -4 -3 -14 21 22 25 24 -24 -2 27 28 -22 -30
right_child=20 2 3 -5 8 6 11 -9 9 -11 -12 -13 19 -15 -16 16 -18 -19 -20 -21 26 -23 23 -25 -26 -27 -28 -29 29 -31
leaf_value=-0.070816209440531783 -0.077503719719659012 0.011778878363173562 0.0043679046805996068 0.1095511949857076 0.0043679046805996068 0.0043679046805996068 -0.055774272400885817 -0.10655612225793763 -0.045120030676649103 -0.13031393204712205 0.0043679046805996068 0.0043679046805996068 0.0043679046805996068 -0.0076332775327181517 0.0043679046805996068 0.011778878363173562 0.062829849910404953 0.065766218911718452 0.063022750952707915 -0.0076332775327181517 0.0064950029004780035 -0.0056264386541197559 -0.094737043833503357 -0.16603818759322167 -0.0056264386541197559 -0.0088472140145642534 -0.0047491437297623633 0.001323023724665002 0.039851192430540611 0.1643721964624193
leaf_weight=122 56 31 135 75 61 30 70 162 276 36 110 345 1507 231 1284 632 72 54 144 845 229 915 52 26 29 398 3188 1107 142 27
leaf_count=122 56 31 135 75 61 30 70 162 276 36 110 345 1507 231 1284 632 72 54 144 845 229 915 52 26 29 398 3188 1107 142 27
internal_value=4.65139e-05 0.00299248 0.0106237 0.0431206 -0.00188784 0.0014824 -0.021057 -0.0714251 -0.0249981 -0.0371528 -0.0284642 0.00224582 0.0043679 -0.0196345 0.00665731 0.0191899 0.0117793 0.0167593 0.0490013 0.0043679 -0.00292477 -0.0108072 -0.0284537 -0.0757116 -0.0467179 -0.0173159 -0.000445644 0.00867034 0.0291062 0.0597451
internal_weight=12391 6222 2427 264 3795 3312 607 192 483 422 386 415 2705 353 2163 879 704 189 175 2352 6169 1476 561 107 81 454 4693 1505 398 169
internal_count=12391 6222 2427 264 3795 3312 607 192 483 422 386 415 2705 353 2163 879 704 189 175 2352 6169 1476 561 107 81 454 4693 1505 398 169
is_linear=0
shrinkage=0.05


Tree=114
num_leaves=31
num_cat=0
split_feature=7 5 11 0 18 7 24 0 5 1 7 3 12 0 8 5 6 5 7 11 11 8 23 21 1 18 23 10 0 24
split_gain=45.3352 77.0729 131.343 457.27 230.89 220.41 162.948 138.411 138.348 221.677 131.682 121.023 114.681 161.702 115.361 178.292 113.801 108.886 100.848 149.346 103.296 98.7511 96.1986 80.7893 80.7412 88.5815 77.3069 60.0736 49.2509 61.281
threshold=1014.5499877929689 -0.49500000476837153 0.87834998965263378 20.150000572204593 19.750000000000004 1018.7500000000001 327.91499328613287 19.150000572204593 -1.9950000047683714 86.500000000000014 1017.0499877929689 237.50000000000003 0.81174999475479137 20.150000572204593 1.0000000180025095e-35 -0.085000000894069658 27.500000000000004 -1.9350000023841856 1017.0499877929689 0.87834998965263378 -1.0000000180025095e-35 141.50000000000003 37.500000000000007 5.5499999523162851 92.500000000000014 11.449999809265138 22.500000000000004 1.0000000180025095e-35 20.44999980926514 147.08499908447268
decision_type=2 2 2 2 2 2 2 2 2 2 2 2 2 2 2 2 2 2 2 2 2 2 2 2 2 2 2 2 2 2
left_child=28 2 6 5 17 7 8 -4 9 -2 -6 18 14 27 22 -16 -10 -5 19 20 -3 -21 -13 -20 25 -8 -25 -14 -1 -30
right_child=1 11 3 4 10 -7 24 -9 16 -11 -12 12 13 -15 15 -17 -18 -19 23 21 -22 -23 -24 26 -26 -27 -28 -29 29 -31
leaf_value=-0.046136062416613478 0.018331995172554603 0.034750896830622088 -0.21955135541743248 -0.01663279814870763 0.1432724328417527 -0.035945523575247267 -0.0029374669072423348 -0.093236056232261805 0.11550232058104415 0.077363152461438225 0.034651270690595821 -0.039083925409699391 -0.074291422673767177 -0.0050815996452001858 -0.12127262731844729 -0.010325722890150435 0.010572505542489815 0.028221149162534973 -0.058178844724137049 0.1187580623647623 -0.013991150698678654 0.014700513097800709 0.016376602608474573 -0.029772885357259582 -0.039166173005418879 0.010572505542489815 -8.6097623121755921e-05 -0.16522581893950702 0.040748297697042718 -0.0078026897903788377
leaf_weight=79 501 198 29 513 38 88 2104 86 26 233 105 106 42 64 55 106 1153 97 65 57 241 38 298 234 119 656 3490 32 68 1470
leaf_count=79 501 198 29 513 38 88 2104 86 26 233 105 106 42 64 55 106 1153 97 65 57 241 38 298 234 119 656 3490 32 68 1470
internal_value=0.000172935 0.00134459 0.00529904 -0.0116227 0.00633201 -0.0782231 0.0086749 -0.125089 0.0199859 0.0370708 0.0635156 -0.00317791 -0.022418 -0.0632804 -0.0124375 -0.0482268 0.0105725 -0.00707334 -4.91144e-05 0.0202933 0.00799273 0.077135 0.00182508 -0.00291606 0.00115914 0.0028978 -0.00195149 -0.113614 -0.00763378 -0.00565609
internal_weight=12391 10774 5748 956 753 203 4792 115 1913 734 143 5026 703 138 565 161 1179 610 4323 534 439 95 404 3789 2879 2760 3724 74 1617 1538
internal_count=12391 10774 5748 956 753 203 4792 115 1913 734 143 5026 703 138 565 161 1179 610 4323 534 439 95 404 3789 2879 2760 3724 74 1617 1538
is_linear=0
shrinkage=0.05


Tree=115
num_leaves=31
num_cat=0
split_feature=11 7 3 7 1 7 24 4 5 11 2 10 4 20 4 1 0 6 3 18 11 3 5 8 1 12 5 18 0 4
split_gain=45.265 141.863 162.227 125.081 195.898 106.843 129.569 172.989 153.783 99.9557 269.973 155.156 123.694 113.073 94.6519 166.059 194.363 93.8045 104.608 243.33 89.0877 175.671 87.6196 85.6469 107.632 202.076 104.639 328.894 282.793 81.0073
threshold=-0.60784998536109913 1022.3500061035157 41.500000000000007 1022.9500122070314 97.500000000000014 1020.2500000000001 37.915000915527351 -0.88499999046325672 0.31499999761581426 -1.0000000180025095e-35 2.9300000667572026 -0.78654998540878285 1.2050000429153445 11.750000000000002 0.92500001192092907 96.500000000000014 22.650000572204593 32.500000000000007 284.50000000000006 10.750000000000002 -0.87834998965263356 295.50000000000006 0.9650000035762788 158.50000000000003 87.500000000000014 -0.56175000965595234 -0.5349999964237212 4.1499998569488534 22.44999980926514 0.25499999523162847
decision_type=2 2 2 2 2 2 2 2 2 2 2 2 2 2 2 2 2 2 2 2 2 2 2 2 2 2 2 2 2 2
left_child=1 5 -3 9 17 14 -7 -8 -9 10 11 -2 -13 -12 22 16 -16 -5 -19 -20 -4 29 -1 26 -25 -26 27 -11 -28 -22
right_child=3 2 20 4 -6 6 7 8 -10 23 13 12 -14 -15 15 -17 -18 18 19 -21 21 -23 -24 24 25 -27 28 -29 -30 -31
leaf_value=-0.0042685496620242557 0.1027612648420036 0.095130043782171658 -0.009817443866760046 0.041633987647170828 -0.14902804164960981 0.071486025664114189 0.0012734635913239306 -0.097440514204773454 -0.02901132279866428 -0.12205619279041209 -0.0075804446536111465 0.024298320121759292 0.08613276299914685 0.024298320121759292 -0.012429784801533585 0.1250870407982306 0.071227719127447298 -0.0064826982995781967 -0.12384148411452772 0.00042484368011355407 0.025343897062648807 0.12729610174894332 -0.033588072447616323 -0.0039513447517150347 -0.19225008596073501 -0.013408340523684665 -0.01282523903087026 0.01599522086613131 0.047034212633120021 -0.068243271885094811
leaf_weight=1575 100 61 284 90 25 31 219 134 212 44 769 292 88 170 283 33 92 1430 65 100 161 40 304 1947 22 56 1288 2216 233 27
leaf_count=1575 100 61 284 90 25 31 219 134 212 44 769 292 88 170 283 33 92 1430 65 100 161 40 304 1947 22 56 1288 2216 233 27
internal_value=0.000189396 -0.00466973 0.0180531 0.00206888 -0.0100913 -0.00918592 -0.0280411 -0.0335018 -0.0555128 0.00494692 0.016843 0.0473466 0.0327638 0.00125005 -0.00427221 0.0175568 0.00809419 -0.00802992 -0.0108323 -0.0485286 0.0088701 0.0321476 -0.0090121 0.0020395 -0.00625859 -0.0638509 0.00648373 0.0133075 -0.00365545 0.0119032
internal_weight=12391 3456 573 8935 1710 2883 596 565 346 7225 1419 480 380 939 2287 408 375 1685 1595 165 512 228 1879 5806 2025 78 3781 2260 1521 188
internal_count=12391 3456 573 8935 1710 2883 596 565 346 7225 1419 480 380 939 2287 408 375 1685 1595 165 512 228 1879 5806 2025 78 3781 2260 1521 188
is_linear=0
shrinkage=0.05


Tree=116
num_leaves=13
num_cat=0
split_feature=18 7 7 11 7 3 7 6 4 6 9 23
split_gain=41.2709 71.8413 51.5704 48.4174 132.435 153.856 84.4983 109.371 75.7849 59.9907 28.5835 1.29822
threshold=1.3499999642372134 1027.7500000000002 1026.6499633789065 -0.60784998536109913 1022.3500061035157 41.500000000000007 1021.6499938964845 82.500000000000014 0.92500001192092907 22.500000000000004 -0.78654998540878285 72.500000000000014
decision_type=2 2 2 2 2 2 2 2 2 2 2 2
left_child=10 2 3 4 8 -6 7 -5 -2 -8 11 -1
right_child=1 -3 -4 6 5 -7 9 -9 -10 -11 -12 -13
leaf_value=-0.025519711428205485 -0.012860325044634783 0.092847594902628949 -0.015444448852045677 0.021852655771276111 0.0934364827722311 0.0087822753618940642 0.050615889506171574 0.0029670732228863068 0.0072423137184476731 -0.0071010013249955999 -0.075526667662240851 -0.015444448852045677
leaf_weight=32 2268 21 141 887 60 509 46 5649 591 2116 27 44
leaf_count=32 2268 21 141 887 60 509 46 5649 591 2116 27 44
internal_value=0.000182541 0.000446731 0.000288549 0.000712211 -0.00432049 0.0177089 0.00269567 0.00553003 -0.0087048 -0.00587298 -0.0313356 -0.0156362
internal_weight=12391 12288 12267 12126 3428 569 8698 6536 2859 2162 103 76
internal_count=12391 12288 12267 12126 3428 569 8698 6536 2859 2162 103 76
is_linear=0
shrinkage=0.05


Tree=117
num_leaves=22
num_cat=0
split_feature=17 15 0 7 7 18 18 8 7 5 7 5 12 8 18 24 0 12 4 1 10
split_gain=40.9135 41.1743 65.5906 57.5494 50.8522 264.26 52.6077 39.9025 42.6037 105.458 53.4366 115.401 23.5937 12.9822 12.1203 10.6817 9.56975 3.83742 6.89194 3.47943 0.531979
threshold=0.15650000423192981 1.2450000047683718 21.650000572204593 1027.049987792969 1015.2500000000001 8.1500000953674334 2.9500000476837163 158.50000000000003 1016.4500122070314 -3.9850000143051143 1018.5499877929689 -1.9049999713897703 0.81174999475479137 320.50000000000006 19.750000000000004 93.750000000000014 21.849999427795414 -0.56175000965595234 -1.9049999713897703 78.500000000000014 -1.0000000180025095e-35
decision_type=2 2 2 2 2 2 2 2 2 2 2 2 2 2 2 2 2 2 2 2 2
left_child=1 2 3 4 5 -1 -6 8 9 14 16 -12 -11 -4 -3 19 -10 18 -15 -9 -19
right_child=-2 7 13 -5 6 -7 -8 15 10 12 11 -13 -14 17 -16 -17 -18 20 -20 -21 -22
leaf_value=-0.19955121822450089 0.06053455221865859 0.00055996598969635194 0.00055996598969635194 -0.071611303601946161 -0.038137239523764167 -0.011297929093959821 -0.0042101927592278938 0.030280349343568293 0.00055996598969635194 0.030280349343568293 0.030280349343568293 0.0039275211147040039 0.00055996598969635194 -0.0036436621714964856 0.030280349343568293 0.00055996598969635194 0.027100890730047129 -0.0036436621714964856 0.00055996598969635194 0.014917729967190511 0.00055996598969635194
leaf_weight=21 28 272 2313 35 119 166 2869 33 476 359 326 1424 44 89 30 1887 182 1153 417 24 124
leaf_count=21 28 272 2313 35 119 166 2869 33 476 359 326 1424 44 89 30 1887 182 1153 417 24 124
internal_value=0.000162878 2.61465e-05 -0.0023745 -0.00784729 -0.00714438 -0.0324387 -0.00556137 0.00349443 0.00734477 0.0181551 0.0041798 0.0102743 0.0302803 0.000559966 0.000559966 0.000559966 0.000559966 -0.00364366 0.000559966 0.0292755 -0.00364366
internal_weight=12391 12363 7306 3210 3175 187 2988 5057 3113 705 2408 1750 403 4096 302 1944 658 1783 506 57 1277
internal_count=12391 12363 7306 3210 3175 187 2988 5057 3113 705 2408 1750 403 4096 302 1944 658 1783 506 57 1277
is_linear=0
shrinkage=0.05


Tree=118
num_leaves=26
num_cat=0
split_feature=7 23 24 10 2 7 6 5 7 0 11 18 1 3 11 10 17 8 9 24 12 17 7 4 7
split_gain=39.9436 47.0282 55.5709 45.6973 76.8699 79.1096 118.245 83.9999 74.2519 143.467 213.345 150.989 143.377 73.8087 54.4525 39.1576 35.442 24.0903 14.8674 12.3402 10.1162 8.66898 5.45081 4.30485 3.44087
threshold=1011.6499938964845 120.50000000000001 315.41499328613287 1.0000000180025095e-35 5.8750000000000009 1019.6499938964845 337.50000000000006 -2.7350000143051143 1018.4500122070314 19.750000000000004 0.87834998965263378 11.949999809265138 96.500000000000014 17.500000000000004 0.60784998536109935 0.3793999999761582 0.12650000303983691 6.5000000000000009 0.3793999999761582 813.75000000000011 -0.56175000965595234 0.11250000074505807 1010.3500061035157 -2.1550000905990596 1010.7500000000001
decision_type=2 2 2 2 2 2 2 2 2 2 2 2 2 2 2 2 2 2 2 2 2 2 2 2 2
left_child=15 3 -3 8 5 6 -5 -7 9 10 -2 -11 13 -10 -14 20 17 -17 19 -6 -1 -22 23 -23 -19
right_child=1 2 -4 4 18 7 -8 -9 12 11 -12 -13 14 -15 -16 16 -18 24 -20 -21 21 22 -24 -25 -26
leaf_value=0.022483036778867246 -0.022001703484824369 0.11265545118422736 0.023090728548580314 0.021514308634309601 -0.010836105125683256 0.023090728548580314 0.0012484162759877869 -0.0047625743179044791 0.023090728548580314 -0.010150092967193471 -0.12326665184190196 0.023090728548580314 -0.06711411388812237 0.001679921563590237 0.0045047356540130245 -0.1004506493608157 0.014463255181908607 -0.050117249600589275 -0.06744226291775704 -0.034033997600665319 -0.035546423738392501 -0.019358970334888873 0.011784575984960325 0.0034100550761515347 -0.024650076280037563
leaf_weight=30 273 21 36 1311 83 202 1596 2201 296 1966 62 389 101 3439 36 24 21 36 20 100 26 36 38 27 21
leaf_count=30 273 21 36 1311 83 202 1596 2201 296 1966 62 389 101 3439 36 24 21 36 20 100 26 36 38 27 21
internal_value=0.000128131 0.000542917 0.0458524 0.000329034 0.00368483 0.00483923 0.0103879 -0.00187325 -0.00249031 -0.00887143 -0.0394871 -0.00451635 0.00194286 0.00378557 -0.0482946 -0.0193012 -0.0434212 -0.0584282 -0.0265114 -0.0220381 -0.00363082 -0.00979945 -0.00317152 -0.0121927 -0.0407346
internal_weight=12391 12132 57 12075 5513 5310 2907 2403 6562 2690 335 2355 3872 3735 137 259 102 81 203 183 157 127 101 63 57
internal_count=12391 12132 57 12075 5513 5310 2907 2403 6562 2690 335 2355 3872 3735 137 259 102 81 203 183 157 127 101 63 57
is_linear=0
shrinkage=0.05


Tree=119
num_leaves=27
num_cat=0
split_feature=1 7 4 0 4 5 24 4 11 7 7 3 7 12 11 20 9 3 20 2 7 18 7 10 4 17
split_gain=38.1886 239.056 181.972 73.4083 59.6728 62.5462 47.4622 67.1196 47.3677 120.606 119.904 155.944 94.9153 146.564 101.329 154.165 61.3994 60.855 57.4156 49.5953 20.1968 17.9659 12.0575 11.1517 4.28188 3.22381
threshold=97.500000000000014 1022.5499877929689 -0.054999999701976769 18.750000000000004 0.6850000023841859 -0.15500000119209287 32.915000915527351 1.1950000524520876 -0.60784998536109913 1022.3500061035157 1020.2500000000001 262.50000000000006 1024.4500122070315 0.81174999475479137 -1.0000000180025095e-35 9.0500001907348651 -0.6035499870777129 5.5000000000000009 14.34999990463257 0.98500001430511486 1018.9500122070314 3.4500000476837163 1025.850036621094 0.3793999999761582 -1.4350000023841856 0.11450000107288362
decision_type=2 2 2 2 2 2 2 2 2 2 2 2 2 2 2 2 2 2 2 2 2 2 2 2 2 2
left_child=6 2 -2 -4 5 -5 7 22 9 10 18 -12 14 19 15 -10 23 -16 -8 -14 -6 -18 -1 -11 -15 -9
right_child=1 -3 3 4 20 -7 8 25 12 16 11 -13 13 24 17 -17 21 -19 -20 -21 -22 -23 -24 -25 -26 -27
leaf_value=0.013752469109236021 -0.075494208629243081 -0.10039376595334426 -0.039042257014662032 0.068202429675191314 0.075691654130985789 0.011226060467448352 -0.0080873474952994334 0.066345002576708792 -0.0088337640011160387 -0.015138229345934265 -0.02397184193261874 -0.13448564997490717 0.013752469109236021 -0.091096449792385112 0.013752469109236021 0.013752469109236021 -0.034386987918564545 -0.001020827575455682 0.013752469109236021 -0.013729799240196797 0.12702493413730906 0.013752469109236021 0.048931214236654343 -0.052184645379228262 -0.12381449535489082 0.092588530446995387
leaf_weight=66 32 37 20 67 66 37 1896 25 759 74 522 34 81 20 368 739 44 5845 323 801 27 406 32 28 20 22
leaf_count=66 32 37 20 67 66 37 1896 25 759 74 522 34 81 20 368 739 44 5845 323 801 27 406 32 28 20 22
internal_value=0.000134332 0.0181929 0.0358142 0.0522283 0.0614944 0.0354718 -0.00029233 0.028142 -0.000637061 -0.0057058 -0.00996658 -0.0307299 0.00131634 -0.0138453 0.00312921 0.0137525 0.0137525 0.000304933 -0.00476406 -0.00959998 0.0905949 0.0137525 0.0137525 -0.0253078 -0.107455 0.0786292
internal_weight=12391 286 249 217 197 104 12105 145 11960 3327 2775 556 8633 922 7711 1498 552 6213 2219 882 93 450 98 102 40 47
internal_count=12391 286 249 217 197 104 12105 145 11960 3327 2775 556 8633 922 7711 1498 552 6213 2219 882 93 450 98 102 40 47
is_linear=0
shrinkage=0.05


end of trees

feature_importances:
Column_7=440
Column_24=378
Column_18=362
Column_11=314
Column_5=201
Column_10=182
Column_12=168
Column_1=164
Column_6=155
Column_8=132
Column_4=130
Column_3=125
Column_9=120
Column_0=114
Column_23=112
Column_20=78
Column_2=73
Column_17=53
Column_21=38
Column_15=16
Column_14=15
Column_16=10

parameters:
[boosting: gbdt]
[objective: regression]
[metric: l1]
[tree_learner: serial]
[device_type: cpu]
[data_sample_strategy: bagging]
[data: ]
[valid: ]
[num_iterations: 120]
[learning_rate: 0.05]
[num_leaves: 31]
[num_threads: 0]
[seed: 42]
[deterministic: 0]
[force_col_wise: 0]
[force_row_wise: 0]
[histogram_pool_size: -1]
[max_depth: 6]
[min_data_in_leaf: 20]
[min_sum_hessian_in_leaf: 0.001]
[bagging_fraction: 1]
[pos_bagging_fraction: 1]
[neg_bagging_fraction: 1]
[bagging_freq: 0]
[bagging_seed: 400]
[bagging_by_query: 0]
[feature_fraction: 1]
[feature_fraction_bynode: 1]
[feature_fraction_seed: 30056]
[extra_trees: 0]
[extra_seed: 12879]
[early_stopping_round: 0]
[early_stopping_min_delta: 0]
[first_metric_only: 0]
[max_delta_step: 0]
[lambda_l1: 0]
[lambda_l2: 0]
[linear_lambda: 0]
[min_gain_to_split: 0]
[drop_rate: 0.1]
[max_drop: 50]
[skip_drop: 0.5]
[xgboost_dart_mode: 0]
[uniform_drop: 0]
[drop_seed: 17869]
[top_rate: 0.2]
[other_rate: 0.1]
[min_data_per_group: 100]
[max_cat_threshold: 32]
[cat_l2: 10]
[cat_smooth: 10]
[max_cat_to_onehot: 4]
[top_k: 20]
[monotone_constraints: 1,0,-1,0,0,0,-1,0,0,0,0,0,0,0,-1,1,1,1,1,1,1,1,1,1,-1]
[monotone_constraints_method: basic]
[monotone_penalty: 0]
[feature_contri: ]
[forcedsplits_filename: ]
[refit_decay_rate: 0.9]
[cegb_tradeoff: 1]
[cegb_penalty_split: 0]
[cegb_penalty_feature_lazy: ]
[cegb_penalty_feature_coupled: ]
[path_smooth: 0]
[interaction_constraints: ]
[verbosity: -1]
[saved_feature_importance_type: 0]
[use_quantized_grad: 0]
[num_grad_quant_bins: 4]
[quant_train_renew_leaf: 0]
[stochastic_rounding: 1]
[linear_tree: 0]
[max_bin: 255]
[max_bin_by_feature: ]
[min_data_in_bin: 3]
[bin_construct_sample_cnt: 200000]
[data_random_seed: 175]
[is_enable_sparse: 1]
[enable_bundle: 1]
[use_missing: 1]
[zero_as_missing: 0]
[feature_pre_filter: 1]
[pre_partition: 0]
[two_round: 0]
[header: 0]
[label_column: ]
[weight_column: ]
[group_column: ]
[ignore_column: ]
[categorical_feature: ]
[forcedbins_filename: ]
[precise_float_parser: 0]
[parser_config_file: ]
[objective_seed: 16083]
[num_class: 1]
[is_unbalance: 0]
[scale_pos_weight: 1]
[sigmoid: 1]
[boost_from_average: 1]
[reg_sqrt: 0]
[alpha: 0.9]
[fair_c: 1]
[poisson_max_delta_step: 0.7]
[tweedie_variance_power: 1.5]
[lambdarank_truncation_level: 30]
[lambdarank_norm: 1]
[label_gain: ]
[lambdarank_position_bias_regularization: 0]
[eval_at: ]
[multi_error_top_k: 1]
[auc_mu_weights: ]
[num_machines: 1]
[local_listen_port: 12400]
[time_out: 120]
[machine_list_filename: ]
[machines: ]
[gpu_platform_id: -1]
[gpu_device_id: -1]
[gpu_device_id_list: ]
[gpu_use_dp: 0]
[num_gpu: 1]

end of parameters

pandas_categorical:null
