tree
version=v4
num_class=1
num_tree_per_iteration=1
label_index=0
max_feature_idx=29
objective=regression
feature_names=Column_0 Column_1 Column_2 Column_3 Column_4 Column_5 Column_6 Column_7 Column_8 Column_9 Column_10 Column_11 Column_12 Column_13 Column_14 Column_15 Column_16 Column_17 Column_18 Column_19 Column_20 Column_21 Column_22 Column_23 Column_24 Column_25 Column_26 Column_27 Column_28 Column_29
monotone_constraints=1 0 -1 0 0 0 -1 0 1 0 0 0 0 0 -1 1 1 1 1 1 1 1 1 1 -1 1 1 1 1 1
feature_infos=[13.300000190734863:33.799999237060547] [27:100] [0:7.809999942779541] [0:359] [-5.5399999618530273:4.0500001907348633] [-7.4200000762939453:7.440000057220459] [10:2015] [1009.0999755859375:1028] [0:888] [-1:1] [-1:1] [-0.9749000072479248:0.9749000072479248] [-0.90100002288818359:1] [0:1] [22:58] [1.0199999809265137:2.380000114440918] [0.079999998211860657:1] [0.087999999523162842:0.17499999701976776] [0.40000000596046448:29] [0.53200000524520874:0.66200000047683716] [3:26.600000381469727] [3.4000000953674316:38.099998474121094] [0.40000000596046448:29] [2:151] [15:1854.1700439453125] [3:26.600000381469727] [3.4000000953674316:38.099998474121094] [0.40000000596046448:29] [2:151] [0.40000000596046448:35.200000762939453]
tree_sizes=2726 2784 2777 2771 2780 2770 2781 2789 2789 2783 2787 2802 2779 2808 2794 2818 2791 2802 2808 2813 2812 2820 2801 2786 2802 2800 2787 2811 2815 2827 2805 2802 2812 2827 2816 2828 2834 2789 2821 2809 2825 2796 2828 2809 2854 2808 2818 2822 2832 2819 2815 2830 2818 2840 2805 2839 2839 2840 2882 2828 2821 2824 2811 2802 2837 2799 2843 2798 2826 2864 2829 2849 2809 2838 2858 2829 2859 2840 2827 2845 2826 2836 2868 2820 2840 2843 2832 2827 2565 2738 2838 2773 2828 2838 2858 2851 2865 2865 2819 2841 2840 2857 1988 2839 2835 2816 2831 2852 1914 2870 2163 2851 2870 2299 2159 2425 2300 2059 2794 2820 1552 2874 2843 2860 2443 2292 1464 1370 2834 1916 2270 2515 1793 2520 1884 2862 2847 2843 2847 2892 2685 2846 2867 2874 2770 2820 2836 2827 2637 2876 2243 2728 2395 2591 2848 1721 1628 2856 2872 1526 2415 2771 2898 2328 2181 2894 2863 2897 2908 2905 2818 2855 2159 1567 2824 2897 2874 2889 1711 2860 2418 2644 2907 2568 2812 2850 1652 2876 2879 2751 2747 2900 2647 1733 2435 2831 2859 2840 2896 2862 1912 2927 2250 2210 2343 2542 1741 2495 1800 1817 2477 2815 2284 2199 2323 1574 2896 2877 1512 2744 1713 2430 2010 2857 2510 2489 2865 2765 2332 2887 2867 2857 1914 1843 2759 2747 2628 2880 2860 2645 2923 2847 2918 2830 2860 2874 2896 2518 2903 2117 2970 1577 2357 1883 2508 2877 2866 2886 2850 2822 2897 1930 2896 2882 1451 2850 1700 2838 2319 2866 2586 2566 2854 2861 1674 2824 2860 2622 2855 2470 2879 2130 2869 2851 2310 1799 2853 2812 2580 2914 2768 2425 2405 2893 1366 2863 2572 2894 2442 1581

Tree=0
num_leaves=31
num_cat=0
split_feature=28 28 28 8 28 8 28 10 28 28 28 28 8 28 8 28 28 5 5 0 10 8 3 28 10 5 28 25 28 8
split_gain=5.84501e+06 1.30921e+06 1.11488e+06 259730 243364 167366 156053 83651.7 81820.6 81754.7 66048.1 58506.8 46823.2 35240.1 25820.3 22508.3 19831.3 17538.4 15503.8 14772.2 13734.4 13474.2 13037.2 12344.5 12314.1 12183.3 9920.06 9555.84 9426.31 9301.59
threshold=62.500000000000007 87.500000000000014 40.500000000000007 323.50000000000006 106.50000000000001 87.500000000000014 30.500000000000004 -1.0000000180025095e-35 51.500000000000007 72.500000000000014 123.00000000000001 80.500000000000014 10.500000000000002 20.500000000000004 464.50000000000006 96.500000000000014 51.500000000000007 2.8649998903274541 -0.68500000238418568 24.94999980926514 1.0000000180025095e-35 1.0000000180025095e-35 90.500000000000014 57.500000000000007 -0.37939999997615809 0.2650000005960465 94.500000000000014 8.3499999046325701 74.500000000000014 1.0000000180025095e-35
decision_type=2 2 2 2 2 2 2 2 2 2 2 2 2 2 2 2 2 2 2 2 2 2 2 2 2 2 2 2 2 2
left_child=2 3 6 9 7 8 13 15 25 17 14 19 -8 29 -6 -3 -7 -2 -11 28 26 -15 -12 -10 -13 -4 -9 -21 -5 -1
right_child=1 4 5 11 10 16 12 20 23 18 22 24 -14 21 -16 -17 -18 -19 -20 27 -22 -23 -24 -25 -26 -27 -28 -29 -30 -31
leaf_value=62.666017932217834 65.111363633034301 66.767529986814566 64.070206916182045 65.650660391751771 67.189934211110014 64.78885727700866 63.611910987234459 66.336763903970379 64.531657519377603 65.381145333301205 67.990302737852758 66.308861804699035 64.044299806496014 63.15744572215219 67.751282238730795 67.189934211110014 65.111363633034301 65.359499885856224 65.650660391751771 65.832199384786207 66.308861804699035 63.441696215851358 68.794469410574493 64.735368547789065 66.05664759076042 64.39938141531232 66.865414472152196 66.05664759076042 65.832199384786207 63.026177842027167
leaf_weight=457 1216 534 1072 699 240 588 1094 165 1034 489 84 570 397 740 303 432 1255 729 989 656 608 185 126 856 421 381 192 666 637 131
leaf_count=457 607 178 1040 306 80 296 1094 55 602 236 28 190 315 740 101 144 605 347 380 245 209 185 43 441 143 318 64 226 219 131
internal_value=65.1904 66.0172 64.2056 65.6603 66.9574 64.6495 63.4391 66.6601 64.4386 65.3475 67.7198 65.9538 63.8021 63.0813 67.4286 66.989 65.0321 65.1345 65.6278 65.8316 66.3308 63.2737 68.4728 64.6555 66.2817 64.1565 66.6211 65.9501 65.7143 62.7787
internal_weight=17946 9756 8190 7072 2684 5186 3004 1931 3343 3423 753 3649 1491 1513 543 966 1843 1945 1478 2658 965 925 210 1890 991 1453 357 1322 1336 588
internal_count=10025 3801 6224 2899 902 3302 2922 650 2401 1570 252 1329 1409 1513 181 322 901 954 616 996 328 925 71 1043 333 1358 119 471 525 588
is_linear=0
shrinkage=1


Tree=1
num_leaves=31
num_cat=0
split_feature=28 28 28 8 28 8 28 10 28 28 28 28 8 28 8 28 28 29 5 29 28 5 8 9 28 28 9 28 8 28
split_gain=5.26173e+06 1.17779e+06 1.00251e+06 235472 219128 151202 141376 77026.1 75943.5 74336.2 60057.4 53908.5 43480.5 31987.1 23734.9 20499.1 18051 16025.6 15865.1 15132 14170.3 14156 12643.5 12524.4 11369.5 11214.7 11203.5 8952.86 8607.94 6474.87
threshold=62.500000000000007 87.500000000000014 40.500000000000007 323.50000000000006 106.50000000000001 87.500000000000014 30.500000000000004 -1.0000000180025095e-35 72.500000000000014 51.500000000000007 123.00000000000001 80.500000000000014 2.5000000000000004 20.500000000000004 464.50000000000006 96.500000000000014 51.500000000000007 10.84999990463257 2.8649998903274541 13.750000000000002 74.500000000000014 -0.68500000238418568 1.0000000180025095e-35 -0.98295000195503224 57.500000000000007 44.500000000000007 -0.91595000028610218 94.500000000000014 1.0000000180025095e-35 67.500000000000014
decision_type=2 2 2 2 2 2 2 2 2 2 2 2 2 2 2 2 2 2 2 2 2 2 2 2 2 2 2 2 2 2
left_child=2 3 6 8 7 9 13 15 18 25 14 17 -8 28 -6 -3 -7 20 -2 -12 -5 -10 -15 27 -11 -4 -13 -9 -1 -20
right_child=1 4 5 11 10 16 12 23 21 24 19 26 -14 22 -16 -17 -18 -19 29 -21 -22 -23 -24 -25 -26 -27 -28 -29 -30 -31
leaf_value=-2.402228761919218 -0.078478226837523701 1.4942078243927117 -1.0908160220788756 0.43328191931173221 1.893385436585822 -0.38553130646952161 -1.5059652741867602 1.0849799809311376 0.17705318970714112 -0.62987107056944236 2.8925642672452061 0.82064155231245661 -1.0908160220788756 -1.9353722024608304 2.428772546749304 1.893385436585822 -0.078478226837523701 0.82064155231245661 -0.064783506782342362 3.9269429694281683 0.66442833194668172 0.43328191931173221 -1.6622355585666388 1.0576082683219854 -0.43530816948160345 -0.87014390565867972 1.0576082683219854 1.5871981302897136 -2.0577817059566179 0.17705318970714112
leaf_weight=457 1216 534 551 996 240 588 1082 165 489 1034 165 421 409 740 303 432 1255 479 282 45 1183 989 185 608 856 902 570 192 131 447
leaf_count=457 607 178 545 425 80 296 1082 55 236 602 55 143 327 740 101 144 605 164 141 16 407 380 185 209 441 813 190 64 131 206
internal_value=-0.00348287 0.780951 -0.937908 0.442507 1.67271 -0.516884 -1.66475 1.39059 0.144619 -0.717344 2.39618 0.721945 -1.31922 -2.00526 2.11849 1.70622 -0.153272 0.604598 -0.0606811 3.11422 0.546194 0.414787 -1.82196 1.07464 -0.510614 -0.98625 1.03669 1.35508 -2.29361 0.156579
internal_weight=17946 9756 8190 7072 2684 5186 3004 1931 3423 3343 753 3649 1491 1513 543 966 1843 2658 1945 210 2179 1478 925 965 1890 1453 991 357 588 729
internal_count=10025 3801 6224 2899 902 3302 2922 650 1570 2401 252 1329 1409 1513 181 322 901 996 954 71 832 616 925 328 1043 1358 333 119 588 347
is_linear=0
shrinkage=0.05


Tree=2
num_leaves=31
num_cat=0
split_feature=28 28 28 8 28 28 8 28 10 28 28 28 8 28 8 28 5 5 29 29 28 28 8 9 5 9 5 28 8 28
split_gain=4.7401e+06 1.0585e+06 901243 213317 197279 145798 127733 72719 70989.5 59121.7 54624.7 47782.3 42408.8 29042 21825.8 18675.1 14723.8 14191.6 14099.4 13656.6 13623.7 12880.5 12382.3 11395.3 11369.1 10205.7 9419.55 8079.95 7969.8 6507.45
threshold=62.500000000000007 87.500000000000014 41.500000000000007 336.50000000000006 106.50000000000001 30.500000000000004 97.500000000000014 72.500000000000014 -1.0000000180025095e-35 51.500000000000007 123.00000000000001 80.500000000000014 10.500000000000002 20.500000000000004 464.50000000000006 96.500000000000014 2.8649998903274541 -0.68500000238418568 10.84999990463257 13.750000000000002 54.500000000000007 74.500000000000014 1.0000000180025095e-35 -0.98295000195503224 0.45499999821186071 -0.91595000028610218 0.45499999821186071 94.500000000000014 1.0000000180025095e-35 36.500000000000007
decision_type=2 2 2 2 2 2 2 2 2 2 2 2 2 2 2 2 2 2 2 2 2 2 2 2 2 2 2 2 2 2
left_child=2 3 5 7 8 13 9 16 15 26 14 18 29 28 -6 -3 -2 -9 21 -12 -8 -5 -15 27 -11 -13 -4 -10 -1 -7
right_child=1 4 6 11 10 12 20 17 23 24 19 25 -14 22 -16 -17 -18 -19 -20 -21 -22 -23 -24 -25 -26 -27 -28 -29 -30 -31
leaf_value=-2.2821172964651164 -0.073852531875953045 1.4194973188393125 -0.99315319734176399 0.41837632169907774 1.7966451597046103 -1.4941286618503857 -0.30489887368933455 0.17181303114029142 1.030731043960109 -0.63504343530082186 2.747936318137429 0.78687197374477458 -1.0089776888447617 -1.8386036305169804 2.3073339481164914 1.7966451597046103 0.15240402988609136 0.41837632169907774 0.78687197374477458 3.730595923529731 -0.073852531875953045 0.6398022324390561 -1.5639099569463508 1.0041383569591129 -0.39318635340338098 1.0041383569591129 -0.69786945152103042 1.5078381339708964 -1.9526258488239709 -1.262507251157599
leaf_weight=457 1236 534 985 970 240 707 738 509 165 736 165 412 435 740 303 432 729 1028 479 45 1027 1151 185 608 1184 558 334 192 131 531
leaf_count=457 617 178 953 412 80 707 369 246 55 459 55 140 334 740 101 144 347 394 164 16 491 393 185 209 599 186 274 64 131 525
internal_value=-0.00267155 0.741865 -0.88957 0.421017 1.58726 -1.5469 -0.471053 0.143757 1.31957 -0.657532 2.27372 0.692996 -1.22524 -1.90258 2.00888 1.62258 -0.0577511 0.401377 0.581266 2.95851 -0.128841 0.525263 -1.72792 1.01625 -0.480476 0.992478 -0.915263 1.28733 -2.17733 -1.39478
internal_weight=17946 9756 8190 7072 2684 3186 5004 3502 1931 3239 753 3570 1673 1513 543 966 1965 1537 2600 210 1765 2121 925 965 1920 970 1319 357 588 1238
internal_count=10025 3801 6224 2899 902 3079 3145 1604 650 2285 252 1295 1566 1513 181 322 964 640 969 71 860 805 925 328 1058 326 1227 119 588 1232
is_linear=0
shrinkage=0.05


Tree=3
num_leaves=31
num_cat=0
split_feature=28 28 28 8 28 8 28 28 28 10 28 28 8 28 5 8 8 5 0 28 29 10 29 28 9 28 24 28 29 8
split_gain=4.26851e+06 1.09429e+06 656647 261519 177586 130221 94608.6 74114.3 73585.7 67097.5 50366.6 49697 28445.4 24050.8 23400.2 20305.1 17480.4 15121.8 14455.9 12896.9 12325.1 10436.3 9851.27 9627.62 8898.7 8207.81 7052.26 6114.61 5421.43 4899.28
threshold=59.500000000000007 87.500000000000014 36.500000000000007 323.50000000000006 106.50000000000001 54.500000000000007 69.500000000000014 24.500000000000004 45.500000000000007 1.0000000180025095e-35 80.500000000000014 123.00000000000001 1.5000000000000002 94.500000000000014 -0.84499999880790699 520.50000000000011 17.500000000000004 0.92500001192092907 24.849999427795414 45.500000000000007 13.750000000000002 -0.6035499870777129 9.3499999046325701 73.500000000000014 -0.91595000028610218 16.500000000000004 780.41500854492199 31.500000000000004 10.750000000000002 799.50000000000011
decision_type=2 2 2 2 2 2 2 2 2 2 2 2 2 2 2 2 2 2 2 2 2 2 2 2 2 2 2 2 2 2
left_child=2 3 7 6 9 8 21 16 -4 13 18 15 27 24 -8 -6 25 -10 23 -7 29 -2 -20 -5 -3 -1 -12 -9 -15 -13
right_child=1 4 5 10 11 19 14 12 17 -11 26 20 -14 28 -16 -17 -18 -19 22 -21 -22 -23 -24 -25 -26 -27 -28 -29 -30 -31
leaf_value=-2.3210508720080059 0.077829973243194239 1.0430995341366942 -1.1069583798107128 0.3501938633181631 1.7047746151057652 -0.47086167177291971 0.077829973243194239 -1.6250288018488765 -0.73686755724176523 0.92295518549752775 0.92295518549752775 2.4660615373951522 -1.1069583798107128 1.5329036135326399 0.3501938633181631 2.2411068386501736 -1.6792297822258035 -0.51322058610742016 0.51824451238442271 -0.15372902789484169 3.5440661112467446 -0.15372902789484169 0.72632608067737481 0.51824451238442271 1.4257321111934702 -1.9646304779207175 0.73347049498889838 -1.3985373984195155 1.7047746151057652 3.0773027177290482
leaf_weight=240 341 318 1085 611 291 437 627 593 1196 608 488 129 305 522 1399 252 189 910 869 1192 45 1790 714 680 291 494 503 599 192 36
leaf_count=240 167 106 1079 279 97 253 308 593 934 209 163 43 275 174 567 84 189 510 323 593 16 901 250 236 97 494 170 599 64 12
internal_value=-0.00194013 0.632192 -0.93965 0.339795 1.50611 -0.602246 0.0645214 -1.61167 -0.787934 1.25214 0.635866 2.15741 -1.3944 1.45677 0.309389 1.9048 -1.96406 -0.615467 0.529697 -0.238507 2.81058 -0.153729 0.630965 0.405524 1.22593 -2.08117 0.922955 -1.51121 1.65365 2.61054
internal_weight=17946 10706 7240 8022 2684 4820 4157 2420 3191 1931 3865 753 1497 1323 2026 543 923 2106 2874 1629 210 2131 1583 1291 609 734 991 1192 714 165
internal_count=10025 4266 5759 3364 902 3369 1943 2390 2523 650 1421 252 1467 441 875 181 923 1444 1088 846 71 1068 573 515 203 734 333 1192 238 55
is_linear=0
shrinkage=0.05


Tree=4
num_leaves=31
num_cat=0
split_feature=28 28 28 8 28 8 28 28 10 28 24 28 8 8 5 28 5 28 8 29 28 28 5 28 28 9 3 28 9 9
split_gain=3.85693e+06 855063 729955 175840 159828 112149 105675 63440.8 61151.4 57878.4 45159.4 40826.7 38798.6 23082.1 16686.4 15769.2 15445.4 15077.8 13773.9 12361.9 11281.6 11109.1 10178.7 9822.49 9406.77 8516.49 7938.1 7871.9 5172.48 4655.69
threshold=62.500000000000007 87.500000000000014 40.500000000000007 336.50000000000006 106.50000000000001 177.50000000000003 29.500000000000004 74.500000000000014 -1.0000000180025095e-35 51.500000000000007 391.25000000000006 80.500000000000014 2.5000000000000004 18.500000000000004 2.304999947547913 96.500000000000014 0.069999998435378089 19.500000000000004 432.50000000000006 10.84999990463257 74.500000000000014 50.500000000000007 0.37000000476837164 44.500000000000007 99.500000000000014 -0.91595000028610218 71.500000000000014 67.500000000000014 -0.98295000195503224 1.0000000180025095e-35
decision_type=2 2 2 2 2 2 2 2 2 2 2 2 2 2 2 2 2 2 2 2 2 2 2 2 2 2 2 2 2 2
left_child=2 3 6 7 8 9 13 14 15 23 16 19 -8 17 -2 -3 -6 -1 -12 20 -5 -7 -11 -4 -10 -13 -9 -16 -26 -25
right_child=1 4 5 11 10 21 12 26 24 22 18 25 -14 -15 27 -17 -18 -19 -20 -21 -22 -23 -24 29 28 -27 -28 -29 -30 -31
leaf_value=-2.1000749670101118 -0.065610410228594956 1.2815246060546419 -0.93189963122567665 0.37943211852469449 2.2262313936961684 -0.31473160720784715 -1.3118391160800407 0.16981148156941056 0.90592753800164572 -0.56744833286280405 1.618490813324283 0.71553894924059058 -0.93189963122567665 -1.4488001281396776 -0.065610410228594956 1.618490813324283 3.0448888273320649 -1.7135093076864423 2.0050972916614049 0.71553894924059058 0.58097789858238891 -0.065610410228594956 -0.33924724940433992 -0.82694488462172699 1.3672965458461217 0.90592753800164572 0.37943211852469449 0.16981148156941056 1.0326762521411117 -0.63640113719278646
leaf_weight=395 1176 534 578 970 102 452 1217 412 599 763 186 412 422 272 356 432 117 698 348 479 1151 1057 1359 360 168 558 949 609 198 617
leaf_count=395 588 178 560 412 34 226 1217 201 206 472 62 140 340 272 178 144 40 698 116 164 393 506 687 347 56 186 355 282 66 504
internal_value=-0.00140214 0.670202 -0.801422 0.38183 1.43003 -0.442162 -1.42164 0.1301 1.18908 -0.591115 2.0479 0.628764 -1.151 -1.7466 -0.0398092 1.47031 2.65253 -1.85321 1.79993 0.525486 0.472953 -0.0792057 -0.421301 -0.822848 0.907566 0.905591 0.379432 0.145827 1.15942 -0.72199
internal_weight=17946 9756 8190 7072 2684 5186 3004 3502 1931 3677 753 3570 1639 1365 2141 966 219 1093 534 2600 2121 1509 2122 1555 965 970 1361 965 366 977
internal_count=10025 3801 6224 2899 902 3302 2922 1604 650 2570 252 1295 1557 1365 1048 322 74 1093 178 969 805 732 1159 1411 328 326 556 460 122 851
is_linear=0
shrinkage=0.05


Tree=5
num_leaves=31
num_cat=0
split_feature=28 28 28 8 28 8 28 10 28 28 28 28 29 8 3 8 8 28 0 28 28 3 29 28 10 28 10 28 4 8
split_gain=3.44315e+06 883951 524904 212953 155761 102852 78905.9 70161.2 60709.1 60559.8 45282.6 28889.4 28338.8 24531.5 20315.6 15988.3 15460 13607.5 12044.6 10461.3 10297.3 10201.9 8146.99 8146.15 7612.66 7071.54 6042.01 5191.66 3309.6 3304.33
threshold=59.500000000000007 87.500000000000014 36.500000000000007 318.00000000000006 112.50000000000001 54.500000000000007 69.500000000000014 1.0000000180025095e-35 45.500000000000007 24.500000000000004 80.500000000000014 125.50000000000001 10.250000000000002 1.5000000000000002 71.500000000000014 604.50000000000011 12.500000000000002 94.500000000000014 24.849999427795414 51.500000000000007 53.500000000000007 98.500000000000014 9.3499999046325701 73.500000000000014 -0.6035499870777129 13.500000000000002 -0.37939999997615809 32.500000000000007 1.435000002384186 558.50000000000011
decision_type=2 2 2 2 2 2 2 2 2 2 2 2 2 2 2 2 2 2 2 2 2 2 2 2 2 2 2 2 2 2
left_child=2 3 9 6 7 8 24 12 -4 16 18 15 17 27 -8 -6 25 -3 23 -7 28 -13 -20 -5 -2 -1 -12 -11 -10 -14
right_child=1 4 5 10 11 19 14 -9 20 13 26 21 29 -15 -16 -17 -18 -19 22 -21 -22 -23 -24 -25 -26 -27 -28 -29 -30 -31
leaf_value=-2.2563292305424532 0.074695719351338299 1.0356067467511185 -0.99218221900003223 0.31524234281208463 1.6587581318487936 -0.35076266811995566 0.074695719351338299 0.83263270904414888 -0.7045184325495879 -1.447279937610876 0.83263270904414888 2.2785256718742781 1.4444177793585213 -0.99218221900003223 0.31524234281208463 2.2785256718742781 -1.5067418367167011 1.3911541518137511 0.46331502273471215 -0.13304414682215068 -0.46017375770420127 3.0513740539550782 0.65276405877575883 0.46331502273471215 -0.13304414682215068 -1.8140379057817322 0.65276405877575883 -1.2343795196587588 -0.56024040306546774 1.6587581318487936
leaf_weight=106 327 492 1060 623 222 790 596 685 917 687 564 81 90 304 1406 117 192 594 869 841 1061 88 723 696 1764 613 439 491 163 330
leaf_count=106 160 164 1054 284 74 431 293 234 762 687 188 27 30 274 572 39 192 198 323 414 585 31 253 242 888 613 150 491 110 110
internal_value=0.00407158 0.573254 -0.839342 0.309476 1.35579 -0.539426 0.0573219 1.17289 -0.70409 -1.44494 0.573163 2.14462 1.3664 -1.24773 0.282436 1.8784 -1.76575 1.23008 0.472895 -0.216258 -0.550619 2.67865 0.565471 0.361159 -0.133044 -1.87924 0.832633 -1.35854 -0.660307 1.65876
internal_weight=17931 10706 7225 8007 2699 4832 4093 2191 3201 2393 3914 508 1506 1482 2002 339 911 1086 2911 1631 2141 169 1592 1319 2091 719 1003 1178 1080 420
internal_count=9979 4260 5719 3353 907 3356 1913 736 2511 2363 1440 171 502 1452 865 113 911 362 1102 845 1457 58 576 526 1048 719 338 1178 872 140
is_linear=0
shrinkage=0.05


Tree=6
num_leaves=31
num_cat=0
split_feature=28 28 28 8 28 28 8 28 28 8 8 28 29 8 9 29 5 28 5 29 28 5 28 28 8 28 28 5 7 1
split_gain=3.1114e+06 693867 582342 178215 111593 103560 80329.2 59315.9 54645.2 54193.3 38780.3 33951.6 29011.1 21479.3 16947.9 15260.4 13627.8 12217.9 10807.9 10670.9 9620.16 7124.83 6746.51 6454.75 6304.1 6064.25 5987.82 5226.64 5188.09 5112.38
threshold=62.500000000000007 91.500000000000014 42.500000000000007 318.00000000000006 118.50000000000001 29.500000000000004 142.50000000000003 80.500000000000014 74.500000000000014 384.50000000000006 10.500000000000002 55.500000000000007 10.250000000000002 1.0000000180025095e-35 -0.91595000028610218 13.750000000000002 2.1550000905990605 16.500000000000004 0.10500000044703485 9.2500000000000018 52.500000000000007 -0.68500000238418568 74.500000000000014 105.50000000000001 738.50000000000011 67.500000000000014 35.500000000000007 -0.33500000834465021 1020.1499938964845 57.500000000000007
decision_type=2 2 2 2 2 2 2 2 2 2 2 2 2 2 2 2 2 2 2 2 2 2 2 2 2 2 2 2 2 2
left_child=2 3 5 8 9 13 11 19 16 23 26 18 29 17 -9 24 -2 -1 -4 22 -8 -10 -5 -3 -6 -18 -7 -13 -21 -11
right_child=1 4 6 7 15 10 20 14 21 12 -12 27 -14 -15 -16 -17 25 -19 -20 28 -22 -23 -24 -25 -26 -27 -28 -29 -30 -31
leaf_value=-2.0078473529300176 -0.054590125183223752 0.89070244663159936 -0.74230064730179479 0.35763045424149187 2.0174450655778249 -1.2505860182113979 -0.27476786934719311 0.65689584254986177 0.15690287184389728 1.4002931329939101 -0.8008844071552963 -0.48190942936209336 1.7852255387351865 -1.2824113968002315 0.89070244663159936 3.0888437271118168 -0.053175130262552356 -1.5896552173791498 -0.5025547121214986 0.65689584254986177 -0.054590125183223752 0.35763045424149187 0.49191415700095675 1.1718658448036039 2.6159152948403661 0.15628675185721944 -1.0471109908093852 -0.29130527626953995 0.50303132261268935 1.1718658448036039
leaf_weight=222 1130 467 1144 796 192 693 508 742 444 432 481 380 405 306 756 52 356 819 798 509 1050 884 1080 177 45 603 756 1009 311 384
leaf_count=222 565 158 1011 349 64 693 254 251 212 144 362 223 135 306 252 19 178 819 532 170 501 329 373 59 15 280 750 505 120 128
internal_value=0.00437877 0.60668 -0.71586 0.38246 1.39894 -1.23159 -0.370174 0.600849 0.114412 1.25728 -0.996776 -0.508783 1.45303 -1.56805 0.853107 2.31318 -0.045057 -1.67884 -0.643785 0.460685 -0.0738271 0.35763 0.394919 0.890702 2.14299 0.134418 -1.14443 -0.320034 0.611144 1.28123
internal_weight=17931 9765 8166 7611 2154 3277 4889 4194 3417 1865 1930 3331 1221 1347 1498 289 2089 1041 1942 2696 1558 1328 1876 644 237 959 1449 1389 820 816
internal_count=9979 3801 6178 3079 722 3152 3026 1515 1564 624 1805 2271 407 1347 503 98 1023 1041 1543 1012 755 541 722 217 79 458 1443 728 290 272
is_linear=0
shrinkage=0.05


Tree=7
num_leaves=31
num_cat=0
split_feature=28 28 28 10 28 8 28 28 10 8 28 28 8 29 28 5 8 29 28 5 29 5 5 28 28 5 28 28 10 28
split_gain=2.80946e+06 670611 520636 118762 108855 99848.5 85565.2 75639.9 44795.3 41668 41593.5 31015.7 19315.3 18362.9 15201.3 13878.5 13425.2 12158.6 12045.6 9132.87 8971.29 8752.76 8114.59 7558.43 6265.9 6263.41 4971.53 4427.06 4203.69 3050.07
threshold=66.500000000000014 43.500000000000007 94.500000000000014 1.0000000180025095e-35 30.500000000000004 206.50000000000003 118.50000000000001 80.500000000000014 1.0000000180025095e-35 70.500000000000014 56.500000000000007 78.500000000000014 18.500000000000004 10.250000000000002 23.500000000000004 0.069999998435378089 658.50000000000011 9.7500000000000018 56.500000000000007 0.37000000476837164 9.7500000000000018 -0.94499999284744252 -0.68500000238418568 74.500000000000014 39.500000000000007 1.544999957084656 11.500000000000002 85.500000000000014 -0.78654998540878285 98.500000000000014
decision_type=2 2 2 2 2 2 2 2 2 2 2 2 2 2 2 2 2 2 2 2 2 2 2 2 2 2 2 2 2 2
left_child=1 4 3 7 12 10 8 17 13 24 19 25 14 -4 26 -8 27 23 -7 28 -17 -12 -13 -2 -6 -5 -1 -9 -3 -15
right_child=2 5 6 11 9 18 15 16 -10 -11 21 22 -14 29 -16 20 -18 -19 -20 -21 -22 -23 -24 -25 -26 -27 -28 -29 -30 -31
leaf_value=-2.0748183822631838 0.2905207129282063 -0.39899144839114342 1.2831239969416184 0.035861164631617995 -1.1151465612043576 -0.17361401977975841 1.8121206239212393 0.66950566643487619 0.93298562253194872 -0.70098355492895681 -0.39899144839114342 0.25291927868006181 -1.1816432337237324 1.4983978448735611 -1.3677501743211407 1.9372169494628908 0.93298562253194872 0.66950566643487619 0.035861164631617995 -0.43916571354339135 2.7542277199881422 -0.18277381610802965 0.54324655418006607 0.47974143461236418 -0.90358638175298422 0.18390216610205043 -1.6644814436873441 0.83084936138384513 -0.68122297362796791 1.7293742484069832
leaf_weight=85 902 108 645 717 1042 690 129 483 500 466 516 490 284 81 551 48 720 506 1113 905 112 1498 473 1272 527 718 561 405 1063 321
leaf_count=85 386 60 215 358 1042 342 43 161 169 311 275 205 284 27 551 16 240 175 506 561 39 750 165 434 521 334 561 135 921 107
internal_value=0.00486341 -0.590769 0.662491 0.457696 -1.13725 -0.264714 1.40828 0.615284 1.26074 -0.899915 -0.401409 0.175904 -1.46337 1.44843 -1.55386 2.19801 0.886392 0.452619 0.0358612 -0.558458 2.50912 -0.239524 0.39552 0.401233 -1.04409 0.0358612 -1.71847 0.728713 -0.650653 1.71367
internal_weight=17931 9409 8522 6686 3516 5893 1836 4288 1547 2035 4090 2398 1481 1047 1197 289 1608 2680 1803 2076 160 2014 963 2174 1569 1435 646 888 1171 402
internal_count=9979 6770 3209 2593 3355 3415 616 1531 518 1874 2567 1062 1481 349 1197 98 536 995 848 1542 55 1025 370 820 1563 692 646 296 981 134
is_linear=0
shrinkage=0.05


Tree=8
num_leaves=31
num_cat=0
split_feature=28 28 28 28 10 8 28 28 10 8 28 28 28 29 29 8 29 10 5 5 8 9 28 28 28 8 28 28 28 28
split_gain=2.52704e+06 605509 469465 119761 109015 84236.5 77336.1 69221.5 40931.7 36821.9 28620.8 28609.8 24099.6 16697.7 12734.9 12346.9 10998.9 9297.45 8113.89 7795.56 7397.57 7039.1 6338.96 6298.43 5695.29 5090.13 4476.53 4386.51 4102.2 3444.98
threshold=66.500000000000014 45.500000000000007 94.500000000000014 32.500000000000007 1.0000000180025095e-35 206.50000000000003 118.50000000000001 80.500000000000014 1.0000000180025095e-35 10.500000000000002 57.500000000000007 74.500000000000014 22.500000000000004 10.250000000000002 13.750000000000002 661.50000000000011 9.3499999046325701 -0.6035499870777129 -0.68500000238418568 -0.43500000238418574 1.0000000180025095e-35 -0.37939999997615809 73.500000000000014 56.500000000000007 39.500000000000007 738.50000000000011 13.500000000000002 82.500000000000014 84.500000000000014 27.500000000000004
decision_type=2 2 2 2 2 2 2 2 2 2 2 2 2 2 2 2 2 2 2 2 2 2 2 2 2 2 2 2 2 2
left_child=1 3 4 12 7 10 8 16 13 24 19 -6 20 -4 25 28 22 -14 -13 -3 26 -12 -2 -7 -5 -8 -1 -20 -9 -19
right_child=2 5 6 9 11 23 14 15 -10 -11 21 18 17 -15 -16 -17 -18 29 27 -21 -22 -23 -24 -25 -26 -27 -28 -29 -30 -31
leaf_value=-1.943444068476839 0.25646515728892955 -0.60928571427740708 1.2189678011753764 -1.0343756192044455 0.034823166018187739 -0.13390729470256849 1.819986979166667 0.63750559149384134 0.88598169464306376 -0.62998632514506969 -0.33493861756787813 0.19493664843448696 -1.0646179144231267 1.6295299586965077 2.7966900532062238 0.88598169464306376 0.6194348911711034 -1.3716114369362227 0.3230477168091706 -0.40659250889130105 -1.3716114369362227 -0.16026714313227569 0.43954856625543615 0.034823166018187739 -0.84007549677897664 2.3646623780610541 -1.5838062685259842 0.57210973179118241 0.78909243441224819 -1.2038602910426834
leaf_weight=106 725 779 645 767 994 618 192 429 500 627 726 690 266 402 52 714 596 260 392 1213 168 1070 1359 1113 742 45 471 322 465 483
leaf_count=106 318 638 215 767 491 306 64 143 169 418 372 305 260 134 19 238 205 260 158 741 168 538 472 506 736 15 471 108 155 483
internal_value=0.00542467 -0.559477 0.629124 -1.03724 0.434653 -0.222731 1.33731 0.585635 1.19705 -0.785841 -0.355357 0.164673 -1.34339 1.3766 2.0881 0.844986 0.430025 -1.18414 0.317208 -0.485859 -1.55908 -0.210615 0.375856 0.0348232 -0.938835 1.93263 -1.64987 0.43537 0.692203 -1.28975
internal_weight=17931 9409 8522 3890 6686 5519 1836 4288 1547 2136 3788 2398 1754 1047 289 1608 2680 1009 1404 1992 745 1796 2084 1731 1509 237 577 714 894 743
internal_count=9979 6770 3209 3669 2593 3101 616 1531 518 1921 2289 1062 1748 349 98 536 995 1003 571 1379 745 910 790 812 1503 79 577 266 298 743
is_linear=0
shrinkage=0.05


Tree=9
num_leaves=31
num_cat=0
split_feature=28 28 28 28 8 8 8 28 28 28 24 29 8 3 8 5 8 0 29 28 28 10 24 29 9 28 5 28 28 1
split_gain=2.27766e+06 596126 347720 162994 112948 74187.2 68959.3 41724.7 39289.2 32840.7 31595.8 20844.1 18159.1 12541.2 11184.3 11075.4 9402.88 9386.34 8623.67 8267.87 7052.72 6508.04 6108.65 5623.37 4838.82 4527.9 4510.15 3803.89 3419.18 2827.38
threshold=59.500000000000007 81.500000000000014 36.500000000000007 105.50000000000001 356.50000000000006 18.500000000000004 480.50000000000006 24.500000000000004 48.500000000000007 69.500000000000014 391.25000000000006 6.8500001430511483 1.5000000000000002 175.50000000000003 17.500000000000004 0.069999998435378089 432.50000000000006 25.050000190734867 9.2500000000000018 73.500000000000014 94.500000000000014 -0.6035499870777129 504.58500671386724 13.34999990463257 -1.0000000180025095e-35 16.500000000000004 1.5950000286102297 95.500000000000014 32.500000000000007 76.500000000000014
decision_type=2 2 2 2 2 2 2 2 2 2 2 2 2 2 2 2 2 2 2 2 2 2 2 2 2 2 2 2 2 2
left_child=2 4 7 6 9 8 27 14 26 21 15 20 28 -11 25 -5 -12 19 29 -6 -8 -2 -19 -13 -10 -1 -4 -3 -9 -7
right_child=1 3 5 10 17 18 11 12 24 13 16 23 -14 -15 -16 -17 -18 22 -20 -21 -22 -23 -24 -25 -26 -27 -28 -29 -30 -31
leaf_value=-1.7165035358314353 0.033097415189892808 0.5662169428911874 -0.80424710048449255 1.749484746145251 0.20641624875869657 -0.19885464001733988 0.78411686774437594 -1.1784361785502762 -0.54343100423748436 0.033097415189892808 1.1934616488837813 1.0462539871366048 -0.80424710048449255 0.20641624875869657 -1.2240486707155309 2.3978270232222463 1.547766715335593 0.5662169428911874 -0.10539618903929236 0.41127340769482007 0.98431738910453004 -0.10539618903929236 0.41127340769482007 1.1934616488837813 -0.38800409304732358 -1.4489401408327305 -0.60684168805361327 0.73621641494470635 -1.0056596436956993 -0.36194210866165327
leaf_weight=233 377 1051 1241 90 650 381 579 687 592 603 195 711 304 1008 186 131 377 612 881 784 219 1780 888 270 1043 492 112 381 491 582
leaf_count=233 184 379 1239 30 291 194 193 687 435 298 65 237 274 425 186 45 126 213 451 266 73 896 322 90 616 492 95 127 491 326
internal_value=0.00612413 0.469057 -0.679849 0.951761 0.180673 -0.435746 0.793225 -1.17275 -0.589654 -0.000453159 1.5937 1.00202 -1.00906 0.171591 -1.43904 2.10145 1.39752 0.413286 -0.186355 0.32182 0.812256 -0.105396 0.500727 1.15638 -0.424721 -1.53493 -0.788962 0.566217 -1.10642 -0.292313
internal_weight=17931 10706 7225 4004 6702 4832 3211 2393 2988 3768 793 1779 1482 1611 911 221 572 2934 1844 1434 798 2157 1500 981 1635 725 1353 1432 1178 963
internal_count=9979 4260 5719 1365 2895 3356 1099 2363 2385 1803 266 593 1452 723 911 75 191 1092 971 557 266 1080 535 327 1051 725 1334 506 1178 520
is_linear=0
shrinkage=0.05


Tree=10
num_leaves=31
num_cat=0
split_feature=28 28 28 8 8 28 28 28 8 28 28 29 8 29 9 8 29 23 8 28 28 3 28 28 9 1 28 28 28 3
split_gain=2.0652e+06 459485 390025 127642 83831.9 69285.2 53894.8 38988.8 37885 37871.7 37067.7 19635.4 18474.1 12070.6 10227 9945.23 9615.11 9297.99 9267.73 8769.32 7455.36 6531.37 4743.79 4712.75 4267.86 4153.33 3846.15 3227.42 3075.91 2914.38
threshold=62.500000000000007 91.500000000000014 36.500000000000007 336.50000000000006 87.500000000000014 118.50000000000001 48.500000000000007 24.500000000000004 384.50000000000006 74.500000000000014 81.500000000000014 10.250000000000002 24.500000000000004 13.750000000000002 -1.0000000180025095e-35 12.500000000000002 10.84999990463257 59.500000000000007 534.50000000000011 55.500000000000007 74.500000000000014 71.500000000000014 13.500000000000002 105.50000000000001 -0.98295000195503224 60.500000000000007 67.500000000000014 44.500000000000007 32.500000000000007 126.50000000000001
decision_type=2 2 2 2 2 2 2 2 2 2 2 2 2 2 2 2 2 2 2 2 2 2 2 2 2 2 2 2 2 2
left_child=2 3 7 9 6 8 27 15 23 14 16 25 28 24 -2 22 20 29 -12 -8 -5 -11 -1 -3 -7 -10 -16 -4 -9 -6
right_child=1 5 4 10 17 13 19 12 11 21 18 -13 -14 -15 26 -17 -18 -19 -20 -21 -22 -23 -24 -25 -26 -27 -28 -29 -30 -31
leaf_value=-1.7607097840523935 -0.045033996412281813 0.72648474387346029 -0.73706766484564779 0.2984510688837349 -0.29672239916794318 1.4594557351265323 -0.45970977482427194 -1.1202056110246816 1.1545514695362378 0.13216042168726216 0.56197086420658082 1.4594557351265323 -0.73706766484564779 2.5637389560915391 -0.015378956602911604 -1.1638490199639435 0.56197086420658082 -0.045033996412281813 0.72648474387346029 -0.29672239916794318 0.43909689375681293 0.2984510688837349 -1.4059167601706319 0.96178482009700872 1.8384782579210068 0.96178482009700872 0.13216042168726216 -0.60835171376095454 -0.95764111868126367 -0.14367466669197296
leaf_weight=111 1363 451 986 966 442 39 1061 698 465 417 485 405 305 53 442 188 520 1260 810 1296 1318 974 623 195 180 342 406 488 499 293
leaf_count=111 678 152 979 410 235 13 745 698 155 202 162 135 273 20 221 188 178 609 270 682 451 364 623 65 60 114 182 454 499 156
internal_value=0.00187067 0.491388 -0.581456 0.311616 -0.359703 1.14135 -0.496572 -1.11443 1.03224 0.0944651 0.502437 1.19708 -0.957323 1.88667 -0.0341302 -1.37038 0.400255 -0.0968732 0.723687 -0.348266 0.355499 0.298451 -1.45957 0.726485 1.72281 1.05422 0.129495 -0.733719 -1.05244 -0.242315
internal_weight=18081 9831 8250 7701 5826 2130 3831 2424 1858 3602 4099 1212 1502 272 2211 922 2804 1995 1295 2357 2284 1391 734 646 219 807 848 1474 1197 735
internal_count=10084 3832 6252 3118 3860 714 2860 2392 621 1647 1471 404 1470 93 1081 922 1039 1000 432 1427 861 566 734 217 73 269 403 1433 1197 391
is_linear=0
shrinkage=0.05


Tree=11
num_leaves=31
num_cat=0
split_feature=28 28 28 28 10 8 28 10 8 10 28 28 28 28 28 5 29 28 10 28 5 8 29 28 5 28 28 28 10 10
split_gain=1.86539e+06 482099 317784 92317.9 77826.1 76493.5 52747.4 31527.3 30698.7 29799.3 23399.7 18566.2 18063.2 17888.4 14317.8 14071.7 11527 11287.6 9849.84 8034.91 6477.27 5728.78 4976.54 4662.51 4615.83 4510.25 4241.18 4006.36 3699.06 2614.93
threshold=68.500000000000014 45.500000000000007 94.500000000000014 32.500000000000007 -0.6035499870777129 639.50000000000011 118.50000000000001 1.0000000180025095e-35 10.500000000000002 1.0000000180025095e-35 57.500000000000007 57.500000000000007 20.500000000000004 77.500000000000014 79.500000000000014 -0.84499999880790699 10.250000000000002 141.00000000000003 -0.6035499870777129 78.500000000000014 -0.38499999046325678 700.50000000000011 9.2500000000000018 39.500000000000007 2.245000004768372 27.500000000000004 11.500000000000002 82.500000000000014 -0.6035499870777129 -0.6035499870777129
decision_type=2 2 2 2 2 2 2 2 2 2 2 2 2 2 2 2 2 2 2 2 2 2 2 2 2 2 2 2 2 2
left_child=1 3 5 12 11 9 7 16 23 14 24 22 26 -7 28 27 -4 21 -14 -17 -12 -8 -3 -5 -6 -20 -1 -11 -2 -28
right_child=2 4 6 8 10 13 17 -9 -10 15 20 -13 18 -15 -16 19 -18 -19 25 -21 -22 -23 -24 -25 -26 -27 29 -29 -30 -31
leaf_value=-1.6661850650355501 0.40114917584827969 -0.23830064334177289 1.060581804358441 -0.89373128034712124 -0.50427632685162083 0.51103065482697607 1.4127019393621538 0.77275749598987897 -0.53022870562050228 0.053827028374462627 -0.33260428531465785 0.053827028374462627 -0.9107434371458567 0.77275749598987897 0.51103065482697607 0.17797346410743142 1.4026872503991221 2.44513744858076 -1.2103604178863998 0.43857909362015024 -0.14502003794783519 1.8735477284488515 -0.047897187419106507 -0.71926260978456535 -0.33725448456811941 -1.0302178608510912 -1.2103604178863998 0.23954303394771698 0.24929878503826741 -1.4123898942591782
leaf_weight=106 728 664 621 776 1342 484 102 508 645 634 699 1262 320 942 1065 763 408 53 377 483 1347 117 460 756 235 485 189 322 893 295
leaf_count=106 261 344 207 776 1032 170 34 171 432 316 361 565 315 314 355 352 136 20 377 170 674 39 227 749 131 485 189 127 354 295
internal_value=0.00201801 -0.456668 0.564322 -0.885819 -0.174639 0.396926 1.14859 1.03501 -0.66771 0.302927 -0.320666 0.0470942 -1.15378 0.719134 0.414707 0.166578 1.19623 1.79039 -1.04099 0.278995 -0.209107 1.63194 -0.149621 -0.807636 -0.465402 -1.1384 -1.37973 0.053827 0.317496 -1.31699
internal_weight=18081 9958 8123 3949 6009 6314 1809 1537 2177 4888 3623 2386 1772 1426 2686 2202 1029 272 1182 1246 2046 219 1124 1532 1577 862 590 956 1621 484
internal_count=10084 7058 3026 3724 3334 2419 607 514 1957 1935 2198 1136 1767 484 970 965 343 93 1177 522 1035 73 571 1525 1163 862 590 443 615 484
is_linear=0
shrinkage=0.05


Tree=12
num_leaves=31
num_cat=0
split_feature=28 28 28 28 8 8 8 28 8 5 28 24 8 24 28 23 28 29 8 28 28 29 28 28 5 10 28 10 1 5
split_gain=1.67814e+06 377101 317341 94296.3 76447.4 70218.1 45392.8 45074.6 32059.6 25153.1 24232 23892.5 16278.1 9597.72 9400.05 8521.97 8414.55 8308.78 7796.91 7296.44 6508.57 5159.37 4422.94 4045.93 3892.44 2774.16 2436.75 2328.84 2233.69 2115
threshold=62.500000000000007 84.500000000000014 36.500000000000007 106.50000000000001 306.50000000000006 87.500000000000014 503.50000000000006 48.500000000000007 70.500000000000014 2.1550000905990605 24.500000000000004 360.41499328613287 681.50000000000011 534.58499145507824 67.500000000000014 94.500000000000014 77.500000000000014 9.5500001907348651 604.50000000000011 55.500000000000007 94.500000000000014 13.150000095367433 14.500000000000002 71.500000000000014 1.294999957084656 -0.6035499870777129 32.500000000000007 -1.0000000180025095e-35 68.500000000000014 3.7549999952316289
decision_type=2 2 2 2 2 2 2 2 2 2 2 2 2 2 2 2 2 2 2 2 2 2 2 2 2 2 2 2 2 2
left_child=2 4 8 6 9 7 29 24 10 -2 22 15 16 -8 -11 -5 21 -7 28 -9 -15 -6 -1 -14 -4 -24 -12 -18 -13 -3
right_child=1 3 5 11 12 17 13 19 -10 14 26 18 23 20 -16 -17 27 -19 -20 -21 -22 -23 25 -25 -26 -27 -28 -29 -30 -31
leaf_value=-1.4899363989682541 -0.039335741097328736 0.55862062739104645 -0.66324868861065955 1.5417754423634964 0.2180232991278678 -0.19714956211387094 1.0605253904794949 -0.4140689067633842 -0.66324868861065955 -0.035279677219417258 -0.99443255870442115 1.236622336132279 0.43994548576599657 0.75092931836895116 0.2180232991278678 2.0665272979736331 0.43994548576599657 -0.039335741097328736 1.4664100666046143 -0.26521726266156725 0.95552700062840001 0.33031427663356105 -1.1084294665900782 0.55862062739104645 -0.48786950151376413 -1.2837775344455364 -0.8683243234847775 0.33031427663356105 1.0605253904794949 0.71289235367172077
leaf_weight=194 1484 804 1287 39 1167 982 360 1061 278 384 764 183 312 546 1238 150 792 1013 200 1296 408 224 175 669 187 485 528 349 174 348
leaf_count=194 729 285 1274 13 497 502 120 745 246 192 764 61 112 182 524 52 264 498 67 682 136 77 175 224 159 485 528 123 58 116
internal_value=0.00294562 0.444212 -0.522884 0.88875 0.228492 -0.322857 0.739744 -0.448121 -1.00364 0.047777 -1.0734 1.38131 0.38827 0.943238 0.191533 1.86707 0.32127 -0.0823136 1.21648 -0.31249 0.850529 0.238717 -1.28006 0.558621 -0.663249 -1.21837 -0.936801 0.421911 1.07646 0.558621
internal_weight=18081 9831 8250 3212 6619 5826 2466 3831 2424 3106 2146 746 3513 1314 1622 189 2532 1995 557 2357 954 1391 854 981 1474 660 1292 1141 357 1152
internal_count=10084 3832 6252 1090 2742 3860 839 2860 2392 1445 2146 251 1297 438 716 65 961 1000 186 1427 318 574 854 336 1433 660 1292 387 119 401
is_linear=0
shrinkage=0.05


Tree=13
num_leaves=31
num_cat=0
split_feature=28 28 28 28 10 10 28 28 10 10 28 28 28 5 10 24 24 28 10 28 5 28 10 29 28 28 28 5 9 28
split_gain=1.51374e+06 394148 258339 75063.8 67447.9 61370.1 43365.8 38698.2 26742.3 26316.6 18660.9 15200.9 15087.6 12387.6 10260.9 10075.9 9921.45 9705.54 7857.95 6799.7 6689.08 5118.15 4425.58 4009.89 3813.1 3687.09 3684.72 3174.66 2568.96 2510.33
threshold=68.500000000000014 45.500000000000007 94.500000000000014 32.500000000000007 -0.6035499870777129 1.0000000180025095e-35 118.50000000000001 80.500000000000014 1.0000000180025095e-35 -0.6035499870777129 56.500000000000007 18.500000000000004 56.500000000000007 -0.84499999880790699 -0.6035499870777129 780.41500854492199 486.25000000000006 141.00000000000003 -0.6035499870777129 76.500000000000014 -0.38499999046325678 27.500000000000004 -0.37939999997615809 9.2500000000000018 74.500000000000014 76.500000000000014 39.500000000000007 2.304999947547913 -0.91595000028610218 11.500000000000002
decision_type=2 2 2 2 2 2 2 2 2 2 2 2 2 2 2 2 2 2 2 2 2 2 2 2 2 2 2 2 2 2
left_child=1 3 5 11 12 7 8 18 16 -5 27 29 23 28 -13 -9 -4 22 25 -15 -12 -16 -8 -3 -20 -2 -11 -6 -7 -1
right_child=2 4 6 9 10 13 17 15 -10 26 20 14 -14 19 21 -17 -18 -19 24 -21 -22 -23 -24 -25 -26 -27 -28 -29 -30 -31
leaf_value=-1.5091589279894559 0.37675153255338856 -0.23295608379025762 1.2757957568028671 -0.47672088410515212 -0.46660941218763563 0.20512795645140988 1.7060432179768883 0.6974577507769677 0.6974577507769677 -0.82071845951210598 -0.31829175396670806 -0.82071845951210598 0.049659025988328456 0.13895105682255324 -1.1272512226968165 0.50451829466508302 0.98747568305708922 2.2253840248539762 0.12345851349846851 0.37265562192960222 -0.13894495638335322 -0.92898535633824553 1.2757957568028671 -0.047552634359956263 0.31609133366591835 0.50451829466508302 -0.66093043806516005 -0.31829175396670806 0.049659025988328456 -1.2290572476533295
leaf_weight=106 963 566 267 754 1221 340 105 936 508 712 768 358 1388 641 497 702 762 53 376 605 1465 485 114 432 811 324 711 169 616 326
leaf_count=106 341 295 89 541 965 145 35 312 171 712 402 353 628 304 497 234 254 20 178 218 733 485 38 213 279 110 704 98 298 326
internal_value=0.00298816 -0.410208 0.509526 -0.798243 -0.155199 0.358597 1.03632 0.472668 0.933334 -0.60157 -0.291143 -1.03987 0.049659 0.14558 -0.956717 0.661177 1.08227 1.61826 0.347859 0.252427 -0.201614 -1.04735 1.47133 -0.144764 0.255072 0.433437 -0.741449 -0.43497 0.049659 -1.29779
internal_weight=18081 9958 8123 3949 6009 6314 1809 4112 1537 2177 3623 1772 2386 2202 1340 1638 1029 272 2474 1246 2233 982 219 998 1187 1287 1423 1390 956 432
internal_count=10084 7058 3026 3724 3334 2419 607 1454 514 1957 2198 1767 1136 965 1335 546 343 93 908 522 1135 982 73 508 457 451 1416 1063 443 432
is_linear=0
shrinkage=0.05


Tree=14
num_leaves=31
num_cat=0
split_feature=28 28 28 28 8 8 8 28 8 28 24 28 28 3 0 5 29 28 8 29 25 10 10 28 5 9 28 23 10 29
split_gain=1.36667e+06 376358 194567 101803 75184.9 52347.6 46356.5 23520.1 22548.6 21455.3 21202 17901.6 12044.9 11762.2 8760.89 7933.02 7766.67 6575.43 6324 4584.37 4114.73 4098.59 3545.66 3462.37 2609.95 2583.74 2493.57 2110.9 2077.77 2075.96
threshold=58.500000000000007 80.500000000000014 35.500000000000007 105.50000000000001 347.50000000000006 17.500000000000004 655.50000000000011 48.500000000000007 24.500000000000004 68.500000000000014 391.25000000000006 26.500000000000004 94.500000000000014 175.50000000000003 25.050000190734867 0.069999998435378089 7.4500000476837167 73.500000000000014 432.50000000000006 8.7500000000000018 7.0499999523162851 0.3793999999761582 -0.6035499870777129 16.500000000000004 1.5950000286102297 -1.0000000180025095e-35 18.500000000000004 57.500000000000007 1.0000000180025095e-35 8.7500000000000018
decision_type=2 2 2 2 2 2 2 2 2 2 2 2 2 2 2 2 2 2 2 2 2 2 2 2 2 2 2 2 2 2
left_child=2 4 8 6 9 7 12 24 11 22 15 23 28 -11 17 -5 -8 -6 -12 27 -16 -14 -2 -1 -4 -9 -10 -7 -3 -20
right_child=1 3 5 10 14 19 16 25 26 13 18 -13 21 -15 20 -17 -18 -19 29 -21 -22 -23 -24 -25 -26 -27 -28 -29 -30 -31
leaf_value=-1.330212187576294 0.0047812702666301665 0.50039849859295471 -0.64565446780552327 1.3596639375164086 0.1499576026630671 -0.32053345591628579 0.6912187942212149 -0.43577469213622672 -0.82558748756396172 0.0047812702666301665 0.91545136295794749 -0.85958251173870692 0.67744639868923606 0.1499576026630671 0.31648601535459453 1.9158779299356106 0.91545136295794749 0.31648601535459453 1.0558937333492195 -0.098164078531610674 0.42212847421770799 0.54066474186770042 -0.098164078531610674 -1.1084104494615035 -0.48954078081782815 -0.32053345591628579 -0.64565446780552327 -0.17398368231719361 0.42212847421770799 1.2780606733685802
leaf_weight=250 349 924 1394 96 673 310 417 571 71 679 204 975 528 1210 429 123 639 754 123 992 1021 136 1802 594 109 878 352 480 741 257
leaf_count=250 172 308 1391 32 305 182 139 424 71 336 68 975 176 525 165 43 213 257 41 524 359 47 910 594 95 534 334 250 278 86
internal_value=0.00379884 0.348334 -0.544662 0.722416 0.121841 -0.362942 0.602349 -0.492123 -0.928367 -0.0172684 1.22855 -1.00552 0.477756 0.107727 0.317184 1.64811 0.877137 0.229231 1.07122 -0.148944 0.403741 0.659201 -0.0981641 -1.17411 -0.630698 -0.348383 -0.645654 -0.240726 0.422128 1.19634
internal_weight=18081 11105 6976 4188 6917 4734 3385 2952 2242 4040 803 1819 2329 1889 2877 219 1056 1427 584 1782 1450 664 2151 844 1503 1449 423 790 1665 380
internal_count=10084 4460 5624 1431 3029 3400 1161 2444 2224 1943 270 1819 809 861 1086 75 352 562 195 956 524 223 1082 844 1486 958 405 432 586 127
is_linear=0
shrinkage=0.05


Tree=15
num_leaves=31
num_cat=0
split_feature=28 28 28 10 10 28 28 28 10 28 10 28 28 10 29 29 29 24 5 28 28 5 5 7 28 5 28 28 28 29
split_gain=1.24966e+06 283976 249888 68074 48618.4 44410.3 39325.1 37062.2 24884.6 22210.6 20756.5 16457.1 11442.9 10346.1 10268.1 9047.07 7974.76 7602.47 6149.87 5870.85 5294.36 4980.49 4711.03 3557.62 3516.5 2976.09 2399.49 2298.74 1938.08 1847.69
threshold=65.500000000000014 42.500000000000007 94.500000000000014 1.0000000180025095e-35 -0.78654998540878285 29.500000000000004 118.50000000000001 80.500000000000014 1.0000000180025095e-35 56.500000000000007 -0.78654998540878285 76.500000000000014 55.500000000000007 -0.78654998540878285 9.2500000000000018 10.250000000000002 13.750000000000002 780.41500854492199 -0.68500000238418568 16.500000000000004 73.500000000000014 2.1049998998641972 -1.7350000143051145 1010.7500000000001 50.500000000000007 1.3450000286102297 27.500000000000004 34.500000000000007 108.50000000000001 9.2500000000000018
decision_type=2 2 2 2 2 2 2 2 2 2 2 2 2 2 2 2 2 2 2 2 2 2 2 2 2 2 2 2 2 2
left_child=1 5 3 7 12 13 8 14 15 21 -7 -5 29 -1 20 28 23 -9 -13 -15 -2 24 -11 -8 -6 27 -21 -12 -4 -3
right_child=2 4 6 11 9 10 16 17 -10 22 25 18 -14 19 -16 -17 -18 -19 -20 26 -22 -23 -24 -25 -26 -27 -28 -29 -30 -31
leaf_value=-0.80398763727936418 0.15500963052964947 -0.22665033993042505 0.82817151982297177 0.012406548169271316 -0.48114439065858933 -0.48114439065858933 1.1589992809990892 0.61749004207435043 0.61749004207435043 -0.30031639724689096 -0.80398763727936418 0.11955882672812326 0.012406548169271316 -1.2860505240304132 0.44978221319112976 1.1589992809990892 2.0296188786344707 0.44978221319112976 0.33990801963364348 -1.0475183135773762 0.31161733759712518 -0.30031639724689096 -0.13521382222072867 1.4970653142684547 -0.36338994258116908 -0.48114439065858933 -0.84842039212888598 -0.69193817547631997 1.0118136677978733 -0.087470138079575599
leaf_weight=273 890 506 558 1363 904 502 84 954 500 458 546 595 1109 231 669 423 53 684 599 664 1371 271 1465 156 695 87 196 842 87 451
leaf_count=273 397 266 186 667 891 375 28 318 169 244 546 259 510 231 232 141 20 228 215 664 478 159 737 52 462 81 196 841 29 226
internal_value=0.00752898 -0.402096 0.426909 0.292156 -0.192326 -0.769963 0.942824 0.407786 0.843469 -0.298626 -0.618545 0.0855863 0.00283156 -0.98943 0.301299 0.982489 1.47453 0.598266 0.226711 -1.06226 0.249972 -0.421321 -0.179312 1.35195 -0.458147 -0.727081 -1.00214 -0.745031 0.864628 -0.16106
internal_weight=18186 9200 8986 7125 5859 3341 1861 4568 1568 3793 1977 2557 2066 1364 2930 1068 293 1638 1194 1091 2261 1870 1923 240 1599 1475 860 1388 645 957
internal_count=10121 6702 3419 2794 3495 3207 625 1653 525 2493 1843 1141 1002 1364 1107 356 100 546 474 1091 875 1512 981 80 1353 1468 860 1387 215 492
is_linear=0
shrinkage=0.05


Tree=16
num_leaves=31
num_cat=0
split_feature=28 28 28 28 8 8 10 28 8 28 28 28 8 3 0 10 28 29 28 5 29 24 10 28 8 28 28 28 0 10
split_gain=1.12789e+06 326649 144367 89004.5 68425.3 38516.7 38439.1 23573 18933.8 18275.3 16880.7 14444.5 13141.9 9902.11 9021.87 6402.63 6245.42 5822.14 5503.19 5115.47 4936.31 4462.79 4321.49 3879.78 3099.46 3184.34 3007.98 2985.68 1881.07 1822.59
threshold=57.500000000000007 80.500000000000014 35.500000000000007 101.50000000000001 347.50000000000006 661.50000000000011 -0.78654998540878285 125.50000000000001 24.500000000000004 68.500000000000014 45.500000000000007 26.500000000000004 541.50000000000011 175.50000000000003 24.849999427795414 1.0000000180025095e-35 85.500000000000014 8.9499998092651385 73.500000000000014 2.245000004768372 6.8500001430511483 410.41499328613287 -0.6035499870777129 141.00000000000003 194.50000000000003 42.500000000000007 11.500000000000002 50.500000000000007 20.050000190734867 -0.37939999997615809
decision_type=2 2 2 2 2 2 2 2 2 2 2 2 2 2 2 2 2 2 2 2 2 2 2 2 2 2 2 2 2 2
left_child=2 4 8 5 9 15 24 12 11 22 -8 26 -5 -11 18 16 -3 -14 -6 27 -7 -16 -2 29 25 -4 -1 -12 -21 -9
right_child=1 3 6 7 14 20 10 23 -10 13 19 -13 17 -15 21 -17 -18 -19 -20 28 -22 -23 -24 -25 -26 -27 -28 -29 -30 -31
leaf_value=-1.3356266010891309 -0.0052546160838925389 0.37920221191926151 -0.50672447200595716 0.78084181319977586 0.129011359651202 0.59247823550301393 -0.59016844156712966 1.6167823282877603 -0.59016844156712966 -0.0052546160838925389 -0.47086814856496978 -0.77695034811269448 0.9553493789476365 0.129011359651202 0.37920221191926151 0.37920221191926151 0.59247823550301393 1.2598089984131762 0.27395903326691545 -0.28399908487824188 0.78084181319977586 0.27688655040027305 -0.10080535934814892 1.9339107081575215 -0.10080535934814892 -0.18601248297772272 -1.0266921010467003 -0.33493447217555689 -0.10080535934814892 1.2598089984131762
leaf_weight=88 394 507 97 462 664 273 1176 60 414 692 517 986 192 1193 582 1050 636 276 662 174 693 1120 1941 53 1088 383 753 878 122 60
leaf_count=88 195 169 86 154 302 91 1169 20 394 343 504 986 64 521 211 383 212 92 227 98 231 414 984 20 560 205 753 561 64 20
internal_value=0.00776597 0.307651 -0.509262 0.655007 0.103397 0.519992 -0.343982 1.04169 -0.836355 -0.0267369 -0.452842 -0.906791 0.941997 0.0902961 0.28476 0.404115 0.502469 1.12986 0.18698 -0.351568 0.780842 0.360938 -0.100805 1.57762 -0.144937 -0.250823 -1.05902 -0.391627 -0.162776 1.42026
internal_weight=18186 11510 6676 4262 7248 3159 4435 1103 2241 4220 2867 1827 930 1885 3028 2193 1143 468 1326 1691 966 1702 2335 173 1568 480 841 1395 296 120
internal_count=10121 4653 5468 1456 3197 1086 3247 370 2221 2043 2396 1827 310 864 1154 764 381 156 529 1227 322 625 1179 60 851 291 841 1065 162 40
is_linear=0
shrinkage=0.05


Tree=17
num_leaves=31
num_cat=0
split_feature=28 28 28 10 28 10 10 28 28 28 10 28 28 0 10 28 28 5 10 5 5 28 28 24 28 5 28 7 29 9
split_gain=1.01752e+06 244592 178607 58236 51067 40201.7 30367.6 25578 25556.8 23925.1 20652.2 15206 12516.9 10158.7 8130.64 7358.05 5869.15 4806.6 4137.54 4097.64 4005.54 3578.93 3514.46 3098.65 2579.4 2529.3 3087.17 2222.91 2211.34 1951.2
threshold=61.500000000000007 87.500000000000014 36.500000000000007 -1.0000000180025095e-35 109.50000000000001 -0.78654998540878285 -1.0000000180025095e-35 74.500000000000014 50.500000000000007 76.500000000000014 -0.91595000028610218 22.500000000000004 125.50000000000001 24.44999980926514 -0.6035499870777129 52.500000000000007 97.500000000000014 3.2649999856948857 -0.6035499870777129 1.9950000047683718 0.98000001907348644 67.500000000000014 141.00000000000003 410.41499328613287 11.500000000000002 0.81499999761581432 31.500000000000004 1018.2500000000001 9.0500001907348651 -0.78654998540878285
decision_type=2 2 2 2 2 2 2 2 2 2 2 2 2 2 2 2 2 2 2 2 2 2 2 2 2 2 2 2 2 2
left_child=2 3 10 9 6 15 16 -5 19 13 -1 24 14 21 -6 28 29 27 -11 -7 -10 -2 -14 -15 -12 26 -13 -9 -4 -3
right_child=1 4 5 7 12 8 -8 17 20 18 11 25 22 23 -16 -17 -18 -19 -20 -21 -22 -23 -24 -25 -26 -27 -28 -29 -30 -31
leaf_value=-0.51799824805194461 0.021061876331729519 0.63532796252640278 -0.28387953990035592 -0.040239063746826446 1.2488093184759004 -0.51799824805194461 0.4661719398147951 0.076476624041825397 -0.31759119674783748 0.4661719398147951 -1.2476620807825962 -0.82362599787642443 1.3483449840545656 0.34285827528166629 0.89282934055771934 -0.040239063746826446 0.87933566392764273 0.31213399292329591 0.35856188202331002 -0.37381804750337366 -0.1761203388164414 0.19445484137447838 1.8372152076577242 0.23847706087337681 -0.98107642009230323 -0.51799824805194461 -0.67368995346093519 0.20526201084808068 -0.12817298473844194 0.79000594912315136
leaf_weight=248 538 399 360 1907 75 1489 1054 526 913 720 107 753 120 442 387 925 450 554 894 111 1107 666 53 756 597 83 631 513 622 186
leaf_count=217 269 133 224 945 25 1475 357 233 580 242 107 753 40 153 129 444 150 202 298 91 569 271 20 286 597 83 631 205 330 62
internal_value=0.0073176 0.336773 -0.417251 0.18966 0.742684 -0.260425 0.623325 0.0405744 -0.358299 0.31959 -0.775571 -0.830575 1.13535 0.219545 0.999504 -0.0746334 0.81717 0.193192 0.466172 -0.507574 -0.240062 0.116975 1.49811 0.322628 -1.02159 -0.738907 -0.755266 0.129772 -0.185255 0.700676
internal_weight=18186 10240 7946 7516 2724 5527 2089 3500 3620 4016 2419 2171 635 2402 462 1907 1035 1593 1614 1600 2020 1204 173 1198 704 1467 1384 1039 982 585
internal_count=10121 4020 6101 3104 916 3713 702 1585 2715 1519 2388 2171 214 979 154 998 345 640 540 1566 1149 540 60 439 704 1467 1384 438 554 195
is_linear=0
shrinkage=0.05


Tree=18
num_leaves=31
num_cat=0
split_feature=28 28 28 10 28 10 10 28 28 0 10 24 28 28 29 28 23 5 5 28 28 28 25 28 1 9 1 28 28 29
split_gain=919906 268496 117179 65766.6 63354.7 34111.7 33985.4 26703.2 15909.5 15817.4 14428.1 13432.5 10742.5 10687.1 9522.03 5273.29 4623.19 4600.95 4397.71 3892.15 3668.84 3662.81 3569.86 3087.32 3055.76 2705.28 2673.98 2496.22 2337.39 2314.5
threshold=57.500000000000007 82.500000000000014 34.500000000000007 -0.37939999997615809 106.50000000000001 -1.0000000180025095e-35 -0.78654998540878285 74.500000000000014 45.500000000000007 24.849999427795414 -0.78654998540878285 360.41499328613287 70.500000000000014 25.500000000000004 7.4500000476837167 99.500000000000014 94.500000000000014 2.6049998998641972 2.245000004768372 125.50000000000001 16.500000000000004 91.500000000000014 7.5499999523162851 67.500000000000014 70.500000000000014 -0.91595000028610218 81.500000000000014 16.500000000000004 50.500000000000007 6.0499999523162851
decision_type=2 2 2 2 2 2 2 2 2 2 2 2 2 2 2 2 2 2 2 2 2 2 2 2 2 2 2 2 2 2
left_child=2 3 10 9 5 14 26 17 -8 12 20 16 29 27 21 -7 -6 -5 28 24 -1 -3 -11 -19 -13 -17 -4 -12 -10 -2
right_child=1 4 6 7 11 15 8 -9 18 22 13 19 -14 -15 -16 25 -18 23 -20 -21 -22 -23 -24 -25 -26 -27 -28 -29 -30 -31
leaf_value=-0.92107654707772402 -0.023389881207626695 0.47070500941503624 -0.090468859578217736 -0.090468859578217736 1.1581617332791703 0.36954733865940137 -0.54513252620323549 0.15949432046528891 -0.43104399554694645 0.27069260233705389 -1.1103972752888998 0.96499631383397555 0.27069260233705389 -0.71851242417859873 0.78012413356085897 0.64687476463189431 1.5400985888945753 -0.089406208138783472 -0.14190932535943954 1.1581617332791703 -0.54513252620323549 0.67275452374833244 0.36954733865940137 0.034512730443535589 0.78012413356085897 0.46272800893531746 -0.22790347430672067 -0.91448292827779909 -0.30430618379273561 0.13339606185051023
leaf_weight=70 490 420 1097 1841 33 1192 1306 1406 517 467 231 333 927 883 702 297 156 518 296 59 340 273 1174 511 174 84 509 549 878 453
leaf_count=70 245 140 571 934 11 421 1299 565 504 181 231 111 325 883 234 99 54 259 162 20 326 91 415 247 58 28 312 549 561 215
internal_value=0.0075826 0.278411 -0.459348 0.111432 0.627663 0.523634 -0.318771 -0.0202376 -0.418226 0.27179 -0.771494 1.03661 0.171838 -0.837642 0.703684 0.369547 1.40158 -0.0904689 -0.316955 0.914744 -0.545133 0.565385 0.369547 0.0193663 0.866033 0.555909 -0.133176 -0.972504 -0.354098 0.0519272
internal_weight=18186 11510 6676 7787 3723 2968 4603 4276 2997 3511 2073 755 1870 1663 1395 1573 189 2870 1691 566 410 693 1641 1029 507 381 1606 780 1395 943
internal_count=10121 4653 5468 3386 1267 1013 3409 2005 2526 1381 2059 254 785 1663 465 548 65 1440 1227 189 396 231 596 506 169 127 883 780 1065 460
is_linear=0
shrinkage=0.05


Tree=19
num_leaves=31
num_cat=0
split_feature=28 28 28 10 10 10 28 28 28 10 28 5 9 28 29 29 28 5 28 20 5 28 5 10 28 29 28 29 28 9
split_gain=832372 187526 168234 53345.5 34833.6 32071.5 27465.8 24246.5 20726.6 19398.9 11894 11709 10100.2 9812.72 8814.02 6659.81 4949.97 3624.12 3445.82 3223.76 3106.77 3095.55 2934.21 2729.08 2664.59 2335.53 2201.55 2197.4 2076.85 1475.73
threshold=65.500000000000014 42.500000000000007 96.500000000000014 1.0000000180025095e-35 -0.6035499870777129 -0.91595000028610218 79.500000000000014 125.50000000000001 27.500000000000004 1.0000000180025095e-35 56.500000000000007 1.544999957084656 -0.78654998540878285 52.500000000000007 6.8500001430511483 9.2500000000000018 76.500000000000014 -1.0549999475479124 16.500000000000004 15.150000095367433 2.1049998998641972 73.500000000000014 0.75499999523162853 -0.6035499870777129 34.500000000000007 9.0500001907348651 83.500000000000014 9.2500000000000018 50.500000000000007 -0.91595000028610218
decision_type=2 2 2 2 2 2 2 2 2 2 2 2 2 2 2 2 2 2 2 2 2 2 2 2 2 2 2 2 2 2
left_child=1 5 3 6 13 -1 15 9 18 12 20 29 25 27 26 21 -13 -12 -7 -9 28 -2 24 -20 -10 -4 -8 -3 -6 -5
right_child=2 4 7 11 10 8 14 19 22 -11 17 16 -14 -15 -16 -17 -18 -19 23 -21 -22 -23 -24 -25 -26 -27 -28 -29 -30 -31
leaf_value=-0.391490764982177 0.1262902383181905 -0.2508249050038624 0.70517007640150731 0.14983945895592835 -0.391490764982177 -1.0130507399473476 0.36327355609298562 1.2109306716918946 -0.68106038187358897 0.51833718461050249 -0.25591826863388362 0.091881988248537036 1.0423667569639476 0.011036800578168072 0.51833718461050249 0.36327355609298562 0.29285664547632229 -0.11899759909167096 -0.73072347474989574 1.6791460433096255 -0.25591826863388362 0.25029969312192712 -0.391490764982177 -0.87692398525258375 -0.55333756723883443 0.87118074721184335 0.44637726387097887 -0.080725701079083861 -0.30146154174020467 0.011036800578168072
leaf_weight=469 890 403 549 430 856 301 588 120 751 462 509 687 198 1545 819 633 553 1284 201 53 222 1158 161 563 895 345 576 359 681 925
leaf_count=349 397 231 183 181 850 301 196 40 751 154 273 329 66 728 273 220 197 643 201 20 131 407 155 563 887 115 192 184 455 449
internal_value=0.00705603 -0.327254 0.349328 0.243804 -0.15679 -0.626192 0.344908 0.792871 -0.694801 0.730361 -0.255042 0.0620886 0.847555 -0.00551371 0.485991 0.240556 0.18151 -0.164419 -0.869764 1.35437 -0.347418 0.196409 -0.591683 -0.813312 -0.611612 0.769235 0.374417 -0.170686 -0.376892 0.0110368
internal_weight=18186 9200 8986 7259 5859 3341 4664 1727 2872 1554 3552 2595 1092 2307 1983 2681 1240 1793 1065 173 1759 2048 1807 764 1646 894 1164 762 1537 1355
internal_count=10121 6702 3419 2841 3495 3207 1685 578 2858 518 2352 1156 364 1143 661 1024 526 916 1065 60 1436 804 1793 764 1638 298 388 415 1305 630
is_linear=0
shrinkage=0.05


Tree=20
num_leaves=31
num_cat=0
split_feature=28 28 28 28 10 8 8 28 28 8 28 7 28 8 28 25 10 28 5 29 29 29 20 28 28 9 9 9 28 23
split_gain=746140 202527 101266 57015.6 48651.6 27443.7 27314.2 16174.5 15195.1 14058.7 12967.4 10304.2 10221.7 9616.82 5119.64 4294.36 4216.14 4247.08 4032.94 3812.24 3050.23 2891.71 2793.42 2276.89 2185.15 2178.8 2115.83 1708.26 1614.19 1612.97
threshold=58.500000000000007 80.500000000000014 35.500000000000007 101.50000000000001 -0.37939999997615809 661.50000000000011 18.500000000000004 74.500000000000014 125.50000000000001 20.500000000000004 48.500000000000007 1021.0499877929689 27.500000000000004 541.50000000000011 67.500000000000014 7.3500001430511483 1.0000000180025095e-35 83.500000000000014 2.6049998998641972 8.9499998092651385 8.7500000000000018 6.8500001430511483 15.150000095367433 16.500000000000004 67.500000000000014 0.91595000028610241 -1.0000000180025095e-35 -0.37939999997615809 17.500000000000004 66.500000000000014
decision_type=2 2 2 2 2 2 2 2 2 2 2 2 2 2 2 2 2 2 2 2 2 2 2 2 2 2 2 2 2 2
left_child=2 4 9 5 11 16 10 18 13 12 25 15 23 -5 -13 -2 17 -3 -6 -15 -8 -7 -10 -1 -20 -4 -12 29 -11 -9
right_child=1 3 6 8 7 21 20 27 22 28 26 14 -14 19 -16 -17 -18 -19 24 -21 -22 -23 -24 -25 -26 -27 -28 -29 -30 -31
leaf_value=-0.99482285382878433 0.19021473052272767 0.31146845421071423 -0.47485526495531016 0.63163432231078964 -0.071147349396707735 0.47697853763041487 -0.19163826772474474 0.031414152913642725 1.1423506436047253 -0.60898492214453848 -0.34043532557004724 0.0030835534474220475 -0.62221479344344333 0.77920322471049719 0.21648369206549842 0.31146845421071423 0.31146845421071423 0.47697853763041487 -0.071147349396707735 1.0240696198385606 -0.071147349396707735 0.63163432231078964 1.5835762455778302 -0.81418681851674146 0.031414152913642725 -0.36105353643909766 -0.23988972402343722 0.25329353687267342 -0.47485526495531016 0.1493297685604221
leaf_weight=237 732 363 1217 474 1726 300 775 288 111 86 563 494 882 198 652 1126 1038 744 478 264 1012 672 53 661 520 304 886 238 363 626
leaf_count=237 288 121 1217 158 873 100 420 136 37 86 423 247 882 66 243 403 380 248 239 88 537 224 20 661 250 285 542 88 345 244
internal_value=0.00383263 0.258666 -0.400961 0.531502 0.0914353 0.422284 -0.270652 -0.0256176 0.840985 -0.679059 -0.363587 0.242466 -0.743115 0.763197 0.124494 0.311468 0.322323 0.41021 -0.0711473 0.926772 -0.116192 0.631634 1.28494 -0.86186 0.0314142 -0.465561 -0.256546 0.133976 -0.474855 0.102906
internal_weight=18083 11097 6986 4217 6880 3117 4757 3876 1100 2229 2970 3004 1780 936 1146 1858 2145 1107 2724 462 1787 972 164 898 998 1521 1449 1152 449 914
internal_count=10088 4453 5635 1442 3011 1073 3424 1830 369 2211 2467 1181 1780 312 490 691 749 369 1362 154 957 324 57 898 489 1502 965 468 431 380
is_linear=0
shrinkage=0.05


Tree=21
num_leaves=31
num_cat=0
split_feature=28 28 28 10 28 28 10 10 10 28 9 10 28 3 28 28 10 29 28 7 28 9 28 28 9 9 4 4 4 28
split_gain=672481 158743 114602 51054.5 25649.8 24317.7 24130.2 21796.8 17615.3 14053.1 10793.2 10601.7 8983.42 7513.88 6978.24 6337.85 5814.88 5011.85 3574.85 3546.52 3477.16 3196.8 2893.8 2290.06 2140.63 1980.16 1597.82 1434.98 1394.06 1233.93
threshold=61.500000000000007 91.500000000000014 40.500000000000007 0.3793999999761582 112.50000000000001 77.500000000000014 -0.78654998540878285 -0.6035499870777129 -1.0000000180025095e-35 27.500000000000004 -0.91595000028610218 -0.6035499870777129 51.500000000000007 175.50000000000003 141.00000000000003 68.500000000000014 -0.37939999997615809 9.2500000000000018 16.500000000000004 1021.0499877929689 69.500000000000014 -1.0000000180025095e-35 98.500000000000014 14.500000000000002 -0.98295000195503224 -1.0000000180025095e-35 2.5649999380111699 1.7150000333786013 -1.1249999999999998 52.500000000000007
decision_type=2 2 2 2 2 2 2 2 2 2 2 2 2 2 2 2 2 2 2 2 2 2 2 2 2 2 2 2 2 2
left_child=2 3 6 5 8 11 18 17 22 23 -7 19 26 -5 16 -15 28 29 -1 -2 -13 -14 -3 -8 -10 -17 -9 -11 -6 -4
right_child=1 4 7 13 14 10 9 12 24 27 -12 20 21 15 -16 25 -18 -19 -20 -21 -22 -23 -24 -25 -26 -27 -28 -29 -30 -31
leaf_value=-0.79399408300717678 0.26176282817640378 0.60492214715039294 -0.21709793587765064 -0.034458832287621456 1.2067645669915574 0.26176282817640378 -1.0005202754231908 -0.38866514042668282 0.53646702752597086 -0.577017999792099 0.41137166972367889 -0.034458832287621456 -0.27284576589153786 -0.034458832287621456 1.5102667754551149 0.10209135760049351 0.77982768351488785 -0.034458832287621456 -0.38866514042668282 0.14225714480292553 0.10495511175352112 -0.13724067528532843 0.76336540866704972 -0.78554800743959396 0.41137166972367889 0.25362316853563555 -0.28858863439645938 -0.38866514042668282 0.95872415542602551 -0.10449428026798835
leaf_weight=72 1134 324 415 1001 81 1239 149 1266 345 1375 1301 396 827 420 53 549 303 873 644 721 881 916 468 735 530 355 25 37 60 588
leaf_count=72 418 108 244 494 27 423 149 1225 115 1375 436 198 508 210 20 240 101 425 555 308 392 465 156 735 179 144 15 37 20 294
internal_value=0.00358755 0.272818 -0.341736 0.170013 0.65273 0.250898 -0.584543 -0.192787 0.558738 -0.665445 0.365861 0.157665 -0.275626 -0.027311 0.967993 0.0850299 0.903262 -0.0588145 -0.388665 0.233991 0.0467924 -0.201581 0.729669 -0.821782 0.411372 0.161598 -0.375596 -0.567569 1.16852 -0.151085
internal_weight=18083 10161 7922 7997 2164 5672 3012 4910 1667 2296 2540 3132 3034 2325 497 1324 444 1876 716 1855 1277 1743 792 884 875 904 1291 1412 141 1003
internal_count=10088 3989 6099 3263 726 2175 2923 3176 558 2296 859 1316 2213 1088 168 594 148 963 627 726 590 973 264 884 294 384 1240 1412 47 538
is_linear=0
shrinkage=0.05


Tree=22
num_leaves=31
num_cat=0
split_feature=28 28 28 8 10 8 28 28 8 10 5 28 5 28 29 28 7 9 28 28 28 28 10 20 1 29 7 24 28 5
split_gain=606416 166400 99040 38272.3 35479.4 34513.7 18470.5 16290.2 13414.4 11230.1 11066.2 7640.13 6552.62 6051.3 5277.01 4525.77 4018.87 3767.59 3471.73 3229.64 3214.29 2561.15 2351.34 2317.8 2137.02 1916.31 1915.59 1790.05 945.415 851.313
threshold=69.500000000000014 45.500000000000007 97.500000000000014 639.50000000000011 -0.6035499870777129 70.500000000000014 27.500000000000004 125.50000000000001 541.50000000000011 0.3793999999761582 1.5950000286102297 56.500000000000007 1.544999957084656 83.500000000000014 9.0500001907348651 77.500000000000014 1019.8500061035157 -0.91595000028610218 39.500000000000007 109.50000000000001 60.500000000000007 11.500000000000002 -0.6035499870777129 15.150000095367433 90.500000000000014 9.2500000000000018 1019.1499938964845 399.58500671386724 53.500000000000007 0.75499999523162853
decision_type=2 2 2 2 2 2 2 2 2 2 2 2 2 2 2 2 2 2 2 2 2 2 2 2 2 2 2 2 2 2
left_child=1 5 3 9 11 6 21 8 19 13 16 25 -11 17 -10 -5 -6 -2 29 -4 -18 -1 -23 -9 26 -3 -12 -14 -26 -8
right_child=2 4 7 15 10 -7 18 23 14 12 24 -13 27 -15 -16 -17 20 -19 -20 -21 -22 22 -24 -25 28 -27 -28 -29 -30 -31
leaf_value=-0.98779239371271421 0.11938972165305356 -0.15548533034581011 0.46935402176369784 0.32408575101911397 -0.29556515746672013 -0.29556515746672013 -0.55888592146378202 1.0329857937924496 0.66725656933254673 0.045736558977762833 0.045736558977762833 0.045736558977762833 0.32408575101911397 0.32408575101911397 0.89970501841797867 0.46935402176369784 -0.24990934056862907 0.24538214316904453 -0.43613014154931823 0.64794511518804832 -0.085975143955438399 -0.62078401900366231 -0.77556627676815204 1.4348969297588996 -0.28842859695996009 -0.024128837220962721 -0.0722162213073127 0.16867272408243406 -0.12312616586043675 -0.48971529136327008
leaf_weight=101 1093 558 510 388 1117 730 1267 111 360 661 168 1559 39 897 297 1050 793 1298 797 252 480 292 661 53 124 433 874 731 286 103
leaf_count=101 446 288 170 136 783 508 1267 37 120 314 84 695 13 301 99 350 538 463 788 84 240 292 661 20 94 215 439 296 143 103
internal_value=0.0036183 -0.246858 0.338331 0.247641 -0.0891848 -0.501946 -0.576695 0.691067 0.636538 0.178817 -0.185288 0.0457366 0.0618991 0.229703 0.8021 0.469354 -0.25143 0.187787 -0.493192 0.493791 -0.188096 -0.748376 -0.723003 1.16287 -0.0764186 -0.0939942 -0.0383691 0.19325 -0.17312 -0.5433
internal_weight=18083 10343 7740 6157 6392 3951 3221 1583 1419 4719 3842 2550 1431 3288 657 1438 2390 2391 2167 762 1273 1054 953 164 1452 991 1042 770 410 1370
internal_count=10088 7239 2849 2319 3519 3720 3212 530 473 1833 2321 1198 623 1210 219 486 1561 909 2158 254 778 1054 953 57 760 503 523 309 237 1370
is_linear=0
shrinkage=0.05


Tree=23
num_leaves=31
num_cat=0
split_feature=28 28 28 28 8 8 8 24 5 28 8 0 8 28 28 23 29 5 24 8 28 28 28 28 29 4 8 29 29 7
split_gain=547346 159257 68539.4 45397 33541.4 22820.6 21490.4 16531.2 12218.8 10577.3 10121.6 7245.81 6602.27 5743.36 5316.19 4109.63 3133.42 2827.71 2616.66 2419.1 2410.03 2287.29 1975.24 1454.62 1308.96 1293.12 1184.29 1143.04 1082.74 1032.4
threshold=57.500000000000007 79.500000000000014 34.500000000000007 99.500000000000014 347.50000000000006 661.50000000000011 70.500000000000014 339.58500671386724 2.245000004768372 45.500000000000007 43.500000000000007 24.849999427795414 541.50000000000011 22.500000000000004 67.500000000000014 91.500000000000014 8.7500000000000018 -0.33500000834465021 336.25000000000006 435.50000000000006 112.50000000000001 85.500000000000014 73.500000000000014 11.500000000000002 11.449999809265138 -2.3950001001358028 486.50000000000006 7.9500000476837167 4.5499999523162851 1018.3500061035157
decision_type=2 2 2 2 2 2 2 2 2 2 2 2 2 2 2 2 2 2 2 2 2 2 2 2 2 2 2 2 2 2
left_child=2 4 10 5 8 19 9 15 -2 -4 13 22 20 23 27 -5 -14 -11 -8 -3 -9 -21 -6 -1 -17 -13 -20 -10 -7 -15
right_child=1 3 6 7 11 28 18 12 14 17 -12 25 16 29 -16 24 -18 -19 26 21 -22 -23 -24 -25 -26 -27 -28 -29 -30 -31
leaf_value=-0.93854344800575495 -0.070937179000623088 0.25238816186475471 -0.42189558714980369 0.85306419523072852 0.085324142710190648 0.38100746630562637 -0.070937179000623088 0.50962677074649798 -0.068242016908132447 -0.31568824487721203 -0.42189558714980369 0.1783055827334642 0.62635377706940654 -0.53297694959524111 0.085324142710190648 1.0355455977154546 0.85306419523072852 -0.2035561965863848 -0.2035561965863848 0.29360778135536647 0.62402538796910134 0.38100746630562637 0.1783055827334642 -0.72917128957378929 1.2890243474987972 0.25238816186475471 -0.12895928730539055 0.022910644522452981 0.50962677074649798 -0.62880952518719901
leaf_weight=97 2130 1344 1377 36 661 93 904 483 764 762 295 406 291 620 1114 30 251 1039 363 480 165 411 525 573 138 1124 148 132 846 481
leaf_count=97 1073 492 1368 12 301 31 467 161 382 641 283 154 97 620 483 10 84 654 211 160 55 137 181 573 48 410 74 66 282 481
internal_value=0.00420524 0.214226 -0.3561 0.442934 0.0618419 0.338475 -0.248515 0.680779 -0.0277338 -0.320683 -0.595277 0.198382 0.609488 -0.644058 0.0670558 1.09664 0.738424 -0.240902 -0.0864295 0.252388 0.509627 0.334827 0.104223 -0.759483 1.21803 0.252388 -0.186981 -0.0395029 0.509627 -0.573818
internal_weight=18083 11424 6659 4568 6856 3174 4593 1394 4140 3178 2066 2716 1190 1771 2010 204 542 1801 1415 2235 648 891 1186 670 168 1530 511 896 939 1101
internal_count=10088 4619 5469 1569 3050 1102 3415 467 2004 2663 2054 1046 397 1771 931 70 181 1295 752 789 216 297 482 670 58 564 285 448 313 1101
is_linear=0
shrinkage=0.05


Tree=24
num_leaves=31
num_cat=0
split_feature=28 28 28 28 10 8 8 28 28 28 8 7 8 28 28 5 8 5 29 9 28 24 28 24 9 28 28 23 10 8
split_gain=492481 143031 61725.3 40885.4 35823 23425 19571.9 10307.8 9653.59 9648.42 9384.07 8301.55 6948.06 5186.4 4051.37 3509.4 3285.98 3048.47 2754.13 2731.88 2559.27 2399.29 2113.69 1845.8 1608.5 1337.96 1326.78 1306.32 1240.97 1103.15
threshold=57.500000000000007 79.500000000000014 34.500000000000007 101.50000000000001 -0.37939999997615809 661.50000000000011 70.500000000000014 125.50000000000001 44.500000000000007 74.500000000000014 43.500000000000007 1021.0499877929689 541.50000000000011 22.500000000000004 67.500000000000014 3.554999947547913 24.500000000000004 2.6049998998641972 8.9499998092651385 -1.0000000180025095e-35 84.500000000000014 336.25000000000006 141.00000000000003 746.25000000000011 -0.37939999997615809 8.5000000000000018 67.500000000000014 66.500000000000014 -0.6035499870777129 486.50000000000006
decision_type=2 2 2 2 2 2 2 2 2 2 2 2 2 2 2 2 2 2 2 2 2 2 2 2 2 2 2 2 2 2
left_child=2 4 10 5 11 15 8 12 -4 17 13 16 -5 25 -13 28 -2 -6 -14 -10 -17 -8 -9 -7 27 -1 -19 -11 -3 -23
right_child=1 3 6 7 9 23 21 22 19 24 -12 14 18 -15 -16 20 -18 26 -20 -21 -22 29 -24 -25 -26 -27 -28 -29 -30 -31
leaf_value=-0.99131674212078724 -0.00053484463691711424 0.38130838889007446 -0.40009570116733806 0.51075358165911822 -0.067163129238734201 0.51075358165911822 -0.067163129238734201 0.92729941703177787 -0.31321734972944149 0.015992766122898811 -0.40009570116733806 -0.011745770267185032 0.63574894074290111 -0.54507561814882455 0.17250040480821893 0.24728272189071407 0.23949626561738224 -0.066335622815086565 0.83647243935061122 -0.1926543292516768 0.38130838889007446 -0.1926543292516768 1.3111064335085312 0.38425507500157718 0.21368167523037773 -0.70300565785007996 0.015992766122898811 0.11712335729991302 0.23949626561738224 -0.12252349200770669
leaf_weight=43 150 87 1257 474 1841 669 904 111 692 251 295 576 198 1101 619 429 1686 510 264 1229 435 363 53 342 232 627 520 471 1506 148
leaf_count=43 74 29 1251 158 933 223 467 37 550 120 283 288 66 1101 232 145 626 255 88 862 145 211 20 114 86 627 250 186 544 74
internal_value=0.00411375 0.20333 -0.337656 0.420075 0.0589179 0.335829 -0.235559 0.685678 -0.30443 -0.0428223 -0.564632 0.18731 0.62161 -0.611824 0.0836922 0.251863 0.239496 -0.0671631 0.760744 -0.233652 0.342401 -0.0808782 1.05133 0.510754 0.0991487 -0.721509 0.0159928 0.0623458 0.239496 -0.177884
internal_weight=18083 11424 6659 4568 6856 3468 4593 1100 3178 3825 2066 3031 936 1771 1195 2457 1836 2871 462 1921 864 1415 164 1011 954 670 1030 722 1593 511
internal_count=10088 4619 5469 1569 3050 1200 3415 369 2663 1830 2054 1220 312 1771 520 863 700 1438 154 1412 290 752 57 337 392 670 505 306 573 285
is_linear=0
shrinkage=0.05


Tree=25
num_leaves=31
num_cat=0
split_feature=28 28 28 10 8 24 8 28 28 0 8 11 28 28 28 24 9 28 7 25 8 28 4 8 1 25 28 28 7 10
split_gain=442609 116526 66472.6 34943.8 31723.1 23555.9 21606.8 15003.8 12463 10140.4 8950.49 8107.37 5051.91 5012.35 4951.24 4490.46 3781.45 2310.02 2303.96 1458.19 1638.62 1304.07 1215.49 1210.88 1196.08 1106.82 1074.13 1054.09 1030.48 951.827
threshold=59.500000000000007 84.500000000000014 34.500000000000007 -0.37939999997615809 397.50000000000006 486.25000000000006 137.50000000000003 74.500000000000014 44.500000000000007 24.849999427795414 43.500000000000007 -0.87834998965263356 70.500000000000014 22.500000000000004 102.50000000000001 307.08500671386724 -1.0000000180025095e-35 109.50000000000001 1018.5499877929689 8.9499998092651385 429.50000000000006 81.500000000000014 1.294999957084656 401.50000000000006 67.500000000000014 7.0499999523162851 48.500000000000007 8.5000000000000018 1019.5499877929689 -0.6035499870777129
decision_type=2 2 2 2 2 2 2 2 2 2 2 2 2 2 2 2 2 2 2 2 2 2 2 2 2 2 2 2 2 2
left_child=2 3 10 9 17 11 8 22 -4 12 13 15 -2 27 -7 -6 -10 -3 23 20 -8 -20 -5 -9 -16 -11 -18 -1 -13 -29
right_child=1 4 6 7 5 14 19 18 16 25 -12 28 -14 -15 24 -17 26 -19 21 -21 -22 -23 -24 -25 -26 -27 -28 29 -30 -31
leaf_value=-0.92463159236040993 0.035501705791765446 0.28045399943077948 -0.3680295655235315 -0.04332840389351289 1.1880907957581268 0.42829043702140179 -0.15419014761440367 0.039289584515955184 -0.28281776245457485 0.20779746503208785 -0.3680295655235315 0.77878174178901771 0.20779746503208785 -0.51521537367729708 0.6568208205134658 0.80380625548186124 -0.23659504213784308 0.42829043702140179 0.13603372078577552 -0.04332840389351289 -0.079487793314231073 0.26385055650932515 0.039289584515955184 0.15284472910825872 0.51940727427453248 0.28045399943077948 -0.15419014761440367 -0.60164609446330608 0.6568208205134658 -0.71349896846279026
leaf_weight=44 729 983 1296 1737 174 1050 336 449 833 314 280 174 978 1121 323 135 396 150 790 796 364 267 740 242 132 1259 1206 192 111 434
leaf_count=44 356 346 1288 870 60 350 193 210 621 119 267 58 341 1121 108 45 348 50 304 391 182 89 363 81 44 436 699 192 37 434
internal_value=0.00478663 0.208999 -0.295656 0.100906 0.460002 0.576127 -0.200671 0.00584441 -0.265052 0.223355 -0.535388 0.842745 0.135141 -0.579882 0.470897 1.0202 -0.197606 0.280454 0.121908 -0.0433284 -0.115647 0.16832 -0.0433284 0.0509113 0.610524 0.280454 -0.15419 -0.688077 0.656821 -0.67145
internal_weight=18035 10737 7298 7505 3232 2099 5227 4225 3731 3280 2071 594 1707 1791 1505 309 2435 1133 1748 1496 700 1057 2477 691 455 1573 1602 670 285 626
internal_count=10047 4267 5780 3169 1098 702 3722 1917 2956 1252 2058 200 697 1791 502 105 1668 396 684 766 375 393 1233 291 152 555 1047 670 95 626
is_linear=0
shrinkage=0.05


Tree=26
num_leaves=31
num_cat=0
split_feature=8 5 23 23 29 11 3 0 25 9 23 1 4 0 8 7 8 5 7 14 26 26 11 29 25 26 12 8 11 7
split_gain=369845 100295 61333.8 35504.3 22243 19543.4 15750.8 14830.4 8236.9 6954.79 6822.93 6484.98 4856.04 4749.91 4162.87 3628.31 3232.06 3173.72 2553.17 2421.87 2162.86 2152.36 2025.94 1607.8 1425.94 1201.94 2260.35 1172.44 1043.03 953.687
threshold=241.50000000000003 1.5950000286102297 81.500000000000014 59.500000000000007 9.7500000000000018 -0.87834998965263356 268.50000000000006 25.550000190734867 7.6499998569488534 0.3793999999761582 72.500000000000014 54.500000000000007 -2.8749999999999996 19.849999427795414 66.500000000000014 1013.2500000000001 15.500000000000002 -2.4350000619888301 1016.8500061035157 55.000000000000007 15.550000190734865 15.449999809265138 1.0000000180025095e-35 4.4500000476837167 8.1500000953674334 13.050000190734865 -0.56175000965595234 639.50000000000011 -0.87834998965263356 1020.1499938964845
decision_type=2 2 2 2 2 2 2 2 2 2 2 2 2 2 2 2 2 2 2 2 2 2 2 2 2 2 2 2 2 2
left_child=1 3 7 6 11 12 16 10 -9 19 28 23 27 29 21 -7 22 -11 -14 -8 -16 -5 -1 -4 -12 -13 -27 -6 -2 -3
right_child=2 13 4 14 5 15 9 8 -10 17 24 25 18 -15 20 -17 -18 -19 -20 -21 -22 -23 -24 -25 -26 26 -28 -29 -30 -31
leaf_value=-0.29324460520553947 0.096955266908331214 -0.032444812276712753 0.2859330784332868 -0.24591589442382256 0.48484752178192142 0.86516534805297851 -0.24591589442382256 0.16487579328463489 0.2859330784332868 -0.43799889587965168 0.096955266908331214 0.2859330784332868 1.1003630659995822 0.029710355911256803 -0.10318200929806783 0.47473958761185397 -0.24591589442382256 -0.58201377770879814 0.62845053817286645 -0.45265926148029084 0.029710355911256803 -0.11097655554021389 -0.38876510766733974 0.47473958761185397 0.16487579328463489 0.47473958761185397 0.31898616741317121 0.84577780299716532 0.029710355911256803 -0.13614221502200188
leaf_weight=1459 190 271 99 500 60 60 285 603 1264 610 459 849 218 2459 455 650 538 1026 33 188 317 521 896 498 815 204 494 36 1480 498
leaf_count=1182 79 129 35 350 20 20 219 250 450 605 192 301 75 1174 230 227 343 1011 11 187 139 302 791 166 288 68 166 12 742 283
internal_value=0.00430446 -0.198134 0.257555 -0.30715 0.427154 0.614869 -0.375578 0.144712 0.254949 -0.479495 0.074803 0.33461 0.922642 0.0297104 -0.116254 0.47474 -0.299823 -0.528316 1.03832 -0.310632 -0.0286384 -0.182502 -0.329587 0.47474 0.1642 0.285933 0.352039 0.620196 0.0297104 -0.0946
internal_weight=18035 10023 8012 6795 3201 1057 5002 4811 1867 2109 2944 2144 347 3228 1793 710 2893 1636 251 473 772 1021 2355 597 1274 1547 698 96 1670 769
internal_count=10047 6945 3102 5359 1101 365 4338 2001 700 2022 1301 736 118 1586 1021 247 2316 1616 86 406 369 652 1973 201 480 535 234 32 821 412
is_linear=0
shrinkage=0.05


Tree=27
num_leaves=31
num_cat=0
split_feature=28 28 28 10 8 10 8 28 11 29 5 5 3 28 29 7 28 7 28 28 8 10 28 9 7 28 10 28 28 7
split_gain=366850 86884.2 71006.4 26086.6 21652.2 18025.5 15344.6 11993.5 10345 9660.96 6819.03 5332.15 5075.16 3237.16 3130.13 2298.34 2245.47 2007.22 1948.81 1924.13 1891.42 1816.86 1805.64 2410.8 1777.05 1697.79 1658.64 1571.93 1278.15 798.33
threshold=66.500000000000014 45.500000000000007 91.500000000000014 -1.0000000180025095e-35 70.500000000000014 -0.78654998540878285 427.50000000000006 27.500000000000004 -0.87834998965263356 8.6500000953674334 -0.68500000238418568 1.5950000286102297 103.50000000000001 76.500000000000014 7.4500000476837167 1018.4500122070314 39.500000000000007 1019.4500122070314 16.500000000000004 52.500000000000007 713.50000000000011 -0.6035499870777129 77.500000000000014 -0.37939999997615809 1023.5499877929689 102.50000000000001 -0.6035499870777129 111.50000000000001 59.500000000000007 1024.6499633789065
decision_type=2 2 2 2 2 2 2 2 2 2 2 2 2 2 2 2 2 2 2 2 2 2 2 2 2 2 2 2 2 2
left_child=1 4 3 9 7 24 27 18 12 13 -5 15 20 21 -10 -7 -9 -13 -1 -17 -8 -2 23 -12 -3 -16 -20 -4 -19 -26
right_child=2 5 6 10 -6 11 8 16 14 -11 22 17 -14 -15 25 19 -18 28 26 -21 -22 -23 -24 -25 29 -27 -28 -29 -30 -31
leaf_value=-0.69378140631474949 0.17171601213517443 0.014770614575441843 0.32393031648556214 0.014770614575441843 -0.2354597626787226 -0.2354597626787226 0.54116043249766033 -0.42292085150290326 0.45391152210522479 0.32393031648556214 0.014770614575441843 0.014770614575441843 1.0805060823455113 0.24265383499705659 0.52565856414200351 -0.2354597626787226 -0.342321175906523 -0.15900200568899817 -0.48433335736720784 -0.11775425800309727 0.90358136848167148 0.032124362919137055 0.20526228231453647 0.14826911989322264 -0.17616571570315012 0.68342383410654917 -0.59469844696784779 0.45391152210522479 -0.050062882090091271 -0.037129617919428995
leaf_weight=304 706 1512 570 1494 730 763 108 1387 552 1054 456 286 131 1345 303 439 786 539 197 979 54 348 541 515 205 294 562 129 538 208
leaf_count=304 264 704 192 660 502 567 36 1387 184 357 224 150 46 450 101 375 776 295 197 511 18 154 188 226 103 98 562 43 269 104
internal_value=0.00431878 -0.210977 0.240518 0.157801 -0.389152 -0.0817678 0.49006 -0.449183 0.583893 0.251555 0.0501046 -0.149842 0.849096 0.191238 0.516265 -0.198326 -0.381858 -0.0722614 -0.586809 -0.156891 0.661967 0.125627 0.132061 0.091276 0.0147706 0.597406 -0.543964 0.32393 -0.104583 -0.106143
internal_weight=18035 9435 8600 6459 3966 5469 2141 3236 1442 3453 3006 3544 293 2399 1149 2181 2173 1363 1063 1418 162 1054 1512 971 1925 597 759 699 1077 413
internal_count=10047 6806 3241 2523 3728 3078 718 3226 483 1225 1298 2167 100 868 383 1453 2163 714 1063 886 54 418 638 450 911 199 759 235 564 207
is_linear=0
shrinkage=0.05


Tree=28
num_leaves=31
num_cat=0
split_feature=28 28 28 8 10 8 8 28 10 5 28 9 28 25 24 27 10 28 28 28 5 28 1 10 9 1 28 28 23 14
split_gain=330115 90492.6 55027.6 23242.8 22697.7 20416.7 11362.7 10802.6 7102.94 6940.26 5616.16 4605.1 3985.75 3653.58 3048.28 3028.8 2973 2187.54 2147.43 1786.2 1767.09 1728.83 1623.75 1543.78 1073.63 1030.75 821.807 791.427 783.334 704.728
threshold=69.500000000000014 45.500000000000007 97.500000000000014 639.50000000000011 -0.6035499870777129 70.500000000000014 695.50000000000011 27.500000000000004 0.3793999999761582 -0.33500000834465021 112.50000000000001 -0.37939999997615809 55.500000000000007 10.949999809265138 339.58500671386724 2.5499999523162846 -1.0000000180025095e-35 60.500000000000007 39.500000000000007 16.500000000000004 2.6049998998641972 84.500000000000014 70.500000000000014 -0.6035499870777129 1.0000000180025095e-35 76.500000000000014 51.500000000000007 118.50000000000001 39.500000000000007 55.000000000000007
decision_type=2 2 2 2 2 2 2 2 2 2 2 2 2 2 2 2 2 2 2 2 2 2 2 2 2 2 2 2 2 2
left_child=1 5 3 8 12 7 10 19 13 24 16 -10 25 21 -8 -5 -4 20 29 -1 -11 -2 -12 -21 -6 -3 -26 -16 -13 -9
right_child=2 4 6 15 9 -7 14 18 11 17 22 28 -14 -15 27 -17 -18 -19 -20 23 -22 -23 -24 -25 26 -27 -28 -29 -30 -31
leaf_value=-0.65909233516768406 0.11652920096115651 -0.030782784208358817 0.4958883314092557 0.24061880404131158 -0.21584407278536766 -0.21584407278536766 0.95343336010655622 -0.37266581218976241 0.035293569085691999 -0.16952733560665506 0.61244654410914645 0.1467527790787545 0.035293569085691999 0.24061880404131158 0.61244654410914645 0.35002106315371395 0.35002106315371395 -0.027198272886737991 -0.32095431097104454 -0.4594246518380784 -0.076972415273836511 0.18992283588964465 0.4958883314092557 -0.56496351784446486 -0.21155199126763777 -0.14887099059091674 -0.028343808359426001 0.79930757926438234 0.24061880404131158 -0.44541207670091509
leaf_weight=304 1978 402 321 519 1269 730 141 832 1022 907 248 275 1789 877 126 890 564 932 786 197 446 486 108 562 110 342 138 60 119 555
leaf_count=304 761 201 107 180 855 502 47 832 461 569 85 113 803 302 42 297 188 466 776 197 230 162 36 562 100 181 69 20 44 555
internal_value=0.00453268 -0.180824 0.251411 0.184155 -0.0635663 -0.368122 0.515887 -0.426065 0.131217 -0.141368 0.446795 0.0373677 0.0352936 0.170992 0.778098 0.350021 0.37933 -0.0861431 -0.362169 -0.55668 -0.126747 0.139227 0.612447 -0.515661 -0.215844 -0.0850653 -0.109606 0.645182 0.206278 -0.401775
internal_weight=18035 10301 7734 6166 6335 3966 1568 3236 4757 3802 1241 1416 2533 3341 327 1409 885 2285 2173 1063 1353 2464 356 759 1517 744 248 186 394 1387
internal_count=10047 7202 2845 2320 3474 3728 525 3226 1843 2289 416 618 1185 1225 109 477 295 1265 2163 1063 799 923 121 759 1024 382 169 62 157 1387
is_linear=0
shrinkage=0.05


Tree=29
num_leaves=31
num_cat=0
split_feature=28 28 28 10 24 10 10 28 28 7 23 28 10 28 28 25 24 25 28 10 27 5 10 9 7 5 28 5 28 5
split_gain=297594 86415.9 38508.6 29693.5 24732.4 13465.9 12497.8 8734.55 7949.94 7389.43 6648.28 6267.2 5704.02 3606.63 3474.42 3327.45 2655.23 2285.78 1859.01 1572.25 1543.81 1500.27 1486.97 1293.74 1288.59 1273.24 1253.42 1226.33 1021.54 959.898
threshold=57.500000000000007 82.500000000000014 33.500000000000007 -0.37939999997615809 376.25000000000006 -0.78654998540878285 1.0000000180025095e-35 74.500000000000014 94.500000000000014 1021.0499877929689 81.500000000000014 48.500000000000007 -0.78654998540878285 71.500000000000014 25.500000000000004 7.5499999523162851 266.25000000000006 10.449999809265138 45.500000000000007 -0.6035499870777129 2.4500000476837163 2.6950000524520878 0.60354998707771312 -1.0000000180025095e-35 1018.0499877929689 1.2250000238418581 111.50000000000001 -1.6449999809265134 13.500000000000002 2.6049998998641972
decision_type=2 2 2 2 2 2 2 2 2 2 2 2 2 2 2 2 2 2 2 2 2 2 2 2 2 2 2 2 2 2
left_child=2 3 12 9 10 17 8 21 19 15 -3 22 -1 -11 28 -2 -12 18 27 -6 -10 -5 -7 -13 -9 -16 -8 -4 -14 -25
right_child=1 4 5 7 6 11 26 24 20 13 16 23 14 -15 25 -17 -18 -19 -20 -21 -22 -23 -24 29 -26 -27 -28 -29 -30 -31
leaf_value=-0.31782760833306151 0.10860922000351683 0.50568395129840005 -0.28765756601489473 -0.04976888937579043 0.38533065815796946 -0.24434310923335631 0.21355907595132284 0.01800311989264336 0.38745016340225463 0.0051813380351183533 0.96852018632084502 -0.22049217794348697 -0.7071210982506736 0.17257280740854419 -0.44210199156115132 0.21355907595132284 0.68614207827402451 -0.04976888937579043 -0.089000335150217769 0.25720957671215067 0.50568395129840005 0.016396472635749199 -0.31782760833306151 -0.15106689762638828 0.11760399726059041 -0.31782760833306151 0.47397346985645783 -0.1536394762699895 -0.54516081525825488 -0.04976888937579043
leaf_weight=371 823 136 257 1834 201 724 1009 501 315 734 166 606 114 573 682 1343 167 610 638 846 728 991 1037 651 923 57 78 114 667 139
leaf_count=364 325 46 184 929 67 705 361 216 105 357 57 444 114 196 682 482 56 314 322 282 243 485 1037 421 353 57 26 80 667 70
internal_value=0.00506852 0.16061 -0.260148 0.0658845 0.361234 -0.184535 0.311199 -0.0227586 0.385144 0.174334 0.700169 -0.244658 -0.45112 0.0785672 -0.495268 0.213559 0.826907 -0.0672965 -0.128232 0.287814 0.482847 -0.0497689 -0.307382 -0.165534 0.0825618 -0.417555 0.213559 -0.218279 -0.568802 -0.123377
internal_weight=18035 11368 6667 7722 3646 4776 3177 4249 2090 3473 469 3157 1891 1307 1520 2166 333 1619 1009 1047 1043 2825 1761 1396 1424 739 1087 371 781 790
internal_count=10047 4586 5461 3343 1243 3577 1084 1983 697 1360 159 2677 1884 553 1520 807 113 900 586 349 348 1414 1742 935 569 739 387 264 781 491
is_linear=0
shrinkage=0.05


Tree=30
num_leaves=31
num_cat=0
split_feature=28 28 28 8 8 8 28 5 8 5 28 28 28 8 28 9 24 1 29 24 8 28 25 5 28 9 0 29 12 1
split_gain=275432 61328.4 55079.7 17637.2 14852.8 12904.5 12384.1 11086.2 7877.43 6403.25 6119.82 5539.89 3487.76 3268.66 3073.02 2744.75 2427.58 1934.56 1843.9 1670.87 1558.26 1040.07 1027.48 995.893 1003.48 892.3 859.892 739.563 574.802 509.522
threshold=65.500000000000014 40.500000000000007 91.500000000000014 531.50000000000011 177.50000000000003 70.500000000000014 112.50000000000001 0.50499999523162853 503.50000000000006 1.8450000286102297 76.500000000000014 22.500000000000004 141.00000000000003 700.50000000000011 50.500000000000007 -1.0000000180025095e-35 419.58500671386724 84.500000000000014 10.250000000000002 1000.415008544922 200.50000000000003 11.500000000000002 10.250000000000002 0.069999998435378089 31.500000000000004 -0.78654998540878285 28.550000190734867 8.9499998092651385 -0.56175000965595234 59.500000000000007
decision_type=2 2 2 2 2 2 2 2 2 2 2 2 2 2 2 2 2 2 2 2 2 2 2 2 2 2 2 2 2 2
left_child=1 5 3 7 9 11 8 20 -4 14 -5 21 13 26 -3 -16 -6 19 29 -9 -2 -1 -22 24 -13 -12 -8 -15 -19 -10
right_child=2 4 6 10 16 -7 12 17 18 -11 25 23 -14 27 15 -17 -18 28 -20 -21 22 -23 -24 -25 -26 -27 -28 -29 -30 -31
leaf_value=-0.68476788747878303 0.0081084777465012751 -0.23411135551470497 0.27742165185185547 0.1588669112559149 0.0081084777465012751 -0.23411135551470497 0.4975121263981086 0.1588669112559149 0.43691811573535277 -0.070726751849546396 0.21814428155388518 -0.43429566006158704 1.0224579073348135 0.64630881230936599 -0.18966162631598027 -0.070726751849546396 -0.070726751849546396 0.0081084777465012751 0.4975121263981086 0.026297823288967178 0.043141448937400899 -0.51421013241897207 0.13585857718722447 -0.32715480758531917 -0.35618278337357867 0.27742165185185547 0.63504084536903793 0.80811885309177645 0.096947704472532675 0.36737627716031462
leaf_weight=105 829 1248 741 987 1208 427 195 1575 399 1297 780 746 53 39 943 698 744 164 294 257 627 601 453 213 916 582 114 105 522 237
leaf_count=105 407 1182 249 365 563 345 65 605 133 687 260 746 20 13 584 372 368 77 98 115 257 601 166 213 916 194 38 35 223 79
internal_value=0.00602841 -0.186954 0.203171 0.132876 -0.0963161 -0.371907 0.421967 0.0741158 0.356343 -0.149562 0.243618 -0.420198 0.638681 0.59378 -0.191335 -0.145212 0.00810848 0.144736 0.457331 0.158867 0.00810848 -0.539576 0.0781744 -0.375248 -0.391244 0.277422 0.502093 0.790525 0.0706451 0.399487
internal_weight=18099 9146 8953 6776 6138 3008 2177 4427 1671 4186 2349 2581 506 453 2889 1641 1952 2518 930 1832 1909 706 1080 1875 1662 1362 309 144 686 636
internal_count=10081 6682 3399 2669 3756 2926 730 1850 559 2825 819 2581 171 151 2138 956 931 1020 310 720 830 706 423 1875 1662 454 103 48 300 212
is_linear=0
shrinkage=0.05


Tree=31
num_leaves=31
num_cat=0
split_feature=28 28 28 8 10 8 24 5 28 10 8 28 28 5 7 7 24 5 28 10 28 28 29 28 7 29 10 4 10 28
split_gain=248877 69458.5 39256.1 20372.3 17373 15980.8 9409.01 8768.7 7765.87 5389.38 3551.59 3289.74 3192.66 2997.14 2828.97 2775.34 2698.67 2604.71 2235.34 2170.37 1706.5 1630.46 1571.81 1553.29 1512.14 1180.76 955.339 832.243 774.464 693.596
threshold=70.500000000000014 45.500000000000007 99.500000000000014 639.50000000000011 -0.6035499870777129 70.500000000000014 391.25000000000006 2.6049998998641972 27.500000000000004 0.3793999999761582 541.50000000000011 55.500000000000007 83.500000000000014 2.9450000524520878 1019.8500061035157 1019.4500122070314 691.25000000000011 0.069999998435378089 60.500000000000007 -0.6035499870777129 112.50000000000001 39.500000000000007 8.7500000000000018 18.500000000000004 1020.4500122070314 11.449999809265138 -0.6035499870777129 -1.705000042915344 -0.6035499870777129 85.500000000000014
decision_type=2 2 2 2 2 2 2 2 2 2 2 2 2 2 2 2 2 2 2 2 2 2 2 2 2 2 2 2 2 2
left_child=1 5 3 9 11 8 17 14 23 12 20 24 19 -11 -6 -9 -5 -4 -16 -2 -8 -10 -12 28 -3 -19 -25 -14 -1 -18
right_child=2 4 6 16 7 -7 10 15 21 13 22 -13 27 -15 18 -17 29 25 -20 -21 -22 -23 -24 26 -26 -27 -28 -29 -30 -31
leaf_value=-0.49060817234819026 0.1685407093707339 -0.015758123867495789 0.56540227656063757 0.3167302716652235 -0.18396988496963551 -0.18396988496963551 0.3167302716652235 0.037205131565338223 -0.3476983663389972 0.037205131565338223 0.41989420859710036 0.037205131565338223 0.1685407093707339 0.15048483388355147 -0.15936725333069435 -0.064750020453309437 0.21757124505994604 0.57707621892293293 -0.045390381177537437 0.081031118476059302 0.41373845818252342 -0.27591548216678408 0.56540227656063757 -0.39555587495367234 -0.13950740654394989 0.92532798560090768 -0.47452147269733252 0.21757124505994604 -0.61582802038277151 0.26715075836258473
leaf_weight=199 842 387 108 836 1242 719 492 274 1377 758 276 1786 545 585 1060 732 411 30 724 1418 165 785 212 148 389 129 500 483 226 261
leaf_count=199 290 194 36 280 853 497 164 131 1377 350 92 799 184 227 688 372 142 10 362 559 55 777 71 148 205 45 500 161 226 87
internal_value=0.00607331 -0.150801 0.225211 0.170536 -0.0514458 -0.316494 0.462924 -0.116498 -0.367861 0.118412 0.400597 0.0372051 0.152903 0.0372051 -0.159013 0.0113851 0.31673 0.730208 -0.113112 0.11951 0.324703 -0.313285 0.502774 -0.477826 -0.0687214 0.85962 -0.429107 0.217571 -0.552109 0.217571
internal_weight=18099 10548 7551 6139 6594 3954 1412 4032 3235 4631 1145 2562 3288 1343 3026 1006 1508 267 1784 2260 657 2162 488 1073 776 159 648 1028 425 672
internal_count=10081 7328 2753 2280 3604 3724 473 2406 3227 1771 382 1198 1194 577 1903 503 509 91 1050 849 219 2154 163 1073 399 55 648 345 425 229
is_linear=0
shrinkage=0.05


Tree=32
num_leaves=31
num_cat=0
split_feature=28 28 28 8 10 8 8 5 28 28 10 7 5 28 7 24 28 24 10 10 28 28 10 7 9 28 1 10 28 24
split_gain=223644 62462.4 35359.6 17432.4 16242 14767.9 8002.28 7498.5 6971.5 4817.29 4666.39 2894.01 2660.33 2506.62 2397.66 2257.1 2210.42 2097.98 2060.23 1949.4 1831.49 1673.77 1553.05 1346.79 1304.85 1241.03 1134.37 844.974 771.295 666.34
threshold=70.500000000000014 45.500000000000007 97.500000000000014 639.50000000000011 -0.78654998540878285 70.500000000000014 690.50000000000011 2.6049998998641972 29.500000000000004 112.50000000000001 0.3793999999761582 1019.3500061035157 2.9450000524520878 83.500000000000014 1019.7500000000001 275.41499328613287 60.500000000000007 708.75000000000011 -1.0000000180025095e-35 -0.6035499870777129 19.500000000000004 55.500000000000007 -0.6035499870777129 1020.4500122070314 1.0000000180025095e-35 37.500000000000007 68.500000000000014 -0.6035499870777129 6.5000000000000009 490.41499328613287
decision_type=2 2 2 2 2 2 2 2 2 2 2 2 2 2 2 2 2 2 2 2 2 2 2 2 2 2 2 2 2 2
left_child=1 5 3 10 21 8 9 14 20 18 13 -9 -12 19 22 -8 -16 -5 -4 -2 28 23 -6 -3 -10 -26 -11 -22 -1 -17
right_child=2 4 6 17 7 -7 15 11 24 26 12 -13 -14 -15 16 29 -18 -19 -20 -21 27 -23 -24 -25 25 -27 -28 -29 -30 -31
leaf_value=-0.75786853913337959 0.15718378637472163 -0.010130269618085004 0.40323655449450735 0.29113790313807109 0.03605479625626553 -0.17362002373062613 0.84104771662240074 0.03605479625626553 -0.36449288496590615 0.50314675713422286 0.03605479625626553 -0.062684427448326627 0.14296059269251096 0.20053911100331026 -0.15053766952224182 0.63805011704910641 -0.043232631380753832 0.20053911100331026 0.29113790313807109 0.076979563626420014 -0.36449288496590615 0.03605479625626553 -0.17362002373062613 -0.12617120752670891 -0.32119539096901983 -0.26125071060229799 0.40323655449450735 -0.4309676009906156 -0.50001939598719281 0.50314675713422286
leaf_weight=31 842 366 315 830 91 719 99 288 335 245 740 840 585 941 1136 129 831 606 579 1418 173 1439 1237 366 903 716 114 627 450 108
leaf_count=31 290 183 105 278 39 497 33 138 335 84 344 426 227 316 734 43 409 207 193 559 173 639 849 187 903 708 38 627 450 36
internal_value=0.00654334 -0.142166 0.214276 0.158417 -0.0479471 -0.299293 0.423858 -0.104303 -0.348881 0.365754 0.10994 0.00696538 0.0360548 0.142653 -0.142394 0.640539 -0.105204 0.291138 0.303326 0.113828 -0.439535 0.0360548 -0.17362 -0.0563153 -0.289451 -0.270624 0.503147 -0.393177 -0.516638 0.556783
internal_weight=18099 10548 7551 5962 6594 3954 1589 4423 3235 1253 4526 1128 1325 3201 3295 336 1967 1436 894 2260 1281 2171 1328 732 1954 1619 359 800 481 237
internal_count=10081 7328 2753 2221 3604 3724 532 2595 3227 420 1736 564 571 1165 2031 112 1143 485 298 849 1281 1009 888 370 1946 1611 122 800 481 79
is_linear=0
shrinkage=0.05


Tree=33
num_leaves=31
num_cat=0
split_feature=28 28 28 10 10 10 10 28 24 28 29 5 29 24 10 5 28 28 5 7 7 28 28 5 27 28 28 28 28 5
split_gain=200825 44624.2 40455.5 19104.6 11714.7 11171.4 9872.21 8541.18 8187.6 5555.77 4730.33 4062.24 3299.84 2540.87 2060.4 2021.78 1952.09 1796.91 1693.4 1413.69 1127.15 1076.59 916.616 911.112 867.164 836.424 774.278 768.391 746.247 573.56
threshold=65.500000000000014 42.500000000000007 91.500000000000014 -0.6035499870777129 -0.6035499870777129 -0.78654998540878285 1.0000000180025095e-35 76.500000000000014 275.41499328613287 25.500000000000004 7.8500001430511483 2.245000004768372 9.2500000000000018 547.08499145507824 -1.0000000180025095e-35 -0.84499999880790699 137.00000000000003 51.500000000000007 1.2250000238418581 1019.3500061035157 1021.2500000000001 52.500000000000007 71.500000000000014 -3.4850000143051143 3.1499999761581425 13.500000000000002 125.50000000000001 85.500000000000014 17.500000000000004 4.0750000476837167
decision_type=2 2 2 2 2 2 2 2 2 2 2 2 2 2 2 2 2 2 2 2 2 2 2 2 2 2 2 2 2 2
left_child=1 5 3 10 12 28 8 -5 -4 25 22 17 21 26 27 -16 -8 -6 23 -13 -19 -3 -2 -11 -15 -7 -10 -9 -1 -23
right_child=2 4 6 7 11 9 16 14 13 18 -12 19 -14 24 15 -17 -18 20 -20 -21 -22 29 -24 -25 -26 -27 -28 -29 -30 -31
leaf_value=-0.4120052976811186 0.067905808669767975 -0.14246193889711409 0.81032151381174722 0.0088058987150500534 -0.18895081850109652 -0.59475504528392453 0.23900259907993637 0.14390395200982387 0.46419758866815003 -0.26702371791202312 0.23900259907993637 0.0088058987150500534 0.0088058987150500534 0.31940135774209671 0.064342303325994471 0.15327439043192753 0.62071375619797475 -0.15682865139007426 -0.18895081850109652 -0.078444770817692452 -0.072020395713224647 -0.032308040469204845 0.16622245162923341 -0.34650955487226959 0.42067102903300935 -0.44611525251186707 0.60433590463197084 0.23409056675502626 -0.18895081850109652 -0.092094708843914297
leaf_weight=94 346 387 132 1993 995 110 606 735 408 529 1038 161 1052 663 854 709 42 1105 111 666 607 649 753 1132 255 678 71 348 676 194
leaf_count=94 150 223 46 945 969 110 204 245 136 529 356 83 486 221 347 254 14 641 106 343 314 324 256 1131 85 678 24 116 554 97
internal_value=0.00702975 -0.157756 0.175368 0.115124 -0.0741865 -0.303715 0.362881 0.0581412 0.433916 -0.356408 0.238822 -0.131275 0.0088059 0.39835 0.119879 0.0831517 0.239003 -0.160904 -0.307289 -0.0342881 -0.126759 -0.073422 0.135269 -0.321195 0.349641 -0.466864 0.491701 0.172884 -0.188951 -0.0417275
internal_weight=18099 9146 8953 6776 5816 3330 2177 4639 1529 2560 2137 3534 2282 1397 2646 1563 648 2707 1772 827 1712 1230 1099 1661 918 788 479 1083 770 843
internal_count=10081 6682 3399 2669 3480 3202 730 1907 512 2554 762 2350 1130 466 962 601 218 1924 1766 426 955 644 406 1660 306 788 160 361 648 421
is_linear=0
shrinkage=0.05


Tree=34
num_leaves=31
num_cat=0
split_feature=28 28 24 28 10 28 10 0 10 8 5 24 8 7 28 9 28 28 25 3 28 7 29 10 28 24 9 28 0 0
split_gain=180756 54684.8 24093.5 23872.7 18590.8 11649.7 9690.55 6547.58 5269.09 3981.71 3877.99 3703.25 3389.24 3047.22 3013.83 2564.01 3048.82 2148.98 1853.26 1705.03 1227.95 992.03 970.601 703.677 621.947 555.539 538.651 516.16 511.56 414.949
threshold=57.500000000000007 77.500000000000014 399.58500671386724 33.500000000000007 -0.6035499870777129 91.500000000000014 -0.78654998540878285 25.44999980926514 1.0000000180025095e-35 17.500000000000004 2.5449999570846562 275.41499328613287 695.50000000000011 1021.0499877929689 50.500000000000007 -1.0000000180025095e-35 68.500000000000014 19.500000000000004 6.4500000476837167 171.50000000000003 67.500000000000014 1018.3500061035157 6.8500001430511483 0.60354998707771312 47.500000000000007 460.41499328613287 -1.0000000180025095e-35 8.5000000000000018 27.94999980926514 21.849999427795414
decision_type=2 2 2 2 2 2 2 2 2 2 2 2 2 2 2 2 2 2 2 2 2 2 2 2 2 2 2 2 2 2
left_child=3 4 7 9 13 12 18 -3 22 17 14 19 -4 -2 23 -6 29 27 24 -9 -15 -19 -7 -8 -5 -12 -16 -1 -13 -17
right_child=1 2 5 6 15 8 10 11 -10 -11 25 28 -14 20 26 16 -18 21 -20 -21 -22 -23 -24 -25 -26 -27 -28 -29 -30 -31
leaf_value=-0.66056639842497999 0.13522572625659013 0.36359998745343042 0.13522572625659013 -0.21413347335746058 -0.036092384305761928 0.28646901093934679 -0.19766112939644875 0.82726122356596454 0.22219770409785819 -0.24478202507124902 -0.036092384305761928 0.49236905084802968 0.22219770409785819 -0.011272165179252626 -0.17286628722103053 -0.031582644840880754 0.13522572625659013 -0.31582214043495577 -0.036092384305761928 0.62396908183156929 0.1056078959920061 -0.4006113893030781 0.36359998745343042 -0.24478202507124902 -0.092176841022972369 -0.12919281436228439 -0.097044155241574281 -0.46885537820106205 0.61219259368048773 0.058090890634745575
leaf_weight=39 1384 172 2315 183 2563 408 793 210 567 376 72 162 525 482 465 752 418 584 1249 45 421 553 833 1146 188 190 472 352 90 90
leaf_count=39 524 60 834 131 1242 136 778 72 191 370 41 54 175 241 334 376 181 584 673 15 157 553 278 1146 94 111 264 352 30 45
internal_value=0.0071265 0.127723 0.244815 -0.199908 0.0256366 0.204172 -0.140034 0.523028 0.303382 -0.34953 -0.191304 0.621138 0.141014 0.135226 -0.208302 -0.0360924 0.0359553 -0.386862 -0.0407217 0.755569 0.0432201 -0.35209 0.3636 -0.243883 -0.148261 -0.0360924 -0.134672 -0.487977 0.492369 -0.0190439
internal_weight=18099 11437 5327 6662 6110 4648 4758 679 1808 1904 3138 507 2840 2287 2876 3823 1260 1528 1620 255 903 1137 1241 1939 371 262 937 391 252 842
internal_count=10081 4611 1845 5470 2766 1614 3572 231 605 1898 2674 171 1009 922 2522 1844 602 1528 898 87 398 1137 414 1924 225 152 598 391 84 421
is_linear=0
shrinkage=0.05


Tree=35
num_leaves=31
num_cat=0
split_feature=28 28 28 10 10 10 10 28 0 5 28 5 10 28 10 25 24 28 5 7 10 27 24 25 21 29 11 17 28 5
split_gain=161916 42245.8 26889.4 15446.8 13685.2 10168.5 5734.45 6162.6 5499.43 5116.37 4534.41 4095.23 2651.74 2236.54 1997.68 1879.27 1737.19 1708.17 1621.49 1457.27 1370.35 1224.37 1146.61 981.986 950.13 893.337 877.212 862.97 820.549 767.7
threshold=69.500000000000014 42.500000000000007 97.500000000000014 -0.78654998540878285 -0.37939999997615809 -0.78654998540878285 -0.37939999997615809 141.00000000000003 25.650000572204593 0.50499999523162853 25.500000000000004 2.9450000524520878 1.0000000180025095e-35 52.500000000000007 1.0000000180025095e-35 7.1499998569488534 490.41499328613287 83.500000000000014 1.2250000238418581 1022.3500061035157 0.3793999999761582 4.7500000000000009 497.91499328613287 10.34999990463257 6.7500000000000009 9.2500000000000018 -0.87834998965263356 0.14050000160932544 54.500000000000007 -3.504999995231628
decision_type=2 2 2 2 2 2 2 2 2 2 2 2 2 2 2 2 2 2 2 2 2 2 2 2 2 2 2 2 2 2
left_child=1 5 4 13 8 -1 16 14 21 20 -7 12 17 24 27 -13 26 -6 29 23 -5 -2 -17 -11 -3 -26 -4 -8 -21 -12
right_child=2 3 6 9 11 10 7 -9 -10 19 18 15 -14 -15 -16 22 -18 -19 -20 28 -22 -23 -24 -25 25 -27 -28 -29 -30 -31
leaf_value=-0.16150219940305366 0.11108729828275828 -0.16150219940305366 0.67039474506004193 -0.083264160525790831 0.057161881584223077 -0.42018656946017235 0.32777504155395232 0.85943841536839816 0.24759127039434442 -0.05275758435032777 -0.23968977164692862 0.027469310968830166 0.027469310968830166 0.027469310968830166 0.24759127039434442 0.24759127039434442 0.37082247204250762 0.18726787778146473 -0.16150219940305366 -0.16150219940305366 -0.16150219940305366 0.19427746214280442 0.15253439050785822 0.027469310968830166 -0.1044935918906582 -0.023358451238279024 0.49751641158516524 0.56158286276317781 -0.069888172168209237 -0.31312755374999668
leaf_weight=790 1014 96 153 561 669 786 654 48 1198 969 518 210 1335 1710 399 86 135 405 125 273 1792 378 868 466 291 287 141 42 494 1137
leaf_count=662 360 48 51 365 245 786 218 18 400 509 518 98 596 778 133 31 45 135 119 204 1305 126 326 238 159 144 47 14 247 1136
internal_value=0.00597696 -0.123901 0.178839 -0.0534619 0.131757 -0.269542 0.363426 0.304921 0.219268 -0.108383 -0.320163 0.0683211 0.0311119 0.0274693 0.280613 0.145329 0.519304 0.106224 -0.275996 -0.0536047 -0.159646 0.140964 0.175366 -0.0238673 -0.0741862 -0.047485 0.587484 0.341884 -0.109241 -0.290142
internal_weight=18030 10295 7735 6939 6163 3356 1572 1143 2590 4555 2566 3573 2409 2384 1095 1164 429 1074 1780 2202 2353 1392 954 1435 674 578 294 696 767 1655
internal_count=10061 7218 2843 3997 2317 3221 526 383 886 2868 2559 1431 976 1129 365 455 143 380 1773 1198 1670 486 357 747 351 303 98 232 451 1654
is_linear=0
shrinkage=0.05


Tree=36
num_leaves=31
num_cat=0
split_feature=8 28 28 5 29 8 28 25 28 11 28 11 5 28 28 5 28 10 24 25 23 0 28 28 10 28 10 10 28 5
split_gain=152547 44603.6 37800.1 15632.6 13941.6 6935.99 5578.74 5397.14 4692.16 3298.08 2413.89 2386.42 2067.73 2015.94 1876.45 1895.86 1854.68 1593.65 1489.17 1417.08 1246.22 1116.93 925.739 901.952 863.745 1157.37 729.862 619.295 543.281 523.251
threshold=180.50000000000003 43.500000000000007 83.500000000000014 1.5950000286102297 13.449999809265138 667.50000000000011 113.50000000000001 10.050000190734865 22.500000000000004 -0.60784998536109913 91.500000000000014 0.60784998536109935 0.069999998435378089 70.500000000000014 76.500000000000014 -0.94499999284744252 60.500000000000007 -1.0000000180025095e-35 339.58500671386724 7.6499998569488534 75.500000000000014 20.44999980926514 51.500000000000007 6.5000000000000009 -0.6035499870777129 33.500000000000007 0.3793999999761582 -0.6035499870777129 18.500000000000004 -2.254999995231628
decision_type=2 2 2 2 2 2 2 2 2 2 2 2 2 2 2 2 2 2 2 2 2 2 2 2 2 2 2 2 2 2
left_child=1 8 5 14 6 7 10 13 23 18 -4 -9 24 -2 15 26 21 -12 -6 -7 -16 -5 -17 -1 29 -26 -3 -25 -29 -10
right_child=2 3 4 16 9 19 -8 11 12 -11 17 -13 -14 -15 20 22 -18 -19 -20 -21 -22 -23 -24 27 25 -27 -28 28 -30 -31
leaf_value=-0.66275821347390451 0.013601732912783672 -0.092900014183444263 0.19474961639669539 -0.1046879641248943 0.77851127985666491 0.12591418101125953 0.41776164690738427 0.12591418101125953 -0.26562096813304276 0.42486951192220057 0.32508015969946408 0.071463455439776169 -0.17132904111151992 0.071323837700910817 -0.092900014183444263 -0.16829260344185482 0.013601732912783672 0.23682115095388992 0.46788717269897462 0.19474961639669539 0.013601732912783672 -0.024027759061632861 -0.092900014183444263 -0.32610080863799279 -0.32610080863799279 -0.25008333982495357 -0.17132904111151992 -0.48209145080696036 -0.37006355220811415 -0.17132904111151992
leaf_weight=31 1445 185 896 644 169 337 306 1244 177 195 666 369 313 1523 342 410 1869 624 50 723 203 343 848 252 775 981 1513 206 228 163
leaf_count=31 768 138 301 352 58 127 102 525 177 65 222 190 299 577 153 351 818 208 17 246 79 186 438 252 775 981 1041 206 228 150
internal_value=0.00604142 -0.132031 0.159235 -0.0559898 0.305735 0.0837638 0.261097 0.0570787 -0.286668 0.574426 0.232399 0.125914 -0.253249 0.0170127 -0.127666 -0.143384 0.0136017 0.278893 0.707593 0.19475 -0.042416 -0.0616573 -0.0964785 -0.398953 -0.272221 -0.286345 -0.171329 -0.387032 -0.423238 -0.199277
internal_weight=18030 9483 8547 6357 2906 5641 2492 4581 3126 414 2186 1613 2409 2968 3501 2956 2856 1290 219 1060 545 987 1258 717 2096 1756 1698 686 434 340
internal_count=10061 6655 3406 3556 973 2433 833 2060 3099 140 731 715 2382 1345 2200 1968 1356 430 75 373 232 538 789 717 2083 1756 1179 686 434 327
is_linear=0
shrinkage=0.05


Tree=37
num_leaves=31
num_cat=0
split_feature=8 5 23 29 23 11 11 29 3 8 23 24 5 26 8 7 24 5 9 23 11 7 8 7 7 7 7 7 20 12
split_gain=136592 41045.7 20116 11078 8340.77 8155 6994.1 4895.87 4057.98 3662.44 2438 2396.71 2168.06 2074.19 2021.98 1813.52 1441.97 1302.65 1295.23 886.316 886.298 1184.99 736.216 716.338 654.439 648.282 647.822 571.969 552.655 527.057
threshold=180.50000000000003 0.92500001192092907 81.500000000000014 10.250000000000002 59.500000000000007 -0.87834998965263356 0.60784998536109935 8.9499998092651385 268.50000000000006 604.50000000000011 71.500000000000014 336.25000000000006 1.9950000047683718 14.34999990463257 733.50000000000011 1013.3500061035157 596.25000000000011 -2.3449999094009395 0.3793999999761582 78.500000000000014 1.0000000180025095e-35 1014.6499938964845 22.500000000000004 1017.1499938964845 1019.3500061035157 1015.9500122070314 1022.2500000000001 1019.9500122070314 8.7500000000000018 1.0000000180025095e-35
decision_type=2 2 2 2 2 2 2 2 2 2 2 2 2 2 2 2 2 2 2 2 2 2 2 2 2 2 2 2 2 2
left_child=1 4 6 9 8 11 7 10 20 -4 -2 -5 23 27 -8 -7 -11 -10 -19 24 21 -1 -22 -3 -15 -13 -25 -6 -9 -17
right_child=2 12 3 5 13 15 14 28 17 16 -12 25 -14 19 -16 29 -18 18 -20 -21 22 -23 -24 26 -26 -27 -28 -29 -30 -31
leaf_value=-0.25227043422845291 0.013244045963037399 -0.27726638062698084 0.16710609652699532 0.7192589664986121 -0.16685874622633312 0.56478225231170665 0.013244045963037399 0.1217226202500378 -0.236580620498239 0.28988952059170164 0.11850871133552165 0.54398706582876355 0.013244045963037399 -0.10457213085446582 0.16710609652699532 0.39080644731467729 0.21807420039752962 -0.22229602204997922 -0.34560558582833484 0.013244045963037399 -0.25359227472273471 -0.16685874622633312 -0.16685874622633312 -0.026201076768424127 -0.030773562386663469 0.31607114791870122 -0.13021017091528497 -0.10457213085446582 0.16710609652699532 0.28988952059170164
leaf_weight=409 914 41 1452 181 489 60 1296 545 751 321 1371 65 2743 249 113 177 676 270 1008 74 794 1147 225 436 473 60 228 146 910 406
leaf_count=328 417 36 525 62 315 20 633 256 733 107 489 22 1335 127 40 59 226 227 995 28 711 921 134 250 274 20 162 79 378 152
internal_value=0.00609002 -0.124563 0.151051 0.245475 -0.203191 0.390503 0.088737 0.125143 -0.235961 0.189276 0.0763391 0.602972 0.0130587 -0.0977562 0.013244 0.28989 0.269042 -0.288843 -0.319554 -0.0439906 -0.194293 -0.170554 -0.230541 -0.074439 -0.0684903 0.434587 -0.061915 -0.165154 0.167106 0.28989
internal_weight=18030 9483 8547 3398 6035 949 5149 3740 4604 2449 2285 306 3448 1431 1409 643 997 2029 1278 796 2575 1556 1019 705 722 125 664 635 1455 583
internal_count=10061 6655 3406 1193 4872 335 2213 1540 4049 858 906 104 1783 823 673 231 333 1955 1222 429 2094 1249 845 448 401 42 412 394 634 211
is_linear=0
shrinkage=0.05


Tree=38
num_leaves=31
num_cat=0
split_feature=28 28 8 10 24 8 28 5 28 7 7 28 28 29 28 4 27 28 9 9 0 26 28 10 8 10 28 29 28 28
split_gain=122907 39281.6 16993.6 13300.9 9601.67 9421.32 5965.29 5157.51 4836.77 4460.86 3419.88 2259.79 2175.64 2044.49 2172.06 1960.37 1941.22 1525.33 1442.85 942.009 731.197 698.338 683.672 583.959 579.282 577.238 576.731 495.249 464.227 390.956
threshold=74.500000000000014 47.500000000000007 602.50000000000011 -0.6035499870777129 460.41499328613287 70.500000000000014 99.500000000000014 1.2250000238418581 31.500000000000004 1017.5499877929689 1017.4500122070314 91.500000000000014 67.500000000000014 6.6499998569488534 61.500000000000007 -1.4850000143051145 5.2500000000000009 19.500000000000004 1.0000000180025095e-35 -1.0000000180025095e-35 21.750000000000004 17.150000572204593 60.500000000000007 -0.6035499870777129 579.50000000000011 -0.6035499870777129 38.500000000000007 11.449999809265138 84.500000000000014 102.50000000000001
decision_type=2 2 2 2 2 2 2 2 2 2 2 2 2 2 2 2 2 2 2 2 2 2 2 2 2 2 2 2 2 2
left_child=1 5 6 13 9 8 10 19 17 16 24 -6 20 14 -3 21 27 25 -10 -5 -9 -12 -21 -19 -2 -1 -20 -4 -18 -13
right_child=2 3 4 7 11 -7 -8 12 18 -11 15 29 -14 -15 -16 -17 28 23 26 22 -22 -23 -24 -25 -26 -27 -28 -29 -30 -31
leaf_value=-0.33417262069504033 0.046610824973989717 -0.10578859337745235 0.41807062269627365 -0.1144095983553277 0.2120335108460199 -0.1144095983553277 0.2120335108460199 -0.070381394467774416 -0.25578094885297581 0.34204094360205739 0.046610824973989717 0.27828789538582843 0.046610824973989717 0.046610824973989717 0.0091996364984214176 0.15361128214704237 0.59021149170704379 -0.25578094885297581 -0.22732430519777547 -0.07752966890372498 -0.0024561496554187713 0.14141517342283177 0.046610824973989717 -0.30598664121129193 0.15361128214704237 -0.43629004798092685 -0.181184812706876 0.55906630152279568 0.75331253090290107 0.34204094360205739
leaf_weight=216 1055 525 174 1767 881 837 798 1133 450 213 628 354 647 1834 555 1342 78 203 733 464 279 260 142 832 132 273 805 97 99 224
leaf_count=216 415 270 58 1044 294 559 266 602 450 71 236 118 312 787 244 471 26 203 733 315 140 93 71 832 44 273 776 34 33 75
internal_value=0.00596451 -0.0901155 0.183337 -0.0196083 0.298807 -0.209211 0.12526 -0.0749244 -0.24796 0.456897 0.0951891 0.227185 -0.0163378 0.0466108 -0.0282116 0.132924 0.552652 -0.314977 -0.196585 -0.11441 -0.0515231 0.0724089 -0.0481484 -0.280594 0.0466108 -0.387751 -0.181185 0.468538 0.681437 0.313786
internal_weight=18030 11695 6335 7346 2120 4349 4215 4432 3512 661 3417 1459 2059 2914 1080 2230 448 1524 1988 2373 1412 888 606 1035 1187 489 1538 271 177 578
internal_count=10061 7827 2234 3785 709 4042 1525 2484 3483 222 1259 487 1054 1301 514 800 151 1524 1959 1430 742 329 386 1035 459 489 1509 92 59 193
is_linear=0
shrinkage=0.05


Tree=39
num_leaves=31
num_cat=0
split_feature=1 5 0 24 3 11 5 11 29 0 3 0 1 4 29 10 9 7 0 1 7 25 10 5 10 0 29 5 26 10
split_gain=87906.8 29932.8 21540.7 11323.3 8667.83 6700.96 6673.48 6476.54 5345.89 4570.82 4099.08 3996.56 4191.15 3906.42 3435.8 2880.81 2789.42 2649.79 2640.77 2295.12 1799.32 1369.28 1343.23 1293.59 1281.96 1190.08 1089.34 1055.59 956.266 840.724
threshold=76.500000000000014 1.5950000286102297 25.44999980926514 504.58500671386724 271.00000000000006 0.60784998536109935 -1.0249999761581419 -0.87834998965263356 23.050000190734867 27.750000000000004 45.500000000000007 21.250000000000004 83.500000000000014 2.5649999380111699 11.449999809265138 0.60354998707771312 0.3793999999761582 1022.6499938964845 24.050000190734867 52.500000000000007 1019.9500122070314 11.949999809265138 0.3793999999761582 -2.4350000619888301 -0.98295000195503224 23.750000000000004 9.7500000000000018 -2.8649998903274532 9.6500000953674334 1.0000000180025095e-35
decision_type=2 2 2 2 2 2 2 2 2 2 2 2 2 2 2 2 2 2 2 2 2 2 2 2 2 2 2 2 2 2
left_child=2 4 5 7 8 6 15 14 10 -9 24 20 13 26 -4 21 22 -8 -12 28 -3 -1 25 -18 -2 -6 -13 -11 -5 -19
right_child=1 11 3 19 16 -7 17 9 -10 27 18 12 -14 -15 -16 -17 23 29 -20 -21 -22 -23 -24 -25 -26 -27 -28 -29 -30 -31
leaf_value=0.0069618661258020065 0.049989391366640733 0.046241502608512036 0.23414527726977058 0.12985469769804145 -0.08385817394881262 -0.049491420991406826 0.12985469769804145 0.22912139201458756 0.55010204315185551 0.34699589922124108 -0.095860338705262282 0.13429154080607125 0.046241502608512036 0.59014077166379508 0.59286734906028726 -0.14821118069172817 -0.2077628867564556 0.05690411869104875 0.050197036914271853 0.12985469769804145 -0.053723753655788159 0.12985469769804145 -0.19511174597272576 -0.29851824110151132 -0.173740647367987 0.27841189916317283 0.34435536458458699 0.51684278647104909 0.22912139201458756 -0.081127528246583008
leaf_weight=927 66 526 89 233 177 1242 1594 707 30 298 1687 472 609 59 267 262 602 337 379 1554 1019 251 404 1129 2142 26 71 132 575 164
leaf_count=418 31 249 32 81 133 610 599 272 12 103 1118 190 314 29 91 156 590 136 144 572 539 108 349 1098 1720 13 27 44 192 91
internal_value=0.00617155 -0.0996371 0.12137 0.209294 -0.157117 0.0504153 0.0855169 0.317078 -0.115019 0.258807 -0.119688 0.0388904 0.106899 0.203743 0.503187 0.00174635 -0.234615 0.129855 -0.0690667 0.141165 -0.0144163 0.0350985 -0.142388 -0.266956 -0.167053 -0.0374591 0.161758 0.399135 0.216314 0.0117201
internal_weight=18030 9398 8632 3855 6642 4777 3535 1493 4304 1137 4274 2756 1211 602 356 1440 2338 2095 2066 2362 1545 1178 607 1731 2208 203 543 430 808 501
internal_count=10061 6556 3505 1387 5208 2118 1508 542 3025 419 3013 1348 560 246 123 682 2183 826 1262 845 788 526 495 1688 1751 146 217 147 273 227
is_linear=0
shrinkage=0.05


Tree=40
num_leaves=31
num_cat=0
split_feature=8 5 28 28 29 28 27 28 28 7 28 8 9 28 7 28 28 12 7 7 10 5 27 10 23 28 28 10 9 12
split_gain=104013 32565.8 27832.6 11919.7 10232.9 5160.6 7221 4518.63 3624.65 2635.19 2550.39 2049.09 1895.01 2088.81 1978.09 1820.6 1716.47 1530.32 1504.93 1206.6 1132.25 1245.72 1068.55 1034.66 817.573 541.191 526.9 497.046 439.685 296.167
threshold=172.50000000000003 0.81499999761581432 83.500000000000014 42.500000000000007 13.449999809265138 58.500000000000007 6.1499998569488534 113.50000000000001 60.500000000000007 1016.7500000000001 18.500000000000004 697.50000000000011 -1.0000000180025095e-35 76.500000000000014 1019.7500000000001 92.500000000000014 50.500000000000007 -0.56175000965595234 1019.4500122070314 1014.4500122070314 -0.6035499870777129 -1.814999997615814 12.449999809265138 -1.0000000180025095e-35 78.500000000000014 6.5000000000000009 50.500000000000007 -0.6035499870777129 -0.6035499870777129 1.0000000180025095e-35
decision_type=2 2 2 2 2 2 2 2 2 2 2 2 2 2 2 2 2 2 2 2 2 2 2 2 2 2 2 2 2 2
left_child=1 3 5 10 7 22 11 15 18 17 25 -7 13 14 -5 -4 29 -6 19 -3 -12 -22 -2 -17 -15 -1 -20 -27 -19 -14
right_child=2 8 4 12 9 6 -8 -9 -10 -11 20 -13 16 24 -16 23 -18 28 26 -21 21 -23 -24 -25 -26 27 -28 -29 -30 -31
leaf_value=-0.56850547935023454 0.011200373935717135 -0.34931402735412126 0.16257144345295704 -0.18704911744138197 0.36665448640522208 0.053636680742231185 0.16257144345295704 0.35344135526817672 0.011200373935717135 0.35344135526817672 -0.18704911744138197 0.11108600631356524 -0.16939406803155199 -0.096162488530252652 -0.11427156649453703 0.2732123541280907 0.0085517079688499312 0.60989284965935653 -0.16837528987616435 -0.026600890916455889 -0.22275518635659119 -0.30572849915322842 0.053636680742231185 0.19925632046143049 0.011200373935717135 -0.30631323680031169 -0.082635506961429336 -0.41420752491269797 0.77413488388061524 -0.094814499733936908
leaf_weight=33 1030 40 950 904 57 2747 793 306 1980 171 403 741 188 373 649 600 477 127 223 411 1154 744 386 618 131 181 912 189 60 456
leaf_count=33 555 40 319 611 19 1120 290 102 875 57 394 256 178 165 390 200 255 44 196 276 1154 744 242 206 53 181 468 189 20 428
internal_value=0.00545419 -0.109016 0.131417 -0.181295 0.257832 0.0673104 0.096073 0.219292 0.0102048 0.487591 -0.258458 0.0596006 -0.11564 -0.144142 -0.172846 0.192983 -0.0633384 0.593458 -0.0644022 -0.0266009 -0.238137 -0.25528 0.0112004 0.235941 -0.0556974 -0.37449 -0.0994813 -0.357186 0.662591 -0.116586
internal_weight=18034 9448 8586 5882 2889 5697 4281 2474 3566 415 2704 3488 3178 2057 1553 2168 1121 244 1586 451 2301 1898 1416 1218 504 403 1135 370 187 644
internal_count=10060 6630 3430 4775 967 2463 1666 827 1855 140 2695 1376 2080 1219 1001 725 861 83 980 316 2292 1898 797 406 218 403 664 370 64 606
is_linear=0
shrinkage=0.05


Tree=41
num_leaves=31
num_cat=0
split_feature=8 5 0 5 11 23 7 23 25 3 25 29 0 3 26 25 0 8 5 11 7 7 8 3 1 1 10 10 7 5
split_gain=93151.7 30097.2 16311.6 10149.6 5505.63 5180.79 4902.79 4724.88 4450.21 2420.55 2282.34 2187.21 2097.98 1735.82 1686.63 1569.32 1346.57 1010.48 896.903 841.523 830.456 827.121 774.946 695.327 559.622 525.128 514.483 490.053 484.76 412.584
threshold=172.50000000000003 0.81499999761581432 25.44999980926514 -1.5549999475479124 0.60784998536109935 98.500000000000014 1016.7500000000001 59.500000000000007 10.34999990463257 266.50000000000006 12.949999809265138 11.449999809265138 19.94999980926514 152.50000000000003 14.34999990463257 16.550000190734867 28.44999980926514 541.50000000000011 -2.2250000238418575 1.0000000180025095e-35 1014.6499938964845 1021.6499938964845 1.0000000180025095e-35 90.500000000000014 93.500000000000014 60.500000000000007 0.60354998707771312 -0.78654998540878285 1013.9500122070314 -1.814999997615814
decision_type=2 2 2 2 2 2 2 2 2 2 2 2 2 2 2 2 2 2 2 2 2 2 2 2 2 2 2 2 2 2
left_child=1 7 4 5 8 10 11 9 13 19 -4 17 24 -2 -9 25 -7 -5 -11 20 -1 -15 -20 29 -3 -8 -21 -18 -13 -16
right_child=2 12 3 6 -6 16 15 14 -10 18 -12 28 -14 21 23 -17 27 -19 22 26 -22 -23 -24 -25 -26 -27 -28 -29 -30 -31
leaf_value=-0.21581745318764325 0.010977955880067326 -0.043526376818057176 0.13099913160438176 0.19605426446596783 0.010977955880067326 0.22359846559793961 0.24775112542239103 -0.14269935720632296 0.13099913160438176 -0.19549784516276469 0.22359846559793961 0.6548027728466278 0.010977955880067326 0.086157191684166148 -0.057220060651402074 0.43089518376759123 0.5635033226013183 0.43936399143151567 -0.27973784483125747 -0.1557383798600103 -0.14269935720632296 0.010977955880067326 -0.17104505100815567 -0.090736165724292467 -0.13802837562288731 0.13099913160438176 -0.22812000791198625 0.35145907096991236 0.5115736943370891 0.010977955880067326
leaf_weight=392 977 765 2371 75 1278 108 198 578 1563 813 213 94 2604 620 251 84 30 99 1060 416 1087 243 194 230 197 177 599 297 159 262
leaf_count=312 449 417 873 28 625 36 66 362 617 793 71 33 1299 249 121 28 10 33 1022 323 868 101 173 166 139 59 515 99 53 120
internal_value=0.00554006 -0.102789 0.124745 0.200199 0.0617994 0.15653 0.348997 -0.172275 0.0981415 -0.196392 0.130999 0.470943 0.010978 0.0413153 -0.0890065 0.235553 0.316198 0.334489 -0.236403 -0.163232 -0.142699 0.0861572 -0.262923 -0.038773 -0.0628787 0.191797 -0.198454 0.370913 0.564789 -0.00530017
internal_weight=18034 9448 8586 3905 4681 3019 886 5882 3403 4561 2584 427 3566 1840 1321 459 435 174 2067 2494 1479 863 1254 743 962 375 1015 327 253 513
internal_count=10060 6630 3430 1389 2041 1089 300 4775 1416 4006 944 147 1855 799 769 153 145 61 1988 2018 1180 350 1195 407 556 125 838 109 86 241
is_linear=0
shrinkage=0.05


Tree=42
num_leaves=31
num_cat=0
split_feature=28 28 28 10 10 28 5 10 28 11 29 10 9 9 8 28 10 5 7 28 25 1 5 27 28 28 5 0 28 10
split_gain=85806.5 22325.7 15195.6 8690.04 7578.09 7293.53 3257.72 3099.58 2813.49 2321.7 2266.59 1891.69 1756.99 1747.45 1704.21 1528.69 1432.69 1182.34 1165.92 833.998 777.281 702.219 654.491 642.115 636.903 633.167 532.344 442.406 439.155 435.685
threshold=69.500000000000014 51.500000000000007 99.500000000000014 -0.6035499870777129 -0.78654998540878285 30.500000000000004 -0.49500000476837153 0.3793999999761582 82.500000000000014 -0.60784998536109913 5.7500000000000009 1.0000000180025095e-35 -0.37939999997615809 -0.37939999997615809 427.50000000000006 16.500000000000004 -0.6035499870777129 3.9550000429153447 1018.0499877929689 91.500000000000014 7.1499998569488534 75.500000000000014 0.98000001907348644 4.0499999523162851 104.50000000000001 60.500000000000007 -4.3849999904632559 29.050000190734867 6.5000000000000009 -1.0000000180025095e-35
decision_type=2 2 2 2 2 2 2 2 2 2 2 2 2 2 2 2 2 2 2 2 2 2 2 2 2 2 2 2 2 2
left_child=1 5 3 10 -3 15 14 20 12 23 -2 19 29 -6 -4 28 -17 26 -13 -10 -7 -11 -18 -8 -16 -15 -9 -26 -1 -5
right_child=2 4 6 8 13 7 9 17 11 21 -12 18 -14 25 24 16 22 -19 -20 -21 -22 -23 -24 -25 27 -27 -28 -29 -30 -31
leaf_value=-0.52708143898935034 0.094180950004546377 0.021755702486979944 0.19092936529136215 0.063635748542931428 -0.08997924601466574 -0.14403575210296321 0.37401715097603977 -0.11808318409540644 0.12073843402240514 0.34309205218857408 0.19092936529136215 0.070196821096383991 0.070196821096383991 -0.053621586517455827 0.23782118375143996 -0.1898001837453728 -0.28337086353150437 -0.08997924601466574 0.16915630303075488 0.19092936529136215 -0.08997924601466574 0.19092936529136215 -0.1898001837453728 0.57780905541251693 0.28457179551822392 0.007945541614377551 -0.1898001837453728 0.38599422718845522 -0.33404864181171767 0.021755702486979944
leaf_weight=33 610 1772 270 951 1765 711 54 261 711 255 1089 510 493 1044 249 350 818 22 327 372 1244 84 39 136 150 696 1318 177 275 1248
leaf_count=33 214 805 90 344 945 612 18 252 237 85 363 193 204 546 83 350 818 15 113 124 890 28 39 47 50 348 1305 59 275 575
internal_value=0.00547835 -0.0885169 0.132028 0.0992127 -0.0165227 -0.163436 0.282646 -0.124296 0.0635663 0.379973 0.190929 0.109808 0.0305855 -0.0654865 0.221788 -0.255304 -0.229933 -0.176326 0.0701968 0.154746 -0.0899792 0.301554 -0.270098 0.519889 0.284713 -0.0289947 -0.187096 0.331322 -0.354731 0.0217557
internal_weight=18034 10348 7686 6311 5277 5071 1375 3556 4612 529 1699 1920 2692 3505 846 1515 1207 1601 837 1083 1955 339 857 190 576 1740 1579 327 308 2199
internal_count=10060 7233 2827 2367 2644 4589 460 3074 1790 178 577 667 1123 1839 282 1515 1207 1572 306 361 1502 113 857 65 192 894 1557 109 308 919
is_linear=0
shrinkage=0.05


Tree=43
num_leaves=31
num_cat=0
split_feature=28 28 24 10 28 28 8 7 8 0 9 28 28 24 5 10 24 28 28 1 3 9 5 26 12 8 7 10 28 27
split_gain=77220.8 26472.8 11971.3 10004.7 8155.86 5525.13 3506.98 3164.92 3051.06 2905.44 2210.1 2184.07 2061.88 1605.81 1564.37 1442.57 1192.39 1079.74 798.083 793.992 748.896 657.41 632.465 533.218 442.728 401.972 346.227 312.636 335.738 307.156
threshold=55.500000000000007 77.500000000000014 399.58500671386724 -0.6035499870777129 30.500000000000004 101.50000000000001 54.500000000000007 1023.0499877929689 667.50000000000011 25.44999980926514 -1.0000000180025095e-35 63.500000000000007 43.500000000000007 275.41499328613287 0.92500001192092907 -0.6035499870777129 202.91500091552737 18.500000000000004 9.5000000000000018 70.500000000000014 171.50000000000003 -1.0000000180025095e-35 0.98000001907348644 9.2500000000000018 -0.56175000965595234 713.50000000000011 1021.0499877929689 0.60354998707771312 34.500000000000007 1.8499999642372134
decision_type=2 2 2 2 2 2 2 2 2 2 2 2 2 2 2 2 2 2 2 2 2 2 2 2 2 2 2 2 2 2
left_child=4 3 9 7 15 8 12 -2 14 -3 -5 -12 27 20 -4 18 -8 -17 -1 -7 -11 26 -19 -13 -9 -15 -14 28 -6 -10
right_child=1 2 5 10 6 19 16 24 29 13 11 23 21 25 -16 17 -18 22 -20 -21 -22 -23 -24 -25 -26 -27 -28 -29 -30 -31
leaf_value=-0.38522793557908802 0.087718772612992352 0.24600342093925098 0.087718772612992352 -0.0314811734076543 -0.17448105061734853 0.24600342093925098 -0.0314811734076543 0.049450870647409259 0.13251238668625701 0.55925405082520119 -0.02536839896524656 0.031175186823872894 -0.135132461003447 0.33321035607562072 0.13251238668625701 -0.37270500904747417 -0.085473162911124279 -0.2628012458575118 -0.17448105061734853 0.17730600075952166 0.42463427273450727 -0.085473162911124279 -0.17448105061734853 0.087718772612992352 -0.0314811734076543 0.42463427273450727 -0.085473162911124279 -0.17448105061734853 -0.135132461003447 0.17730600075952166
leaf_weight=45 2072 157 1762 2721 266 545 550 169 168 209 788 130 310 186 1184 224 694 758 453 237 39 1098 35 515 384 87 239 808 499 702
leaf_count=45 832 55 646 1344 266 182 309 72 56 71 394 65 292 62 403 224 399 758 453 79 13 859 35 229 189 29 164 808 493 234
internal_value=0.00554263 0.0784081 0.162396 0.0130415 -0.14137 0.133475 -0.10735 0.0877188 0.108609 0.358532 -0.0314812 0.0309549 -0.134896 0.420417 0.0877188 -0.241612 -0.03605 -0.27577 -0.174481 0.246003 0.512516 -0.0957839 -0.248388 0.0877188 -0.0314812 0.336752 -0.135132 -0.174481 -0.142457 0.177306
internal_weight=18034 12055 5276 6779 5979 4598 4464 2625 3816 678 4154 1433 3220 521 2946 1515 1244 1017 498 782 248 1647 793 645 553 273 549 1573 765 870
internal_count=10060 4955 1830 3125 5105 1600 3590 1093 1339 230 2032 688 2882 175 1049 1515 708 1017 498 261 84 1315 793 294 261 91 456 1567 759 290
is_linear=0
shrinkage=0.05


Tree=44
num_leaves=31
num_cat=0
split_feature=28 10 29 28 28 10 12 5 9 9 17 10 24 28 7 4 7 11 0 28 5 9 28 29 4 5 4 28 10 1
split_gain=69533.2 18009.5 15634.1 13230.8 7760.64 5926.76 5202.57 2803.64 2694.48 2653.78 2318.44 1964.8 1878.4 1782.76 1755.01 1561.25 1946.75 1187.73 1093.24 1084.16 745.487 685.213 680.034 607.921 535.935 505.567 481.3 427.076 302.644 285.289
threshold=63.500000000000007 0.3793999999761582 10.750000000000002 33.500000000000007 90.500000000000014 -0.78654998540878285 1.0000000180025095e-35 2.245000004768372 -1.0000000180025095e-35 -1.0000000180025095e-35 0.10850000008940698 -0.78654998540878285 383.75000000000006 50.500000000000007 1015.1499938964845 -2.7749999761581416 1021.5499877929689 1.0000000180025095e-35 28.650000572204593 18.500000000000004 0.98000001907348644 -1.0000000180025095e-35 47.500000000000007 6.7500000000000009 -3.0949999094009395 -2.3449999094009395 2.1250000000000004 16.500000000000004 -0.6035499870777129 71.500000000000014
decision_type=2 2 2 2 2 2 2 2 2 2 2 2 2 2 2 2 2 2 2 2 2 2 2 2 2 2 2 2 2 2
left_child=3 2 4 11 15 12 9 13 -3 10 -4 27 -5 -7 -10 29 -17 -9 -8 28 25 -15 -14 -24 -6 -21 -16 -1 -13 -2
right_child=1 8 6 5 24 7 18 17 14 -11 -12 19 22 21 26 16 -18 -19 -20 20 -22 -23 23 -25 -26 -27 -28 -29 -30 -31
leaf_value=-0.27919385648436018 0.042529399719056719 0.00028614205794333939 0.20009253622896048 0.00028614205794333939 0.14681462167687559 -0.13959592136849269 0.20009253622896048 0.00028614205794333939 0.42418554517957907 0.75943465459914439 0.38458039499400709 -0.26876696628050295 -0.13959592136849269 -0.10797341053000316 0.11877786063489877 0.11560718764255846 0.028036410570457845 -0.08640129807161856 0.49778916722252253 -0.19247967358304555 -0.13959592136849269 -0.042508722692677081 -0.097626972931399644 -0.040455783728636958 0.20009253622896048 -0.26017870700897044 0.00028614205794333939 -0.13959592136849269 -0.35406975778085847 0.00028614205794333939
leaf_weight=72 801 1842 90 1518 474 1925 404 464 45 42 712 116 124 882 394 2130 904 444 42 498 61 731 338 246 1023 618 68 313 224 489
leaf_count=72 300 842 30 802 158 1909 139 239 16 14 239 116 86 549 171 781 375 245 14 498 61 391 169 119 341 618 33 306 224 203
internal_value=0.00511547 0.0985842 0.138799 -0.0980119 0.103899 -0.0648493 0.296287 -0.0981996 0.000286142 0.372004 0.351715 -0.214342 0.000286142 -0.118314 0.126114 0.0699242 0.0895149 -0.0198238 0.200093 -0.240803 -0.218085 -0.0783053 -0.0811977 -0.055658 0.200093 -0.229969 0.0970814 -0.139596 -0.319449 0.023848
internal_weight=18034 9460 7111 8574 5821 6672 1290 4446 2349 844 802 1902 2226 3538 507 4324 3034 908 446 1517 1177 1613 708 584 1497 1116 462 385 340 1290
internal_count=10060 3656 2594 6404 2158 4509 436 3333 1062 283 269 1895 1176 2849 220 1659 1156 484 153 1517 1177 940 374 288 499 1116 204 378 340 503
is_linear=0
shrinkage=0.05


Tree=45
num_leaves=31
num_cat=0
split_feature=8 5 0 2 25 23 23 5 11 1 7 7 11 23 0 9 11 25 0 5 8 29 24 11 3 8 7 12 3 7
split_gain=61252.5 21546.5 10994.2 8034.16 4377.23 3447.36 3122.02 2958.89 1781.48 1774.71 1544.52 1521.36 1489.92 1159.49 1099.4 1676.11 1069.27 939.065 913.123 866.764 946.7 817.825 681.247 648.864 629.691 505.328 466.091 450.612 402.992 332.502
threshold=177.50000000000003 0.50499999523162853 25.44999980926514 3.1250000000000004 10.050000190734865 92.500000000000014 59.500000000000007 0.10500000044703485 0.60784998536109935 90.500000000000014 1019.2500000000001 1017.1499938964845 -0.60784998536109913 83.500000000000014 27.750000000000004 -0.6035499870777129 -0.60784998536109913 13.949999809265138 19.150000572204593 -1.955000042915344 12.500000000000002 12.650000095367433 746.25000000000011 -0.87834998965263356 152.50000000000003 815.00000000000011 1012.5499877929689 1.0000000180025095e-35 90.500000000000014 1023.9500122070314
decision_type=2 2 2 2 2 2 2 2 2 2 2 2 2 2 2 2 2 2 2 2 2 2 2 2 2 2 2 2 2 2
left_child=1 6 4 7 16 17 12 14 -6 -3 13 -11 26 -8 -4 -16 24 -5 -13 27 -21 25 -7 -20 -2 -9 -1 -14 -12 -30
right_child=2 9 3 5 8 22 10 21 -10 11 28 18 19 -15 15 -17 -18 -19 23 20 -22 -23 -24 -25 -26 -27 -28 -29 29 -31
leaf_value=-0.25825476548710807 0.0090852486230338265 0.0090852486230338265 0.213791930822957 0.10581883943111881 0.10581883943111881 0.213791930822957 -0.11995272424768283 0.213791930822957 0.056220341011475883 -0.21191592367662901 0.0090852486230338265 -0.14446043375114734 -0.17502702412369187 0.0090852486230338265 0.27274892598312522 0.5767271059530753 0.0090852486230338265 0.1598053851270379 -0.076675688229069949 -0.23049196315809384 -0.11995272424768283 0.51092142002311292 0.1598053851270379 0.0090852486230338265 0.056220341011475883 0.40860543128807469 -0.11995272424768283 -0.11995272424768283 -0.09887540281898427 0.0090852486230338265
leaf_weight=61 494 2852 357 2173 1614 477 571 39 452 138 312 151 1362 116 176 54 1728 177 190 1165 184 167 303 510 350 30 1185 442 176 46
leaf_count=55 225 1426 127 804 648 159 341 14 212 100 156 120 1238 48 59 18 802 59 110 1099 146 58 101 267 135 10 968 381 137 25
internal_value=0.00464131 -0.0831239 0.101294 0.162562 0.0490755 0.126011 -0.145504 0.301573 0.103355 0.00814778 -0.0747681 -0.0579187 -0.165137 -0.119953 0.24146 0.331706 0.00908525 0.105819 -0.0329462 -0.183434 -0.21375 0.451093 0.213792 -0.00889094 0.0562203 0.306289 -0.119953 -0.160764 -0.0108695 -0.0650498
internal_weight=18052 9461 8591 3953 4638 3130 5620 823 2066 3841 1221 989 4399 687 587 230 2572 2350 851 3153 1349 236 780 700 844 69 1246 1804 534 222
internal_count=10048 6617 3431 1409 2022 1123 4594 286 860 2023 707 597 3887 389 204 77 1162 863 497 2864 1245 82 260 377 360 24 1023 1619 318 162
is_linear=0
shrinkage=0.05


Tree=46
num_leaves=31
num_cat=0
split_feature=28 28 29 10 28 7 28 3 10 1 28 4 10 20 9 5 10 5 25 29 28 28 25 1 10 9 9 5 1 5
split_gain=57799.6 18425.5 8220.63 6926.97 4731.49 4708.33 2732.37 2306.14 2303.59 2090.88 2052.92 1639.47 1245.6 1240.73 1119.06 1150.56 1106.31 956.413 954.918 821.725 651.203 606.587 516.163 447.129 440.512 340.723 324.658 318.477 287.062 286.04
threshold=74.500000000000014 50.500000000000007 9.9499998092651385 -0.78654998540878285 29.500000000000004 1013.9500122070314 91.500000000000014 60.500000000000007 0.60354998707771312 70.500000000000014 68.500000000000014 -2.7749999761581416 -0.6035499870777129 17.399999618530277 -0.6035499870777129 0.15500000119209292 1.0000000180025095e-35 3.9550000429153447 6.9500000476837167 19.050000190734867 18.500000000000004 9.5000000000000018 9.2500000000000018 79.500000000000014 -1.0000000180025095e-35 -0.78654998540878285 -1.0000000180025095e-35 0.98000001907348644 70.500000000000014 1.3450000286102297
decision_type=2 2 2 2 2 2 2 2 2 2 2 2 2 2 2 2 2 2 2 2 2 2 2 2 2 2 2 2 2 2
left_child=1 4 6 -3 12 14 11 26 18 13 23 24 21 19 15 28 -8 -10 -6 -7 -14 -1 25 -9 -2 -13 -5 -22 -4 -18
right_child=2 3 5 7 8 9 16 10 17 -11 -12 22 20 -15 -16 -17 29 -19 -20 -21 27 -23 -24 -25 -26 -27 -28 -29 -30 -31
leaf_value=-0.3428460090718371 0.082223546267765721 0.032414813205822304 0.33344922846993486 -0.07228417557632992 -0.12737860274004756 0.22325691371483522 0.16579088310402557 -0.07228417557632992 -0.16024082577767282 0.16579088310402557 0.032414813205822304 0.046482135731202023 -0.32548991463401106 0.53065404158372143 0.62053692738215138 0.5398486109340892 0.11598465129435782 -0.07228417557632992 -0.07228417557632992 0.38526370686010358 -0.23643311348181373 -0.16024082577767282 0.11598465129435782 -0.028708909948220965 0.032414813205822304 0.095308249504093626 0.032414813205822304 -0.16024082577767282 0.1920192050933838 0.16579088310402557
leaf_weight=47 468 2121 177 1427 788 576 867 717 1291 363 833 582 220 39 48 68 309 19 1395 42 626 432 1219 1636 714 671 133 29 45 150
leaf_count=47 156 940 59 761 697 192 289 374 1291 134 394 207 220 13 16 25 105 13 1064 14 626 432 441 856 283 237 68 29 15 50
internal_value=0.00450415 -0.061306 0.126136 -0.00862184 -0.135947 0.235182 0.0963997 -0.0455944 -0.10519 0.181589 -0.018705 0.0740891 -0.215292 0.257134 0.396914 0.3599 0.15788 -0.157606 -0.0737351 0.239873 -0.251062 -0.160241 0.0974165 -0.0432128 0.0324148 0.0746318 -0.0722842 -0.226064 0.304781 0.115985
internal_weight=18052 11714 6338 6867 4847 1358 4980 4746 3493 1020 3186 3654 1354 657 338 290 1326 1310 2183 618 875 479 2472 2353 1182 1253 1560 655 222 459
internal_count=10048 7812 2236 3393 4419 468 1768 2453 3065 353 1624 1324 1354 219 115 99 444 1304 1761 206 875 479 885 1230 439 444 829 655 74 155
is_linear=0
shrinkage=0.05


Tree=47
num_leaves=31
num_cat=0
split_feature=28 28 8 10 24 28 10 7 28 9 7 4 27 28 28 28 7 26 28 24 28 10 10 0 8 28 7 9 28 28
split_gain=51636.5 16544.1 7682.16 6453.07 4671.67 4307.72 3270.01 2677.53 2550.42 2232.42 1943.09 1525.3 1128.19 1124.33 1089.77 1011.77 973.929 656.063 624.531 605.797 536.106 477.792 461.343 346.36 276.865 306.672 261.73 235.413 193.502 189.293
threshold=74.500000000000014 50.500000000000007 602.50000000000011 -0.78654998540878285 460.41499328613287 22.500000000000004 -0.6035499870777129 1017.5499877929689 95.500000000000014 -1.0000000180025095e-35 1018.7500000000001 2.5649999380111699 5.2500000000000009 91.500000000000014 63.500000000000007 40.500000000000007 1022.0499877929689 5.7500000000000009 63.500000000000007 994.58499145507824 8.5000000000000018 -0.6035499870777129 0.3793999999761582 22.150000572204593 435.50000000000006 83.500000000000014 1019.9500122070314 -0.6035499870777129 102.50000000000001 137.00000000000003
decision_type=2 2 2 2 2 2 2 2 2 2 2 2 2 2 2 2 2 2 2 2 2 2 2 2 2 2 2 2 2 2
left_child=1 5 8 -3 7 20 17 12 10 16 24 15 29 -6 23 -8 -5 -7 -18 -12 -1 -22 -10 -11 -2 -26 -23 -14 -15 -4
right_child=2 3 4 9 13 6 11 -9 22 14 19 -13 27 28 -16 -17 18 -19 -20 -21 21 26 -24 -25 25 -27 -28 -29 -30 -31
leaf_value=-0.39405415791731618 0.030781420773554953 0.030781420773554953 0.30192030251510749 -0.068204507099002207 0.13863380230881159 -0.17383958143796396 -0.17383958143796396 0.22671471970154689 0.13863380230881159 -0.039961338941349941 0.098602919452741855 -0.068204507099002207 0.42164418620447963 0.18482055322991478 0.030781420773554953 -0.11520887040374311 -0.057125125621237886 -0.068204507099002207 0.023677521430226601 0.030781420773554953 -0.1751701604899312 -0.23476116362722421 0.098602919452741855 0.0015115911802673493 0.055660695500531071 0.098602919452741855 -0.31082083200210237 0.53507936901516384 0.22671471970154689 0.39738263120756606
leaf_weight=52 957 2121 246 2005 893 129 1548 207 834 1138 1509 36 93 360 510 1100 489 1290 468 301 267 299 150 136 216 249 126 90 203 30
leaf_count=52 398 940 82 1070 298 101 1548 69 278 594 531 26 31 120 249 1087 256 913 216 114 267 299 50 68 72 83 126 30 68 12
internal_value=0.00440073 -0.057802 0.119365 -0.00788003 0.196956 -0.128529 -0.108457 0.306649 0.0803115 -0.0437968 0.058572 -0.142519 0.381163 0.146781 0.000448515 -0.152096 -0.0682045 -0.0682045 -0.0176104 0.0945223 -0.239222 -0.227588 0.138634 -0.0277582 0.0307814 0.08054 -0.260518 0.477432 0.210496 0.317333
internal_weight=18052 11714 6338 6867 2122 4847 4103 666 4216 4746 3232 2684 459 1456 1784 2648 2962 1419 957 1810 744 692 984 1274 1422 465 425 183 563 276
internal_count=10048 7812 2236 3393 710 4419 3675 224 1526 2453 1198 2661 155 486 911 2635 1542 1014 472 645 744 692 328 662 553 155 425 61 188 94
is_linear=0
shrinkage=0.05


Tree=48
num_leaves=31
num_cat=0
split_feature=8 5 28 28 24 27 8 1 9 28 28 28 26 28 25 23 11 25 24 10 5 28 9 12 1 0 8 28 28 10
split_gain=46210.7 17109.8 13253.5 5203.3 5196.48 4167.05 3635.28 2464.93 2036.43 1708.57 1549.48 1309.51 1298.72 1233.14 1032.26 911.253 909.371 899.177 834.396 684.253 615.165 612.875 546.63 464.832 453.118 449.914 399.985 362.836 279.24 206.792
threshold=177.50000000000003 0.92500001192092907 83.500000000000014 40.500000000000007 287.08500671386724 11.250000000000002 520.50000000000011 70.500000000000014 -1.0000000180025095e-35 104.50000000000001 60.500000000000007 19.500000000000004 14.650000095367433 50.500000000000007 8.8499999046325701 59.500000000000007 -0.87834998965263356 7.0499999523162851 557.08499145507824 -0.6035499870777129 -1.814999997615814 53.500000000000007 -0.6035499870777129 1.0000000180025095e-35 82.500000000000014 20.250000000000004 713.50000000000011 6.5000000000000009 115.00000000000001 -0.6035499870777129
decision_type=2 2 2 2 2 2 2 2 2 2 2 2 2 2 2 2 2 2 2 2 2 2 2 2 2 2 2 2 2 2
left_child=1 3 5 11 16 6 -2 9 12 18 14 27 -5 23 21 -14 22 -8 -6 -13 -21 24 -4 -10 -3 -16 -9 -1 -11 -29
right_child=2 10 4 8 7 -7 17 26 13 28 -12 19 15 -15 25 -17 -18 -19 -20 20 -22 -23 -24 -25 -26 -27 -28 29 -30 -31
leaf_value=-0.4213523049508372 0.0082380685425846364 -0.099878834773021216 0.38450558725585288 -0.13160906019883831 0.21884277171112754 0.11017661816864353 0.038543074770500896 0.11017661816864353 -0.12557344239764553 0.23015312722890205 0.0082380685425846364 -0.13160906019883831 -0.10084176620759969 0.0082380685425846364 -0.052442115513595261 -0.015652048761087858 0.27804368228893445 0.06884808099841716 0.14076563369949335 -0.15233640916752242 -0.20916209356321655 -0.052442115513595261 0.55742509078979496 -0.047555922265640413 -0.20516462830980872 -0.017367344035193227 0.24425752245146654 -0.20916209356321655 0.27804368228893445 -0.27515580053046601
leaf_weight=31 2598 113 117 1073 276 567 745 801 293 306 2000 389 560 515 357 445 45 1811 1014 960 685 460 75 548 157 456 87 183 149 236
leaf_count=31 1188 85 41 688 92 316 303 269 283 102 879 384 351 272 232 209 15 663 338 960 685 230 25 510 147 252 29 183 50 236
internal_value=0.00437816 -0.0718529 0.088329 -0.123984 0.176011 0.0443426 0.0275195 0.155825 -0.0841093 0.191881 0.00823807 -0.179109 -0.115213 -0.0364445 -0.0429728 -0.0700745 0.400262 0.0688481 0.162498 -0.162033 -0.178347 -0.0875169 0.452052 -0.0747368 -0.147316 -0.0173673 0.110177 -0.256291 0.275187 -0.244079
internal_weight=18052 9461 8591 5918 2870 5721 5154 2633 3434 1745 3543 2484 2078 1356 1543 1005 237 2556 1290 2034 1645 730 192 841 270 813 888 450 455 419
internal_count=10048 6617 3431 4792 961 2470 2154 880 2313 582 1825 2479 1248 1065 946 560 81 966 430 2029 1645 462 66 793 232 484 298 450 152 419
is_linear=0
shrinkage=0.05


Tree=49
num_leaves=31
num_cat=0
split_feature=28 28 28 9 8 28 5 29 10 24 5 28 10 1 28 28 12 26 28 10 28 1 10 28 7 28 7 10 5 17
split_gain=42204.8 13810 6360.44 5860.17 5518.28 4095.04 2869.09 2375.3 1731.06 1255.77 1249.34 1144.03 1000.46 815.723 735.195 694.379 678.635 629.838 512.418 497.341 465.632 375.907 343.511 332.473 308.064 288.16 270.026 252.885 244.851 227.692
threshold=74.500000000000014 53.500000000000007 112.50000000000001 -0.6035499870777129 546.50000000000011 29.500000000000004 1.3450000286102297 8.0500001907348651 -0.6035499870777129 655.41500854492199 3.0449999570846562 141.00000000000003 -0.6035499870777129 83.500000000000014 63.500000000000007 90.500000000000014 1.0000000180025095e-35 5.7500000000000009 14.500000000000002 -0.6035499870777129 9.5000000000000018 68.500000000000014 -0.6035499870777129 134.00000000000003 1020.3500061035157 70.500000000000014 1019.5499877929689 0.78654998540878307 0.98000001907348644 0.11950000002980234
decision_type=2 2 2 2 2 2 2 2 2 2 2 2 2 2 2 2 2 2 2 2 2 2 2 2 2 2 2 2 2 2
left_child=1 5 4 22 6 12 -2 15 17 -5 16 19 20 -8 27 -6 -10 -7 -14 -4 -1 29 25 -23 -15 -3 -9 -11 -20 -21
right_child=2 3 11 9 7 8 13 26 10 14 -12 -13 18 24 -16 -17 -18 -19 28 21 -22 23 -24 -25 -26 -27 -28 -29 -30 -31
leaf_value=-0.29451391468656823 0.028330587855536899 -0.041889326715850099 0.38705419042508443 0.028330587855536899 0.10389380614135163 -0.13486258480640723 0.10389380614135163 0.18820842175122343 -0.13486258480640723 -0.055042418491409631 -0.055042418491409631 0.51684463785049761 -0.32531148367321372 0.028330587855536899 0.0047763433008754562 0.14785077454119161 -0.090851090240820873 -0.055042418491409631 -0.21119296173965318 0.24476288193506554 -0.13486258480640723 0.18820842175122343 -0.055042418491409631 0.3127978483835856 0.10389380614135163 0.028330587855536899 0.14785077454119161 -0.023638263180237883 -0.13486258480640723 0.35404714478386778
leaf_weight=47 1796 227 54 2552 818 112 1331 747 1442 510 87 47 97 300 679 528 1150 1358 733 141 432 117 1709 54 84 216 249 318 45 72
leaf_count=47 686 101 18 1207 273 83 458 249 1398 255 67 18 97 115 314 176 1054 867 733 47 432 39 863 18 32 77 83 172 45 24
internal_value=0.00448055 -0.0517551 0.108416 -0.000653634 0.0939978 -0.109431 0.0543462 0.153441 -0.0847914 0.0283306 -0.109687 0.282419 -0.184934 0.102949 -0.0187779 0.107493 -0.12055 -0.0550424 -0.216948 0.257264 -0.134863 0.237213 -0.0550424 0.188208 0.0309919 -0.00167694 0.188208 -0.0520529 -0.203438 0.281704
internal_weight=18052 11714 6338 6211 5853 5503 3511 2342 4149 4059 2679 485 1354 1715 1507 1346 2592 1470 875 438 479 384 2152 171 384 443 996 828 778 213
internal_count=10048 7812 2236 2989 2072 4823 1291 781 3469 1948 2519 164 1354 605 741 449 2452 950 875 146 479 128 1041 57 147 178 332 427 778 71
is_linear=0
shrinkage=0.05


Tree=50
num_leaves=31
num_cat=0
split_feature=8 5 28 29 27 28 8 28 9 7 28 0 11 4 28 28 10 5 11 9 7 0 23 7 28 28 12 10 27 17
split_gain=39435.7 15022.3 10518.9 5003.95 4166.43 3936.8 3236.2 2054.63 2025.02 1461.8 1303.42 1195.11 1118.86 1102.03 1036.51 758.395 729.614 722.528 687.866 621.948 676.626 600.926 476.604 412.314 327.187 285.242 249.336 221.204 188.066 154.636
threshold=194.50000000000003 0.92500001192092907 83.500000000000014 13.449999809265138 11.250000000000002 42.500000000000007 598.50000000000011 113.50000000000001 -1.0000000180025095e-35 1019.4500122070314 18.500000000000004 19.94999980926514 -0.60784998536109913 -1.7549999952316282 55.500000000000007 50.500000000000007 -0.6035499870777129 -1.814999997615814 -0.60784998536109913 -0.6035499870777129 1014.6499938964845 28.44999980926514 80.500000000000014 1020.6499938964845 6.5000000000000009 77.500000000000014 1.0000000180025095e-35 -0.6035499870777129 2.4500000476837163 0.10549999773502351
decision_type=2 2 2 2 2 2 2 2 2 2 2 2 2 2 2 2 2 2 2 2 2 2 2 2 2 2 2 2 2 2
left_child=1 5 4 7 6 10 25 13 9 22 24 14 19 21 -3 26 -12 -18 -11 20 -5 -4 -7 -15 -1 -2 -10 -26 -9 -14
right_child=2 11 3 12 -6 8 -8 28 15 18 16 -13 29 23 -16 -17 17 -19 -20 -21 -22 -23 -24 -25 27 -27 -28 -29 -30 -31
leaf_value=-0.38963651873848659 0.01025435319897834 -0.11823180932443329 0.10287487866962081 0.45266990092263298 0.10287487866962081 -0.1154490373785928 0.064475667194020592 0.17569204279651163 -0.10517647923492804 0.0068907284442807585 -0.1154490373785928 0.01025435319897834 0.23267809569427123 0.17569204279651163 -0.018869988987357322 0.01025435319897834 -0.13318257723785157 -0.19018201690763556 -0.087861275450380236 0.52477783711751302 0.23267809569427123 0.17569204279651163 -0.0092653775609336624 0.10287487866962081 -0.19018201690763556 0.037365010196499467 -0.038942187392307731 -0.26439668043800024 0.23267809569427123 0.28746489575414946
leaf_weight=33 2374 344 944 67 540 1169 1730 57 205 355 473 2588 51 780 605 531 1144 729 416 75 60 333 172 147 188 922 463 184 246 132
leaf_count=33 1132 248 317 24 289 709 643 19 191 187 458 1278 17 260 292 279 1144 729 269 25 20 111 73 49 188 315 433 184 82 44
internal_value=0.00557592 -0.0637847 0.0842934 0.161649 0.0441006 -0.111711 0.0260765 0.135875 -0.0749826 -0.104445 -0.155915 0.0102544 0.329481 0.118706 -0.0479943 -0.0230856 -0.141616 -0.158245 -0.0442336 0.41061 0.343188 0.102875 -0.115449 0.162607 -0.238748 0.0102544 -0.0592686 -0.225363 0.232678 0.239928
internal_weight=18057 9599 8458 2892 5566 6062 5026 2507 3311 2112 2751 3537 385 2204 949 1199 2346 1873 771 202 127 1277 1341 927 405 3296 668 372 303 183
internal_count=10042 6695 3347 968 2379 4877 2090 838 2141 1238 2736 1818 130 737 540 903 2331 1873 456 69 44 428 782 309 405 1447 624 372 101 61
is_linear=0
shrinkage=0.05


Tree=51
num_leaves=31
num_cat=0
split_feature=28 10 29 28 28 12 24 10 7 28 5 24 4 1 28 10 28 5 0 28 10 20 0 5 3 5 28 5 1 10
split_gain=34748.7 11104.5 10247.4 5214.27 5070.13 4199.46 3324.81 2810.52 2412.91 1987.23 1412.7 2526.69 1300.43 1280.29 1078.22 1068.28 892.115 630.646 602.533 499.564 349.239 331.403 330.48 299.712 284.104 240.922 230.23 223.256 158.248 114.199
threshold=59.500000000000007 0.3793999999761582 10.750000000000002 33.500000000000007 91.500000000000014 1.0000000180025095e-35 230.41500091552737 -0.98295000195503224 1019.5499877929689 68.500000000000014 2.9450000524520878 424.58500671386724 -2.7749999761581416 68.500000000000014 16.500000000000004 -0.6035499870777129 49.500000000000007 0.98000001907348644 28.650000572204593 68.500000000000014 0.91595000028610241 6.7500000000000009 21.550000190734867 -3.0149999856948848 205.50000000000003 3.185000061988831 56.500000000000007 -2.3449999094009395 76.500000000000014 -0.6035499870777129
decision_type=2 2 2 2 2 2 2 2 2 2 2 2 2 2 2 2 2 2 2 2 2 2 2 2 2 2 2 2 2 2
left_child=3 2 4 14 9 7 22 13 -9 24 -3 -12 -11 -4 21 -16 25 27 -7 -13 -21 -1 -5 -18 -2 -8 -25 -17 -6 -23
right_child=1 10 5 6 28 18 16 8 -10 12 11 19 -14 -15 15 17 23 -19 -20 20 -22 29 -24 26 -26 -27 -28 -29 -30 -31
leaf_value=-0.35878388628046565 -0.0085950155005721628 -0.0085950155005721628 0.3660433069864909 -0.044114672206277294 0.1357813170100807 0.1357813170100807 -0.10230842818839153 0.28782336051604512 0.1357813170100807 0.024909180672977704 0.47589081764221197 -0.0085950155005721628 0.078659746686829957 0.75744757530016782 -0.10230842818839153 -0.147839764128993 -0.044114672206277294 -0.10230842818839153 0.39453846613566079 0.04293893482801564 0.12458951882608645 -0.18536383346003241 -0.0085950155005721628 -0.079810983838275923 0.024909180672977704 -0.079810983838275923 -0.046004498230702268 -0.18536383346003241 0.08862542767754647 -0.24832316388295392
leaf_weight=47 798 1881 45 762 1209 520 1718 747 182 1290 35 240 2660 39 471 454 514 62 39 467 182 131 745 947 346 43 615 606 135 127
leaf_count=47 387 898 15 630 403 190 1601 251 67 481 12 120 968 13 464 454 315 62 13 197 72 131 392 568 170 31 312 606 45 127
internal_value=0.00540657 0.0621653 0.0925298 -0.0793553 0.0645843 0.206978 -0.054071 0.2708 0.245757 0.0414695 -0.00859502 0.0591873 0.0584134 0.547767 -0.150546 -0.134056 -0.0796343 -0.164044 0.135781 0.0427816 0.0658363 -0.236672 -0.00859502 -0.0573135 -0.00859502 -0.102308 -0.0707836 -0.176616 0.135781 -0.214426
internal_weight=18057 10815 8010 7242 6438 1572 5344 1013 929 5094 2805 924 3950 84 1898 1593 3837 1122 559 889 649 305 1507 2076 1144 1761 1562 1060 1344 258
internal_count=10042 4302 3003 5740 2454 549 3849 346 318 2006 1299 401 1449 28 1891 1586 2827 1122 203 389 269 305 1022 1195 557 1632 880 1060 448 258
is_linear=0
shrinkage=0.05


Tree=52
num_leaves=31
num_cat=0
split_feature=8 5 28 29 27 28 8 28 9 28 7 7 28 11 4 28 28 23 9 7 10 5 0 7 28 28 10 26 10 1
split_gain=32133.9 12935 8631.43 4201.74 3817.44 2816.01 2781.17 1832.4 1608.07 1316.32 1370.93 1283.45 1004.65 973.697 960.865 736.556 725.192 572.887 563.115 610.608 510.12 500.729 489.142 354.093 268.869 252.492 229.877 202.948 169.595 152.642
threshold=194.50000000000003 0.50499999523162853 83.500000000000014 13.449999809265138 11.250000000000002 40.500000000000007 598.50000000000011 113.50000000000001 -1.0000000180025095e-35 60.500000000000007 1019.5499877929689 1019.4500122070314 18.500000000000004 -0.60784998536109913 -1.7549999952316282 52.500000000000007 50.500000000000007 80.500000000000014 -0.6035499870777129 1014.6499938964845 -0.6035499870777129 -1.814999997615814 28.44999980926514 1020.6499938964845 6.5000000000000009 48.500000000000007 0.78654998540878307 10.750000000000002 -0.6035499870777129 61.500000000000007
decision_type=2 2 2 2 2 2 2 2 2 2 2 2 2 2 2 2 2 2 2 2 2 2 2 2 2 2 2 2 2 2
left_child=1 5 4 7 6 12 -2 14 11 10 -3 17 24 18 22 -13 26 -7 19 -5 -14 -22 -4 -16 -1 27 -10 -12 -26 -15
right_child=2 9 3 13 -6 8 -8 -9 16 -11 25 15 20 29 23 -17 -18 -19 -20 -21 21 -23 -24 -25 28 -27 -28 -29 -30 -31
leaf_value=-0.35479622754183682 0.0091321433027842184 -0.012759394807776556 0.09279832048171871 0.41564522785926938 0.09279832048171871 -0.11017201592382815 0.057308949488342878 0.21112600610343757 -0.035957506456542561 0.0091321433027842184 -0.28091722915047096 -0.11017201592382815 -0.11017201592382815 0.21112600610343757 0.15861708042513914 -0.016126148362005124 0.0091321433027842184 0.0091321433027842184 0.48414778772989914 0.21112600610343757 -0.12394813237250878 -0.17482468699094464 0.15861708042513914 0.09279832048171871 -0.17482468699094464 -0.062475614244451728 -0.090474751337890014 -0.10829810125117259 -0.2401249234247339 0.28596733618473663
leaf_weight=33 3296 538 944 67 540 1171 1730 303 465 2111 19 125 429 114 780 586 431 152 75 60 980 669 333 147 185 1028 331 164 182 69
leaf_count=33 1447 379 317 24 289 719 643 101 428 935 19 125 422 38 260 302 226 63 25 20 980 669 111 49 185 550 331 147 182 23
internal_value=0.00490898 -0.0577019 0.0759662 0.146039 0.0395575 -0.105348 0.0218196 0.122421 -0.0748172 0.00913214 -0.0346509 -0.102088 -0.145527 0.299831 0.106108 -0.0416169 -0.0296107 -0.110172 0.375514 0.31136 -0.131559 -0.146911 0.0927983 0.147685 -0.21809 -0.0721084 -0.0586274 -0.12622 -0.205798 0.216289
internal_weight=18057 9599 8458 2892 5566 5739 5026 2507 3261 3860 1749 2034 2478 385 2204 711 1227 1323 202 127 2078 1649 1277 927 400 1211 796 183 367 183
internal_count=10042 6695 3347 968 2379 4665 2090 838 2194 2030 1095 1209 2471 130 737 427 985 782 69 44 2071 1649 428 309 400 716 759 166 367 61
is_linear=0
shrinkage=0.05


Tree=53
num_leaves=31
num_cat=0
split_feature=8 5 28 29 27 28 8 9 28 28 4 11 26 0 28 23 28 10 9 28 0 1 28 12 10 1 27 5 28 4
split_gain=28796.1 12202.8 7570.04 3790.36 3456.96 2693.28 2544.38 1854.07 1705.96 975.424 891.6 889.389 863.299 843.646 810.767 668.796 593.046 559.58 510.586 556.624 413.889 327.668 316.447 212.805 167.51 140.705 127.088 115.131 87.5101 84.8544
threshold=200.50000000000003 0.92500001192092907 83.500000000000014 13.449999809265138 11.250000000000002 42.500000000000007 598.50000000000011 -1.0000000180025095e-35 113.50000000000001 22.500000000000004 -1.7549999952316282 -0.60784998536109913 14.449999809265138 19.94999980926514 55.500000000000007 59.500000000000007 50.500000000000007 0.60354998707771312 -0.6035499870777129 141.00000000000003 28.44999980926514 75.500000000000014 6.5000000000000009 1.0000000180025095e-35 -0.6035499870777129 61.500000000000007 2.4500000476837163 -3.3049999475479122 77.500000000000014 0.70499998331069957
decision_type=2 2 2 2 2 2 2 2 2 2 2 2 2 2 2 2 2 2 2 2 2 2 2 2 2 2 2 2 2 2
left_child=1 5 4 8 6 9 28 12 10 22 20 18 -7 14 -3 -14 23 -11 19 -5 -4 -12 29 -9 -24 -13 -10 -19 -2 -1
right_child=2 13 3 11 -6 7 -8 16 26 17 21 25 15 -15 -16 -17 -18 27 -20 -21 -22 -23 24 -25 -26 -27 -28 -29 -30 -31
leaf_value=-0.41970104426145555 0.0092381735762754168 -0.10403717197152938 0.088162605119678841 0.20824878056844076 0.088162605119678841 -0.10060762515358027 0.054646631274477879 -0.092349516230794348 0.14987199467578668 -0.10060762515358027 0.14987199467578668 0.19990770314596623 -0.07779503275201316 0.0092381735762754168 -0.016248512085670592 -0.010596212296242285 0.0092381735762754168 -0.11819012364365529 0.45994039408365889 0.42112181186676029 0.14987199467578668 0.088162605119678841 -0.15152188523426463 -0.031199714412827609 -0.19846193388178759 0.27166898319686672 0.19990770314596623 -0.15152188523426463 0.031942402425376652 -0.25927324295043946
leaf_weight=15.999999999999998 2337 344 944 75 533 1049 1730 205 57 1245 810 114 572 2617 617 493 531 263 75 52 333 114 246 465 401 69 246 565 922 17
leaf_count=16 1114 248 317 25 285 652 643 191 19 1230 270 38 360 1292 297 227 279 263 25 19 111 38 246 434 401 23 82 565 315 17
internal_value=0.00490951 -0.0540514 0.0725277 0.138107 0.0382177 -0.0975091 0.0211307 -0.0671528 0.115651 -0.134062 0.0998363 0.284165 -0.0953373 0.00923817 -0.0417352 -0.0549824 -0.0175425 -0.117017 0.356498 0.295409 0.0881626 0.140478 -0.186027 -0.0499097 -0.178324 0.204322 0.199908 -0.149225 0.00923817 -0.337056
internal_weight=18057 9646 8411 2889 5522 6068 4989 3315 2504 2753 2201 385 2114 3578 961 1065 1201 2073 202 127 1277 924 680 670 647 183 303 828 3259 33
internal_count=10042 6718 3324 967 2357 4881 2072 2143 837 2738 736 130 1239 1837 545 587 904 2058 69 44 428 308 680 625 647 61 101 828 1429 33
is_linear=0
shrinkage=0.05


Tree=54
num_leaves=31
num_cat=0
split_feature=28 10 29 10 28 7 28 24 28 5 24 0 4 17 10 0 28 10 28 28 7 3 28 28 28 5 1 8 9 4
split_gain=26027.1 9185.3 8964.51 4475.23 4262.87 3525.34 3027.36 2383.48 2093.63 1460.58 1866 1457.29 1386.72 1295.31 723.755 589.436 477.947 477.695 420.165 402.81 393.716 368.236 355.327 336.891 315.084 296.219 290.534 261.197 258.689 223.377
threshold=56.500000000000007 0.3793999999761582 10.750000000000002 -0.98295000195503224 90.500000000000014 1016.7500000000001 29.500000000000004 190.41500091552737 68.500000000000014 3.4650000333786015 605.41500854492199 25.44999980926514 -2.7749999761581416 0.1225000023841858 -0.6035499870777129 21.550000190734867 42.500000000000007 0.78654998540878307 85.500000000000014 15.500000000000002 1019.2500000000001 205.50000000000003 70.500000000000014 9.5000000000000018 104.50000000000001 -1.5049999952316282 72.500000000000014 713.50000000000011 -1.0000000180025095e-35 -2.0549999475479122
decision_type=2 2 2 2 2 2 2 2 2 2 2 2 2 2 2 2 2 2 2 2 2 2 2 2 2 2 2 2 2 2
left_child=6 2 4 13 8 11 14 15 21 -3 -11 -5 -10 25 23 -8 -9 18 -12 -16 28 -2 -19 -1 -7 -4 -6 -28 -18 -22
right_child=1 9 3 5 26 24 7 16 12 10 17 -13 -14 -15 19 -17 20 22 -20 -21 29 -23 -24 -25 -26 -27 27 -29 -30 -31
leaf_value=-0.23634931432439929 -0.0142839338384885 -0.0142839338384885 0.2207792229122586 0.11468487673944905 0.11468487673944905 0.11468487673944905 -0.047139831596482398 -0.10085980868677216 0.017786666038196966 0.43251996338367465 -0.0142839338384885 0.27855781316757205 0.071010314268847186 0.70041791370936801 -0.25707804776471238 -0.0142839338384885 -0.083627631395826532 0.029671442171093076 0.13170396442766544 -0.15706396364107952 -0.047139831596482398 0.017786666038196966 0.13129760709501082 -0.10085980868677216 0.24719182167734421 0.42858687766054848 0.07208056040106002 0.11468487673944905 -0.047139831596482398 -0.083627631395826532
leaf_weight=47 1034 2422 27 141 1185 781 747 1307 1185 32 311 568 2597 42 116 523 341 160 54 762 188 576 186 452 84 47 270 57 593 1222
leaf_count=47 505 1167 9 51 395 294 650 1272 446 11 145 191 947 14 116 285 288 80 18 762 106 285 70 452 28 18 90 19 425 856
internal_value=0.00476261 0.0486942 0.0757102 0.178925 0.0504446 0.156837 -0.077262 -0.0589245 0.0294762 -0.0142839 0.0590191 0.242651 0.0498573 0.478639 -0.142795 -0.0142839 -0.0799957 0.042209 0.00230625 -0.170278 -0.0663955 -0.0142839 0.0843028 -0.10086 0.114685 0.352765 0.114685 0.0720806 -0.0471398 -0.0833954
internal_weight=18057 11759 8594 1690 6904 1574 6298 4921 5392 3165 743 709 3782 116 1377 1270 3651 711 365 878 2344 1610 346 499 865 74 1512 327 934 1410
internal_count=10042 4783 3292 605 2687 564 5259 3882 2183 1491 324 242 1393 41 1377 935 2947 313 163 878 1675 790 150 499 322 27 504 109 713 962
is_linear=0
shrinkage=0.05


Tree=55
num_leaves=31
num_cat=0
split_feature=28 10 24 28 10 28 7 25 9 27 5 1 7 28 0 28 28 10 11 1 28 5 11 8 11 28 1 14 9 1
split_gain=24138.6 7152.07 5771.27 3843.53 3357.91 2555.74 2281.35 1645.68 1522.85 1372.26 1264.15 1189.99 928.085 913.075 857.35 782.594 745.21 723.818 871.13 710.315 676.414 477.09 452.011 389.542 354.467 349.829 349.251 341.317 288.636 231.552
threshold=69.500000000000014 -0.78654998540878285 372.91499328613287 39.500000000000007 1.0000000180025095e-35 88.500000000000014 1017.5499877929689 4.8500001430511483 -1.0000000180025095e-35 3.5499999523162846 -0.84499999880790699 80.500000000000014 1021.1499938964845 78.500000000000014 21.94999980926514 22.500000000000004 55.500000000000007 -0.78654998540878285 -1.0000000180025095e-35 77.500000000000014 25.500000000000004 2.245000004768372 -0.87834998965263356 735.50000000000011 -0.60784998536109913 48.500000000000007 70.500000000000014 55.000000000000007 -0.37939999997615809 68.500000000000014
decision_type=2 2 2 2 2 2 2 2 2 2 2 2 2 2 2 2 2 2 2 2 2 2 2 2 2 2 2 2 2 2
left_child=1 7 6 20 5 9 11 25 12 23 -6 17 21 28 16 -9 -10 29 -19 -15 -3 -5 -8 -4 -14 -1 -7 -22 -12 -2
right_child=2 3 4 8 10 26 22 15 14 -11 13 -13 24 19 -16 -17 -18 18 -20 -21 27 -23 -24 -25 -26 -27 -28 -29 -30 -31
leaf_value=-0.20786494314670564 0.45670026510189743 -0.16667378872594821 0.017600040374863651 -0.089591696585673022 0.012216604224832171 0.12446450181169816 0.25829076094505116 -0.055246437721451103 -0.069546857081560817 0.089015530105965954 0.012216604224832171 0.12446450181169816 0.012216604224832171 0.12446450181169816 0.012216604224832171 0.012216604224832171 -0.013500037066275778 0.22863933409036569 0.49089078903198247 0.06195086183858485 -0.089591696585673022 0.012216604224832171 0.12446450181169816 0.058826387891155976 -0.056273484131705589 -0.077860935568809519 0.089015530105965954 -0.13761595852587213 0.06195086183858485 0.29870246540416373
leaf_weight=79 78 781 1624 1217 1159 1130 78 159 1043 996 283 73 256 320 533 2782 1094 263 36 312 819 142 290 336 698 150 396 576 300 33
leaf_count=61 26 781 585 797 498 377 26 159 896 351 140 27 135 107 410 1491 547 91 12 113 819 71 100 112 392 75 132 576 127 11
internal_value=0.00371723 -0.0462482 0.0706814 -0.0739765 0.0554376 0.0809954 0.193491 0.0122166 -0.0497667 0.0535666 0.0122166 0.266602 -0.0794642 0.0637003 -0.0240399 0.0122166 -0.0392167 0.300693 0.260215 0.105331 -0.129417 -0.0895917 0.124465 0.0286372 -0.0378156 -0.122709 0.124465 -0.108558 0.018571 0.409728
internal_weight=18036 10329 7707 7159 6856 4482 851 3170 4983 2956 2374 483 2313 1215 2670 2941 2137 410 299 632 2176 1359 368 1960 954 229 1526 1395 583 111
internal_count=10045 7210 2835 5424 2542 1557 293 1786 3248 1048 985 167 1395 487 1853 1650 1443 140 103 220 2176 868 126 697 527 136 509 1395 267 37
is_linear=0
shrinkage=0.05


Tree=56
num_leaves=31
num_cat=0
split_feature=28 10 24 28 28 0 5 9 25 27 4 0 28 7 28 28 7 28 8 5 26 11 7 10 8 18 10 7 5 11
split_gain=21591.6 6599.08 5181.69 3457.24 3187.58 2431.98 2967.07 1588.84 1502.73 969.871 891.182 859.04 821.543 798.077 661.245 624.954 604.453 415.634 376.623 359.445 342.061 330.113 320.026 313.921 257.322 254.674 202.371 198.957 196.876 186.137
threshold=69.500000000000014 -0.78654998540878285 497.91499328613287 40.500000000000007 90.500000000000014 27.849999427795414 0.37000000476837164 -1.0000000180025095e-35 7.0499999523162851 6.2500000000000009 -1.0549999475479124 21.94999980926514 52.500000000000007 1021.1499938964845 18.500000000000004 55.500000000000007 1020.6499938964845 72.500000000000014 708.50000000000011 2.245000004768372 5.7500000000000009 -0.60784998536109913 1018.3500061035157 0.60354998707771312 735.50000000000011 7.5499999523162851 0.3793999999761582 1021.2500000000001 -2.4350000619888301 -0.60784998536109913
decision_type=2 2 2 2 2 2 2 2 2 2 2 2 2 2 2 2 2 2 2 2 2 2 2 2 2 2 2 2 2 2
left_child=1 8 5 14 10 6 -2 13 12 18 24 15 20 19 -3 -9 -8 -12 -7 -5 -1 -15 23 -16 -4 -22 -6 -14 -24 -20
right_child=2 3 4 7 26 9 16 11 -10 -11 17 -13 27 21 22 -17 -18 -19 29 -21 25 -23 28 -25 -26 -27 -28 -29 -30 -31
leaf_value=-0.19653202304409612 0.094437448010313479 -0.18494892416166231 0.011514751079817026 -0.083805464193303467 0.094437448010313479 0.17927824897502587 0.17927824897502587 -0.064716871955755109 0.011514751079817026 0.40774340507311702 0.011514751079817026 0.011514751079817026 -0.022180650753455548 0.011514751079817026 -0.083805464193303467 -0.012071156861687304 0.094437448010313479 0.058398610598478853 0.30844606217883885 0.011514751079817026 -0.14069528936954964 -0.054570234462203708 -0.091733056835982263 -0.1343118434494234 0.058398610598478853 -0.066814063622930908 0.058398610598478853 -0.066814063622930908 -0.14369660352927036 0.22156490657653791
leaf_weight=90 698 344 2110 1212 1482 156 448 980 2326 78 335 490 306 256 671 1094 137 1639 105 142 113 691 245 322 276 175 165 160 712 78
leaf_count=66 254 344 834 792 494 52 157 833 1284 26 160 367 146 135 671 547 47 602 35 71 69 385 245 322 92 141 56 80 712 26
internal_value=0.00347628 -0.0437796 0.0668091 -0.0704351 0.044999 0.143876 0.109782 -0.0465755 0.0115148 0.248775 0.0223598 -0.0195068 -0.0558761 -0.0767382 -0.121035 -0.0356571 0.179278 0.0487764 0.212198 -0.0838055 -0.111447 -0.0366015 -0.10976 -0.0898754 0.0115148 -0.0848586 0.0944374 -0.0221807 -0.130394 0.263852
internal_weight=18036 10329 7707 7159 6007 1700 1283 4865 3170 417 4360 2564 844 2301 2294 2074 585 1974 339 1354 378 947 1950 993 2386 288 1647 466 957 183
internal_count=10045 7210 2835 5424 2238 597 458 3130 1786 139 1688 1747 502 1383 2294 1380 204 762 113 863 276 520 1950 993 926 210 550 226 957 61
is_linear=0
shrinkage=0.05


Tree=57
num_leaves=31
num_cat=0
split_feature=8 5 25 29 11 0 10 1 12 7 11 18 1 7 23 7 11 4 7 3 0 10 7 7 7 10 5 4 4 20
split_gain=19835.1 8694.73 4717.98 4541.67 3120.96 2218.96 1540.36 1347.75 1320.34 1305.57 1156.02 926.637 740.767 990.326 603.77 582.78 581.735 544.951 516.759 508.237 488.377 467.274 455.866 409.588 397.447 1178.17 489.703 371.229 337.043 308.755
threshold=142.50000000000003 0.50499999523162853 9.2500000000000018 10.750000000000002 -0.87834998965263356 27.750000000000004 -0.98295000195503224 57.500000000000007 -0.56175000965595234 1012.0499877929689 -0.60784998536109913 5.3500001430511483 90.500000000000014 1017.3500061035157 78.500000000000014 1020.0499877929689 -0.60784998536109913 -2.3449999094009395 1019.9500122070314 152.50000000000003 27.849999427795414 0.60354998707771312 1020.5499877929689 1023.3500061035157 1016.0499877929689 -0.91595000028610218 -1.705000042915344 0.64499998092651378 -1.8450000286102293 12.84999990463257
decision_type=2 2 2 2 2 2 2 2 2 2 2 2 2 2 2 2 2 2 2 2 2 2 2 2 2 2 2 2 2 2
left_child=1 9 7 8 17 6 -6 15 22 20 24 -7 -3 -14 23 -2 19 -5 -15 -9 27 -20 -4 -12 25 -11 -26 28 -1 -19
right_child=2 12 3 4 5 11 -8 16 -10 10 14 -13 13 18 -16 -17 -18 29 21 -21 -22 -23 -24 -25 26 -27 -28 -29 -30 -31
leaf_value=-0.31914364517267263 0.052495870389304561 0.0035538632180184024 0.10174115882078197 0.17120210304856301 0.18432593231639072 0.20268465320651352 0.10174115882078197 0.0035538632180184024 0.052495870389304561 -0.5468723242099468 -0.10883167683558473 0.43389844258626309 -0.15797614765186341 0.0035538632180184024 0.0035538632180184024 0.0035538632180184024 0.0035538632180184024 0.26541818591237765 -0.094540224713657556 0.052495870389304561 -0.058343569692727686 -0.0024927887653291465 0.052495870389304561 -0.057280531735372092 0.0035538632180184024 -0.066453630007246786 -0.056963601410240233 -0.4510018592531031 -0.160030702683714 0.36833476044061619
leaf_weight=56 751 2677 826 94 277 156 958 452 1989 12.999999999999998 3203 60 156 254 62 376 2156 171 303 329 37 253 269 438 306 696 501 22 68 127
leaf_count=28 261 1349 282 32 131 52 424 216 762 13 2827 20 110 143 26 165 942 57 198 129 15 142 105 344 210 567 379 14 56 46
internal_value=0.00339687 -0.0488808 0.0559885 0.0888835 0.150986 0.117167 0.101741 0.0161082 0.0524959 -0.0893298 -0.084727 0.266911 0.00355386 -0.0426173 -0.0997838 0.0524959 0.00355386 0.276168 -0.0204001 0.0482307 -0.220598 -0.0526553 0.101741 -0.10263 -0.0479492 -0.0752624 -0.0239527 -0.261718 -0.228135 0.309279
internal_weight=18036 9045 8991 4927 1843 1451 1235 4064 3084 5402 5219 216 3643 966 3703 1127 2937 392 810 781 183 556 1095 3641 1516 709 807 146 124 298
internal_count=10045 6421 3624 1911 762 627 555 1713 1149 4479 4366 72 1942 593 3197 426 1287 135 483 345 113 340 387 3171 1169 580 589 98 84 103
is_linear=0
shrinkage=0.05


Tree=58
num_leaves=31
num_cat=0
split_feature=28 24 28 28 0 9 24 10 7 28 28 9 28 29 4 10 18 9 3 9 9 28 11 3 10 27 26 0 17 4
split_gain=18111.6 5715.67 4066.7 3402.92 3154.18 2409.49 2393.41 1770.95 1463.28 1187.28 962.656 832.245 722.385 589.433 548.69 548.299 498.511 464.382 303.848 231.67 215.672 215.466 167.857 164.522 147.656 143.467 113.314 107.171 96.6022 56.8616
threshold=63.500000000000007 372.91499328613287 76.500000000000014 33.500000000000007 24.849999427795414 -1.0000000180025095e-35 235.41500091552737 -1.0000000180025095e-35 1017.5499877929689 109.50000000000001 52.500000000000007 -1.0000000180025095e-35 18.500000000000004 4.4500000476837167 -0.67500001192092884 -0.6035499870777129 6.8500001430511483 -0.6035499870777129 223.50000000000003 0.60354998707771312 1.0000000180025095e-35 6.5000000000000009 0.87834998965263378 18.500000000000004 -0.6035499870777129 4.9500000476837167 16.650000572204593 20.050000190734867 0.10750000178813936 0.70499998331069957
decision_type=2 2 2 2 2 2 2 2 2 2 2 2 2 2 2 2 2 2 2 2 2 2 2 2 2 2 2 2 2 2
left_child=3 4 11 12 20 8 -5 13 16 14 19 -3 21 26 -9 -14 -6 -12 23 -8 -2 29 -20 -17 -23 -19 -4 -21 -26 -1
right_child=1 2 7 6 5 -7 10 9 -10 -11 17 -13 15 -15 -16 18 -18 25 22 27 -22 24 -24 -25 28 -27 -28 -29 -30 -31
leaf_value=-0.36745720931461873 0.09334436905381259 0.00083373925743707167 0.032671735264178756 0.00083373925743707167 0.23754350625130596 0.58971886336803436 -0.070621768527722284 0.032671735264178756 0.1577583901709112 0.09334436905381259 -0.050855612386612341 0.032671735264178756 -0.070621768527722284 0.09334436905381259 0.063008052158995673 -0.11808774345070938 0.37344824359530499 -0.050855612386612341 -0.12799230424266811 -0.070621768527722284 0.1577583901709112 -0.12799230424266811 -0.074575186912222091 -0.070621768527722284 -0.22447815112335134 -0.025091951380372304 0.06682704889631004 -0.050855612386612341 -0.16506879068586197 -0.22947721630334855
leaf_weight=14.000000000000002 402 2511 426 1683 343 42 1562 1478 254 225 649 708 380 1958 806 183 84 611 640 211 120 195 148 93 46 1512 99 465 172 15.999999999999998
leaf_count=14 165 1120 144 1109 116 14 1312 557 86 75 342 323 374 653 286 183 28 305 640 199 52 195 148 93 46 801 33 444 172 16
internal_value=0.00327017 0.0509976 0.0358607 -0.0493301 0.150828 0.222172 -0.0326104 0.0645097 0.199504 0.0348734 -0.0510176 0.000833739 -0.108633 0.0933444 0.0326717 -0.091498 0.264279 -0.0310895 -0.113978 -0.0706218 0.0933444 -0.164487 -0.127992 -0.0706218 -0.155088 -0.025092 0.0403097 -0.0508556 -0.183528 -0.293868
internal_weight=18036 9456 8211 8580 1245 723 6693 4992 681 2509 5010 3219 1887 2483 2284 1444 427 2772 1064 2238 522 443 788 276 413 2123 525 676 218 30
internal_count=10045 3652 3191 6393 461 244 4512 1748 230 918 3403 1443 1881 830 843 1438 144 1448 1064 1955 217 443 788 276 413 1106 177 643 218 30
is_linear=0
shrinkage=0.05


Tree=59
num_leaves=31
num_cat=0
split_feature=28 28 24 10 28 28 4 4 10 5 27 23 8 5 24 1 7 10 1 27 7 28 10 1 25 8 7 7 8 7
split_gain=16327.6 6067.42 3574.64 3267.37 1789.18 1702.34 1483.36 1240.98 1062.22 1049.84 1004.93 900.414 676.088 672.858 641.973 593.527 531.306 558.341 307.774 287.196 263.729 252.423 235.484 314.859 203.856 193.341 167.038 172.369 154.406 146.746
threshold=76.500000000000014 53.500000000000007 407.08500671386724 -0.6035499870777129 22.500000000000004 100.50000000000001 -1.4850000143051145 1.8049999475479128 -0.6035499870777129 2.5449999570846562 11.050000190734865 77.500000000000014 735.50000000000011 -4.3450000286102286 275.41499328613287 82.500000000000014 1021.1499938964845 0.78654998540878307 72.500000000000014 5.0499999523162851 1018.5499877929689 8.5000000000000018 -0.78654998540878285 64.500000000000014 7.5499999523162851 713.50000000000011 1018.4500122070314 1016.7500000000001 252.50000000000003 1023.0499877929689
decision_type=2 2 2 2 2 2 2 2 2 2 2 2 2 2 2 2 2 2 2 2 2 2 2 2 2 2 2 2 2 2
left_child=1 4 11 29 21 6 12 16 10 13 20 -2 -4 -10 22 24 -5 -18 28 -9 -6 -1 23 -13 -8 -16 27 -23 -7 -3
right_child=2 3 5 7 8 18 15 19 9 -11 -12 14 -14 -15 25 -17 17 -19 -20 -21 -22 26 -24 -25 -26 -27 -28 -29 -30 -31
leaf_value=-0.24872426159527838 0.11894767864769221 0.022669253617480376 0.022669253617480376 -0.032909039389758775 -0.059332046258219417 0.080994222345044428 0.036002296459847608 -0.020767892406106814 -0.032909039389758775 -0.032909039389758775 -0.032909039389758775 0.39738094844515365 0.080994222345044428 -0.094570486239475574 0.16512856153822533 0.022669253617480376 -0.022096142866287825 0.022669253617480376 0.080994222345044428 0.022669253617480376 -0.097752445049975781 -0.14946463388839254 0.22277905814575427 0.23930249706147211 0.080994222345044428 0.2172888791066262 -0.15034993955076814 -0.097752445049975781 0.11894767864769221 -0.032909039389758775
leaf_weight=49 145 2160 1785 2046 440 42 345 437 450 143 661 63 405 2530 234 218 1058 389 240 278 520 162 132 63 1130 72 444 111 692 592
leaf_count=49 51 880 653 1066 307 14 116 215 428 109 472 21 135 2423 78 83 508 190 80 131 326 162 46 21 391 24 444 111 231 280
internal_value=0.00295743 -0.0288259 0.0741644 0.00220614 -0.0680242 0.0588552 0.0440298 -0.0286509 -0.0565753 -0.0741539 -0.032909 0.17904 0.0226693 -0.0845182 0.211309 0.0795633 -0.032909 0.000295955 0.117959 0.0226693 -0.0857551 -0.13893 0.269449 0.318342 0.0809942 0.165129 -0.131426 -0.100649 0.118948 0.0226693
internal_weight=18036 12470 5566 6960 5510 4857 3883 4208 4744 3123 1621 709 2190 2980 564 1693 3493 1447 974 715 960 766 258 126 1475 306 717 273 734 2752
internal_count=10045 8101 1944 3270 4831 1703 1378 2110 4065 2960 1105 241 788 2851 190 590 1764 698 325 346 633 766 88 42 507 102 717 273 245 1160
is_linear=0
shrinkage=0.05


Tree=60
num_leaves=31
num_cat=0
split_feature=28 28 9 10 7 28 28 5 11 8 28 0 28 27 24 24 5 1 0 28 7 24 21 0 28 10 18 7 10 17
split_gain=14979 5198.53 3575.39 3169.54 3397.14 2823.04 1499.86 1339.83 1164.33 915.465 884.163 709.029 703.502 547.415 537.427 499.388 449.58 465.597 403.836 401.562 305.452 283.726 238.314 221.925 218.306 201.147 183.192 182.381 151.714 145.488
threshold=76.500000000000014 53.500000000000007 -0.6035499870777129 -0.6035499870777129 1019.5499877929689 112.50000000000001 22.500000000000004 0.92500001192092907 1.0000000180025095e-35 569.00000000000011 137.00000000000003 19.550000190734867 91.500000000000014 6.2500000000000009 655.41500854492199 42.915000915527351 5.8949999809265146 82.500000000000014 28.550000190734867 63.500000000000007 1014.4500122070314 456.25000000000006 14.34999990463257 28.650000572204593 8.5000000000000018 -0.6035499870777129 6.4500000476837167 1018.4500122070314 0.78654998540878307 0.11950000002980234
decision_type=2 2 2 2 2 2 2 2 2 2 2 2 2 2 2 2 2 2 2 2 2 2 2 2 2 2 2 2 2 2
left_child=1 6 -3 4 13 7 24 9 11 -5 18 25 -11 21 -4 -10 17 -9 -7 28 -13 -2 -17 -15 -1 -8 -6 -26 -16 -20
right_child=3 2 14 5 26 10 8 16 15 12 -12 20 -14 23 19 22 -18 -19 29 -21 -22 -23 -24 -25 27 -27 -28 -29 -30 -31
leaf_value=-0.23076431441307066 0.24062470035089853 -0.030871150424500754 0.022216422330851446 0.022216422330851446 0.040295035301903148 0.1063945292707766 -0.061206449892892048 0.1063945292707766 -0.030871150424500754 0.044232012433949447 0.30797189009817028 -0.061206449892892048 0.1063945292707766 0.26135325175894181 -0.030871150424500754 -0.091541749361283342 0.022216422330851446 0.024470395366756284 0.15879133732500103 0.0058120078760646229 -0.030871150424500754 0.15188009375020078 -0.060671241575733684 0.3687813513206713 -0.091541749361283342 -0.091541749361283342 0.11526710098864985 -0.14307643467116923 -0.012529571274218066 0.22199964327946328
leaf_weight=50 126 2642 2654 1651 405 231 92 905 44 672 95 330 510 177 502 1376 131 196 78 780 1851 190 661 66 266 389 102 420 321 42
leaf_count=50 42 1236 1238 617 135 77 84 310 37 224 34 317 170 59 251 1213 45 69 26 352 1461 65 569 22 266 388 34 420 173 14
internal_value=0.00352528 -0.0271292 0.00174718 0.071562 0.149102 0.0532385 -0.0634895 0.0401367 -0.0531843 0.0222164 0.172652 -0.0312808 0.0662476 0.234107 0.0222164 -0.081203 0.0836851 0.0946651 0.136027 -0.0105924 -0.0308712 0.190718 -0.0874478 0.290531 -0.129899 -0.0915417 0.0553782 -0.122548 -0.0308712 0.211188
internal_weight=17955 12378 6899 5577 1066 4511 5479 4065 4743 2833 446 2662 1182 559 4257 2081 1232 1101 351 1603 2181 316 2037 243 736 481 507 686 823 120
internal_count=9998 8055 3250 1943 357 1586 4805 1435 4069 1011 151 2250 394 188 2014 1819 424 379 117 776 1778 107 1782 81 736 472 169 686 424 40
is_linear=0
shrinkage=0.05


Tree=61
num_leaves=31
num_cat=0
split_feature=8 5 28 8 11 7 28 9 4 28 23 8 24 4 7 7 0 28 3 28 17 10 0 1 7 7 28 9 28 23
split_gain=13414.3 6319.49 4065.11 2703.44 1888.8 1197.63 1310.12 1508.75 1141.41 1016.51 798.782 718.802 718.771 686.996 597.965 585.182 460.308 459.965 420.378 364.092 361.374 350.044 204.6 177.275 324.383 377.482 156.182 147.212 127.073 124.927
threshold=142.50000000000003 0.50499999523162853 99.500000000000014 665.50000000000011 -1.0000000180025095e-35 1012.0499877929689 42.500000000000007 -1.0000000180025095e-35 -1.705000042915344 137.00000000000003 81.500000000000014 705.50000000000011 109.58499908447267 -0.35500000417232508 1017.4500122070314 1014.3500061035157 27.849999427795414 18.500000000000004 23.500000000000004 78.500000000000014 0.14050000160932544 0.60354998707771312 24.94999980926514 92.500000000000014 1017.6499938964845 1019.9500122070314 50.500000000000007 -0.78654998540878285 6.5000000000000009 43.500000000000007
decision_type=2 2 2 2 2 2 2 2 2 2 2 2 2 2 2 2 2 2 2 2 2 2 2 2 2 2 2 2 2 2
left_child=1 5 3 4 8 16 17 10 -2 11 -8 13 -6 20 -5 19 18 28 -1 29 -4 -19 -20 -17 -25 -26 -9 -13 -7 -3
right_child=2 15 9 14 12 6 7 26 -10 -11 -12 27 -14 -15 -16 23 -18 21 22 -21 -22 -23 -24 24 25 -27 -28 -29 -30 -31
leaf_value=-0.13761812451304464 0.0031894435361322056 -0.25621486481498268 0.081256564437014026 0.081256564437014026 0.049022846259468386 -0.24226510082521746 -0.070126518578528252 -0.023028024168675259 0.049022846259468386 0.30943462977538239 0.0031894435361322056 0.15629178494469734 0.0031894435361322056 0.15229041029968388 0.049022846259468386 0.0031894435361322056 -0.038135949108335711 -0.070496076037295047 -0.43233412617728828 0.0031894435361322056 0.15229041029968388 -0.11152777962824748 -0.25805057727457847 -0.14331695940345526 0.0031894435361322056 -0.055403475952782458 0.0031894435361322056 0.21393519685262474 -0.13677664696860678 -0.12658709607473234
leaf_weight=45 1045 34 693 1087 223 31 1533 569 1536 74 92 117 3194 240 678 2770 36 1348 21 27 51 846 85 64 194 416 417 87 361 41
leaf_count=42 421 34 231 369 129 31 958 549 659 27 36 39 1398 80 241 1395 14 1346 14 9 17 846 46 54 110 263 221 29 361 29
internal_value=0.00341811 -0.0400288 0.0464077 0.0328777 0.0167891 -0.074479 -0.0700058 -0.0450219 0.0490228 0.129635 -0.0701265 0.118436 0.00318944 0.100727 0.0812566 0.00318944 -0.198797 -0.0952312 -0.2371 -0.128014 0.0812566 -0.0863178 -0.292578 0.00318944 -0.0362281 -0.0249926 0.00318944 0.203854 -0.145119 -0.185352
internal_weight=17955 8930 9025 7763 5998 5384 5197 2611 2581 1262 1625 1188 3417 984 1765 3546 187 2586 151 102 744 2194 106 3444 674 610 986 204 392 75
internal_count=9998 6358 3640 3217 2607 4464 4348 1764 1080 423 994 396 1527 328 610 1894 116 2584 102 72 248 2192 60 1822 427 373 770 68 392 63
is_linear=0
shrinkage=0.05


Tree=62
num_leaves=31
num_cat=0
split_feature=28 28 9 24 5 28 4 28 0 29 25 5 9 11 8 1 1 24 28 7 8 28 29 24 24 18 27 7 7 1
split_gain=12307.4 4329.15 3202.6 2433.11 1350.43 1297.03 1253.98 827.57 708.398 644.29 634.58 568.333 517.678 512.174 510.867 507.178 436.398 404.741 363.463 359.109 305.831 247.643 178.653 160.144 156.441 151.963 113.113 86.702 82.4964 68.1352
threshold=76.500000000000014 53.500000000000007 -0.6035499870777129 407.08500671386724 -0.044999999925494187 99.500000000000014 -1.4850000143051145 31.500000000000004 27.849999427795414 17.849999427795414 8.7500000000000018 -0.74500000476837147 1.0000000180025095e-35 1.0000000180025095e-35 735.50000000000011 86.500000000000014 82.500000000000014 655.41500854492199 63.500000000000007 1012.6499938964845 148.50000000000003 15.500000000000002 10.750000000000002 342.08500671386724 283.75000000000006 11.050000190734865 5.0499999523162851 1013.6499938964845 1015.9500122070314 75.500000000000014
decision_type=2 2 2 2 2 2 2 2 2 2 2 2 2 2 2 2 2 2 2 2 2 2 2 2 2 2 2 2 2 2
left_child=1 4 -3 8 7 6 14 21 11 12 15 -2 -9 -13 -5 23 -8 -4 26 -10 -7 25 -23 -6 -17 -1 -19 -21 -20 -22
right_child=3 2 17 5 10 20 16 9 19 -11 -12 13 -14 -15 -16 24 -18 18 28 27 29 22 -24 -25 -26 -27 -28 -29 -30 -31
leaf_value=-0.21816877703512871 0.10154935083099673 -0.027619909711432911 0.020524032752278931 0.020524032752278931 -0.061615548947257993 0.0697885939928998 0.0697885939928998 -0.0789724241675267 0.17945267677448135 -0.027619909711432911 -0.027619909711432911 0.17945267677448135 -0.046629069516114535 0.10154935083099673 0.0697885939928998 -0.11706880207260162 0.020524032752278931 -0.027619909711432911 -0.01111846384070006 0.35754151466565259 0.10154935083099673 -0.1148968182205034 -0.0789724241675267 -0.13701801622907323 -0.19903330752118067 -0.1248311275122117 -0.01111846384070006 0.2635096853429621 0.0053829820300327937 0.085668972411948263
leaf_weight=62 189 2642 2654 1757 98 84 1394 1070 75 179 713 306 1612 51 417 172 207 478 122 39 845 553 683 102 88 147 345 66 658 147
leaf_count=62 66 1236 1238 641 79 28 479 848 25 91 536 104 1489 17 139 158 78 239 54 13 282 553 683 74 85 147 185 22 298 49
internal_value=0.0035815 -0.0242051 0.00214626 0.0652532 -0.0573861 0.052477 0.0386738 -0.0713398 0.150622 -0.0557618 -0.0276199 0.122263 -0.0656382 0.169639 0.020524 -0.0956112 0.0697886 0.020524 -0.00975807 0.236642 0.100903 -0.102183 -0.0936714 -0.0616155 -0.144811 -0.15252 -0.0276199 0.298436 0.00538298 0.101549
internal_weight=17955 12378 6899 5577 5479 4851 3775 4306 726 2861 1173 546 2682 357 2174 460 1601 4257 1603 180 1076 1445 1236 200 260 209 823 105 780 992
internal_count=9998 8055 3250 1943 4805 1696 1337 3873 247 2428 932 187 2337 121 780 396 557 2014 776 60 359 1445 1236 153 243 209 424 35 352 331
is_linear=0
shrinkage=0.05


Tree=63
num_leaves=31
num_cat=0
split_feature=8 5 27 28 5 24 7 28 9 28 7 23 5 7 4 5 0 18 4 4 28 10 0 9 0 1 5 4 4 2
split_gain=11147.6 5530.45 4204.25 4599.42 4161.68 2795.48 1111.55 1042.4 1420.17 915.756 835.011 685.419 502.73 479.411 405.155 401.239 395.125 378.516 350.589 377.698 316.709 311.805 290.259 169.143 154.412 149.036 175.333 148.807 140.315 130.511
threshold=142.50000000000003 0.50499999523162853 13.750000000000002 77.500000000000014 -0.38499999046325678 547.08499145507824 1012.0499877929689 42.500000000000007 -1.0000000180025095e-35 93.500000000000014 1016.7500000000001 81.500000000000014 2.245000004768372 1014.3500061035157 -2.3049999475479122 -2.6350001096725459 27.849999427795414 19.349999427795414 0.64499998092651378 -1.8450000286102293 78.500000000000014 -0.6035499870777129 27.94999980926514 0.60354998707771312 24.550000190734867 75.500000000000014 0.15500000119209292 -0.38499999046325678 -0.30500000715255732 5.1250000000000009
decision_type=2 2 2 2 2 2 2 2 2 2 2 2 2 2 2 2 2 2 2 2 2 2 2 2 2 2 2 2 2 2
left_child=1 6 3 10 17 14 16 15 11 -7 29 -9 25 20 22 23 18 24 19 -1 -3 -17 -5 -8 -4 26 -6 -11 -15 -2
right_child=2 13 4 5 12 9 7 8 -10 27 -12 -13 -14 28 -16 21 -18 -19 -20 -21 -22 -23 -24 -25 -26 -27 -28 -29 -30 -31
leaf_value=-0.2860835389792919 0.037419179029109642 -0.17247970922787986 0.12321516145229219 0.084851333247050964 0.26218046850778837 0.037419179029109642 -0.097678824274986989 -0.064054007674377758 0.0034555719814908488 0.063728361555876981 0.0034555719814908488 0.0034555719814908488 0.69091154445301406 -0.051114445925884378 0.12321516145229219 -0.064640622905797654 -0.039171198341581559 0.374137463026187 -0.41306894904091246 -0.13134088872262359 0.0034555719814908488 -0.11644122718244879 0.12321516145229219 -0.064054007674377758 0.24867631223923958 0.50599515736103062 0.4508042880467007 0.084851333247050964 0.0034555719814908488 0.0034555719814908488
leaf_weight=60 431 75 196 261 22 2144 375 1533 986 837 3422 92 22 331 805 392 36 17 21 70 27 1122 177 697 42 32 28 246 3113 343
leaf_count=30 187 63 139 91 17 738 375 958 770 279 1575 36 8 189 269 390 14 12 14 58 9 1122 59 697 20 13 11 82 1633 140
internal_value=0.00366403 -0.0359425 0.0428536 0.0359077 0.210523 0.0713828 -0.0682558 -0.0639463 -0.0416608 0.0464875 0.00345557 -0.064054 0.478677 0.00345557 0.123215 -0.0864472 -0.188023 0.123215 -0.223511 -0.19289 -0.119008 -0.103029 0.0848513 -0.064054 0.123215 0.421736 0.36781 0.0848513 0.00345557 0.0374192
internal_weight=17955 8930 9025 8666 359 4470 5384 5197 2611 3227 4196 1625 104 3546 1243 2586 187 255 151 130 102 1514 438 1072 238 82 50 1083 3444 774
internal_count=9998 6358 3640 3420 220 1518 4464 4348 1764 1099 1902 994 49 1894 419 2584 116 171 102 88 72 1512 150 1072 159 41 28 361 1822 327
is_linear=0
shrinkage=0.05


Tree=64
num_leaves=31
num_cat=0
split_feature=28 29 10 28 7 4 9 28 24 1 18 17 8 27 11 7 8 2 28 9 7 28 7 24 17 11 4 10 7 7
split_gain=10095.5 4625.76 4844.55 3361.95 1486.98 1473.75 1293.27 1250.92 1251.04 841.835 1145.14 536.048 508.568 405.291 324.012 472.726 275.706 262.33 257.39 224.088 168.417 164.482 157.09 135.634 91.9817 87.35 81.7048 63.4608 43.5053 39.3487
threshold=56.500000000000007 12.650000095367433 -0.98295000195503224 76.500000000000014 1013.8500061035157 -2.445000052452087 -1.0000000180025095e-35 22.500000000000004 190.41500091552737 70.500000000000014 5.0499999523162851 0.1225000023841858 520.50000000000011 11.050000190734865 -0.60784998536109913 1014.7500000000001 583.50000000000011 5.4549999237060556 89.500000000000014 -1.0000000180025095e-35 1013.5499877929689 8.5000000000000018 1018.4500122070314 332.91499328613287 0.12949999421834948 -1.0000000180025095e-35 0.70499998331069957 -0.6035499870777129 1016.6499938964845 1013.3500061035157
decision_type=2 2 2 2 2 2 2 2 2 2 2 2 2 2 2 2 2 2 2 2 2 2 2 2 2 2 2 2 2 2
left_child=7 3 11 6 20 12 -2 21 13 10 -6 -3 -5 -9 15 -10 19 -7 -14 -16 29 26 23 28 27 -19 -1 -24 -23 -4
right_child=1 2 4 5 9 17 -8 8 14 -11 -12 -13 18 -15 16 -17 -18 25 -20 -21 -22 22 24 -25 -26 -27 -28 -29 -30 -31
leaf_value=-0.29401081879933677 -0.0082651989371672202 0.36438241958618167 0.16955768989794184 0.020788827375800123 0.074949188466665803 0.067472998903944426 0.020788827375800123 -0.0314497138876512 -0.074134444585878354 0.067472998903944426 0.19962814886395525 0.61169696220984826 0.038882947485668673 -0.0082651989371672202 -0.074134444585878354 -0.0314497138876512 -0.0314497138876512 0.020788827375800123 0.067472998903944426 -0.056368911654136857 0.32848246556061966 -0.11047444824289415 -0.10648127886755715 -0.14941084532317253 -0.074134444585878354 0.045753208027135978 -0.15453491313116893 -0.14941084532317253 -0.074134444585878354 0.24677122433980309
leaf_weight=14.999999999999998 3716 50 33 1091 514 2384 1673 447 248 413 287 39 486 1132 606 922 122 186 507 2060 52 128 145 28 68 218 35 207 110 33
leaf_count=15 1729 19 11 405 178 829 799 326 244 176 102 13 162 927 504 670 61 62 169 1773 18 128 145 28 68 74 35 207 110 11
internal_value=0.0035797 0.0310536 0.115601 0.019345 0.0917371 0.0494453 -0.00786764 -0.047584 -0.0394435 0.0752667 0.119622 0.472756 0.0207888 -0.0082652 -0.0546342 -0.0325508 -0.0639017 0.067473 0.0569771 -0.068326 0.261186 -0.108825 -0.102444 -0.0741344 -0.121506 0.0240334 -0.196378 -0.131848 -0.0741344 0.208164
internal_weight=17955 11682 1421 10261 1332 4872 5389 6273 5537 1214 801 89 2084 1579 3958 1170 2788 2788 993 2666 118 736 686 266 420 404 50 352 238 66
internal_count=9998 4757 528 4229 496 1701 2528 5241 4505 456 280 32 736 1253 3252 914 2338 965 331 2277 40 736 686 266 420 136 50 352 238 22
is_linear=0
shrinkage=0.05


Tree=65
num_leaves=31
num_cat=0
split_feature=8 5 27 28 5 24 7 11 28 9 28 7 22 7 4 11 10 5 28 9 1 7 1 23 3 7 23 7 0 7
split_gain=9337.8 5706.88 3997.13 3974.44 3769.63 2472.19 1076.22 923.543 838.819 752.837 720.32 697.677 694.569 574.088 432.604 496.428 418.423 354.177 352.081 294.304 271.031 225.814 146.922 111.987 45.7641 45.6394 42.8483 356.76 51.9408 42.0676
threshold=180.50000000000003 0.92500001192092907 13.750000000000002 77.500000000000014 -0.38499999046325678 547.08499145507824 1012.0499877929689 -0.60784998536109913 42.500000000000007 1.0000000180025095e-35 90.500000000000014 1016.5499877929689 19.250000000000004 1019.5499877929689 0.64499998092651378 -0.87834998965263356 -0.91595000028610218 2.245000004768372 18.500000000000004 -0.6035499870777129 70.500000000000014 1019.0499877929689 74.500000000000014 49.500000000000007 264.50000000000006 1023.5499877929689 23.500000000000004 1017.1499938964845 21.650000572204593 1020.3500061035157
decision_type=2 2 2 2 2 2 2 2 2 2 2 2 2 2 2 2 2 2 2 2 2 2 2 2 2 2 2 2 2 2
left_child=1 6 3 11 12 13 14 8 9 -8 -7 -2 -4 -5 15 19 25 22 -18 -1 -12 -10 24 -17 -6 -9 27 28 -3 -29
right_child=2 26 4 5 17 10 7 16 21 -11 20 -13 -14 -15 -16 23 18 -19 -20 -21 -22 -23 -24 -25 -26 -27 -28 29 -30 -31
leaf_value=-0.32320127383522368 0.036357157166561183 -0.2185742888185713 0.12274553815960568 0.12274553815960568 0.39403470910113791 0.036357157166561183 -0.27649049557918731 0.0052016814901637322 -0.028791327688424517 -0.059353234503699108 0.083360779901191673 0.0052016814901637322 0.43763943785115295 0.083360779901191673 -0.3562707515778365 -0.15906850099563599 -0.12132838710227556 0.61996587117513025 -0.068254454422501581 -0.11759985142520496 0.055432850754270097 0.0052016814901637322 0.48641325024997495 -0.052555405365096203 0.28917307759586136 -0.075135293563432778 0.0052016814901637322 -0.047141479586787299 -0.11226376831531525 -0.019147773379757441
leaf_weight=46 608 27 210 936 23 1767 43 64 543 557 984 3235 19 273 27 34 342 27 3620 28 378 622 34 90 19 33 3138 165 20 209
leaf_count=23 252 26 139 314 9 599 43 42 342 552 328 1490 12 91 17 27 342 10 3023 28 126 378 14 44 14 26 1598 92 15 98
internal_value=0.00302884 -0.0307563 0.0411597 0.0342578 0.211233 0.0675126 -0.0612236 -0.0570783 -0.026884 -0.0749147 0.043976 0.00520168 0.122746 0.122746 -0.168523 -0.142921 -0.0702079 0.46441 -0.0728358 -0.245406 0.0745085 -0.00214715 0.409147 -0.0817606 0.346597 0.00520168 0.00520168 -0.0434972 -0.173336 -0.0271806
internal_weight=18121 9608 8513 8181 332 4338 6049 5824 1765 600 3129 3843 229 1209 225 198 4059 103 3962 74 1362 1165 76 124 42 97 3559 421 47 374
internal_count=10114 6716 3398 3200 198 1458 4887 4748 1315 595 1053 1742 151 405 139 122 3433 47 3365 51 454 720 37 71 23 68 1829 231 41 190
is_linear=0
shrinkage=0.05


Tree=66
num_leaves=31
num_cat=0
split_feature=28 10 28 4 5 8 24 25 28 9 7 28 28 24 7 28 10 11 5 24 28 7 29 4 4 10 7 1 1 28
split_gain=8350.79 3365.82 2517.88 2171.81 1721.23 1355.98 1303.97 1054.3 935.913 759.944 618.716 551.164 492.933 434.722 432.679 431.148 271.006 272.824 267.004 240.662 215.837 195.323 329.361 176.915 165.774 128.971 115.048 112.58 102.957 95.746
threshold=69.500000000000014 -0.78654998540878285 112.50000000000001 -1.4850000143051145 2.5449999570846562 713.50000000000011 547.08499145507824 4.8500001430511483 33.500000000000007 -1.0000000180025095e-35 1022.0499877929689 84.500000000000014 137.00000000000003 655.41500854492199 1019.8500061035157 60.500000000000007 -0.6035499870777129 -1.0000000180025095e-35 -2.3449999094009395 966.25000000000011 48.500000000000007 1023.5499877929689 25.35000038146973 -0.054999999701976769 -0.085000000894069658 0.78654998540878307 1021.4500122070314 75.500000000000014 60.500000000000007 65.500000000000014
decision_type=2 2 2 2 2 2 2 2 2 2 2 2 2 2 2 2 2 2 2 2 2 2 2 2 2 2 2 2 2 2
left_child=1 7 3 5 8 -2 -5 20 18 10 -10 19 16 -7 -6 -11 -4 23 -3 -8 -1 -9 29 -18 -20 -16 -22 -13 -14 -23
right_child=2 4 12 6 14 13 11 21 9 15 -12 27 28 -15 25 -17 17 -19 24 -21 26 22 -24 -25 -26 -27 -28 -29 -30 -31
leaf_value=-0.16481843643229119 0.0079758080079807003 -0.068166075779652446 0.19114763181392394 0.092002277166287075 0.0079758080079807003 0.092002277166287075 0.036409576127849771 0.0079758080079807003 -0.068166075779652446 -0.035936794561147033 -0.011006377542878695 0.067261694029363536 0.33726889292399087 0.044761527047801231 -0.047749152452025163 0.0079758080079807003 0.092002277166287075 0.19114763181392394 -0.068166075779652446 0.0079758080079807003 -0.047416002378629987 -0.047416002378629987 0.0079758080079807003 0.17841013619676233 -0.11445429756995194 -0.0045545188960080087 -0.115377533778832 0.046479744076072305 0.22056986036754789 -0.019720097185324643
leaf_weight=88 2941 558 63 959 451 267 1424 2362 1445 2304 474 710 27 360 439 330 231 69 44 326 106 486 47 60 866 285 42 228 63 66
leaf_count=68 1115 558 21 337 267 89 556 1323 949 1979 270 237 11 120 220 165 77 23 44 137 53 280 27 20 866 149 21 78 21 33
internal_value=0.00292913 -0.0263397 0.0422913 0.0346812 -0.045597 0.00797581 0.0618244 0.00797581 -0.0564045 -0.0452109 -0.0681661 0.0425211 0.149323 0.0815472 0.00797581 -0.0277665 0.126716 0.108929 -0.0911212 0.0256978 -0.102808 0.00797581 -0.0422397 0.0920023 -0.10796 -0.0307457 -0.0659366 0.0672617 0.25558 -0.047416
internal_weight=18121 10393 7728 7215 7196 3568 3647 3197 6021 4553 1919 2688 513 627 1175 2634 423 360 1468 1750 236 2961 599 291 910 724 148 938 90 552
internal_count=10114 7272 2842 2669 5467 1324 1345 1805 4831 3363 1219 1008 173 209 636 2144 141 120 1468 693 142 1663 340 97 910 369 74 315 32 313
is_linear=0
shrinkage=0.05


Tree=67
num_leaves=31
num_cat=0
split_feature=8 5 27 5 7 29 28 1 7 11 28 18 4 11 10 28 27 4 5 7 8 7 1 3 1 3 20 23 18 7
split_gain=7564.83 4928.36 3592.29 3447.36 3357.75 3235.75 1472.56 1191.24 1000.27 802.23 725.714 632.936 382.284 444.643 376.778 367.51 379.297 336.187 319.645 294.28 225.313 206.516 194.005 160.159 132.597 125.185 106.065 96.4211 46.7975 38.8052
threshold=180.50000000000003 0.92500001192092907 13.750000000000002 -0.38499999046325678 1016.7500000000001 8.7500000000000018 91.500000000000014 55.500000000000007 1012.0499877929689 -0.60784998536109913 42.500000000000007 19.250000000000004 0.64499998092651378 -0.87834998965263356 -0.91595000028610218 73.500000000000014 3.5499999523162846 -2.8749999999999996 2.245000004768372 1018.1499938964845 700.50000000000011 1019.0499877929689 92.500000000000014 32.500000000000007 74.500000000000014 71.500000000000014 8.4499998092651385 49.500000000000007 7.2500000000000009 1014.3500061035157
decision_type=2 2 2 2 2 2 2 2 2 2 2 2 2 2 2 2 2 2 2 2 2 2 2 2 2 2 2 2 2 2
left_child=1 8 4 11 5 7 15 26 12 10 22 -4 13 23 -11 -6 -17 -16 24 25 -21 -12 -10 -1 28 -8 -2 -15 -5 -3
right_child=2 29 3 18 6 -7 19 -9 9 14 21 -13 -14 27 17 16 -18 -19 -20 20 -22 -23 -24 -25 -26 -27 -28 -29 -30 -31
leaf_value=-0.15868568992292562 0.038853685419576678 -0.09817279941157292 0.11466766816672942 0.27609022344861711 0.004958926243585713 0.11466766816672942 0.043397670929078036 0.004958926243585713 -0.047471783975507963 0.004958926243585713 -0.026981330669054532 0.41608751824027612 -0.33580921833161959 -0.14910295693313375 -0.11653812315398858 0.016794819433161769 0.043397670929078036 -0.062384008152645831 0.58856880929734978 0.043397670929078036 0.11466766816672942 0.004958926243585713 -0.1070155705426824 -0.30580178679445308 0.46169379178215481 0.11466766816672942 0.072170148876949711 -0.050269009272257498 0.38164709919974921 0.004958926243585713
leaf_weight=37 260 95 210 21 2503 1113 72 1005 389 97 543 19 27 34 311 1417 743 3651 27 321 105 622 211 37 34 129 513 90 21 3464
leaf_count=32 87 61 139 11 1206 404 24 366 387 68 342 12 17 27 156 499 258 3209 10 107 35 378 208 19 14 43 171 44 12 1768
internal_value=0.00300321 -0.0274059 0.0373237 0.198555 0.0307807 0.0741113 0.00710039 0.0296726 -0.0558738 -0.0518774 -0.023736 0.114668 -0.159318 -0.135251 -0.0641144 0.00495893 0.0286307 -0.0666349 0.440791 0.0818364 0.0571049 -0.000727277 -0.0684113 -0.232244 0.38829 0.114668 0.0721701 -0.0773686 0.328869 0.00495893
internal_weight=18121 9608 8513 332 8181 2891 5290 1778 6049 5824 1765 229 225 198 4059 4663 2160 3962 103 627 426 1165 600 74 76 201 773 124 42 3559
internal_count=10114 6716 3398 198 3200 1028 2172 624 4887 4748 1315 151 139 122 3433 1963 757 3365 47 209 142 720 595 51 37 67 258 71 23 1829
is_linear=0
shrinkage=0.05


Tree=68
num_leaves=31
num_cat=0
split_feature=8 11 3 3 7 29 2 7 8 8 4 25 9 21 7 1 3 21 9 1 10 1 1 25 21 10 21 27 7 1
split_gain=6879.5 2916.98 2553.41 3200.32 2480.54 2524.24 1100.62 894.401 1039.06 879.179 664.579 521.238 459.242 397.594 380.683 372.888 450.63 352.244 506.003 324.272 291.532 270.291 270.197 599.848 264.488 537.549 256.378 255.934 313.698 233.776
threshold=520.50000000000011 0.60784998536109935 276.50000000000006 57.500000000000007 1016.7500000000001 8.6500000953674334 1.0950000286102297 1019.5499877929689 427.50000000000006 103.50000000000001 1.435000002384186 12.750000000000002 0.60354998707771312 10.750000000000002 1019.4500122070314 69.500000000000014 338.50000000000006 11.84999990463257 -0.78654998540878285 52.500000000000007 -0.91595000028610218 68.500000000000014 84.500000000000014 10.250000000000002 6.8500001430511483 -0.98295000195503224 13.84999990463257 4.0499999523162851 1018.8500061035157 80.500000000000014
decision_type=2 2 2 2 2 2 2 2 2 2 2 2 2 2 2 2 2 2 2 2 2 2 2 2 2 2 2 2 2 2
left_child=1 2 3 7 5 19 -7 8 -1 15 24 -6 21 -9 27 16 -4 -8 -19 -2 -17 -12 -5 -24 29 -26 -11 -13 -29 -3
right_child=4 10 9 22 11 6 17 13 -10 26 12 14 -14 -15 -16 20 -18 18 -20 -21 -22 -23 23 -25 25 -27 -28 28 -30 -31
leaf_value=-0.064460396629352226 0.079335489831250772 -0.2584292783055987 -0.33817684629133771 0.021781534752571097 0.021781534752571097 0.41714954830351331 0.10987417910312375 -0.071218075914154383 0.021781534752571097 -0.024162181616398729 -0.063193079353647028 0.04906767707284073 -0.060119916087887582 0.021781534752571097 0.04906767707284073 -0.27674779593944548 -0.075267486541699138 0.1424066942692058 0.22072966149931303 0.02548792120621883 -0.062134829705295463 0.021781534752571097 -0.026899585853171534 0.021781534752571097 0.021781534752571097 -0.066159746225543561 0.021781534752571097 0.11369532674551011 0.26585948155039835 -0.11169692245679244
leaf_weight=1833 546 35 28 3488 1969 42 199 133 240 117 94 63 263 764 162 15.999999999999998 39 258 303 573 1438 320 1345 546 147 2710 202 175 42 31
leaf_count=1252 182 18 18 1487 764 14 71 86 96 71 47 21 174 460 55 15 20 88 103 196 1344 152 821 340 80 1923 118 63 14 21
internal_value=0.00293333 -0.0143344 -0.000664802 0.0110857 0.0578975 0.100285 0.167986 -0.0331317 -0.0511808 -0.0539826 -0.0530232 0.0241249 -0.00838441 0.00858032 0.0763538 -0.0698108 -0.18514 0.154217 0.174939 0.0517621 -0.0644965 0.0217815 0.0217815 -0.0080942 -0.063362 -0.061076 0.0214864 0.116701 0.143146 -0.162318
internal_weight=18121 13789 10189 8349 4332 1921 802 2970 2073 1840 3600 2411 677 897 442 1521 67 760 561 1119 1454 414 5379 1891 2923 2857 319 280 217 66
internal_count=10114 8543 6128 4542 1571 654 276 1894 1348 1586 2415 917 373 546 153 1397 38 262 191 378 1359 199 2648 1161 2042 2003 189 98 77 39
is_linear=0
shrinkage=0.05


Tree=69
num_leaves=31
num_cat=0
split_feature=28 10 27 18 28 9 9 28 24 0 25 25 12 8 8 10 9 27 24 11 12 11 29 7 7 28 28 12 28 12
split_gain=6448.94 2581.14 3524.91 2375.04 2113.2 1598.84 1511.63 1350.32 1450.09 1032.91 950.553 799.94 993.177 614.035 481.699 386.63 347.804 331.108 321.12 283.237 279.458 246.627 235.526 223.554 191.986 190.012 179.394 171.211 160.179 151.898
threshold=63.500000000000007 1.0000000180025095e-35 6.2500000000000009 8.1500000953674334 91.500000000000014 -1.0000000180025095e-35 -1.0000000180025095e-35 29.500000000000004 235.41500091552737 27.750000000000004 12.34999990463257 10.949999809265138 0.81174999475479137 730.50000000000011 569.00000000000011 -0.6035499870777129 -1.0000000180025095e-35 2.4500000476837163 414.58500671386724 -0.87834998965263356 1.0000000180025095e-35 -1.0000000180025095e-35 19.050000190734867 1018.4500122070314 1014.6499938964845 113.50000000000001 71.500000000000014 1.0000000180025095e-35 4.5000000000000009 1.0000000180025095e-35
decision_type=2 2 2 2 2 2 2 2 2 2 2 2 2 2 2 2 2 2 2 2 2 2 2 2 2 2 2 2 2 2
left_child=7 2 4 9 13 25 -5 15 -9 22 -8 18 29 19 16 28 -10 -6 -7 -2 -20 -17 -4 -23 -18 -3 -15 -25 -1 -13
right_child=1 5 3 6 17 11 10 8 14 -11 -12 12 -14 26 -16 21 24 -19 20 -21 -22 23 -24 27 -26 -27 -28 -29 -30 -31
leaf_value=-0.23086223785693827 0.029933217837577894 0.0017047541718603898 0.091613553733732242 0.22086273723638483 0.052695821179869068 0.13089677553764506 0.29902475774288179 0.0017047541718603898 -0.046516643276658665 0.22086273723638483 0.66671329889542019 0.22275315448641778 0.46965053876241047 0.029933217837577894 -0.01630722332276531 -0.12994375888513043 -0.046516643276658665 0.091613553733732242 0.076368179423924612 0.0017047541718603898 0.0017047541718603898 -0.046516643276658665 0.15623814548505854 -0.065345508935582691 -0.02852502491297253 0.15622934510310493 0.052695821179869068 -0.12801406192136747 -0.046516643276658665 0.13089677553764506
leaf_weight=12.999999999999998 459 2686 522 71 441 55 32 1935 1642 111 39 46 27 139 408 307 266 975 245 2666 185 139 51 234 2994 90 618 204 482 39
leaf_count=13 170 1169 179 26 147 23 13 1337 1080 37 13 19 9 51 188 307 252 327 107 1025 86 139 17 234 2208 30 206 204 482 16
internal_value=0.00314342 0.0315674 0.0510672 0.147138 0.036089 0.00170475 0.333218 -0.0281579 -0.0195262 0.108508 0.500995 0.084583 0.205024 0.0170173 -0.0343192 -0.0735071 -0.0407428 0.0883743 0.0567698 0.00717061 0.0410937 -0.0937376 0.0916136 -0.0744736 -0.0287164 0.00170475 0.0526958 -0.0945336 -0.0465166 0.130897
internal_weight=18121 9497 6124 826 5298 3373 142 8624 7245 684 71 597 112 3882 5310 1379 4902 1416 485 3125 430 884 573 577 3260 2776 757 438 495 85
internal_count=10114 3670 2211 285 1926 1459 52 6444 5065 233 26 260 44 1452 3728 1379 3540 474 216 1195 193 884 196 577 2460 1199 257 438 495 35
is_linear=0
shrinkage=0.05


Tree=70
num_leaves=31
num_cat=0
split_feature=28 10 10 6 3 5 26 24 9 27 18 28 0 28 9 7 7 0 28 7 21 10 18 28 7 28 7 1 28 1
split_gain=6208.31 2148.44 1835.39 2026.96 1699.1 1379.35 1005.54 958.624 2122.12 2042.56 850.514 723.137 720.382 569.61 581.235 570.809 491.881 460.485 584.076 386.148 369.749 321.604 304.965 302.055 286.422 274.601 246.354 236.838 231.877 208.486
threshold=69.500000000000014 -0.78654998540878285 -0.6035499870777129 697.50000000000011 71.500000000000014 2.5449999570846562 5.7500000000000009 497.91499328613287 0.3793999999761582 7.8500001430511483 3.6499999761581425 90.500000000000014 27.650000572204593 33.500000000000007 -1.0000000180025095e-35 1021.5499877929689 1023.5499877929689 28.349999427795414 102.50000000000001 1014.3500061035157 25.149999618530277 0.78654998540878307 6.0499999523162851 60.500000000000007 1019.9500122070314 49.500000000000007 1022.2500000000001 75.500000000000014 137.00000000000003 97.500000000000014
decision_type=2 2 2 2 2 2 2 2 2 2 2 2 2 2 2 2 2 2 2 2 2 2 2 2 2 2 2 2 2 2
left_child=1 6 3 10 17 13 25 8 28 -10 -2 21 22 26 15 -15 -8 -4 -19 -7 -18 -9 -5 -16 -21 -1 29 -13 -6 -3
right_child=2 5 4 12 7 19 16 11 9 -11 -12 27 -14 14 23 -17 20 18 -20 24 -22 -23 -24 -25 -26 -27 -28 -29 -30 -31
leaf_value=-0.1730075812475248 0.1121198227868756 -0.061381023074303945 0.007467238929699813 0.019870215877389512 0.085223143081765207 -0.19616995801528295 0.007467238929699813 0.012505035044142894 0.15644779917510118 0.61034985566750555 0.22617534265435976 0.085223143081765207 0.1121198227868756 -0.056505957792851148 -0.029851631933386649 -0.0056623515707968815 -0.049988336235034257 0.029896102538915011 0.11920591203165261 0.007467238929699813 0.007467238929699813 0.053512202851318927 0.072697236891469424 0.007467238929699813 -0.027219131602768731 -0.054021661894188992 -0.12824832262691629 0.053512202851318927 0.2060683345794678 -0.14526853373368517
leaf_weight=88 155 1186 2312 927 186 24 2396 1382 68 39 290 564 312 1347 2268 559 563 529 231 458 20 317 247 324 680 108 186 155 65 79
leaf_count=67 53 1186 905 315 69 23 1337 544 26 13 97 188 104 888 1957 318 318 178 77 259 13 128 87 162 347 54 186 52 24 79
internal_value=0.00335975 -0.0221306 0.0370651 0.0793304 0.0231092 -0.037505 0.00746724 0.0526956 0.129056 0.321889 0.172942 0.0413898 0.0512972 -0.0472795 -0.0384921 -0.056506 0.00746724 0.00746724 0.052325 0.00746724 -0.0467111 0.0236021 0.0332747 -0.022984 0.00746724 -0.107444 -0.0745198 0.0834223 0.0852231 -0.0666198
internal_weight=18065 10286 7779 1931 5848 7111 3175 2776 358 107 445 2418 1486 5949 4498 1906 2979 3072 760 1162 583 1699 1174 2592 1138 196 1451 719 251 1265
internal_count=10054 7194 2860 656 2204 5405 1789 1044 132 39 150 912 506 4776 3325 1206 1668 1160 255 629 331 672 402 2119 606 121 1451 240 93 1265
is_linear=0
shrinkage=0.05


Tree=71
num_leaves=31
num_cat=0
split_feature=28 10 6 28 27 11 9 28 24 7 25 28 1 10 3 5 4 25 27 9 18 29 20 1 28 28 7 24 17 17
split_gain=5484.97 2815.74 2561.58 2111.89 1426.68 1153.11 1019.93 913.798 1152.7 858.421 991.106 779.768 620.464 524.877 426.578 320.395 377.545 264.405 258.698 227.384 295.535 227.104 178.28 156.407 148.977 148.444 143.619 131.846 69.4406 68.6795
threshold=59.500000000000007 -0.6035499870777129 692.50000000000011 91.500000000000014 14.949999809265138 -0.60784998536109913 -0.37939999997615809 22.500000000000004 221.25000000000003 1019.9500122070314 7.5499999523162851 137.00000000000003 74.500000000000014 -0.98295000195503224 170.50000000000003 -4.2550001144409171 2.1250000000000004 17.750000000000004 10.449999809265138 -1.0000000180025095e-35 5.2500000000000009 13.949999809265138 7.2500000000000009 54.500000000000007 8.5000000000000018 77.500000000000014 1019.5499877929689 332.91499328613287 0.093499999493360533 0.10750000178813936
decision_type=2 2 2 2 2 2 2 2 2 2 2 2 2 2 2 2 2 2 2 2 2 2 2 2 2 2 2 2 2 2
left_child=7 2 4 6 5 13 -3 24 18 10 23 12 14 -2 -5 28 21 -7 -9 25 -21 -17 -12 -4 29 -11 27 -26 -10 -1
right_child=1 3 9 11 -6 17 -8 8 15 19 22 -13 -14 -15 -16 16 -18 -19 -20 20 -22 -23 -24 -25 26 -27 -28 -29 -30 -31
leaf_value=-0.23372802904673984 0.31353938093984174 -0.0024164414445173284 0.045780135358095907 0.053250404705331947 0.49828216058236585 0.089587425466529536 0.026828479465553806 -0.020783407833692504 -0.053526226414493977 -0.0024164414445173284 0.045780135358095907 0.21186052514361098 0.026828479465553806 0.17569255684293919 0.11804539172777109 -0.053526226414493977 -0.020783407833692504 0.25049901803334557 -0.0024164414445173284 -0.0024164414445173284 0.089587425466529536 -0.020783407833692504 0.089587425466529536 -0.0024164414445173284 -0.053526226414493977 0.030042670129073992 -0.10424946793604509 -0.11995309580036601 -0.020783407833692504 -0.11995309580036601
leaf_weight=21 30 4455 86 1041 27 412 1389 544 103 672 155 77 407 335 336 3092 339 30 1466 43 98 137 583 294 370 360 280 52 799 32
leaf_count=21 12 1877 29 347 9 172 637 376 72 280 56 28 138 119 112 2465 180 10 1168 15 35 74 197 117 370 120 280 52 654 32
internal_value=0.00317822 0.0256969 0.0657295 0.00946047 0.140758 0.128797 -0.00241644 -0.0305298 -0.0244644 0.0384165 0.0697664 0.0560734 0.0493494 0.195875 0.0690609 -0.0391504 -0.0462219 0.0895874 -0.00241644 0.00853655 0.0680934 -0.0525224 0.0895874 0.00197285 -0.0825881 0.000399429 -0.0764853 -0.0580636 -0.0207834 -0.163421
internal_weight=18065 10830 3125 7705 834 807 5844 7235 6480 2291 1118 1861 1784 365 1377 4470 3568 442 2010 1173 141 3229 738 380 755 1032 702 422 902 53
internal_count=10054 4310 1171 3139 322 313 2514 5744 4989 849 399 625 597 131 459 3445 2719 182 1544 450 50 2539 253 146 755 400 702 422 726 53
is_linear=0
shrinkage=0.05


Tree=72
num_leaves=31
num_cat=0
split_feature=28 10 5 10 7 28 7 5 7 25 28 11 7 9 25 9 7 3 28 7 1 26 0 6 3 3 11 9 1 7
split_gain=5009.41 2237.29 2396.17 1425.33 1960.68 1124.28 1047.45 971.867 930.076 825.95 779.697 677.064 842.357 506.189 498.603 398.11 375.802 348.551 335.572 333.324 295.014 294.596 220.955 208.12 194.754 162.437 136.681 135.254 133.566 129.434
threshold=76.500000000000014 -0.6035499870777129 2.5449999570846562 -0.6035499870777129 1019.5499877929689 112.50000000000001 1021.3500061035157 1.5950000286102297 1011.8500061035157 20.750000000000004 61.500000000000007 -0.60784998536109913 1018.8500061035157 -1.0000000180025095e-35 12.550000190734865 -0.6035499870777129 1023.3500061035157 209.50000000000003 137.00000000000003 1015.9500122070314 65.500000000000014 10.250000000000002 30.150000572204593 1032.5000000000002 32.500000000000007 199.50000000000003 1.0000000180025095e-35 -0.98295000195503224 85.500000000000014 1016.6499938964845
decision_type=2 2 2 2 2 2 2 2 2 2 2 2 2 2 2 2 2 2 2 2 2 2 2 2 2 2 2 2 2 2
left_child=1 6 8 4 17 7 -1 22 14 10 13 12 -10 -8 24 19 -13 23 20 25 27 -9 -5 29 -3 -4 -25 -7 -23 -2
right_child=3 2 15 5 -6 18 9 21 11 -11 -12 16 -14 -15 -16 -17 -18 -19 -20 -21 -22 28 -24 26 -26 -27 -28 -29 -30 -31
leaf_value=0.013732464434570999 0.16792351939324021 -0.18334078933253434 -0.19889787208466303 0.013732464434570999 0.023796934557360098 0.14363653138934637 -0.11572110449044926 0.013732464434570999 -0.061968350771029294 0.013732464434570999 -0.013287268943403208 -0.060973917260276636 0.007460170468621994 -0.042042635425444952 -0.014157867890137893 0.013732464434570999 -0.020882847010187191 0.035735978241320014 0.20126750190536696 -0.019015073846845379 0.064147058759477016 0.064147058759477016 0.060485903994511751 0.057551565269629158 -0.35150354579091075 -0.031185189702294093 0.15001401388000729 0.087702420353889476 0.03893976159702401 0.22976801634811964
leaf_weight=2971 276 33 42 2505 534 81 368 177 692 111 602 3493 1185 636 26 1100 702 54 77 434 153 922 354 60 36 22 66 117 114 122
leaf_count=1667 92 23 18 903 178 27 184 61 596 49 261 2825 728 424 20 573 483 20 28 213 51 318 118 20 22 11 22 39 39 41
internal_value=0.00295943 -0.0147158 -0.0311829 0.0421808 0.0928709 0.0296547 0.0125596 0.0215522 -0.0455255 -0.0253683 -0.040307 -0.0430967 -0.0181363 -0.0690483 -0.200763 0.0137325 -0.054265 0.156687 0.106742 -0.0347235 0.0860056 0.060725 0.0137325 0.169151 -0.271078 -0.141247 0.113147 0.131763 0.0641471 0.186881
internal_weight=18065 12453 7765 5612 1112 4500 4688 4072 6167 1717 1606 6072 1877 1004 95 1598 4195 578 428 498 351 1213 2859 524 69 64 126 198 1036 398
internal_count=10054 8097 5512 1957 373 1584 2585 1439 4697 918 869 4632 1324 608 65 815 3308 195 145 242 117 418 1021 175 45 29 42 66 357 133
is_linear=0
shrinkage=0.05


Tree=73
num_leaves=31
num_cat=0
split_feature=8 5 11 6 23 1 8 28 11 9 1 24 29 28 28 4 4 10 23 9 9 26 27 10 27 8 9 20 9 4
split_gain=4449.52 4086.09 1550.13 1235.05 1199.64 1131.84 759.495 726.9 724.511 717.696 670.753 639.535 549.318 543.655 410.185 373.579 371.812 298.537 221.565 216.325 417.759 208.448 200.319 178.498 173.801 167.196 164.96 151.036 91.1744 69.5615
threshold=520.50000000000011 -0.35500000417232508 0.60784998536109935 887.50000000000011 60.500000000000007 60.500000000000007 188.50000000000003 66.500000000000014 -0.87834998965263356 -0.78654998540878285 83.500000000000014 117.91500091552736 7.9500000476837167 25.500000000000004 75.500000000000014 -3.254999995231628 1.1150000095367434 -0.91595000028610218 27.500000000000004 -0.37939999997615809 -0.6035499870777129 9.9499998092651385 8.7500000000000018 -0.6035499870777129 2.4500000476837163 725.50000000000011 -0.6035499870777129 12.84999990463257 0.60354998707771312 0.10500000044703485
decision_type=2 2 2 2 2 2 2 2 2 2 2 2 2 2 2 2 2 2 2 2 2 2 2 2 2 2 2 2 2 2
left_child=1 4 18 5 10 12 -6 16 9 25 11 -1 -2 27 -5 -8 23 -13 -3 20 -14 -18 -11 -4 -16 -7 -15 -12 29 -9
right_child=3 2 7 14 6 8 15 28 -10 22 13 17 19 26 24 -17 21 -19 -20 -21 -22 -23 -24 -25 -26 -27 -28 -29 -30 -31
leaf_value=-0.030584364979747959 0.055245736429652019 -0.038637635307770847 -0.13092768157173873 0.017978396299611187 -0.030584364979747959 0.049563098717073817 -0.0083840857488509443 -0.01636150500088027 0.049563098717073817 0.15634523442387582 -0.091393049649557495 -0.13214910793653195 0.13192419962536903 -0.053687122829687919 0.031526866469343322 0.017978396299611187 -0.091140510128178739 -0.078237868837846059 0.017978396299611187 0.10619412788854164 0.23555225688964129 -0.019163319745922228 0.27190727869669601 -0.066287307196692707 0.049563098717073817 0.14026161689384312 -0.030584364979747959 -0.053687122829687919 -0.019163319745922228 0.017978396299611187
leaf_weight=211 182 521 157 934 894 95 615 165 1003 100 531 329 248 226 567 928 109 1170 4475 76 160 471 60 334 909 51 2002 176 44 322
leaf_count=165 61 318 90 390 494 32 234 66 369 34 531 213 85 125 189 384 66 842 2237 32 54 292 20 213 303 17 1863 176 22 137
internal_value=0.00308824 -0.0109609 0.01735 0.0469177 -0.0373369 0.0762302 -0.00892612 -0.0312219 0.0495631 0.126503 -0.0522426 -0.0771349 0.129297 -0.0377398 0.022896 0.0138162 -0.0549373 -0.0900703 0.0179784 0.157143 0.172563 -0.0278314 0.199681 -0.0869564 0.0450753 0.0495631 -0.0305844 -0.0767899 0.0166106 0.0179784
internal_weight=18065 13680 6598 4385 7082 1975 2437 1602 1309 306 4645 1710 666 2935 2410 1543 1071 1499 4996 484 408 580 160 491 1476 146 2228 707 531 487
internal_count=10054 8468 3441 1586 5027 704 1112 886 472 103 3915 1220 232 2695 882 618 661 1055 2555 171 139 358 54 303 492 49 1988 707 225 203
is_linear=0
shrinkage=0.05


Tree=74
num_leaves=31
num_cat=0
split_feature=28 10 4 24 4 27 5 26 25 8 5 28 7 10 11 28 23 7 23 4 24 10 4 24 26 10 7 23 18 20
split_gain=4018.84 1680.48 1482.26 1241.66 1581.24 1245.1 1104.7 906.98 817.394 741.236 461.251 432.7 420.725 770.767 679.906 365.671 344.953 315.399 286.229 270.302 264.487 259.994 215.954 204.452 236.715 199.374 199.142 191.726 162.394 117.172
threshold=69.500000000000014 -0.78654998540878285 -1.955000042915344 501.25000000000006 2.0249999761581425 6.2500000000000009 2.5449999570846562 19.849999427795414 5.8500001430511483 721.50000000000011 -4.4349999427795401 84.500000000000014 1017.2500000000001 0.60354998707771312 0.60784998536109935 107.50000000000001 104.50000000000001 1014.3500061035157 68.500000000000014 -2.8749999999999996 137.91500091552737 0.78654998540878307 -0.50499999523162831 772.91500854492199 5.7500000000000009 -0.6035499870777129 1019.9500122070314 43.500000000000007 3.1499999761581425 16.050000190734867
decision_type=2 2 2 2 2 2 2 2 2 2 2 2 2 2 2 2 2 2 2 2 2 2 2 2 2 2 2 2 2 2
left_child=1 8 7 4 9 -6 10 16 18 20 19 21 13 -12 -14 29 -2 27 23 -3 -4 25 -13 24 -1 -5 -19 -8 -11 -9
right_child=2 6 3 11 5 -7 17 15 -10 28 12 22 14 -15 -16 -17 -18 26 -20 -21 -22 -23 -24 -25 -26 -27 -28 -29 -30 -31
leaf_value=-0.12253002316904177 0.0064647960783476306 -0.084444870835686303 0.11628646210645961 0.036083641246925605 0.082427268847823143 0.49641554923284625 -0.30170724902834206 0.047801546309850784 0.0064647960783476306 0.12339248616869253 -0.036038243205869104 0.038565491472393604 -0.021954192193734155 -0.11345775491921579 -0.065314437951701151 0.15754002555599059 0.047801546309850784 0.0064647960783476306 -0.028837202859580975 0.0064647960783476306 0.06356308840770751 0.038565491472393604 0.06356308840770751 -0.20540430925109168 -0.057649665596819714 0.0064647960783476306 -0.024538335094146213 -0.015057462453842164 0.21609871284936066 0.10321137954436531
leaf_weight=166 2948 83 68 591 32 42 14.000000000000002 170 2734 96 753 475 2689 561 1362 123 159 458 60 501 841 317 686 33 182 1099 680 9.9999999999999982 93 39
leaf_count=106 1104 44 23 202 12 14 14 57 1528 32 686 162 1993 467 1130 41 55 259 30 456 296 128 229 19 106 461 347 9 31 13
internal_value=0.00316003 -0.0173487 0.0302783 0.0497115 0.0936813 0.317394 -0.0310996 0.0064648 0.0064648 0.0786041 -0.0399135 0.0334449 -0.0445069 -0.0690918 -0.0365325 0.0891383 0.0064648 0.0064648 -0.0641392 0.00228484 0.0635631 0.0193905 0.0577405 -0.0864621 -0.0751831 0.00990793 0.0064648 -0.18227 0.16901 0.0488827
internal_weight=18065 10286 7779 4340 1172 74 7111 3439 3175 1098 5949 3168 5365 1314 4051 332 3107 1162 441 584 909 2007 1161 381 348 1690 1138 24 189 209
internal_count=10054 7194 2860 1590 408 26 5405 1270 1789 382 4776 1182 4276 1153 3123 111 1159 629 261 500 319 791 391 231 212 663 606 23 63 70
is_linear=0
shrinkage=0.05


Tree=75
num_leaves=31
num_cat=0
split_feature=28 29 10 28 4 7 5 9 25 0 18 29 0 5 10 1 17 9 29 28 7 11 26 9 7 9 4 0 23 1
split_gain=3903 2725.01 5101.29 1541.97 939.777 838.28 828.779 785.874 709.558 491.084 787.287 477.11 447.287 434.268 334.291 326.045 321.28 319.143 290.849 285.469 277.08 274.862 210.265 199.96 147.082 116.155 154.173 105.049 100.547 68.2181
threshold=53.500000000000007 12.650000095367433 -0.98295000195503224 75.500000000000014 -1.955000042915344 1013.8500061035157 0.069999998435378089 -1.0000000180025095e-35 8.7500000000000018 27.750000000000004 5.0499999523162851 19.050000190734867 28.44999980926514 -3.2350000143051143 -0.78654998540878285 85.500000000000014 0.1225000023841858 -1.0000000180025095e-35 19.050000190734867 47.500000000000007 1020.9500122070314 -0.87834998965263356 9.6500000953674334 -1.0000000180025095e-35 1013.3500061035157 0.78654998540878307 0.94499999284744274 25.94999980926514 26.500000000000004 74.500000000000014
decision_type=2 2 2 2 2 2 2 2 2 2 2 2 2 2 2 2 2 2 2 2 2 2 2 2 2 2 2 2 2 2
left_child=6 3 16 7 12 24 11 -2 15 18 -11 13 -5 14 19 23 -3 20 -7 -1 -15 -19 29 -8 -4 26 -17 -26 -27 -6
right_child=1 2 5 4 22 9 8 -9 -10 10 -12 -13 -14 17 -16 25 -18 21 -20 -21 -22 -23 -24 -25 27 28 -28 -29 -30 -31
leaf_value=-0.099914069305401296 -0.0069702021063631622 0.31416413321423886 0.10982215255498887 0.011010088314518527 0.011010088314518527 0.045353561350946273 -0.2135184209597738 0.011010088314518527 -0.0069702021063631622 0.096956907545915794 0.29694719565542121 -0.0069702021063631622 0.045353561350946273 -0.15588184517148318 -0.026937910309683406 -0.13038053754239509 0.47565503873323139 -0.026937910309683406 0.096956907545915794 -0.026937910309683406 -0.054792244441625552 -0.060392495610377531 0.045353561350946273 -0.041127888485538382 0.16436294592343845 -0.21250459915254175 -0.041127888485538382 0.28197155643153832 -0.11579089695826555 0.028941992051367306
leaf_weight=291 3674 67 48 2186 423 994 19 2059 649 60 57 190 428 151 1160 78 57 259 157 164 123 2101 2179 165 39 41 63 37 78 119
leaf_count=201 1794 27 16 789 144 382 12 998 481 20 19 110 144 139 1134 74 19 234 63 82 103 1985 758 126 13 41 56 13 71 42
internal_value=0.00283757 0.0182251 0.0810931 0.00961402 0.0289904 0.0537183 -0.0321655 -0.0069702 -0.0069702 0.0453536 0.14856 -0.0424367 0.0110101 -0.0469056 -0.0269379 -0.0752856 0.388398 -0.059424 0.0453536 -0.0698037 -0.110502 -0.0534938 0.0453536 -0.0411279 0.178343 -0.112734 -0.0820324 0.22162 -0.149112 0.0125304
internal_weight=18116 12584 1516 11068 5335 1392 5532 5733 1093 1268 117 4439 2614 4249 1615 444 124 2634 1151 455 274 2360 2721 184 124 260 141 76 119 542
internal_count=10090 5241 572 4669 1877 526 4849 2792 861 484 39 3988 933 3878 1417 380 46 2461 445 283 242 2219 944 138 42 242 130 26 112 186
is_linear=0
shrinkage=0.05


Tree=76
num_leaves=31
num_cat=0
split_feature=28 10 27 7 28 10 9 6 7 11 3 10 11 28 25 23 23 28 3 23 7 9 10 1 28 1 26 28 20 1
split_gain=3399.42 2157.49 2698.22 1714.08 1645.97 1191.75 805.384 714.818 675.667 657.831 673.905 658.159 604.12 528.834 441.854 428.744 397.481 340.471 338.702 325.588 365.416 374.852 400.989 309.005 356.336 258.073 587.884 231.147 202.976 199.237
threshold=56.500000000000007 -0.6035499870777129 9.3499999046325701 1016.0499877929689 99.500000000000014 -0.98295000195503224 -0.37939999997615809 892.50000000000011 1020.5499877929689 1.0000000180025095e-35 262.50000000000006 -0.6035499870777129 0.87834998965263378 137.00000000000003 7.8500001430511483 30.500000000000004 69.500000000000014 63.500000000000007 345.50000000000006 66.500000000000014 1022.5499877929689 -1.0000000180025095e-35 -0.91595000028610218 69.500000000000014 101.50000000000001 83.500000000000014 11.34999990463257 71.500000000000014 6.4500000476837167 95.500000000000014
decision_type=2 2 2 2 2 2 2 2 2 2 2 2 2 2 2 2 2 2 2 2 2 2 2 2 2 2 2 2 2 2
left_child=9 2 3 14 6 -4 -3 8 -5 10 15 29 16 23 -2 -1 -7 -8 -13 20 25 22 -22 24 -6 26 -11 -9 -23 -12
right_child=1 4 5 7 13 12 17 27 -10 19 11 18 -14 -15 -16 -17 -18 -19 -20 -21 21 28 -24 -25 -26 -27 -28 -29 -30 -31
leaf_value=-0.070505251591687634 0.013162164573486035 -0.0039585323412429469 0.36494056038234546 0.088856697860851375 0.027300434597991804 0.10648429840180902 -0.0039585323412429469 -0.0039585323412429469 0.021765286129974203 -0.10529535929649481 -0.0039585323412429469 -0.091418048066811433 0.3489330275853475 0.18198514926580736 0.10648429840180902 -0.0039585323412429469 0.1954846606714519 0.027300434597991804 -0.024804798746160393 -0.0039585323412429469 -0.2951744544506073 -0.14442284089677476 -0.09772811135691073 0.027300434597991804 0.090581790678950835 -0.028541696703142549 -0.026997925702864991 0.021765286129974203 -0.050083802486245492 -0.091147353809694173
leaf_weight=298 130 5317 69 543 213 158 793 616 598 406 414 558 30 81 458 1826 127 935 290 315 40 68 72 363 558 1416 244 756 353 71
leaf_count=279 49 2210 25 207 71 63 400 278 262 311 317 544 12 29 155 1353 44 412 282 176 20 68 52 121 186 1359 180 254 303 68
internal_value=0.00276936 0.0187215 0.0517133 0.0362315 0.00480181 0.176737 -0.00395853 0.0181923 0.0474891 -0.0266386 -0.0118876 -0.0417333 0.135512 0.0585594 0.106484 -0.00395853 0.113046 0.0273004 -0.0686376 -0.0441382 -0.0500373 -0.0869489 -0.168245 0.0497433 0.0690471 -0.0405146 -0.0665972 -0.00395853 -0.0653215 -0.00395853
internal_weight=18116 11745 3485 3101 8260 384 7045 2513 1141 6371 3457 1333 315 1215 588 2124 285 1728 848 2914 2599 533 112 1134 771 2066 650 1372 421 485
internal_count=10090 4778 1349 1205 3429 144 3022 1001 469 5312 2843 1211 119 407 204 1632 107 812 826 2469 2293 443 72 378 257 1850 491 532 371 385
is_linear=0
shrinkage=0.05


Tree=77
num_leaves=31
num_cat=0
split_feature=8 5 7 29 7 28 23 7 2 6 21 9 17 5 28 18 11 11 24 10 9 28 0 10 8 27 29 7 28 18
split_gain=3048.7 2974.96 1478.06 1419.51 1189.15 983.126 957.857 1245.97 762.362 430.016 426.15 570.621 494.998 384.898 364.656 327.444 368.561 302.479 297.929 288.309 271.755 271.166 202.332 182.365 173.743 136.33 116.947 99.066 88.5924 86.1911
threshold=520.50000000000011 0.069999998435378089 1016.7500000000001 8.6500000953674334 1022.2500000000001 61.500000000000007 60.500000000000007 1019.0499877929689 1.0950000286102297 432.50000000000006 14.34999990463257 1.0000000180025095e-35 0.097500000149011626 -1.2450000047683714 109.50000000000001 4.8500001430511483 1.0000000180025095e-35 0.60784998536109935 937.08499145507824 -1.0000000180025095e-35 -1.0000000180025095e-35 104.50000000000001 28.94999980926514 0.60354998707771312 843.50000000000011 2.4500000476837163 17.849999427795414 1022.1499938964845 90.500000000000014 4.2500000000000009
decision_type=2 2 2 2 2 2 2 2 2 2 2 2 2 2 2 2 2 2 2 2 2 2 2 2 2 2 2 2 2 2
left_child=1 6 3 17 -3 19 10 14 -5 -4 11 12 -1 -13 -8 22 -17 24 -7 20 -6 26 -10 -12 28 -23 -11 -25 -2 -21
right_child=2 4 9 8 5 18 7 -9 15 21 23 13 -14 -15 -16 16 -18 -19 -20 29 -22 25 -24 27 -26 -27 -28 -29 -30 -31
leaf_value=-0.21911793005081917 0.014916668621540436 0.014916668621540436 0.17745538731900656 0.344932956662443 -0.12888687115275499 0.014916668621540436 -0.023936256741947534 0.014916668621540436 0.076647379423603848 0.014916668621540436 -0.023936256741947534 -0.03860366082062449 -0.073840921481538244 -0.084077764625344817 0.014916668621540436 0.123579658377172 0.22738318733964091 0.076647379423603848 -0.021248721744065072 -0.053860785770390579 -0.056030824281228964 0.049100194926041243 0.123579658377172 -0.03860366082062449 0.076647379423603848 0.096186027970273508 0.049100194926041243 -0.023936256741947534 0.042712102090420367 -0.021248721744065072
leaf_weight=62 479 4089 41 36 198 659 1417 1050 317 2117 941 1633 1080 466 213 183 63 236 202 232 362 42 255 613 75 114 149 241 294 257
leaf_count=35 162 2003 14 12 99 278 640 516 110 804 762 1552 747 451 71 66 21 81 90 162 240 14 85 497 25 38 65 200 98 152
internal_value=0.00262166 -0.00899749 0.0388308 0.0715327 0.0149167 -0.0247968 -0.0295851 -0.00543607 0.119744 0.0149167 -0.0424364 -0.0532711 -0.0817281 -0.0386037 -0.0239363 0.109833 0.158072 0.0335508 0.0147985 -0.057296 -0.0817906 0.0149167 0.0890876 -0.0239363 0.0194989 0.0832837 0.0149167 -0.0386037 0.0149167 -0.0292448
internal_weight=18116 13715 4401 1938 5999 1910 7716 2680 854 2463 5036 3241 1142 2099 1630 818 246 1084 861 1049 560 2422 572 1795 848 156 2266 854 773 489
internal_count=10090 8495 1595 660 3024 1021 5471 1227 294 935 4244 2785 782 2003 711 282 87 366 368 653 339 921 195 1459 285 52 869 697 260 314
is_linear=0
shrinkage=0.05


Tree=78
num_leaves=31
num_cat=0
split_feature=1 5 24 29 10 25 24 7 24 11 7 18 5 10 6 28 28 8 7 5 11 7 11 28 10 17 25 6 10 8
split_gain=2834.45 2767.01 2924.8 2164.37 1752.3 1566.2 1185.47 1354.55 1253.26 1061.5 1415.83 872.691 726.809 630.646 2154.78 676.885 612.594 551.289 530.423 513.177 502.734 480.383 436.3 304.177 288.971 266.175 249.119 235.599 211.12 168.174
threshold=72.500000000000014 2.5449999570846562 271.25000000000006 23.050000190734867 1.0000000180025095e-35 7.5499999523162851 114.58499908447267 1019.6499938964845 501.25000000000006 -0.87834998965263356 1017.2500000000001 18.849999427795414 -0.095000002533197389 -0.91595000028610218 417.50000000000006 63.500000000000007 63.500000000000007 142.50000000000003 1010.0499877929689 0.50499999523162853 -0.60784998536109913 1016.9500122070314 0.60784998536109935 90.500000000000014 -0.91595000028610218 0.088500000536441817 11.84999990463257 787.50000000000011 -0.78654998540878285 759.50000000000011
decision_type=2 2 2 2 2 2 2 2 2 2 2 2 2 2 2 2 2 2 2 2 2 2 2 2 2 2 2 2 2 2
left_child=5 3 4 12 26 23 11 8 24 10 -4 19 18 14 -14 -15 27 -10 22 -7 -20 -18 -2 25 -8 -1 -3 -11 -12 -9
right_child=1 2 9 -5 -6 6 7 29 17 16 28 -13 13 15 -16 -17 21 -19 20 -21 -22 -23 -24 -25 -26 -27 -28 -29 -30 -31
leaf_value=-0.17435204727309092 -0.24089667057168895 0.13988092691012119 0.13988092691012119 0.3230271588672291 0.57001402378082278 0.096256517203357983 0.06533101932578099 0.014155186920289543 0.014155186920289543 -0.016998823752070662 0.070963865202484711 0.40164301145461301 0.14723227214054724 -0.031194988879103255 -0.092227892264080569 0.037046455205181399 -0.0017981819104647162 0.049261964828529514 -0.013290146311669119 0.25267182610251687 -0.045146156924379038 0.043751693508114635 -0.035924701487764402 0.014155186920289543 0.096256517203357983 -0.018849721873009324 0.24925175265029625 -0.094249426449338591 -0.040370203380783398 0.096256517203357983
leaf_weight=28 58 47 71 44 34 128 215 1895 243 556 66 31 192 1579 139 472 269 1797 1754 55 4214 1151 47 189 860 1602 54 120 120 86
leaf_count=14 24 28 32 19 17 65 99 785 115 310 22 17 101 1091 72 213 111 615 1250 19 3367 474 18 63 297 683 23 60 57 29
internal_value=0.00276493 -0.0131663 0.0332098 -0.0267424 0.259537 0.0273176 0.0410342 0.0361929 0.057533 0.0202246 0.116131 0.15632 -0.0285626 -0.00515517 0.0588862 -0.0154905 0.0084651 0.0344055 -0.0377437 0.114763 -0.0357836 0.0271156 -0.149147 -0.0127239 0.0962565 -0.0215209 0.15502 -0.0307119 -0.000864566 0.0141552
internal_weight=18116 10987 2488 8499 135 7129 5310 5096 3115 2353 257 214 8455 2382 331 2051 2096 2040 6073 183 5968 1420 105 1819 1075 1630 101 676 186 1981
internal_count=10090 7289 1134 6155 68 2801 2041 1940 1126 1066 111 101 6136 1477 173 1304 955 730 4659 84 4617 585 42 760 396 697 51 370 79 814
is_linear=0
shrinkage=0.05


Tree=79
num_leaves=31
num_cat=0
split_feature=1 5 24 4 17 23 24 26 7 1 18 9 7 9 8 3 11 4 7 11 11 10 12 26 25 25 7 23 1 5
split_gain=2531.42 2738.14 2854.88 2730.08 1901.03 1414.43 1147.85 1118.3 1143.38 957.514 814.706 798.498 699.913 616.905 916.292 565.686 537.409 637.376 464.142 595.625 410.941 398.571 504.937 320.394 312.493 307.136 446.156 301.378 242.944 200.747
threshold=70.500000000000014 2.5449999570846562 414.58500671386724 2.5649999380111699 0.1345000043511391 69.500000000000014 501.25000000000006 27.10000038146973 1022.7500000000001 83.500000000000014 18.849999427795414 -1.0000000180025095e-35 1017.5499877929689 -1.0000000180025095e-35 379.50000000000006 266.50000000000006 -0.60784998536109913 1.685000002384186 1010.0499877929689 -1.0000000180025095e-35 0.60784998536109935 0.91595000028610241 1.0000000180025095e-35 9.7500000000000018 10.84999990463257 9.5500001907348651 1011.5499877929689 82.500000000000014 64.500000000000014 3.8149999380111699
decision_type=2 2 2 2 2 2 2 2 2 2 2 2 2 2 2 2 2 2 2 2 2 2 2 2 2 2 2 2 2 2
left_child=4 7 3 9 5 25 12 13 -9 11 -6 -3 -7 18 15 -15 17 -4 20 -20 -2 22 -18 -8 -5 26 -1 -25 -28 -23
right_child=1 2 16 24 10 6 23 8 -10 -11 -12 -13 -14 14 -16 -17 21 -19 19 -21 -22 29 -24 27 -26 -27 28 -29 -30 -31
leaf_value=-0.43732768467494421 -0.23085254098548266 0.10112618110218988 0.005576469421301731 0.37189409600363837 0.13215350998896305 0.093902410579227796 0.0067144387896979109 0.043225976744415411 0.3771805122494698 0.092819344520051972 0.41896217039653233 0.35028859098606252 0.048266073842719123 -0.0061915324657830281 0.043225976744415411 -0.039371576934016411 0.020683468243174526 0.092819344520051972 -0.015518595961449617 -0.058075113387603627 -0.034128465551011108 0.01407648133535455 -0.034452338704321572 0.01854398311987011 0.64084806795473459 0.0067144387896979109 -0.062353591473377767 0.048266073842719123 -0.016509596697875561 0.092819344520051972
leaf_weight=6.9999999999999991 61 61 263 18 214 602 861 113 32 151 28 68 674 2939 173 2282 830 191 1433 1929 47 137 831 1458 27 501 457 1164 421 143
leaf_count=7 25 21 108 14 74 206 322 69 13 85 14 26 253 2253 86 2147 356 78 711 1072 18 68 395 530 12 237 227 398 208 57
internal_value=0.00255205 -0.0112403 0.0327261 0.171782 0.0278801 0.0224668 0.0354125 -0.0245147 0.11322 0.113687 0.165338 0.232468 0.0759825 -0.0267678 -0.0161881 -0.0206939 0.0138563 0.062829 -0.0432136 -0.0399361 -0.145241 0.00240156 -0.00690103 0.0205496 0.533266 -0.0219836 -0.0397336 0.0303735 -0.0365637 0.0575859
internal_weight=18116 11729 2720 325 6387 6145 4759 9009 145 280 242 129 1276 8864 5394 5221 2395 454 3470 3362 108 1941 1661 3483 45 1386 885 2622 878 280
internal_count=10090 7614 1220 158 2476 2388 1709 6394 82 132 88 47 459 6312 4486 4400 1062 186 1826 1783 43 876 751 1250 26 679 442 928 435 125
is_linear=0
shrinkage=0.05


Tree=80
num_leaves=31
num_cat=0
split_feature=8 27 5 5 0 29 28 9 28 26 23 3 11 0 25 24 5 9 5 21 5 9 4 23 4 6 4 11 4 3
split_gain=2375.61 2611.46 2473.19 1769.9 1480.83 1103.62 760.735 593.886 1111.97 745.132 449.068 395.281 339.657 309.111 497.949 325.355 265.729 245.823 244.582 174.323 147.878 86.052 64.0935 77.6955 162.241 62.8999 25.9625 19.5857 15.2823 4.78979
threshold=142.50000000000003 13.050000190734865 -0.24499999731779096 0.81499999761581432 27.650000572204593 7.3500001430511483 82.500000000000014 -1.0000000180025095e-35 40.500000000000007 14.449999809265138 47.500000000000007 26.500000000000004 -0.87834998965263356 23.050000190734867 14.150000095367433 149.58499908447268 -2.6850000619888301 1.0000000180025095e-35 -1.0249999761581419 13.750000000000002 2.245000004768372 0.60354998707771312 -0.30500000715255732 67.500000000000014 -1.8450000286102293 367.50000000000006 -1.1249999999999998 -0.87834998965263356 -0.41499999165534968 159.50000000000003
decision_type=2 2 2 2 2 2 2 2 2 2 2 2 2 2 2 2 2 2 2 2 2 2 2 2 2 2 2 2 2 2
left_child=3 4 13 7 6 -6 27 9 16 11 -11 -1 -13 -3 -15 -16 21 -18 -8 -12 25 -9 23 24 -5 -4 -25 -2 -26 -28
right_child=1 2 20 22 5 -7 18 8 -10 10 19 12 -14 14 15 -17 17 -19 -20 -21 -22 -23 -24 26 28 -27 29 -29 -30 -31
leaf_value=-0.056419437677552309 0.015867549150378718 0.078363653641917358 0.37738796446253275 -0.046932687762084827 0.029409804352387256 0.078363653641917358 0.015867549150378718 -0.048044006046789871 0.0023252939483701814 -0.056419437677552309 -0.031267343885304937 -0.18744980882981729 -0.093546695981956571 0.11152959614207046 0.38800918102264403 0.19027155526874417 -0.1461479978196116 -0.051476961638846824 0.029409804352387256 0.0023252939483701814 0.46969674301147468 -0.020366665267602418 0.0023252939483701814 -0.036227789044810027 -0.11517555351886484 0.28318078437367 0.0023252939483701814 0.0023252939483701814 -0.16527676737826805 -0.015622629187045954
leaf_weight=276 675 148 34 64 913 894 839 284 1274 140 183 116 567 118 30 28 72 1439 1269 627 25 643 3110 104 45 37 20 4117 23 39
leaf_count=220 281 119 18 35 318 305 284 284 1025 112 102 66 352 67 15 11 72 1435 425 336 9 643 1615 52 35 16 11 1803 14 22
internal_value=0.00242593 0.0204133 0.142188 -0.0157627 0.0145392 0.0548326 0.00398702 -0.0339038 -0.0222488 -0.0565667 -0.0251811 -0.0876578 -0.109495 0.0783637 0.144696 0.269014 -0.0430586 -0.0559881 0.0294098 -0.00611525 0.365118 -0.0219837 0.00232529 -0.0442212 -0.0727356 0.328294 -0.0211298 0.00232529 -0.132122 0.00232529
internal_weight=18153 9127 420 9026 8707 1807 6900 5621 3712 1909 950 959 683 324 176 58 2438 1511 2108 810 96 927 3405 295 132 71 163 4792 68 59
internal_count=10102 3671 255 6431 3416 623 2793 4647 3459 1188 550 638 418 212 93 26 2434 1507 709 438 43 927 1784 169 84 34 85 2084 49 33
is_linear=0
shrinkage=0.05


Tree=81
num_leaves=31
num_cat=0
split_feature=1 5 1 7 24 4 25 25 28 29 5 9 0 29 5 28 10 7 9 10 7 9 28 1 28 12 9 8 5 8
split_gain=2248.72 2355.29 1406.76 2814.56 4698.63 2025.12 1516.24 1266.04 1166.91 894.933 987.186 975.084 814.585 713.253 611.779 554.401 517.055 1372.03 669.405 544.699 467.399 431.972 543.677 721.79 486.917 419.687 409.906 374.903 337.785 316.474
threshold=72.500000000000014 -0.33500000834465021 83.500000000000014 1019.7500000000001 497.91499328613287 2.5649999380111699 20.750000000000004 6.9500000476837167 61.500000000000007 8.9499998092651385 -0.24499999731779096 -1.0000000180025095e-35 27.44999980926514 20.750000000000004 5.3550000190734872 77.500000000000014 -0.78654998540878285 1021.1499938964845 -1.0000000180025095e-35 0.98295000195503246 1019.5499877929689 -0.6035499870777129 50.500000000000007 83.500000000000014 74.500000000000014 1.0000000180025095e-35 -0.6035499870777129 406.50000000000006 -2.6850000619888301 389.50000000000006
decision_type=2 2 2 2 2 2 2 2 2 2 2 2 2 2 2 2 2 2 2 2 2 2 2 2 2 2 2 2 2 2
left_child=7 13 3 4 5 -3 8 -1 -5 15 12 20 -11 21 -6 -9 17 18 -4 25 -12 24 28 -24 -2 -18 -14 -15 -23 -26
right_child=1 2 16 6 14 -7 -8 9 -10 10 11 -13 26 27 -16 -17 19 -19 -20 -21 -22 22 23 -25 29 -27 -28 -29 -30 -31
leaf_value=-0.020283923088439113 -0.090357729646804427 0.20953155369423923 -0.019004287795415003 -0.05046089122838289 0.040723162768880758 0.5395489391527678 0.28729787362946407 0.0069577947866144548 0.03942071853795534 0.039507763944852371 0.13249771679765074 0.3127609476691387 0.069831753998024979 0.049758198156998737 -0.13922568427504234 0.03580178458922606 -0.046041135431128616 -0.054537449983888833 0.1709226999050853 0.078684649749923119 0.039507763944852371 -0.019620815601516666 -0.013602659465685641 0.049758198156998737 -0.0555520512107123 -0.003653969935002728 0.1571116289142335 0.26484316984812417 -0.051380453232874962 0.0068695676587881387
leaf_weight=1305 665 252 63 754 434 57 45 1347 693 1163 276 61 357 32 53 2329 1175 209 176 134 93 1611 389 448 585 1161 202 30 1743 311
leaf_count=559 359 118 25 421 174 29 20 629 296 477 94 28 119 23 18 789 713 131 95 74 31 1553 225 256 247 723 72 13 1687 104
internal_value=0.00235812 -0.0118001 0.0126278 0.0419801 0.117903 0.270409 0.00147416 0.0242316 -0.00741462 0.0341995 0.0598073 0.127576 0.0428847 -0.0336735 0.0211394 0.0192082 -0.0103873 0.039033 0.120858 -0.019351 0.0969631 -0.0354917 -0.0271293 0.00892028 -0.0579432 -0.0249746 0.100156 0.135008 -0.0361256 -0.0338856
internal_weight=18153 11020 5206 2288 796 309 1492 7133 1447 5828 2152 430 1722 5814 487 3676 2918 448 239 2470 369 5752 4191 837 1561 2336 559 62 3354 896
internal_count=10102 7304 2837 1076 339 147 737 2798 717 2239 821 153 668 4467 192 1418 1761 251 120 1510 125 4431 3721 481 710 1436 191 36 3240 351
is_linear=0
shrinkage=0.05


Tree=82
num_leaves=31
num_cat=0
split_feature=28 10 29 8 28 5 5 24 23 0 25 9 5 10 6 9 7 28 4 11 17 18 20 9 17 28 8 12 7 7
split_gain=1950.13 2013.85 3046.74 1361.57 748.957 624.644 548.842 503.015 463.767 438.345 395.422 340.806 287.513 476.366 524.771 319.802 428.557 269.285 259.277 252.009 226.954 225.516 209.405 194.159 164.771 147.813 120.406 93.4833 76.6796 98.6552
threshold=53.500000000000007 -0.98295000195503224 12.650000095367433 695.50000000000011 76.500000000000014 -0.84499999880790699 0.069999998435378089 445.41499328613287 25.500000000000004 27.750000000000004 13.050000190734865 -1.0000000180025095e-35 -1.3949999809265134 -0.6035499870777129 312.50000000000006 0.60354998707771312 1021.1499938964845 86.500000000000014 -1.0549999475479124 0.87834998965263378 0.097500000149011626 5.2500000000000009 10.050000190734865 -1.0000000180025095e-35 0.1225000023841858 33.500000000000007 420.50000000000006 1.0000000180025095e-35 1022.2500000000001 1025.1499633789065
decision_type=2 2 2 2 2 2 2 2 2 2 2 2 2 2 2 2 2 2 2 2 2 2 2 2 2 2 2 2 2 2
left_child=6 2 10 4 11 -6 12 9 -8 -5 19 -3 15 14 -14 16 20 -9 -15 26 -1 -11 -16 -20 -4 27 -2 -17 -10 -30
right_child=1 3 24 7 5 -7 8 17 28 21 -12 -13 13 18 22 25 -18 -19 23 -21 -22 -23 -24 -25 -26 -27 -28 -29 29 -31
leaf_value=-0.10645904746747786 -0.0049028073636026744 -0.0049028073636026744 0.27968311633093884 0.059833168919517447 0.0067058764738119996 0.025755932560746944 -0.13665497403206497 0.025755932560746944 -0.0049028073636026744 0.11800319702078255 0.18825756758160073 0.0067058764738119996 -0.0049028073636026744 -0.0049028073636026744 -0.18930860278861864 -0.018437994338211514 -0.0049028073636026744 0.059833168919517447 -0.15010200394003581 0.10327520297037927 -0.042592231950018308 0.25254481153355707 -0.065978695813501631 -0.071795971075420184 0.3988831737585235 -0.0049028073636026744 0.077409134705861415 -0.063033164936149952 -0.064169892773760437 -0.0049028073636026744
leaf_weight=155 198 4076 59 300 2230 2218 87 738 522 231 35 1872 314 60 56 620 362 495 89 35 1356 36 32 716 57 543 45 145 399 72
leaf_count=103 86 1972 24 101 807 763 87 258 399 77 14 911 278 41 30 620 291 165 88 14 1159 12 19 704 19 532 19 145 311 53
internal_value=0.00205821 0.0129024 0.119377 0.00915706 0.00220547 0.0183146 -0.022708 0.0493064 -0.00490281 0.0882839 0.0382596 -0.00490281 -0.0314071 -0.0515494 -0.00657691 -0.0233843 -0.0366354 0.0313824 -0.0724499 0.0182928 -0.0491438 0.136144 -0.127055 -0.0804534 0.338256 -0.00490281 -0.000911627 -0.0268907 -0.00490281 -0.0544203
internal_weight=18153 12625 429 12196 10396 4448 5528 1800 1080 567 313 5948 4448 1267 402 3181 1873 1233 865 278 1511 267 88 805 116 1308 243 765 993 471
internal_count=10102 5242 176 5066 4453 1570 4860 613 850 190 133 2883 4010 1160 327 2850 1553 423 833 119 1262 89 49 792 43 1297 105 765 763 364
is_linear=0
shrinkage=0.05


Tree=83
num_leaves=31
num_cat=0
split_feature=1 4 25 0 29 25 24 7 24 9 28 28 29 0 10 10 7 7 28 18 10 11 0 7 1 20 10 28 25 17
split_gain=1815.44 1690.25 2157.85 2992.8 1276.97 1080.28 810.574 933.621 1124.83 799.707 1627.66 798.977 586.967 536.024 518.266 482.504 456.016 428.534 370.63 344.005 317.85 311.783 305.484 286.308 264.927 257.987 253.393 245.664 235.179 214.464
threshold=72.500000000000014 1.8849999904632571 10.84999990463257 21.349999427795414 19.849999427795414 6.9500000476837167 109.58499908447267 1019.5499877929689 501.25000000000006 -1.0000000180025095e-35 50.500000000000007 78.500000000000014 5.7500000000000009 22.94999980926514 -1.0000000180025095e-35 -0.78654998540878285 1018.9500122070314 1017.6499938964845 22.500000000000004 18.849999427795414 -0.78654998540878285 -1.0000000180025095e-35 21.44999980926514 1021.5499877929689 80.500000000000014 7.5499999523162851 -0.91595000028610218 100.50000000000001 14.150000095367433 0.088500000536441817
decision_type=2 2 2 2 2 2 2 2 2 2 2 2 2 2 2 2 2 2 2 2 2 2 2 2 2 2 2 2 2 2
left_child=5 4 12 -4 9 29 19 8 26 11 18 16 22 -6 -13 -12 -2 -10 -11 23 -14 -5 25 -7 -22 -3 -8 -9 -15 -1
right_child=1 2 3 21 13 6 7 27 17 10 15 14 20 28 -16 -17 -18 -19 -20 -21 24 -23 -24 -25 -26 -27 -28 -29 -30 -31
leaf_value=-0.15629588024956842 -0.077604631102022148 -0.067861812876507568 0.12613658909655254 0.62691777433667872 0.06660501947295229 0.1715811545942344 0.052408237606312802 0.0057539622404916089 0.0095779273665909884 -0.056725481443316933 0.06660501947295229 0.047355816346304175 0.12613658909655254 0.15816914055082534 -0.022728825463836484 0.019662963533707018 -0.035379868165243203 0.052408237606312802 -0.017260061861714922 0.31529309536107697 0.12613658909655254 0.40445559422175092 0.039543913233026841 0.081021703754849878 0.039543913233026841 0.0033964346920262382 0.081021703754849878 0.081021703754849878 0.33390219428322537 -0.016408553878493121
leaf_weight=28 1053 187 77 28 32 102 281 2199 1590 728 329 348 100 45 1090 1390 1628 664 3254 23 29 36 91 58 146 396 848 63 33 1277
leaf_count=14 672 87 51 11 23 42 130 906 571 728 148 116 43 24 406 688 900 232 3045 13 21 14 34 32 84 195 292 21 14 545
internal_value=0.0020567 -0.0106646 0.0484393 0.230951 -0.0171524 0.0217103 0.0309179 0.0275605 0.0442691 -0.0190501 -0.00692176 -0.0358365 0.0213222 0.15226 -0.00576815 0.0337402 -0.0519642 0.0237948 -0.0244752 0.134483 0.0828834 0.501783 -0.00379555 0.108491 0.0396461 -0.01946 0.0810217 0.00575396 0.232518 -0.01941
internal_weight=18153 11020 1090 141 9930 7133 5828 5645 3383 9820 5701 4119 949 110 1438 1719 2681 2254 3982 183 275 64 674 160 175 583 1129 2262 78 1305
internal_count=10102 7304 540 76 6764 2798 2239 2152 1225 6703 4609 2094 464 61 522 836 1572 803 3773 87 148 25 316 74 105 282 422 927 38 559
is_linear=0
shrinkage=0.05


Tree=84
num_leaves=31
num_cat=0
split_feature=28 10 5 4 7 7 9 28 23 24 26 6 26 11 28 7 11 5 9 7 4 9 28 28 7 7 3 4 12 8
split_gain=1641.61 977.246 917.145 778.668 611.094 574.651 533.532 530.49 429.007 521.831 428.79 422.665 382.901 379.582 488.153 354.326 333.094 313.58 308.328 408.439 289.095 347.196 287.181 258.917 212.762 152.491 142.588 142.104 124.433 89.5742
threshold=76.500000000000014 -0.6035499870777129 2.5449999570846562 -2.0549999475479122 1012.0499877929689 1021.3500061035157 -1.0000000180025095e-35 57.500000000000007 73.500000000000014 547.08499145507824 15.550000190734865 942.50000000000011 19.849999427795414 -0.60784998536109913 31.500000000000004 1022.8500061035157 1.0000000180025095e-35 -4.2349998950958243 -0.6035499870777129 1015.9500122070314 0.64499998092651378 -0.6035499870777129 50.500000000000007 107.50000000000001 1015.9500122070314 1026.1499633789065 199.50000000000003 -1.0049999952316282 -0.56175000965595234 655.50000000000011
decision_type=2 2 2 2 2 2 2 2 2 2 2 2 2 2 2 2 2 2 2 2 2 2 2 2 2 2 2 2 2 2
left_child=1 5 4 12 20 -1 7 22 24 11 15 27 -2 14 -6 -8 -11 -15 19 26 21 -3 -7 29 -5 -9 -4 -10 -21 -14
right_child=3 2 18 8 13 6 10 25 9 16 -12 -13 23 17 -16 -17 -18 -19 -20 28 -22 -23 -24 -25 -26 -27 -28 -29 -30 -31
leaf_value=0.0079795646016883742 0.0079795646016883742 -0.20691727969957438 -0.19560651779174806 0.0079795646016883742 -0.091259180893532091 -0.28066177169481915 -0.087019904451527172 -0.014531281546288327 0.088981693303990153 0.031456489466060077 0.0079795646016883742 0.061098046696924591 0.036699882342236138 0.0074458416470317354 0.00057020933689380822 -0.015551206307160011 0.061098046696924591 -0.038696501458247601 0.0079795646016883742 -0.1017109042719791 -0.31933990858103101 -0.019176820707771016 -0.097104236993350482 0.12901144050416494 0.031456489466060077 -0.072038227153208054 -0.041373945366252551 0.1405947741000883 -0.0069267906676022672 0.082855661423200541
leaf_weight=2986 2396 46 47 224 158 24 226 506 220 1088 371 261 144 408 1722 259 378 3775 1097 38 19 53 190 105 556 114 22 279 390 51
leaf_count=1666 851 23 20 84 158 12 139 223 75 372 214 87 48 346 1159 172 126 2976 572 19 13 51 95 35 200 54 11 93 191 17
internal_value=0.0019578 -0.00821737 -0.0191192 0.0241765 -0.028002 0.00797956 -0.0213527 -0.0498144 0.0418207 0.053002 0.00637749 0.0866247 0.00797956 -0.0258087 -0.00714737 -0.039082 0.0355714 -0.0341959 0.00797956 -0.0335416 -0.140695 -0.10641 -0.11769 0.0654202 0.00991099 -0.0263863 -0.146431 0.116865 -0.0153422 0.0366999
internal_weight=18153 12451 7775 5702 6181 4676 1690 834 3006 2226 856 760 2696 6063 1880 485 1466 4183 1594 497 118 99 214 300 780 620 69 499 428 195
internal_count=10102 8114 5539 1988 4726 2575 909 384 1037 753 525 255 951 4639 1317 311 498 3322 813 241 87 74 107 100 284 277 31 168 210 65
is_linear=0
shrinkage=0.05


Tree=85
num_leaves=31
num_cat=0
split_feature=28 10 4 4 7 7 9 28 7 9 28 26 28 28 10 7 7 7 25 7 17 7 6 28 26 1 18 0 0 2
split_gain=1556.38 1020.84 896.428 741.431 624.08 501.649 531.875 520.081 484.41 722.789 699.684 464.249 359.947 347.093 312.224 1020.64 464.558 318.347 304.253 252.342 221.499 196.22 166.601 119.535 254.842 63.7504 55.3532 46.8243 44.528 9.56436
threshold=76.500000000000014 -0.6035499870777129 1.8049999475479128 -2.7749999761581416 1012.0499877929689 1021.3500061035157 -1.0000000180025095e-35 50.500000000000007 1021.1499938964845 -1.0000000180025095e-35 39.500000000000007 15.550000190734865 134.00000000000003 65.500000000000014 -0.6035499870777129 1019.5499877929689 1017.4500122070314 1018.1499938964845 12.550000190734865 1022.8500061035157 0.14050000160932544 1011.4500122070314 222.50000000000003 101.50000000000001 19.94999980926514 60.500000000000007 6.4500000476837167 27.150000572204593 29.250000000000004 1.7649999856948855
decision_type=2 2 2 2 2 2 2 2 2 2 2 2 2 2 2 2 2 2 2 2 2 2 2 2 2 2 2 2 2 2
left_child=1 5 4 22 18 -1 7 -7 9 -6 -10 19 14 -9 15 -5 20 -18 21 -8 -16 -3 -2 -24 28 -14 -17 -26 -25 -27
right_child=3 2 -4 12 8 6 11 13 10 -11 -12 -13 25 -15 16 26 17 -19 -20 -21 -22 -23 23 24 27 29 -28 -29 -30 -31
leaf_value=0.0087919195083344549 0.47643890380859377 -0.23900128259108616 0.0087919195083344549 0.087203972164048252 -0.058088955117590518 -0.26663556098937991 -0.077601640892483434 -0.067472991126612966 -0.068642284565705688 -0.016629725422613342 0.0065397526975045752 0.0087919195083344549 0.20593357849121097 -0.002201097634532018 0.0087919195083344549 0.0087919195083344549 0.087203972164048252 0.037713448723898549 0.0087919195083344549 -0.015130900774849585 0.087203972164048252 -0.10292065644429789 0.0087919195083344549 0.027933017479796304 0.08943039576212565 0.13200086275736492 0.049392446047729917 0.16551405160855026 0.063825054894918687 0.092993130105914493
leaf_weight=2968 2.9999999999999991 52 834 558 1724 26 236 476 365 2694 2034 375 25 356 1251 405 159 1106 20 271 48 54 1489 222 42 30 90 39 87 33
leaf_count=1660 1 32 452 188 1047 13 143 238 365 2368 1192 218 10 142 443 135 54 386 17 179 16 46 535 74 14 10 30 13 29 11
internal_value=0.00273245 -0.00708323 -0.0182774 0.0246671 -0.0250244 0.00879192 -0.0183977 -0.0464257 -0.0229864 -0.032808 -0.00489895 0.00879192 0.0384622 -0.0395442 0.0360314 0.0589545 0.0266172 0.0483155 -0.135287 -0.0390537 0.00879192 -0.169677 0.00879192 0.00879192 0.0470741 0.138377 0.00879192 0.126063 0.027933 0.111568
internal_weight=18072 12485 7777 5587 6943 4708 1740 858 6817 4418 2399 882 3705 832 3617 1053 2564 1265 126 507 1299 106 1882 1879 390 88 495 81 309 63
internal_count=10061 8112 5519 1949 5067 2593 933 393 4972 3415 1557 540 1283 380 1252 353 899 440 95 322 459 78 666 665 130 31 165 27 103 21
is_linear=0
shrinkage=0.05


Tree=86
num_leaves=31
num_cat=0
split_feature=8 5 11 7 18 7 23 1 8 7 11 17 28 28 27 27 11 9 4 28 8 4 28 10 9 6 7 17 9 16
split_gain=1445.83 1960.78 782.44 684.876 596.21 533.049 601.977 683.168 564.274 493.594 491.917 445.55 394.767 382.616 307.545 306.073 305.311 306.071 220.645 208.482 186.936 185.361 178.673 158.709 149.371 135.146 126.519 107.416 96.1685 81.1801
threshold=546.50000000000011 -0.35500000417232508 0.60784998536109935 1016.7500000000001 5.0499999523162851 1012.5499877929689 60.500000000000007 83.500000000000014 401.50000000000006 1019.0499877929689 1.0000000180025095e-35 0.14050000160932544 65.500000000000014 18.500000000000004 11.949999809265138 2.5499999523162846 -0.87834998965263356 -0.6035499870777129 1.1150000095367434 104.50000000000001 700.50000000000011 0.79500001668930065 103.50000000000001 -0.6035499870777129 0.60354998707771312 792.50000000000011 1018.0499877929689 0.1094999983906746 -0.6035499870777129 0.36800000071525579
decision_type=2 2 2 2 2 2 2 2 2 2 2 2 2 2 2 2 2 2 2 2 2 2 2 2 2 2 2 2 2 2
left_child=1 5 -3 4 15 8 7 11 16 22 25 -7 18 -9 19 29 17 -1 23 -5 -17 -18 -8 -4 -20 28 -14 -22 -6 -2
right_child=3 2 12 14 10 6 9 13 -10 -11 -12 -13 26 -15 -16 20 21 -19 24 -21 27 -23 -24 -25 -26 -27 -28 -29 -30 -31
leaf_value=-0.20470230097722528 0.012605459364996095 0.012605459364996095 -0.10576447976336623 0.012605459364996095 0.10870804370278231 -0.063272902260883432 -0.013992038560091125 -0.068887589171487823 0.012605459364996095 0.012605459364996095 0.2499665880203247 -0.013992038560091125 -0.014363211326929477 -0.013992038560091125 0.12139090218327263 0.037852731004677148 -0.054531175522940373 -0.047434876627392243 -0.014363211326929477 0.066998180774134358 0.057693496322876084 -0.22057020101282332 0.012605459364996095 -0.045240593912344418 -0.051511642056450785 0.083691009917760351 0.012605459364996095 0.083691009917760351 0.16879235492812264 0.037632736904608152
leaf_weight=99 333 5146 161 1876 45 1612 1094 318 69 1069 60 61 108 2576 66 320 254 45 281 138 184 18 228 331 280 43 435 399 90 333
leaf_count=42 111 2606 94 714 15 1158 507 318 23 506 20 30 39 2327 26 113 126 45 153 46 63 10 76 212 194 17 194 133 32 111
internal_value=0.00279869 -0.00460448 0.0126055 0.0298154 0.052413 -0.0223669 -0.0188342 -0.0294755 -0.0730486 0.00149138 0.126155 -0.0549097 -0.0227491 -0.0147721 0.0126055 0.0412272 -0.0966858 -0.155556 -0.0406062 0.0126055 0.0601927 -0.0655191 -0.013992 -0.0650462 -0.0191721 0.0844205 0.0118797 0.0775343 0.133725 0.0155127
internal_weight=18072 14185 6742 3887 1807 7443 6958 4567 485 2391 238 1673 1596 2894 2080 1569 416 144 1053 2014 903 272 1322 492 561 178 543 583 135 666
internal_count=10061 8660 3492 1401 615 5168 4922 3833 246 1089 84 1188 886 2645 786 531 223 87 653 760 309 136 583 306 347 64 233 196 47 222
is_linear=0
shrinkage=0.05


Tree=87
num_leaves=31
num_cat=0
split_feature=0 5 7 7 23 24 1 26 24 28 23 27 28 6 27 7 8 6 7 25 10 18 10 1 28 8 29 23 25 6
split_gain=1307.27 1743.01 1168.2 962.95 976.419 832.641 737.224 586.453 477.373 464.833 411.774 393.153 351.247 311.369 295.933 271.111 402.062 367.374 232.467 191.656 197.317 178.674 162.699 160.769 157.448 140.08 126.646 92.3095 81.1933 63.2535
threshold=27.650000572204593 -0.35500000417232508 1022.3500061035157 1011.5499877929689 60.500000000000007 581.25000000000011 83.500000000000014 16.44999980926514 117.91500091552736 60.500000000000007 27.500000000000004 9.3499999046325701 18.500000000000004 582.50000000000011 4.1499998569488534 1019.0499877929689 401.50000000000006 1067.5000000000002 1016.8500061035157 17.550000190734867 -0.6035499870777129 3.1499999761581425 -0.78654998540878285 95.500000000000014 48.500000000000007 843.50000000000011 8.5500001907348651 85.500000000000014 8.9499998092651385 457.50000000000006
decision_type=2 2 2 2 2 2 2 2 2 2 2 2 2 2 2 2 2 2 2 2 2 2 2 2 2 2 2 2 2 2
left_child=1 3 10 7 6 11 8 27 -5 13 18 19 -8 24 29 16 -6 -17 28 20 21 -2 -15 -20 -4 -7 -9 -1 -3 -11
right_child=5 2 9 4 15 25 12 26 -10 14 -12 -13 -14 22 -16 17 -18 -19 23 -21 -22 -23 -24 -25 -26 -27 -28 -29 -30 -31
leaf_value=-0.2216220305985715 0.05307230368346625 -0.16699738458889288 -0.047513831043666237 -0.012662954380193679 -0.012662954380193679 0.020523764011655066 -0.065443210017650674 -0.071193326061422188 -0.065969076890851117 0.0028260082523373017 0.020523764011655066 0.22862305694156226 -0.012662954380193679 -0.10404018322945735 0.020523764011655066 0.020523764011655066 0.017829792883146452 -0.012662954380193679 -0.010135392427767001 0.15225424998852363 0.05307230368346625 0.11021109114181141 -0.047513831043666237 -0.11357166926775659 -0.015427455216060574 0.05307230368346625 0.020523764011655066 -0.13135999427285305 -0.064093385078012946 -0.015427455216060574
leaf_weight=83 102 41 302 219 821 1032 318 44 1542 46 4815 45 2616 218 343 1442 1110 485 282 48 285 226 168 42 487 111 23 43 36 697
leaf_count=49 34 41 289 176 400 359 318 18 1068 23 2250 15 2367 109 141 636 407 197 158 16 95 80 84 34 291 37 17 16 30 306
internal_value=0.00287709 -0.00166288 0.0160625 -0.0168164 -0.0143242 0.0427104 -0.0296383 -0.127262 -0.0552125 -0.0163205 0.0205238 0.0856208 -0.0142885 -0.0381159 0.007261 0.00431238 -0.00892835 0.0175806 -0.0407945 0.0758854 0.0681679 0.097002 -0.0749147 -0.0222357 -0.020113 0.0205238 -0.00773764 -0.190818 -0.118886 -0.0148717
internal_weight=18072 16223 7477 8746 8553 1849 4695 193 1761 2261 5216 706 2934 1175 1086 3858 1931 1927 401 661 613 328 386 324 789 1143 67 126 77 743
internal_count=10061 9425 3756 5669 5569 636 3929 100 1244 1243 2513 240 2685 773 470 1640 807 833 263 225 209 114 193 192 580 396 35 65 71 329
is_linear=0
shrinkage=0.05


Tree=88
num_leaves=28
num_cat=0
split_feature=29 28 0 5 4 8 7 24 7 28 11 3 28 7 10 6 6 28 8 7 24 6 7 27 8 7 4
split_gain=1150.82 1234.23 908.785 745.335 634.853 581.826 567.658 563.142 461.087 433.619 374.639 304.367 292.855 271.539 352.822 322.54 222.523 105.607 152.348 103.744 101.548 81.4581 61.6067 57.7763 26.2745 25.3138 20.903
threshold=22.599999427795414 76.500000000000014 23.050000190734867 -0.095000002533197389 -2.7749999761581416 575.00000000000011 1022.3500061035157 142.08499908447268 1012.0499877929689 60.500000000000007 -0.60784998536109913 23.500000000000004 115.00000000000001 1014.8500061035157 -0.6035499870777129 942.50000000000011 522.50000000000011 101.50000000000001 401.50000000000006 1014.3500061035157 1167.914978027344 1012.5000000000001 1013.8500061035157 2.4500000476837163 661.50000000000011 1016.5499877929689 -0.29500000178813929
decision_type=2 2 2 2 2 2 2 2 2 2 2 2 2 2 2 2 2 2 2 2 2 2 2 2 2 2 2
left_child=1 3 -2 5 17 8 19 26 11 16 -10 -1 13 14 -6 -15 -8 -3 -19 22 -11 -7 -5 -14 -20 -23 -4
right_child=2 4 7 6 12 21 9 -9 10 20 -12 -13 23 15 -16 -17 -18 18 24 -21 -22 25 -24 -25 -26 -27 -28
leaf_value=-0.02644469755142927 0.070667767290641295 0.0071707270809676016 0.32143556695235409 -0.081358532629047464 0.050351594144991678 0.0071707270809676016 -0.023021764832899753 0.15035685698273657 -0.0082249576927137889 0.0071707270809676016 -0.029796448691312583 -0.18796435296535494 0.050351594144991678 0.050351594144991678 0.0071707270809676016 0.014376016666838236 -0.070401069017512224 0.0250267237300692 0.051929840589042736 0.0071707270809676016 -0.01754151315188477 -0.00052711530587309376 -0.17231339432042223 0.070667767290641295 0.070667767290641295 -0.0082249576927137889 0.38458677530288699
leaf_weight=50 35 1492 38 52 156 651 613 60 1651 694 4345 70 33 1602 760 889 416 78 213 3107 95 169 29 250 99 405 20
leaf_count=47 21 536 16 52 52 261 449 24 1210 318 3496 42 11 557 273 300 209 26 71 1674 45 59 22 85 33 162 10
internal_value=0.00297736 0.00181147 0.139524 -0.00700381 0.0213453 -0.0171553 0.00717073 0.230046 -0.0236206 -0.0207936 -0.0216785 -0.120664 0.0342541 0.0300354 0.00717073 0.0385962 -0.0421761 0.00717073 0.0428827 0.00717073 0.00709305 0.00717073 -0.113923 0.0706678 0.0652671 -0.00822496 0.343212
internal_weight=18072 17919 153 12347 5572 7341 5006 118 6116 1818 5996 120 3690 3407 916 2491 1029 1882 390 3188 789 1225 81 283 312 574 58
internal_count=10061 9990 71 8046 1944 5277 2769 50 4795 1021 4706 89 1278 1182 325 857 658 666 130 1748 363 482 74 96 104 221 26
is_linear=0
shrinkage=0.05


Tree=89
num_leaves=30
num_cat=0
split_feature=0 5 7 28 7 23 29 1 26 24 11 29 28 7 8 6 6 6 28 7 8 28 29 1 26 6 23 3 23
split_gain=1086.57 1546.97 1022.14 967.033 836.049 780.731 732.996 671.544 521.853 429.024 339.914 339.431 307.245 275.019 337.19 331.572 232.913 204.025 304.818 191.55 138.335 136.836 114.386 89.6853 83.2606 81.4738 71.9138 40.9591 24.7408
threshold=27.650000572204593 -0.35500000417232508 1019.8500061035157 60.500000000000007 1011.5499877929689 60.500000000000007 8.7500000000000018 83.500000000000014 16.44999980926514 126.25000000000001 0.87834998965263378 4.0499999523162851 18.500000000000004 1019.0499877929689 401.50000000000006 1067.5000000000002 1007.5000000000001 662.50000000000011 50.500000000000007 1015.2500000000001 843.50000000000011 56.500000000000007 8.5500001907348651 56.500000000000007 21.849999427795414 517.50000000000011 85.500000000000014 32.500000000000007 102.50000000000001
decision_type=2 2 2 2 2 2 2 2 2 2 2 2 2 2 2 2 2 2 2 2 2 2 2 2 2 2 2 2 2
left_child=1 4 -3 17 8 7 20 9 26 -6 16 25 -9 14 -7 -15 19 18 -4 24 28 -19 -10 -21 -8 -5 27 -1 -2
right_child=6 2 3 11 5 13 10 12 22 -11 -12 -13 -14 15 -16 -17 -18 21 -20 23 -22 -23 -24 -25 -26 -27 -28 -29 -30
leaf_value=-0.16567008025316915 0.019052131011702507 0.019052131011702507 -0.043564374982488503 0.0051521013526133674 -0.01164341551684956 -0.01164341551684956 0.072411715810602351 -0.060816896736326058 -0.067119495435194534 -0.061658907655806484 0.21884779248918806 0.019052131011702507 -0.01164341551684956 0.019052131011702507 0.01602151854198661 -0.01164341551684956 0.050087064496872169 -0.095435778741189775 -0.0087479283064757721 0.22447398503621421 0.050087064496872169 -0.043564374982488503 0.019052131011702507 0.1150335865143018 0.13128388325373333 -0.0087479283064757721 -0.12583570348661999 -0.22813344120979312 0.034569597754287341
leaf_weight=23 880 3128 575 103 229 821 302 318 44 1532 42 1647 2616 1442 1110 485 187 188 896 36 114 230 23 39 66 710 43 60 183
leaf_count=16 307 1512 516 47 186 400 103 318 18 1058 14 698 2367 636 407 197 64 94 466 12 38 115 17 15 22 308 16 33 61
internal_value=0.00296389 -0.00117514 0.0155237 -0.00562531 -0.0154511 -0.0131289 0.0392794 -0.0268227 -0.118362 -0.0512311 0.081122 0.0150354 -0.0121726 0.00353586 -0.00979996 0.0168994 0.0719403 -0.0325312 -0.0237717 0.0947364 0.0190521 -0.063357 -0.00561291 0.167565 0.0798936 -0.00874793 -0.178316 -0.205504 0.0190521
internal_weight=18072 16223 7477 4349 8746 8553 1849 4695 193 1761 672 2460 2934 3858 1931 1927 630 1889 1471 443 1177 418 67 75 368 813 126 83 1063
internal_count=10061 9425 3756 2244 5669 5569 636 3929 100 1244 230 1053 2685 1640 807 833 216 1191 982 152 406 209 35 27 125 355 65 49 368
is_linear=0
shrinkage=0.05


Tree=90
num_leaves=31
num_cat=0
split_feature=5 7 1 27 4 1 9 28 2 12 17 23 27 24 7 27 9 23 1 28 1 8 25 4 27 2 24 25 11 28
split_gain=917.008 1751.69 1797.64 4277.23 2434.92 1443.19 1030.76 875.027 702.944 707.17 627.413 790.765 599.776 592.511 549.791 640.047 549.249 682.666 530.681 512.16 468.04 449.207 435.17 405.486 356.196 333.73 313.577 313.455 306.656 296.381
threshold=-0.35500000417232508 1019.8500061035157 83.500000000000014 7.8500001430511483 2.3349999189376835 68.500000000000014 -1.0000000180025095e-35 60.500000000000007 5.5150001049041757 1.0000000180025095e-35 0.13849999755620959 68.500000000000014 12.650000095367433 456.25000000000006 1017.6499938964845 14.650000095367433 -0.6035499870777129 83.500000000000014 89.500000000000014 50.500000000000007 83.500000000000014 15.500000000000002 11.84999990463257 0.82499998807907116 3.7500000000000004 4.3450000286102304 215.41500091552737 10.84999990463257 -1.0000000180025095e-35 70.500000000000014
decision_type=2 2 2 2 2 2 2 2 2 2 2 2 2 2 2 2 2 2 2 2 2 2 2 2 2 2 2 2 2 2
left_child=5 2 3 8 6 10 -5 -3 9 -2 11 -1 24 -13 18 23 21 19 22 -18 -21 25 -4 -16 -9 -7 -17 -19 -15 -26
right_child=1 7 14 4 -6 16 -8 12 -10 -11 -12 13 -14 28 15 26 17 27 -20 20 -22 -23 -24 -25 29 -27 -28 -29 -30 -31
leaf_value=-0.035673036136624453 0.086076914036342767 -0.03029643844916366 -0.024332877348821898 0.12927244719636155 0.49636891279647605 -0.059084654816933535 0.25937378426616114 -0.0075284312098953853 -0.038550007221238053 0.010298842699048429 0.12954307247380742 0.065035292326915378 0.22680273634014708 -0.0053352776504069811 -0.065015199949344002 0.19985793002352523 -0.02196631399403369 0.084909375918570534 -0.087012612340289966 -0.0019206059477850299 0.056179769724798101 -0.030171027996695538 0.12388230048693144 0.029212434050747856 0.011536670846491346 -0.13990422323509888 0.069283122232673591 0.3147020941195281 0.030206193977872095 0.054483538882041271
leaf_weight=652 693 1858 208 151 67 242 178 1183 256 554 122 709 33 1117 150 74 3539 22 280 559 469 1615 65 478 618 182 48 23 1218 652
leaf_count=328 237 1174 125 56 34 139 104 499 96 223 43 258 13 392 88 62 3335 12 210 317 265 663 27 240 309 94 34 10 423 244
internal_value=0.00305653 0.0163437 0.0444029 0.0754356 0.221627 -0.00652082 0.165676 -0.0043389 0.0369182 0.0524113 0.0179814 0.0142989 0.0150614 0.0250025 -0.000824395 0.0270643 -0.0205863 -0.0110325 -0.0386481 -0.012942 0.0181251 -0.0421959 0.0109565 0.00670583 0.0122128 -0.0879983 0.13186 0.182761 0.0128469 0.0306018
internal_weight=18015 7546 3202 1899 396 10469 329 4344 1503 1247 3818 3696 2486 3044 1303 750 6651 4612 553 4567 1028 2039 273 628 2453 424 122 45 2335 1270
internal_count=10054 3775 1536 750 194 6279 160 2239 556 460 1444 1401 1065 1073 786 424 4835 3939 362 3917 582 896 152 328 1052 233 96 22 815 553
is_linear=0
shrinkage=0.05


Tree=91
num_leaves=30
num_cat=0
split_feature=29 5 24 28 1 1 17 26 23 11 9 28 1 8 27 1 26 4 5 26 5 10 27 5 28 1 11 0 5
split_gain=1187.36 891.06 1350.48 1240.87 1233.36 813.582 718.123 516.317 457.141 517.418 395.778 745.461 552.674 442.82 355.423 351.999 324.822 306.941 290.841 284.791 233.894 199.674 189.225 172.763 150.216 137.613 51.0935 33.6939 8.26848
threshold=22.599999427795414 -0.095000002533197389 271.25000000000006 63.500000000000007 68.500000000000014 84.500000000000014 0.14250000566244128 9.3499999046325701 96.500000000000014 -1.0000000180025095e-35 -0.6035499870777129 50.500000000000007 83.500000000000014 15.500000000000002 3.5499999523162846 75.500000000000014 14.050000190734865 1.685000002384186 -0.90500000119209278 10.650000095367433 -3.2350000143051143 0.60354998707771312 5.0499999523162851 -5.9949998855590811 83.500000000000014 84.500000000000014 0.60784998536109935 23.349999427795414 -2.4350000619888301
decision_type=2 2 2 2 2 2 2 2 2 2 2 2 2 2 2 2 2 2 2 2 2 2 2 2 2 2 2 2 2
left_child=1 4 5 17 7 -3 15 21 9 -9 13 20 -13 16 24 27 -6 19 -15 -4 -12 23 -19 -1 -5 -16 -10 -2 -29
right_child=6 2 3 14 10 -7 -8 8 26 -11 11 12 -14 18 25 -17 -18 22 -20 -21 -22 -23 -24 -25 -26 -27 -28 28 -30
leaf_value=-0.15040472646554312 0.071825752439382259 0.071825752439382259 -0.084183743739250444 -0.00092524733502186293 -0.13291394808378659 0.034813178360930321 0.34069947787693572 -0.00093564406626820557 0.071825752439382259 0.037728656356103972 -0.0063831421432911165 0.0003724183607706627 0.061287830560815652 -0.033750863617286089 0.034813178360930321 0.21162679357843084 -0.054795167882115359 -0.038919429047330777 0.032221148503904645 -0.02722701940729887 -0.032416333452263899 -0.14347999595543917 -0.00092524733502186293 -0.013507590249245022 0.020009235990596404 0.020009235990596404 0.044091520474427257 0.14527002822968269 0.11004202432102628
leaf_weight=24 30 544 268 1118 190 646 35 1341 258 1417 1364 590 536 1500 1530 20 241 338 188 1212 2348 34 324 580 504 612 156 31 36
leaf_count=12 18 257 188 462 110 493 14 495 86 534 1285 331 300 621 600 10 127 169 76 690 2221 19 189 236 168 264 52 13 14
internal_value=0.00284013 0.00165603 0.0154119 0.00562069 -0.00740976 0.0640057 0.141995 0.0154576 0.0237125 0.0163573 -0.0199331 -0.0120405 0.0235951 -0.037953 0.0229097 0.0825541 -0.0831871 -0.0247602 -0.0264033 -0.0375408 -0.0228503 -0.0255838 -0.000925247 -0.0189472 0.00520529 0.0348132 0.0718258 0.0718258 0.126342
internal_weight=18015 17863 7096 5906 10767 1190 152 3810 3172 2758 6957 4838 1126 2119 3764 117 431 2142 1688 1480 3712 638 662 604 1622 2142 414 97 67
internal_count=10054 9985 3480 2730 6505 750 69 1434 1167 1029 5071 4137 631 934 1494 55 237 1236 697 878 3506 267 358 248 630 864 138 45 27
is_linear=0
shrinkage=0.05


Tree=92
num_leaves=31
num_cat=0
split_feature=29 5 7 1 0 28 24 7 17 10 27 4 29 26 5 1 29 1 11 26 3 10 6 20 8 1 28 17 29 0
split_gain=1042.71 828.621 1569.72 1549.15 1149.7 834.341 776.65 685.92 659.89 637.392 802.76 596.453 540.77 399.67 383.825 329.748 322.647 299 378.873 275.648 238.458 221.988 182.126 155.271 127.631 123.394 112.508 84.0565 72.3333 69.8902
threshold=22.599999427795414 -0.095000002533197389 1019.5499877929689 83.500000000000014 27.650000572204593 60.500000000000007 534.58499145507824 1011.5499877929689 0.14250000566244128 0.3793999999761582 11.050000190734865 1.435000002384186 7.3500001430511483 16.44999980926514 5.2550001144409189 75.500000000000014 4.0499999523162851 70.500000000000014 -0.60784998536109913 8.7500000000000018 216.50000000000003 -0.6035499870777129 662.50000000000011 12.250000000000002 843.50000000000011 79.500000000000014 56.500000000000007 0.11649999767541887 8.5500001907348651 26.750000000000004
decision_type=2 2 2 2 2 2 2 2 2 2 2 2 2 2 2 2 2 2 2 2 2 2 2 2 2 2 2 2 2 2
left_child=1 4 3 6 7 22 -3 13 15 10 -5 -11 24 29 -8 -2 27 19 -19 -9 -18 -14 25 -23 -6 -4 -24 -7 -15 -1
right_child=8 2 5 9 12 16 14 17 -10 11 -12 -13 21 28 -16 -17 20 18 -20 -21 -22 23 26 -25 -26 -27 -28 -29 -30 -31
leaf_value=-0.18830238525711357 0.067430617463035719 0.067430617463035719 -0.0083766763818647044 -0.011136576810744233 0.0076371734140289506 -0.0083766763818647044 0.037580760915253114 -0.039215801254730752 0.32366448947361537 -0.094138048698058294 0.067430617463035719 0.0357896923976527 0.067430617463035719 -0.058238058245700344 -0.037676293878158663 0.19993575432288924 0.018524606311396404 0.0014678337035963537 -0.025830481251041593 0.0076371734140289506 0.067430617463035719 0.033045157715090666 -0.085946151092648512 0.067430617463035719 0.033045157715090666 -0.03121682135866476 -0.039211723824675658 0.0086275725931370482 0.0076371734140289506 -0.10582587751182351
leaf_weight=84 97 600 291 520 814 746 726 347 35 267 223 132 382 46 221 20 1605 1768 4522 2162 251 321 200 154 111 964 260 90 19 37
leaf_count=47 45 251 168 256 286 326 277 157 14 176 175 76 133 20 77 10 668 1256 3521 859 119 107 100 52 37 645 130 36 15 15
internal_value=0.00278351 0.00167388 0.014939 0.0450448 -0.00706851 -0.00343055 0.0674306 -0.0143448 0.133187 -0.0001805 0.0271931 -0.0511544 0.0296191 -0.109363 0.0200181 0.076207 0.013934 -0.0123362 -0.0181574 0.00225742 0.0256318 0.0584531 -0.0306874 0.0330452 0.00763717 -0.0208228 -0.0576007 -0.00837668 -0.00936322 -0.163082
internal_weight=18015 17863 7096 2689 10767 4407 1547 8985 152 1142 743 399 1782 186 947 117 2692 8799 6290 2509 1856 857 1715 475 925 1255 460 836 65 121
internal_count=10054 9985 3480 1288 6505 2192 605 5890 69 683 431 252 615 97 354 55 1149 5793 4777 1016 787 292 1043 159 323 813 230 362 35 62
is_linear=0
shrinkage=0.05


Tree=93
num_leaves=31
num_cat=0
split_feature=29 5 7 1 0 28 24 7 17 10 27 7 29 26 23 1 5 1 29 7 9 10 28 3 20 8 17 29 0 3
split_gain=929.777 786.599 1498.68 1427.61 1030.95 743.054 664.698 612.321 599.071 586.702 739.691 547.258 497.873 368.055 362.631 515.187 346.402 307.209 295.3 287.626 231.165 208.287 145.772 143.613 142.594 119.665 78.5332 66.4043 63.0759 54.3304
threshold=22.599999427795414 -0.095000002533197389 1019.5499877929689 83.500000000000014 27.650000572204593 60.500000000000007 534.58499145507824 1011.5499877929689 0.14250000566244128 0.3793999999761582 11.050000190734865 1016.2500000000001 7.3500001430511483 16.44999980926514 60.500000000000007 83.500000000000014 5.2550001144409189 75.500000000000014 4.0499999523162851 1019.0499877929689 -1.0000000180025095e-35 -0.6035499870777129 39.500000000000007 219.50000000000003 12.250000000000002 843.50000000000011 0.11649999767541887 8.5500001907348651 26.750000000000004 246.50000000000003
decision_type=2 2 2 2 2 2 2 2 2 2 2 2 2 2 2 2 2 2 2 2 2 2 2 2 2 2 2 2 2 2
left_child=1 4 3 6 7 22 -3 13 17 10 -5 -11 25 28 15 -9 -8 -2 26 -16 -20 -14 29 -24 -23 -6 -7 -15 -1 -4
right_child=8 2 5 9 12 18 16 14 -10 11 -12 -13 21 27 19 -17 -18 -19 20 -21 -22 24 23 -25 -26 -27 -28 -29 -30 -31
leaf_value=-0.17888726797841847 0.063900314081593024 0.063900314081593024 -0.14621091774897652 -0.010579748108194998 0.007214287649814282 -0.0078857529019694308 0.035701722740875581 -0.042006225057296169 0.30748128073556086 -0.18511747570047457 0.063900314081593024 -0.023480132947750504 0.063900314081593024 -0.055326154957646916 -0.010411746483094753 -0.010411746483094753 -0.035792478511101525 0.18959212284166738 0.0088637823087751241 0.007214287649814282 0.044449229845581452 0.031469936672933768 -0.034570570738320421 -0.0078857529019694308 0.063900314081593024 0.031469936672933768 0.0082445715615053032 0.007214287649814282 -0.10053458407118515 -0.061218650020752587
leaf_weight=84 97 600 32 520 814 746 726 1810 35 62 223 337 382 46 1881 3145 221 20 1047 1963 809 321 1243 396 154 111 90 19 37 44
leaf_count=47 45 251 32 256 286 326 277 1284 14 39 175 213 133 20 791 2868 77 10 423 850 364 107 711 256 52 37 36 15 15 44
internal_value=0.00285442 0.0018066 0.014731 0.0441477 -0.00671123 -0.00321804 0.0639003 -0.0136015 0.125994 0.000308318 0.0265709 -0.0485967 0.0280301 -0.103378 -0.0117037 -0.0206441 0.0190172 0.071703 0.0131691 -0.000179386 0.0243749 0.0557256 -0.0289406 -0.0258016 0.0314699 0.00721429 -0.00788575 -0.00741411 -0.154928 -0.0966357
internal_weight=18015 17863 7096 2689 10767 4407 1547 8985 152 1142 743 399 1782 186 8799 4955 947 117 2692 3844 1856 857 1715 1639 475 925 836 65 121 76
internal_count=10054 9985 3480 1288 6505 2192 605 5890 69 683 431 252 615 97 5793 4152 354 55 1149 1641 787 292 1043 967 159 323 362 35 62 76
is_linear=0
shrinkage=0.05


Tree=94
num_leaves=31
num_cat=0
split_feature=29 5 7 1 1 28 0 24 10 27 12 26 24 23 11 7 5 11 7 10 3 5 11 10 6 25 7 28 11 6
split_gain=828.419 742.696 1435.97 1312.18 926.087 663.982 571.305 560.285 540.527 681.976 524.886 487.58 413.95 347.382 427.252 316.361 312.628 291.179 386.727 274.126 288.671 261.03 254.316 199.124 165.357 130.272 120.335 109.01 44.059 16.0774
threshold=22.599999427795414 -0.095000002533197389 1019.5499877929689 83.500000000000014 70.500000000000014 60.500000000000007 23.050000190734867 534.58499145507824 0.3793999999761582 10.84999990463257 1.0000000180025095e-35 9.3499999046325701 142.08499908447268 96.500000000000014 -1.0000000180025095e-35 1010.0499877929689 5.2550001144409189 -0.60784998536109913 1019.0499877929689 0.98295000195503246 226.50000000000003 -2.3449999094009395 0.60784998536109935 0.78654998540878307 672.50000000000011 9.4499998092651385 1017.2500000000001 56.500000000000007 -0.87834998965263356 482.50000000000006
decision_type=2 2 2 2 2 2 2 2 2 2 2 2 2 2 2 2 2 2 2 2 2 2 2 2 2 2 2 2 2 2
left_child=1 4 3 7 11 24 -2 -3 9 -5 -10 23 -8 14 -13 22 -9 18 -17 20 -7 -19 29 26 25 -4 -1 -26 -15 -6
right_child=6 2 5 8 15 19 12 16 10 -11 -12 13 -14 28 -16 17 -18 21 -20 -21 -22 -23 -24 -25 27 -27 -28 -29 -30 -31
leaf_value=-0.0017932334918656938 0.060556142586274987 0.060556142586274987 -0.036591989955661985 -0.010960122072955325 -0.15350689337803769 0.0043559597501933401 0.28658584808481152 0.033916636520468169 -0.08580644748587575 0.060556142586274987 0.036799662566000181 -0.0017932334918656938 0.12456820507793652 0.037251775686738646 0.032471923681231397 -0.01822881709239145 -0.034002853227079723 -0.012499448859124662 0.028810757170483637 0.060556142586274987 0.060556142586274987 -0.036472080405548342 -0.019938431315951879 -0.16532531641423703 -0.084282630519786239 -0.0074787510033723055 -0.039294785688379935 -0.036591989955661985 0.060556142586274987 -0.20859364138709174
leaf_weight=394 33 600 546 507 26 2420 58 726 270 236 129 1484 61 48 1550 1131 221 2452 712 126 146 2115 45 24 180 749 378 240 381 27
leaf_count=154 19 251 346 249 11 1025 26 277 163 182 89 556 24 16 593 825 77 1868 463 56 68 1680 18 15 90 487 168 120 127 11
internal_value=0.00293364 0.00194458 0.0145031 0.0432978 -0.00633213 -0.00306638 0.119168 0.0605561 0.000774245 0.0259822 -0.0461669 0.0117946 0.18858 0.0199055 0.0139474 -0.0181947 0.0180664 -0.0168316 -5.61764e-05 0.0124243 0.00861863 -0.0236013 -0.107351 -0.0234919 -0.0273818 -0.0185401 -0.0190826 -0.0546439 0.0605561 -0.18157
internal_weight=18015 17863 7096 2689 10767 4407 152 1547 1142 743 399 4259 119 3463 3034 6508 947 6410 1843 2692 2566 4567 98 796 1715 1295 772 420 429 53
internal_count=10054 9985 3480 1288 6505 2192 69 605 683 431 252 1629 50 1292 1149 4876 354 4836 1288 1149 1093 3548 40 337 1043 833 322 210 143 22
is_linear=0
shrinkage=0.05


Tree=95
num_leaves=31
num_cat=0
split_feature=10 9 4 0 27 28 18 28 28 23 4 29 28 18 6 3 23 26 12 28 12 10 28 9 0 4 0 6 1 1
split_gain=698.404 765.57 719.873 1477.66 702.346 2837.79 1317.55 1267.55 665.206 769.769 529.012 516.687 353.25 543.722 315.933 265.636 416.775 312.891 284.166 225.878 310.955 220.056 219.79 204.659 203.166 188.092 183.701 228.969 139.592 136.596
threshold=0.3793999999761582 -0.6035499870777129 2.7150000333786015 22.349999427795414 11.250000000000002 39.500000000000007 6.8500001430511483 58.500000000000007 68.500000000000014 76.500000000000014 1.8849999904632571 5.8500001430511483 39.500000000000007 7.2500000000000009 127.50000000000001 59.500000000000007 81.500000000000014 12.650000095367433 -0.56175000965595234 90.500000000000014 1.0000000180025095e-35 -1.0000000180025095e-35 83.500000000000014 -1.0000000180025095e-35 22.550000190734867 -2.3049999475479122 25.849999427795414 602.50000000000011 71.500000000000014 89.500000000000014
decision_type=2 2 2 2 2 2 2 2 2 2 2 2 2 2 2 2 2 2 2 2 2 2 2 2 2 2 2 2 2 2
left_child=4 15 8 -4 7 -6 -7 21 12 24 14 22 13 -3 -8 16 17 18 -2 20 29 26 -9 -14 -10 -13 27 -1 -21 -17
right_child=1 2 3 -5 5 6 10 11 9 -11 -12 25 23 -15 -16 19 -18 -19 -20 28 -22 -23 -24 -25 -26 -27 -28 -29 -30 -31
leaf_value=-0.025290818758525582 -0.079885738836871237 -0.17104171990928518 -0.037433794795013055 0.42434490521748858 0.019936599374340502 0.076367220118704032 0.31450436569395523 -0.0076689030066840278 0.022506584867807038 0.2760296321967069 0.45297880411148078 0.0089028954146613704 -0.019815907635940603 -0.027058156420509346 0.16658949319432681 -0.048227892796459955 0.092498295415531506 -0.046969572407131017 -0.16099385344642123 0.0034792147237821787 0.0034792147237821787 -0.0076689030066840278 0.0089028954146613704 0.010303091473055442 0.13203438002130261 0.019936599374340502 -0.0076689030066840278 -0.061037655695810079 0.090459040282429126 -0.13136205491373096
leaf_weight=1010 100 71 41 30 1387 279 42 2509 532 34 20 1956 899 857 257 304 44 656 149 75 275 333 903 1414 46 2683 214 805 69 59
leaf_count=774 54 71 20 19 1326 145 26 1051 230 13 10 711 675 857 129 136 19 330 81 25 135 285 301 1004 18 989 107 452 23 33
internal_value=0.00226422 -0.0122974 -7.85043e-05 0.157684 0.00890607 0.036163 0.132798 0.00371016 -0.00298562 0.0448237 0.20402 0.013159 -0.0120135 -0.0380741 0.187367 -0.0399962 -0.0577764 -0.0650826 -0.112802 -0.018419 -0.0311856 -0.0284968 -0.00213081 -0.00155768 0.0312233 0.0199366 -0.0355282 -0.0411455 0.0381441 -0.0617401
internal_weight=18053 5655 3924 71 12398 1985 598 10413 3853 612 319 8051 3241 928 299 1731 949 905 249 782 638 2362 3412 2313 578 4639 2029 1815 144 363
internal_count=10049 3743 2907 39 6306 1636 310 4670 2868 261 165 3052 2607 928 155 836 484 465 135 352 304 1618 1352 1679 248 1700 1333 1226 48 169
is_linear=0
shrinkage=0.05


Tree=96
num_leaves=31
num_cat=0
split_feature=11 5 25 4 23 8 10 25 23 27 8 6 4 28 9 23 28 10 9 0 28 8 9 3 10 25 26 28 28 11
split_gain=651.586 802.357 1254.92 3509.38 762.257 646.446 638.673 662.868 470.801 466.734 433.698 435.372 400.526 346.089 339.785 436.773 302.587 299.468 286.808 288.547 247.244 234.478 230.91 219.324 241.249 216.312 176.876 158.696 141.561 141.013
threshold=0.60784998536109935 -0.35500000417232508 10.150000095367433 2.5649999380111699 102.50000000000001 581.50000000000011 -0.98295000195503224 13.550000190734865 30.500000000000004 8.0500001907348651 397.50000000000006 937.50000000000011 1.9950000047683718 54.500000000000007 -1.0000000180025095e-35 62.500000000000007 23.500000000000004 1.0000000180025095e-35 -0.6035499870777129 25.349999427795414 83.500000000000014 838.50000000000011 -0.6035499870777129 25.500000000000004 0.60354998707771312 9.3499999046325701 13.550000190734865 88.500000000000014 117.50000000000001 0.87834998965263378
decision_type=2 2 2 2 2 2 2 2 2 2 2 2 2 2 2 2 2 2 2 2 2 2 2 2 2 2 2 2 2 2
left_child=1 4 8 6 10 14 7 -4 13 20 23 25 -8 -3 15 17 -16 -2 21 -20 -10 27 28 -1 -25 -12 -19 -7 -6 -21
right_child=5 2 3 -5 22 18 12 -9 9 -11 11 -13 -14 -15 16 -17 -18 26 19 29 -22 -23 -24 24 -26 -27 -28 -29 -30 -31
leaf_value=-0.0035149928274115028 -0.12130228039257381 -0.10323877365678361 0.025557603131379038 0.46358201408386235 0.037260270351721164 0.00055770065879720413 0.03155860943565568 0.24912718079156349 -0.012540543684262002 0.025557603131379038 0.012325780383707881 -0.0035149928274115028 0.18926382609983772 -0.015284787634856734 -0.055724440203518827 -0.018261378086874929 4.6018348352976584e-05 -0.082308067091842102 0.00055770065879720413 0.054154381739056637 0.011532427416603134 0.10616510355914083 0.17271145935411808 -0.013531944415662484 -0.043238825012094355 0.037260270351721164 -0.043279975721742185 0.046684055511529252 0.13234229857722921 0.13894442637761437
leaf_weight=1344 196 157 48 50 162 367 2232 72 1867 533 567 1412 41 384 287 1060 1594 303 67 92 491 54 54 2035 1029 968 242 192 48 105
leaf_count=1100 98 143 21 20 54 143 1068 30 858 359 228 521 16 180 287 455 1204 217 33 36 164 18 20 1404 739 340 169 64 16 44
internal_value=0.00220538 0.00772673 0.0216112 0.0490008 -0.00297954 -0.0141371 0.0403384 0.152759 0.00211445 0.0101255 -0.00597582 0.00887337 0.0344033 -0.0406951 -0.0233259 -0.0388486 -0.00846335 -0.0682986 0.0244413 0.068012 -0.00249275 0.00567674 0.0804964 -0.0159034 -0.0235086 0.0281666 -0.0492367 0.000557701 0.0567839 0.099347
internal_weight=18053 13494 5875 2443 7619 4559 2393 120 3432 2891 7355 2947 2273 541 3682 1801 1881 741 877 264 2358 613 264 4408 3064 1535 545 559 210 197
internal_count=10049 7281 2859 1155 4422 2768 1135 51 1704 1381 4332 1089 1084 323 2430 939 1491 484 338 113 1022 225 90 3243 2143 568 386 207 70 80
is_linear=0
shrinkage=0.05


Tree=97
num_leaves=31
num_cat=0
split_feature=5 24 10 10 2 7 10 25 28 7 24 28 28 27 28 5 7 10 28 3 28 29 17 9 4 10 11 27 11 28
split_gain=601.945 1381.67 1673.27 818.283 988.148 883.113 877.253 1113.37 829.71 731.368 1194.6 461.056 451.815 536.448 405.227 387.009 815.375 857.81 416.225 343.676 292.779 289.283 282.42 280.872 280.338 416.029 267.939 243.515 243.139 240.507
threshold=2.6049998998641972 271.25000000000006 1.0000000180025095e-35 -0.6035499870777129 1.6800000071525576 1020.2500000000001 -0.91595000028610218 10.949999809265138 112.50000000000001 1015.8500061035157 547.08499145507824 84.500000000000014 22.500000000000004 15.550000190734865 39.500000000000007 -3.1149998903274532 1017.6499938964845 0.3793999999761582 50.500000000000007 35.500000000000007 77.500000000000014 5.7500000000000009 0.11950000002980234 -1.0000000180025095e-35 -1.7949999570846555 1.0000000180025095e-35 -1.0000000180025095e-35 11.250000000000002 0.87834998965263378 34.500000000000007
decision_type=2 2 2 2 2 2 2 2 2 2 2 2 2 2 2 2 2 2 2 2 2 2 2 2 2 2 2 2 2 2
left_child=3 2 -2 4 5 12 7 14 15 20 26 21 -1 -14 -6 24 17 -17 -18 -8 -3 -12 -10 -9 25 -5 -11 -4 -21 -26
right_child=1 9 27 8 6 -7 19 23 22 10 11 -13 13 -15 -16 16 18 -19 -20 28 -22 -23 -24 -25 29 -27 -28 -29 -30 -31
leaf_value=0.029011253329602561 0.086945581505172675 -0.10042030376624007 0.32010133158076898 0.012577313426833268 -0.14280273195888316 0.029011253329602561 0.029011253329602561 -0.015114370323224675 0.024273902968299101 0.086945581505172675 -0.0097661293295788626 0.048133003050732169 0.1099145822183117 0.30236928038299088 -0.046585060098844298 -0.02069821711215071 -0.031959175997439138 -0.09573947725626808 0.00036702666074297455 0.0099577888982642984 -0.0064634753890286866 0.023989988802522982 0.10852337981055599 0.029011253329602561 -0.021488199315625549 -0.038028750431132019 0.048133003050732169 0.56116461277008056 -0.05347668913015155 0.022114680879207607
leaf_weight=72 124 181 22 764 126 596 939 165 246 255 1890 579 382 40 832 893 1510 664 2924 998 153 564 167 245 351 867 137 20 178 1169
leaf_count=72 58 111 8 265 111 360 399 73 82 99 842 193 201 32 416 501 1499 424 1393 539 51 245 58 130 351 431 55 13 127 910
internal_value=0.00215709 0.0194789 0.160646 -0.00265521 0.0147387 0.0562861 0.00173645 -0.0294645 -0.0109799 0.0132449 0.0201321 0.00932042 0.107182 0.128157 -0.05924 -0.0141115 -0.0215723 -0.0527004 -0.0106417 0.0219175 -0.0573802 -0.000153025 0.0583409 0.0290113 7.36801e-05 -0.0143236 0.0869456 0.434893 0.000356312 0.0155224
internal_weight=18053 3925 166 14128 4573 1090 3483 1368 9555 3759 3425 3033 494 422 958 9142 5991 1557 4434 2115 334 2454 413 410 3151 1631 392 42 1176 1520
internal_count=10049 1675 79 8374 2460 665 1795 730 5914 1596 1434 1280 305 233 527 5774 3817 925 2892 1065 162 1087 140 203 1957 696 154 21 666 1261
is_linear=0
shrinkage=0.05


Tree=98
num_leaves=31
num_cat=0
split_feature=28 10 27 5 5 28 24 27 0 27 11 7 28 27 28 25 10 5 9 28 1 7 24 7 17 18 18 10 10 26
split_gain=552.197 646.596 2026.97 2209.77 1156.78 978.812 949.609 815.666 699.887 624.583 608.774 589.061 484.637 345.282 258.383 206.429 204.946 156.146 146.863 99.8771 84.2906 83.7411 93.2864 71.0847 63.3933 45.2579 41.7598 39.6433 30.6832 22.0831
threshold=22.500000000000004 0.3793999999761582 11.250000000000002 0.15500000119209292 5.4549999237060556 58.500000000000007 367.91499328613287 6.2500000000000009 23.050000190734867 16.44999980926514 -1.0000000180025095e-35 1021.0499877929689 90.500000000000014 15.550000190734865 43.500000000000007 10.650000095367433 0.78654998540878307 -4.694999933242797 -0.6035499870777129 8.5000000000000018 77.500000000000014 1019.5499877929689 332.91499328613287 1016.1499938964845 0.10750000178813936 19.150000572204593 7.9500000476837167 0.60354998707771312 -0.37939999997615809 19.150000572204593
decision_type=2 2 2 2 2 2 2 2 2 2 2 2 2 2 2 2 2 2 2 2 2 2 2 2 2 2 2 2 2 2
left_child=19 2 5 8 11 23 -6 12 -4 10 -5 17 -7 -10 29 26 -16 18 -3 24 -11 22 27 -2 -1 -23 -8 -21 -27 -13
right_child=1 4 3 9 6 7 15 -9 13 20 -12 14 -14 -15 16 -17 -18 -19 -20 21 -22 25 -24 -25 -26 28 -28 -29 -30 -31
leaf_value=-0.17708116531372073 -0.0031027846428258732 -0.017995963162558293 0.036147057588721221 0.23522523414259744 0.36854936917622888 -0.0031027846428258732 -0.017995963162558293 0.036147057588721221 0.079725194691813425 0.39404412841796876 0.092489253868197285 -0.017995963162558293 0.020546664574762494 0.20458292821307242 0.0019556530725200888 0.14852987406205159 0.037860840662844814 -0.017995963162558293 0.049378130629658706 -0.017995963162558293 0.27643332733557774 -0.070877636588823539 -0.070877636588823539 -0.017995963162558293 -0.070877636588823539 -0.017995963162558293 0.043287983331187024 -0.044436799875690915 -0.050847707133175282 0.0019556530725200888
leaf_weight=20 411 88 737 89 30 5115 28 1050 175 25 172 244 1886 81 553 49 822 3397 225 345 39 168 49 1951 32 58 87 26 48 53
leaf_count=20 340 45 661 48 16 2035 14 386 84 10 98 244 631 40 301 18 487 2260 185 345 28 168 49 1278 32 58 41 26 48 53
internal_value=0.00215605 0.00397157 0.0106346 0.0690538 -0.0100463 0.00324028 0.109905 0.0117904 0.0361471 0.182399 0.148075 -0.0143701 0.00494627 0.119231 0.0123865 0.0625922 0.0219073 -0.017996 0.0277208 -0.0399635 0.322375 -0.0349556 -0.0209271 -0.017996 -0.1068 -0.0564591 0.0259752 -0.017996 -0.0308178 -0.017996
internal_weight=18053 17307 11731 1318 5576 10413 194 8051 993 325 261 5382 7001 256 1672 164 1375 3710 313 746 64 694 420 2362 52 274 115 371 106 297
internal_count=10049 9303 5639 969 3664 4670 89 3052 785 184 146 3575 2666 124 1085 73 788 2490 230 746 38 694 420 1618 52 274 55 371 106 297
is_linear=0
shrinkage=0.05


Tree=99
num_leaves=31
num_cat=0
split_feature=11 5 27 7 8 27 5 8 25 7 23 0 2 7 5 7 4 20 7 26 21 23 10 10 11 8 12 1 7 28
split_gain=531.143 649.103 1827.33 1636.78 742.516 1334.28 1016.66 529.955 529.092 1250.31 443.319 439.347 431.234 419.175 419.917 512.84 349.937 345.521 324.039 270.358 210.527 374.334 257.171 217.069 189.381 182.033 177.565 175.821 153.368 137.153
threshold=0.60784998536109935 2.6950000524520878 11.250000000000002 1016.3500061035157 17.500000000000004 13.750000000000002 -0.33500000834465021 695.50000000000011 9.9499998092651385 1018.0499877929689 109.50000000000001 23.050000190734867 1.8750000000000002 1012.5499877929689 -2.1249999999999996 1017.3500061035157 -1.5249999761581419 7.5499999523162851 1025.2500000000002 9.0500001907348651 6.8500001430511483 57.500000000000007 -0.98295000195503224 0.91595000028610241 -0.87834998965263356 575.00000000000011 0.81174999475479137 57.500000000000007 1022.7500000000001 39.500000000000007
decision_type=2 2 2 2 2 2 2 2 2 2 2 2 2 2 2 2 2 2 2 2 2 2 2 2 2 2 2 2 2 2
left_child=1 4 8 -4 13 10 11 20 17 -10 12 -7 -6 -1 -15 -16 -9 19 -8 -3 21 -2 -22 25 -5 -24 -19 -18 -11 -25
right_child=7 2 3 24 5 6 18 16 9 28 -12 -13 -14 14 15 -17 27 26 -20 -21 22 -23 23 29 -26 -27 -28 -29 -30 -31
leaf_value=-0.094138556819573144 -0.21037046664800402 -0.077223607098820257 0.4985860620226179 0.26763318024183574 0.027939146261587878 0.053104078354649399 0.2373613126695156 0.013724980761008261 0.10958773154659412 0.02537359333534904 0.053104078354649399 0.15887116884241012 -0.001039889266150757 -0.001039889266150757 -0.073965217777092696 -0.015079570715965399 0.064241127826665578 0.02537359333534904 0.053104078354649399 -0.0056061419572900331 0.013724980761008261 -0.044518980112420621 -0.027900299008688186 -0.042883979438621309 0.10958773154659412 0.0056156265192684983 -0.0044569038465195601 0.17376535292024967 0.10958773154659412 0.013724980761008261
leaf_weight=159 39 191 35 19 782 165 125 192 210 712 334 101 4704 1601 443 2236 114 645 14.999999999999998 425 185 125 2935 107 92 470 463 54 37 338
leaf_count=116 23 88 21 14 363 147 69 67 70 269 124 52 1919 1382 358 1597 38 257 15 164 95 55 1930 107 46 198 193 18 17 237
internal_value=0.00186536 0.00685036 0.0281426 0.200407 0.00120239 0.0123423 0.0999794 -0.0128896 0.0187685 0.0485389 0.00622875 0.0531041 0.00277421 -0.014422 -0.0114606 -0.0248169 0.045331 0.0022083 0.209714 -0.0278122 -0.0178811 -0.073414 -0.015624 -0.018982 0.109588 -0.023274 0.0188984 0.0994453 0.0253736 0.013725
internal_weight=18053 13494 2829 146 10665 6226 406 4559 2683 959 5820 266 5486 4439 4280 2679 360 1724 140 616 4199 164 4035 3850 111 3405 1108 168 749 445
internal_count=10049 7281 1139 81 6142 2689 283 2768 1058 356 2406 199 2282 3453 3337 1955 123 702 84 252 2645 78 2567 2472 60 2128 450 56 286 344
is_linear=0
shrinkage=0.05


Tree=100
num_leaves=31
num_cat=0
split_feature=11 5 25 4 27 8 23 7 7 8 28 18 7 24 28 21 4 1 4 29 10 29 28 18 7 28 28 4 28 5
split_gain=490.756 641.39 1366.67 2522.81 739.565 874.218 537.165 635.746 529.275 450.945 414.226 397.174 367.939 332.181 386.041 315.324 240.432 234.008 225.186 220.317 211.903 210.749 190.537 187.964 176.936 168.394 162.966 158.097 146.76 143.97
threshold=0.60784998536109935 0.10500000044703485 10.150000095367433 2.5649999380111699 12.449999809265138 49.500000000000007 102.50000000000001 1011.4500122070314 1018.0499877929689 581.50000000000011 50.500000000000007 3.2500000000000004 1017.4500122070314 180.41500091552737 63.500000000000007 6.8500001430511483 -2.1850000619888301 68.500000000000014 1.7150000333786013 14.650000095367433 -0.78654998540878285 9.4499998092651385 73.500000000000014 4.8500001430511483 1017.5499877929689 23.500000000000004 47.500000000000007 0.36500000953674322 117.50000000000001 -1.0249999761581419
decision_type=2 2 2 2 2 2 2 2 2 2 2 2 2 2 2 2 2 2 2 2 2 2 2 2 2 2 2 2 2 2
left_child=1 6 13 4 8 -6 7 17 -4 15 11 -9 23 -3 18 26 22 27 -15 -12 -8 -19 -17 -11 -16 -18 -2 -1 -22 -27
right_child=9 2 3 -5 5 -7 20 10 -10 12 19 -13 -14 14 24 16 25 21 -20 -21 28 -23 -24 -25 -26 29 -28 -29 -30 -31
leaf_value=-0.0012690905228401851 -0.17561416258203222 0.027366993986475952 0.0758809505651592 0.4045234870910645 0.0758809505651592 0.24185949431525336 0.15605752600563899 -0.25084681709607443 0.027366993986475952 0.047087311131819604 0.0040355216064991055 -0.015214643287259154 0.00045554168297270992 -0.044209236761555082 -0.0098002992250679089 -0.061683338507925324 -0.047894015406307423 -0.1586799313437264 -0.0098002992250679089 0.03171422686675842 0.03171422686675842 -0.018658908456563952 -0.019678034077761537 0.15082268669920149 0.011179369036882561 0.00045554168297270992 -0.061683338507925324 -0.13005986752048615 0.12703103701273599 -0.017654850569359483
leaf_weight=103 47 246 297 50 179 99 54 18 1318 248 4641 2762 567 800 416 247 285 106 296 400 175 36 354 53 1434 1096 55 31 45 1621
leaf_count=37 27 163 101 20 122 45 20 10 551 85 1966 2565 228 479 175 125 285 51 157 155 59 12 136 20 564 913 31 16 15 927
internal_value=0.00219321 0.00698671 0.0208986 0.0539604 0.044701 0.120027 -0.00154722 -0.00387718 0.0317346 -0.011964 -0.00124526 -0.0167403 0.0204748 0.000773554 -0.00500826 -0.0195637 -0.0171095 -0.0784578 -0.0285236 0.00729993 0.0673056 -0.123182 -0.0459765 0.065353 0.00892299 -0.0113303 -0.106257 -0.031064 0.0455211 -0.00749493
internal_weight=18079 13506 5135 1943 1893 278 8371 8097 1615 4573 7821 2780 868 3192 2946 3705 3603 276 1096 5041 274 142 601 301 1850 3002 102 134 220 2717
internal_count=10060 7283 2377 839 819 167 4906 4812 652 2777 4696 2575 333 1538 1375 2444 2386 116 636 2121 94 63 261 105 739 2125 58 53 74 1840
is_linear=0
shrinkage=0.05


Tree=101
num_leaves=31
num_cat=0
split_feature=11 5 27 4 8 25 7 23 7 8 28 28 7 18 9 7 11 21 9 23 28 28 25 9 28 11 18 11 28 5
split_gain=445.057 583.092 1239.7 1864.65 979.156 699.458 504.332 481.047 574.299 403.421 396.001 375.589 367.565 358.449 348.061 333.771 324.208 282.14 259.094 290.911 231.166 228.355 222.069 192.28 181.965 199.847 169.638 155.099 133.198 131.028
threshold=0.60784998536109935 0.10500000044703485 11.050000190734865 2.5649999380111699 49.500000000000007 10.150000095367433 1020.1499938964845 102.50000000000001 1011.4500122070314 581.50000000000011 53.500000000000007 50.500000000000007 1018.0499877929689 3.2500000000000004 -1.0000000180025095e-35 1017.4500122070314 -1.0000000180025095e-35 6.8500001430511483 -1.0000000180025095e-35 62.500000000000007 23.500000000000004 85.500000000000014 9.4499998092651385 -0.6035499870777129 73.500000000000014 -0.87834998965263356 4.8500001430511483 0.87834998965263378 117.50000000000001 -3.3549998998641963
decision_type=2 2 2 2 2 2 2 2 2 2 2 2 2 2 2 2 2 2 2 2 2 2 2 2 2 2 2 2 2 2
left_child=1 7 5 4 -4 10 -6 8 24 17 22 13 -7 -10 -13 26 -14 27 19 -19 -20 -12 -3 28 -1 -26 -11 -2 -9 -17
right_child=9 2 3 -5 6 12 -8 23 11 15 21 14 16 -15 -16 29 -18 18 20 -21 -22 -23 -24 -25 25 -27 -28 -29 -30 -31
leaf_value=-0.15980878542451299 -0.06448577322850102 -0.10470458082854749 0.048691537190813906 0.46439571611342895 0.23992158449613132 0.048691537190813906 0.11185116064831752 0.030030929293032874 -0.23830447445313135 0.044732945592653367 -0.0055958939864171808 0.0020806634943985633 0.017270064748063422 -0.014453910932953871 0.030030929293032874 0.039360576780403361 0.048691537190813906 -0.054797797200917299 -0.045499314597170604 -0.013344739035134249 0.00039177207747930214 0.017270064748063422 -0.031026264702438841 0.14825464663682161 -0.099680275388625506 -0.0052777975375922223 0.14328155022747111 -0.20596134112431455 0.12067948622836007 0.00039177207747930214
leaf_weight=51 76 152 420 31 117 325 48 175 18 248 2285 4540 778 2762 501 221 459 705 285 1059 1554 426 94 54 119 106 53 26 45 346
leaf_count=32 45 119 305 21 59 110 17 59 10 85 1020 1871 332 2565 250 85 182 463 285 451 1187 142 70 20 44 40 20 13 15 143
internal_value=0.00212682 0.00669168 0.0199563 0.0864972 0.0664718 0.0108858 0.175011 -0.00144517 -0.00365007 -0.0113551 -0.00341115 -0.00114857 0.0379513 -0.0159033 0.00698834 0.0193268 0.0188836 -0.0185433 -0.0162217 -0.0299119 -0.0030899 0.00210068 -0.0641532 0.0637119 -0.074535 -0.0552062 0.0620854 -0.100548 0.0429605 0.000391772
internal_weight=18079 13506 5135 616 585 4519 165 8371 8097 4573 2957 7821 1562 2780 5041 868 1237 3705 3603 1764 1839 2711 246 274 276 225 301 102 220 567
internal_count=10060 7283 2377 402 381 1975 76 4906 4812 2777 1351 4696 624 2575 2121 333 514 2444 2386 914 1472 1162 189 94 116 84 105 58 74 228
is_linear=0
shrinkage=0.05


Tree=102
num_leaves=21
num_cat=0
split_feature=8 5 24 29 0 9 9 10 23 11 29 0 4 12 26 2 18 8 27 29
split_gain=428.512 434.179 709.702 449.745 461.074 383.912 358.714 357.951 197.683 171.909 162.036 157.418 135.413 133.657 132.434 82.5791 44.3401 20.9877 2.71692 1.42736
threshold=838.50000000000011 2.9450000524520878 569.58499145507824 19.050000190734867 27.849999427795414 0.60354998707771312 -1.0000000180025095e-35 -0.91595000028610218 30.500000000000004 1.0000000180025095e-35 7.0499999523162851 23.050000190734867 -0.4849999994039535 1.0000000180025095e-35 8.0500001907348651 4.4849998950958261 2.5499999523162846 866.50000000000011 4.4500000476837167 5.2500000000000009
decision_type=2 2 2 2 2 2 2 2 2 2 2 2 2 2 2 2 2 2 2 2
left_child=1 3 -3 4 6 9 7 -1 -8 12 -6 -5 -4 -11 18 -16 17 19 -7 -2
right_child=16 2 5 11 10 14 8 -9 -10 13 -12 -13 -14 -15 15 -17 -18 -19 -20 -21
leaf_value=-0.052449559878953028 0.041065926373961809 0.041065926373961809 -0.032100702920183542 0.018507226563462119 0.0055726253950268197 -0.10811359746889636 -0.014385677358188765 -0.011728525516480383 0.0055726253950268197 0.023018965727017414 0.018507226563462119 0.041065926373961809 0.0081754582741622971 -0.006637551751864818 0.013581786199350548 -0.03940100045874715 0.12158666054407757 0.087149071902559522 -0.087727021712523251 0.053981589078903207
leaf_weight=594 36 608 250 73 731 44 1471 5900 4383 563 894 294 1263 429 99 286 48 57 26 30
leaf_count=267 12 260 95 48 257 22 1337 2771 3388 215 304 130 506 207 44 139 16 19 13 10
internal_value=0.00205442 0.00130221 0.0169101 -0.00258125 -0.00405147 0.00497201 -0.00736198 -0.0154532 0.00161388 0.0126464 0.0185072 0.0410659 0.00152044 0.023019 -0.0372791 -0.0257769 0.0808296 0.0649245 -0.100541 0.0457305
internal_weight=18079 17908 3568 14340 13973 2960 12348 6494 5854 2505 1625 367 1513 992 455 385 171 123 70 66
internal_count=10060 10003 1501 8502 8324 1241 7763 3038 4725 1023 561 178 601 422 218 183 57 41 35 22
is_linear=0
shrinkage=0.05


Tree=103
num_leaves=31
num_cat=0
split_feature=10 27 28 0 6 9 11 5 24 28 6 22 9 28 7 7 7 25 11 5 7 28 28 17 11 28 1 7 7 27
split_gain=411.323 800.036 896.548 862.168 576.741 508.341 559.575 483.282 1257.83 499.788 403.95 386.617 316.2 310.573 322.523 306.835 733.688 634.841 441.396 270.585 220.494 216.687 208.032 202.367 201.377 196.755 168.674 127.098 121.611 86.6558
threshold=-0.6035499870777129 11.250000000000002 58.500000000000007 23.050000190734867 892.50000000000011 -1.0000000180025095e-35 -1.0000000180025095e-35 3.4050000905990605 275.41499328613287 112.50000000000001 367.50000000000006 18.750000000000004 0.98295000195503246 25.500000000000004 1021.1499938964845 1016.0499877929689 1018.1499938964845 10.150000095367433 -1.0000000180025095e-35 -0.044999999925494187 1021.2500000000001 77.500000000000014 47.500000000000007 0.11950000002980234 -1.0000000180025095e-35 55.500000000000007 52.500000000000007 1024.6499633789065 1015.2500000000001 13.550000190734865
decision_type=2 2 2 2 2 2 2 2 2 2 2 2 2 2 2 2 2 2 2 2 2 2 2 2 2 2 2 2 2 2
left_child=1 2 10 19 -4 -5 -7 9 11 12 -1 -9 13 24 -15 21 17 -17 -18 -3 22 29 -12 -11 -2 -8 -25 -22 -6 -10
right_child=7 3 4 5 28 6 25 8 15 23 20 -13 -14 14 -16 16 18 -19 -20 -21 27 -23 -24 26 -26 -27 -28 -29 -30 -31
leaf_value=-0.0027860172783619563 -0.098938544549047949 0.027392043303788284 0.027392043303788284 0.070306580859091194 0.012303013012713164 0.26657507924472584 0.070306580859091194 0.15737050692240398 -0.12070590882074267 0.018419754262789186 -0.065750280783977363 0.44562185563539203 0.018405220365036567 -0.015020429886110838 0.0075510450095107942 0.021222057770707726 -0.034744012418546182 0.14097652134015651 0.023074667765406027 0.070306580859091194 -0.075721425334138698 0.0084273020804782103 -0.022648351953000627 0.19735502401987715 -0.03022292199969084 0.18941611196936631 0.065825939075304915 -0.022648351953000627 -0.0027860172783619563 -0.043539246770129214
leaf_weight=453 150 603 1475 175 156 85 76 30 84 249 280 19 447 6786 2064 162 475 135 1082 152 475 96 374 30 339 41 130 60 1375 21
leaf_count=325 150 536 566 76 52 41 43 13 40 83 200 12 380 3898 1317 70 181 46 476 109 246 32 187 10 339 15 45 32 519 21
internal_value=0.00213386 0.0131352 0.00395503 0.0508291 0.0201849 0.113221 0.16894 -0.00303629 0.0187813 -0.0075389 -0.025757 0.269141 -0.00980213 -0.0118996 -0.0097563 0.0128116 0.0191731 0.0911904 0.0054357 0.027392 -0.0425107 -0.0458661 -0.0230362 0.0466126 -0.0506895 0.0980081 0.0904876 -0.0663169 -0.00278602 -0.0955058
internal_weight=18079 5780 4648 1132 3006 377 202 12299 2104 10195 1642 49 9786 9339 8850 2055 1854 297 1557 755 1189 201 654 409 489 117 160 535 1531 105
internal_count=10060 2947 2127 820 1137 175 99 7113 891 6222 990 25 6084 5704 5215 866 773 116 657 645 665 93 387 138 489 58 55 278 571 61
is_linear=0
shrinkage=0.05


Tree=104
num_leaves=31
num_cat=0
split_feature=11 4 25 7 29 10 7 7 29 24 9 2 8 28 7 9 23 25 7 28 9 23 9 21 9 23 28 28 9 18
split_gain=387.578 439.317 1412.06 1032.63 712.907 406.549 814.092 357.663 459.145 439.884 421.477 379.403 346.583 317.524 443.582 434.502 309.53 481.287 300.11 287.042 260.533 275.72 285.947 245.113 226.795 248.632 223.819 204.036 163.159 150.497
threshold=0.60784998536109935 1.8849999904632571 9.8499999046325701 1017.0499877929689 5.4500000476837167 0.3793999999761582 1014.6499938964845 1020.0499877929689 20.750000000000004 40.415000915527351 -1.0000000180025095e-35 5.7950000762939462 581.50000000000011 79.500000000000014 1021.0499877929689 -0.6035499870777129 80.500000000000014 8.8499999046325701 1017.4500122070314 41.500000000000007 0.60354998707771312 30.500000000000004 -1.0000000180025095e-35 6.8500001430511483 -1.0000000180025095e-35 62.500000000000007 55.500000000000007 23.500000000000004 -0.6035499870777129 4.8500001430511483
decision_type=2 2 2 2 2 2 2 2 2 2 2 2 2 2 2 2 2 2 2 2 2 2 2 2 2 2 2 2 2 2
left_child=1 5 20 4 -4 7 16 9 26 19 -10 -11 23 14 -8 -15 28 -18 29 -1 21 -3 -23 -2 25 -25 -9 -26 -7 -14
right_child=12 2 3 -5 -6 6 13 8 10 11 -12 -13 18 15 -16 -17 17 -19 -20 -21 -22 22 -24 24 27 -27 -28 -29 -30 -31
leaf_value=0.098362968200746859 -0.093539383419442415 -0.072143166698515421 0.16754295335875619 0.097081032076118998 0.45765097618103029 -0.085296639388140583 -0.019109162848068455 -0.032540614715366699 0.048796799257310147 0.020175840458231026 0.21479600826088263 -0.025465313987227862 0.042246959868615735 0.023250729750343369 0.020562542650505302 0.17331498326926398 -0.013579917259024386 0.19376802625078146 0.00044600929666319122 0.32135495662689212 -0.019758924853897866 0.0050111478876346859 0.096960643998214191 -0.050755740341248246 -0.042586823108916483 -0.012433078513912526 0.00028256075808691768 0.00044600929666319122 -0.03658662532542041 0.13506935812392326
leaf_weight=21 102 48 45 62 40 416 1749 694 43 5203 49 499 248 258 1180 58 48 33 567 20 341 153 189 705 285 1059 2064 1554 293 53
leaf_count=21 58 24 15 41 17 195 1277 546 19 2602 24 191 85 94 734 21 20 11 228 10 167 71 87 463 285 451 848 1187 248 20
internal_value=0.00213929 0.0063992 0.0405984 0.181998 0.304064 0.00402139 -0.00907072 0.010169 -0.00431141 0.017355 0.10557 0.0161816 -0.010442 0.00201059 -0.00312671 0.0496282 -0.0545882 0.038007 0.0179965 0.180544 0.0121636 0.0400754 0.0558253 -0.0171045 -0.0149407 -0.0277491 -0.00797679 -0.00265461 -0.0651668 0.0585911
internal_weight=18079 13506 878 147 85 12628 4035 8593 2850 5743 92 5702 4573 3245 2929 316 790 81 868 41 731 390 342 3705 3603 1764 2758 1839 709 301
internal_count=10060 7283 422 73 32 6861 2600 4261 1437 2824 43 2793 2777 2126 2011 115 474 31 333 31 349 182 158 2444 2386 914 1394 1472 443 105
is_linear=0
shrinkage=0.05


Tree=105
num_leaves=31
num_cat=0
split_feature=10 27 28 8 29 20 28 28 11 4 7 8 20 7 4 5 7 5 28 8 4 4 11 10 3 5 27 25 1 28
split_gain=396.3 963.734 1027.64 553.094 481.831 424.523 408.295 328.152 294.771 439.309 347.097 269.931 264.328 248.913 213.829 182.717 176.796 233.389 174.694 170.178 162.515 133.053 123.259 109.55 108.571 98.4519 81.9425 60.2015 56.8233 33.6369
threshold=-0.98295000195503224 13.750000000000002 53.500000000000007 206.50000000000003 5.5499999523162851 12.84999990463257 73.500000000000014 137.00000000000003 -0.60784998536109913 -3.1450001001358028 1011.5499877929689 829.50000000000011 8.6500000953674334 1026.1499633789065 -0.74500000476837147 -5.9949998855590811 1023.3500061035157 -3.0949999094009395 15.500000000000002 397.50000000000006 -0.15500000119209287 -0.8149999976158141 1.0000000180025095e-35 -0.6035499870777129 117.50000000000001 -2.564999938011169 16.44999980926514 14.150000095367433 86.500000000000014 19.500000000000004
decision_type=2 2 2 2 2 2 2 2 2 2 2 2 2 2 2 2 2 2 2 2 2 2 2 2 2 2 2 2 2 2
left_child=1 2 3 -1 -4 25 8 11 10 16 28 14 19 18 23 -12 17 -10 -11 -5 -16 -15 -14 -8 -9 27 -7 -3 -2 -17
right_child=6 5 4 12 -6 26 7 24 9 13 15 -13 22 21 20 29 -18 -19 -20 -21 -22 -23 -24 -25 -26 -27 -28 -29 -30 -31
leaf_value=-0.30678901773411782 -0.21936245466533461 0.079274110209805487 0.0078703596576018553 -0.17076453087122545 0.079274110209805487 0.19331737995147705 0.02541737919186687 0.16247367032549598 -0.064158080987956209 -0.053968458876194315 -0.15660014240830034 0.058107369105033717 0.0078703596576018553 -0.0028885019419249147 0.032622892696382605 -0.068690790345844563 0.0023156353030869092 -0.18597974872589113 -0.0061171330538821265 -0.048760137254020473 0.011420118640993232 -0.089533257755667561 -0.048760137254020473 0.0023156353030869092 0.058107369105033717 0.079274110209805487 0.30592991987864182 0.16228325429460236 -0.098616164997220035 0.0023156353030869092
leaf_weight=20 19 22 121 46 261 35 555 44 184 196 27 189 112 64 516 78 30 50 7101 73 1781 144 97 3395 42 44 30 24 20 2840
leaf_count=12 13 11 52 26 111 14 185 15 95 196 12 63 56 29 174 78 15 25 4939 39 640 97 52 1222 16 26 12 12 14 1866
internal_value=0.00204564 0.034679 0.0106364 -0.0515178 0.0672585 0.147912 0.00037383 0.0102439 -0.00561267 -0.0111698 0.00231564 0.00894749 -0.0359524 -0.0089398 0.00713842 0.00231564 -0.0745635 -0.0901884 -0.00740244 -0.0954371 0.0195198 -0.0628733 -0.00208321 0.00231564 0.107267 0.0792741 0.245292 0.152461 -0.157441 0.00231564
internal_weight=18160 885 730 348 382 155 17275 6522 10753 7769 2984 6436 328 7505 6247 2945 264 234 7297 119 2297 208 209 3950 86 90 65 46 39 2918
internal_count=10117 423 348 185 163 75 9694 2315 7379 5396 1983 2284 173 5261 2221 1956 135 120 5135 65 814 126 108 1407 31 49 26 23 27 1944
is_linear=0
shrinkage=0.05


Tree=106
num_leaves=31
num_cat=0
split_feature=10 27 28 5 7 7 27 28 9 0 4 1 27 3 6 18 28 18 10 28 5 9 10 9 5 7 7 7 9 10
split_gain=375.608 663.462 697.005 675.693 582.97 579.997 426.373 395.504 354.64 735.157 1433.3 466.773 370.691 354.167 348.529 316.567 307.626 355.446 305.845 292.399 303.031 273.621 251.734 226.577 201.667 198.175 194.153 187.145 168.179 165.812
threshold=-0.6035499870777129 11.250000000000002 52.500000000000007 -0.55500000715255726 1020.0499877929689 1019.9500122070314 15.550000190734865 39.500000000000007 -1.0000000180025095e-35 21.849999427795414 1.9149999618530276 74.500000000000014 11.250000000000002 206.50000000000003 367.50000000000006 7.1499998569488534 55.500000000000007 8.4499998092651385 -1.0000000180025095e-35 90.500000000000014 -0.49500000476837153 0.3793999999761582 -1.0000000180025095e-35 0.78654998540878307 6.3849999904632577 1018.7500000000001 1019.2500000000001 1018.6499938964845 0.98295000195503246 -0.98295000195503224
decision_type=2 2 2 2 2 2 2 2 2 2 2 2 2 2 2 2 2 2 2 2 2 2 2 2 2 2 2 2 2 2
left_child=1 2 14 16 6 -4 21 15 11 18 28 19 -12 -7 -1 23 -3 -18 -10 27 -21 -5 -17 -2 -13 -8 -20 -9 -11 -6
right_child=7 3 5 4 29 13 25 8 9 10 12 24 -14 -15 -16 22 17 -19 26 20 -22 -23 -24 -25 -26 -27 -28 -29 -30 -31
leaf_value=-0.01032431576606524 -0.19307837730798968 0.025171885539806163 0.025171885539806163 0.16337721378288486 0.12024649077135584 -0.01032431576606524 0.17499101159470073 -0.011479172970547465 -0.011479172970547465 0.033449360198621735 0.19396699443459511 -0.011479172970547465 0.45391659935315448 0.025171885539806163 -0.059779869250322672 -0.05140845254366827 0.071984328357532462 0.25637804269790648 0.033449360198621735 0.010490131374336154 0.057867549508810047 0.033862639336209553 -0.011479172970547465 -0.057417451350452155 0.1052820358098599 0.32968448046091442 0.005356303012178449 0.008025476037343611 0.14463040290607349 0.025171885539806163
leaf_weight=364 39 684 1835 88 46 1590 39 868 479 524 32 3211 24 337 579 430 59 32 377 1146 470 76 1294 146 57 37 1452 1708 36 101
leaf_count=281 39 564 682 44 20 663 32 346 312 380 11 1693 12 159 357 430 24 13 257 382 159 63 1294 146 25 19 892 713 30 75
internal_value=0.0020243 0.0124331 0.0040772 0.0462666 0.100677 0.0137123 0.148726 -0.00294344 0.000901927 0.0156611 0.0641898 -0.00488303 0.305374 -0.00659031 -0.0343609 -0.0238603 0.0251719 0.118797 0.00270889 0.00738346 0.0240559 0.103358 -0.0171904 -0.0860162 -0.0114792 0.246624 0.0144451 -0.00307565 0.0400714 0.0251719
internal_weight=18160 5867 4705 1162 387 3762 240 12293 10384 2924 616 7460 56 1927 943 1909 775 91 2308 4192 1616 164 1724 185 3268 76 1829 2576 560 147
internal_count=10117 2996 2142 854 253 1504 158 7121 5212 1894 433 3318 23 822 638 1909 601 37 1461 1600 541 107 1724 185 1718 51 1149 1059 410 95
is_linear=0
shrinkage=0.05


Tree=107
num_leaves=31
num_cat=0
split_feature=28 10 27 3 3 28 27 18 4 24 0 28 28 0 25 9 28 9 28 27 17 1 11 10 9 28 9 10 1 1
split_gain=353.861 378.561 1228.44 697.547 713.484 569.159 534.802 525.446 440.269 686.104 514.614 272.622 268.566 263.248 240.541 222.012 414.546 190.112 94.8121 94.3718 79.9118 74.9768 72.5862 71.4956 83.6566 77.7869 70.7467 51.9362 33.4243 31.2834
threshold=22.500000000000004 0.3793999999761582 11.250000000000002 260.50000000000006 98.500000000000014 58.500000000000007 6.2500000000000009 6.8500001430511483 1.7849999666213991 336.25000000000006 22.250000000000004 90.500000000000014 55.500000000000007 22.94999980926514 20.300000190734867 -1.0000000180025095e-35 42.500000000000007 1.0000000180025095e-35 71.500000000000014 12.949999809265138 0.12550000101327899 71.500000000000014 -1.0000000180025095e-35 -1.0000000180025095e-35 0.78654998540878307 4.5000000000000009 0.3793999999761582 -1.0000000180025095e-35 97.500000000000014 77.500000000000014
decision_type=2 2 2 2 2 2 2 2 2 2 2 2 2 2 2 2 2 2 2 2 2 2 2 2 2 2 2 2 2 2
left_child=20 2 5 4 12 27 11 -6 14 10 -10 -7 -4 -5 15 -3 -17 22 -19 -12 23 -15 -11 24 25 -1 -27 -2 -26 -16
right_child=1 8 3 13 7 6 -8 -9 9 17 19 -13 -14 21 29 16 -18 18 -20 -21 -22 -23 -24 -25 28 26 -28 -29 -30 -31
leaf_value=-0.15322419404983523 -0.01420947527228885 -0.01420947527228885 0.028160496594499002 0.028160496594499002 0.061013053650738759 -0.00257384279600739 0.028160496594499002 0.19194857210137892 0.09736458583639733 0.0081304647629299471 0.22249923825263976 0.01579854673763971 0.11341718471411505 0.075303813339268388 0.14539218057285658 -0.01420947527228885 0.020501116899310088 -0.01420947527228885 0.058284067830189745 0.37100608141525937 -0.01420947527228885 0.1603777348995209 0.075670713127531986 -0.027312184562726789 -0.07222789935975768 -0.09001238387491968 -0.027312184562726789 -0.00257384279600739 -0.15842658877372742 0.062847475955883664
leaf_weight=12.999999999999998 2050 2791 243 568 122 5088 1070 206 29 62 20 1919 99 33 22 1015 1333 147 47 23 131 52 111 177 179 45 201 328 11.999999999999998 24
leaf_count=13 1348 1594 173 530 74 2020 393 114 26 31 7 642 38 17 8 1015 839 79 18 17 131 30 54 177 179 45 201 280 12 12
internal_value=0.00178322 0.0032399 0.00833585 0.0537293 0.0905603 0.00259166 0.00906179 0.143247 -0.00743224 0.040646 0.18177 0.0034366 0.0400304 0.0281605 -0.0115029 -0.0125218 0.00136671 0.0129596 -0.0142095 0.301933 -0.0316589 0.122447 0.0514655 -0.0404149 -0.0525393 -0.0340261 -0.027727 -0.0142095 -0.0776435 0.102325
internal_weight=18160 17402 11778 1323 670 10455 8077 328 5624 439 72 7007 342 653 5185 5139 2348 367 194 43 758 85 173 627 450 259 246 2378 191 46
internal_count=10117 9359 5659 976 399 4683 3055 188 3700 232 50 2662 211 577 3468 3448 1854 182 97 24 758 47 85 627 450 259 246 1628 191 20
is_linear=0
shrinkage=0.05


Tree=108
num_leaves=20
num_cat=0
split_feature=28 0 7 8 9 0 28 9 28 29 28 17 6 5 3 18 8 7 3
split_gain=330.301 324.877 504.113 710.139 316.058 569.159 499.33 310.978 284.954 206.616 175.384 170.36 123.525 122.606 99.5645 38.1931 37.9128 21.3275 0.412555
threshold=137.00000000000003 29.050000190734867 1014.6499938964845 389.50000000000006 -1.0000000180025095e-35 20.750000000000004 77.500000000000014 1.0000000180025095e-35 49.500000000000007 7.4500000476837167 37.500000000000007 0.11150000244379045 832.50000000000011 -0.84499999880790699 117.50000000000001 3.1499999761581425 843.50000000000011 1010.0499877929689 18.500000000000004
decision_type=2 2 2 2 2 2 2 2 2 2 2 2 2 2 2 2 2 2 2
left_child=1 2 3 7 6 10 8 11 -4 16 -6 -1 -9 -8 -2 18 -3 -5 -11
right_child=14 9 4 17 5 -7 13 12 -10 15 -12 -13 -14 -15 -16 -17 -18 -19 -20
leaf_value=-0.09503161927707765 0.15204892591996627 0.013857857393258829 -0.05940408674982664 -0.014046411838397744 -0.019918304810268312 0.013857857393258829 -0.0011774639675858061 -0.014046411838397744 -0.010704462516669405 0.041121912093852853 0.002777681538421992 -0.046786983246273936 -0.1630584512438093 0.013857857393258829 0.050209930327384189 0.050209930327384189 0.032033893860321509 0.013857857393258829 0.032033893860321509
leaf_weight=247 44 489 321 39 1477 3288 1294 540 4675 39 2009 706 13.999999999999998 1900 42 287 102 527 120
leaf_count=152 15 167 284 13 1477 2186 453 471 2257 13 1283 329 7 641 16 96 34 183 40
internal_value=0.0015643 0.00109916 -0.000554691 -0.0236626 0.00264651 0.0106365 -0.0039621 -0.0419507 -0.0138335 0.0282704 -0.00683849 -0.0592911 -0.0140464 0.0114786 0.0993207 0.0502099 0.0138579 0.0138579 0.0320339
internal_weight=18160 18074 17037 2073 14964 6774 8190 1507 4996 1037 3486 953 554 3194 86 446 591 566 159
internal_count=10117 10086 9736 1155 8581 4946 3635 959 2541 350 2760 481 478 1094 31 149 201 196 53
is_linear=0
shrinkage=0.05


Tree=109
num_leaves=31
num_cat=0
split_feature=10 7 2 28 6 25 10 10 28 5 24 7 10 5 7 10 28 10 8 7 29 9 28 7 7 11 1 7 8 11
split_gain=321.96 529.658 902.832 577.407 680.768 491.755 461.847 445.619 326.759 335.78 497.589 329.949 376.118 293.376 434.497 441.069 325.06 293.287 1726.74 247.37 224.408 216.324 353.928 206.337 263.319 181.685 168.553 165.903 575.222 256.515
threshold=-0.6035499870777129 1021.4500122070314 1.6800000071525576 52.500000000000007 887.50000000000011 20.750000000000004 -0.98295000195503224 -0.98295000195503224 137.00000000000003 2.5449999570846562 419.58500671386724 1015.9500122070314 0.3793999999761582 -2.1249999999999996 1018.9500122070314 0.78654998540878307 39.500000000000007 -0.91595000028610218 70.500000000000014 1018.1499938964845 11.449999809265138 1.0000000180025095e-35 65.500000000000014 1016.8500061035157 1014.6499938964845 1.0000000180025095e-35 79.500000000000014 1014.6499938964845 401.50000000000006 1.0000000180025095e-35
decision_type=2 2 2 2 2 2 2 2 2 2 2 2 2 2 2 2 2 2 2 2 2 2 2 2 2 2 2 2 2 2
left_child=1 2 6 17 -5 21 20 -7 9 13 -11 12 -12 27 15 -15 -16 18 -4 -13 -1 22 -3 24 -8 -22 -23 28 -2 -29
right_child=8 5 3 4 -6 7 23 -9 -10 10 11 19 -14 14 16 -17 -18 -19 -20 -21 25 26 -24 -25 -26 -27 -28 29 -30 -31
leaf_value=0.062092643857002264 -0.03576897868993182 -0.049710108036799532 -1.0823004484176637 0.042275008155346835 0.0012019200507810399 0.21473650932312013 0.042275008155346835 0.035736967841578697 0.094205023452293049 0.04530277851859757 -0.026878594087776292 0.024639506408607837 -0.20888345675034958 -0.025760240190067726 -0.039334096243088222 -0.09397681353945439 0.0015541792984194189 0.0012019200507810399 -0.039475191326390852 0.00078002883975435882 0.23259236269359349 0.035736967841578697 0.0035218014011752364 0.042275008155346835 0.15869604643020366 0.12634411276736351 -0.0067535368915822812 0.0256155678877742 0.021076517957018863 -0.0043416578540332925
leaf_weight=50 1031 758 3.9999999999999991 1210 1130 45 80 72 86 212 203 319 33 1257 601 292 2542 438 522 1983 79 88 531 361 90 27 382 1214 783 1737
leaf_count=25 631 385 4 465 417 19 56 33 31 111 94 124 21 687 601 218 1467 404 320 862 33 62 199 245 43 11 275 839 261 1174
internal_value=0.00168406 0.0113209 0.0216208 0.0107768 0.0241927 -0.0105912 0.0737732 0.0886674 -0.00291524 -0.00359947 0.0117787 0.00397623 -0.0523284 -0.00807127 -0.0169461 -0.0386197 -0.00626442 -0.0217889 -0.0474054 0.00974856 0.149409 -0.0171934 -0.0277814 0.0515526 0.0997487 0.190596 0.0118446 0.000667563 -0.011232 0.00798232
internal_weight=18160 5867 3991 3304 2340 1876 687 117 12293 12207 2750 2538 236 9457 4692 1549 3143 964 526 2302 156 1759 1289 531 170 106 470 4765 1814 2951
internal_count=10117 2996 2023 1610 882 973 413 52 7121 7090 1212 1101 115 5878 2973 905 2068 728 324 986 69 921 584 344 99 44 337 2905 892 2013
is_linear=0
shrinkage=0.05


Tree=110
num_leaves=23
num_cat=0
split_feature=8 4 27 1 9 8 25 6 10 0 20 10 29 4 17 3 6 6 20 1 18 29
split_gain=316.408 239.681 625.117 311.387 492.559 442.901 424.385 312.022 211.068 210.098 216.737 161.258 153.814 146.164 108.616 67.4116 58.077 47.8107 43.7034 30.7946 9.45308 1.17085
threshold=838.50000000000011 1.8849999904632571 5.0499999523162851 72.500000000000014 -1.0000000180025095e-35 364.50000000000006 6.8500001430511483 1072.5000000000002 -1.0000000180025095e-35 21.44999980926514 7.5499999523162851 0.3793999999761582 19.849999427795414 -3.564999938011169 0.088500000536441817 168.50000000000003 1432.5000000000002 697.50000000000011 12.84999990463257 78.500000000000014 2.5499999523162846 5.2500000000000009
decision_type=2 2 2 2 2 2 2 2 2 2 2 2 2 2 2 2 2 2 2 2 2 2
left_child=1 3 9 6 12 8 14 11 -6 10 17 -8 13 -5 -1 -16 20 -3 -9 -12 -2 -18
right_child=16 2 -4 4 5 -7 7 18 -10 -11 19 -13 -14 -15 15 -17 21 -19 -20 -21 -22 -23
leaf_value=-0.11747292067323412 0.079644295324881875 -0.03404273372948375 0.036368214176364218 0.0012704025298949412 -0.011195618070465863 0.036368214176364218 0.024956185225791613 -0.003279122372072907 0.0083950606846813821 0.012274139357617106 -0.03404273372948375 0.0085280611195612723 0.036368214176364218 -0.024534413735539301 -0.026017781288599235 -0.003279122372072907 0.036368214176364218 -0.070305605721176917 0.0085280611195612723 -0.0075390328545670892 0.11310845683602727 0.045545920020058042
leaf_weight=28 36 40 552 654 2365 134 3685 1120 3284 171 100 557 44 3410 761 317 33 241 143 250 51 42
leaf_count=14 12 18 291 277 1924 58 1359 420 2653 69 50 284 23 1792 325 135 11 114 49 125 17 14
internal_value=0.00190253 0.00127142 0.0214948 -0.000387918 -0.00600312 0.00340099 0.00801322 0.0136915 0.000193263 -0.0118199 -0.0273522 0.0203352 -0.0192417 -0.0203818 -0.0202497 -0.0177244 0.071465 -0.0605464 -0.00327912 -0.00753903 0.0992612 0.0392214
internal_weight=18018 17856 1354 16502 9891 5783 6611 5505 5649 802 631 4242 4108 4064 1106 1078 162 281 1263 350 87 75
internal_count=10034 9980 667 9313 6727 4635 2586 2112 4577 376 307 1643 2092 2069 474 460 54 132 469 175 29 25
is_linear=0
shrinkage=0.05


Tree=111
num_leaves=31
num_cat=0
split_feature=28 10 7 3 1 7 8 27 5 1 5 7 7 9 23 28 3 5 18 8 24 11 28 28 9 29 28 1 11 2
split_gain=299.977 273.191 454.674 455.012 896 386.278 592.737 374.387 333.642 357.733 347.718 303.584 282.392 243.948 239.483 219.02 235.762 209.87 189.958 183.223 175.973 156.091 152.677 129.872 99.1009 94.0793 89.893 67.5361 58.6203 31.3964
threshold=115.00000000000001 -0.6035499870777129 1020.5499877929689 348.50000000000006 95.500000000000014 1014.6499938964845 401.50000000000006 11.84999990463257 2.6950000524520878 85.500000000000014 -3.0949999094009395 1017.5499877929689 1017.5499877929689 0.78654998540878307 82.500000000000014 61.500000000000007 194.50000000000003 -4.8050000667572013 3.5499999523162846 415.50000000000006 958.75000000000011 1.0000000180025095e-35 72.500000000000014 90.500000000000014 -0.98295000195503224 4.1499998569488534 28.500000000000004 56.500000000000007 1.0000000180025095e-35 1.6549999713897707
decision_type=2 2 2 2 2 2 2 2 2 2 2 2 2 2 2 2 2 2 2 2 2 2 2 2 2 2 2 2 2 2
left_child=1 2 3 17 19 6 13 15 10 20 21 -12 -11 14 -3 16 -4 22 -2 -5 -10 -7 -1 28 27 -17 -15 -20 -8 -26
right_child=18 5 7 4 -6 8 23 -9 9 12 11 -13 -14 26 -16 25 -18 -19 24 -21 -22 -23 -24 -25 29 -27 -28 -29 -30 -31
leaf_value=-0.035692951451911002 0.023361276753910504 -0.064277184248581226 -0.054136441948190207 -0.049673716432816997 -0.37528250206572317 0.023361276753910504 -0.014372161694610034 0.023361276753910504 0.023361276753910504 -0.088399653072384274 -0.03728559167187924 -0.0056201537662341535 -0.00094716361770893131 -0.079760249565926297 -0.014372161694610034 -0.015495995575788317 -0.015495995575788317 0.023361276753910504 0.18705071131388348 0.020607934313568665 -0.0097287604632168619 0.0022997897067652869 0.023361276753910504 0.023361276753910504 0.10219591465411765 0.0043517962310753886 -0.014372161694610034 0.08095637222131094 0.004494557529650234 0.051528074537514006
leaf_weight=294 171 909 569 183 18 619 171 364 1364 110 908 4549 574 62 150 202 445 2433 30 188 447 1229 72 489 33 924 271 30 93 117
leaf_count=151 57 519 308 161 18 481 57 264 552 51 576 2943 281 62 53 89 268 1198 10 81 193 812 24 163 11 355 214 10 31 41
internal_value=0.00188812 0.000939895 0.0099546 0.0224787 -0.030774 -0.00335577 -0.0225746 -0.00599059 0.000850796 0.0166368 -0.00454086 -0.010889 -0.0150112 -0.0419061 -0.0540256 -0.0146577 -0.0315137 0.0233613 0.0457827 -0.0140593 0.0233613 0.0142048 -0.0185729 0.0131617 0.0796949 0.000521738 -0.0143722 0.134004 -0.0143722 0.0579714
internal_weight=18018 17637 5692 3188 389 11945 2145 2504 9800 2495 7305 5457 684 1392 1059 2140 1014 2799 381 371 1811 1848 366 753 210 1126 333 60 264 150
internal_count=10034 9905 2917 1633 260 6988 1099 1284 5889 1077 4812 3519 332 848 572 1020 576 1373 129 242 745 1293 175 251 72 444 276 20 88 52
is_linear=0
shrinkage=0.05


Tree=112
num_leaves=31
num_cat=0
split_feature=28 9 28 0 4 25 5 29 5 8 28 4 1 9 10 29 28 20 6 3 3 7 1 23 0 28 18 28 18 9
split_gain=281.667 414.402 490.88 473.947 1250.78 808.013 433.833 364.823 235.139 296.268 205.154 224.465 307.634 258.72 192.802 133.902 129.185 122.456 119.016 66.961 64.9048 61.3809 60.908 52.8215 39.3373 38.5436 29.6674 22.9314 20.5726 19.5954
threshold=29.500000000000004 -1.0000000180025095e-35 77.500000000000014 21.44999980926514 2.7150000333786015 10.949999809265138 3.3449999094009404 5.4500000476837167 -1.2849999666213987 1.0000000180025095e-35 137.00000000000003 -0.92500001192092884 75.500000000000014 -0.6035499870777129 0.60354998707771312 11.449999809265138 15.500000000000002 6.7500000000000009 192.50000000000003 117.50000000000001 220.50000000000003 1022.2500000000001 82.500000000000014 28.500000000000004 27.650000572204593 22.500000000000004 11.050000190734865 63.500000000000007 11.050000190734865 0.60354998707771312
decision_type=2 2 2 2 2 2 2 2 2 2 2 2 2 2 2 2 2 2 2 2 2 2 2 2 2 2 2 2 2 2
left_child=14 2 24 8 5 18 -7 -6 22 27 11 13 -13 -4 16 23 17 -1 -5 -12 -9 -18 -3 -16 -2 -17 -19 -10 -25 -30
right_child=1 3 10 4 7 6 -8 20 9 -11 19 12 -14 -15 15 25 21 26 -20 -21 -22 -23 -24 28 -26 -27 -28 -29 29 -31
leaf_value=-0.13368906308622922 -0.0080082742304841154 -0.0080082742304841154 0.00086989732135406771 0.046947502697509226 0.093384687714278714 0.062619992960725554 0.20027059225831181 0.30298580669221425 -0.0080082742304841154 0.016737655412765642 0.12024417800723382 0.035069576515325093 0.00086989732135406771 0.045247149224772742 -0.20721152654060951 -0.070173077632099123 -0.0080082742304841154 -0.066530828207731249 0.016737655412765642 0.045247149224772742 0.43916295687357582 -0.026775756301925187 0.016737655412765642 -0.13524957951158287 0.00086989732135406771 -0.0080082742304841154 -0.026775756301925187 0.0043646905911407623 -0.10680105813204291 -0.070173077632099123
leaf_weight=34 5116 190 3123 116 20 542 64 21 1566 498 53 1375 372 99 12.999999999999998 20 781 50 1720 43 14.999999999999998 160 734 24 449 66 164 543 26 21
leaf_count=34 2662 176 1089 73 8 285 24 15 1101 274 18 461 136 33 13 20 781 50 1209 16 8 160 672 24 167 66 164 248 26 21
internal_value=0.0020428 0.00382834 -0.00211065 0.0142996 0.0309669 0.0256092 0.0771573 0.264604 0.00250838 -0.00561681 0.00974807 0.00834938 0.0227864 0.000869897 -0.0198449 -0.069651 -0.0127237 -0.0455432 0.0167377 0.0821449 0.359726 -0.00800827 0.0167377 -0.114551 -0.00800827 -0.0257949 -0.0315388 -0.00800827 -0.0975853 -0.0783525
internal_weight=18018 16659 10630 6029 2498 2442 606 56 3531 2607 5065 4969 1747 3222 1359 170 1189 248 1836 96 36 941 924 84 5565 86 214 2109 71 47
internal_count=10034 8675 4582 4093 1622 1591 309 31 2471 1623 1753 1719 597 1122 1359 170 1189 248 1282 34 23 941 848 84 2829 86 214 1349 71 47
is_linear=0
shrinkage=0.05


Tree=113
num_leaves=24
num_cat=0
split_feature=8 28 9 28 28 0 5 5 27 4 1 1 0 17 10 9 28 6 1 11 18 7 29
split_gain=270.754 236.943 347.117 504.448 456.972 315.743 307.13 244.297 183.92 169.2 291.408 180.786 88.0173 72.0185 54.9779 78.7732 60.6824 53.5988 32.8307 19.5995 9.1736 8.75556 0.77469
threshold=838.50000000000011 22.500000000000004 -1.0000000180025095e-35 77.500000000000014 63.500000000000007 21.44999980926514 -1.2450000047683714 -1.6449999809265134 4.8500001430511483 -1.0049999952316282 75.500000000000014 65.500000000000014 27.650000572204593 0.12550000101327899 -1.0000000180025095e-35 0.78654998540878307 4.5000000000000009 1432.5000000000002 97.500000000000014 -1.0000000180025095e-35 2.5499999523162846 1022.2500000000001 5.2500000000000009
decision_type=2 2 2 2 2 2 2 2 2 2 2 2 2 2 2 2 2 2 2 2 2 2 2
left_child=1 13 3 12 5 6 -4 -7 -6 11 -11 -5 -3 14 15 16 -1 20 -17 21 -2 -16 -19
right_child=17 2 4 9 8 7 -8 -9 -10 10 -12 -13 -14 -15 19 18 -18 22 -20 -21 -22 -23 -24
leaf_value=-0.12917682273047312 0.073510718428426311 -0.012071670239256723 0.0074521939707317799 0.015856260780518702 0.019398771575538071 0.0074521939707317799 -0.012071670239256723 0.019398771575538071 0.033666263571034298 0.032355776890898691 -0.0018654332583066128 -0.0018654332583066128 -0.0018654332583066128 -0.012071670239256723 -0.09280096862627113 -0.064285511586852168 -0.023770984831113149 0.033666263571034298 -0.14134473681449891 -0.023770984831113149 0.10647648502798641 -0.042649343822683608 0.040743005843389607
leaf_weight=13.999999999999998 36 5089 1215 1552 669 1313 2121 829 503 1395 379 1643 410 127 23 176 236 33 14.999999999999998 133 51 13.999999999999998 42
leaf_count=14 12 2653 1154 524 292 1058 1495 513 202 468 139 590 154 127 23 176 236 11 15 133 17 14 14
internal_value=0.00178391 0.0012001 0.00239602 -0.00327891 0.0113291 0.00513128 -0.00449438 0.0193988 0.0336663 0.0083408 0.0207229 0.00146574 -0.0120717 -0.0265394 -0.0354703 -0.0461608 -0.0276899 0.0661324 -0.0703373 -0.023771 0.0928355 -0.0738247 0.0351569
internal_weight=18018 17856 17118 10468 6650 5478 3336 2142 1172 4969 1774 3195 5499 738 611 441 250 162 191 170 87 37 75
internal_count=10034 9980 9242 4528 4714 4220 2649 1571 494 1721 607 1114 2807 738 611 441 250 54 191 170 29 37 25
is_linear=0
shrinkage=0.05


Tree=114
num_leaves=23
num_cat=0
split_feature=8 4 27 28 9 28 4 2 28 18 0 20 9 3 23 28 7 6 26 11 18 29
split_gain=243.754 218.259 518.357 229.716 397.062 215.467 188.193 231.412 184.208 194.872 184.002 200.89 180.822 175.697 132.885 123.191 97.1464 48.5914 46.8744 10.5747 8.27918 0.71205
threshold=838.50000000000011 1.8849999904632571 5.0499999523162851 77.500000000000014 -1.0000000180025095e-35 33.500000000000007 -0.74500000476837147 5.4549999237060556 49.500000000000007 4.3500001430511483 21.44999980926514 7.5499999523162851 -0.6035499870777129 23.500000000000004 73.500000000000014 134.00000000000003 1022.2500000000001 1432.5000000000002 8.2500000000000018 0.60784998536109935 2.5499999523162846 5.2500000000000009
decision_type=2 2 2 2 2 2 2 2 2 2 2 2 2 2 2 2 2 2 2 2 2 2
left_child=1 3 10 4 8 16 12 14 9 -1 11 18 15 -10 -8 -5 -6 20 -3 -13 -2 -19
right_child=17 2 -4 6 5 -7 7 -9 13 -11 -12 19 -14 -15 -16 -17 -18 21 -20 -21 -22 -23
leaf_value=-0.17449079669755083 0.069835179216331908 -0.085320918768644338 0.031963720657675561 0.0020530500850286879 -0.010951036640151205 0.0020530500850286879 0.017008385371352127 0.0020530500850286879 0.0020530500850286879 -0.038837132066500524 0.010519903756845805 -0.007600956785796923 0.031963720657675561 -0.017062535267115899 0.031963720657675561 0.031963720657675561 -0.044106768807921748 0.031963720657675561 -0.042667710657607133 -0.026197217306231754 0.1011526617349363 0.038705854472659888
leaf_weight=29 36 100 552 3185 1574 4388 418 288 964 304 171 214 120 3930 937 108 257 33 181 136 51 42
leaf_count=18 12 50 291 1111 1568 3051 147 98 466 283 69 107 40 1920 316 38 257 11 82 68 17 14
internal_value=0.0017128 0.00115886 0.0204573 -0.000424588 -0.00434538 0.00205305 0.00845148 0.0223592 -0.014667 -0.0506508 -0.0109239 -0.0257218 0.00205305 -0.0122185 0.0319637 0.00205305 -0.0156048 0.0627686 -0.0578468 -0.00760096 0.0881937 0.0332754
internal_weight=18018 17856 1354 16502 11446 6219 5056 1643 5227 333 802 631 3413 4894 1355 3293 1831 162 281 350 87 75
internal_count=10034 9980 667 9313 7563 4876 1750 561 2687 301 376 307 1189 2386 463 1149 1825 54 132 175 29 25
is_linear=0
shrinkage=0.05


Tree=115
num_leaves=26
num_cat=0
split_feature=25 4 27 22 8 24 4 1 9 28 6 10 25 28 11 8 0 21 24 4 21 4 28 6 6
split_gain=272.383 255.727 950.524 317.692 299.788 221.138 219.727 142.032 310.658 284.583 236.713 258.96 153.108 123.582 113.798 97.0818 88.1939 84.0274 75.7246 61.8172 56.6991 44.7545 41.4314 39.3583 11.8629
threshold=23.60000038146973 1.8849999904632571 6.1499998569488534 9.0500001907348651 717.50000000000011 445.41499328613287 2.4550000429153447 74.500000000000014 -1.0000000180025095e-35 39.500000000000007 1072.5000000000002 -0.91595000028610218 6.8500001430511483 47.500000000000007 -1.0000000180025095e-35 838.50000000000011 28.250000000000004 7.1499998569488534 456.25000000000006 -1.3550000190734861 7.9500000476837167 -2.3049999475479122 89.500000000000014 837.50000000000011 782.50000000000011
decision_type=2 2 2 2 2 2 2 2 2 2 2 2 2 2 2 2 2 2 2 2 2 2 2 2 2
left_child=1 4 6 -4 7 16 14 10 13 -10 12 -12 -1 -9 20 22 19 24 -16 -6 -3 -18 -7 -19 -8
right_child=-2 2 3 -5 5 15 17 8 9 -11 11 -13 -14 -15 18 -17 21 23 -20 -21 -22 -23 -24 -25 -26
leaf_value=-0.0042128978332201372 0.18120151305837293 -0.013895389723016861 0.044015218657279531 0.091112193780737802 0.032502398888816321 0.0092227306218342978 -0.058439782050748672 -0.054437714846324328 -0.011382651680338786 0.0092227306218342978 -0.077566195006090174 -0.0078700956819637551 0.0092227306218342978 -0.015828728644793545 0.044015218657279531 0.032502398888816321 0.059285308964491079 -0.0032724283085848794 -0.0070126337742348584 0.059285308964491079 0.044015218657279531 0.091112193780737802 0.020862564755325309 -0.034676975507833316 -0.097853953923497883
leaf_weight=762 21 47 150 201 116 640 60 221 2615 2905 152 1082 4173 3334 30 138 48 227 287 93 130 102 300 178 28
leaf_count=344 14 20 91 107 39 221 27 208 2575 1926 66 424 1679 1664 16 46 16 107 134 31 54 34 100 89 14
internal_value=0.00123262 0.00102287 0.0220546 0.0911122 -0.000664105 0.0211676 -0.00308176 -0.0027221 -0.00670132 0.000722687 0.00313159 -0.016455 0.00802923 -0.0182289 0.0204857 0.00984849 0.0551563 -0.026697 0.00206019 0.0341614 0.0440152 0.0844092 0.00922273 -0.0170749 -0.0709807
internal_weight=18040 18019 1338 351 16681 1437 987 15244 9075 5520 6169 1234 4935 3555 494 1078 359 493 317 209 177 150 940 405 88
internal_count=10046 10032 659 198 9373 487 461 8886 6373 4501 2513 490 2023 1872 224 367 120 237 150 70 74 50 321 196 41
is_linear=0
shrinkage=0.05


Tree=116
num_leaves=25
num_cat=0
split_feature=25 4 27 5 8 4 24 7 8 24 1 5 5 0 8 5 0 21 20 9 4 28 7 26
split_gain=245.69 241.369 872.314 336.468 263.374 203.48 200.076 197.164 273.7 166.466 198.377 95.8894 94.925 90.9896 90.7648 84.9259 82.4828 75.8347 48.5176 45.6389 38.0764 37.4861 33.1616 11.5739
threshold=23.60000038146973 1.8849999904632571 6.1499998569488534 2.6049998998641972 717.50000000000011 2.4550000429153447 445.41499328613287 1012.6499938964845 401.50000000000006 1222.914978027344 70.500000000000014 -1.1950000524520872 -2.5949999094009395 21.650000572204593 838.50000000000011 -2.6850000619888301 27.750000000000004 7.1499998569488534 7.5499999523162851 -0.6035499870777129 -1.3550000190734861 89.500000000000014 1017.1499938964845 9.0500001907348651
decision_type=2 2 2 2 2 2 2 2 2 2 2 2 2 2 2 2 2 2 2 2 2 2 2 2
left_child=1 4 5 -4 7 13 16 8 12 10 -9 -11 -1 18 21 -10 20 23 -3 -18 -6 -8 -19 -7
right_child=-2 2 3 -5 6 17 14 9 15 11 -12 -13 -14 -15 -16 -17 19 22 -20 -21 -22 -23 -24 -25
leaf_value=-0.040270459357888033 0.17214143890000524 -0.018805933919379382 0.041971748630461513 0.086580222789903974 0.030624496161810684 -0.082167142531219525 0.0086470227076391008 0.0086470227076391008 0.0086470227076391008 -0.017351192110317947 -0.004180299647803711 -0.068978610073144625 -0.096068585432153575 0.041971748630461513 0.030624496161810684 -0.022011510111153969 0.052833770310925621 0.016204447457284638 0.019355067642506704 0.086580222789903974 0.052833770310925621 0.019635759434724894 -0.02253412788577246 -0.045117833784648349
leaf_weight=343 21 123 156 195 98 53 640 4081 207 242 10065 130 98 113 138 78 108 66 258 81 72 300 339 35
leaf_count=189 14 55 104 94 33 26 221 1606 69 107 6770 61 58 41 46 26 36 31 128 27 24 100 165 15
internal_value=0.00121821 0.00101901 0.0214518 0.0865802 -0.000619932 -0.00263673 0.0198429 -0.0025489 -0.0279773 -0.0012773 -0.000409074 -0.0342933 -0.05267 0.0200427 0.00907638 0.00864702 0.0521726 -0.0253622 0.00703537 0.075043 0.0306245 0.00864702 -0.0162212 -0.0674316
internal_weight=18040 18019 1338 351 16681 987 1437 15244 726 14518 14146 372 441 494 1078 285 359 493 381 189 170 940 405 88
internal_count=10046 10032 659 198 9373 461 487 8886 342 8544 8376 168 247 224 367 95 120 237 183 63 57 321 196 41
is_linear=0
shrinkage=0.05


Tree=117
num_leaves=22
num_cat=0
split_feature=25 7 4 27 8 18 1 6 7 4 20 28 10 23 1 11 5 23 6 5 4
split_gain=234.245 429.107 239.699 414.985 238.194 149.145 160.369 356.391 168.106 147.693 114.107 89.9784 81.5122 76.9089 40.3805 36.3018 32.566 29.4686 32.9209 27.5531 2.91177
threshold=21.35000038146973 1022.7500000000001 2.0249999761581425 5.0499999523162851 751.00000000000011 1.2500000000000002 70.500000000000014 1052.5000000000002 1014.6499938964845 2.4550000429153447 7.5499999523162851 79.500000000000014 -1.0000000180025095e-35 74.500000000000014 78.500000000000014 0.60784998536109935 1.9049999713897707 39.500000000000007 697.50000000000011 -5.0050001144409171 0.61500000953674328
decision_type=2 2 2 2 2 2 2 2 2 2 2 2 2 2 2 2 2 2 2 2 2
left_child=2 11 4 9 5 12 7 -7 -8 17 14 20 16 -6 -11 -12 -1 18 -4 -15 -2
right_child=1 -3 3 -5 13 6 8 -9 -10 10 15 -13 -14 19 -16 -17 -18 -19 -20 -21 -22
leaf_value=-0.097057731704014105 0.03279444501770231 0.2415613259587969 -0.0041425569530105415 0.03279444501770231 0.011383946657394037 0.011383946657394037 -0.021603158540934128 -0.015876362354246495 -0.0028493488897372524 -0.034882798607489378 0.01045922974226835 0.14791983366012573 -0.029059075511388383 0.022089195837548176 -0.079391921931002529 -0.026060954175170993 -0.029059075511388383 0.012785533924258781 -0.049689387062601016 0.03279444501770231 0.090357139338914039
leaf_weight=82 82 28 31 386 189 3748 1372 1445 9259 132 173 18 22 147 83 34 22 205 51 516 14.999999999999998
leaf_count=35 51 14 13 195 69 1462 884 561 6186 64 86 6 11 49 37 17 10 90 25 172 9
internal_value=0.00117931 0.0649189 0.000670021 0.0233366 -0.00080718 -0.0021831 -0.00175166 0.00545029 -0.00526965 -0.00722338 -0.0265539 0.0327944 -0.0563665 0.024951 -0.0520654 -5.65179e-05 -0.0825648 0.0127855 -0.0210706 0.0327944 0.0327944
internal_weight=18040 143 17897 1095 16802 15950 15824 5193 10631 709 422 115 126 852 215 207 104 287 82 663 97
internal_count=10046 80 9966 527 9439 9149 9093 2023 7070 332 204 66 56 290 101 103 45 128 38 221 60
is_linear=0
shrinkage=0.05


Tree=118
num_leaves=31
num_cat=0
split_feature=4 27 11 4 4 29 9 0 7 18 11 29 9 10 28 21 11 24 21 6 24 6 0 0 5 6 6 26 7 5
split_gain=226.3 1243.11 710.686 275.194 254.823 232.038 327.955 231.56 286.942 213.162 187.374 157.106 146.526 371.557 335.175 141.132 114.408 80.4673 62.9341 51.8375 51.321 32.7937 61.3224 30.5756 28.5055 23.155 10.5666 10.0922 9.42577 3.16809
threshold=2.0249999761581425 7.8500001430511483 -0.87834998965263356 2.4550000429153447 2.7150000333786015 19.050000190734867 -0.37939999997615809 27.849999427795414 1010.0499877929689 10.449999809265138 -1.0000000180025095e-35 7.3500001430511483 -1.0000000180025095e-35 -0.91595000028610218 39.500000000000007 7.9500000476837167 0.60784998536109935 450.41499328613287 7.1499998569488534 767.50000000000011 247.91500091552737 837.50000000000011 21.250000000000004 22.349999427795414 5.6549999713897714 482.50000000000006 782.50000000000011 8.5500001907348651 1017.5499877929689 -1.1950000524520872
decision_type=2 2 2 2 2 2 2 2 2 2 2 2 2 2 2 2 2 2 2 2 2 2 2 2 2 2 2 2 2 2
left_child=5 3 -3 10 -4 7 20 8 16 -8 15 -9 13 -10 -14 -2 25 -12 26 -19 29 22 -20 -6 -23 -1 27 -5 -22 -7
right_child=1 2 4 18 23 6 9 11 12 -11 17 -13 14 -15 -16 -17 -18 19 21 -21 28 24 -24 -25 -26 -27 -28 -29 -30 -31
leaf_value=-0.10398216396570206 -0.016404359082917912 0.35682179450988771 0.081953834231821135 -0.068376338535121511 0.16228693723678589 0.13782138125649815 0.019201851901359174 0.0065498614029678706 -0.041318692518242078 0.16897173523902895 0.081953834231821135 0.019201851901359174 -0.011850833883840541 -0.0036685302599776901 0.0065498614029678706 0.081953834231821135 -0.017601820914184347 0.015558331914850185 -0.011504756891638927 -0.029723463347181678 0.062305699695240371 -0.038287141282073778 0.071508406072854996 0.25015673529018057 -0.016695417718453742 -0.16685480011834042 -0.086975545542580746 -0.038287141282073778 0.098832263444599361 0.16368878960609437
leaf_weight=32 37 35 67 30 18 29 214 897 716 26 28 837 2683 7728 3631 114 34 185 202 96 33 114 25 22 64 27 28 30 38 20
leaf_count=13 16 18 39 15 9 11 117 312 309 13 15 286 2642 3474 2281 48 14 87 97 45 11 57 10 13 32 11 14 12 15 10
internal_value=0.00119981 0.0232295 0.161243 0.00266508 0.0972681 -0.000223767 0.0394895 -0.0010858 -0.00310459 0.0192019 0.0304806 0.0162043 -0.00255287 -0.00686104 0.00320864 0.0761302 -0.0906556 0.00817292 -0.0232886 8.83947e-05 0.109019 -0.0149613 -0.00236234 0.210615 -0.0310285 -0.132754 -0.061613 -0.0497771 0.0818551 0.14838
internal_weight=18040 1095 142 953 107 16945 360 16585 14851 240 460 1734 14758 8444 6314 151 93 309 493 281 120 405 227 40 178 59 88 60 71 49
internal_count=10046 527 79 448 61 9519 177 9342 8744 130 211 598 8706 3783 4923 64 38 147 237 132 47 196 107 22 89 24 41 27 26 21
is_linear=0
shrinkage=0.05


Tree=119
num_leaves=31
num_cat=0
split_feature=10 27 28 28 6 4 6 1 9 4 27 11 18 28 7 28 5 7 10 3 3 18 11 3 25 7 18 1 0 4
split_gain=211.787 506.868 664.621 512.769 512.468 432.981 265.668 607.635 788.73 260.048 1570.93 261.649 232.078 231.505 222.879 183.446 310.505 274.685 352.454 227.85 172.03 157.391 151.728 151.283 145.266 115.137 92.9099 76.341 74.5381 72.6989
threshold=-0.6035499870777129 13.750000000000002 22.500000000000004 52.500000000000007 887.50000000000011 0.48499999940395361 232.50000000000003 95.500000000000014 0.60354998707771312 2.3349999189376835 7.8500001430511483 -0.87834998965263356 7.2500000000000009 134.00000000000003 1021.1499938964845 39.500000000000007 -1.0549999475479124 1021.0499877929689 0.78654998540878307 350.50000000000006 297.50000000000006 6.9500000476837167 1.0000000180025095e-35 206.50000000000003 11.949999809265138 1015.2500000000001 13.250000000000002 60.500000000000007 23.050000190734867 1.4550000429153445
decision_type=2 2 2 2 2 2 2 2 2 2 2 2 2 2 2 2 2 2 2 2 2 2 2 2 2 2 2 2 2 2
left_child=1 3 -3 6 14 28 -1 22 -9 13 23 -12 -7 15 -5 16 29 19 -19 -17 -14 -18 -8 -11 26 -6 -25 -15 -4 -2
right_child=9 2 5 4 25 12 7 8 -10 10 11 -13 20 27 -16 17 21 18 -20 -21 -22 -23 -24 24 -26 -27 -28 -29 -30 -31
leaf_value=-0.006449716217458404 -0.010310456399406275 0.02589986883455829 0.060325874675290797 0.02589986883455829 0.0097250763085499417 0.071198234030833613 -0.023742880865105166 -0.62831310600042345 -0.023742880865105166 0.070531229816120242 0.37055077950159709 0.16932140703712192 0.24073506251509702 0.1411282925694077 0.0097250763085499417 -0.0085415909594535495 -0.095538310169965238 -0.0019160216994247936 0.031715827427903562 0.031715827427903562 0.12865055021656149 -0.035089420498382949 -0.055937802399605968 -0.043203411287192357 0.109952373731704 -0.006449716217458404 0.018957454836871251 0.044481162851055467 0.10325738513871792 -0.10011534006507308
leaf_weight=273 1291 296 99 1306 168 65 416 10 11 58 30 35 70 27 764 6986 143 1698 957 232 67 436 469 218 21 1574 83 84 126 27
leaf_count=231 1291 296 79 506 58 38 262 10 11 27 15 19 41 11 355 3341 143 884 572 173 58 436 303 108 8 613 40 28 62 27
internal_value=0.00121364 0.00917052 0.0482971 0.00350261 0.0124155 0.0947519 -0.0253149 -0.041036 -0.306857 -0.00247495 0.035051 0.262197 0.149005 -0.00388048 0.0258999 -0.00455827 -0.0187988 -0.00182209 0.0119291 -0.00688018 0.18592 -0.0500189 -0.0347284 -0.0038028 -0.0171922 -0.00644972 -0.0260627 0.0679899 0.0603259 -0.0103105
internal_weight=18040 5714 723 4991 3812 427 1179 906 21 12326 445 65 202 11881 2070 11770 1897 9873 2655 7218 137 579 885 380 322 1742 301 111 225 1318
internal_count=10046 2923 574 2349 1532 278 817 586 21 7123 217 34 137 6906 861 6867 1897 4970 1456 3514 99 579 565 183 156 671 148 39 141 1318
is_linear=0
shrinkage=0.05


Tree=120
num_leaves=16
num_cat=0
split_feature=25 18 28 9 8 24 1 28 9 29 11 18 7 7 27
split_gain=203.5 184.946 187.899 246.388 410.089 429.983 398.419 396.859 391.368 214.274 41.4602 40.6319 28.2216 19.6001 2.40085
threshold=23.60000038146973 1.2500000000000002 19.500000000000004 -1.0000000180025095e-35 367.50000000000006 152.08499908447268 72.500000000000014 63.500000000000007 -0.37939999997615809 19.849999427795414 -1.0000000180025095e-35 19.150000572204593 1020.0499877929689 1025.4500122070315 19.250000000000004
decision_type=2 2 2 2 2 2 2 2 2 2 2 2 2 2 2
left_child=1 10 11 6 7 -6 8 -5 -4 -8 12 -3 -1 -12 -13
right_child=-2 2 3 4 5 -7 9 -9 -10 -11 13 14 -14 -15 -16
leaf_value=-0.11933009187380472 0.16525657992613943 -0.027396525759565846 0.01137638225481921 0.0011129458125957734 0.083396237589157193 0.030742643762968775 -0.012281636906134367 0.030742643762968775 -0.012281636906134367 0.083396237589157193 -0.027396525759565846 -0.019839081332850107 -0.056438914212313562 -0.076935605108737953 -0.012281636906134367
leaf_weight=30 19 294 5546 5276 209 274 4219 1100 775 44 41 44 44 20 152
leaf_count=11 12 294 2043 4249 97 134 2150 471 350 22 19 44 18 10 152
internal_value=0.00170788 0.0015359 0.00197481 0.00283325 0.0102151 0.0546352 -0.00195057 0.00685013 0.00605657 -0.0122816 -0.0567679 -0.0273965 -0.0819353 -0.0273965 -0.0122816
internal_weight=18087 18068 17933 17443 6859 483 10584 6376 6321 4263 135 490 74 61 196
internal_count=10076 10064 10006 9516 4951 231 4565 4720 2393 2172 58 490 29 29 196
is_linear=0
shrinkage=0.05


Tree=121
num_leaves=31
num_cat=0
split_feature=25 7 5 7 23 9 28 10 8 27 10 23 1 28 5 10 18 28 9 3 25 28 11 5 4 3 1 4 18 5
split_gain=191.119 318.972 175.898 540.655 566.619 339.27 302.662 296.738 989.213 497.841 397.393 304.737 284.205 259.692 335.93 234.27 190.22 172.311 178.912 165.935 156.315 139.732 116.993 113.318 112.237 93.1629 80.1571 70.176 54.158 45.9692
threshold=21.35000038146973 1022.7500000000001 -0.35500000417232508 1019.8500061035157 32.500000000000007 -1.0000000180025095e-35 63.500000000000007 -0.91595000028610218 103.50000000000001 11.250000000000002 -0.6035499870777129 71.500000000000014 75.500000000000014 101.50000000000001 -1.3049999475479124 0.78654998540878307 8.3499999046325701 19.500000000000004 -0.6035499870777129 205.50000000000003 10.750000000000002 39.500000000000007 -0.87834998965263356 0.75499999523162853 -2.2450000047683711 230.50000000000003 89.500000000000014 1.4950000047683718 10.84999990463257 0.58499997854232799
decision_type=2 2 2 2 2 2 2 2 2 2 2 2 2 2 2 2 2 2 2 2 2 2 2 2 2 2 2 2 2 2
left_child=2 24 7 4 20 12 21 8 -1 11 17 -10 -6 14 -12 19 -11 28 -19 -8 26 25 -15 -23 -2 -5 -4 -17 -9 -26
right_child=1 -3 3 6 5 -7 15 10 9 16 13 -13 -14 22 -16 27 -18 18 -20 -21 -22 23 -24 -25 29 -27 -28 -29 -30 -31
leaf_value=-0.443114276443209 0.15555135938856338 0.2177009628369258 -0.031678499765737021 -0.14930883827446789 0.0268177298991919 0.029812699845736791 -0.0042030942800176559 -0.065586660366694804 -0.055221178813326159 -0.0059074596202927376 -0.0034862732913444206 -0.0059074596202927376 -0.0038285897860765141 0.008049314633048546 -0.035117174754968276 0.029812699845736791 0.029812699845736791 0.0040968761062083912 0.029812699845736791 0.029812699845736791 -0.0038285897860765141 -0.0042030942800176559 0.029812699845736791 -0.021536705358813579 0.029812699845736791 -0.045929338633025119 -0.08090418936548438 -0.0042030942800176559 -0.0069982451676320629 0.13842750226750095
leaf_weight=13.999999999999998 18 26 90 27 1063 976 1345 59 765 152 5549 189 814 201 989 294 225 731 1000 248 97 434 471 1641 85 113 164 171 119 17
leaf_count=14 6 13 53 27 364 576 539 59 415 93 3559 77 359 67 729 127 146 254 578 106 52 285 157 917 55 113 132 77 119 8
internal_value=0.00155697 0.0585321 0.00109332 0.00695014 0.0224771 0.0298127 -0.00469236 -0.00309165 -0.0250157 -0.0206179 0.000142019 -0.039841 0.00855522 -0.00522882 -0.00827106 0.00911297 0.0280261 0.0204269 0.0252439 -0.000538722 -0.0374699 -0.0175192 0.0243697 -0.0142571 0.0298127 -0.0658668 -0.0595284 0.0298127 -0.026418 0.0298127
internal_weight=18087 146 17941 7477 3204 2853 4273 10464 1345 1331 9119 954 1877 7210 6538 2058 377 1909 1731 1593 351 2215 672 2075 120 140 254 465 178 102
internal_count=10076 82 9994 3727 1536 1299 2191 6267 745 731 5522 492 723 4512 4288 849 239 1010 832 645 237 1342 224 1202 69 140 185 204 178 63
is_linear=0
shrinkage=0.05


Tree=122
num_leaves=31
num_cat=0
split_feature=9 10 29 8 2 1 7 10 26 6 1 27 0 25 6 7 10 10 5 5 11 10 18 18 23 8 5 27 4 24
split_gain=192.656 430.394 435.892 414.804 616.06 384.578 436.858 318.741 289.841 283.902 262.752 217.643 209.605 460.052 200.247 182.813 172.164 174.135 179.233 161.508 125.168 115.957 86.3007 85.3017 84.6246 74.1469 71.515 74.2333 71.0986 48.7781
threshold=-1.0000000180025095e-35 -0.91595000028610218 19.050000190734867 379.50000000000006 1.794999957084656 72.500000000000014 1021.0499877929689 0.78654998540878307 9.6500000953674334 692.50000000000011 87.500000000000014 13.050000190734865 20.349999427795414 10.449999809265138 1072.5000000000002 1027.049987792969 -0.6035499870777129 -1.0000000180025095e-35 -1.3949999809265134 0.20499999821186068 1.0000000180025095e-35 0.78654998540878307 4.9500000476837167 7.8500001430511483 74.500000000000014 583.50000000000011 3.8950001001358037 3.4500000476837163 1.7150000333786013 247.91500091552737
decision_type=2 2 2 2 2 2 2 2 2 2 2 2 2 2 2 2 2 2 2 2 2 2 2 2 2 2 2 2 2 2
left_child=1 9 5 12 20 8 10 -8 21 22 -7 -6 16 28 -10 26 -2 18 -18 -15 24 -3 -1 -19 -5 -24 27 -11 -14 -4
right_child=3 2 29 4 11 6 7 -9 14 15 -12 -13 13 19 -16 -17 17 23 -20 -21 -22 -23 25 -25 -26 -27 -28 -29 -30 -31
leaf_value=-0.024335535950935686 0.0036496008453631964 -0.013717481729702699 0.13538184506552561 0.14620879877072115 0.029662610976187997 -0.014874507624844484 -0.001860344281172316 0.048539328758123494 0.01978802697370724 -0.10922499219576519 -0.053584143618871732 0.092773074476244 0.0036496008453631964 0.016656105910775598 -0.001640072504911995 -0.17406630168358486 0.001173459865903068 -0.019232259910795992 -0.05491958536858265 0.029662610976187997 0.092773074476244 -0.12275454998016358 -0.0015027261252358835 0.0036496008453631964 0.24677275793892997 0.054573522331894088 -0.024335535950935686 -0.0497159732910602 0.016656105910775598 0.069315520066481381
leaf_weight=53 794 988 49 52 256 2559 669 267 3281 60 529 79 2400 564 1331 30 216 615 418 547 27 25 161 939 35 93 141 414 430 65
leaf_count=23 618 383 21 23 124 1259 327 159 1206 27 315 42 1919 445 490 15 210 457 325 275 11 16 70 789 14 43 56 187 203 24
internal_value=0.00166567 -0.00261463 0.000514572 0.00788697 0.0544587 -0.000633792 -0.0124357 0.0174877 0.00780905 -0.0347054 -0.0215058 0.0296626 0.0048665 0.0124344 0.0131283 -0.053543 -0.00513518 -0.0137254 -0.035809 0.0296626 0.155884 -0.0164084 0.0048719 -0.00471574 0.186666 0.0190291 -0.0476638 -0.0572488 0.0036496 0.0977124
internal_weight=18087 10715 9763 7372 449 9649 4024 936 5625 952 3088 335 6923 3941 4612 645 2982 2188 634 1111 114 1013 307 1554 87 254 615 474 2830 114
internal_count=10076 4621 4200 5455 214 4155 2060 486 2095 421 1574 166 5241 2842 1696 285 2399 1781 535 720 48 399 136 1246 37 113 270 214 2122 45
is_linear=0
shrinkage=0.05


Tree=123
num_leaves=31
num_cat=0
split_feature=9 28 8 10 29 1 19 29 26 6 5 18 4 5 27 5 10 2 6 0 10 5 9 28 8 28 18 8 5 27
split_gain=176.243 454.23 711.422 389.692 393.286 344.296 341.044 262.865 261.139 252.259 209.245 195.806 188.85 182.018 178.475 199.044 169.29 197.665 150.794 117.582 123.406 108.983 98.8336 160.714 82.4074 80.9504 80.339 66.9176 64.4358 61.1835
threshold=-1.0000000180025095e-35 53.500000000000007 379.50000000000006 -0.91595000028610218 19.050000190734867 72.500000000000014 0.57800000905990612 12.650000095367433 9.6500000953674334 692.50000000000011 6.3849999904632577 6.7500000000000009 -1.0049999952316282 6.0450000762939462 6.0499999523162851 2.304999947547913 -1.0000000180025095e-35 1.1800000071525576 1382.5000000000002 20.44999980926514 -0.6035499870777129 -3.1149998903274532 0.78654998540878307 42.500000000000007 394.50000000000006 38.500000000000007 4.9500000476837167 583.50000000000011 3.8950001001358037 3.4500000476837163
decision_type=2 2 2 2 2 2 2 2 2 2 2 2 2 2 2 2 2 2 2 2 2 2 2 2 2 2 2 2 2 2
left_child=3 11 6 9 5 8 14 -4 21 26 13 19 -10 -7 -3 -16 17 -13 28 20 -2 -5 23 -18 -9 -22 -1 -28 29 -11
right_child=1 2 7 4 -6 10 -8 24 12 18 -12 16 -14 -15 15 -17 22 -19 -20 -21 25 -23 -24 -25 -26 -27 27 -29 -30 -31
leaf_value=-0.02323692518876103 -0.022780785605100912 0.011444987215052937 0.071782008896859678 -0.0015699616262848416 0.092826824648338455 -0.011844971314733811 0.071782008896859678 0.12913406853869286 0.0057031838030394228 -0.097547160342335584 0.046118732708883683 0.011444987215052937 0.027625289642061041 -0.09262799706677316 0.022729836207758269 0.04186182796535691 -0.0084292872102502952 -0.0084292872102502952 -0.15020363761319055 -0.0084292872102502952 -0.087820932611826552 -0.029418170933709728 0.011444987215052937 0.011444987215052937 0.21940170407295226 -0.038691179631860001 -0.0014275901690588236 0.051844845792298679 -0.02323692518876103 -0.047052650672057876
leaf_weight=53 189 1344 76 405 114 3896 204 26 3193 62 57 321 1419 71 462 415 803 1451 36 501 134 608 806 356 60 224 161 93 141 406
leaf_count=23 145 632 30 154 45 2005 87 9 1170 28 25 271 526 30 233 180 803 1263 18 365 134 245 782 300 24 197 70 43 56 183
internal_value=0.00161779 0.00756818 0.0244476 -0.00247613 0.000501437 -0.000589359 0.0176706 0.125893 0.00739909 -0.0330118 -0.0117561 -0.00155765 0.0124481 -0.0132908 0.0119416 0.0340147 0.0037986 -0.00758507 -0.0507686 -0.0206572 -0.0371323 -0.015588 0.011445 -0.00354895 0.186486 -0.0570805 0.00429477 0.0180777 -0.0448907 -0.0541296
internal_weight=18087 7372 2587 10715 9763 9649 2425 162 5625 952 4024 4785 4612 3967 2221 877 3737 1772 645 1048 547 1013 1965 1159 86 358 307 254 609 468
internal_count=10076 5455 1195 4621 4200 4155 1132 63 2095 421 2060 4260 1696 2035 1045 413 3419 1534 285 841 476 399 1885 1103 33 331 136 113 267 211
is_linear=0
shrinkage=0.05


Tree=124
num_leaves=26
num_cat=0
split_feature=8 9 28 10 10 29 24 7 28 17 6 7 20 28 10 5 7 28 5 7 5 6 21 6 11
split_gain=169.451 188.663 394.174 333.393 280.493 350.395 265.12 234.5 503.157 273.055 224.049 209.97 302.67 260.415 291.178 158.693 151.958 124.468 116.685 77.9663 59.9385 41.0301 39.7092 15.1788 9.87419
threshold=838.50000000000011 -1.0000000180025095e-35 55.500000000000007 -0.91595000028610218 -0.78654998540878285 6.6499998569488534 700.41500854492199 1021.0499877929689 77.500000000000014 0.11950000002980234 692.50000000000011 1019.7500000000001 6.5499999523162851 40.500000000000007 -0.98295000195503224 -1.6050000190734861 1027.049987792969 65.500000000000014 -2.314999938011169 1020.4500122070314 3.8950001001358037 1447.5000000000002 9.9499998092651385 582.50000000000011 1.0000000180025095e-35
decision_type=2 2 2 2 2 2 2 2 2 2 2 2 2 2 2 2 2 2 2 2 2 2 2 2 2
left_child=1 3 11 10 5 17 -4 8 -6 -9 19 13 18 14 -3 -14 20 -5 -13 22 -12 24 -1 -21 -2
right_child=21 2 6 4 7 -7 -8 9 -10 -11 16 12 15 -15 -16 -17 -18 -19 -20 23 -22 -23 -24 -25 -26
leaf_value=-0.022199119210529986 0.057001785868002725 -0.10609070646266144 0.02632515970431511 -0.066649520931254452 -0.026170487763857733 0.02632515970431511 0.011748428051104631 -0.0014167876627845574 0.0024768575568349942 0.02632515970431511 -0.051627056933310711 -0.19609947875142097 0.011748428051104631 0.011748428051104631 -0.0035436829534413756 -0.015521597465003749 -0.15802832779784998 -0.0033372023052746255 -0.056313184505503946 0.02632515970431511 -0.022199119210529986 0.02632515970431511 0.02632515970431511 -0.022199119210529986 0.089072977006435405
leaf_weight=32 48 72 1497 113 2392 718 849 1363 4267 494 474 15.999999999999998 551 1052 1795 1317 30 248 223 22 141 72 192 61 48
leaf_count=13 16 46 679 56 1351 279 392 644 1485 243 214 8 486 780 1782 1098 15 86 184 11 56 24 82 30 16
internal_value=0.00156862 0.00110001 0.00723662 -0.00318927 -0.000389126 0.0236277 0.0241593 -0.00343212 -0.00781364 0.0122795 -0.0314113 -0.000662422 -0.0126912 0.00802024 -0.00749836 -0.00591274 -0.0481457 -0.0231552 -0.0656713 0.00374751 -0.0427856 0.0515503 0.0201428 -0.0221991 0.0730374
internal_weight=18087 17919 7372 10547 9595 1079 2346 8516 6659 1857 952 5026 2107 2919 1867 1868 645 361 239 307 615 168 224 83 96
internal_count=10076 10020 5455 4565 4144 421 1071 3723 2836 887 421 4384 1776 2608 1828 1584 285 142 192 136 270 56 95 41 32
is_linear=0
shrinkage=0.05


Tree=125
num_leaves=24
num_cat=0
split_feature=25 0 7 11 27 9 10 1 26 9 10 18 28 1 5 7 18 0 26 12 0 24 4
split_gain=166.599 141.3 332.043 276.504 257.299 181.632 164.249 207.043 149.426 147.738 298.315 181.819 166.128 142.321 126.671 120.694 118.455 85.3702 78.1192 41.3229 22.1173 18.0342 14.8551
threshold=23.60000038146973 27.349999427795414 1014.6499938964845 0.87834998965263378 6.2500000000000009 0.78654998540878307 0.3793999999761582 61.500000000000007 20.150000572204593 -1.0000000180025095e-35 -0.91595000028610218 5.0499999523162851 15.500000000000002 72.500000000000014 3.1049998998641972 1013.8500061035157 17.150000572204593 19.94999980926514 11.150000095367433 0.81174999475479137 30.750000000000004 495.41499328613287 1.6549999713897707
decision_type=2 2 2 2 2 2 2 2 2 2 2 2 2 2 2 2 2 2 2 2 2 2 2
left_child=1 2 3 6 8 15 14 -8 19 10 11 -4 16 -12 -1 -5 -11 -14 -6 20 -3 -20 -7
right_child=-2 4 9 5 18 22 7 -9 -10 12 13 -13 17 -15 -16 -17 -18 -19 21 -21 -22 -23 -24
leaf_value=0.0042700362452309185 0.14831190851369971 0.0056833926230379622 -0.060379553373370858 -0.063233132908741635 0.037142463613921081 0.0056833926230379622 -0.13657958811901985 -0.028338293889638683 0.037142463613921081 -0.085812234869453968 0.0056833926230379622 -0.012742923760989441 -0.0051437883308703188 -0.0078671576841822227 -0.064106814980506896 -0.25493555802565354 -0.01587054374237401 0.0056833926230379622 0.074244397441389345 0.021412928118479523 0.021412928118479523 0.055693430527655213 -0.064873979308388452
leaf_weight=699 19 1229 336 11.999999999999998 30 14.000000000000002 47 736 111 82 3642 496 2131 3286 75 26 144 4315 132 57 398 32 10.999999999999998
leaf_count=427 12 429 141 12 14 14 22 463 37 82 1397 227 1738 1707 33 20 144 2924 44 19 133 11 11
internal_value=0.000332732 0.000176886 -0.00138074 -0.0228446 0.0127475 -0.125537 -0.0186895 -0.0348355 0.00683545 0.00102859 -0.0036917 -0.0319808 0.00568339 -0.000294395 -0.00235563 -0.194398 -0.0374245 0.00568339 0.0674495 0.00568339 0.00568339 0.0742444 -0.0208678
internal_weight=18060 18041 16052 1620 1989 63 1557 783 1795 14432 7760 832 6672 6928 774 38 226 6446 194 1684 1627 164 25
internal_count=10061 10049 9362 1002 687 57 945 485 618 8360 3472 368 4888 3104 460 32 226 4662 69 581 562 55 25
is_linear=0
shrinkage=0.05


Tree=126
num_leaves=15
num_cat=0
split_feature=8 29 18 24 28 9 0 11 6 11 1 23 9 7
split_gain=159.806 134.239 127.337 133.149 147.397 279.57 87.6664 59.9866 45.8278 43.535 39.6403 19.6568 16.1289 5.93198
threshold=838.50000000000011 19.050000190734867 1.2500000000000002 1246.2500000000002 39.500000000000007 -1.0000000180025095e-35 23.050000190734867 -0.87834998965263356 1447.5000000000002 -1.0000000180025095e-35 65.500000000000014 77.500000000000014 -0.91595000028610218 1014.7500000000001
decision_type=2 2 2 2 2 2 2 2 2 2 2 2 2 2
left_child=1 2 9 4 7 -6 -3 -4 13 10 -1 -5 -11 -2
right_child=8 6 3 11 5 -7 -8 -9 -10 12 -12 -13 -14 -15
leaf_value=-0.098684716899439973 0.064451913328634369 0.012114483621047481 -0.0039900334117992722 -0.024952963709043943 -0.0023633285692554445 0.012114483621047481 0.024905768407641422 -0.012313972346565989 0.024905768407641422 -0.024952963709043943 -0.024952963709043943 -0.012313972346565989 -0.059884589248233366 0.091359553553841344
leaf_weight=53 54 76 340 276 9851 4481 296 2386 75 23 20 60 36 33
leaf_count=19 18 51 333 129 4229 2700 133 2355 25 11 10 20 17 11
internal_value=0.000411014 -3.64546e-05 -0.000676801 -0.000305529 0.000325019 0.00235205 0.0249058 -0.0103321 0.049848 -0.0496004 -0.0758392 -0.024953 -0.024953 0.0746583
internal_weight=18060 17898 17526 17394 17058 14332 372 2726 162 132 73 336 59 87
internal_count=10061 10007 9823 9766 9617 6929 184 2688 54 57 29 149 28 29
is_linear=0
shrinkage=0.05


Tree=127
num_leaves=14
num_cat=0
split_feature=25 8 29 4 5 7 26 21 0 26 18 7 0
split_gain=149.55 144.475 124.966 128.113 132.204 145.407 132.351 114.62 82.4904 79.7223 28.3871 14.7819 5.85178
threshold=23.60000038146973 838.50000000000011 19.050000190734867 1.8849999904632571 -3.3049999475479122 1017.1499938964845 5.4500000476837167 7.9500000476837167 23.050000190734867 9.1500000953674334 2.5499999523162846 1012.4500122070314 19.94999980926514
decision_type=2 2 2 2 2 2 2 2 2 2 2 2 2
left_child=1 2 3 4 6 -6 -1 9 -4 -5 11 -3 -9
right_child=-2 10 8 7 5 -7 -8 12 -10 -11 -12 -13 -14
leaf_value=-0.026165569370756748 0.14061202024550815 0.052066201459637265 0.011382990310207692 -0.059128165965551864 -0.014674982993856129 -0.0016517463975053112 0.0085459105529079246 -0.0042608512049933196 0.023550940944922102 -0.0042608512049933196 0.070436530230879188 0.023550940944922102 0.011382990310207692
leaf_weight=297 19 48 76 91 2771 9462 3643 428 296 214 45 69 601
leaf_count=194 12 16 51 45 1476 5361 2124 232 133 93 15 23 286
internal_value=0.000408696 0.00026104 -0.000164874 -0.00078496 -0.00203621 -0.00460175 0.00592933 0.011383 0.0235509 -0.0199047 0.0472668 0.0336959 0.011383
internal_weight=18060 18041 17879 17507 16173 12233 3940 1334 372 305 162 117 1029
internal_count=10061 10049 9995 9811 9155 6837 2318 656 184 138 54 39 518
is_linear=0
shrinkage=0.05


Tree=128
num_leaves=31
num_cat=0
split_feature=10 27 5 28 29 0 6 1 10 24 7 6 7 8 18 5 11 5 24 1 5 7 1 7 10 3 28 7 19 10
split_gain=135.797 429.666 607.726 443.2 400.566 269.68 263.803 550.491 619.746 226.348 205.98 195.189 152.972 473.821 365.57 288.808 190.568 175.117 534.763 462.375 234.069 378.914 183.939 176.749 157.679 141.605 158.201 129.079 128.443 121.389
threshold=-0.6035499870777129 13.750000000000002 0.2650000005960465 52.500000000000007 6.6499998569488534 23.050000190734867 217.50000000000003 95.500000000000014 -0.78654998540878285 117.91500091552736 1018.4500122070314 787.50000000000011 1014.6499938964845 401.50000000000006 4.8500001430511483 -4.629999876022338 0.87834998965263378 2.9450000524520878 271.25000000000006 85.500000000000014 -1.8450000286102293 1016.7500000000001 85.500000000000014 1018.2500000000001 0.3793999999761582 25.500000000000004 111.50000000000001 1013.8500061035157 0.58550000190734874 0.98295000195503246
decision_type=2 2 2 2 2 2 2 2 2 2 2 2 2 2 2 2 2 2 2 2 2 2 2 2 2 2 2 2 2 2
left_child=1 3 5 6 -5 -3 -1 -8 -9 -7 -4 -6 13 16 28 -14 25 20 19 -19 22 -22 -17 -20 -18 29 -27 -26 -15 -2
right_child=12 2 10 4 11 9 7 8 -10 -11 -12 -13 15 14 -16 17 24 18 23 -21 21 -23 -24 -25 27 26 -28 -29 -30 -31
leaf_value=-0.0079199214252390748 -0.0091789370569601795 0.021869428790878619 0.061232730160866472 -0.0079199214252390748 0.021869428790878619 0.15080749361942977 -0.03578048674945096 -0.57942600484937423 -0.024824536152808899 0.053757140396430807 0.20092360058300934 0.0069747536828197723 0.049326342423014424 -0.0036839564290123022 0.10758127938675624 -0.0032049911148889945 -0.032927590161561965 0.26877489030361174 0.033394278765146466 0.075069539743704145 -0.063486586235025358 -0.0083685401100716105 0.022915677028753752 -0.00083393764255214873 -0.067166426281134284 -0.044358156756497923 -0.0091789370569601795 -0.24134780122683597 0.054989451085621456 -0.12624286367343024
leaf_weight=276 303 466 42 1522 1116 78 872 10 10 88 71 1255 291 777 93 2063 40 40 477 33 340 3761 1001 1802 18 970 87 26 106 26
leaf_count=230 248 430 35 635 443 41 566 10 10 47 33 479 228 259 31 1108 26 19 190 19 220 2407 924 772 18 521 29 20 37 26
internal_value=0.000454114 0.0067529 0.0422046 0.00153427 0.00963885 0.0231093 -0.0254787 -0.0417292 -0.301091 0.0856449 0.149003 0.0218694 -0.00253028 -0.0137169 0.0132905 0.000259534 -0.0316484 -0.00124077 0.0105971 0.143809 -0.0051267 -0.0129382 0.00532856 0.00633011 -0.104776 -0.0272164 -0.0367749 -0.170092 0.00335951 -0.00917894
internal_weight=18060 5806 745 5061 3893 632 1168 892 20 166 113 2371 12254 2446 976 9808 1470 9517 2352 73 7165 4101 3064 2279 84 1386 1057 44 883 329
internal_count=10061 2959 586 2373 1557 518 816 586 20 88 68 922 7102 1215 327 5887 888 5659 1000 38 4659 2627 2032 962 64 824 550 38 296 274
is_linear=0
shrinkage=0.05


Tree=129
num_leaves=20
num_cat=0
split_feature=25 28 10 7 5 1 27 7 10 5 21 3 10 28 10 12 5 28 5
split_gain=134.758 128.734 126.434 365.665 545.373 646.174 230.876 194.699 352.255 234.371 196.433 193.386 179.445 173.247 93.8441 63.5771 32.8317 28.7889 9.21761
threshold=23.60000038146973 134.00000000000003 -0.6035499870777129 1020.5499877929689 -1.6850000023841856 95.500000000000014 11.84999990463257 1014.6499938964845 0.3793999999761582 -4.4349999427795401 17.94999980926514 25.500000000000004 -0.91595000028610218 73.500000000000014 -0.98295000195503224 0.81174999475479137 0.20499999821186068 38.500000000000007 1.4149999618530276
decision_type=2 2 2 2 2 2 2 2 2 2 2 2 2 2 2 2 2 2 2
left_child=1 2 3 4 5 -1 12 8 10 17 -4 -10 -5 -11 -8 -6 -3 -9 -18
right_child=-2 16 7 6 15 -7 14 9 11 13 -12 -13 -14 -15 -16 -17 18 -19 -20
leaf_value=0.0018003935698338005 0.13358545024928295 0.06697080325562324 -0.0080112116476513968 -0.029739741801232511 0.028065320656184129 -0.22830918928788557 0.028065320656184129 -0.027524381855548154 -0.0026018529337771398 -0.0064093603203051221 0.028065320656184129 -0.055807536694109441 -0.00089901238358740157 0.0077933347871997245 0.0068784827218642602 -0.024416948973950817 0.028065320656184129 0.028065320656184129 0.054910843260586262
leaf_weight=1924 19 39 1343 1008 1100 31 144 41 235 6105 140 625 1160 3312 215 205 32 350 32
leaf_count=979 12 13 594 471 552 30 71 41 191 4367 48 346 548 1200 194 102 11 279 12
internal_value=0.00049632 0.000356156 3.61065e-05 0.00611877 0.0171845 -0.0018484 -0.00815672 -0.0028608 -0.0158102 0.000232639 -0.00104667 -0.0412688 -0.0143084 -0.00141421 0.0280653 0.0280653 0.0560945 0.0280653 0.0285929
internal_weight=18060 18041 17938 5787 3260 1955 2527 12151 2343 9808 1483 860 2168 9417 359 1305 103 391 64
internal_count=10061 10049 10013 2947 1663 1009 1284 7066 1179 5887 642 537 1019 5567 265 654 36 320 23
is_linear=0
shrinkage=0.05


Tree=130
num_leaves=24
num_cat=0
split_feature=28 9 10 2 1 5 23 7 5 10 7 7 28 5 5 7 7 0 18 11 2 1 24
split_gain=194.676 159.967 180.239 341.018 358.141 433.17 228.244 214.498 199.756 271.548 228.145 201.447 364.281 341.017 122.515 86.2593 82.772 72.3379 50.4399 50.1407 44.0471 31.8719 14.3649
threshold=134.00000000000003 0.98295000195503246 -0.6035499870777129 1.6800000071525576 96.500000000000014 -1.9049999713897703 69.500000000000014 1021.2500000000001 3.4050000905990605 0.78654998540878307 1021.5499877929689 1021.1499938964845 52.500000000000007 -2.6350001096725459 3.9550000429153447 1018.7500000000001 1018.9500122070314 26.94999980926514 14.250000000000002 -1.0000000180025095e-35 1.735000014305115 89.500000000000014 614.58499145507824
decision_type=2 2 2 2 2 2 2 2 2 2 2 2 2 2 2 2 2 2 2 2 2 2 2
left_child=1 2 3 7 6 -6 -5 -1 11 10 -10 13 -13 -4 15 -3 -17 20 22 -11 -2 -18 -16
right_child=17 14 8 4 5 -7 -8 -9 9 19 -12 12 -14 -15 18 16 21 -19 -20 -21 -22 -23 -24
leaf_value=0.03521342882107599 0.090127684003225572 0.03521342882107599 0.0008318103975123981 -0.0080541226600550318 -0.38695209576533385 0.017206216441207428 0.0141128405350793 0.017206216441207428 0.011992940411149285 -0.012645012485353572 -0.030897315472219758 -0.017553003850961264 0.024186676826996083 -0.020555777268398259 -0.031363280216852828 -0.10013749958837735 -0.0053667292806684327 0.13653769785987921 0.026525531690567733 0.03521342882107599 0.03521342882107599 0.030577136066399127 -0.092807541443751418
leaf_weight=621 24 201 3603 2409 13.000000000000002 10.999999999999998 2242 462 1253 95 412 885 1277 3861 14.999999999999998 17 115 29 20 301 52 133 26
leaf_count=374 8 181 2170 1403 13 9 854 289 491 41 193 817 597 2221 10 11 85 10 10 140 19 115 13
internal_value=0.00146979 0.00107318 0.000253287 0.00749388 0.00163727 -0.191015 0.00263139 0.0327752 -0.00331404 0.0108131 0.00137986 -0.00633876 0.00710082 -0.0102316 0.0282137 0.0352134 0.00659339 0.0693537 -0.0385727 0.0352134 0.0437177 0.0139096 -0.0703279
internal_weight=18077 17972 17445 5758 4675 24 4651 1083 11687 2061 1665 9626 2162 7464 527 466 265 105 61 396 76 248 41
internal_count=10074 10037 9612 2942 2279 22 2257 663 6670 865 684 5805 1414 4391 425 392 211 37 33 181 27 200 23
is_linear=0
shrinkage=0.05


Tree=131
num_leaves=27
num_cat=0
split_feature=28 9 10 6 28 23 11 7 8 10 28 18 28 3 6 29 24 3 0 28 1 7 2 3 7 3
split_gain=173.593 152.63 162.863 334.602 446.017 242.511 169.995 147.106 427.156 278.604 346.7 219.218 203.103 154.749 146.07 123.583 111.429 75.0776 65.9408 51.2603 44.4078 48.6869 40.8215 14.3898 1.45162 1.29832
threshold=134.00000000000003 0.98295000195503246 -0.6035499870777129 787.50000000000011 56.500000000000007 69.500000000000014 1.0000000180025095e-35 1014.6499938964845 389.50000000000006 1.0000000180025095e-35 73.500000000000014 3.1499999761581425 79.500000000000014 23.500000000000004 232.50000000000003 7.8500001430511483 609.58499145507824 35.500000000000007 26.94999980926514 33.500000000000007 84.500000000000014 1020.9500122070314 1.735000014305115 326.50000000000006 1015.5499877929689 105.50000000000001
decision_type=2 2 2 2 2 2 2 2 2 2 2 2 2 2 2 2 2 2 2 2 2 2 2 2 2 2
left_child=1 2 3 4 14 6 -5 8 13 10 -9 -10 -11 -4 -1 -6 19 -7 22 23 -18 -22 -2 25 -25 -3
right_child=18 16 7 5 15 17 -8 9 11 12 -12 -13 -14 -15 -16 -17 20 -19 -20 -21 21 -23 -24 24 -26 -27
leaf_value=0.019325802904603621 0.085400375269840192 0.020263616834120948 -0.010178219581554751 -0.012739545402474723 0.019325802904603621 0.0053240888738231539 -0.057657487257759765 -0.031449449642144078 -0.010178219581554751 0.0027705250996748875 0.0011251295087957873 0.033327516935384091 0.031087670109959116 -0.041516034744185082 0.0053240888738231539 0.033327516935384091 -0.064798268832658476 -0.0084288366772160388 0.12971081805640255 0.033327516935384091 0.0049730427065656614 -0.066251637352009618 0.033327516935384091 0.0049730427065656614 0.020263616834120948 0.0049730427065656614
leaf_weight=691 24 29 300 473 486 642 322 1348 510 5254 2073 413 720 1069 1266 872 38 1006 29 231 30 24 52 13.999999999999998 69 92
leaf_count=609 8 29 250 215 216 226 164 963 170 3626 705 138 257 561 809 321 19 382 10 166 24 12 19 14 69 92
internal_value=0.00146337 0.00108886 0.000287988 0.00717072 0.0175178 -0.00686964 -0.029551 -0.00310303 -0.0144603 -0.000332305 -0.0117105 0.0118276 0.00618337 -0.0321841 0.00532409 0.0333275 0.0275996 0.00407193 0.0655662 0.0333275 -0.0233814 0.00497304 0.0410899 0.00719972 0.0202636 0.00497304
internal_weight=18077 17972 17445 5758 3315 2443 795 11687 2292 9395 3421 923 5974 1369 1957 1358 527 1648 105 435 92 54 76 204 83 121
internal_count=10074 10037 9612 2942 1955 987 379 6670 1119 5551 1668 308 3883 811 1418 537 425 608 37 370 55 36 27 204 83 121
is_linear=0
shrinkage=0.05


Tree=132
num_leaves=19
num_cat=0
split_feature=28 9 25 7 28 24 5 28 7 7 27 0 9 18 2 1 7 24
split_gain=154.692 145.604 155.635 130.359 128.59 145.101 101.838 88.6091 70.4719 75.2514 60.1857 60.1269 55.0355 45.0071 37.8518 27.7608 19.3119 11.9182
threshold=134.00000000000003 0.98295000195503246 20.300000190734867 1027.049987792969 22.500000000000004 137.91500091552737 3.9550000429153447 53.500000000000007 1018.7500000000001 1018.9500122070314 4.4500000476837167 26.94999980926514 0.3793999999761582 14.250000000000002 1.735000014305115 89.500000000000014 1027.1499633789065 614.58499145507824
decision_type=2 2 2 2 2 2 2 2 2 2 2 2 2 2 2 2 2 2
left_child=1 2 3 4 12 -6 8 -5 -3 -10 -4 14 -1 17 -2 -11 -9 -8
right_child=11 6 10 7 5 -7 13 16 9 15 -12 -13 -14 -15 -16 -17 -18 -19
leaf_value=-0.075549282082779848 0.080913310295339338 0.031540694173374226 0.015612398562164962 -0.15323997484908131 0.015612398562164962 -0.00045719222292351779 -0.028931887149810792 -0.065629039953152335 -0.096424995625720308 -0.0056726348378857523 0.031540694173374226 0.12322526779668085 -0.017697665198131825 0.027065543262287974 0.031540694173374226 0.027873112761268495 -0.005454510264098645 -0.084899301483080947
leaf_weight=44 24 201 120 21 1155 15233 14.999999999999998 24 17 115 192 29 626 20 52 133 30 26
leaf_count=44 8 181 40 14 830 7930 10 12 11 85 101 10 626 10 19 115 15 13
internal_value=0.00146126 0.00110772 0.000325498 -0.000315897 -2.67026e-05 0.000851075 0.0270011 -0.0660903 0.0315407 0.00534168 0.0315407 0.0619737 -0.0214969 -0.034427 0.0386014 0.0123176 -0.0321987 -0.0644234
internal_weight=18077 17972 17445 17133 17058 16388 527 75 466 265 312 105 670 61 76 248 54 41
internal_count=10074 10037 9612 9471 9430 8760 425 41 392 211 141 37 670 33 27 200 27 23
is_linear=0
shrinkage=0.05


Tree=133
num_leaves=27
num_cat=0
split_feature=28 9 10 27 28 29 9 7 8 10 28 11 18 11 28 7 0 3 3 2 28 3 18 1 27 3
split_gain=137.928 139.794 148.994 297.829 419.072 323.859 247.906 130.01 385.704 250.395 311.719 200.24 195.713 150.946 115.827 91.8519 54.8418 44.223 43.9598 35.1312 25.3327 23.1424 18.1097 10.889 0.980279 0.0169155
threshold=134.00000000000003 0.98295000195503246 -0.6035499870777129 13.750000000000002 52.500000000000007 6.0499999523162851 0.3793999999761582 1014.6499938964845 389.50000000000006 1.0000000180025095e-35 73.500000000000014 -0.60784998536109913 3.1499999761581425 0.87834998965263378 22.500000000000004 1018.7500000000001 26.94999980926514 206.50000000000003 84.500000000000014 1.735000014305115 53.500000000000007 324.50000000000006 17.050000190734867 81.500000000000014 4.1499998569488534 22.500000000000004
decision_type=2 2 2 2 2 2 2 2 2 2 2 2 2 2 2 2 2 2 2 2 2 2 2 2 2 2
left_child=1 2 3 4 6 -6 -1 8 13 10 -9 -11 -10 -4 -5 24 19 18 25 -2 21 -19 -20 -22 -3 -17
right_child=16 15 7 14 5 -7 -8 9 12 11 -12 -13 -14 -15 -16 17 -18 20 22 -21 23 -23 -24 -25 -26 -27
leaf_value=-0.042020497607313793 0.07665438016279924 -0.079947285091175768 -0.026639938840752098 0.016125868168167971 -0.0064888390708901069 0.016125868168167971 -0.0064888390708901069 -0.029815609328751387 -0.0095248083636553273 0.021189833798266139 0.0010719652923285195 0.00039688601070672765 0.029829626060636917 -0.10305677336805008 0.029829626060636917 0.018397481874986122 0.11706400821948876 -0.015971360403636937 -0.061640570505522199 0.029829626060636917 0.015195659651980968 0.015195659651980968 -0.0088019853729444254 0.029829626060636917 0.029829626060636917 0.029829626060636917
leaf_weight=763 24 17 1301 295 1270 2556 429 1348 510 1571 2073 4403 413 68 445 11.000000000000002 29 88 50 52 22 41 24 59 205 9.9999999999999982
leaf_count=438 8 8 758 295 527 1010 388 963 170 931 705 2952 138 53 284 11 10 86 32 19 11 41 12 29 186 9
internal_value=0.00142682 0.00109299 0.000326537 0.0069097 0.00242211 0.0104873 -0.023465 -0.00291689 -0.0135938 -0.000312138 -0.0110989 0.00586487 0.011386 -0.0304357 0.0298296 0.0264645 0.0585663 0.00203663 -0.0262703 0.0362448 0.0148421 0.000561693 -0.0445037 0.0298296 0.0298296 0.0298296
internal_weight=18077 17972 17445 5758 5018 3826 1192 11687 2292 9395 3421 5974 923 1369 740 527 105 305 95 76 210 129 74 81 222 21
internal_count=10074 10037 9612 2942 2363 1537 826 6670 1119 5551 1668 3883 308 811 579 425 37 231 64 27 167 127 44 40 194 20
is_linear=0
shrinkage=0.05


Tree=134
num_leaves=20
num_cat=0
split_feature=24 26 4 9 28 24 10 22 5 24 9 28 12 5 22 1 3 3 21
split_gain=135.26 130.251 251.438 143.677 145.184 308.222 187.168 184.351 115.69 90.0596 69.7155 41.4883 41.4571 25.5963 16.921 16.2616 6.56696 5.00305 2.87408
threshold=1246.2500000000002 29.85000038146973 0.86500000953674328 0.98295000195503246 50.500000000000007 137.91500091552737 0.91595000028610241 7.1499998569488534 -1.3949999809265134 609.58499145507824 1.0000000180025095e-35 33.500000000000007 1.0000000180025095e-35 1.0549999475479128 14.250000000000002 64.500000000000014 326.50000000000006 131.50000000000003 9.9499998092651385
decision_type=2 2 2 2 2 2 2 2 2 2 2 2 2 2 2 2 2 2 2
left_child=1 3 -3 4 7 -6 -7 -1 12 11 -9 16 18 15 -11 17 -5 -10 -2
right_child=8 2 -4 9 5 6 -8 10 13 14 -12 -13 -14 -15 -16 -17 -18 -19 -20
leaf_value=-0.01381538568625674 -0.049941328244331562 0.030204836236554324 0.17475985148373774 0.0081947252751487908 0.030204836236554324 0.00028362517604491787 0.016178458709778746 -0.0076706938454082817 -0.062402881537714318 -0.01381538568625674 -0.001526002004559823 0.030204836236554324 -0.063524163046548537 -0.035304602682590489 0.0081947252751487908 -0.12729945473727727 0.019199780755851558 -0.094011003346670244 -0.01381538568625674
leaf_weight=992 39 67 34 121 374 11375 854 781 31 66 2737 225 43 30 26 21 83 21 157
leaf_count=811 14 34 17 121 170 4745 437 659 14 42 2629 160 17 14 13 11 83 10 73
internal_value=0.00145701 0.00205761 0.0586763 0.00173333 0.000945839 0.00370081 0.00215208 -0.00675282 -0.0296884 0.0275995 -0.001526 0.0302048 -0.0138154 -0.0741859 -0.0138154 -0.0901645 0.00819473 -0.0751677 -0.0138154
internal_weight=18077 17735 101 17634 17113 12603 12229 4510 342 521 3518 429 239 103 92 73 204 52 196
internal_count=10074 9921 51 9870 9451 5352 5182 4099 153 419 3288 364 104 49 55 35 204 24 87
is_linear=0
shrinkage=0.05


Tree=135
num_leaves=31
num_cat=0
split_feature=9 25 5 5 29 9 28 9 1 28 6 5 0 24 7 5 9 10 28 3 27 11 6 5 3 1 1 7 24 0
split_gain=155.282 246.315 842.694 170.636 145.79 185.959 139.304 119.664 224.306 219.307 211.52 159.22 158.391 116.058 114.634 114.42 70.8784 72.7336 54.2038 50.697 42.0836 28.7133 25.1194 23.4272 19.123 22.8586 16.0703 15.3628 13.9495 11.1807
threshold=0.98295000195503246 12.250000000000002 2.5449999570846562 1.3450000286102297 22.599999427795414 -1.0000000180025095e-35 22.500000000000004 -1.0000000180025095e-35 72.500000000000014 63.500000000000007 1032.5000000000002 -4.694999933242797 21.44999980926514 700.41500854492199 1018.9500122070314 -2.3950001001358028 0.3793999999761582 0.60354998707771312 8.5000000000000018 195.50000000000003 23.050000190734867 -0.87834998965263356 737.50000000000011 3.9550000429153447 351.50000000000006 88.500000000000014 89.500000000000014 1019.9500122070314 640.41500854492199 20.94999980926514
decision_type=2 2 2 2 2 2 2 2 2 2 2 2 2 2 2 2 2 2 2 2 2 2 2 2 2 2 2 2 2 2
left_child=4 3 -3 21 6 -6 16 8 10 12 -8 -10 -9 -11 23 -7 20 18 -18 28 27 29 -21 -5 25 -23 -19 -1 -16 -2
right_child=1 2 -4 14 5 15 7 9 11 13 -12 -13 -14 -15 19 -17 17 26 -20 22 -22 24 -24 -25 -26 -27 -28 -29 -30 -31
leaf_value=-0.15665536721547446 -0.025981864705681802 0.054945172238313501 0.33644852967097844 -0.13275520309157993 0.025988347581201263 0.18922905047734581 0.011017025038062169 -0.0045250898403907426 0.025988347581201263 0.025988347581201263 -0.0084180659645327303 -0.0099629891763160297 0.013574863575170008 0.014371782620779622 -0.01803845874965191 0.059346017828927594 -0.06371833767209735 -0.12764343738555908 -0.0099629891763160297 0.036388940783217548 -0.0099629891763160297 0.0060808011032640937 -0.02275550117572913 -0.058763034939765937 0.054945172238313501 0.045540079650928045 -0.057569453699721232 -0.085736480213346941 -0.080674725174903872 0.027153869449264473
leaf_weight=11.999999999999998 22 74 29 23 75 30 4141 3005 175 589 2115 4118 2022 510 15.999999999999998 39 49 14.999999999999998 546 58 12.999999999999998 50 26 20 33 138 18 21 20 18
leaf_count=12 19 64 11 16 31 15 1567 2380 113 243 802 2063 1488 222 10 19 49 15 546 33 13 47 13 12 30 137 18 21 10 18
internal_value=0.00195072 0.0286919 0.0980463 0.011844 0.0011451 0.0512474 0.000729245 0.00163001 -0.00159776 0.00718824 0.0044465 -0.00996299 0.00275522 0.0259883 -0.0282934 0.115817 -0.021556 -0.0171677 -0.0131603 -0.00319329 -0.0814658 0.0369106 0.0180823 -0.0983402 0.0439661 0.0350456 -0.0894213 -0.111525 -0.0528364 -0.00207078
internal_weight=18020 527 103 424 17493 144 17349 16675 10549 6126 6256 4293 5027 1099 163 69 674 628 595 120 46 261 84 43 221 188 33 33 36 40
internal_count=10037 420 75 345 9617 65 9552 8878 4545 4333 2369 2176 3868 465 94 34 674 628 595 66 46 251 46 28 214 184 33 33 20 37
is_linear=0
shrinkage=0.05


Tree=136
num_leaves=31
num_cat=0
split_feature=4 11 1 20 18 7 10 7 5 23 26 28 20 7 7 5 10 27 23 10 8 4 5 5 11 3 7 20 20 26
split_gain=121.8 447.021 727.541 197.185 200.174 451.508 137.709 496.888 468.975 419.934 440.169 298.036 270.618 252.251 229.01 333.337 771.983 522.002 442.53 402.271 1151.5 309.166 185.238 183.254 146.314 133.411 132.22 130.458 128.641 117.912
threshold=1.7849999666213991 -0.87834998965263356 83.500000000000014 7.5499999523162851 8.4499998092651385 1016.0499877929689 0.60354998707771312 1021.0499877929689 -4.4349999427795401 73.500000000000014 11.34999990463257 64.500000000000014 9.6500000953674334 1018.1499938964845 1020.2500000000001 -0.84499999880790699 -0.78654998540878285 13.750000000000002 30.500000000000004 -0.91595000028610218 142.50000000000003 -1.0049999952316282 2.304999947547913 0.86500000953674328 -0.60784998536109913 219.50000000000003 1026.9500122070315 14.34999990463257 4.8500001430511483 8.2500000000000018
decision_type=2 2 2 2 2 2 2 2 2 2 2 2 2 2 2 2 2 2 2 2 2 2 2 2 2 2 2 2 2 2
left_child=6 2 25 29 -5 -6 14 8 -8 13 -11 12 -9 -10 15 19 17 -17 -18 20 -1 -21 -13 26 -14 -2 28 -24 -16 -3
right_child=1 3 -4 4 5 -7 7 11 9 10 -12 22 24 -15 23 16 18 -19 -20 21 -22 -23 27 -25 -26 -27 -28 -29 -30 -31
leaf_value=-0.59516855743196284 0.17798133095105489 -0.059765838611125943 -0.022221747255669194 0.0018555856617201993 0.18886541624863942 0.027646888715313064 0.028843197956606371 -0.027308639891625172 -0.05407080721888672 0.017694863010604616 0.18357083463668825 0.1622795303662618 0.032418391814068075 -0.018502814276364601 -0.06999597625228865 0.051472671118242809 -0.06182469215828508 0.17541759077628905 0.016911246699029759 -0.0040649917185602664 -0.026186990317439214 0.021210227808691598 0.032418391814068075 -0.019345072482603892 0.0019023686408990187 0.33655906745365693 -0.075457915529194813 0.12524061618849289 0.0053354322631829279 -0.0033186479832642197
leaf_weight=8.9999999999999982 36 125 52 392 48 456 398 415 945 48 50 39 209 1055 58 373 196 110 1994 2969 742 2042 218 1655 437 21 54 43 2475 356
leaf_count=8 14 64 23 202 22 233 311 294 712 24 19 18 131 765 31 169 158 70 849 1116 411 1506 87 791 331 12 32 18 1435 181
internal_value=0.00183981 0.0155516 0.113023 0.007836 0.021699 0.043001 0.00060745 -0.00766521 -0.0209172 -0.030357 0.0706984 0.0166382 0.00419658 -0.0353087 0.00312442 0.00789018 0.0224836 0.0797003 0.00986456 0.00112028 -0.0330057 0.00623475 0.0606402 -0.00635205 0.024436 0.236405 0.00196007 0.0454527 0.00361051 -0.0179879
internal_weight=18020 1486 109 1377 896 504 16534 3857 2496 2098 98 1361 1061 2000 12677 8435 2673 483 2190 5762 751 5011 300 4242 646 57 2587 261 2533 481
internal_count=10037 751 49 702 457 255 9286 2710 1831 1520 43 879 756 1477 6576 4287 1246 239 1007 3041 419 2622 123 2289 462 26 1498 105 1466 245
is_linear=0
shrinkage=0.05


Tree=137
num_leaves=31
num_cat=0
split_feature=9 25 5 5 25 7 28 24 5 0 5 4 7 9 8 29 11 7 28 27 18 7 24 11 5 4 4 12 7 0
split_gain=132.161 199.39 734.914 149.261 137.423 218.725 128.466 168.11 146.533 105.202 125.339 101.407 100.822 61.1072 54.3244 51.6061 44.8181 43.2179 71.7416 37.6557 37.2334 31.4208 29.0683 26.0224 21.0824 20.4297 18.0157 18.9284 14.256 9.80153
threshold=0.98295000195503246 12.250000000000002 2.5449999570846562 1.3450000286102297 21.35000038146973 1022.7500000000001 22.500000000000004 137.91500091552737 0.069999998435378089 27.349999427795414 2.9450000524520878 -1.7949999570846555 1018.9500122070314 0.3793999999761582 371.50000000000006 7.3500001430511483 1.0000000180025095e-35 1019.4500122070314 9.5000000000000018 23.050000190734867 19.150000572204593 1020.1499938964845 640.41500854492199 -0.87834998965263356 0.58499997854232799 1.3350000381469729 0.73500001430511486 1.0000000180025095e-35 1019.9500122070314 21.750000000000004
decision_type=2 2 2 2 2 2 2 2 2 2 2 2 2 2 2 2 2 2 2 2 2 2 2 2 2 2 2 2 2 2
left_child=4 3 -3 23 6 11 13 8 14 10 -9 -6 25 19 -8 -11 21 18 -15 28 -19 -14 -18 29 -13 -5 -25 -28 -1 -2
right_child=1 2 -4 12 5 -7 7 9 -10 15 -12 24 16 17 -16 -17 22 20 -20 -21 -22 -23 -24 26 -26 -27 27 -29 -30 -31
leaf_value=-0.14835326522588729 -0.017645437296094565 0.050042666543113581 0.31214134775359059 -0.12724235384237201 0.12626403331756594 0.17528259413582939 0.0097162348347366156 -0.0045129993379915932 0.024874961652084443 0.0040909079712452773 0.0040909079712452773 0.024874961652084443 0.050042666543113581 -0.1064078015089035 0.024874961652084443 0.0097162348347366156 0.0059738483466207984 -0.048380759449735772 -0.0096669052078457371 -0.0096669052078457371 -0.01064103556615589 -0.005308500118553639 -0.060666852196057643 0.050042666543113581 0.12193146172691793 -0.058295581286603761 0.041065813836952056 -0.0060792055996981538 -0.0800368660972232 0.037785428017377859
leaf_weight=11.999999999999998 29 74 29 21 25 28 718 9990 293 1023 3478 77 22 20 204 966 30 155 340 12.999999999999998 113 32 36 128 17 22 60 33 21 10.999999999999998
leaf_count=12 26 64 11 14 9 14 581 5868 181 357 1448 49 11 20 97 331 19 155 340 13 113 18 18 124 8 14 57 33 21 11
internal_value=0.00175207 0.0264221 0.0888215 0.0112638 0.00100885 0.049149 0.000600881 0.00146605 0.0193741 5.83863e-05 -0.00153442 0.024875 -0.0262756 -0.0207999 0.00971623 0.00971623 -0.00273607 -0.0167253 -0.00966691 -0.0764271 -0.0324681 0.0310456 -0.0303756 0.0347079 0.024875 -0.0919673 0.0414246 0.0243369 -0.104879 -0.00240195
internal_weight=18020 527 103 424 17493 147 17346 16672 1215 15457 13468 119 163 674 922 1989 120 628 360 46 268 54 66 261 94 43 221 93 33 40
internal_count=10037 420 75 345 9617 80 9537 8863 859 8004 7316 66 94 674 678 688 66 628 360 46 268 29 37 251 57 28 214 90 33 37
is_linear=0
shrinkage=0.05


Tree=138
num_leaves=31
num_cat=0
split_feature=9 10 29 28 25 29 1 7 10 5 18 7 28 10 5 17 1 27 5 28 5 5 17 27 7 17 18 23 24 28
split_gain=120.938 358.08 285.5 294.158 525.632 265.541 239.16 329.691 250.254 217.846 184.208 183.464 255.492 291.469 187.4 239.775 201.291 158.115 167.649 133.244 105.803 102.834 72.4594 58.7537 55.9917 62.8182 54.9355 45.5034 43.1989 38.625
threshold=-1.0000000180025095e-35 -0.91595000028610218 23.050000190734867 63.500000000000007 10.550000190734865 19.050000190734867 72.500000000000014 1021.0499877929689 0.78654998540878307 -4.694999933242797 3.6499999761581425 1019.5499877929689 40.500000000000007 -0.98295000195503224 -1.3949999809265134 0.09849999845027925 79.500000000000014 3.0499999523162846 -3.5449999570846553 90.500000000000014 -0.49500000476837153 -2.3950001001358028 0.13749999552965167 4.8500001430511483 1022.7500000000001 0.10449999943375589 3.0499999523162846 67.500000000000014 247.91500091552737 61.500000000000007
decision_type=2 2 2 2 2 2 2 2 2 2 2 2 2 2 2 2 2 2 2 2 2 2 2 2 2 2 2 2 2 2
left_child=1 10 3 11 23 6 17 9 -9 -8 20 12 13 -2 15 -13 -16 19 -19 -3 26 -4 24 -5 25 -12 27 -1 -7 -26
right_child=2 5 21 4 -6 28 7 8 -10 -11 22 14 -14 -15 16 -17 -18 18 -20 -21 -22 -23 -24 -25 29 -27 -28 -29 -30 -31
leaf_value=-0.18010901603847743 -0.12779412390069758 -0.0094799119727585861 0.17748852411905924 0.014952213359894077 0.056767739642627879 0.11379127578532443 0.037404457530805041 -0.001208428544271321 0.03866056507330673 -0.020020667757835793 -0.042880482574807692 -0.13165411728301221 0.014952213359894077 -0.0016351984492250775 0.011270224979336569 0.014952213359894077 -0.023255036193178695 0.03866056507330673 0.0099494386977886651 0.0069830309553599451 -0.042880482574807692 0.056767739642627879 0.054468314846356718 0.035859976501260979 -0.042880482574807692 -0.0043709743626798277 -0.0695554123393127 -0.10473191392595893 0.051263541694897323 -0.007516793220575098
leaf_weight=32 47 1952 30 574 271 47 175 671 269 2935 94 28 1251 1767 561 787 1706 455 2325 780 138 39 33 329 90 409 56 23 67 79
leaf_count=16 33 731 15 256 107 20 113 326 162 1465 44 14 855 1753 320 685 1263 168 891 260 57 19 13 135 45 183 23 11 24 30
internal_value=0.00171682 -0.00169849 0.0066295 0.00567541 0.0286091 0.00118302 0.00027861 -0.00894639 0.0170021 -0.0167894 -0.0309243 0.00129537 0.00995732 -0.00490392 -0.00731879 0.0132441 -0.0147113 0.00705678 0.0154518 -0.00148571 -0.067894 0.10786 -0.017867 0.0149522 -0.0214192 -0.0129869 -0.104415 -0.139908 0.0770425 -0.0428805
internal_weight=18020 10630 7390 7321 1174 9676 9562 4050 940 3110 954 6147 3065 1814 3082 815 2267 5512 2780 2732 249 69 705 903 672 503 111 55 114 169
internal_count=10037 4582 5455 5421 498 4160 4116 2066 488 1578 422 4923 2641 1786 2282 699 1583 2050 1059 991 107 34 315 391 302 227 50 27 44 75
is_linear=0
shrinkage=0.05


Tree=139
num_leaves=31
num_cat=0
split_feature=9 7 25 3 5 8 28 9 0 8 5 28 11 3 9 6 3 24 7 28 24 27 7 5 11 11 18 4 5 7
split_gain=115.596 178.431 552.585 278.348 174.172 116.067 109.916 153.079 216.895 185.829 179.488 143.594 145.033 64.283 56.3902 45.827 43.4393 41.092 43.9022 34.8456 79.1384 33.9849 31.1685 30.4174 21.4781 19.6778 23.2942 18.364 16.352 15.0339
threshold=0.98295000195503246 1018.7500000000001 12.250000000000002 223.50000000000003 0.10500000044703485 826.50000000000011 22.500000000000004 -1.0000000180025095e-35 21.44999980926514 1.0000000180025095e-35 -1.0549999475479124 77.500000000000014 1.0000000180025095e-35 23.500000000000004 0.3793999999761582 1357.5000000000002 195.50000000000003 307.08500671386724 1019.4500122070314 53.500000000000007 279.58500671386724 23.050000190734867 1019.0499877929689 -0.1950000002980232 1.0000000180025095e-35 -0.87834998965263356 11.250000000000002 1.3350000381469729 -2.564999938011169 1023.1499938964845
decision_type=2 2 2 2 2 2 2 2 2 2 2 2 2 2 2 2 2 2 2 2 2 2 2 2 2 2 2 2 2 2
left_child=5 2 4 -4 25 6 14 11 9 -9 -10 13 -13 -8 21 24 23 18 -16 22 -21 -1 -18 -3 -7 -2 -27 -6 -19 -24
right_child=1 16 3 -5 27 15 7 8 10 -11 -12 12 -14 -15 17 -17 19 28 -20 20 -22 -23 29 -25 -26 26 -28 -29 -30 -31
leaf_value=-0.099703465356971277 0.0046149861283117429 0.026914868131279947 0.31344737184458765 0.11587443285890978 -0.13283367852369946 0.03784604056013955 -0.0020884465961522078 -0.0074065074089900186 0.0087888897442076602 0.0087888897442076602 0.017878626218276749 -0.0020884465961522078 0.016161315879573177 -0.0089444619356038608 -0.0089444619356038608 0.017878626218276749 -0.062185372412204745 -0.041789763969810385 -0.029807375851568993 0.10849673650585688 0.013190912838758615 -0.0089444619356038608 0.013190912838758615 -0.05125566792973716 0.076466454962889355 0.030264377085713008 0.075495686151764607 -0.055939918485554789 -0.10675446757903467 -0.020959483119659127
leaf_weight=33 27 15.999999999999998 29 17 11.999999999999998 90 1105 2915 1384 716 1180 3348 1604 4322 316 95 21 38 261 26 75 12.999999999999998 72 56 60 59 55 22 12.999999999999998 40
leaf_count=33 26 16 12 13 11 30 606 2200 1085 466 616 1161 558 2167 316 34 18 38 261 13 37 13 72 35 20 58 55 14 13 40
internal_value=0.00173012 0.0248024 0.0590369 0.213247 0.0185016 0.00103504 0.000549634 0.00135454 0.00757428 -0.000300847 0.0178786 -0.00235788 0.00379884 -0.00797573 -0.0192435 0.0352076 7.74861e-05 -0.0153293 -0.0115268 0.0105273 0.0326685 -0.0726805 -0.00628669 -0.0338844 0.0532942 0.0429962 0.0520865 -0.0830789 -0.0583494 0.00419431
internal_weight=18020 527 221 46 175 17493 17248 16574 6195 3631 2564 10379 4952 5427 674 245 306 628 577 234 101 46 133 72 150 141 114 34 51 112
internal_count=10037 420 189 25 164 9617 9533 8859 4367 2666 1701 4492 1719 2773 674 84 231 628 577 180 50 46 130 51 50 139 113 25 51 112
is_linear=0
shrinkage=0.05


Tree=140
num_leaves=29
num_cat=0
split_feature=28 4 27 10 7 5 1 7 5 5 10 26 12 12 5 5 28 20 0 8 1 1 1 18 1 18 3 5
split_gain=110.699 112.902 302.396 134.956 446.566 619.988 318.868 215.227 402.297 525.839 447.225 200.905 239.414 197.098 171.465 169.847 191.113 117.845 100.03 84.7275 53.2911 44.8073 44.4768 28.5565 18.4827 9.49104 1.72176 12.5927
threshold=134.00000000000003 1.7849999666213991 5.0499999523162851 0.3793999999761582 1018.1499938964845 -3.1450001001358028 82.500000000000014 1019.8500061035157 -0.55500000715255726 5.6549999713897714 -0.91595000028610218 8.2500000000000018 1.0000000180025095e-35 0.81174999475479137 -1.8450000286102293 1.5950000286102297 55.500000000000007 7.5499999523162851 21.44999980926514 1.0000000180025095e-35 60.500000000000007 77.500000000000014 85.500000000000014 7.7500000000000009 72.500000000000014 8.3499999046325701 210.50000000000003 5.7249999046325692
decision_type=2 2 2 2 2 2 2 2 2 2 2 2 2 2 2 2 2 2 2 2 2 2 2 2 2 2 2 2
left_child=1 3 17 7 5 6 -5 8 10 -10 -1 12 -6 -7 -13 16 -9 18 22 -17 -2 25 -3 26 -22 -19 27 -4
right_child=20 2 23 4 11 13 -8 15 9 -11 -12 14 -14 -15 -16 19 -18 21 -20 -21 24 -23 -24 -25 -26 -27 -28 -29
leaf_value=-0.036522304731397996 0.11399593930001613 -0.033727298781388637 0.018838812409296024 -0.034862638364119507 -0.03034836868649235 -0.064381665908463101 0.019562472570045245 -0.014179491989399157 0.027581792859420851 -0.067022339492833538 0.0070061073196345984 0.027581792859420851 -0.16199486596243723 0.0094309255562941823 0.00069126162761526367 -0.052862032606312753 0.011163396130017867 -0.0099647968923707256 -0.0099647968923707256 -0.015909435954781826 0.027581792859420851 0.010095831959171193 -0.077147249664579129 0.027581792859420851 0.063861788643731016 0.010095831959171193 0.010095831959171193 0.010095831959171193
leaf_weight=683 27 198 83 428 49 798 725 1277 1711 147 4338 715 42 102 2297 181 1782 100 80 1085 36 319 84 310 36 57 240 30
leaf_count=384 11 94 40 294 49 520 559 1001 807 49 2210 575 36 50 1390 100 743 47 32 458 12 156 39 171 12 24 141 15
internal_value=0.00136502 0.00107277 0.0141968 -0.000131344 -0.00682564 -0.0249162 -0.000640431 0.00294932 0.00844425 0.0275818 0.00108499 0.00514342 -0.0680516 -0.0560162 0.00735483 -0.00579048 0.000583838 -0.00739013 -0.0288909 -0.0211925 0.0540908 0.00896127 -0.0466609 0.0275818 0.0316264 -0.0099648 0.0100958 0.0188388
internal_weight=17960 17861 1501 16360 5156 2053 1153 11204 6879 1858 5021 3103 91 900 3012 4325 3059 838 362 1266 99 476 282 663 72 157 353 113
internal_count=10019 9984 759 9225 3473 1423 853 5752 3450 856 2594 2050 85 570 1965 2302 1744 392 165 558 35 227 133 367 24 71 196 55
is_linear=0
shrinkage=0.05


Tree=141
num_leaves=31
num_cat=0
split_feature=9 8 28 25 1 9 24 26 6 5 5 6 0 5 5 8 7 28 6 11 6 17 3 8 23 23 18 28 1 4
split_gain=138.872 311.49 240.019 547.379 195.037 259.833 210.606 161.531 192.291 159.542 159.75 151.928 135.073 175.938 173.245 213.097 130.741 148.519 137.26 103.438 102.396 101.514 96.0238 78.9922 71.3465 69.2042 50.4887 45.6914 39.6712 18.4797
threshold=-1.0000000180025095e-35 520.50000000000011 63.500000000000007 10.550000190734865 70.500000000000014 -0.37939999997615809 1167.914978027344 9.6500000953674334 1027.5000000000002 6.5799999237060556 -4.9300000667572013 1327.5000000000002 21.44999980926514 -1.6449999809265134 -1.2849999666213987 10.500000000000002 1010.0499877929689 85.500000000000014 407.50000000000006 -0.60784998536109913 742.50000000000011 0.1134999990463257 26.500000000000004 583.50000000000011 71.500000000000014 64.500000000000014 3.4500000476837163 18.500000000000004 54.500000000000007 -3.9300000667572017
decision_type=2 2 2 2 2 2 2 2 2 2 2 2 2 2 2 2 2 2 2 2 2 2 2 2 2 2 2 2 2 2
left_child=4 2 12 21 5 6 7 28 -9 10 22 20 14 -14 27 -16 18 -18 -12 29 23 -4 -6 -7 -22 -21 -13 -2 -1 -8
right_child=1 -3 3 -5 9 11 19 8 -10 -11 16 26 13 -15 15 -17 17 -19 -20 25 24 -23 -24 -25 -26 -27 -28 -29 -30 -31
leaf_value=0.0044179475906686435 -0.028414257339163293 0.12980309280694699 0.014373985467409426 0.06780443426670428 0.11720901518254667 -0.011441988922047432 -0.092324353399730871 0.024030292872872543 0.0044179475906686435 0.10156295485794545 0.00091420093720609495 -0.17048334280649824 0.004111587479611426 0.014373985467409426 -0.020496657063881929 0.004111587479611426 -0.015505921110615049 0.0055966153027095502 -0.11455676017269012 -0.049645265084259288 -0.051220016282493785 0.041089209867056851 0.012644971893341454 0.044068006088859163 -0.011441988922047432 -0.0065901258860531255 -0.066312125679448289 0.004111587479611426 -0.0065901258860531255 -0.050372301510402145
leaf_weight=275 169 51 745 257 37 114 42 2446 1351 32 44 21 1335 876 1985 471 3485 1096 62 97 236 143 54 95 192 257 24 1350 548 70
leaf_count=100 169 19 322 102 22 56 16 863 493 14 17 10 1096 576 1513 313 1894 375 25 51 114 62 30 43 76 105 12 1293 209 29
internal_value=0.00139936 0.00666244 0.00580578 0.0268345 -0.00227355 0.00392639 0.00781244 0.0110438 0.015426 -0.00970831 -0.0104535 -0.0250538 0.00191345 0.01182 -0.00359684 -0.0123965 -0.0117274 -0.0104572 -0.0666254 -0.0242241 -0.0187814 0.014374 0.05516 0.00990595 -0.0327899 -0.0109738 -0.113843 0.00411159 -0.00659013 -0.0661043
internal_weight=17960 7382 7331 1145 10578 5768 5086 4620 3797 4810 4778 682 6186 2211 3975 2456 4687 4581 106 466 637 888 91 209 428 354 45 1519 823 112
internal_count=10019 5465 5446 486 4554 2177 1866 1665 1356 2377 2363 311 4960 1672 3288 1826 2311 2269 42 201 289 384 52 99 190 156 22 1462 309 45
is_linear=0
shrinkage=0.05


Tree=142
num_leaves=31
num_cat=0
split_feature=9 8 10 29 28 29 7 1 1 7 1 10 24 26 22 10 7 22 28 11 9 8 28 26 11 29 5 7 9 24
split_gain=132.41 280.194 251.493 252.069 211.276 335.627 248.631 237.937 207.848 271.508 225.288 209.278 172.727 146.654 139.142 244.583 137.712 127.416 101.11 94.6787 91.9683 89.677 88.4694 88.2944 83.5962 65.8537 64.1802 54.9088 36.8284 34.6233
threshold=-1.0000000180025095e-35 520.50000000000011 -0.91595000028610218 19.050000190734867 39.500000000000007 14.750000000000002 1019.5499877929689 79.500000000000014 70.500000000000014 1021.0499877929689 87.500000000000014 0.78654998540878307 1167.914978027344 9.6500000953674334 7.1499998569488534 0.60354998707771312 1017.2500000000001 3.6499999761581425 57.500000000000007 -0.60784998536109913 0.91595000028610241 575.00000000000011 60.500000000000007 30.60000038146973 0.87834998965263378 7.8500001430511483 -0.70499998331069935 1014.5499877929689 1.0000000180025095e-35 247.91500091552737
decision_type=2 2 2 2 2 2 2 2 2 2 2 2 2 2 2 2 2 2 2 2 2 2 2 2 2 2 2 2 2 2
left_child=2 4 17 8 14 6 7 -6 12 10 -10 -11 13 -4 15 25 20 18 -1 -14 -16 22 -19 -8 27 -2 -20 -23 -7 -5
right_child=1 -3 3 29 5 28 23 -9 9 11 -12 -13 19 -15 16 -17 -18 21 26 -21 -22 24 -24 -25 -26 -27 -28 -29 -30 -31
leaf_value=-0.13670356671015424 -0.069754785070976905 0.12331293704462987 -0.0067521951102130556 0.10645024723476836 0.0036748561776299513 0.064511306898986695 0.0036748561776299513 0.037088688507520784 -0.0098881284128536882 -0.0010564586184094993 -0.045774773726798959 0.035442818505270764 -0.062799105819846907 0.013506116027175219 -0.018129262194597425 -0.15131897434592248 0.0036748561776299513 -0.038304053929410664 -0.090950850680895465 -0.010054449411733918 0.0036748561776299513 0.052159173207150571 -0.011380879850996882 0.037088688507520784 0.073509488999843595 -0.018129262194597425 -0.038304053929410664 -0.011380879850996882 0.037088688507520784 0.051244751818768391
leaf_weight=36 62 51 830 45 426 127 2775 1130 2965 739 513 280 112 3731 644 40 1517 201 60 354 315 36 254 28 40 233 127 178 34 77
leaf_count=18 62 19 315 19 237 53 1609 778 1412 353 299 172 45 1341 638 40 1472 104 27 156 315 15 95 14 20 207 51 84 21 28
internal_value=0.001383 0.00652216 -0.00220343 0.000193003 0.00570968 0.0124035 0.00966607 0.0260361 -0.000721798 -0.00853134 -0.0151814 0.0141661 0.00626438 0.00922689 -0.0050538 -0.0352965 -0.00096199 -0.027006 -0.0599703 -0.0227313 -0.0166847 -0.0166378 -0.0299239 0.00367486 0.00716217 -0.0195647 -0.0451981 -0.0052392 0.0645113 0.0716074
internal_weight=17960 7382 10578 9646 7331 4520 4359 1556 9524 4497 3478 1019 5027 4561 2811 335 2476 932 223 466 959 709 455 2803 254 295 187 214 161 122
internal_count=10019 5465 4554 4140 5446 2712 2638 1015 4093 2236 1711 525 1857 1656 2734 309 2425 414 96 201 953 318 199 1623 119 269 78 99 74 47
is_linear=0
shrinkage=0.05


Tree=143
num_leaves=31
num_cat=0
split_feature=9 8 2 28 10 12 10 29 27 1 18 10 24 17 24 27 5 3 6 28 13 18 8 28 13 3 3 28 8 27
split_gain=118.898 258.272 359.568 237.238 388.825 1021.95 229.22 227.402 217.243 185.301 174.963 194.373 170.763 166.548 155.582 143.34 127.188 201.93 118.203 114.074 85.4475 84.818 86.0094 75.2638 71.2096 71.0243 63.7336 61.8851 61.1562 52.9427
threshold=-1.0000000180025095e-35 367.50000000000006 1.794999957084656 40.500000000000007 -0.98295000195503224 1.0000000180025095e-35 -0.91595000028610218 19.050000190734867 13.050000190734865 70.500000000000014 7.1499998569488534 0.60354998707771312 271.25000000000006 0.12650000303983691 1167.914978027344 3.1499999761581425 -4.694999933242797 52.500000000000007 1382.5000000000002 63.500000000000007 1.0000000180025095e-35 4.9500000476837167 595.50000000000011 18.500000000000004 1.0000000180025095e-35 187.50000000000003 297.50000000000006 61.500000000000007 432.50000000000006 5.0499999523162851
decision_type=2 2 2 2 2 2 2 2 2 2 2 2 2 2 2 2 2 2 2 2 2 2 2 2 2 2 2 2 2 2
left_child=6 3 24 4 5 13 18 9 -4 14 11 -6 -5 -2 15 -8 -11 -18 21 -14 -16 25 27 -12 26 -1 -3 -23 -26 -24
right_child=1 2 8 12 10 -7 7 -9 -10 16 23 -13 19 -15 20 -17 17 -19 -20 -21 -22 22 29 -25 28 -27 -28 -29 -30 -31
leaf_value=-0.065452936022396546 -0.14500316746532918 0.068727449028510204 0.022426981728783952 0.022426981728783952 -0.023354085729241983 -0.50757429940359933 -0.00040233063952570209 0.068027062787384282 0.068727449028510204 0.03266510398977477 -0.01967858331520635 -0.13359100133814711 0.0020569226160486705 0.0020569226160486705 -0.009551727587073032 0.017333630901028185 -0.024169335999978597 -0.0016468723207254119 -0.11213795777998473 0.013746188769838616 -0.059659148619643276 -0.025522382380131693 0.00012959191432549422 0.0020569226160486705 0.10948988611881549 -0.025522382380131693 0.15503735244274142 0.00012959191432549422 0.22141764474951706 0.04328934230111741
leaf_weight=166 20 52 277 1015 268 13.999999999999998 2211 122 90 184 426 47 2024 24 354 2350 1558 2755 38 999 112 215 40 2053 26 184 24 178 23 111
leaf_count=72 15 20 136 647 268 14 787 47 46 119 426 47 1339 12 156 869 865 1252 19 428 45 111 20 2034 13 74 12 65 8 53
internal_value=0.00130744 0.00617734 0.0411758 0.00367817 -0.00736163 -0.135498 -0.00209108 0.000196772 0.022427 -0.000672116 -0.00470168 -0.0398021 0.0114755 -0.0171097 0.00592428 0.00873591 -0.00804594 -0.00978274 -0.0257699 0.0050654 -0.0215947 -0.0220988 -0.00974557 -0.00024156 0.115028 -0.0412992 0.0847256 -0.0220691 0.162027 0.0223283
internal_weight=17960 7382 492 6890 2852 58 10578 9646 367 9524 2794 315 4038 44 5027 4561 4497 4313 932 3023 466 894 544 2479 125 350 76 393 49 151
internal_count=10019 5465 235 5230 2816 41 4554 4140 182 4093 2775 315 2414 27 1857 1656 2236 2117 414 1767 201 395 249 2460 53 146 32 176 21 73
is_linear=0
shrinkage=0.05


Tree=144
num_leaves=30
num_cat=0
split_feature=9 26 8 27 10 29 28 1 7 1 10 10 7 7 24 23 26 27 6 13 18 8 3 28 27 23 24 12 7
split_gain=108.5 234.959 229.999 304.888 210.069 205.231 192.253 167.234 247.913 202.7 192.231 158.787 1202.75 147.175 140.413 134.88 130.32 111.047 106.185 77.1164 73.5883 77.3729 64.6389 57.1763 49.4867 35.5567 31.2475 20.2394 10.4549
threshold=-1.0000000180025095e-35 30.60000038146973 367.50000000000006 13.050000190734865 -0.91595000028610218 19.050000190734867 63.500000000000007 70.500000000000014 1021.0499877929689 87.500000000000014 -0.37939999997615809 -0.98295000195503224 1019.0499877929689 1018.7500000000001 1167.914978027344 71.500000000000014 9.6500000953674334 4.8500001430511483 1382.5000000000002 1.0000000180025095e-35 4.9500000476837167 595.50000000000011 187.50000000000003 61.500000000000007 5.0499999523162851 69.500000000000014 247.91500091552737 -0.56175000965595234 1019.6499938964845
decision_type=2 2 2 2 2 2 2 2 2 2 2 2 2 2 2 2 2 2 2 2 2 2 2 2 2 2 2 2 2
left_child=4 2 6 15 18 7 11 14 9 -9 -10 12 -2 -13 16 -4 -6 -8 20 -16 22 23 25 -22 -23 -1 -7 -24 -28
right_child=1 -3 3 -5 5 26 17 8 10 -11 -12 13 -14 -15 19 -17 -18 -19 -20 -21 21 24 27 -25 -26 -27 28 -29 -30
leaf_value=-0.063861473083992579 -0.33653648932774866 0.15045972977365768 0.02067243753795163 0.077902315524932375 -0.0061079319249733137 0.097726380692587961 0.010007422840556255 -0.0089772693659563706 -0.016848656075152648 -0.043017342224078103 0.029310919434280075 0.010007422840556255 -0.0014890798524022104 -0.0056206341289079019 -0.009074140503465878 0.049287376531441995 0.012359872250187434 0.02067243753795163 -0.10653106162422582 -0.056676193034010273 -0.024380807501424111 -0.00031921678129682443 -0.057974334791594861 -0.00031921678129682443 0.041124875575035545 -0.031049336080091545 0.03199359975016737 -0.024380807501424111 0.065686485426766528
leaf_weight=83 30 28 242 150 830 45 634 2965 337 513 682 2251 250 3248 354 100 3731 449 38 112 215 40 51 178 111 83 42 133 35
leaf_count=41 20 14 125 70 315 19 280 1412 159 299 366 2062 128 2541 156 40 1341 185 19 45 111 20 21 65 53 31 14 53 14
internal_value=0.00124325 0.00589532 0.0053449 0.0383677 -0.00200327 0.000186934 0.00297719 -0.00063851 -0.00764364 -0.0139981 0.0140452 -0.000657592 -0.037387 0.00121261 0.00562806 0.0206724 0.00829911 0.0206724 -0.0246714 -0.020515 -0.0211919 -0.00968546 -0.0390762 -0.0213739 0.0207355 -0.0621803 0.0646257 -0.0243808 0.0452812
internal_weight=17960 7382 7354 492 10578 9646 6862 9524 4497 3478 1019 5779 280 5499 5027 342 4561 1083 932 466 894 544 350 393 151 166 122 184 77
internal_count=10019 5465 5451 235 4554 4140 5216 4093 2236 1711 525 4751 148 4603 1857 165 1656 465 414 201 395 249 146 176 73 72 47 74 28
is_linear=0
shrinkage=0.05


Tree=145
num_leaves=31
num_cat=0
split_feature=4 25 0 27 9 4 28 10 20 25 10 7 23 9 24 25 18 9 23 5 17 1 0 5 18 28 7 23 5 20
split_gain=118.883 739.266 341.24 242.402 181.603 122.814 85.6265 380.956 365.763 167.781 153.931 348.843 501.374 187.896 184.594 142.727 171.918 135.553 218.86 209.046 193 100.558 85.8194 83.1214 78.2451 148.981 80.8616 70.9076 68.1549 56.6862
threshold=2.0249999761581425 10.84999990463257 21.349999427795414 6.2500000000000009 0.3793999999761582 2.4550000429153447 53.500000000000007 -0.98295000195503224 9.0500001907348651 10.449999809265138 0.78654998540878307 1021.1499938964845 74.500000000000014 -1.0000000180025095e-35 137.91500091552737 8.1500000953674334 5.9500000476837167 1.0000000180025095e-35 33.500000000000007 -2.564999938011169 0.097500000149011626 95.500000000000014 27.349999427795414 4.5200002193450937 6.7500000000000009 38.500000000000007 1018.3500061035157 39.500000000000007 0.20499999821186068 7.5499999523162851
decision_type=2 2 2 2 2 2 2 2 2 2 2 2 2 2 2 2 2 2 2 2 2 2 2 2 2 2 2 2 2 2
left_child=6 3 -3 5 -5 27 17 8 9 -8 14 12 -12 -13 28 -10 -17 18 19 -1 -20 -22 -16 -4 25 26 -19 -2 -9 -7
right_child=1 2 23 4 -6 29 7 10 15 -11 11 13 -14 -15 22 16 -18 24 20 -21 21 -23 -24 -25 -26 -27 -28 -29 -30 -31
leaf_value=-0.06276688823175261 -0.027157639145851138 0.081069028593063808 0.30329787289654769 0.081069028593063808 0.02648377306949733 -0.03999603930325743 -0.0012278906978032266 0.025052437475495671 0.060476790907969147 0.060476790907969147 -0.0012278906978032266 0.08838284257023285 0.16602222389645049 0.025889858127693122 -0.0012278906978032266 0.10243259761392015 0.19764029523905588 -0.030503386163713515 -0.06276688823175261 -0.21166673034429551 -0.0043939912789314984 -0.035665506739910785 0.0094243909387538849 0.17677290725708009 -0.0012278906978032266 -0.009299707068370109 -0.072205122934896393 0.02648377306949733 0.086484599910991292 -0.0057588677505502504
leaf_weight=30 75 35 27 68 106 235 121 124 51 102 747 192 45 322 7757 38 68 58 110 30 1250 72 1968 25 3113 535 177 286 71 249
leaf_count=30 35 20 11 32 61 112 53 57 20 44 419 86 18 146 3207 13 25 58 67 30 935 60 677 10 2957 431 177 128 28 124
internal_value=0.00120716 0.0170908 0.156992 0.00514641 0.0588873 -0.00591977 0.000172631 0.00258887 0.0518253 0.0106653 0.00092222 0.0170586 -0.00122789 0.0492335 -0.00120218 0.110288 0.144388 -0.00504465 -0.0179495 -0.111504 -0.0140296 -0.00856413 -0.00122789 0.242469 -0.00122789 -0.0173715 -0.0517071 0.0161519 0.04742 -0.0223823
internal_weight=18087 1106 87 1019 174 845 16981 11606 380 223 11226 1306 792 514 9920 157 106 5375 1492 60 1432 1322 9725 52 3883 770 235 361 195 484
internal_count=10071 533 41 492 93 399 9538 4793 155 97 4638 669 437 232 3969 58 38 4745 1122 60 1062 995 3884 21 3623 666 235 163 85 236
is_linear=0
shrinkage=0.05


Tree=146
num_leaves=31
num_cat=0
split_feature=4 27 11 4 8 1 18 10 2 7 7 10 27 18 7 3 3 7 23 7 9 1 4 10 3 11 11 6 1 20
split_gain=108.622 657.755 458.319 160.557 151.338 141.422 80.7499 82.2152 327.596 336.271 337.536 231.925 293.328 204.051 145.197 103.283 169.793 122.445 115.726 87.8629 77.0634 68.8519 55.3288 45.5265 44.9245 43.3544 42.6258 40.8141 37.7609 33.4606
threshold=2.0249999761581425 7.6499998569488534 -0.87834998965263356 2.4550000429153447 7.5000000000000009 82.500000000000014 1.2500000000000002 -0.6035499870777129 1.6800000071525576 1016.8500061035157 1014.7500000000001 -0.91595000028610218 13.750000000000002 7.2500000000000009 1019.5499877929689 350.50000000000006 210.50000000000003 1014.6499938964845 55.500000000000007 1018.9500122070314 0.91595000028610241 88.500000000000014 2.7150000333786015 -0.6035499870777129 204.50000000000003 -1.0000000180025095e-35 -1.0000000180025095e-35 902.50000000000011 66.500000000000014 7.5499999523162851
decision_type=2 2 2 2 2 2 2 2 2 2 2 2 2 2 2 2 2 2 2 2 2 2 2 2 2 2 2 2 2 2
left_child=6 3 -3 4 23 22 25 8 9 10 -8 12 -10 -11 -13 16 17 -9 20 -18 -17 -20 -4 -2 -5 28 -6 -25 -1 -26
right_child=1 2 5 24 26 -7 7 15 11 13 -12 14 -14 -15 -16 18 19 -19 21 -21 -22 -23 -24 27 29 -27 -28 -29 -30 -31
leaf_value=-0.086718616377223626 -0.064324044464872429 0.26030358640771162 0.075958517664357239 0.039624613672494896 0.053841381876037459 0.053841381876037459 0.014654664864417572 -0.010881494045150888 -0.018805527099925504 0.014654664864417572 0.14073877832928644 0.014654664864417572 0.014654664864417572 0.050004859563962716 -0.0046429168776742904 -0.004498286804659319 -0.018805527099925504 0.0031256461199168184 0.043246669269033838 -0.0050830028482396795 0.03639083609637158 0.13776838859915735 0.18650341289384026 0.01150948117753298 -0.036809477238700941 -0.018805527099925504 0.026237516215476504 -0.059816962209614848 -0.018805527099925504 -0.0099249807385703367
leaf_weight=55 26 38 19 30 86 82 92 2021 1452 461 122 1367 181 410 1238 349 813 6843 84 1254 131 25 28 227 234 61 85 22 22 229
leaf_count=20 13 20 12 15 34 44 63 946 711 252 54 669 112 295 583 345 653 3580 41 1031 131 12 15 109 110 29 36 11 11 114
internal_value=0.00107311 0.0162558 0.107688 -5.2739e-06 0.0217322 0.0627315 8.42365e-05 0.000396333 0.0055354 0.0300501 0.0862068 -0.000740782 -0.015514 0.0162527 0.0085201 -0.00197825 -0.00307723 -6.79945e-05 0.0184171 -0.0159818 0.00785571 0.064926 0.141815 -0.00136635 -0.0196704 -0.0380074 0.0538414 0.00520755 -0.0642854 -0.0235124
internal_weight=18087 1106 167 939 446 129 16981 16843 5323 1085 214 4238 1633 871 2605 11520 10931 8864 589 2067 480 109 47 275 493 138 171 249 77 463
internal_count=10071 533 91 442 203 71 9538 9478 2739 664 117 2075 823 547 1252 6739 6210 4526 529 1684 476 53 27 133 239 60 70 120 31 224
is_linear=0
shrinkage=0.05


Tree=147
num_leaves=31
num_cat=0
split_feature=4 25 0 9 27 11 0 7 17 10 27 5 28 6 6 0 3 3 7 9 28 7 1 5 6 9 4 26 9 9
split_gain=98.7477 600.204 284.249 200.158 217.912 101.688 94.0716 73.9538 72.359 79.8481 300.051 375.404 258.68 278.365 214.524 146.031 96.3462 152.594 174.379 126.178 102.903 82.4216 72.0463 68.9531 58.3847 53.2194 42.7333 35.6885 25.1663 5.06177
threshold=2.0249999761581425 10.84999990463257 21.349999427795414 0.60354998707771312 6.2500000000000009 -1.0000000180025095e-35 21.849999427795414 1018.8500061035157 0.088500000536441817 -0.6035499870777129 13.750000000000002 0.2650000005960465 51.500000000000007 697.50000000000011 232.50000000000003 23.050000190734867 350.50000000000006 210.50000000000003 1016.7500000000001 -0.6035499870777129 31.500000000000004 1020.8500061035157 89.500000000000014 4.5200002193450937 782.50000000000011 0.60354998707771312 2.935000061988831 8.0500001907348651 0.78654998540878307 0.3793999999761582
decision_type=2 2 2 2 2 2 2 2 2 2 2 2 2 2 2 2 2 2 2 2 2 2 2 2 2 2 2 2 2 2
left_child=8 3 -3 4 5 26 7 28 -1 10 12 15 14 -14 -10 -12 17 19 -19 -11 25 -13 -22 -4 -7 -18 -2 -9 -5 -6
right_child=1 2 23 6 29 24 -8 27 9 16 11 21 13 -15 -16 -17 20 18 -20 -21 22 -23 -24 -25 -26 -27 -28 -29 -30 -31
leaf_value=-0.083314388761153602 0.041652384526537634 0.073100571243538831 0.27511781056722007 -0.10752817988395691 0.073100571243538831 0.017662304963328337 0.073100571243538831 -0.058133980631828314 -0.0067872193176359841 -0.0045866007084152697 0.017769713108818891 0.14386878537561965 0.017769713108818891 -0.0034023792459763401 -0.036710344171892346 0.066535840313280789 -0.041576324851879405 -0.041576324851879405 -0.0077255369977909071 0.0079819744107704257 0.017420274722191723 0.035285823182626207 0.06289773638792602 0.15987952566146851 -0.025045449892885586 -0.00044570146128535275 -0.030412834171544424 -0.0080664490369774244 -0.048196165263652807 0.041652384526537634
leaf_weight=26 101 35 27 24 68 152 24 40 258 5980 467 85 1064 2434 836 155 20 456 1611 2998 282 22 126 25 169 161 22 323 70 26
leaf_count=13 44 20 11 12 32 67 16 20 220 2380 431 55 445 944 552 83 20 338 1346 2194 234 8 114 10 82 161 11 167 28 13
internal_value=0.000976785 0.015453 0.141511 0.00469044 0.0256436 0.0102042 -0.0187458 -0.0238189 3.39268e-05 0.000161739 0.0052354 0.0350348 0.000504611 0.00714127 -0.0207157 0.0201531 -0.00215878 -0.00320953 -0.0154578 -0.000389609 0.0175449 0.121543 0.0314648 0.219715 -0.00482246 -0.0138324 0.0416524 -0.0135835 -0.0633448 0.0731006
internal_weight=18087 1106 87 1019 538 444 481 457 16981 16955 5321 729 4592 3498 1094 622 11634 11045 2067 8978 589 107 408 52 321 181 123 363 94 94
internal_count=10071 533 41 492 249 204 243 227 9538 9525 2738 577 2161 1389 772 514 6787 6258 1684 4574 529 63 348 21 149 181 55 187 40 45
is_linear=0
shrinkage=0.05


Tree=148
num_leaves=29
num_cat=0
split_feature=5 27 5 4 18 5 27 18 7 29 10 28 7 12 20 27 5 10 10 7 5 3 3 7 3 27 0 9
split_gain=93.0957 156.608 123.84 205.07 169.903 102.163 478.242 347.747 249.206 202.117 133.949 435.959 419.571 350.568 122.627 103.131 877.991 123.718 71.0984 70.9947 60.6762 31.8653 28.0426 21.9526 11.6532 5.27186 4.93148 1.99255
threshold=6.3849999904632577 4.1499998569488534 5.7249999046325692 -0.41499999165534968 2.8500000238418584 3.4050000905990605 11.250000000000002 8.1500000953674334 1019.5499877929689 6.9500000476837167 0.60354998707771312 84.500000000000014 1021.1499938964845 -0.56175000965595234 8.7500000000000018 12.949999809265138 0.2650000005960465 -0.91595000028610218 0.60354998707771312 1015.4500122070314 3.8950001001358037 200.50000000000003 191.50000000000003 1021.6499938964845 206.50000000000003 1.9499999880790713 22.550000190734867 -0.78654998540878285
decision_type=2 2 2 2 2 2 2 2 2 2 2 2 2 2 2 2 2 2 2 2 2 2 2 2 2 2 2 2
left_child=2 22 5 -4 19 10 8 24 9 -7 15 12 -12 -13 -10 17 -17 -1 23 -5 -9 -20 25 -6 -8 -2 -3 -24
right_child=1 26 3 4 18 6 7 20 14 -11 11 13 -14 -15 -16 16 -18 -19 21 -21 -22 -23 27 -25 -26 -27 -28 -29
leaf_value=-0.01229762055076636 -0.027013019511574195 0.09440700809160868 -0.16297825972239177 -0.13309822145261263 0.0023604360745125212 0.013515851953405891 0.063608374938706067 0.17983735423339042 -0.020792152307159983 0.063608374938706067 -0.023519397588606505 0.24923000423996539 0.013680909730489826 0.042279590514753503 0.0075588631610115685 0.0069450116229029793 0.11684306769116604 0.0027781960524987208 0.010720726251602173 -0.041464957256208773 0.30794257587856722 0.093989284391756411 0.021050226000639109 -0.037415328290727405 0.12397863765557607 0.0010254199306170145 0.12555687250914399 0.039111860056181218
leaf_weight=1635 38 24 27 38 97 739 42 19 751 221 2390 27 1110 69 775 1499 188 8116 20 28 18 27 26 54 14.999999999999998 30 27 37
leaf_count=808 17 8 9 16 35 285 33 10 320 77 1824 9 771 25 332 1352 137 3870 10 11 10 13 13 27 8 10 13 18
internal_value=0.000983521 0.0365633 0.000621861 -0.0317297 -0.0183066 0.00115634 0.0103485 0.121054 0.00616248 0.0261216 -0.000421129 -0.00883832 -0.0117216 0.0962808 -0.0063937 0.00222516 0.0136397 0.000250357 0.00485182 -0.0877817 0.242159 0.0585559 0.00762376 -0.011864 0.0636084 -0.0146431 0.110898 0.0316579
internal_weight=18087 182 17905 291 264 17614 2580 94 2486 960 15034 3596 3500 96 1526 11438 1687 9751 198 66 37 47 131 151 57 68 51 63
internal_count=10071 79 9992 121 112 9871 1075 61 1014 362 8796 2629 2595 34 652 6167 1489 4678 85 27 20 23 58 62 41 27 21 31
is_linear=0
shrinkage=0.05


Tree=149
num_leaves=31
num_cat=0
split_feature=9 7 25 3 5 25 7 4 28 9 5 6 6 10 8 28 26 8 3 28 4 2 28 22 28 24 11 7 26 4
split_gain=86.2187 118.195 328.484 255.091 148.838 92.997 166.805 103.166 77.3237 213.808 214.766 150.987 147.268 137.791 454.803 119.232 111.179 76.6649 33.4543 30.3113 29.1476 25.0943 23.03 19.8047 19.5869 54.7454 21.6922 30.1859 16.418 12.0296
threshold=0.98295000195503246 1018.7500000000001 12.250000000000002 223.50000000000003 0.10500000044703485 21.35000038146973 1022.8500061035157 -1.7949999570846555 53.500000000000007 -0.6035499870777129 1.0549999475479128 1382.5000000000002 927.50000000000011 -0.98295000195503224 367.50000000000006 66.500000000000014 5.7500000000000009 765.00000000000011 191.50000000000003 75.500000000000014 -1.0549999475479124 2.4300000667572026 33.500000000000007 15.34999990463257 53.500000000000007 279.58500671386724 1.0000000180025095e-35 1021.0499877929689 9.9499998092651385 -0.50499999523162831
decision_type=2 2 2 2 2 2 2 2 2 2 2 2 2 2 2 2 2 2 2 2 2 2 2 2 2 2 2 2 2 2
left_child=5 2 4 -4 21 8 7 -7 11 17 12 13 -11 14 -1 -12 -15 29 20 -19 -3 -2 -23 -22 26 -26 27 -20 -6 -10
right_child=1 18 3 -5 28 6 -8 -9 9 10 15 -13 -14 16 -16 -17 -18 19 24 -21 23 22 -24 -25 25 -27 -28 -29 -30 -31
leaf_value=-0.093585226206776159 0.087755163541684555 0.053186027540100947 0.28474423885345462 0.095726947521226749 -0.10807552436987561 0.12254393482208253 0.15554801133962781 0.02029765425612607 -0.0015538142504798683 0.02029765425612607 -0.0015538142504798683 -0.18236923813819886 -0.0015538142504798683 -0.041021803305419685 -0.0015538142504798683 0.013631816201739241 -0.0015538142504798683 0.0080337041055184473 -0.070737025789592581 0.02029765425612607 -0.061557723883362052 0.011030178280576827 0.055310075398195872 0.0038129555294290187 0.096720042045820853 0.012018248628996642 0.012018248628996642 0.0048634185485782163 -0.038465291075408463 0.0067428571754068328
leaf_weight=126 24 8.9999999999999982 25 18 18 25 26 91 5094 1538 1406 11.999999999999998 620 180 304 1378 4439 78 23 510 42 63 55 15.999999999999998 22 75 82 31 15.999999999999998 1741
leaf_count=74 24 9 10 14 12 9 13 54 2006 734 703 6 259 168 160 543 4024 28 21 170 28 63 53 12 11 37 82 31 14 699
internal_value=0.000905522 0.0209902 0.0489172 0.172805 0.0186493 0.000312173 0.0406115 0.0202977 -1.62159e-05 0.00211461 0.0103554 -0.00522224 0.0202977 -0.00480121 -0.031873 0.00110579 -0.002281 -0.00155381 0.000603466 0.0176212 -0.0305335 0.0411484 0.0316691 -0.0435244 0.00955701 0.0267226 -0.00268609 -0.0273368 -0.0753178 -0.00155381
internal_weight=18087 519 219 43 176 17568 142 116 17426 12365 4942 5061 2158 5049 430 2784 4619 7423 300 588 67 142 118 58 233 97 136 54 34 6835
internal_count=10071 421 190 24 166 9650 76 63 9574 5142 2239 4432 993 4426 234 1246 4192 2903 231 198 49 140 116 40 182 48 134 52 26 2705
is_linear=0
shrinkage=0.05


Tree=150
num_leaves=24
num_cat=0
split_feature=24 23 9 0 5 7 8 8 5 5 8 0 24 9 5 18 12 23 7 8 7 17 23
split_gain=94.1641 95.379 153.4 263.315 479.732 705.708 115.524 91.2119 87.3068 80.7852 71.0521 58.7791 86.7327 51.9799 26.0651 25.2814 21.7704 10.7527 10.0521 7.79252 9.94207 3.38549 0.259264
threshold=1246.2500000000002 32.500000000000007 -1.0000000180025095e-35 20.650000572204593 0.10500000044703485 1020.5499877929689 1.0000000180025095e-35 838.50000000000011 -2.6850000619888301 -1.3650000095367429 520.50000000000011 28.849999427795414 596.25000000000011 -0.91595000028610218 1.0549999475479128 2.5499999523162846 1.0000000180025095e-35 64.500000000000014 1012.4500122070314 112.50000000000001 1022.8500061035157 0.11050000041723253 59.500000000000007
decision_type=2 2 2 2 2 2 2 2 2 2 2 2 2 2 2 2 2 2 2 2 2 2 2
left_child=1 8 7 6 10 -6 -4 11 -1 16 -5 13 -13 -3 19 18 17 21 -9 -11 -21 -2 -23
right_child=9 2 3 4 5 -7 -8 15 -10 14 -12 12 -14 -15 -16 -17 -18 -19 -20 20 -22 22 -24
leaf_value=-0.0028737937375077163 -0.055708051264286046 0.0035875684025105333 -0.0028737937375077163 0.0088371571212276217 0.083551129793920445 0.0088371571212276217 0.0088371571212276217 0.04213671069980289 -0.011698723015136773 -0.094374605136759146 0.08090082089106243 0.017177708911907653 0.0035875684025105333 -0.0028737937375077163 -0.022796891909092665 0.0664187066257 -0.048035116112509442 -0.011698723015136773 0.017177708911907653 -0.078358731379098018 -0.036000121533870701 -0.035799287300970817 -0.027189063412301678
leaf_weight=698 25 2622 1909 1661 595 511 486 48 1451 34 45 415 626 6470 32 48 43 139 72 23 20 18 17
leaf_count=698 13 997 1480 1272 325 251 330 16 1059 17 17 139 214 3028 15 16 17 55 24 11 9 12 8
internal_value=0.000868362 0.00137813 0.00274611 0.00974051 0.0201172 0.046359 -0.00244289 -0.000789458 -0.0084937 -0.0247756 0.00883716 -0.00139528 0.00985898 -0.00268385 -0.0607246 0.0357507 -0.0116987 -0.0116987 0.0234835 -0.0764867 -0.0623429 -0.041655 -0.0316172
internal_weight=18008 17657 15508 5207 2812 1106 2395 10301 2149 351 1706 10133 1041 9092 109 168 242 199 120 77 43 60 35
internal_count=10023 9866 8109 3675 1865 576 1810 4434 1757 157 1289 4378 353 4025 52 56 105 88 40 37 20 33 20
is_linear=0
shrinkage=0.05


Tree=151
num_leaves=29
num_cat=0
split_feature=28 7 8 1 7 20 23 9 0 5 8 28 12 5 4 9 11 23 9 22 7 27 3 9 4 7 4 9
split_gain=90.881 90.5861 314.541 182.91 174.339 140.233 130.08 192.554 376.131 202.854 123.185 97.8118 189.188 93.3427 96.0139 90.2686 82.9835 93.1278 81.5275 76.7461 62.9843 61.709 57.279 49.9834 32.5776 27.7455 20.5355 19.3637
threshold=137.00000000000003 1014.6499938964845 389.50000000000006 78.500000000000014 1014.1499938964845 7.5499999523162851 32.500000000000007 -1.0000000180025095e-35 20.650000572204593 -0.38499999046325678 1.0000000180025095e-35 77.500000000000014 -0.56175000965595234 -2.564999938011169 0.054999999701976783 -0.6035499870777129 0.87834998965263378 43.500000000000007 1.0000000180025095e-35 3.6499999761581425 1012.9500122070314 3.0499999523162846 117.50000000000001 -0.6035499870777129 -1.4350000023841856 1010.9500122070314 -2.445000052452087 -0.78654998540878285
decision_type=2 2 2 2 2 2 2 2 2 2 2 2 2 2 2 2 2 2 2 2 2 2 2 2 2 2 2 2
left_child=1 2 3 4 5 -1 13 11 10 -10 -9 26 -13 -3 18 -6 23 -18 -15 20 25 -16 -2 -5 -21 -4 -8 -22
right_child=22 6 19 16 15 -7 7 8 9 -11 -12 12 -14 14 21 -17 17 -19 -20 24 27 -23 -24 -25 -26 -27 -28 -29
leaf_value=-0.091907660645597133 0.088687682330608364 -0.0031845978517590135 -0.0059081939353021569 -0.025577452715578271 -0.16440502524375916 -0.021894585084636799 0.0015275747100117619 -0.0031845978517590135 0.011442414639949048 0.025396314437530172 0.011442414639949048 0.023030974899658333 0.0015275747100117619 -0.17112794617811841 -0.05771068329922855 -0.062703094336514678 -0.18685770493287307 -0.030728255357179379 -0.046123512007296086 0.025396314437530172 -0.0059081939353021569 -0.011764255673898022 0.025396314437530172 -0.0059081939353021569 0.013959399462120051 0.013959399462120051 -0.0031845978517590135 0.013959399462120051
leaf_weight=85 50 565 177 324 40 451 1093 1893 1309 1147 464 1181 2112 14.999999999999998 78 48 12.999999999999998 36 100 209 369 1158 42 562 174 252 3992 69
leaf_count=42 17 565 59 151 18 202 520 1470 984 603 315 400 729 14 39 30 13 36 90 70 123 816 16 487 64 84 2043 23
internal_value=0.000739643 0.000485108 -0.00775995 -0.0227418 -0.043706 -0.0329974 0.0020182 0.00378645 0.0117567 0.0253963 -0.00251149 -0.000792274 0.00623975 -0.0101556 -0.0187296 -0.108931 -0.00875066 -0.0721504 -0.0624284 0.0109254 0.00252248 -0.0146638 0.0503075 -0.00590819 0.0253963 0.0139594 -0.0031846 -0.00590819
internal_weight=18008 17916 2809 1559 624 536 15107 13191 4813 2456 2357 8378 3293 1916 1351 88 935 49 115 1250 867 1236 92 886 383 429 5085 438
internal_count=10023 9990 1402 979 292 244 8588 7064 3372 1587 1785 3692 1129 1524 959 48 687 49 104 423 289 855 33 638 134 143 2563 146
is_linear=0
shrinkage=0.05


Tree=152
num_leaves=26
num_cat=0
split_feature=18 5 27 10 28 7 23 5 28 7 5 10 10 5 28 7 11 1 9 7 4 7 1 7 4
split_gain=85.9758 86.0766 137.741 87.9043 365.957 364.368 325.359 288.67 163.607 158.623 216.583 594.885 201.778 187.118 127.416 94.147 33.9447 35.0137 25.959 22.1863 13.8672 13.5245 11.3519 2.44576 1.18992
threshold=1.2500000000000002 6.3849999904632577 4.4500000476837167 0.60354998707771312 84.500000000000014 1021.0499877929689 77.500000000000014 -4.4349999427795401 64.500000000000014 1020.5499877929689 -0.84499999880790699 -0.91595000028610218 -0.91595000028610218 0.86500000953674328 55.500000000000007 1025.1499633789065 -1.0000000180025095e-35 66.500000000000014 -0.78654998540878285 1020.6499938964845 0.65500000119209301 1025.4500122070315 62.500000000000007 1022.8500061035157 1.1649999618530276
decision_type=2 2 2 2 2 2 2 2 2 2 2 2 2 2 2 2 2 2 2 2 2 2 2 2 2
left_child=16 3 18 9 5 7 20 -5 -7 10 12 -12 -2 14 -11 -15 17 19 22 -1 -6 -18 24 -20 -3
right_child=1 2 -4 4 6 8 -8 -9 -10 13 11 -13 -14 15 -16 -17 21 -19 23 -21 -22 -23 -24 -25 -26
leaf_value=-0.11516350286978264 -0.018643989626766829 -0.018643989626766829 0.12773935794830324 0.02375176393552058 0.035864169998730544 0.00338816629289795 0.21981572460743692 -0.018643989626766829 0.035864169998730544 -0.0093899836721812249 0.07093882128499962 0.0083453183547724918 0.004207613115860335 -0.018643989626766829 0.013703202018460906 0.013537596445933824 -0.018643989626766829 -0.018643989626766829 0.047563929911013006 -0.051640222008739203 0.068955055150118738 -0.060245114700360737 0.018135452835724274 0.02868131362694375 -0.0057034763422879305
leaf_weight=27 787 22 33 402 57 1120 31 2231 279 1044 435 2980 5025 1637 1396 231 41 22 27 28 33 22 29 47 22
leaf_count=9 436 9 15 318 19 789 12 1614 118 839 194 1410 2632 794 590 108 19 11 13 11 11 11 12 18 11
internal_value=0.000718137 0.00102395 0.0354255 0.000673863 -0.00568946 -0.00826066 0.079989 -0.018644 0.0123697 0.00262635 0.00632489 0.0163184 0.000452916 -0.0052953 0.00382235 -0.0172049 -0.0383119 -0.0611343 0.0147019 -0.0828244 0.0358642 -0.018644 -0.00645291 0.0355709 -0.018644
internal_weight=18008 17868 180 17688 4153 4032 121 2633 1399 13535 9227 3415 5812 4308 2440 1868 140 77 147 55 90 63 73 74 44
internal_count=10023 9962 78 9884 2881 2839 42 1932 907 7003 4672 1604 3068 2331 1429 902 61 31 63 20 30 30 32 31 20
is_linear=0
shrinkage=0.05


Tree=153
num_leaves=28
num_cat=0
split_feature=9 28 25 25 7 28 28 7 8 1 9 5 23 29 12 5 28 7 5 5 5 10 27 5 1 1 5
split_gain=85.8568 114.541 257.546 104.135 136.694 85.8506 78.4568 105.13 261.562 181.171 142.956 159.431 139.202 60.6904 58.417 99.1861 56.9236 55.7177 39.2372 38.6963 37.7918 37.3733 29.1925 16.2186 6.79455 3.03158 2.33307
threshold=0.98295000195503246 69.500000000000014 7.6499998569488534 21.35000038146973 1022.7500000000001 79.500000000000014 112.50000000000001 1014.6499938964845 389.50000000000006 78.500000000000014 -0.98295000195503224 6.0450000762939462 32.500000000000007 4.1499998569488534 0.81174999475479137 1.6800000071525576 33.500000000000007 1018.9500122070314 0.64499998092651378 -0.23499999940395352 -0.94499999284744252 -1.0000000180025095e-35 4.6499998569488534 1.2250000238418581 77.500000000000014 91.500000000000014 0.20499999821186068
decision_type=2 2 2 2 2 2 2 2 2 2 2 2 2 2 2 2 2 2 2 2 2 2 2 2 2 2 2
left_child=3 14 -3 6 5 26 7 8 9 -1 11 -9 -12 -10 15 16 20 -17 19 25 -2 24 -19 -18 -8 -16 -5
right_child=1 2 -4 4 -6 -7 21 10 13 -11 12 -13 -14 -15 18 17 23 22 -20 -21 -22 -23 -24 -25 -26 -27 -28
leaf_value=-0.045712609999713931 0.017011131964150876 0.052316315132889694 0.21597491075043329 0.021720074325660824 0.14688535470228931 0.1229831757999602 0.0091476027690255788 -0.014101329053786422 -0.0076873326313066986 -0.0096063257387370357 -0.011278123642164734 -0.1040173964118058 0.0038539095325934728 0.0091476027690255788 0.021706833518468412 -0.10448705605838611 0.052316315132889694 -0.047285723984241489 0.052316315132889694 -0.065075465611049113 -0.033651982409019884 0.021720074325660824 0.012058772623192432 0.024069754969750751 0.021720074325660824 0.052316315132889694 0.072351625062810496
leaf_weight=582 126 24 27 68 26 21 221 706 101 862 1743 53 11869 933 13.000000000000002 23 104 40 22 13.999999999999998 52 240 43 24 39 11.999999999999998 20
leaf_count=278 126 12 9 45 13 7 76 268 34 628 1376 22 6436 317 13 19 93 20 11 14 52 80 24 17 13 11 9
internal_value=0.000615954 0.0205584 0.0917503 1.82719e-05 0.0437623 0.0217201 -0.000322119 -0.000901342 -0.0104126 -0.0241589 0.000738698 -0.0203801 0.00191627 0.00878419 0.0128824 0.00605895 0.020498 -0.0356236 0.0523163 0.00147917 0.00221067 0.0191965 -0.016541 0.0459288 0.0091476 0.0387498 0.0217201
internal_weight=18008 524 51 17484 135 109 17349 16849 2478 1444 14371 759 13612 1034 473 412 306 106 61 39 178 500 83 128 260 25 88
internal_count=10023 421 21 9602 74 61 9528 9359 1257 906 8102 290 7812 351 400 351 288 63 49 38 178 169 44 110 89 24 54
is_linear=0
shrinkage=0.05


Tree=154
num_leaves=31
num_cat=0
split_feature=6 5 0 10 25 11 17 9 11 3 23 5 9 1 27 27 3 23 18 11 1 9 4 28 6 10 23 0 3 29
split_gain=86.4794 149.087 142.211 197.421 104.749 95.784 89.9962 87.9782 79.982 79.6471 73.3758 69.3741 67.8392 79.2936 66.3253 64.3104 56.6556 51.9853 69.1505 48.9936 46.0589 45.5158 33.8944 19.5665 17.5336 14.2256 11.3056 4.99821 1.70168 1.21174
threshold=1067.5000000000002 6.3849999904632577 27.349999427795414 -0.6035499870777129 18.050000190734867 -0.60784998536109913 0.1094999983906746 -0.91595000028610218 -0.60784998536109913 68.500000000000014 84.500000000000014 5.0150001049041757 1.0000000180025095e-35 81.500000000000014 4.4500000476837167 1.5500000119209292 7.5000000000000009 69.500000000000014 3.4500000476837163 -0.60784998536109913 56.500000000000007 -0.91595000028610218 -0.46500000357627863 29.500000000000004 1277.5000000000002 -1.0000000180025095e-35 79.500000000000014 21.550000190734867 9.5000000000000018 7.9500000476837167
decision_type=2 2 2 2 2 2 2 2 2 2 2 2 2 2 2 2 2 2 2 2 2 2 2 2 2 2 2 2 2 2
left_child=1 2 5 6 28 12 19 11 9 15 -9 -7 13 -1 27 -2 -8 18 20 -4 -10 -17 -23 -14 -22 -19 -11 -3 -5 -27
right_child=8 14 3 4 -6 7 16 10 17 26 -12 -13 23 -15 -16 21 -18 25 -20 -21 24 22 -24 -25 -26 29 -28 -29 -30 -31
leaf_value=-0.0038282410248448883 -0.10347646172994224 0.021570019755098556 0.0090238478080292266 0.048872092049777167 0.088720336291525106 0.0090238478080292266 0.11736919369016374 -0.0038282410248448883 -0.037888048561633011 -0.03494730526581407 0.0090238478080292266 -0.0038282410248448883 -0.0038282410248448883 0.0090238478080292266 0.12115969079913516 -0.0038282410248448883 0.05415278287185972 -0.0038282410248448883 -0.015561728934421868 0.037912307909878463 -0.056250317891438806 -0.03255620081032462 -0.068950563904063719 0.0090238478080292266 -0.11083918966745075 -0.015561728934421868 -0.0038282410248448883 0.049736795414771356 0.0090238478080292266 -0.0038282410248448883
leaf_weight=1711 39 36 55 24 45 1387 42 8383 41 32 544 194 229 850 33 30 227 1069 133 64 24 170 49 1493 38 137 131 28 740 30
leaf_count=703 13 16 20 8 15 538 15 5575 17 13 199 69 229 477 15 10 79 383 65 24 12 64 18 1047 19 59 48 10 252 11
internal_value=0.000583277 0.00178132 0.00140638 0.0179828 0.00902385 6.48845e-05 0.0480066 -0.00250392 -0.0094378 -0.0278601 -0.00382824 0.00845079 0.00636725 0.000190602 0.0635817 -0.0437754 0.064023 -0.00382824 -0.0272952 0.0118016 -0.0602144 -0.0344247 -0.0436273 0.00902385 -0.089708 -0.00382824 -0.00382824 0.033893 0.00902385 -0.0155617
internal_weight=18008 16085 15988 1197 809 14791 388 10508 1923 451 8927 1581 4283 2561 97 288 269 1472 236 119 103 249 219 1722 62 1236 163 64 764 167
internal_count=10023 9291 9250 413 275 8837 138 6381 732 166 5774 607 2456 1180 41 105 94 566 113 44 48 92 82 1276 31 453 61 26 260 70
is_linear=0
shrinkage=0.05


Tree=155
num_leaves=18
num_cat=0
split_feature=23 7 11 18 28 4 9 10 23 17 12 8 11 6 3 3 9
split_gain=95.4293 152.567 143.953 80.017 68.2778 111.977 101.239 151.169 138.916 60.8973 54.5318 40.5779 29.8991 25.132 22.5464 20.4963 9.70202
threshold=137.00000000000003 1010.0499877929689 -0.87834998965263356 1.2500000000000002 99.500000000000014 -0.35500000417232508 -1.0000000180025095e-35 -0.91595000028610218 32.500000000000007 0.11950000002980234 1.0000000180025095e-35 259.50000000000006 -1.0000000180025095e-35 482.50000000000006 345.50000000000006 63.500000000000007 -0.91595000028610218
decision_type=2 2 2 2 2 2 2 2 2 2 2 2 2 2 2 2 2
left_child=1 2 13 12 6 10 7 -5 -8 -2 -6 -4 15 -1 -11 -3 -14
right_child=9 3 11 4 5 -7 8 -9 -10 14 -12 -13 16 -15 -16 -17 -18
leaf_value=-0.081188600772135966 0.026237084818299995 -0.036581166386604309 -0.04967522123778189 -0.018752767319104992 0.0059189191560529847 0.026237084818299995 -0.0072265952506113985 -0.0014258583546582827 0.0059189191560529847 0.12504189213116965 0.026237084818299995 0.01829800053879067 -0.018752767319104992 -0.1453341543674469 0.060023056467374172 -0.090268126083537945 -0.045432993769645692
leaf_weight=37 33 40 37 947 828 195 2132 8108 5198 24 225 54 23 26 30 32 38
leaf_count=15 11 17 15 419 278 65 1757 3621 3688 10 75 18 11 10 10 12 18
internal_value=0.000244116 -9.50251e-06 -0.0495621 0.000420031 0.000711458 0.0119851 -0.000147221 -0.00368335 0.00422108 0.0524837 0.00591892 -0.00933946 -0.038217 -0.107661 0.0889203 -0.060442 -0.0187528
internal_weight=18007 17920 154 17766 17633 1248 16385 9055 7330 87 1053 91 133 63 54 72 61
internal_count=10050 10019 58 9961 9903 418 9485 4040 5445 31 353 33 58 25 20 29 29
is_linear=0
shrinkage=0.05


Tree=156
num_leaves=17
num_cat=0
split_feature=23 7 11 17 6 0 24 11 23 11 17 1 5 6 3 3
split_gain=83.8381 137.888 129.918 75.6113 72.7316 120.581 115.563 96.5585 91.165 61.0491 56.3074 52.5461 37.4662 22.6817 20.3481 11.4541
threshold=137.00000000000003 1010.0499877929689 -0.87834998965263356 0.088500000536441817 1072.5000000000002 27.349999427795414 581.25000000000011 -0.60784998536109913 69.500000000000014 -1.0000000180025095e-35 0.11950000002980234 56.500000000000007 -3.2350000143051143 482.50000000000006 345.50000000000006 49.500000000000007
decision_type=2 2 2 2 2 2 2 2 2 2 2 2 2 2 2 2
left_child=1 2 13 -3 5 7 -7 -5 11 -10 -2 -6 15 -1 -12 -4
right_child=10 3 12 4 8 6 -8 -9 9 -11 14 -13 -14 -15 -16 -17
leaf_value=-0.077129171023497714 0.024625482639273936 -0.0816669061779976 -0.015436977860720262 0.0067633362381838737 -0.019941188143167921 0.024625482639273936 0.0089195222704206382 -0.0021398196253333604 -0.018093136103335222 -0.0036273581511105171 0.11878980298837026 -0.040552237122615749 -0.055782563110877731 -0.13806744768069343 0.05702190458774567 0.024625482639273936
leaf_weight=37 33 28 23 4290 106 592 537 10497 732 819 24 165 29 26 30 39
leaf_count=15 11 14 10 2462 49 203 188 6395 263 305 10 82 10 10 10 13
internal_value=0.000262205 2.44874e-05 -0.047084 0.000432835 0.000562432 0.0016457 0.0173959 0.000443161 -0.00890042 -0.00422534 0.0492265 -0.035657 -0.00887249 -0.102278 0.0844743 0.0130693
internal_weight=18007 17920 154 17766 17738 15916 1129 14787 1822 1551 87 271 91 63 54 62
internal_count=10050 10019 58 9961 9947 9248 391 8857 699 568 31 131 33 25 20 23
is_linear=0
shrinkage=0.05


Tree=157
num_leaves=31
num_cat=0
split_feature=7 11 5 8 17 11 24 27 4 21 21 5 3 7 1 1 11 7 23 3 9 28 20 6 5 9 12 7 18 3
split_gain=74.6797 124.809 124.242 112.375 82.6676 78.3583 324.606 191.393 180.756 215.057 185.142 123.054 182.08 215.294 170.061 140.136 366.772 175.098 110.548 122.509 106.556 120.476 93.6082 78.2741 70.9171 62.8126 56.972 44.5143 49.1734 43.5639
threshold=1012.0499877929689 -0.87834998965263356 -2.6850000619888301 639.50000000000011 0.10649999976158143 -0.60784998536109913 1041.2500000000002 21.849999427795414 2.0249999761581425 7.9500000476837167 21.849999427795414 -3.3349999189376827 71.500000000000014 1021.8500061035157 66.500000000000014 85.500000000000014 -1.0000000180025095e-35 1019.8500061035157 69.500000000000014 7.5000000000000009 0.60354998707771312 47.500000000000007 5.9500000476837167 852.50000000000011 -1.7949999570846555 -0.98295000195503224 0.81174999475479137 1023.2500000000001 1.9499999880790713 22.500000000000004
decision_type=2 2 2 2 2 2 2 2 2 2 2 2 2 2 2 2 2 2 2 2 2 2 2 2 2 2 2 2 2 2
left_child=1 3 4 24 -3 6 7 8 10 -10 -2 18 13 14 -13 17 -17 -14 20 23 21 -7 -15 -20 -1 -6 -21 28 -8 -27
right_child=5 2 -4 -5 25 11 27 -9 9 -11 -12 12 15 22 -16 16 -18 -19 19 26 -22 -23 -24 -25 -26 29 -28 -29 -30 -31
leaf_value=-0.056911878892435479 0.00447410210731174 -0.037413832178150398 -0.050571784298866988 0.0019537370422004182 0.064019516896870396 -0.028009117930097152 -0.082395612895488746 0.1471812472343445 -0.020907899180579028 0.074578545075008482 0.065273918650409046 -0.0033596544048090562 0.018339110855370308 -0.053689656719299296 -0.033429068647205316 -0.053991595357853063 -0.000880381247800801 -0.0022773759303174263 0.13845863853182114 0.010787876896334758 0.010787876896334758 0.0036515986618428243 0.013527142778207697 0.045690155026218121 -0.15398172898726031 0.050686695781659408 0.049000378067676841 -0.11873786151409149 -0.02898797289364868 -0.00072929872501943573
leaf_weight=130 4262 69 100 81 72 470 60 25 28 189 129 725 1747 56 1338 379 2284 2509 28 770 373 833 690 121 22 53 104 22 153 185
leaf_count=70 2362 23 47 27 24 404 20 25 11 87 63 258 812 25 769 304 1707 1266 11 274 373 447 379 42 8 29 37 11 63 72
internal_value=0.000271832 -0.015598 -0.000997605 -0.0456133 0.0120827 0.000925158 0.00630241 0.00921028 0.00846174 0.0530081 0.0062603 -0.00118126 -0.003802 -0.0145378 -0.0228618 0.000556567 -0.00843921 0.00618527 0.00826467 0.0212169 0.000358879 -0.00776861 0.00848138 0.0631232 -0.0709615 0.0230996 0.0140727 -0.0510261 -0.0440324 0.0107205
internal_weight=18007 712 479 233 379 17295 4868 4633 4608 217 4391 12427 9728 2809 2063 6919 2663 4256 2699 1023 1676 1303 746 149 152 310 874 235 213 238
internal_count=10050 300 195 105 148 9750 2642 2548 2523 98 2425 7108 5520 1431 1027 4089 2011 2078 1588 364 1224 851 404 53 78 125 311 94 83 101
is_linear=0
shrinkage=0.05


Tree=158
num_leaves=31
num_cat=0
split_feature=9 10 29 23 0 25 5 27 3 6 10 7 5 9 7 27 28 18 28 7 5 6 1 27 7 11 6 17 3 11
split_gain=73.6059 163.111 161.257 140.401 218.866 435.855 658.807 609.615 129.152 151.525 129.9 392.731 114.55 140.651 109.74 106.697 106.63 101.942 102.534 84.4132 79.3178 76.6457 64.4415 60.4314 78.9994 66.5137 54.7742 53.5057 40.599 40.3476
threshold=-1.0000000180025095e-35 -0.91595000028610218 19.050000190734867 32.500000000000007 20.750000000000004 10.449999809265138 0.15500000119209292 7.8500001430511483 23.500000000000004 1147.5000000000002 0.3793999999761582 1018.3500061035157 -1.3049999475479124 1.0000000180025095e-35 1017.2500000000001 10.750000000000002 73.500000000000014 4.9500000476837167 54.500000000000007 1018.7500000000001 -2.814999938011169 692.50000000000011 51.500000000000007 3.0499999523162846 1020.2500000000001 -0.87834998965263356 182.50000000000003 0.1134999990463257 5.5000000000000009 0.87834998965263378
decision_type=2 2 2 2 2 2 2 2 2 2 2 2 2 2 2 2 2 2 2 2 2 2 2 2 2 2 2 2 2 2
left_child=1 17 8 12 -5 26 -7 -8 9 20 16 -12 13 19 15 -14 -10 18 -1 -2 -3 29 -11 24 -16 -25 -6 -17 -20 -19
right_child=3 2 -4 4 5 6 7 -9 10 22 11 -13 14 -15 23 27 -18 21 28 -21 -22 -23 -24 25 -26 -27 -28 -29 -30 -31
leaf_value=-0.13790871180020844 -0.21332406699657436 0.029305006075223829 0.05974701274525035 0.00093779236857819076 0.028953303674867027 0.028953303674867027 0.032513505594044395 0.16180052136334433 -0.010937255932418814 0.0058181758179500125 -0.034806343836668467 0.0049698624787796655 -0.15194125556945803 0.00093779236857819076 -0.032207306150940994 -0.061252726989120924 0.0045991970745614744 0.0054567592799526846 -0.081259241416340777 -0.043933747865651789 0.0058181758179500125 -0.0246501894408243 -0.036914232479674479 -0.030222022487407185 -0.11592835003838819 0.00013415136743000363 0.0097436377790975429 0.00093779236857819076 -0.028935248675885834 0.071352707881193897
leaf_weight=26 12.000000000000002 630 110 2463 203 515 169 198 1472 187 1125 1384 25 982 38 88 4422 218 42 19 233 323 161 251 34 642 1652 41 316 26
leaf_count=13 12 336 43 1877 154 348 78 95 685 63 598 736 23 982 19 81 1525 97 18 19 140 149 57 167 17 397 1137 40 131 13
internal_value=0.000268208 -0.0023811 -0.000448267 0.00412546 0.00855578 0.0185495 0.048163 0.102265 -0.001137 0.0141286 -0.003337 -0.0128652 -0.0066802 0.000937792 -0.0182062 -0.0574021 0.000719038 -0.0221444 -0.0420366 -0.109504 0.0253597 -0.00867243 -0.0137234 -0.0119511 -0.0560164 -0.00839821 0.00974364 -0.0390806 -0.0350738 0.0124785
internal_weight=18007 10675 9724 7332 5200 2737 882 367 9614 1211 8403 2509 2132 1013 1119 154 5894 951 384 31 863 567 348 965 72 893 1855 129 358 244
internal_count=10050 4604 4183 5446 3689 1812 521 173 4140 596 3544 1334 1757 1013 744 144 2210 421 162 31 476 259 120 600 36 564 1291 121 149 110
is_linear=0
shrinkage=0.05


Tree=159
num_leaves=16
num_cat=0
split_feature=23 7 11 17 18 28 9 17 5 18 1 6 3 3 3
split_gain=68.8799 113.803 106.216 66.4347 65.4963 61.5425 81.1259 48.7543 31.0389 26.6167 22.9947 18.8301 16.742 10.566 9.44237
threshold=137.00000000000003 1010.0499877929689 -0.87834998965263356 0.088500000536441817 1.2500000000000002 18.500000000000004 -1.0000000180025095e-35 0.11950000002980234 -3.2350000143051143 19.150000572204593 67.500000000000014 482.50000000000006 345.50000000000006 143.50000000000003 49.500000000000007
decision_type=2 2 2 2 2 2 2 2 2 2 2 2 2 2 2
left_child=1 2 11 -3 10 9 -7 -2 14 -6 13 -1 -9 -5 -4
right_child=7 3 8 4 5 6 -8 12 -10 -11 -12 -13 -14 -15 -16
leaf_value=-0.069805066649978223 0.02228231758231217 -0.07660195763622013 -0.014155771550924881 -0.038062913695779688 -0.01686968840466356 -0.0015888381140657885 0.0054293599417091446 0.10871027906735738 -0.050959934037307211 -0.0078249281289899837 -0.01686968840466356 -0.125328784264051 0.052682336767514548 -0.01686968840466356 0.02228231758231217
leaf_weight=37 33 28 23 76 246 10289 6865 24 29 205 30 26 30 27 39
leaf_count=15 11 14 10 31 246 4451 4987 10 10 205 14 10 10 13 13
internal_value=0.000199147 -1.63228e-05 -0.0428133 0.000354652 0.00047613 0.000740209 0.00121983 0.044581 -0.00826277 -0.0168697 -0.0344796 -0.0927196 0.0775836 -0.0380629 0.0117085
internal_weight=18007 17920 154 17766 17738 17605 17154 87 91 451 133 63 54 103 62
internal_count=10050 10019 58 9961 9947 9889 9438 31 33 451 58 25 20 44 23
is_linear=0
shrinkage=0.05


Tree=160
num_leaves=26
num_cat=0
split_feature=8 7 8 11 7 22 10 10 2 1 7 24 10 12 1 11 3 7 7 6 7 24 11 3 3
split_gain=67.0141 63.8828 211.29 179.549 107.974 106.916 106.068 99.0836 96.4759 124.599 95.3865 90.9832 127.144 82.318 74.6367 67.7368 128.6 56.9356 25.1804 24.5751 17.5567 8.7014 7.78638 4.30909 77.9267
threshold=838.50000000000011 1014.6499938964845 389.50000000000006 0.87834998965263378 1015.1499938964845 3.1499999761581425 0.98295000195503246 0.3793999999761582 5.4549999237060556 85.500000000000014 1013.8500061035157 283.75000000000006 -0.91595000028610218 1.0000000180025095e-35 84.500000000000014 0.87834998965263378 48.500000000000007 1018.2500000000001 1013.2500000000001 1447.5000000000002 1011.1499938964845 733.75000000000011 0.60784998536109935 315.50000000000006 351.50000000000006
decision_type=2 2 2 2 2 2 2 2 2 2 2 2 2 2 2 2 2 2 2 2 2 2 2 2 2
left_child=1 2 3 11 15 18 8 21 9 -6 -9 -1 -13 -10 17 23 -17 -8 20 22 -4 -5 -2 -3 -25
right_child=19 4 5 7 6 -7 14 10 13 -11 -12 12 -14 -15 -16 16 -18 -19 -20 -21 -22 -23 -24 24 -26
leaf_value=-0.0045278878624875037 0.036206570326113234 0.015938841506649593 -0.0045278878624875037 -0.0054645638255512016 0.0047028664032868501 0.015938841506649593 -0.069903821805492039 -0.055105818269981281 -0.028280019151379367 -0.0057552111368407216 -0.20605872774124148 -0.14696501135826109 -0.019888006933718484 -0.0060150286734274036 0.015938841506649593 -0.11302770413458348 0.015938841506649593 -0.0041172276397009157 -0.0045278878624875037 0.015938841506649593 0.0057054768220810449 -0.053584199292319161 0.065278204565956482 -0.077202866090143596 0.015938841506649593
leaf_weight=280 51 452 138 17 8454 639 40 18 549 4295 25 20 1244 733 282 32 38 185 219 81 216 21 42 41 14.999999999999998
leaf_count=211 17 228 46 17 4085 221 35 18 224 3330 19 13 720 328 205 16 19 120 73 27 72 7 14 29 8
internal_value=0.000648252 0.000348959 -0.00653569 -0.01832 0.00164108 0.00926423 0.000736178 -0.0908832 -0.00013509 0.00117965 -0.142869 -0.0145133 -0.0218987 -0.0132097 0.0159388 0.0159388 -0.0389294 -0.0158126 -0.00452789 0.0315287 0.00570548 -0.032057 0.0493357 0.0159388 -0.0376592
internal_weight=18127 17953 2837 1625 15116 1212 14538 81 14031 12749 43 1544 1264 1282 507 578 70 225 573 174 354 38 93 508 56
internal_count=10102 10044 1417 1005 8627 412 8327 61 7967 7415 37 944 733 552 360 300 35 155 191 58 118 24 31 265 37
is_linear=0
shrinkage=0.05


Tree=161
num_leaves=29
num_cat=0
split_feature=28 9 26 7 5 25 9 9 18 1 10 29 1 7 4 18 9 11 12 24 28 3 7 9 20 27 28 4
split_gain=65.1191 75.3393 169.083 119.012 314.992 796.246 237.519 211.7 290.933 109.217 99.1536 123.024 115.739 186.558 114.036 63.4733 34.6674 27.9921 26.7021 22.4314 15.708 9.30017 7.16929 6.91352 3.07672 1.54381 0.648694 0.640288
threshold=18.500000000000004 -1.0000000180025095e-35 30.60000038146973 1018.7500000000001 -0.095000002533197389 8.8499999046325701 0.60354998707771312 0.60354998707771312 7.2500000000000009 96.500000000000014 -0.91595000028610218 19.050000190734867 72.500000000000014 1021.0499877929689 -0.85500001907348622 19.150000572204593 0.78654998540878307 0.87834998965263378 1.0000000180025095e-35 247.91500091552737 9.5000000000000018 258.50000000000006 1019.6499938964845 0.91595000028610241 7.5499999523162851 19.250000000000004 6.5000000000000009 0.44499999284744268
decision_type=2 2 2 2 2 2 2 2 2 2 2 2 2 2 2 2 2 2 2 2 2 2 2 2 2 2 2 2
left_child=15 10 3 4 6 -6 -3 8 -5 -9 -2 12 14 -14 -12 16 17 20 24 -13 26 -20 -21 -23 27 -17 -1 -18
right_child=1 2 -4 7 5 -7 -8 9 -10 -11 11 19 13 -15 -16 25 18 -19 21 22 -22 23 -24 -25 -26 -27 -28 -29
leaf_value=-0.070171579947838417 -0.0084839057607717667 -0.0084839057607717667 0.12786103061267309 -0.0084839057607717667 -0.0084839057607717667 0.066302741294939835 0.020811189006134455 -0.0084839057607717667 0.024866056474957536 0.030412485686501546 -0.00027029800935221831 0.080675739862702114 -0.0084839057607717667 0.013986096652565984 0.015181924670079623 -0.022726218026868816 -0.11065599073966342 -0.083417763913932602 -0.06865548333700966 0.026433918060907897 -0.022726218026868816 -0.056710546811421715 0.055179437443062113 -0.022726218026868816 -0.07161941768911978 -0.0084839057607717667 -0.055824606865644458 -0.095160571336746214
leaf_weight=12.999999999999998 938 932 28 990 350 337 972 1754 1390 206 3834 44 3151 955 1734 46 12.000000000000002 19 17 39 103 14.999999999999998 27 21 11.999999999999998 153 20 14.999999999999998
leaf_count=13 416 750 14 558 241 177 952 1263 910 165 1414 19 1597 495 661 46 12 19 17 13 103 15 11 21 12 153 20 15
internal_value=0.000712578 0.00118854 0.00523982 0.00474445 0.0132241 0.042247 0.00275208 -0.000317943 0.0100626 -0.00848391 -0.00144089 0.000443313 -0.000154547 -0.00652319 0.00454187 -0.0181564 -0.0369685 -0.0227262 -0.0612832 0.0530224 -0.0227262 -0.0381762 0.0345868 -0.0237833 -0.092685 -0.00848391 -0.0614764 -0.102047
internal_weight=18127 17681 6959 6931 2591 687 1904 4340 2380 1960 10722 9784 9674 4106 5568 446 247 155 92 110 136 53 66 36 39 199 33 27
internal_count=10102 9656 5030 5016 2120 418 1702 2896 1468 1428 4626 4210 4167 2092 2075 446 247 155 92 43 136 53 24 36 39 199 33 27
is_linear=0
shrinkage=0.05


Tree=162
num_leaves=31
num_cat=0
split_feature=5 10 3 7 11 10 10 10 28 0 18 9 10 7 1 7 27 7 11 28 9 7 23 11 1 26 9 9 10 28
split_gain=62.1988 212.465 138.681 241.734 364.425 300.9 248.262 317.343 246.477 207.649 234.102 192.646 154.884 146.987 226.335 340.998 404.723 248.985 326.519 194.616 157.038 152.014 134.216 123.376 174.461 122.788 121.919 109.649 237.634 231.998
threshold=-3.1149998903274532 -0.91595000028610218 71.500000000000014 1019.0499877929689 -0.87834998965263356 1.0000000180025095e-35 1.0000000180025095e-35 0.60354998707771312 85.500000000000014 23.650000572204593 3.9500000476837163 -0.78654998540878285 0.60354998707771312 1019.5499877929689 85.500000000000014 1014.7500000000001 3.5499999523162846 1016.7500000000001 -0.87834998965263356 83.500000000000014 0.60354998707771312 1015.2500000000001 71.500000000000014 -0.87834998965263356 82.500000000000014 14.650000095367433 -0.91595000028610218 -0.6035499870777129 0.60354998707771312 40.500000000000007
decision_type=2 2 2 2 2 2 2 2 2 2 2 2 2 2 2 2 2 2 2 2 2 2 2 2 2 2 2 2 2 2
left_child=1 22 3 5 -5 9 -6 -8 12 -2 -11 -10 -7 14 15 19 -17 21 -19 -4 -15 -16 -1 24 26 -26 -3 28 -25 -29
right_child=2 23 13 4 6 8 7 -9 11 10 -12 -13 -14 20 17 16 -18 18 -20 -21 -22 -23 -24 27 25 -27 -28 29 -30 -31
leaf_value=-0.032818832319744966 -0.10570710283868455 -0.010353572331368924 -0.051779747865926311 0.061744849680690099 -0.01989244410885168 -0.048712181657477982 0.064851628574208689 -0.0065006302640988282 -0.036510552209326808 -0.024800468048077069 0.026613024521581641 0.079260758513754068 -0.11101776772984569 0.0017771154078363228 0.0020103190567285294 -0.0048473997373208342 0.045440893293452855 -0.066864357021088575 0.017568833660837026 0.0093848151498871629 -0.016803236383203777 -0.054287156046413612 0.031183455306656505 0.010747600750984874 -0.001912252961635767 0.087491478057617839 -0.082888975233903955 -0.0014420437271843811 -0.047545382886515192 0.038377531117219837
leaf_weight=499 51 120 222 224 1162 131 237 455 196 499 398 44 193 4270 189 588 1252 129 1019 314 1550 328 98 1857 210 47 112 598 193 942
leaf_count=273 44 42 143 104 544 74 130 331 69 171 152 17 138 2180 162 208 589 78 774 109 1123 255 44 687 193 25 58 598 106 681
internal_value=0.000578956 0.00554646 -0.00114791 -0.00956215 0.00150523 -0.0247725 -0.00577291 0.0179365 -0.0536906 -0.00756805 -0.00198824 -0.0152858 -0.0821386 0.00191539 0.00924137 0.0191471 0.0293705 -0.00489435 0.00808113 -0.0159483 -0.00317126 -0.0337065 -0.0223126 0.00962389 -0.0139376 0.0144378 -0.0453707 0.0128332 0.00525953 0.0229151
internal_weight=18127 4676 13451 3590 2078 1512 1854 692 564 948 897 240 324 9861 4041 2376 1840 1665 1148 536 5820 517 597 4079 489 257 232 3590 2050 1540
internal_count=10102 2707 7395 1774 1109 665 1005 461 298 367 323 86 212 5621 2318 1049 797 1269 852 252 3303 417 317 2390 318 218 100 2072 793 1279
is_linear=0
shrinkage=0.05


Tree=163
num_leaves=25
num_cat=0
split_feature=24 3 28 24 7 10 7 23 3 11 20 18 9 8 3 18 27 24 1 23 3 1 8 25
split_gain=61.9608 68.0903 57.5445 261.378 129.099 102.421 175.145 149.589 104.234 87.0811 108.596 82.3178 75.8881 69.2392 66.1297 40.7066 60.0783 40.4613 38.621 27.9307 19.5197 11.6658 9.79097 4.77608
threshold=1246.2500000000002 82.500000000000014 53.500000000000007 126.25000000000001 1018.7500000000001 0.78654998540878307 1021.1499938964845 74.500000000000014 234.50000000000003 -1.0000000180025095e-35 12.34999990463257 7.5499999523162851 -1.0000000180025095e-35 826.50000000000011 297.50000000000006 7.2500000000000009 16.44999980926514 896.25000000000011 91.500000000000014 60.500000000000007 103.50000000000001 61.500000000000007 235.50000000000003 9.2500000000000018
decision_type=2 2 2 2 2 2 2 2 2 2 2 2 2 2 2 2 2 2 2 2 2 2 2 2
left_child=2 19 4 9 18 8 7 -7 13 10 -4 14 -12 -5 -11 -6 -17 -10 -1 23 -3 22 -22 -2
right_child=1 20 3 5 15 6 -8 -9 17 11 12 -13 -14 -15 -16 16 -18 -19 -20 -21 21 -23 -24 -25
leaf_value=-0.00021556367737201356 -0.056841465629435872 -0.099674198173341305 0.025616701285371503 -0.00021556367737201356 -0.0099645910925561416 -0.00021556367737201356 0.025616701285371503 0.025616701285371503 0.025616701285371503 0.032918304338384032 0.054754067157869207 0.16084639281034471 0.14742536942164106 0.025616701285371503 0.11064323639399128 -0.006131543249932276 -0.00021556367737201356 -0.00021556367737201356 -0.0099645910925561416 -0.0099645910925561416 -0.084769307857468015 -0.016412692462715008 -0.039605316306863515 -0.028311352049046359
leaf_weight=2009 37 21 92 9937 988 815 526 50 388 67 50 26 30 217 28 1108 783 52 630 183 21 24 28 17
leaf_count=1767 19 10 44 4022 755 449 238 20 165 27 17 13 10 73 14 955 751 20 615 72 10 13 13 10
internal_value=0.000553304 -0.0208812 0.000951979 0.00285804 -0.00328917 0.00171739 0.0144733 -0.000215564 4.25193e-05 0.049516 0.0266534 0.082015 0.0838914 -0.000215564 0.0604401 -0.00996459 -0.0022985 0.0241533 -0.000215564 -0.00996459 -0.0571933 -0.0449727 -0.0589613 -0.0466581
internal_weight=18127 331 17796 12278 5518 11985 1391 865 10594 293 172 121 80 10154 95 2879 1891 440 2639 237 94 73 49 54
internal_count=10102 147 9955 5112 4843 4987 707 469 4280 125 71 54 27 4095 41 2461 1706 185 2382 101 46 36 23 29
is_linear=0
shrinkage=0.05


Tree=164
num_leaves=23
num_cat=0
split_feature=9 26 9 28 18 24 10 29 6 9 5 5 28 12 5 5 23 3 5 28 1 5
split_gain=59.2117 61.8507 147.066 63.0002 232.04 132.233 116.526 82.0493 80.3214 69.2144 62.2724 52.5089 103.716 56.391 69.1949 54.2772 43.5204 41.7325 36.1443 28.7569 26.8475 18.4422
threshold=0.98295000195503246 29.85000038146973 -1.0000000180025095e-35 50.500000000000007 7.1499998569488534 137.91500091552737 0.78654998540878307 13.449999809265138 1382.5000000000002 1.0000000180025095e-35 -2.3950001001358028 4.5850000381469735 69.500000000000014 0.81174999475479137 -0.94499999284744252 0.64499998092651378 47.500000000000007 203.50000000000003 -0.23499999940395352 35.500000000000007 75.500000000000014 -3.0949999094009395
decision_type=2 2 2 2 2 2 2 2 2 2 2 2 2 2 2 2 2 2 2 2 2 2
left_child=1 3 -3 4 8 -5 7 -7 10 21 -1 12 13 14 19 18 -16 -8 -15 -2 -4 -6
right_child=11 2 20 5 9 6 17 -9 -10 -11 -12 -13 -14 15 16 -17 -18 -19 -20 -21 -22 -23
leaf_value=-0.014582385692909761 0.01615212435661879 0.019512598977182917 0.14540918148480927 0.019512598977182917 -0.0018740317841894885 -0.0018740317841894885 0.010051933565428221 0.010051933565428221 -0.15585482915242513 -0.0018740317841894885 -0.034927602453031267 -0.049675528611987832 0.10009822625862926 0.033774549743303885 -0.04008388828422705 0.057141669181195766 0.007091046868749386 -0.0018740317841894885 -0.065873591176101143 0.057141669181195766 0.071249258323856021 -0.014582385692909761
leaf_weight=303 146 51 26 373 340 9904 1053 1026 11.999999999999998 2723 665 28 38 26 88 26 110 645 13.999999999999998 55 23 452
leaf_count=214 146 19 13 170 295 4067 576 388 6 2616 582 14 15 25 70 13 81 339 14 50 15 374
internal_value=0.000515723 1.93009e-05 0.03923 -0.000204812 -0.00530745 0.00155939 0.000591268 -0.00135252 -0.0272907 -0.00187403 -0.025697 0.0169659 0.0206756 0.0141851 0.00710347 0.0569969 -0.0138756 0.0100519 -0.0011023 0.0277694 0.110599 -0.0145824
internal_weight=18127 17596 100 17496 4495 13001 12628 10930 980 3515 968 531 503 465 399 66 198 1698 40 201 49 792
internal_count=10102 9674 47 9627 4087 5540 5370 4455 802 3285 796 428 414 399 347 52 151 915 39 196 28 669
is_linear=0
shrinkage=0.05


Tree=165
num_leaves=31
num_cat=0
split_feature=28 9 8 7 28 28 5 9 1 11 17 6 22 28 12 11 29 7 5 5 24 10 4 3 24 11 5 26 23 1
split_gain=70.2752 71.6146 209.608 318.208 232.953 125.419 187.708 148.607 277.445 1029.63 183.18 131.233 125.67 135.413 121.576 148.142 206.161 139.483 105.967 85.1178 73.4275 66.6286 61.1668 51.9409 45.63 41.6204 28.8133 13.2604 8.88738 7.89423
threshold=137.00000000000003 -0.6035499870777129 12.500000000000002 1017.3500061035157 88.500000000000014 53.500000000000007 0.86500000953674328 1.0000000180025095e-35 95.500000000000014 -0.60784998536109913 0.097500000149011626 927.50000000000011 6.7500000000000009 38.500000000000007 -0.56175000965595234 1.0000000180025095e-35 6.0499999523162851 1022.0499877929689 -4.0450000762939444 -3.1149998903274532 1222.914978027344 0.98295000195503246 -2.945000052452087 117.50000000000001 1167.914978027344 -1.0000000180025095e-35 6.1499998569488534 5.7500000000000009 47.500000000000007 67.500000000000014
decision_type=2 2 2 2 2 2 2 2 2 2 2 2 2 2 2 2 2 2 2 2 2 2 2 2 2 2 2 2 2 2
left_child=1 2 3 4 18 7 11 8 10 -10 -3 28 13 -9 15 16 -4 19 -1 -16 -19 26 -17 -2 -5 -13 -8 -14 -7 -26
right_child=23 5 14 24 -6 6 21 12 9 -11 -12 25 27 -15 17 22 -18 20 -20 -21 -22 -23 -24 -25 29 -27 -28 -29 -30 -31
leaf_value=-0.059031771331896438 0.078635720627487832 -0.076068423502147209 -0.015623610362590346 -0.015623610362590346 -0.015623610362590346 0.011997838579057908 0.0026590567026868414 -0.048710754951268129 -0.48059242645899458 -0.020347201847471297 -0.0060458422020470953 0.0026590567026868414 -0.0070100953998593219 -0.0070100953998593219 0.0011588014729890703 -0.0003560079152767475 0.019481608240438025 0.021336620455428973 -0.12598636334183136 -0.014515698644907912 -0.015623610362590346 0.021336620455428973 0.021336620455428973 0.021336620455428973 -0.053761056503828834 0.011997838579057908 0.021336620455428973 0.0026590567026868414 0.021336620455428973 -0.092199694500728097
leaf_weight=58 53 101 584 411 24 216 2782 240 14.999999999999998 64 1241 261 190 603 1298 325 532 495 144 2603 76 170 771 43 34 354 84 2979 1300 22
leaf_count=32 18 59 213 217 8 128 1243 240 15 53 934 114 183 473 497 122 186 230 75 988 35 78 284 16 17 144 36 2806 594 11
internal_value=0.000117688 -0.000110154 -0.00389306 -0.030068 -0.0801199 0.00252253 0.00809952 -0.00278141 -0.0166762 -0.107736 -0.0113158 0.0197464 0.00213996 -0.0166792 -0.00117923 0.00840892 -0.0044144 -0.00592185 -0.10244 -0.00930024 0.0171589 0.00265906 0.0213366 0.0427834 -0.0156236 0.00265906 0.00265906 0.00265906 0.0213366 -0.068862
internal_weight=18073 17977 7377 693 226 10600 5167 5433 1421 79 1342 2131 4012 843 6684 2212 1116 4472 202 3901 571 3036 1096 96 467 615 2866 3169 1516 56
internal_count=10049 10015 2915 360 115 7100 2337 4763 1061 68 993 980 3702 713 2555 805 399 1750 107 1485 265 1357 406 34 245 258 1279 2989 722 28
is_linear=0
shrinkage=0.05


Tree=166
num_leaves=31
num_cat=0
split_feature=9 7 25 3 4 28 7 11 0 21 28 9 1 3 6 3 18 1 7 1 7 7 1 6 1 28 2 4 9 2
split_gain=69.6458 69.6143 171.511 208.112 91.3705 63.2789 62.5722 94.6222 140.719 63.8922 50.4005 166.214 274.779 142.76 176.885 112.419 100.1 48.3829 37.348 26.7191 36.7211 25.8525 26.2962 22.5407 20.3453 19.5147 18.0438 12.6836 9.32945 5.19682
threshold=0.98295000195503246 1018.7500000000001 12.250000000000002 214.50000000000003 1.9450000524520876 137.00000000000003 1011.7500000000001 0.60784998536109935 27.849999427795414 10.949999809265138 50.500000000000007 1.0000000180025095e-35 95.500000000000014 24.500000000000004 972.50000000000011 240.50000000000003 7.1499998569488534 60.500000000000007 1011.1499938964845 96.500000000000014 1020.1499938964845 1019.0499877929689 92.500000000000014 87.500000000000014 72.500000000000014 33.500000000000007 5.2950000762939462 2.0249999761581425 -0.78654998540878285 1.8450000286102297
decision_type=2 2 2 2 2 2 2 2 2 2 2 2 2 2 2 2 2 2 2 2 2 2 2 2 2 2 2 2 2 2
left_child=5 2 4 -4 23 6 7 8 18 -10 11 12 -8 14 -12 -15 -13 -7 -1 21 -21 22 -3 -2 -19 -25 27 -23 -9 -22
right_child=1 19 3 -5 -6 17 10 28 9 -11 13 16 -14 15 -16 -17 -18 24 -20 20 29 26 -24 25 -26 -27 -28 -29 -30 -31
leaf_value=-0.048414823043444931 0.074388855900124701 0.0075780966452189862 0.25537161111831663 0.074388855900124701 -0.091973158717155459 0.096936094029634101 -0.015958415636232178 0.002156925991876051 -0.03471299814663386 0.0090616905660108101 0.019782094562573339 -0.021042564090963146 -0.12690934226295705 -0.0014502831373663198 -0.0014502831373663198 0.019328961576090334 -0.0014502831373663198 0.019782094562573339 -0.10053833338121575 0.10257728616396587 0.023997506586944353 0.0017655568117772352 -0.082731287416658916 0.0030841395273686401 0.061055775284767161 0.042284685489721599 -0.04226573899388314 0.034886394325377684 0.019782094562573339 -0.018978172695885101
leaf_weight=121 19 13.999999999999998 20 22 17 27 1030 80 90 211 964 706 59 10195 536 681 2714 39 48 14.999999999999998 17.000000000000004 166 19 63 30 64 20 35 39 11.999999999999998
leaf_count=52 19 13 9 16 11 11 796 29 30 73 458 628 59 4289 199 347 2598 13 28 9 16 137 11 63 10 62 10 22 23 8
internal_value=0.000176898 0.0185213 0.0409481 0.131045 0.017733 -0.000348273 -0.000570682 -0.0165905 -0.026707 -0.00620686 -1.18627e-05 -0.00453758 -0.0219695 0.00163701 0.0160971 -0.000357309 -0.00145028 0.0401349 -0.0632191 0.00309352 0.0390654 -0.00313783 -0.0444182 0.030507 0.0197821 0.0228387 0.00302621 0.00753287 0.0197821 0.00621447
internal_weight=18073 503 205 42 163 17570 17474 589 470 301 16885 4509 1089 12376 1500 10876 3420 96 169 298 44 254 33 146 69 127 221 201 119 29
internal_count=10049 406 180 25 155 9643 9609 235 183 103 9374 4081 855 5293 657 4636 3226 34 80 226 33 193 24 144 23 125 169 159 52 24
is_linear=0
shrinkage=0.05


Tree=167
num_leaves=31
num_cat=0
split_feature=9 5 27 5 3 10 23 7 27 5 28 26 10 7 7 7 28 5 18 3 5 3 2 1 12 3 28 7 11 11
split_gain=61.583 63.2347 116.885 94.48 184.56 89.499 370.642 301.346 138.871 465.246 127.427 99.8647 81.918 76.21 61.893 151.911 276.804 78.8341 39.1188 24.1842 26.9516 25.4309 23.5835 40.4972 18.082 17.934 17.1554 29.2255 16.8788 15.1645
threshold=0.98295000195503246 6.3849999904632577 4.4500000476837167 5.8949999809265146 176.50000000000003 0.60354998707771312 82.500000000000014 1021.0499877929689 11.050000190734865 0.2650000005960465 50.500000000000007 11.750000000000002 0.60354998707771312 1015.4500122070314 1018.7500000000001 1016.8500061035157 40.500000000000007 -0.88499999046325672 8.2500000000000018 209.50000000000003 -0.1950000002980232 216.50000000000003 4.9849998950958261 91.500000000000014 0.81174999475479137 351.50000000000006 38.500000000000007 1014.6499938964845 -0.87834998965263356 -1.0000000180025095e-35
decision_type=2 2 2 2 2 2 2 2 2 2 2 2 2 2 2 2 2 2 2 2 2 2 2 2 2 2 2 2 2 2
left_child=1 3 24 5 -5 8 7 -7 10 -10 -1 -8 13 -6 15 17 18 26 -17 20 -16 -21 23 -19 -3 -23 28 -28 -2 -22
right_child=14 2 -4 4 12 6 11 -9 9 -11 -12 -13 -14 -15 19 16 -18 22 -20 21 29 25 -24 -25 -26 -27 27 -29 -30 -31
leaf_value=-0.015005957852057151 -0.031943208674589794 0.018724037455143155 0.11289177011041081 -0.1640666166941325 -0.11259810825188954 -0.017970634578273154 0.062434078008210728 0.010693158475683478 0.0067100417105961209 0.063472700314288227 0.0016267921815098126 0.19631962290516608 0.063718497090869478 -0.016312682988135131 0.040459678979480967 -0.052900055623971501 0.2158832574712819 0.038316775858402242 0.047926592383835766 0.068123661687499601 -0.013551535716396758 0.0031952987926939648 -0.11134522954622905 -0.06967306307506288 -0.025616027209265479 0.069107280129736118 0.12218654304742814 0.034410809686517996 0.032335707463789734 -0.058617763540574491
leaf_weight=1307 14.999999999999998 111 34 24 24 2683 20 1393 1675 393 9680 27 27 143 17 12.999999999999998 29 13.000000000000002 37 19 56 167 11.999999999999998 15.999999999999998 29 10.999999999999998 11.999999999999998 26 32 28
leaf_count=1071 15 50 16 8 10 1938 9 908 1447 248 3846 11 13 58 16 13 12 11 37 10 34 140 6 16 10 9 12 26 32 17
internal_value=0.000235998 -0.000257838 0.0297346 -0.000557832 -0.0332673 -0.000142728 -0.00656479 -0.00817459 0.00188547 0.0137719 -0.000351819 0.133043 -0.0170859 -0.0301501 0.0174859 0.0386324 0.0929898 0.00455114 0.0217117 0.00293884 -0.0169541 0.0131378 -0.0523944 -0.0280009 0.00953931 0.00726851 0.032019 0.0570005 0.0118212 -0.0285736
internal_weight=18073 17570 174 17396 218 17178 4123 4076 13055 2068 10987 47 194 167 503 205 79 126 50 298 101 197 41 29 140 178 85 38 47 84
internal_count=10049 9643 76 9567 89 9478 2866 2846 6612 1695 4917 20 81 68 406 180 62 118 50 226 67 159 33 27 60 149 85 38 47 51
is_linear=0
shrinkage=0.05


Tree=168
num_leaves=31
num_cat=0
split_feature=5 10 9 8 28 23 23 10 3 10 18 25 11 3 5 11 9 26 2 27 1 9 18 10 28 3 11 5 5 4
split_gain=63.4552 131.691 157.995 236.573 212.406 143.795 126.964 122.97 325.816 286.034 268.394 315.856 176.411 142.915 187.503 220.427 168.796 246.223 137.7 132.215 118.353 108.419 145.645 119.845 103.65 102.467 179.841 113.577 94.2704 91.4879
threshold=-3.1149998903274532 -0.91595000028610218 -0.6035499870777129 12.500000000000002 41.500000000000007 83.500000000000014 47.500000000000007 -0.78654998540878285 355.50000000000006 -0.98295000195503224 7.0499999523162851 10.449999809265138 1.0000000180025095e-35 60.500000000000007 -1.7350000143051145 0.60784998536109935 1.0000000180025095e-35 17.650000572204593 1.6549999713897707 6.9500000476837167 82.500000000000014 1.0000000180025095e-35 11.250000000000002 -0.78654998540878285 70.500000000000014 203.50000000000003 0.87834998965263378 -1.9950000047683714 -0.50499999523162831 -2.4750000238418575
decision_type=2 2 2 2 2 2 2 2 2 2 2 2 2 2 2 2 2 2 2 2 2 2 2 2 2 2 2 2 2 2
left_child=1 6 3 -3 21 20 -1 8 10 -10 19 18 -13 14 15 -9 17 -16 -12 -2 -6 22 -4 -23 -17 27 -27 -15 -18 -29
right_child=7 2 4 -5 5 -7 -8 13 9 -11 11 12 -14 25 16 24 28 -19 -20 -21 -22 23 -24 -25 -26 26 -28 29 -30 -31
leaf_value=-0.080969632548444415 -0.01628627028198814 -0.064072751559072383 -0.22099806964397431 0.0037596738421477212 0.017493049987434492 0.10982429742813112 -0.0083900057731833601 0.0029861338901568781 -0.35083634419874715 -0.052769292915860813 0.040964523035772776 0.040964523035772776 0.11383732540287424 -0.045159404571249818 -0.080195033524443612 -0.066439653327198409 0.03076794443165768 -0.0059705822481273931 0.012782979833040317 0.01032512023494883 0.048332200661237799 -0.060628898376746787 -0.024951985535832746 0.011465937110793209 -0.012945228328422315 -0.011407393663274437 0.022639804747987043 0.019297910556215946 -0.059390823375911284 0.0016019703066709953
leaf_weight=68 904 137 11.999999999999998 2081 480 60 529 1338 10.999999999999998 30 285 201 133 114 303 190 113 177 536 965 467 63 45 678 173 3166 442 930 39 3403
leaf_count=48 391 78 12 782 295 20 267 615 7 27 185 114 85 43 164 122 98 94 307 456 395 63 45 678 65 2275 364 365 34 1555
internal_value=0.000200986 0.00525664 0.00850855 -0.000430156 0.0194925 0.0347612 -0.016657 -0.00153521 0.00726536 -0.132739 0.00916356 0.0281123 0.0691461 -0.00413184 -0.0150291 -0.00638895 -0.0382838 -0.0528248 0.012783 -0.00254631 0.0300054 0.000224898 -0.0662248 0.00533642 -0.0409451 -0.000975621 -0.00723642 0.00410398 0.0076351 0.00540008
internal_weight=18073 4620 4023 2218 1805 1007 597 13453 3065 41 3024 1155 334 10388 2333 1701 632 480 821 1869 947 798 57 741 363 8055 3608 4447 152 4333
internal_count=10049 2683 2368 860 1508 710 315 7366 1572 34 1538 691 199 5794 1192 802 390 258 492 847 690 798 57 741 187 4602 2639 1963 132 1920
is_linear=0
shrinkage=0.05


Tree=169
num_leaves=31
num_cat=0
split_feature=5 10 9 8 28 6 28 23 3 7 8 11 10 10 28 18 10 1 24 23 7 7 2 29 9 18 10 11 6 2
split_gain=57.4002 118.536 141.527 215.027 190.218 132.77 236.96 114.585 109.225 182.948 400.57 307.693 215.682 300.057 210.583 196.783 126.453 124.032 111.258 120.052 112.207 289.958 124.931 98.4582 97.8483 131.445 108.16 92.5375 78.4679 74.0544
threshold=-3.1149998903274532 -0.91595000028610218 -0.6035499870777129 13.500000000000002 41.500000000000007 927.50000000000011 76.500000000000014 47.500000000000007 71.500000000000014 1019.0499877929689 397.50000000000006 -0.87834998965263356 1.0000000180025095e-35 0.60354998707771312 76.500000000000014 3.9500000476837163 -0.98295000195503224 70.500000000000014 1222.914978027344 30.500000000000004 1016.1499938964845 1018.1499938964845 0.95500001311302196 15.449999809265138 1.0000000180025095e-35 11.250000000000002 -0.78654998540878285 -0.87834998965263356 877.50000000000011 3.6550000905990605
decision_type=2 2 2 2 2 2 2 2 2 2 2 2 2 2 2 2 2 2 2 2 2 2 2 2 2 2 2 2 2 2
left_child=1 7 3 -3 24 6 -6 -1 9 10 14 28 23 -14 16 -12 -2 -17 19 -10 22 -22 -21 -13 25 -4 -26 -5 -11 -29
right_child=8 2 4 27 5 -7 -8 -9 18 11 15 12 13 -15 -16 17 -18 -19 -20 20 21 -23 -24 -25 26 -27 -28 29 -30 -31
leaf_value=-0.076921151194940598 -0.20300480961799622 -0.053933995245078394 -0.20994816223780313 -0.024907291163079725 0.040429500596367955 0.016555022718446163 0.24797636611121043 -0.0079705056523118999 -0.012688677766365807 0.071733252259237421 -0.021785612565614447 -0.026962480519361509 0.061621707814017768 -0.0076903309697687371 -0.025284072063379862 0.01231867331008055 -0.072988098708447066 0.082211876330496397 -0.043671903548323933 0.066855448064131615 0.03110031128055249 0.0025123333572751464 -0.0043478314102215537 0.0077587033029307018 -0.057597452803285765 -0.023704386403163274 0.010892640148560107 0.046288566470370981 0.00070954678766429427 0.0050224480796691381
leaf_weight=68 20 173 11.999999999999998 197 778 215 13.999999999999998 529 1236 175 462 901 238 454 362 323 288 79 136 78 1031 6349 1007 264 63 45 678 116 50 1732
leaf_count=48 12 96 12 74 622 83 5 267 926 85 157 415 131 334 143 113 212 33 65 53 572 3478 489 126 63 45 678 42 22 648
internal_value=0.000157782 0.00496618 0.0080514 -0.000408648 0.0184472 0.0328964 0.0440983 -0.0158242 -0.00149351 -0.00892434 -0.0220267 0.000729325 -0.00596141 0.0161482 -0.0510412 0.000473052 -0.0814307 0.0260539 0.00123801 0.00186761 0.00399301 0.00650613 -0.00434783 -0.0190943 0.000213653 -0.0629136 0.0050696 0.00411941 0.0559502 0.00761275
internal_weight=18073 4620 4023 2218 1805 1007 792 597 13453 3616 1534 2082 1857 692 670 864 308 402 9837 9701 8465 7380 1085 1165 798 57 741 2045 225 1848
internal_count=10049 2683 2368 860 1508 710 627 315 7366 1783 670 1113 1006 465 367 303 224 146 5583 5518 4592 4050 542 541 798 57 741 764 107 690
is_linear=0
shrinkage=0.05


Tree=170
num_leaves=31
num_cat=0
split_feature=4 27 4 1 18 5 4 27 18 10 23 7 5 4 27 5 12 10 2 5 0 0 9 23 2 5 9 18 26 27
split_gain=66.0159 265.444 351.635 152.917 97.4253 161.625 91.5965 90.1097 60.4837 56.5859 569.366 295.96 328.218 174.252 125.259 597.575 207.328 154.907 154.353 109.883 108.005 54.2364 43.5353 37.1852 37.0398 35.1386 30.1582 25.3581 29.4935 24.3977
threshold=1.8849999904632571 6.1499998569488534 2.5649999380111699 84.500000000000014 9.5500001907348651 3.4650000333786015 2.4550000429153447 11.250000000000002 1.0500000119209292 0.60354998707771312 82.500000000000014 1020.2500000000001 -4.4349999427795401 -2.7749999761581416 13.650000095367433 0.20499999821186068 0.81174999475479137 -0.91595000028610218 1.6549999713897707 5.8949999809265146 23.150000572204593 20.150000572204593 -0.91595000028610218 58.500000000000007 5.4049999713897714 5.3550000190734872 0.60354998707771312 13.250000000000002 8.3499999046325701 5.1499998569488534
decision_type=2 2 2 2 2 2 2 2 2 2 2 2 2 2 2 2 2 2 2 2 2 2 2 2 2 2 2 2 2 2
left_child=8 6 4 7 -3 26 21 -4 22 14 11 12 -11 -13 17 20 -17 18 -10 -19 -16 23 -1 -2 -9 27 -6 29 -29 -8
right_child=1 2 3 -5 5 -7 25 24 9 10 -12 13 -14 -15 15 16 -18 19 -20 -21 -22 -23 -24 -25 -26 -27 -28 28 -30 -31
leaf_value=-0.025227379041926807 -0.038356260468976368 0.022570143629145147 0.095352230966091162 0.022570143629145147 0.090156414359807979 0.16407927310828008 -0.037559346284294942 0.27102092901865643 0.0067160809190255624 0.022227889181344541 0.20088863535360857 0.082243965868208868 -0.025227379041926807 0.0039033874009746592 0.0067160809190255624 0.077499829415689447 0.2344320595264435 0.002583812920096659 -0.02221070904921316 -0.025227379041926807 0.052202051794612327 0.022570143629145147 -0.088212454117633204 0.0055691129947952368 0.17613816559314729 0.012541285704499411 0.045302911322719373 -0.015640167555435108 0.022570143629145147 -0.015640167555435108
leaf_weight=26 72 150 24 20 46 33 269 18 436 385 33 74 1703 1740 1196 171 24 9117 1422 213 143 335 37 87 24 81 40 54 44 55
leaf_count=13 39 91 8 9 24 13 129 12 206 307 13 37 1255 1156 1160 117 17 4254 702 83 73 141 18 42 15 40 27 27 22 25
internal_value=-1.10618e-05 0.0106162 0.0477442 0.135875 0.0225701 0.0680357 -0.00260391 0.172639 -0.000870395 -0.000685449 -0.00592545 -0.00767452 -0.0205095 0.0070992 0.000935317 0.0143339 0.0968146 -0.000901785 -0.0140858 0.00172371 0.00671608 0.0126887 -0.0497693 -0.0114319 0.216802 -0.0176229 0.0453029 -0.0234127 -0.00112678 -0.0301536
internal_weight=18072 1352 355 86 269 119 997 66 16720 16657 3935 3902 2088 1814 12722 1534 195 11188 1858 9330 1339 494 63 159 42 503 86 422 98 324
internal_count=10075 664 199 44 155 64 465 35 9411 9380 2768 2755 1562 1193 6612 1367 134 5245 908 4337 1233 222 31 81 27 243 51 203 49 154
is_linear=0
shrinkage=0.05


Tree=171
num_leaves=31
num_cat=0
split_feature=4 27 4 11 18 28 4 28 11 5 10 7 10 23 2 27 28 29 10 11 7 7 27 2 27 0 10 0 5 6
split_gain=57.7509 198.096 351.823 118.562 103.362 225.267 82.0593 63.4061 112.964 73.5597 141.68 131.406 319.639 237.033 112.406 109.056 153.433 75.117 87.6983 60.0058 131.266 57.7634 53.2915 51.0196 43.3617 43.934 38.7044 37.6418 31.5072 28.8454
threshold=1.8049999475479128 6.1499998569488534 2.5649999380111699 -0.87834998965263356 9.5500001907348651 69.500000000000014 2.4550000429153447 109.50000000000001 -1.0000000180025095e-35 -3.3049999475479122 -0.91595000028610218 1017.0499877929689 0.3793999999761582 79.500000000000014 1.544999957084656 3.4500000476837163 47.500000000000007 14.050000190734865 1.0000000180025095e-35 -0.87834998965263356 1014.3500061035157 1009.5499877929689 1.3499999642372134 1.6549999713897707 11.650000095367433 22.550000190734867 0.91595000028610241 20.650000572204593 5.3550000190734872 702.50000000000011
decision_type=2 2 2 2 2 2 2 2 2 2 2 2 2 2 2 2 2 2 2 2 2 2 2 2 2 2 2 2 2 2
left_child=7 6 4 -4 -3 26 27 9 21 10 15 12 14 -14 -11 -1 -17 18 -13 20 -12 -9 -21 -23 -5 -26 -6 29 -8 -2
right_child=1 2 3 24 5 -7 28 8 -10 11 19 17 13 -15 -16 16 -18 -19 -20 22 -22 23 -24 -25 25 -27 -28 -29 -30 -31
leaf_value=-0.101223450820697 0.0075900024407923377 0.018386155541077712 0.20338813608342951 0.022164214598505122 0.040255015000885706 0.1782808628949252 -0.022131324722321256 0.076278872489929206 0.067807499995861928 0.0068291616658939305 -0.038512686262343165 -0.0071789385448036806 -0.055150632703316819 0.0068291616658939305 -0.010721593954999735 -0.049023609000601265 0.0068291616658939305 0.0068291616658939305 0.0021159183274488294 -0.076593432059654826 0.0068291616658939305 0.069278060313728115 0.0068291616658939305 0.0068291616658939305 0.069317795160362058 0.17697255685925484 0.10822719106307398 0.018386155541077712 0.011914221889534851 -0.020680695760529489
leaf_weight=38 131 188 33 19 78 33 422 30 87 281 235 4774 595 95 1313 190 320 985 3923 26 177 36 3073 437 18 15.999999999999998 26 284 81 128
leaf_count=19 67 117 17 7 50 12 203 10 29 184 148 2488 402 41 663 114 155 554 2456 9 128 12 1791 148 9 11 13 114 40 64
internal_value=-8.62514e-05 0.00945855 0.0388704 0.128988 0.0183862 0.0621239 -0.00209814 -0.000923252 0.0151742 -0.00151592 0.0043005 -0.00348892 -0.0142768 -0.0427065 -0.00197037 -0.0195092 -0.0134207 -0.000944034 -0.00259733 0.00682916 -0.012565 0.00682916 0.00682916 0.00682916 0.0826631 0.116471 0.040255 0.0113807 -0.0166488 -0.00320615
internal_weight=18072 1457 411 86 325 137 1046 16615 590 16025 4059 11966 2284 690 1594 548 510 9682 8697 3511 412 503 3099 473 53 34 104 543 503 259
internal_count=10075 724 236 44 192 75 488 9351 199 9152 2364 6788 1290 443 847 288 269 5498 4944 2076 276 170 1800 160 27 20 63 245 243 131
is_linear=0
shrinkage=0.05


Tree=172
num_leaves=22
num_cat=0
split_feature=28 22 9 8 28 27 10 24 29 1 7 1 22 17 6 6 2 9 7 1 5
split_gain=54.3964 65.667 60.5612 122.113 105.571 317.343 104.073 107.757 100.683 88.556 66.3999 139.888 110.711 43.5968 23.0669 9.91451 7.93319 7.26987 6.80033 3.98501 3.87504
threshold=15.500000000000002 11.050000190734865 -1.0000000180025095e-35 520.50000000000011 66.500000000000014 4.7500000000000009 -0.91595000028610218 137.91500091552737 19.050000190734867 74.500000000000014 1018.7500000000001 91.500000000000014 7.2500000000000009 0.099500000476837172 47.500000000000007 177.50000000000003 1.1250000000000002 0.60354998707771312 1021.5499877929689 98.500000000000014 -2.564999938011169
decision_type=2 2 2 2 2 2 2 2 2 2 2 2 2 2 2 2 2 2 2 2 2
left_child=1 14 6 4 10 -6 -2 16 9 -9 11 -4 -12 -7 18 -3 -8 -16 -1 -19 -17
right_child=2 15 3 -5 5 13 7 8 -10 -11 12 -13 -14 -15 17 20 -18 19 -20 -21 -22
leaf_value=-0.063108160163092494 -0.011621996094989016 -0.011621996094989016 0.010109388919952632 0.088882594874926987 0.010109388919952632 0.028118970172025227 0.10322412086857691 0.0024221514340394996 0.038495755868180964 -0.0075195980803408995 -0.011621996094989016 -0.011621996094989016 0.0038562391806764907 0.046128551424097823 -0.11831436880997248 -0.024079005727349584 0.060042649736771217 -0.063108160163092494 -0.036536015359710149 -0.093867797576464143 -0.036536015359710149
leaf_weight=10.999999999999998 945 134 1886 42 502 122 18 6032 109 3563 1476 524 2291 294 13.999999999999998 13.000000000000002 26 11.000000000000002 31 12.999999999999998 14.999999999999998
leaf_count=11 417 134 1606 16 212 43 16 2267 42 1858 981 505 1747 114 14 13 9 11 31 13 15
internal_value=-8.71267e-06 -0.0235549 0.000310871 0.00387771 0.00337451 0.0191955 -0.0020698 -0.000362299 -0.000716285 -0.00126961 0.00102325 0.00750444 -0.00312319 0.0461286 -0.06145 -0.011622 0.0777078 -0.0896803 -0.036536 -0.0729771 -0.036536
internal_weight=18072 242 17830 7137 7095 918 10693 9748 9704 9595 6177 2410 3767 416 80 162 44 38 42 24 28
internal_count=10075 242 9833 5224 5208 369 4609 4192 4167 4125 4839 2111 2728 157 80 162 25 38 42 24 28
is_linear=0
shrinkage=0.05


Tree=173
num_leaves=16
num_cat=0
split_feature=18 28 3 4 29 3 5 10 23 9 7 8 10 9 6
split_gain=54.1756 51.2708 51.2062 48.1847 109.246 75.0023 57.1063 132.054 99.4094 90.6517 83.5419 264.866 102.381 40.2565 34.5424
threshold=1.0500000119209292 137.00000000000003 117.50000000000001 2.0249999761581425 5.4500000476837167 208.50000000000003 -3.3049999475479122 -0.91595000028610218 71.500000000000014 -0.6035499870777129 1017.0499877929689 401.50000000000006 0.98295000195503246 -0.91595000028610218 737.50000000000011
decision_type=2 2 2 2 2 2 2 2 2 2 2 2 2 2 2
left_child=13 3 -3 6 5 -5 7 8 -2 -9 11 -8 -12 -1 -7
right_child=1 2 -4 4 -6 14 10 9 -10 -11 12 -13 -14 -15 -16
leaf_value=-0.023090040699445296 -0.023090040699445296 0.074963017523288725 0.01835388232441976 0.0079963628044812593 0.01835388232441976 0.00020818404139466749 -0.023090040699445296 0.00065699252837998431 0.01835388232441976 0.016662973445168358 -0.001321817514004787 0.0089983821319200713 0.01835388232441976 -0.083408888671043763 -0.023090040699445296
leaf_weight=26 462 50 45 284 293 227 1602 1956 86 1615 9652 1072 361 37 304
leaf_count=13 249 17 17 125 146 116 1066 758 39 1338 5421 362 244 18 146
internal_value=-2.83333e-05 0.000133584 0.0367685 -6.06945e-05 0.0100386 -0.00236116 -0.000726529 0.00438868 -0.018465 0.00789577 -0.00238725 -0.0102386 -0.000290524 -0.0463137 -0.0147583
internal_weight=18072 18009 95 17914 1108 815 16806 4119 548 3571 12687 2674 10013 63 531
internal_count=10075 10044 34 10010 533 387 9477 2384 288 2096 7093 1428 5665 31 262
is_linear=0
shrinkage=0.05


Tree=174
num_leaves=31
num_cat=0
split_feature=6 0 9 25 9 11 5 18 9 5 7 3 21 7 7 21 7 8 9 27 0 4 23 7 20 9 4 7 7 26
split_gain=50.5772 100.646 125.731 118.355 114.803 79.9278 71.4247 68.5264 69.4894 60.9465 81.7544 68.5036 77.2045 55.9941 52.6329 48.9063 41.0658 47.3442 38.3565 24.6052 24.2658 22.9611 22.2586 18.944 41.7067 18.5455 18.1831 16.5978 13.1032 12.1933
threshold=1072.5000000000002 27.349999427795414 -0.6035499870777129 17.550000190734867 -0.37939999997615809 -0.60784998536109913 -5.9949998855590811 1.8499999642372134 -0.91595000028610218 3.4050000905990605 1020.1499938964845 29.500000000000004 10.84999990463257 1015.4500122070314 1024.6499633789065 15.34999990463257 1026.9500122070315 546.50000000000011 -0.91595000028610218 6.8500001430511483 30.94999980926514 -0.76499998569488514 125.50000000000001 1018.7500000000001 11.449999809265138 0.60354998707771312 -0.8149999976158141 1010.3500061035157 1023.9500122070314 4.8500001430511483
decision_type=2 2 2 2 2 2 2 2 2 2 2 2 2 2 2 2 2 2 2 2 2 2 2 2 2 2 2 2 2 2
left_child=1 9 3 20 13 6 -2 8 -8 11 -11 12 25 19 18 -12 27 -18 -13 -4 -3 -6 -22 24 -9 -1 -15 -7 -25 -29
right_child=5 2 4 -5 21 16 7 23 -10 10 15 14 -14 26 -16 -17 17 -19 -20 -21 22 -23 -24 28 -26 -27 -28 29 -30 -31
leaf_value=-0.0033530024078565496 -0.11616857846577962 0.0072756922616865052 0.016596242695143728 0.081299049759076703 0.052042819713724077 -0.048734478045392923 -0.12165462414423625 -0.034142594752833468 -0.034142594752833468 0.0072756922616865052 -0.0033530024078565496 0.0051102485234121118 0.0072756922616865052 0.084853576819101981 0.0072756922616865052 0.0072756922616865052 -0.081139008257840137 -0.0033530024078565496 -0.0033530024078565496 0.077654032996206573 0.017800898249173077 0.0072756922616865052 0.044287371010381604 -0.0033530024078565496 -0.0033530024078565496 0.0019613449269149778 0.13863802895401464 -0.038319833635945211 -0.034142594752833468 -0.0033530024078565496
leaf_weight=649 21 774 33 54 29 27 30 87 72 1570 1047 1576 1503 30 550 213 37 19 7441 33 111 56 63 140 74 371 33 44 30 1355
leaf_count=468 9 263 11 18 12 9 10 29 24 644 457 609 1033 10 378 84 19 9 4885 11 37 27 21 55 25 359 11 22 15 511
internal_value=7.09625e-06 0.000923315 0.0147554 0.00732526 0.0495451 -0.00762932 -0.0261151 -0.0217476 -0.0575794 -0.000204019 0.00640109 -0.00175013 0.00560192 0.0793095 -0.003353 -0.003353 -0.003353 -0.0467601 -0.003353 0.0471251 0.00727569 0.00727569 0.0283261 -0.0107058 -0.0234853 -0.003353 0.113026 -0.003353 -0.003353 -0.003353
internal_weight=18072 16136 1216 1002 214 1936 454 433 102 14920 2830 12090 2523 129 9567 1260 1482 56 9017 66 948 85 174 331 161 1020 63 1426 170 1399
internal_count=10075 9338 421 339 82 737 167 158 34 8917 1185 7732 1860 43 5872 541 570 28 5494 22 321 39 58 124 54 827 21 542 70 533
is_linear=0
shrinkage=0.05


Tree=175
num_leaves=31
num_cat=0
split_feature=5 24 10 23 7 11 10 3 7 5 23 12 4 18 26 1 7 3 3 1 28 11 28 7 10 28 5 28 17 29
split_gain=68.1305 95.4865 95.1202 95.2436 92.6546 124.083 89.795 269.846 345.66 297.219 279.929 227.223 222.67 186.784 145.825 99.5441 95.9655 199.103 187.615 162.928 183.892 149.832 170.71 169.684 131.504 172.656 93.5097 140.047 86.3911 82.578
threshold=-3.3349999189376827 180.41500091552737 -0.91595000028610218 71.500000000000014 1013.9500122070314 -0.60784998536109913 -0.78654998540878285 355.50000000000006 1020.5499877929689 -1.6850000023841856 54.500000000000007 0.81174999475479137 0.12499999627470972 7.9500000476837167 15.550000190734865 50.500000000000007 1021.0499877929689 98.500000000000014 51.500000000000007 64.500000000000014 52.500000000000007 0.87834998965263378 82.500000000000014 1015.8500061035157 0.78654998540878307 64.500000000000014 -3.0949999094009395 71.500000000000014 0.11150000244379045 5.5499999523162851
decision_type=2 2 2 2 2 2 2 2 2 2 2 2 2 2 2 2 2 2 2 2 2 2 2 2 2 2 2 2 2 2
left_child=1 -1 3 29 5 -4 7 8 9 10 -2 -11 -9 15 -15 -10 18 19 26 -18 -21 22 -20 -23 -19 -26 -8 -28 -7 -3
right_child=6 2 4 -5 -6 28 16 12 13 11 -12 -13 -14 14 -16 -17 17 24 21 20 -22 23 -24 -25 25 -27 27 -29 -30 -31
leaf_value=0.068419268255432444 -0.071956850967164768 -0.13484865576028823 -0.026187895280205799 0.036645691900300058 0.013221764728260872 -0.0052957915653211955 0.00034736338362563403 0.00082459853667961932 -0.11294295375163739 0.055350735035435909 0.018412158531121933 -0.017892912198458951 -0.23541035872130167 0.0053845206317387319 0.070141502095570976 -0.014149839337712336 -0.0062076041732035889 -0.012979888627201619 -0.012136540862596919 0.0027648669700803506 0.055679277279511934 -0.018781224187267454 0.0065185765995577341 0.038163512076273387 -0.0039926822923402241 0.047266988865876595 -0.048728816077488489 -0.012697458224384672 0.032782574952483427 -0.019225016312408798
leaf_weight=60 118 15.999999999999998 406 73 2434 390 320 19 26 725 313 124 21 401 111 1320 355 1595 3559 266 429 190 1871 420 516 241 531 548 241 443
leaf_count=47 109 8 212 32 1526 187 188 14 9 354 139 64 18 230 68 628 146 985 2271 247 201 109 636 291 353 95 349 203 103 239
internal_value=0.000109523 0.00581054 0.00487212 -0.0148151 0.00788958 -0.00462589 -0.00154275 0.00584811 0.00749307 0.0274865 -0.00632924 0.0446532 -0.123199 -0.00628063 0.0194236 -0.0160582 -0.00370936 0.00324702 -0.00689064 0.0213506 0.0354271 -0.00306911 -0.0057086 0.0204266 -0.00483495 0.0123264 -0.0233896 -0.0304293 0.00924761 -0.0232555
internal_weight=18082 4063 4003 532 3471 1037 14019 3178 3138 1280 431 849 40 1858 512 1346 10841 3402 7439 1050 695 6040 5430 610 2352 757 1399 1079 631 459
internal_count=10061 2354 2307 279 2028 502 7707 1633 1601 666 248 418 32 935 298 637 6074 2027 4047 594 448 3307 2907 400 1433 448 740 552 290 247
is_linear=0
shrinkage=0.05


Tree=176
num_leaves=31
num_cat=0
split_feature=7 12 5 23 9 11 25 26 28 12 9 28 28 24 7 3 10 3 9 7 27 7 25 17 28 9 29 7 5 3
split_gain=61.699 99.6134 64.7236 105.667 99.5165 252.683 525.121 142.805 83.6225 82.6049 84.372 181.39 116.322 100.874 77.2058 66.0838 105.117 61.3826 58.6296 56.6998 54.6955 66.8227 53.3123 47.7234 43.4675 50.3225 39.1102 38.4586 34.6009 30.8359
threshold=1010.7500000000001 1.0000000180025095e-35 -2.8649998903274532 32.500000000000007 -1.0000000180025095e-35 -0.87834998965263356 9.9499998092651385 30.60000038146973 112.50000000000001 0.81174999475479137 0.60354998707771312 33.500000000000007 37.500000000000007 161.25000000000003 1015.7500000000001 173.50000000000003 0.91595000028610241 114.50000000000001 -0.91595000028610218 1016.3500061035157 3.0499999523162846 1020.2500000000001 5.7500000000000009 0.10249999910593034 41.500000000000007 0.60354998707771312 8.5500001907348651 1019.7500000000001 -4.8050000667572013 17.500000000000004
decision_type=2 2 2 2 2 2 2 2 2 2 2 2 2 2 2 2 2 2 2 2 2 2 2 2 2 2 2 2 2 2
left_child=1 26 9 15 8 6 -6 -7 19 10 11 27 14 -13 -12 16 23 -10 -3 -5 21 -17 -14 -4 25 -11 -1 -2 -26 -30
right_child=2 18 3 4 5 7 -8 -9 17 24 12 13 22 -15 -16 20 -18 -19 -20 -21 -22 -23 -24 -25 28 -27 -28 -29 29 -31
leaf_value=-0.063848817601042274 -0.092007508375982372 0.026126317051239314 -0.11882804540487438 -0.0068101627647162745 0.0066200525044397412 0.0009111111501502356 0.11718110139481724 0.1185107396199153 0.038267929562076725 -0.11397630843249232 -0.021419378438812878 0.047515816361022499 0.027454534163932787 0.0009603383372005711 0.019377095349773301 -0.031704791051611697 -0.16578341897796184 0.0075411666229152768 -0.031196227632987669 -0.0012626736417126019 -0.0087114793627620559 -0.11135400109924376 0.070022456896782839 -0.015256657833596331 0.005091789802567157 0.005091789802567157 -0.01370515025638301 -0.033518480715097498 0.067361322137412069 0.030165111284778025
leaf_weight=118 62 120 12.999999999999998 1008 366 3628 152 26 221 11.000000000000002 172 120 97 3828 356 36 17 148 71 5567 1316 32 131 77 45 20 58 28 89 149
leaf_count=43 62 40 12 401 221 2543 80 13 74 11 172 62 94 1918 356 18 17 51 30 2443 970 16 124 76 30 20 20 28 55 61
internal_value=0.000104372 -0.0201876 0.000524758 -0.001399 0.000277477 0.00638093 0.0390627 0.00174789 -0.00338952 0.00527276 0.00364548 0.000775374 0.0189755 0.0023754 0.00608733 -0.0138978 -0.0517556 0.0197717 0.00481794 -0.00468937 -0.0109709 -0.0546981 0.0488217 -0.030217 0.0301174 -0.0260909 -0.0473242 -0.0694124 0.0362744 0.0440746
internal_weight=18082 367 17715 12607 11116 4172 518 3654 6944 5108 4794 4038 756 3948 528 1491 107 369 191 6575 1384 68 228 90 314 31 176 90 283 238
internal_count=10061 133 9928 6935 5826 2857 301 2556 2969 2993 2816 2070 746 1980 528 1109 105 125 70 2844 1004 34 218 88 177 31 63 90 146 116
is_linear=0
shrinkage=0.05


Tree=177
num_leaves=31
num_cat=0
split_feature=5 24 10 0 7 11 10 3 7 11 6 4 18 26 6 7 3 3 5 26 11 1 28 11 7 10 10 28 10 7
split_gain=58.5781 80.8408 85.6678 90.7022 79.0405 111.644 77.3745 241.219 313.359 273.511 272.892 199.679 170.306 131.125 93.8075 86.7597 178.11 172.978 146.637 301.449 190.433 145.919 167.584 143.995 236.845 207.885 117.396 158.193 86.0379 76.1268
threshold=-3.3349999189376827 180.41500091552737 -0.91595000028610218 23.849999427795414 1013.9500122070314 -0.60784998536109913 -0.78654998540878285 355.50000000000006 1020.5499877929689 -0.87834998965263356 82.500000000000014 0.12499999627470972 7.9500000476837167 15.550000190734865 372.50000000000006 1021.0499877929689 98.500000000000014 68.500000000000014 -1.814999997615814 17.650000572204593 0.60784998536109935 64.500000000000014 52.500000000000007 1.0000000180025095e-35 1019.4500122070314 0.98295000195503246 0.78654998540878307 64.500000000000014 -0.98295000195503224 1022.5499877929689
decision_type=2 2 2 2 2 2 2 2 2 2 2 2 2 2 2 2 2 2 2 2 2 2 2 2 2 2 2 2 2 2
left_child=1 -1 3 -3 5 -4 7 8 9 28 -11 -9 14 -14 -10 17 21 18 20 -20 -8 -17 -23 24 -19 -25 29 -28 -2 -18
right_child=6 2 4 -5 -6 -7 15 11 12 10 -12 -13 13 -15 -16 16 26 23 19 -21 -22 22 -24 25 -26 -27 27 -29 -30 -31
leaf_value=0.06294137127387027 0.11698900060728193 -0.076938275325273239 -0.024678126327823069 -0.0074178490492825717 0.012258892240253172 0.0089342245218829632 0.00016264367569011534 0.00081235515443902272 0.0014211007321861023 0.10723416360760374 0.0046429861838754999 -0.22289459829529129 0.0050486502838564895 0.066455114505312468 -0.021722380442398572 -0.0058387867775811283 0.0029620103504224542 0.0011333895462270853 -0.066653168508930813 0.0038624880544605705 -0.037179786861889948 0.0023823750702510207 0.052896087235686451 0.0066173699455448322 -0.028401870847873226 0.10120830930769445 -0.0039312957772938174 0.0451344392080772 0.052510315808984964 -0.020079887872878607
leaf_weight=60 64 52 406 480 2434 631 1234 19 187 70 876 21 401 111 1159 355 544 2250 378 253 472 266 429 1820 972 60 516 241 270 1051
leaf_count=47 26 35 212 244 1526 290 552 14 126 61 459 18 230 68 511 146 326 1220 193 114 234 247 201 1153 537 44 353 95 120 659
internal_value=4.75829e-05 0.00533385 0.00447039 -0.0142131 0.007334 -0.00422548 -0.00148449 0.00537621 0.00693147 0.0259678 0.0122343 -0.116634 -0.00618288 0.0183614 -0.0155192 -0.00349568 0.00311863 -0.00652053 -0.017786 -0.0383799 -0.0101689 0.0202413 0.0335628 -0.00136033 -0.00777669 0.00963623 -0.00452542 0.0116894 0.0648655 -0.0122211
internal_weight=18082 4063 4003 532 3471 1037 14019 3178 3138 1280 946 40 1858 512 1346 10841 3402 7439 2337 631 1706 1050 695 5102 3222 1880 2352 757 334 1595
internal_count=10061 2354 2307 279 2028 502 7707 1633 1601 666 520 32 935 298 637 6074 2027 4047 1093 307 786 594 448 2954 1757 1197 1433 448 146 985
is_linear=0
shrinkage=0.05


Tree=178
num_leaves=18
num_cat=0
split_feature=7 12 9 28 8 18 4 6 1 28 10 9 1 0 24 7 12
split_gain=53.9872 90.5805 53.5591 49.4566 49.0744 43.8269 43.4682 49.8665 39.3036 38.8651 103.795 59.518 25.0817 23.6452 18.0115 4.53673 2.50027
threshold=1010.7500000000001 1.0000000180025095e-35 -0.91595000028610218 137.00000000000003 838.50000000000011 0.84999999403953563 -2.945000052452087 407.50000000000006 60.500000000000007 29.500000000000004 0.60354998707771312 -1.0000000180025095e-35 79.500000000000014 29.849999427795414 843.75000000000011 1009.4500122070314 -0.56175000965595234
decision_type=2 2 2 2 2 2 2 2 2 2 2 2 2 2 2 2 2
left_child=1 6 14 4 5 16 7 -1 -5 10 -7 -11 -4 -8 -3 -16 -2
right_child=3 2 12 8 -6 9 13 -9 -10 11 -12 -13 -14 -15 15 -17 -18
leaf_value=0.020197890237683341 -0.064775580689311038 0.051684162280123153 -0.053482779236726986 0.088701920708020535 0.019495666209850462 -0.0036066317779471211 -0.093060983154508808 -0.062651792913675314 0.019495666209850462 -0.0015388729492610334 -0.02607632643276267 0.0047503599671851957 0.0073257914079087119 -0.04457706087513974 -0.0019534032377931808 0.022235327888102757 -0.039774243533611302
leaf_weight=42 20 42 43 27 153 1186 45 32 57 10087 166 5999 28 57 36 42 20
leaf_count=14 10 14 15 11 51 1186 19 11 19 4379 166 4096 15 19 12 14 10
internal_value=5.63246e-05 -0.0189251 0.00491968 0.000449562 0.000267209 2.34353e-06 -0.0448022 -0.015629 0.0387241 0.000122259 -0.00801985 0.000806589 -0.0295019 -0.065967 0.0252858 0.0110713 -0.0522749
internal_weight=18082 367 191 17715 17631 17478 176 74 84 17438 1352 16086 71 102 120 78 40
internal_count=10061 133 70 9928 9898 9847 63 25 30 9827 1352 8475 30 38 40 26 20
is_linear=0
shrinkage=0.05


Tree=179
num_leaves=31
num_cat=0
split_feature=5 23 9 8 5 7 1 2 21 24 10 23 28 9 8 28 9 6 7 4 7 5 7 28 3 7 11 27 4 3
split_gain=52.5815 76.6166 89.1176 216.415 154.234 428.285 117.63 99.6014 77.0991 72.6812 77.9283 85.148 76.9738 76.3906 165.721 140.452 89.9913 89.1699 60.197 54.7701 97.9559 123.018 78.3703 57.1714 55.5465 53.7792 53.7743 53.7 45.8109 44.6924
threshold=-3.3349999189376827 32.500000000000007 -1.0000000180025095e-35 394.50000000000006 0.10500000044703485 1019.5499877929689 72.500000000000014 1.794999957084656 14.34999990463257 180.41500091552737 -0.91595000028610218 71.500000000000014 47.500000000000007 -0.6035499870777129 12.500000000000002 41.500000000000007 1.0000000180025095e-35 927.50000000000011 1013.9500122070314 -3.6450001001358028 1020.2500000000001 -2.8649998903274532 1023.9500122070314 137.00000000000003 114.50000000000001 1016.3500061035157 -1.0000000180025095e-35 4.6499998569488534 -2.1850000619888301 312.50000000000006
decision_type=2 2 2 2 2 2 2 2 2 2 2 2 2 2 2 2 2 2 2 2 2 2 2 2 2 2 2 2 2 2
left_child=9 29 19 4 8 -6 7 -5 -4 -1 11 12 -11 14 28 16 -15 -17 -16 20 21 -3 -22 25 -25 -21 -8 -14 -12 -2
right_child=1 2 3 6 5 -7 26 -9 -10 10 13 -13 27 15 18 17 -18 -19 -20 23 22 -23 -24 24 -26 -27 -28 -29 -30 -31
leaf_value=0.059682600833475589 -0.017528613706812961 0.044307283569098445 -0.0057116831879749468 0.12949078702926636 0.029669186207446185 -0.003752835227392573 0.14673386752605438 0.029669186207446185 0.0095806462557818661 -0.047671627889786454 -0.075319290184415882 0.031961777228724529 -0.026593136847907418 -0.062289217666706503 -0.0065971357303472658 0.031961777228724529 0.0034334273826441154 0.012978924788569414 0.011871126674927535 -0.0057116831879749468 0.068464166739391638 -0.0057116831879749468 -0.0057116831879749468 0.086606385026659294 0.015893315486593701 -0.00082010048643871465 0.057310079384980533 0.0051871039851414669 -0.026939066328123679 -0.0057116831879749468
leaf_weight=60 1190 129 1074 25 686 1586 40 109 844 175 96 73 102 57 768 695 604 195 1037 1416 109 324 32 35 49 5844 29 182 19 498
leaf_count=47 808 46 938 12 396 893 18 50 701 105 51 32 51 57 284 552 604 74 394 555 45 115 15 12 18 2574 13 91 12 498
internal_value=5.12886e-05 -0.00140025 -3.26459e-05 0.00568119 0.00323847 0.0121052 0.0560999 0.0296692 -0.00571168 0.00505968 0.00424095 -0.0135786 -0.0215876 0.00697215 0.000305343 0.0152251 -0.00223403 0.0281919 0.00401316 -0.00319476 0.0114088 8.08416e-05 0.047803 -0.00437593 0.0366371 -0.00485046 0.10915 -0.00551465 -0.0578913 -0.0113907
internal_weight=18082 14019 12331 4393 4190 2272 203 134 1918 4063 4003 532 459 3471 1920 1551 661 890 1805 7938 594 453 141 7344 84 7260 69 284 115 1688
internal_count=10061 7707 6401 3021 2928 1289 93 62 1639 2354 2307 279 247 2028 741 1287 661 626 678 3380 221 161 60 3159 30 3129 31 142 63 1306
is_linear=0
shrinkage=0.05


Tree=180
num_leaves=26
num_cat=0
split_feature=5 27 5 12 10 28 7 5 28 12 10 4 7 8 6 5 26 18 4 5 1 12 24 7 4
split_gain=55.6009 98.6511 88.0094 138.984 64.4632 327.624 250.887 229.678 136.112 120.704 97.4425 194.375 242.185 135.969 166.501 141.137 115.183 52.3456 47.5759 27.5506 16.9439 16.3959 9.32864 2.87708 3.58961
threshold=6.3849999904632577 4.4500000476837167 6.0450000762939462 1.0000000180025095e-35 0.60354998707771312 84.500000000000014 1021.0499877929689 -1.814999997615814 64.500000000000014 -0.56175000965595234 -1.0000000180025095e-35 -1.0049999952316282 1018.6499938964845 1.0000000180025095e-35 202.50000000000003 -0.40500000119209284 12.050000190734865 2.8500000238418584 2.2849999666213994 -1.2450000047683714 66.500000000000014 0.81174999475479137 966.25000000000011 1024.850036621094 2.1550000905990605
decision_type=2 2 2 2 2 2 2 2 2 2 2 2 2 2 2 2 2 2 2 2 2 2 2 2 2
left_child=2 21 4 -4 10 6 7 -6 -8 -7 13 16 -13 15 -15 -1 -12 20 -19 -11 -5 22 23 24 -2
right_child=1 -3 3 17 5 9 8 -9 -10 19 11 12 -14 14 -16 -17 -18 18 -20 -21 -22 -23 -24 -25 -26
leaf_value=-0.0070386241247438475 0.046490111587376433 0.11023731350898743 -0.14437353186882459 -0.023056498688200248 -0.0040860373328753842 0.13102846868612147 0.0012127148194166582 -0.034111189918805025 0.033578594398771942 0.033578594398771942 -0.021406061614512421 0.036052755905380492 0.0035865106654160146 0.030100965843476515 -0.00062720851354482361 -0.032070088572992844 0.0038722509784435023 -0.019273412075677985 0.071837997412228058 0.081674461017052336 -0.081971208865825956 -0.02274214481485301 -0.0012959778690949464 0.013444874786922335 0.022852693549874757
leaf_weight=741 29 30 26 23 1458 54 1113 1131 272 38 610 1014 1325 470 7106 725 1725 38 23 30 26 29 39 21 36
leaf_count=727 12 14 10 8 1193 18 787 722 114 14 258 700 849 378 2992 489 701 17 11 10 12 10 19 7 18
internal_value=-5.73899e-05 0.0272882 -0.000337732 -0.0404072 -3.17899e-05 -0.00553611 -0.00801378 -0.0172025 0.00916278 0.075171 0.00161196 0.00747359 0.0176612 -0.00141804 0.00127911 -0.0153564 -0.00273151 -0.0158333 0.0150801 0.0335786 -0.0543174 0.0111293 0.0189874 0.0281857 0.0333986
internal_weight=18132 184 17948 136 17812 4096 3974 2589 1385 122 13716 4674 2339 9042 7576 1466 2335 110 61 68 49 154 125 86 65
internal_count=10090 80 10010 58 9952 2858 2816 1915 901 42 7094 2508 1549 4586 3370 1216 959 48 28 24 20 66 56 37 30
is_linear=0
shrinkage=0.05


Tree=181
num_leaves=29
num_cat=0
split_feature=9 5 27 5 12 28 5 18 1 24 9 7 24 28 3 28 27 18 5 18 5 12 7 24 27 18 12 7
split_gain=57.9831 51.992 89.0506 77.4486 125.433 58.3306 140.389 201.026 74.0397 62.2648 55.6333 42.1448 39.6317 144.605 34.1469 30.98 73.1945 23.3797 22.6583 22.4735 22.4087 14.7886 11.3754 8.40886 3.88932 3.7919 5.18541 2.61315
threshold=0.98295000195503246 6.3849999904632577 4.4500000476837167 6.0450000762939462 1.0000000180025095e-35 99.500000000000014 4.5850000381469735 3.6499999761581425 84.500000000000014 1246.2500000000002 -0.6035499870777129 1014.6499938964845 609.58499145507824 69.500000000000014 82.500000000000014 33.500000000000007 12.949999809265138 14.250000000000002 0.32500000298023229 3.0499999523162846 4.2349998950958261 0.81174999475479137 1019.0499877929689 966.25000000000011 5.2500000000000009 10.650000095367433 -0.56175000965595234 1024.850036621094
decision_type=2 2 2 2 2 2 2 2 2 2 2 2 2 2 2 2 2 2 2 2 2 2 2 2 2 2 2 2
left_child=1 3 21 5 -5 9 8 -8 -7 11 19 -1 13 15 -11 25 18 20 -17 -6 24 23 -18 27 -14 -2 -27 -3
right_child=12 2 -4 4 10 6 7 -9 -10 14 -12 -13 17 -15 -16 16 22 -19 -20 -21 -22 -23 -24 -25 -26 26 -28 -29
leaf_value=-0.0077029351926235631 0.0039350888286172605 0.031728687870960968 0.10472545385360719 -0.13715485930442811 -0.060782413087461309 0.0039623632594619511 0.0039623632594619511 0.096193671907697412 0.073034785955380169 -0.012646611765027047 0.038121209173764603 5.8977094579478799e-05 -0.034755706787109375 0.12658415513653909 -0.049453412288921361 0.043416725183428158 0.070561175095544465 0.0039350888286172605 0.016272275271311854 -0.0051571138078967734 -0.071642720326781276 -0.021605038385966731 0.043416725183428158 -0.0012311783929665884 -0.014616442858734391 0.016272275271311854 0.0090274039301953182 0.012764119909888553
leaf_weight=2007 89 65 30 26 46 1171 81 105 39 200 34 13595 26 31 92 71 21 22 87 30 24 29 23 39 13.999999999999998 40 74 21
leaf_count=1092 89 30 14 10 19 392 27 35 13 88 16 7839 16 11 46 63 14 11 59 13 12 10 17 19 14 40 74 7
internal_value=-3.65931e-05 -0.000523396 0.0259158 -0.000802566 -0.0383868 -0.000506935 0.00929235 0.0497899 0.00396236 -0.00136763 -0.0150417 -0.000939495 0.016386 0.0225048 -0.0242433 0.0145382 0.0286095 -0.0146346 0.0162723 -0.0388251 -0.033168 0.0105633 0.0705612 0.0180264 -0.0146164 0.00393509 0.0141197 0.0267594
internal_weight=18132 17610 184 17426 136 17290 1396 186 1210 15894 110 15602 522 436 292 405 202 86 158 76 64 154 44 125 40 203 114 86
internal_count=10090 9670 80 9590 58 9532 467 62 405 9065 48 8931 420 367 134 356 153 53 122 32 42 66 31 56 30 203 114 37
is_linear=0
shrinkage=0.05


Tree=182
num_leaves=31
num_cat=0
split_feature=9 25 7 4 7 7 6 1 4 0 4 23 29 7 7 28 5 7 24 23 18 1 25 1 28 17 3 4 28 2
split_gain=51.6269 49.1506 96.9046 86.2434 50.6581 75.1528 49.897 47.8174 46.0931 94.3838 63.8616 38.819 39.8384 36.054 144.267 175.919 72.9122 45.7078 41.0366 31.3266 25.2537 21.6546 18.8513 32.6346 14.1882 13.7731 10.5795 19.9151 15.669 10.324
threshold=0.98295000195503246 21.35000038146973 1022.7500000000001 -1.5249999761581419 1025.9500122070315 1024.9500122070315 712.50000000000011 79.500000000000014 1.9149999618530276 20.849999427795414 1.3550000190734866 66.500000000000014 4.6499998569488534 1018.7500000000001 1016.8500061035157 40.500000000000007 -0.88499999046325672 1018.9500122070314 206.25000000000003 53.500000000000007 8.2500000000000018 96.500000000000014 7.6499998569488534 91.500000000000014 48.500000000000007 0.11549999937415124 206.50000000000003 -1.0549999475479124 58.500000000000007 2.6800000667572026
decision_type=2 2 2 2 2 2 2 2 2 2 2 2 2 2 2 2 2 2 2 2 2 2 2 2 2 2 2 2 2 2
left_child=1 4 3 -3 5 8 7 -6 10 -10 -1 -8 -13 14 16 20 18 -15 -2 25 -16 26 -18 -24 -23 -7 27 -19 -28 -22
right_child=13 2 -4 -5 6 19 11 -9 9 -11 -12 12 -14 17 15 -17 22 21 -20 -21 29 24 23 -25 -26 -27 28 -29 -30 -31
leaf_value=-0.0007997332573237379 0.10020387331644694 0.095812394808639179 0.11685392627349267 0.014343179102559809 0.014343179102559809 -0.02302306199821437 -0.096333420038223275 -0.018428615147230265 -0.0052318325059572133 0.014343179102559809 -0.012997534122952292 -0.062635910019278526 -0.018428615147230265 -0.073217011243104937 -0.043403119712390685 0.17265358224059599 -0.10386923322310815 0.050161008562074796 0.01042214996913182 0.014343179102559809 0.083456129377538518 0.010085379518568516 0.021983618338902788 -0.068003107554674452 0.073255303651094436 0.00078608280629847982 0.0013622421363361061 -0.022668233337753918 0.035843764675988092 0.025990604471277309
leaf_weight=14314 14.999999999999998 33 26 77 81 99 25 54 712 435 1160 54 93 18 10.999999999999998 33 12.999999999999998 10.999999999999998 84 428 10.999999999999998 15.999999999999998 15.000000000000002 15.999999999999998 20 19 123 64 45 27
leaf_count=7885 15 13 13 49 61 68 13 43 361 197 672 27 43 12 11 13 7 10 82 206 11 16 13 16 11 19 112 42 22 27
internal_value=-5.19811e-05 -0.000511328 0.0294307 0.0143432 -0.000744367 -0.000384352 -0.0208759 0.00187696 -0.000997266 0.0086739 -0.00171413 -0.0387342 -0.0289384 0.0154444 0.0305416 0.0834134 0.000223582 0.00400705 0.0240254 0.0143432 0.0233128 0.00898925 -0.0533306 -0.032137 0.0451798 -0.012771 0.00362769 -0.0119866 0.0105984 0.0426254
internal_weight=18132 17610 136 110 17474 17167 307 135 16621 1147 15474 172 147 522 225 82 143 297 99 546 49 279 44 31 36 118 243 75 168 38
internal_count=10090 9670 75 62 9595 9408 187 104 9115 558 8557 83 70 420 195 62 133 225 97 293 49 213 36 29 27 87 186 52 134 38
is_linear=0
shrinkage=0.05


Tree=183
num_leaves=27
num_cat=0
split_feature=28 4 25 0 6 23 0 11 2 11 10 23 28 10 0 4 6 4 10 27 2 1 0 10 11 4
split_gain=48.254 45.3698 228.954 114.017 67.6928 73.3989 66.6394 55.7266 44.5996 101.581 75.1737 592.372 96.6101 55.7032 96.7673 86.9045 31.591 20.9329 16.7343 14.0358 12.7062 11.7424 5.25067 3.87526 2.96534 0.736152
threshold=9.5000000000000018 2.0249999761581425 10.750000000000002 21.349999427795414 777.50000000000011 48.500000000000007 20.849999427795414 -0.60784998536109913 5.4549999237060556 -1.0000000180025095e-35 0.60354998707771312 82.500000000000014 84.500000000000014 1.0000000180025095e-35 27.349999427795414 -1.0049999952316282 52.500000000000007 -4.3050000667572013 -1.0000000180025095e-35 25.44999980926514 4.7049999237060556 56.500000000000007 19.94999980926514 -0.6035499870777129 0.87834998965263378 1.0049999952316286
decision_type=2 2 2 2 2 2 2 2 2 2 2 2 2 2 2 2 2 2 2 2 2 2 2 2 2 2
left_child=16 8 4 22 5 18 -7 -6 10 17 13 12 -12 14 -2 -15 23 -10 -3 -18 -5 -9 -4 -1 -11 -25
right_child=1 2 3 20 7 6 -8 21 9 24 11 -13 -14 15 -16 -17 19 -19 -20 -21 -22 -23 -24 25 -26 -27
leaf_value=-0.02036350512303468 -0.0017186946614803156 0.00071606149699168027 0.041801535031032011 0.16113241100311282 0.00071606149699168027 0.016515763702323084 0.041801535031032011 0.00071606149699168027 -0.0039504418148843187 -0.0039504418148843187 -0.0039504418148843187 0.22325941262574031 0.047303159389875636 -0.0011500252857228224 0.012318150884705774 0.017338816665312545 -0.10993345297045176 -0.02036350512303468 0.016515763702323084 -0.051053361538177446 0.11072173857688904 -0.02036350512303468 0.068678505818049115 -0.050888481736183155 -0.02036350512303468 -0.032843928635120388
leaf_weight=20 7478 186 23 25 103 223 60 38 92 942 3642 29 113 1164 1469 1400 18.000000000000004 513 100 10.999999999999998 25 283 30 13.000000000000002 122 9.9999999999999982
leaf_count=20 4125 90 17 10 47 110 29 19 35 408 2642 11 39 510 500 958 18 206 49 11 10 139 12 13 52 10
internal_value=-1.92508e-05 0.000143612 0.0100031 0.0809601 0.00264299 0.0139122 0.0323155 -0.0124801 -0.000493383 -0.00825439 0.000353503 -0.00395044 -0.00395044 0.00244798 0.000586003 0.00894529 -0.0408706 -0.0203635 0.000716061 -0.0817432 0.135927 -0.0203635 0.0418015 -0.0203635 -0.00395044 -0.043043
internal_weight=18132 18060 1096 103 993 569 283 424 16964 1669 15295 3784 3755 11511 8947 2564 72 605 286 29 50 321 53 43 1064 23
internal_count=10090 10018 532 49 483 278 139 205 9486 701 8785 2692 2681 6093 4625 1468 72 241 139 29 20 158 29 43 460 23
is_linear=0
shrinkage=0.05


Tree=184
num_leaves=31
num_cat=0
split_feature=7 5 4 11 28 4 7 4 17 24 11 2 4 5 7 28 10 3 24 23 3 20 23 3 28 5 7 3 2 10
split_gain=49.2678 83.2336 93.7844 87.3465 64.1589 148.291 112.882 89.8507 58.8414 57.8833 47.7011 129.849 79.6129 90.346 76.3983 46.0531 41.4987 38.6966 85.9371 34.9065 32.0317 29.6611 29.1015 27.5487 99.7213 29.4811 26.6504 26.3979 34.8729 24.6184
threshold=1011.6499938964845 -2.6850000619888301 -2.8249999284744258 -0.87834998965263356 99.500000000000014 -0.35500000417232508 1012.4500122070314 -0.11499999836087225 0.10649999976158143 1246.2500000000002 -0.60784998536109913 5.0450000762939462 -2.8749999999999996 -2.5949999094009395 1017.1499938964845 110.50000000000001 -0.37939999997615809 30.500000000000004 877.08499145507824 64.500000000000014 315.50000000000006 12.750000000000002 96.500000000000014 101.50000000000001 73.500000000000014 -1.205000042915344 1023.6499938964845 175.50000000000003 4.8450000286102304 0.3793999999761582
decision_type=2 2 2 2 2 2 2 2 2 2 2 2 2 2 2 2 2 2 2 2 2 2 2 2 2 2 2 2 2 2
left_child=1 3 -3 15 9 6 -6 27 -5 10 11 20 14 -14 -12 21 22 18 -10 -11 -2 -1 -9 25 -25 -4 -21 -7 -29 -13
right_child=4 2 23 8 5 7 -8 16 17 19 12 29 13 -15 -16 -17 -18 -19 -20 26 -22 -23 -24 24 -26 -27 -28 28 -30 -31
leaf_value=-0.10260456055402756 0.0057828890318481771 0.014231408207194396 -0.056586479056965226 -0.027290161490440369 0.076899775130706921 0.046912134066224104 0.0057828890318481771 0.017641988231076135 0.1461729059093877 -0.047135314913754611 0.004693192809250079 -0.011369676940845203 0.0057828890318481771 -0.003209737467774042 -0.011369676940845203 0.0039098059137662256 0.0057828890318481771 0.011892057381821482 0.017027319222688676 -0.029252495927299907 -0.0027933939544985131 -0.032788603007793425 0.082646539717009582 -0.13581021626790366 -0.0074033866877909055 -0.12634070316063506 -0.011369676940845203 0.13982322071537828 0.067133649551507205 -0.0027933939544985131
leaf_weight=32 3291 54 33 75 57 30 862 36 19 97 758 567 2989 7272 595 33 45 178 40 95 469 29 33 21 54 28 92 33 33 182
leaf_count=14 1807 18 13 25 19 10 289 12 13 52 303 243 1973 4299 243 11 15 67 14 40 377 17 11 14 20 10 39 11 11 100
internal_value=-6.55497e-05 -0.014203 -0.0415168 -0.00142066 0.000414943 0.0119442 0.00578289 0.0501615 0.011309 -0.000378409 1.57476e-05 0.00438052 -0.00167883 -0.0001584 -0.0113697 -0.0436723 0.0201488 0.0235239 0.0586166 -0.0227551 0.00578289 -0.0694134 0.0487311 -0.0636521 -0.0433573 -0.0886048 -0.0113697 0.0858015 0.103478 -0.0113697
internal_weight=18132 596 190 406 17536 1129 919 210 312 16407 16123 4509 11614 10261 1353 94 114 237 59 284 3760 61 69 136 75 61 187 96 66 749
internal_count=10090 236 75 161 9854 378 308 70 119 9476 9345 2527 6818 6272 546 42 38 94 27 131 2184 31 23 57 34 23 79 32 22 343
is_linear=0
shrinkage=0.05


Tree=185
num_leaves=31
num_cat=0
split_feature=10 5 24 23 7 5 9 28 5 7 21 27 5 9 23 18 28 18 3 9 5 1 12 7 28 10 7 5 6 0
split_gain=39.943 301.556 326.899 237.728 251.298 482.418 186.614 176.862 174.124 142.656 96.6199 90.7314 341.525 250.809 359.103 350.749 86.2376 120.165 82.3722 78.7346 78.4865 146.603 148.582 106.078 95.9084 136.516 129.459 89.6823 74.6159 71.8949
threshold=0.60354998707771312 3.8950001001358037 437.08500671386724 82.500000000000014 1018.1499938964845 -4.4349999427795401 1.0000000180025095e-35 79.500000000000014 -1.1950000524520872 1013.4500122070314 10.949999809265138 11.050000190734865 0.2650000005960465 -1.0000000180025095e-35 32.500000000000007 6.8500001430511483 55.500000000000007 8.4499998092651385 205.50000000000003 -0.6035499870777129 5.0150001049041757 70.500000000000014 -0.56175000965595234 1015.4500122070314 52.500000000000007 -0.91595000028610218 1018.6499938964845 1.1150000095367434 1057.5000000000002 24.849999427795414
decision_type=2 2 2 2 2 2 2 2 2 2 2 2 2 2 2 2 2 2 2 2 2 2 2 2 2 2 2 2 2 2
left_child=11 3 18 4 5 10 19 8 -6 -7 -2 20 16 -14 -15 -16 -13 -18 -3 -4 24 -22 29 -24 25 26 -1 -27 -26 -23
right_child=1 2 6 -5 7 9 -8 -9 -10 -11 -12 12 13 14 15 -17 17 -19 -20 -21 21 22 23 -25 28 27 -28 -29 -30 -31
leaf_value=-0.0047886019915342332 -0.011128117084281137 0.23279346606948159 0.0064742357035477956 0.1194850782553355 0.015709166923801372 -0.0046492372065161667 -0.038212294448749164 0.05493694288100516 -0.012577593580833666 -0.053804747173931772 0.039760238161600639 0.0050846983775132771 0.0050846983775132771 0.0050846983775132771 0.054155962935919615 0.15121724855484842 0.027877667000985248 0.13257291208614003 0.098849738994613301 0.064998063632527234 0.0049241291086605573 -0.1509044822719362 -0.098152494866673545 -0.012805378905855692 0.0050846983775132771 -0.0039708684712622322 -0.053543282813395703 -0.040652670138490089 -0.0039708684712622322 -0.050977511703968054
leaf_weight=250 151 22 90 36 863 180 96 57 1472 820 244 1745 69 107 96 158 85 33 24 159 470 36 41 325 7359 803 299 183 1789 36
leaf_count=143 136 10 42 15 740 134 46 19 900 608 175 1586 25 85 64 99 33 13 13 68 181 12 16 137 2972 776 171 158 668 12
internal_value=0.000145681 -0.00411801 0.0377055 -0.00839553 -0.00961119 -0.0264771 0.0210116 0.000224923 -0.002123 -0.0449568 0.0203067 0.00143977 0.0105274 0.0513835 0.0705843 0.103227 0.0050847 0.0506706 0.16291 0.0438449 -0.000357993 -0.0144707 -0.0352825 -0.0223661 0.000841516 -0.0107239 -0.0313417 -0.00397087 0.00278215 -0.100941
internal_weight=18098 4214 391 3823 3787 1395 345 2392 2335 1000 395 13884 2293 430 361 254 1863 118 46 249 11591 908 438 366 10683 1535 549 986 9148 72
internal_count=10057 2906 179 2727 2712 1053 156 1659 1640 742 311 7151 1905 273 248 163 1632 46 23 110 5246 358 177 153 4888 1248 314 934 3640 24
is_linear=0
shrinkage=0.05


Tree=186
num_leaves=17
num_cat=0
split_feature=0 28 10 5 24 23 7 23 5 6 4 11 0 18 3 18
split_gain=40.0091 38.6388 38.67 271.043 301.455 214.239 172.492 107.511 76.894 63.9532 65.9988 63.1117 54.968 34.223 33.4578 2.19406
threshold=16.050000190734867 9.5000000000000018 0.60354998707771312 3.8950001001358037 266.25000000000006 82.500000000000014 1020.2500000000001 31.500000000000004 5.3550000190734872 1067.5000000000002 -1.2849999666213987 -1.0000000180025095e-35 25.44999980926514 6.6499998569488534 182.50000000000003 20.050000190734867
decision_type=2 2 2 2 2 2 2 2 2 2 2 2 2 2 2 2
left_child=13 15 8 5 -5 6 -4 -6 9 10 -3 -11 -10 -1 -14 -2
right_child=1 2 3 4 7 -7 -8 -9 12 11 -12 -13 14 -15 -16 -17
leaf_value=-0.11506022395832199 -0.026173007430439783 -0.0012067340690132288 -0.012905165642912667 0.21143177592236065 -0.012905165642912667 0.11351083152823978 0.0040727473127470746 0.039393395726922263 -0.012905165642912667 -0.012905165642912667 0.0067310287445148985 -0.0012324342460947307 0.002920196017797032 -0.026173007430439783 0.047446758349736537 -0.012905165642912667
leaf_weight=13.999999999999998 40 4099 2093 23 78 36 1692 290 507 889 7251 891 81 22 60 32
leaf_count=13 40 1619 1561 14 35 15 1149 130 210 329 4502 339 27 22 20 32
internal_value=0.000103613 0.000208568 0.000362676 -0.00382999 0.0358202 -0.00788737 -0.00904201 0.0248445 0.0016444 0.00248243 0.00386434 -0.00632921 -0.0129052 -0.0525546 0.0187456 -0.026173
internal_weight=18098 18062 17990 4212 391 3821 3785 368 13778 13130 11350 1780 648 36 141 72
internal_count=10057 10022 9950 2904 179 2725 2710 165 7046 6789 6121 668 257 35 47 72
is_linear=0
shrinkage=0.05


Tree=187
num_leaves=31
num_cat=0
split_feature=5 3 7 10 11 10 5 7 7 24 1 7 9 0 27 3 9 3 7 29 12 7 10 18 0 24 10 27 10 1
split_gain=42.4683 77.7565 199.37 254.742 189.258 169.104 214.841 147.661 139.336 89.5605 90.5912 80.6302 71.0529 202.323 221.445 126.614 164.119 91.9471 73.4258 71.0168 70.3923 106.735 88.6313 120.967 152.402 76.4101 70.0436 106.199 87.344 66.2179
threshold=-2.8649998903274532 63.500000000000007 1019.0499877929689 0.60354998707771312 -0.87834998965263356 1.0000000180025095e-35 -1.3650000095367429 1014.1499938964845 1018.8500061035157 1098.7500000000002 74.500000000000014 1020.4500122070314 0.60354998707771312 21.94999980926514 17.44999980926514 317.50000000000006 -1.0000000180025095e-35 324.50000000000006 1023.2500000000001 13.34999990463257 1.0000000180025095e-35 1011.3500061035157 -0.78654998540878285 3.4500000476837163 24.250000000000004 1030.414978027344 0.60354998707771312 12.949999809265138 -0.91595000028610218 63.500000000000007
decision_type=2 2 2 2 2 2 2 2 2 2 2 2 2 2 2 2 2 2 2 2 2 2 2 2 2 2 2 2 2 2
left_child=20 2 3 8 -4 19 -7 -5 29 12 11 -11 15 17 -15 16 -3 -14 -17 -6 21 -1 23 -23 -25 26 27 28 -22 -2
right_child=1 9 4 7 5 6 -8 -9 -10 10 -12 -13 13 14 -16 18 -18 -19 -20 -21 25 22 -24 24 -26 -27 -28 -29 -30 -31
leaf_value=-0.041725232487156892 0.005119002744708636 0.0010026885623576141 0.050780062392269343 0.0095735412950699161 -0.025373203897896896 0.034786843353087148 -0.0315758940985515 -0.099200604857805255 -0.11846241821204462 -0.076650023825612729 -0.11567411651978127 -0.012575673590736365 -0.012575673590736365 0.025194710891988433 0.2039741508270565 -0.012575673590736365 0.018596414839246143 0.0095056947466612904 0.036089996008086017 0.005252651464767181 -0.0040076523833571173 -0.067148352995678617 0.0061131705726204695 -0.036573676912654514 0.0071808863558977948 -0.022937317470024372 -0.0040076523833571173 0.092419946497800401 0.023754886881283313 -0.022893768428418483
leaf_weight=149 377 4301 176 39 696 445 168 156 31 51 26 219 1953 196 19 683 1916 517 80 260 227 91 2550 173 554 145 342 49 1030 479
leaf_count=62 128 1758 84 24 315 284 133 104 16 19 13 107 1356 138 19 543 1065 505 57 129 113 35 1609 134 255 53 256 36 500 207
internal_value=3.88801e-05 -0.00152187 -0.00884043 -0.0257029 0.00161526 -0.00389972 0.0165993 -0.0774458 -0.0143276 0.000555187 -0.0265362 -0.0179526 0.00138489 -0.0055273 0.0409938 0.0040438 0.00642485 -0.00957671 -0.0125757 -0.017044 0.00379761 -0.000312837 0.00151924 -0.0128017 -0.005999 0.0118603 0.014922 0.0202049 0.0173899 -0.0105564
internal_weight=18098 12788 2827 1082 1745 1569 613 195 887 9961 296 270 9665 2685 215 6980 6217 2470 763 956 5310 3517 3368 818 727 1793 1648 1306 1257 856
internal_count=10057 7004 1424 479 945 861 417 128 351 5580 139 126 5441 2018 157 3423 2823 1861 600 444 3053 2095 2033 424 389 958 905 649 613 335
is_linear=0
shrinkage=0.05


Tree=188
num_leaves=31
num_cat=0
split_feature=28 18 24 9 8 23 1 10 7 25 18 7 11 25 10 23 5 10 21 23 9 7 29 28 12 7 1 9 11 7
split_gain=41.4451 118.029 70.4706 64.2559 121.689 180.831 82.4436 71.4403 102.095 94.1949 117.069 73.9631 67.4853 49.5261 47.3676 96.0857 44.9056 91.0363 146.18 86.1211 78.2975 53.5764 52.2273 45.9543 43.8249 41.2265 80.6119 40.6835 33.0707 28.5296
threshold=33.500000000000007 6.9500000476837167 149.58499908447268 -1.0000000180025095e-35 394.50000000000006 60.500000000000007 70.500000000000014 -1.0000000180025095e-35 1019.3500061035157 10.449999809265138 7.0499999523162851 1014.4500122070314 -0.60784998536109913 8.1500000953674334 0.60354998707771312 36.500000000000007 -3.1149998903274532 0.78654998540878307 12.250000000000002 82.500000000000014 -0.78654998540878285 1016.8500061035157 19.050000190734867 55.500000000000007 0.81174999475479137 1021.0499877929689 82.500000000000014 0.91595000028610241 -1.0000000180025095e-35 1016.9500122070314
decision_type=2 2 2 2 2 2 2 2 2 2 2 2 2 2 2 2 2 2 2 2 2 2 2 2 2 2 2 2 2 2
left_child=1 2 -1 16 7 -6 24 9 11 -5 -11 -9 -10 -8 -3 -16 17 19 29 28 -21 -20 25 -24 -7 -18 -27 -4 -2 -19
right_child=3 14 27 4 5 6 13 8 12 10 -12 -13 -14 -15 15 -17 22 18 21 20 -22 -23 23 -25 -26 26 -28 -29 -30 -31
leaf_value=-0.02489368295460008 -0.0031048404377864514 -0.0031048404377864514 -0.12396832189044438 -0.0031048404377864514 0.018030062121488409 0.043604311170304583 0.051827874832919667 -0.0031048404377864514 0.016581910761593082 0.0066015943739316484 0.018030062121488409 0.018030062121488409 -0.0031048404377864514 0.13280141106967269 -0.022933524868847647 -0.0031048404377864514 -0.0031048404377864514 -0.0031048404377864514 0.077984394070517743 0.0053732633267198279 0.038942567768089215 0.029090144021837627 0.010395530672722052 0.043739802928123267 0.11426905989646913 -0.0024209386113822058 0.010395530672722052 -0.057759008196864407 0.0053732633267198279 0.029090144021837627
leaf_weight=150 750 1374 37 1586 168 96 28 188 507 329 297 919 1258 58 146 153 4936 79 128 682 232 38 48 133 22 1907 548 19 1242 40
leaf_count=150 304 1369 37 999 85 41 14 159 323 191 156 727 816 25 146 153 2019 79 91 229 79 38 24 50 11 849 299 19 535 40
internal_value=2.83093e-06 -0.00702692 -0.0427622 0.00081724 0.00523746 0.0328425 0.0691786 0.00321758 0.00842542 -0.00310484 0.016308 0.0180301 0.000862718 0.106438 -0.00310484 -0.0229335 -0.00142347 0.00358222 0.0305496 0.000937443 0.0138514 0.0612851 -0.00310484 0.0238959 0.0436043 -0.00310484 0.0036497 -0.0906243 -0.00310484 -0.00310484
internal_weight=18098 1879 206 16219 5456 372 204 5084 2872 2212 626 1107 1765 86 1673 299 10763 3191 285 2906 914 166 7572 181 118 7391 2455 56 1992 119
internal_count=10057 1874 206 8183 3547 176 91 3371 2025 1346 347 886 1139 39 1668 299 4636 1395 248 1147 308 129 3241 74 52 3167 1148 56 839 119
is_linear=0
shrinkage=0.05


Tree=189
num_leaves=28
num_cat=0
split_feature=28 24 7 7 27 9 11 26 10 5 5 7 7 12 10 28 18 24 18 7 1 4 24 27 3 5 5
split_gain=36.9555 77.8172 279.403 175.642 67.2509 62.05 70.1054 45.7596 42.6077 42.4224 65.289 100.621 95.924 55.249 59.1741 42.2004 35.2693 27.9355 22.5767 21.0727 20.3929 20.3554 11.5843 6.10415 4.22308 3.61448 0.0643088
threshold=22.500000000000004 46.250000000000007 1019.8500061035157 1018.6499938964845 16.44999980926514 0.60354998707771312 0.87834998965263378 27.10000038146973 0.60354998707771312 -2.8649998903274532 -0.35500000417232508 1019.5499877929689 1023.0499877929689 1.0000000180025095e-35 0.78654998540878307 11.500000000000002 6.6499998569488534 1030.414978027344 2.7500000000000004 1018.3500061035157 89.500000000000014 1.6549999713897707 336.25000000000006 17.60000038146973 346.50000000000006 1.0000000180025095e-35 -1.8450000286102293
decision_type=2 2 2 2 2 2 2 2 2 2 2 2 2 2 2 2 2 2 2 2 2 2 2 2 2 2 2
left_child=5 2 3 -2 -5 6 15 9 21 13 12 -12 -11 14 -3 26 -17 -15 -9 -8 -10 22 -7 -24 -21 -23 -1
right_child=1 7 -4 4 -6 8 19 18 20 10 11 -13 -14 17 -16 16 -18 -19 -20 24 -22 25 23 -25 -26 -27 -28
leaf_value=-0.08449852168560025 0.015913023160139601 -0.0037292567062353569 0.015913023160139601 0.10585436663693853 0.23157964532191935 -0.0053253982401735333 -0.1493618635030893 0.0077874729513058754 -0.10512896087020634 -0.0053253982401735333 0.0077874729513058754 -0.003524285384760024 0.0077874729513058754 0.0077874729513058754 0.0077874729513058754 -0.047855457357046285 -0.0053253982401735333 -0.0053253982401735333 0.015913023160139601 -0.052662367693015501 -0.014109174492768946 -0.039706697373185301 -0.056714909921089809 -0.024517875585542644 -0.094061774557287051 -0.076938900080594161 -0.090169005692005158
leaf_weight=10.000000000000002 12.999999999999998 2905 137 18 26 485 12.999999999999998 111 16.000000000000004 3792 2656 4485 768 1642 509 20 90 145 142 14.000000000000002 9.9999999999999982 16.000000000000004 30 12.999999999999998 10.999999999999998 10.999999999999998 9.9999999999999982
leaf_count=10 13 1515 109 13 18 485 13 37 16 2160 1237 2245 461 899 478 20 90 53 70 14 10 16 30 13 11 11 10
internal_value=-0.00012311 0.00034635 0.0318358 0.130444 0.180147 -0.0109971 -0.037987 -9.75353e-06 -0.0053254 -0.000338077 -0.00200813 0.001069 -0.0053254 0.00341914 -0.000550891 -0.0205243 -0.00837715 0.00778747 0.015913 -0.0977278 -0.0701214 -0.0053254 -0.0053254 -0.0437104 -0.0708781 -0.0548754 -0.0873338
internal_weight=18098 17349 194 57 44 749 168 17155 581 16902 11701 7141 4560 5201 3414 130 110 1787 253 38 26 555 528 43 25 27 20
internal_count=10057 9308 153 44 31 749 168 9155 581 9048 6103 3482 2621 2945 1993 130 110 952 107 38 26 555 528 43 25 27 20
is_linear=0
shrinkage=0.05


Tree=190
num_leaves=30
num_cat=0
split_feature=6 5 3 28 21 5 29 11 5 18 9 10 1 10 27 11 7 0 9 7 20 7 26 24 9 7 29 27 7
split_gain=40.7775 61.0772 64.4867 253.495 95.2771 88.036 71.7594 56.0101 62.773 61.0953 60.3281 49.3383 157.758 56.6688 47.0061 45.7628 36.0239 42.5025 31.3002 14.514 30.6821 11.3211 11.2918 23.4283 7.61908 7.47113 6.74829 1.58828 0.858439
threshold=1072.5000000000002 6.3849999904632577 23.500000000000004 47.500000000000007 12.250000000000002 -4.2550001144409171 23.050000190734867 -0.60784998536109913 -5.9949998855590811 1.9499999880790713 -0.91595000028610218 0.98295000195503246 86.500000000000014 0.3793999999761582 4.4500000476837167 0.60784998536109935 1027.049987792969 23.150000572204593 0.60354998707771312 1018.7500000000001 11.449999809265138 1022.9500122070314 4.8500001430511483 708.75000000000011 -0.78654998540878285 1023.9500122070314 7.0499999523162851 3.6499999761581425 1010.3500061035157
decision_type=2 2 2 2 2 2 2 2 2 2 2 2 2 2 2 2 2 2 2 2 2 2 2 2 2 2 2 2 2
left_child=1 2 3 18 15 -6 11 8 -2 10 -10 13 -13 -4 27 -5 22 -18 -1 20 -11 -8 23 -9 -12 -21 -20 -3 -24
right_child=7 14 6 4 5 -7 21 16 9 19 24 12 -14 -15 -16 -17 17 -19 26 25 -22 -23 28 -25 -26 -27 -28 -29 -30
leaf_value=-0.0031838576094663424 -0.10101769367853802 0.010444479056586249 0.0011941771651791727 0.010796920752887755 0.073626935203298396 0.02830962174767071 0.036128348112106322 -0.01747675461370108 -0.11090395867824554 -0.028948339157908693 -0.028948339157908693 -0.0031838576094663424 0.028003895753668736 -0.0031838576094663424 0.092169395486513775 0.024741991654177297 -0.092127521038055424 -0.0031838576094663424 -0.0031838576094663424 -0.0031838576094663424 -0.0031838576094663424 0.082552947305763763 -0.01747675461370108 -0.068605488309493437 -0.050345681678681142 -0.028948339157908693 0.010796920752887755 0.02589548620684394 -0.0031838576094663424
leaf_weight=832 24 39 8989 475 139 468 29 20 30 87 36 228 150 4131 30 115 25 26 87 136 77 24 24 26 42 30 363 29 1324
leaf_count=707 10 16 4713 224 76 237 11 10 10 29 12 144 104 2564 14 60 13 13 87 54 26 14 8 13 14 15 363 12 501
internal_value=-0.000135564 0.000681972 0.000441389 0.00785595 0.0247777 0.0386871 -0.000915021 -0.00704969 -0.0222829 -0.0179686 -0.050611 -0.00114302 0.0166663 -0.00165612 0.0400345 0.0107969 -0.00318386 -0.0455451 -0.00318386 -0.00728566 -0.0191559 0.0571508 -0.00318386 -0.0317697 -0.0289483 -0.00318386 0.0107969 0.0170339 -0.00318386
internal_weight=18035 16128 16030 2479 1197 607 13551 1907 462 438 108 13498 378 13120 98 590 1445 51 1282 330 164 53 1394 46 78 166 450 68 1348
internal_count=10074 9346 9304 1754 597 313 7550 728 170 160 36 7525 248 7277 42 284 558 26 1157 124 55 25 532 23 26 69 450 28 509
is_linear=0
shrinkage=0.05


Tree=191
num_leaves=31
num_cat=0
split_feature=10 23 1 11 28 5 5 9 10 28 28 9 10 5 1 11 4 10 9 6 9 4 4 26 4 10 12 5 23 11
split_gain=38.142 264.631 138.89 220.525 192.953 174.307 141.067 138.778 115.305 163.974 106.288 167.336 98.6385 84.4856 155.546 218.115 111.379 77.6147 108.072 176.658 157.553 91.1177 255.892 98.1889 68.4247 61.3128 60.3764 55.516 53.0084 52.3131
threshold=0.91595000028610241 77.500000000000014 82.500000000000014 -0.60784998536109913 49.500000000000007 -1.0249999761581419 -1.1549999713897703 1.0000000180025095e-35 0.60354998707771312 33.500000000000007 85.500000000000014 -0.6035499870777129 0.98295000195503246 5.3550000190734872 71.500000000000014 -1.0000000180025095e-35 2.5649999380111699 1.0000000180025095e-35 0.78654998540878307 202.50000000000003 0.98295000195503246 -1.0049999952316282 -0.085000000894069658 17.849999427795414 -2.3950001001358028 0.98295000195503246 1.0000000180025095e-35 0.10500000044703485 33.500000000000007 -0.87834998965263356
decision_type=2 2 2 2 2 2 2 2 2 2 2 2 2 2 2 2 2 2 2 2 2 2 2 2 2 2 2 2 2 2
left_child=8 2 3 7 5 28 -6 -2 13 27 11 26 -8 17 -15 16 -16 18 19 -1 -20 23 -23 -19 -13 -5 -11 -10 -4 -12
right_child=1 -3 4 25 6 -7 12 -9 9 10 29 24 -14 14 15 -17 -18 21 20 -21 -22 22 -24 -25 -26 -27 -28 -29 -30 -31
leaf_value=0.02587074825866735 -0.09502470708827962 0.1450511254808482 -0.039043964326381686 0.017209758467129497 0.074591284141531905 -0.058976704039233774 0.015132784182862104 0.0035419910089471021 -0.043284732699930592 -0.029664485997258322 0.015765272514998714 0.015765272514998714 0.057918827126423524 0.0066479121160227805 -0.11381635694008954 -0.0043938957094841182 -0.0098141458378556909 -0.0070948161745840567 -0.023598860263005113 -0.00025690040145451271 0.0098528110503025776 0.055462701493950439 0.0063481547332319118 0.025135458682974184 -0.0036773272457459451 -0.022935309267270713 -0.0068876754850968466 -0.12252010309696199 0.015132784182862104 0.066479864296240684
leaf_weight=704 114 34 50 284 102 121 274 52 191 407 33 82 150 340 106 171 34 1113 1048 7984 530 342 1181 300 1388 143 291 25 363 78
leaf_count=599 77 14 50 208 69 121 137 30 191 220 11 49 71 131 37 75 17 495 863 3385 431 218 801 120 974 107 157 25 363 28
internal_value=-0.000186387 0.00697155 0.00413144 -0.0152459 0.0149718 -0.00620039 0.036466 -0.0641484 -0.000925037 -0.0108197 -0.00687348 -0.00931675 0.0232592 0.000857037 -0.016727 -0.0422816 -0.0885587 0.00172412 -0.000326096 0.00186026 -0.0123635 0.00889289 0.0173772 -0.00025187 0.000255287 0.00376539 -0.0294756 -0.0524555 0.00926192 0.0408473
internal_weight=18035 1687 1653 593 1060 534 526 166 16348 2495 2279 2168 424 13853 651 311 140 13202 10266 8688 1578 2936 1523 1413 1470 427 698 216 413 111
internal_count=10074 1247 1233 422 811 534 277 107 8827 1655 1439 1400 208 7172 260 129 54 6912 5278 3984 1294 1634 1019 615 1023 315 377 216 413 39
is_linear=0
shrinkage=0.05


Tree=192
num_leaves=28
num_cat=0
split_feature=29 21 28 18 9 7 18 25 12 14 2 9 7 6 7 3 1 7 9 25 4 5 10 1 10 5 29
split_gain=37.8364 106.837 36.4898 97.7353 63.1155 69.8399 79.1372 92.3304 68.6336 56.5717 67.1887 50.9802 44.1201 43.2154 39.9165 38.3062 35.9337 33.6945 30.5827 28.6597 25.648 20.3946 16.0687 9.94908 1.7452 1.47065 1.41775
threshold=23.050000190734867 13.84999990463257 34.500000000000007 6.9500000476837167 -1.0000000180025095e-35 1019.5499877929689 7.8500001430511483 10.34999990463257 -0.56175000965595234 33.000000000000007 3.5149999856948857 0.91595000028610241 1014.4500122070314 382.50000000000006 1019.0499877929689 29.500000000000004 98.500000000000014 1018.1499938964845 0.60354998707771312 5.0499999523162851 -0.96500000357627858 -1.0549999475479124 0.60354998707771312 83.500000000000014 -0.37939999997615809 -1.814999997615814 8.7500000000000018
decision_type=2 2 2 2 2 2 2 2 2 2 2 2 2 2 2 2 2 2 2 2 2 2 2 2 2 2 2
left_child=2 20 3 11 9 8 -7 -8 14 10 -4 13 -10 18 -6 25 19 -12 -1 24 -2 -3 -21 -15 -5 -11 -13
right_child=1 21 4 16 5 6 7 -9 12 15 17 26 -14 23 -16 -17 -18 -19 -20 22 -22 -23 -24 -25 -26 -27 -28
leaf_value=-0.021424942433757227 0.051423030675613726 0.12028885804689848 0.012896616989132019 -0.021424942433757227 -0.003094844977657875 -0.003094844977657875 0.0027931859949286578 0.012896616989132019 -0.003094844977657875 0.00096378000115617717 0.0069301984951440979 -0.06655630713159387 0.012896616989132019 -0.14164236411452291 0.012896616989132019 -0.003094844977657875 -0.021424942433757227 0.00096378000115617717 -0.074571723029341383 -0.003094844977657875 0.012896616989132019 0.055652715848839809 -0.012259893705707551 -0.081415540724992755 -0.012259893705707551 -0.003094844977657875 -0.021424942433757227
leaf_weight=49 30 26 573 66 521 1457 1118 550 278 1795 1046 10.999999999999998 1270 16.000000000000004 39 6209 39 801 46 1387 56 23 349 11.999999999999998 35 166 67
leaf_count=49 14 13 219 66 409 899 663 331 207 881 371 11 850 16 17 2677 39 320 46 1381 29 8 349 12 35 95 67
internal_value=-0.000189428 0.0261815 -0.000388316 -0.00661928 0.000429589 0.00492186 0.000177731 0.00868122 0.0119548 -0.00179025 0.0050224 -0.039755 0.0128966 -0.0612401 -0.00309484 -0.00309484 -0.00309484 0.00096378 -0.0451501 -0.00309484 0.0128966 0.0899494 -0.00309484 -0.115831 -0.0214249 0.00096378 -0.0214249
internal_weight=18035 135 17900 2077 15823 5233 3125 1668 2108 10590 2420 201 1548 123 560 8170 1876 1847 95 1837 86 49 1736 28 101 1961 78
internal_count=10074 64 10010 2071 7939 3376 1893 994 1483 4563 910 201 1057 123 426 3653 1870 691 95 1831 43 21 1730 28 101 976 78
is_linear=0
shrinkage=0.05


Tree=193
num_leaves=18
num_cat=0
split_feature=18 24 7 7 10 5 28 27 7 10 5 10 9 4 20 4 23
split_gain=36.373 37.2776 35.9292 69.3731 115.882 90.8296 91.7245 72.9015 43.6505 48.5977 225.833 101.205 35.2716 28.8588 48.7561 26.4569 20.0768
threshold=1.0500000119209292 1246.2500000000002 1024.850036621094 1025.9500122070315 -0.98295000195503224 1.9049999713897707 35.500000000000007 6.0499999523162851 1023.9500122070314 0.60354998707771312 5.4549999237060556 1.0000000180025095e-35 -0.91595000028610218 1.4049999713897707 13.250000000000002 -3.1450001001358028 86.500000000000014
decision_type=2 2 2 2 2 2 2 2 2 2 2 2 2 2 2 2 2
left_child=12 2 8 5 7 6 -4 -5 9 11 -11 -2 -1 -10 -15 -3 -7
right_child=1 15 3 4 -6 16 -8 -9 13 10 -12 -13 -14 14 -16 -17 -18
leaf_value=-0.019094098671339203 -0.00058999439611392816 -0.0080812162207593175 -0.0080812162207593175 -0.0080812162207593175 -0.0080812162207593175 -0.0080812162207593175 0.053336635840435825 0.10978011858293457 -0.0080812162207593175 -0.0069374162303626544 0.067134693124384248 0.010290848053096489 -0.07244151429488109 0.0055034657108022815 0.09147567130625249 -0.019094098671339203 0.020406121903887162
leaf_weight=24 9699 99 61 18 250 183 240 34 587 3519 106 2741 39 94 20 243 78
leaf_count=12 4918 40 61 9 157 91 135 20 351 2481 51 1515 19 62 12 112 28
internal_value=-0.000197907 -6.49614e-05 0.000252202 0.0101954 -0.00808122 0.0205916 0.0393093 0.0666041 -0.000260199 0.000322961 -0.00477145 0.00180746 -0.0381232 -0.00808122 0.0205863 -0.0164146 -0.000994681
internal_weight=18035 17972 17630 864 302 562 301 52 16766 16065 3625 12440 63 701 114 342 261
internal_count=10074 10043 9891 501 186 315 196 29 9390 8965 2532 6433 31 425 74 152 119
is_linear=0
shrinkage=0.05


Tree=194
num_leaves=26
num_cat=0
split_feature=17 5 10 0 9 5 5 10 12 25 4 4 11 28 10 24 10 1 6 23 12 27 28 10 25
split_gain=36.2968 36.9268 74.7006 141.5 158.822 223.969 123.34 71.005 108.294 122.593 98.5406 78.9569 227.941 60.7829 57.303 93.4688 62.8754 59.5823 57.8158 71.0458 55.5851 44.37 41.3622 41.2326 38.3056
threshold=0.088500000536441817 -3.3049999475479122 -0.78654998540878285 27.550000190734867 -1.0000000180025095e-35 -1.6449999809265134 -0.94499999284744252 -0.37939999997615809 -0.56175000965595234 7.3500001430511483 -3.6450001001358028 2.3349999189376835 -0.87834998965263356 54.500000000000007 -0.91595000028610218 271.25000000000006 0.60354998707771312 74.500000000000014 1102.5000000000002 71.500000000000014 0.81174999475479137 9.1500000953674334 41.500000000000007 0.78654998540878307 6.7500000000000009
decision_type=2 2 2 2 2 2 2 2 2 2 2 2 2 2 2 2 2 2 2 2 2 2 2 2 2
left_child=-1 14 3 4 6 -6 -3 8 9 -4 -10 13 -13 -9 17 16 24 18 19 -2 23 -5 -22 -17 -16
right_child=1 2 7 21 5 -7 -8 11 10 -11 -12 12 -14 -15 15 20 -18 -19 -20 -21 22 -23 -24 -25 -26
leaf_value=-0.057103946059942248 -0.0044076495788967574 0.010989085147783411 -0.028617867323157138 0.040481582283973694 -0.018750357974375437 0.023642890900055481 -0.020800251374514227 -0.0086824562983372332 0.033751463014018407 0.016071352141821742 -0.019606303694736784 0.12189743640471479 0.0062587823781444021 0.00082305172079200507 0.046234121578080316 0.00062481764009051765 0.030025430239861341 -0.028617867323157138 -0.028617867323157138 0.051329487136432109 -0.028617867323157138 0.11357169801538641 0.030025430239861341 0.01552825514557408 0.11828684929089668
leaf_weight=28 312 476 144 56 408 1318 850 2438 91 585 1761 49 327 5422 35 2620 22 96 51 70 30 33 210 564 39
leaf_count=14 164 217 97 19 290 753 338 2252 34 270 925 22 165 2320 26 1348 19 60 23 32 30 11 106 510 29
internal_value=-0.00022024 -0.000131789 -0.00135129 0.00543668 0.00362443 0.0136218 -0.00938869 -0.00332235 -0.0105588 0.0057655 -0.0169845 -0.0010546 0.0213287 -0.00212535 0.00407216 0.00637807 0.0550371 -0.0112715 -0.0019417 0.00580596 0.0050138 0.0675824 0.0282178 0.00326475 0.0842079
internal_weight=18035 18007 13958 3141 3052 1726 1326 10817 2581 729 1852 8236 376 7860 4049 3520 96 529 433 382 3424 89 240 3184 74
internal_count=10074 10060 7713 1628 1598 1043 555 6085 1326 367 959 4759 187 4572 2347 2068 74 279 219 196 1994 30 136 1858 55
is_linear=0
shrinkage=0.05


Tree=195
num_leaves=31
num_cat=0
split_feature=7 10 7 2 4 9 9 4 18 5 26 5 23 7 7 10 26 5 11 10 18 21 7 5 17 7 18 10 2 2
split_gain=50.7481 108.793 96.2593 258.784 88.4793 87.4509 95.6073 155.049 90.9225 88.2681 87.1028 85.8937 136.479 117.306 75.0472 83.6999 69.96 67.8184 62.4558 215.541 78.8402 58.1216 55.4928 44.0794 42.5355 52.5614 34.3021 29.7218 31.2275 20.11
threshold=1014.7500000000001 0.98295000195503246 1014.9500122070314 1.8450000286102297 -4.2049999237060538 -0.98295000195503224 -0.91595000028610218 -4.1249999999999991 6.0499999523162851 6.0450000762939462 8.1500000953674334 -2.6350001096725459 82.500000000000014 1015.9500122070314 1013.7500000000001 -0.6035499870777129 18.94999980926514 3.4650000333786015 0.87834998965263378 0.3793999999761582 2.3500000238418584 17.94999980926514 1016.2500000000001 -1.0249999761581419 0.10350000113248826 1013.1499938964845 12.650000095367433 0.60354998707771312 4.5450000762939462 0.84499999880790722
decision_type=2 2 2 2 2 2 2 2 2 2 2 2 2 2 2 2 2 2 2 2 2 2 2 2 2 2 2 2 2 2
left_child=1 4 3 29 21 9 7 22 -9 10 -4 12 -8 -13 15 26 -17 27 20 -20 -16 24 -7 -12 -1 -26 -6 -5 -29 -2
right_child=2 -3 5 17 14 6 11 8 -10 -11 23 13 -14 -15 18 16 -18 -19 19 -21 -22 -23 -24 -25 25 -27 -28 28 -30 -31
leaf_value=-0.038556576851341465 0.16811161899566651 -0.087276015562436929 -0.076269885411067884 0.0097061656415462494 0.016628978384412043 0.029355785938409658 0.0036689880586393922 0.013003961836416722 0.050224462284155551 -0.08267472204058729 -0.02161077430945332 -0.031101753010462304 0.041353234347268827 -0.0016362267807563252 -0.063380970312403404 -0.0094058152493145218 0.035444591426721184 0.071737858604954671 -0.012580376586743764 -0.1836126012802124 -0.010494940427034449 0.078861853238698598 -0.0514638463998663 0.0043003758492350984 -0.0040062801020904482 0.043188401313201223 0.066982296369969843 -0.00035262760417214758 -0.076607320725917818 0.10256602439013394
leaf_weight=36 25 41 49 109 219 26 2896 1164 191 47 295 351 262 8968 77 1336 93 22 70 25 831 37 116 370 117 119 40 29 25 22
leaf_count=14 11 40 21 42 89 10 1976 466 71 19 109 193 96 5269 28 661 38 14 32 19 456 14 45 141 40 43 29 22 21 9
internal_value=-0.000490675 -0.0063792 0.000705757 0.0326619 -0.00527361 0.000202612 0.00110151 0.0130414 0.0182505 -0.0163035 -0.0119345 -0.000331046 0.00679542 -0.00274605 -0.00818334 -0.00174691 -0.00648693 0.00604501 -0.0190155 -0.0575889 -0.0149798 0.0200665 -0.0366659 -0.00719404 0.0120686 0.019791 0.0244056 -0.0053217 -0.0356557 0.137431
internal_weight=18008 3041 14967 232 3000 14735 13974 1497 1355 761 714 12477 3158 9319 2691 1688 1429 185 1003 95 908 309 142 665 272 236 259 163 54 47
internal_count=10038 1503 8535 119 1463 8416 8126 592 537 290 271 7534 2072 5462 1352 817 699 99 535 51 484 111 55 250 97 83 118 85 43 20
is_linear=0
shrinkage=0.05


Tree=196
num_leaves=31
num_cat=0
split_feature=7 8 1 1 7 24 7 2 28 10 1 7 18 3 28 9 9 4 5 26 5 17 3 5 12 1 5 10 28 9
split_gain=45.8187 142.766 103.69 88.2175 103.421 90.1597 87.3696 233.141 82.3759 79.2608 299.187 157.919 157.9 114.843 105.889 72.2046 97.7763 139.932 79.662 78.6102 70.5709 69.6269 76.8121 62.2404 60.582 55.403 53.8482 106.587 53.5427 52.9126
threshold=1014.7500000000001 401.50000000000006 76.500000000000014 81.500000000000014 1013.6499938964845 877.08499145507824 1014.9500122070314 1.8450000286102297 89.500000000000014 0.98295000195503246 84.500000000000014 1015.8500061035157 9.4499998092651385 198.50000000000003 39.500000000000007 -0.98295000195503224 -0.91595000028610218 -4.1249999999999991 6.0450000762939462 8.1500000953674334 -1.8450000286102293 0.12550000101327899 114.50000000000001 3.4650000333786015 0.81174999475479137 61.500000000000007 0.75499999523162853 0.60354998707771312 78.500000000000014 -0.98295000195503224
decision_type=2 2 2 2 2 2 2 2 2 2 2 2 2 2 2 2 2 2 2 2 2 2 2 2 2 2 2 2 2 2
left_child=1 3 21 4 5 -1 7 -2 24 15 11 -11 14 -14 -12 18 17 -17 19 -8 -18 -3 29 -9 -6 -10 -5 28 -28 -23
right_child=6 2 -4 26 8 -7 9 23 25 10 12 -13 13 -15 -16 16 20 -19 -20 -21 -22 22 -24 -25 -26 -27 27 -29 -30 -31
leaf_value=-0.0048957471808638436 0.13055916669520926 -0.001728061019975277 0.05372775966212863 -0.0048957471808638436 -0.081651175567082013 -0.045588304391130811 -0.072456392113651555 -0.0050556151516324178 -0.039809743250718586 -0.18535821097237726 -0.092051264501753313 -0.012121885678295148 0.048883943707351725 0.13299560927682452 0.031898016878403726 -0.03483259115420597 0.0040732366735204062 0.017338014750733263 -0.078540990188063931 -0.0068343417702900963 -0.0039804202708126754 0.1190331753757265 0.018764202651947001 0.068206037387750981 -0.039809743250718586 -0.0048957471808638436 -0.055515152600503742 -0.16346927603085837 -0.0048957471808638436 0.034971802968245286
leaf_weight=390 47 1139 105 683 175 160 49 163 33 13.999999999999998 21 218 93 72 96 142 4182 1355 47 665 7781 36 39 22 48 78 62 14.999999999999998 39 39
leaf_count=199 20 388 35 533 108 64 21 85 11 7 21 151 73 52 61 55 2710 537 19 250 4459 12 13 14 24 26 50 14 13 13
internal_value=-0.00046501 -0.00606024 0.00600029 -0.0157918 -0.0267021 -0.0133748 0.000671831 0.0311167 -0.0486481 0.000192482 0.0194814 -0.0225758 0.0540816 0.0855872 0.00965071 -0.000504692 0.000342452 0.0123893 -0.0154883 -0.0113378 -0.00116504 0.00200078 0.0392565 0.00585291 -0.0661669 -0.0134525 -0.00489575 -0.0391014 -0.020631 0.0753213
internal_weight=18008 3041 1358 1683 884 550 14967 232 334 14735 514 232 282 165 117 14221 13460 1497 761 714 11963 1253 114 185 223 111 799 116 101 75
internal_count=10038 1503 461 1042 432 263 8535 119 169 8416 365 158 207 125 82 8051 7761 592 290 271 7169 426 38 99 132 37 610 77 63 25
is_linear=0
shrinkage=0.05


Tree=197
num_leaves=31
num_cat=0
split_feature=7 8 11 1 7 24 10 5 10 1 7 18 1 28 1 20 7 7 9 9 4 5 5 5 11 17 3 3 9 27
split_gain=39.6758 124.334 105.169 93.8696 79.3218 198.777 77.488 73.3636 71.5329 270.016 142.522 142.505 106.247 97.4174 68.1712 82.2743 65.9461 65.6371 65.1646 88.2431 126.289 71.8949 71.6174 63.6902 61.8933 60.1694 71.4094 59.824 47.7536 36.3709
threshold=1014.7500000000001 401.50000000000006 0.87834998965263378 76.500000000000014 1014.9500122070314 380.41499328613287 0.3793999999761582 -1.4800000190734861 0.98295000195503246 84.500000000000014 1015.8500061035157 9.4499998092651385 92.500000000000014 46.500000000000007 81.500000000000014 7.5499999523162851 1014.1499938964845 1013.8500061035157 -0.98295000195503224 -0.91595000028610218 -4.1249999999999991 6.0450000762939462 -1.0249999761581419 -1.8450000286102293 1.0000000180025095e-35 0.12550000101327899 114.50000000000001 13.500000000000002 -0.98295000195503224 8.7500000000000018
decision_type=2 2 2 2 2 2 2 2 2 2 2 2 2 2 2 2 2 2 2 2 2 2 2 2 2 2 2 2 2 2
left_child=1 2 14 25 5 7 -4 -2 18 10 -10 13 -13 -11 15 27 -17 -8 21 20 -20 22 -6 -21 -12 -3 28 -1 -27 -9
right_child=4 3 6 -5 8 -7 17 29 9 11 24 12 -14 -15 -16 16 -18 -19 19 23 -22 -23 -24 -25 -26 26 -28 -29 -30 -31
leaf_value=-0.10449632629752159 0.037749324007845468 -0.0016416579668096958 -0.019445209168806311 0.051041373081860089 -0.027286301268950892 -0.0092359738068326421 -0.044933154394752102 0.071645666544254014 -0.17609030178615026 -0.059268141993217997 -0.032001262506211763 0.10578823999949655 0.045238014371579385 0.039584313700964428 -0.0045382399925939882 -0.0061669511287134032 -0.033208402326400564 -0.16822214221954346 -0.033090961818963711 0.0038695748343241226 0.016471113955732641 -0.074613937767262148 0.0044125666923230137 -0.0037813993675844047 0.023132474674486821 0.11308151086171468 0.017408083461609138 -0.036045865328016138 0.033223214210608067 0.14881232396976368
leaf_weight=42 33 1139 41 105 342 136 19 26 13.999999999999998 36 137 131 34 81 758 563 102 25 142 4182 1355 47 372 7781 81 36 39 133 39 37
leaf_count=31 16 388 27 35 129 76 19 11 7 36 89 103 22 46 569 258 55 19 55 2710 537 19 142 4459 62 12 13 64 13 16
internal_value=-0.000418295 -0.00562496 -0.0147066 0.00563011 0.000639596 0.0296484 -0.0689004 0.0847346 0.000182858 0.0185073 -0.021447 0.0513776 0.0813079 0.00916817 -0.0118239 -0.0219702 -0.0139428 -0.114984 -0.000479457 0.00032533 0.0117698 -0.0147139 -0.0107709 -0.00110679 -0.0115158 0.0018247 0.0364578 -0.052474 0.0715552 0.116966
internal_weight=18008 3041 1683 1358 14967 232 85 96 14735 514 232 282 165 117 1598 840 665 44 14221 13460 1497 761 714 11963 218 1253 114 175 75 63
internal_count=10038 1503 1042 461 8535 119 65 43 8416 365 158 207 125 82 977 408 313 38 8051 7761 592 290 271 7169 151 426 38 95 25 27
is_linear=0
shrinkage=0.05


Tree=198
num_leaves=31
num_cat=0
split_feature=4 27 11 10 24 10 4 20 1 11 5 12 6 9 9 28 8 2 28 1 3 1 9 1 5 10 24 17 28 23
split_gain=40.454 117.176 178.304 118.669 117.455 85.1238 63.2416 56.6212 48.0777 46.8341 40.9713 75.5963 80.2604 392.432 70.675 90.1753 56.9362 44.9476 43.5044 70.1018 42.2847 72.0058 78.6316 61.7868 45.0122 177.034 46.5371 40.9497 39.407 36.9213
threshold=1.7849999666213991 5.0499999523162851 -0.87834998965263356 0.78654998540878307 380.41499328613287 -0.91595000028610218 2.7150000333786015 6.4500000476837167 77.500000000000014 1.0000000180025095e-35 -2.6350001096725459 0.81174999475479137 197.50000000000003 1.0000000180025095e-35 0.60354998707771312 47.500000000000007 751.00000000000011 2.7949999570846562 43.500000000000007 85.500000000000014 7.5000000000000009 94.500000000000014 0.78654998540878307 81.500000000000014 -2.5449999570846553 -0.98295000195503224 275.41499328613287 0.093499999493360533 40.500000000000007 39.500000000000007
decision_type=2 2 2 2 2 2 2 2 2 2 2 2 2 2 2 2 2 2 2 2 2 2 2 2 2 2 2 2 2 2
left_child=10 7 6 5 -5 -4 -3 29 -9 -6 11 12 13 -1 15 -14 20 -18 19 -13 21 23 -23 -12 25 -22 -26 -16 -15 -2
right_child=1 2 3 4 9 -7 -8 8 -10 -11 16 18 14 28 27 -17 17 -19 -20 -21 24 22 -24 -25 26 -27 -28 -29 -30 -31
leaf_value=0.27129312027245761 -0.06886994015011523 0.067842710636010981 0.065170238308004433 0.17084690153598786 0.0093504603989630879 0.0093504603989630879 0.17454298280534292 -0.013939461692280018 0.0093504603989630879 0.066284986367515689 -0.044485883951507592 -0.10416750488802791 -0.017809917311179431 0.017218883684165329 -0.029247720487415793 0.00071065985752067056 0.072423589688081005 0.01177540976316371 0.033923128306542649 0.0098949209985325602 -0.15966695845127107 -0.19746665855248766 -0.016460657864809037 0.010735524954596901 0.0028414663090620528 -0.010653043889774467 -0.0046537899116317659 0.017218883684165329 0.060797726549208168 -0.016524773813895326
leaf_weight=15.999999999999998 45 41 74 20 40 401 21 241 464 63 93 15.999999999999998 796 98 50 3770 39 141 271 41 22 12.000000000000002 11.999999999999998 100 2917 212 7140 662 56 134
leaf_count=9 19 20 27 13 21 237 12 112 220 32 51 14 686 98 50 1602 13 47 131 41 13 12 10 88 2180 118 3411 648 42 61
internal_value=-0.000407827 0.00733077 0.0232719 0.0149039 0.0599658 0.00935046 0.103983 -0.004571 0.00180525 0.0384355 -0.00113356 0.00225939 0.00085585 0.0346711 -0.000233311 -0.00251807 -0.00296717 0.0249158 0.0255719 -0.0141333 -0.0034448 -0.0252872 -0.106964 -0.0151306 -0.00298422 -0.0246629 -0.00247982 0.0144187 0.0172189 -0.0296842
internal_weight=18008 1544 660 598 123 475 62 884 705 103 16464 5776 5448 170 5278 4566 10688 180 328 57 10508 217 24 193 10291 234 10057 712 154 179
internal_count=10038 774 362 330 66 264 32 412 332 53 9264 3321 3135 149 2986 2288 5943 60 186 55 5883 161 22 139 5722 131 5591 698 140 80
is_linear=0
shrinkage=0.05


Tree=199
num_leaves=31
num_cat=0
split_feature=7 8 11 1 7 2 10 10 11 11 4 11 28 10 12 28 27 11 27 27 9 1 25 7 17 3 9 9 24 1
split_gain=37.5776 111.437 94.0747 85.011 69.7473 190.29 69.6142 65.2037 137.825 221.421 325.626 170.52 214.855 168.766 160.196 71.5303 206.021 125.156 100.338 88.0029 84.7458 63.2499 72.1622 59.5898 52.2231 66.6912 43.1088 41.4586 41.3834 34.7432
threshold=1014.7500000000001 401.50000000000006 0.87834998965263378 76.500000000000014 1014.9500122070314 1.544999957084656 0.3793999999761582 1.0000000180025095e-35 -0.60784998536109913 -0.87834998965263356 2.5649999380111699 -1.0000000180025095e-35 100.50000000000001 0.91595000028610241 1.0000000180025095e-35 51.500000000000007 11.650000095367433 0.60784998536109935 11.250000000000002 6.0499999523162851 0.3793999999761582 81.500000000000014 5.4500000476837167 1013.8500061035157 0.12550000101327899 114.50000000000001 -0.98295000195503224 1.0000000180025095e-35 380.41499328613287 82.500000000000014
decision_type=2 2 2 2 2 2 2 2 2 2 2 2 2 2 2 2 2 2 2 2 2 2 2 2 2 2 2 2 2 2
left_child=1 2 21 24 5 -2 -4 15 9 10 -9 12 -10 -11 -13 18 19 -18 20 -17 -6 22 -1 -8 -3 26 -26 -24 -7 -30
right_child=4 3 6 -5 7 28 23 8 11 13 -12 14 -14 -15 -16 16 17 -19 -20 -21 -22 -23 27 -25 25 -27 -28 -29 29 -31
leaf_value=-0.10660378634929657 0.12012633032268949 -0.0016775404655025444 -0.018460486066050646 0.048388623793919887 -0.038332993862749049 0.044012857425738787 -0.042269376782994528 -0.007574137358915831 -0.02576755129494452 0.050725716286023938 0.20774593287044102 0.015193043849889707 0.14904683430989582 -0.0014792355911286419 -0.0059641713921072051 -0.0044588123961109031 0.03508451717995828 0.15640772680441539 -0.0047963527951266419 0.010105655171184235 -0.013335092322927311 -0.0044533454504771391 -0.023780549312370211 -0.15974165320396425 0.10750366581810847 0.016069777206321991 0.031628389236254571 -0.0044533454504771391 -0.029466388583546735 0.017605829521027558
leaf_weight=24 45 1139 41 105 464 51 19 716 747 553 18 1746 18 215 1835 4937 186 24 1356 1313 607 758 717 25 36 39 39 99 82 54
leaf_count=14 19 388 27 35 269 24 19 421 507 309 12 1186 6 140 1206 1963 78 12 1191 531 585 569 326 19 12 13 13 68 39 37
internal_value=-0.000415044 -0.00548216 -0.0140799 0.00517322 0.000614495 0.0278163 -0.0653358 0.000186208 0.00428641 0.0173433 -0.00229381 -0.00022612 -0.0216543 0.036111 0.00435152 -0.00251189 0.000237628 0.04895 -0.00983033 -0.00139911 -0.0218738 -0.0113535 -0.0211513 -0.109015 0.00155182 0.0338171 0.0680485 -0.018638 0.00560264 -0.0088012
internal_weight=18008 3041 1683 1358 14967 232 85 14735 5848 1502 734 4346 765 768 3581 8887 6460 210 2427 6250 1071 1598 840 44 1253 114 75 816 187 136
internal_count=10038 1503 1042 461 8535 119 65 8416 3787 882 433 2905 513 449 2392 4629 2584 90 2045 2494 854 977 408 38 426 38 25 394 100 76
is_linear=0
shrinkage=0.05


Tree=200
num_leaves=20
num_cat=0
split_feature=6 0 27 20 5 28 3 3 10 11 28 20 18 27 29 4 10 10 3
split_gain=37.7706 66.9668 96.4948 51.7929 50.4755 37.0484 87.9792 83.1733 39.8058 30.8083 60.7647 42.2085 44.8391 45.7014 28.971 25.3431 17.4009 19.3265 4.20962
threshold=1072.5000000000002 28.849999427795414 6.2500000000000009 11.449999809265138 -5.9949998855590811 53.500000000000007 23.500000000000004 228.50000000000003 0.91595000028610241 -1.0000000180025095e-35 54.500000000000007 12.84999990463257 1.8499999642372134 1.5500000119209292 8.7500000000000018 -1.5750000476837156 -1.0000000180025095e-35 0.60354998707771312 59.500000000000007
decision_type=2 2 2 2 2 2 2 2 2 2 2 2 2 2 2 2 2 2 2
left_child=1 5 3 -3 -2 16 -7 8 -8 11 -11 12 13 -6 18 -14 -1 -18 -5
right_child=4 2 -4 14 9 6 7 -9 -10 10 -12 -13 15 -15 -16 -17 17 -19 -20
leaf_value=-0.00288070354989752 -0.058931804100672405 0.0087865105785672349 0.081070135037104293 0.02109087104259607 -0.089577898518605675 0.0087865105785672349 -0.00042999035550349757 0.0087865105785672349 0.0087865105785672349 -0.097000369900151318 -0.00288070354989752 -0.00288070354989752 -0.010981758837148869 -0.031801868316547272 0.046013940159517631 -0.024245163177646981 -0.00042999035550349757 -0.00288070354989752 0.033552405601056851
leaf_weight=2595 45 320 54 95 44 713 8171 649 555 19 991 105 239 60 87 395 1067 1825 36
leaf_count=2086 19 109 18 32 16 325 3423 323 255 10 386 36 93 20 29 147 1026 1712 12
internal_value=6.39111e-05 0.000847271 0.0173531 0.0109577 -0.00660868 0.000219889 0.00202072 0.000259002 -0.00042999 -0.00533801 -0.0028807 -0.01311 -0.0190828 -0.0495126 0.0333952 -0.0140912 -0.0028807 -0.00042999 0.0210909
internal_weight=18065 16167 592 538 1898 15575 10088 9375 8726 1853 1010 843 738 104 218 634 5487 2892 131
internal_count=10077 9350 200 182 727 9150 4326 4001 3678 708 396 312 276 36 73 240 4824 2738 44
is_linear=0
shrinkage=0.05


Tree=201
num_leaves=31
num_cat=0
split_feature=28 10 29 9 1 11 17 23 5 1 23 10 5 1 11 23 9 11 18 3 11 7 29 8 3 26 10 5 7 18
split_gain=33.2239 125.204 201.033 101.461 133.755 950.337 94.196 92.678 88.1443 101.914 82.2213 80.6284 228.871 121.795 121.878 95.4692 88.2182 78.1741 66.6332 55.2323 162.458 48.4666 45.7961 43.3293 35.7102 35.2618 136.197 33.7303 29.0834 23.5562
threshold=53.500000000000007 -0.98295000195503224 12.650000095367433 1.0000000180025095e-35 95.500000000000014 -0.60784998536109913 0.097500000149011626 42.500000000000007 -1.5049999952316282 89.500000000000014 54.500000000000007 0.91595000028610241 -2.6350001096725459 89.500000000000014 1.0000000180025095e-35 59.500000000000007 1.0000000180025095e-35 0.87834998965263378 5.9500000476837167 240.50000000000003 1.0000000180025095e-35 1023.1499938964845 19.050000190734867 420.50000000000006 246.50000000000003 5.7500000000000009 -0.78654998540878285 -2.3950001001358028 1013.7500000000001 6.7500000000000009
decision_type=2 2 2 2 2 2 2 2 2 2 2 2 2 2 2 2 2 2 2 2 2 2 2 2 2 2 2 2 2 2
left_child=3 2 17 4 6 -6 10 -7 28 -10 -1 19 15 14 -14 -13 -15 23 -4 22 21 -21 -3 -2 -22 26 -5 -24 -8 -27
right_child=1 11 18 25 5 7 8 -9 9 -11 -12 12 13 16 -16 -17 -18 -19 -20 20 24 -23 27 -25 -26 29 -28 -29 -30 -31
leaf_value=-0.12827195288806126 -0.00081271183934647257 -0.00081271183934647257 0.045124337764177784 -0.089977602978221716 -0.42345726490020752 -0.13978783835967382 -0.031957053151221673 -0.00081271183934647257 -0.031957053151221673 -0.00081271183934647257 -0.031957053151221673 0.070457127600908276 -0.00081271183934647257 0.085487244655320677 0.040346465924974637 0.2268667898606509 -0.00081271183934647257 0.045124337764177784 0.11717835935679349 -0.00081271183934647257 0.15452774882316589 0.060805578762665395 0.013020633659814257 0.040988952619954944 0.056215117884076328 -0.01164996776304357 -0.012480180505970965 0.052709136094846246 -0.00081271183934647257 -0.00081271183934647257
leaf_weight=29 195 10704 52 61 15.999999999999998 11.999999999999998 42 69 294 109 73 25 379 81 180 15.999999999999998 46 35 66 395 9.9999999999999982 32 80 64 121 837 129 72 862 2979
leaf_count=18 87 4408 20 53 16 12 42 58 211 79 42 15 188 34 86 7 20 14 24 169 5 16 33 26 60 708 129 28 656 2813
internal_value=9.48003e-05 0.00151568 0.0286229 -0.0031411 -0.0145339 -0.0713252 -0.0106242 -0.0017683 -0.00701261 -0.0267253 -0.0569015 0.000595809 0.0167408 0.00988233 -0.000159632 0.131495 0.0540828 0.00649588 0.0837528 -0.000432527 0.0150117 6.84908e-05 -0.000812712 -0.000812712 0.0637199 -0.000812712 -0.0241476 0.026854 -0.000812712 -0.000812712
internal_weight=18065 12553 412 5512 1506 97 1409 81 1307 403 102 12141 727 686 559 41 127 294 118 11414 558 427 10856 259 131 4006 190 152 904 3816
internal_count=10077 5240 171 4837 1134 86 1048 70 988 290 60 5069 350 328 274 22 54 127 44 4719 250 185 4469 113 65 3703 182 61 698 3521
is_linear=0
shrinkage=0.05


Tree=202
num_leaves=24
num_cat=0
split_feature=24 23 28 24 9 11 5 10 1 11 3 6 29 9 18 20 23 21 14 10 1 25 0
split_gain=32.1648 41.1894 31.5838 138.011 70.1293 69.1329 74.1069 68.1473 72.6132 58.2049 57.3489 43.5601 35.3513 29.4575 28.9063 23.8881 19.9176 16.807 15.3201 7.50049 6.63595 5.78736 2.91978
threshold=1246.2500000000002 64.500000000000014 53.500000000000007 129.58499908447268 1.0000000180025095e-35 -1.0000000180025095e-35 -0.49500000476837153 0.91595000028610241 84.500000000000014 1.0000000180025095e-35 243.50000000000003 1137.5000000000002 19.050000190734867 1.0000000180025095e-35 6.7500000000000009 12.34999990463257 65.500000000000014 10.34999990463257 48.000000000000007 -0.6035499870777129 68.500000000000014 9.2500000000000018 22.44999980926514
decision_type=2 2 2 2 2 2 2 2 2 2 2 2 2 2 2 2 2 2 2 2 2 2 2
left_child=2 17 4 5 -1 15 16 10 9 -9 12 -12 -5 -8 19 -4 -7 -2 -3 -6 -17 22 -19
right_child=1 18 3 7 14 6 13 8 -10 -11 11 -13 -14 -15 -16 20 -18 21 -20 -21 -22 -23 -24
leaf_value=-0.0073711133803290559 -0.08625890877511766 -0.0073711133803290559 0.018507802520055679 -0.00046088649451198272 -0.0039159999374205195 0.077963843670758343 0.018507802520055679 -0.00046088649451198272 0.018507802520055679 0.018507802520055679 0.018507802520055679 -0.00046088649451198272 0.018507802520055679 0.070441081199575872 -0.00046088649451198272 0.034130322060933929 0.14260534781676074 -0.053849690646165987 -0.024939616647504888 -0.0073711133803290559 0.064252646493189264 -0.024939616647504888 -0.034310482476150664
leaf_weight=1500 18 172 89 10572 328 22 43 237 316 156 388 123 140 34 3164 41 26 32 67 514 33 26 24
leaf_count=1128 9 70 43 4350 233 11 15 115 152 74 178 44 57 17 2991 14 13 16 29 479 11 16 12
internal_value=0.000111109 -0.0151451 0.000402876 0.00181958 -0.00274135 0.0360216 0.0642174 0.000994054 0.0160279 -0.000460886 4.43105e-05 0.0164559 -0.000460886 0.0338212 -0.000460886 0.0185078 0.112978 -0.0425081 -0.00737111 -0.00737111 0.0475633 -0.0329043 -0.0436813
internal_weight=18065 339 17726 12220 5506 288 125 11932 709 393 11223 511 10712 77 4006 163 48 100 239 842 74 82 56
internal_count=10077 152 9925 5094 4831 124 56 4970 341 189 4629 222 4407 32 3703 68 24 53 99 712 25 44 28
is_linear=0
shrinkage=0.05


Tree=203
num_leaves=23
num_cat=0
split_feature=25 4 4 7 7 7 23 10 10 5 27 10 18 28 6 20 5 5 28 5 9 23
split_gain=31.9086 99.4471 68.0431 42.49 63.0806 46.7784 108.904 129.471 54.7905 146.867 92.3979 41.4576 33.6157 87.6826 20.0684 19.6997 18.9736 15.4592 13.1184 10.0097 3.81681 1.38304
threshold=21.35000038146973 0.86500000953674328 -1.5249999761581419 1025.9500122070315 1024.9500122070315 1023.9500122070314 61.500000000000007 -0.91595000028610218 0.60354998707771312 3.8950001001358037 13.650000095367433 -0.98295000195503224 6.2500000000000009 55.500000000000007 32.500000000000007 10.650000095367433 1.8450000286102297 -0.23499999940395352 18.500000000000004 1.0000000180025095e-35 -0.37939999997615809 31.500000000000004
decision_type=2 2 2 2 2 2 2 2 2 2 2 2 2 2 2 2 2 2 2 2 2 2
left_child=3 2 -2 4 5 8 7 -7 10 -10 -1 -5 13 17 -14 -8 -15 -13 19 -6 -16 -20
right_child=1 -3 -4 11 18 6 15 -9 9 -11 -12 12 14 16 20 -17 -18 -19 21 -21 -22 -23
leaf_value=0.00030249417748604999 0.088941177725791937 0.099154750279017864 0.011531143207573015 0.011531143207573015 -0.011627654286153023 -0.083249838289461642 -0.0024586305575999053 -0.015389515923311413 -0.0087909997126421596 0.011531143207573015 0.011531143207573015 -0.12556010018224303 0.011531143207573015 -0.017908886560998427 -0.0031141202693251223 0.011531143207573015 -0.043941174319812232 -0.06819563408692679 -0.011627654286153023 -0.068613547086715701 -0.017908886560998427 0.011531143207573015
leaf_weight=11135 31 35 83 35 14.000000000000002 95 444 245 3361 336 1361 23 15.999999999999998 81 13.999999999999998 62 70 24 54 11.999999999999998 56 478
leaf_count=5209 12 18 51 21 14 51 228 186 2409 156 1225 16 16 37 7 31 35 24 30 12 40 249
internal_value=0.000105641 0.0231483 0.0115311 -8.59947e-05 0.000241851 -0.000338026 -0.0117997 -0.0336845 0.000260789 -0.00508633 0.00184276 -0.0181709 -0.0252911 -0.0366281 0.000810369 0.00290544 -0.0180649 -0.0962676 0.0115311 -0.0347865 -0.0177594 0.0115311
internal_weight=18065 149 114 17916 17597 17039 846 340 16193 3697 12496 319 284 198 86 506 151 47 558 26 70 532
internal_count=10077 81 63 9996 9800 9495 496 237 8999 2565 6434 196 175 112 63 259 72 40 305 26 47 279
is_linear=0
shrinkage=0.05


Tree=204
num_leaves=25
num_cat=0
split_feature=6 0 7 5 9 3 28 5 7 7 1 20 7 4 22 11 20 7 5 4 27 9 3 7
split_gain=30.9603 57.0022 89.5555 47.7935 40.2495 37.2113 99.5452 48.2553 77.5138 70.2629 39.4872 38.4003 36.1468 30.0287 27.8374 25.0852 36.4921 42.5565 23.2704 21.9001 16.6958 15.1501 10.0458 1.28035
threshold=1072.5000000000002 28.849999427795414 1014.6499938964845 -5.9949998855590811 -0.98295000195503224 23.500000000000004 47.500000000000007 3.4050000905990605 1020.1499938964845 1024.9500122070315 65.500000000000014 10.650000095367433 1027.049987792969 -0.27500000596046442 3.2500000000000004 -1.0000000180025095e-35 12.84999990463257 1020.4500122070314 5.7249999046325692 -2.945000052452087 6.0499999523162851 0.60354998707771312 26.500000000000004 1026.1499633789065
decision_type=2 2 2 2 2 2 2 2 2 2 2 2 2 2 2 2 2 2 2 2 2 2 2 2
left_child=1 5 4 -2 19 6 21 9 18 10 -7 -10 15 -14 -4 16 17 -5 -9 -3 -6 -1 -16 -17
right_child=3 2 14 12 20 7 -8 8 11 -11 -12 -13 13 -15 22 23 -18 -19 -20 -21 -22 -23 -24 -25
leaf_value=-0.0025130151238575817 -0.056802275313271422 0.014547852675120036 0.017313935810869392 -0.029142806649399111 0.0081869645270152454 0.006643078099465064 0.0081869645270152454 0.0081869645270152454 -0.0025130151238575817 0.0081869645270152454 -0.0025130151238575817 0.0081869645270152454 -0.013621707218033928 -0.086236473421255747 0.086770465145719816 -0.0025130151238575817 -0.0025130151238575817 -0.0098463055505659588 -0.0025130151238575817 0.063303439523659508 0.057512701641429555 0.0028369747015788318 0.051091095279244818 -0.032542576459122868
leaf_weight=823 45 42 33 390 352 1265 1031 1402 934 447 8703 339 35 24 47 926 105 332 170 51 33 461 34 41
leaf_count=703 19 14 11 135 118 478 541 574 403 307 5467 143 18 12 16 357 36 133 73 17 12 461 12 17
internal_value=0.000152951 0.000862181 0.0160906 -0.00588821 0.00818696 0.000283355 0.00613246 -0.000737813 0.0050333 -0.00231427 -0.00251302 -0.00251302 -0.00465177 -0.0431599 0.0560234 -0.00338533 -0.0113154 -0.0171796 0.00818696 0.0412848 0.00818696 -0.00251302 0.0717939 -0.00251302
internal_weight=18065 16167 592 1898 478 15575 2315 13260 2845 10415 9968 1273 1853 59 114 1794 827 722 1572 93 385 1284 81 967
internal_count=10077 9350 200 727 161 9150 1705 7445 1193 6252 5945 546 708 30 39 678 304 268 647 31 130 1164 28 374
is_linear=0
shrinkage=0.05


Tree=205
num_leaves=27
num_cat=0
split_feature=26 24 10 4 8 8 18 27 27 20 3 28 9 6 7 7 10 5 4 26 5 6 3 10 5 4
split_gain=41.5168 58.7896 39.7581 204.157 256.391 242.866 183.366 139.313 96.1086 91.9759 61.4081 80.4743 103.102 99.7872 66.2864 66.2164 144.076 196.93 119.583 90.986 90.0506 75.7861 49.3329 47.6271 20.9126 9.09716
threshold=30.60000038146973 342.08500671386724 -0.91595000028610218 0.51499998569488536 119.50000000000001 87.500000000000014 6.9500000476837167 2.4500000476837163 11.250000000000002 5.7500000000000009 23.500000000000004 41.500000000000007 1.0000000180025095e-35 972.50000000000011 1020.2500000000001 1021.2500000000001 0.60354998707771312 3.9550000429153447 -2.445000052452087 14.250000000000002 6.0450000762939462 1277.5000000000002 204.50000000000003 -0.78654998540878285 -1.955000042915344 0.97500002384185802
decision_type=2 2 2 2 2 2 2 2 2 2 2 2 2 2 2 2 2 2 2 2 2 2 2 2 2 2
left_child=2 -2 3 4 5 -1 9 -6 -9 25 11 12 14 24 -4 16 20 -18 21 -20 -12 -17 -11 -14 -13 -5
right_child=1 -3 10 6 7 -7 -8 8 -10 22 15 13 23 -15 -16 18 17 -19 19 -21 -22 -23 -24 -25 -26 -27
leaf_value=-0.32981612384319298 0.10268351848308857 0.021112174427431012 -0.092874766745657297 -0.043106454752740414 -0.095303153370536714 -0.095303153370536714 0.021112174427431012 -0.020003380462906631 0.0084716594576760753 -0.025026258632276185 0.00063079575207116432 0.021112174427431012 -0.047627283267987271 0.003099455461001334 0.003099455461001334 0.021112174427431012 -0.020341168100673209 0.021112174427431012 -0.0080476371942438778 0.0096175190838554483 -0.044533503344947739 -0.012439856749721045 0.0051392906112882738 0.003099455461001334 0.012105814944216173 -0.084112470832310229
leaf_weight=14.000000000000002 26 29 53 21 20 10.999999999999998 368 1160 398 169 7566 949 48 540 24 522 1822 197 1540 1384 112 172 279 492 156 38
leaf_count=12 13 12 53 12 10 9 185 570 229 65 3771 656 48 185 24 241 1242 94 886 898 44 68 140 492 110 19
internal_value=-0.0005093 0.0428658 -0.000641432 -0.00652412 -0.0171274 -0.175996 0.012901 -0.0146104 -0.0127293 -0.0108336 0.00029439 0.00791106 -0.00748795 0.0136869 -0.0616147 -0.000999557 -0.00315332 -0.0150384 0.00477298 0.000313709 -2.80218e-05 0.0211122 -0.00310518 0.000230124 0.0211122 -0.0695171
internal_weight=18110 55 18055 2478 1603 25 875 1578 1558 507 15577 2262 617 1645 77 13315 9697 2019 3618 2924 7678 694 448 540 1105 59
internal_count=10088 25 10063 1251 830 21 421 809 799 236 8812 1568 617 951 77 7244 5151 1336 2093 1784 3815 309 205 540 766 31
is_linear=0
shrinkage=0.05


Tree=206
num_leaves=18
num_cat=0
split_feature=26 24 8 10 4 1 27 18 20 7 28 29 5 5 10 4 6
split_gain=35.8611 54.0944 34.4868 31.4418 187.997 306.7 147.953 73.9034 83.4212 55.4906 99.66 98.802 89.0619 86.5087 142.549 88.3875 5.16445
threshold=30.60000038146973 342.08500671386724 838.50000000000011 -0.91595000028610218 0.51499998569488536 94.500000000000014 2.9500000476837163 6.9500000476837167 5.7500000000000009 1021.0499877929689 39.500000000000007 10.550000190734865 1.1150000095367434 -2.5949999094009395 0.60354998707771312 -1.4850000143051145 1447.5000000000002
decision_type=2 2 2 2 2 2 2 2 2 2 2 2 2 2 2 2 2
left_child=2 -2 3 4 5 6 -1 8 -6 13 11 -11 -12 15 -15 -5 -4
right_child=1 -3 16 9 7 -7 -8 -9 -10 10 12 -13 -14 14 -16 -17 -18
leaf_value=-0.14251227720894596 0.097549343567628122 0.019664464558327231 0.019664464558327231 -0.00356087815137114 -0.06604125439110449 -0.20609771744126368 -0.01193693538960547 0.0094516905942275461 -0.0027931776073403724 -0.037826788719014633 0.0094516905942275461 -0.0038791516030455952 -0.0019366581412322296 -0.0012901382221292466 -0.018440072605715424 0.0094516905942275461 0.0094516905942275461
leaf_weight=22 26 29 84 2278 59 21 1560 368 448 276 1745 219 1766 5144 1585 2405 75
leaf_count=11 13 12 28 965 31 14 805 185 205 276 993 219 886 2587 1013 1820 25
internal_value=-0.000430392 0.0398821 -0.000553193 -0.000761083 -0.00598877 -0.0162726 -0.0137528 0.00945169 -0.0101534 7.91166e-05 0.00514192 -0.0158614 0.00810308 -0.0016981 -0.00532976 0.00352024 0.0196645
internal_weight=18110 55 18055 17896 2478 1603 1582 875 507 15418 4006 495 3511 11412 6729 4683 159
internal_count=10088 25 10063 10010 1251 830 816 421 236 8759 2374 495 1879 6385 3600 2785 53
is_linear=0
shrinkage=0.05


Tree=207
num_leaves=27
num_cat=0
split_feature=8 7 5 4 11 5 29 1 7 10 8 5 5 7 23 18 5 7 11 2 21 4 6 28 8 5
split_gain=32.2472 28.135 51.0377 87.439 66.813 46.1978 37.5473 39.1932 36.2232 33.6786 84.6889 139.205 101.727 136.679 68.9173 58.6686 52.4645 64.8167 165.787 132.571 27.5685 18.6481 16.3988 12.0162 11.469 8.72947
threshold=838.50000000000011 1011.7500000000001 -2.6850000619888301 -2.8249999284744258 -0.87834998965263356 -1.2450000047683714 9.4499998092651385 82.500000000000014 1011.3500061035157 -1.0000000180025095e-35 1.0000000180025095e-35 -0.40500000119209284 -1.0549999475479124 1020.6499938964845 103.50000000000001 4.4500000476837167 -4.629999876022338 1015.9500122070314 0.87834998965263378 5.0150001049041757 10.949999809265138 -1.6549999713897703 342.50000000000006 128.00000000000003 604.50000000000011 -4.629999876022338
decision_type=2 2 2 2 2 2 2 2 2 2 2 2 2 2 2 2 2 2 2 2 2 2 2 2 2 2
left_child=1 2 4 23 6 8 7 -1 -5 10 11 -3 14 -14 -12 -13 -11 18 -18 -19 24 -2 -7 -4 -6 -23
right_child=21 9 3 5 20 22 -8 -9 -10 16 12 15 13 -15 -16 -17 17 19 -20 -21 -22 25 -24 -25 -26 -27
leaf_value=-0.09210994114746919 0.057610942125320433 -0.0066777653599492089 -0.018342204226387871 -0.054730072812955888 -0.041365750991936887 -0.06184237818968924 0.010247703393300375 -0.023253595999077614 0.010794739395847857 0.010794739395847857 -0.0066777653599492089 -0.068387893604093725 0.010794739395847857 -0.0042466397199983066 0.010794739395847857 -0.025090204781263933 -0.0013267034390593187 0.0060335069723542701 -0.045939343595061424 -0.015838564085196471 0.010794739395847857 0.035092225747230726 -0.12295330946262067 0.010794739395847857 -0.0040688945843576543 0.010794739395847857
leaf_weight=37 30 741 36 61 33 19 30 32 23 386 3722 89 1599 1837 179 647 1493 5631 242 790 220 39 26 33 45 90
leaf_count=15 10 726 12 26 11 12 10 22 9 301 1729 64 657 857 62 429 828 3668 130 343 89 13 9 11 15 30
internal_value=-0.000315129 -0.000513697 -0.0112046 -0.0319404 -0.000862858 -0.0562701 -0.0364511 -0.0567549 -0.0343697 -0.00014719 -0.00231547 -0.0132391 -0.000116458 0.00615675 -0.0056419 -0.0303259 0.00209013 0.00102552 -0.00754933 0.0033425 0.0107947 0.0221032 -0.0971509 0.0107947 -0.0189325 0.0138456
internal_weight=18110 17951 595 198 397 129 99 69 84 17356 8814 1477 7337 3436 3901 736 8542 8156 1735 6421 298 159 45 69 78 129
internal_count=10088 10035 241 79 162 56 47 37 35 9794 4524 1219 3305 1514 1791 493 5270 4969 958 4011 115 53 21 23 26 43
is_linear=0
shrinkage=0.05


Tree=208
num_leaves=19
num_cat=0
split_feature=26 24 5 5 12 9 10 4 1 18 3 3 28 9 1 18 3 12
split_gain=30.7975 49.9699 29.6832 43.6957 97.0624 34.3399 29.2649 177.956 276.699 151.457 52.1041 57.8686 56.51 11.4038 8.61739 8.26793 5.29203 2.1953
threshold=30.60000038146973 342.08500671386724 6.3849999904632577 6.0450000762939462 1.0000000180025095e-35 -0.78654998540878285 -0.91595000028610218 0.51499998569488536 94.500000000000014 6.9500000476837167 351.50000000000006 23.500000000000004 31.500000000000004 -0.78654998540878285 81.500000000000014 2.0499999523162846 200.50000000000003 0.81174999475479137
decision_type=2 2 2 2 2 2 2 2 2 2 2 2 2 2 2 2 2 2
left_child=2 -2 3 6 -5 14 7 8 -1 -9 11 -8 -12 15 -6 -4 -7 -17
right_child=1 -3 13 4 5 16 10 9 -10 -11 12 -13 -14 -15 -16 17 -18 -19
leaf_value=-0.012839716836563153 0.092884208147342384 0.018403472517323528 -0.02853799805045128 -0.12008670022090276 -0.018308801777087724 -0.0069127556017559502 0.0072005436456135195 -0.01001158300443309 -0.19553527193410059 0.018403472517323528 -0.0079563798107620733 -0.0015008590287003006 0.018403472517323528 0.018403472517323528 -0.055913798071444032 0.016915706983383964 0.018403472517323528 -0.0028351505248186489
leaf_weight=1582 26 29 20 24 39 23 2262 501 21 362 225 12305 479 106 25 34 23 24
leaf_count=816 13 12 9 9 15 11 1568 233 14 182 225 6506 381 46 12 17 11 8
internal_value=-0.00021873 0.0371395 -0.000332532 -0.000538665 -0.0289834 -0.00910636 -0.00032377 -0.00537783 -0.0152331 0.0129281 0.000492373 -0.000149684 0.0137777 0.0184035 -0.0329983 -0.000816276 0.0184035 0.00874294
internal_weight=18110 55 18055 17871 134 110 17737 2466 1603 863 15271 14567 704 184 64 78 46 58
internal_count=10088 25 10063 9983 58 49 9925 1245 830 415 8680 8074 606 80 27 34 22 25
is_linear=0
shrinkage=0.05


Tree=209
num_leaves=19
num_cat=0
split_feature=0 1 5 5 9 25 8 7 5 7 7 4 3 5 1 0 7 3
split_gain=28.4714 32.784 27.5758 38.0718 38.9574 33.0418 27.3215 25.1372 41.4127 29.2569 23.6583 17.3495 13.6471 7.82323 5.28181 3.26534 2.19961 0.61766
threshold=16.050000190734867 95.500000000000014 6.3849999904632577 6.0450000762939462 -0.78654998540878285 10.84999990463257 838.50000000000011 1011.7500000000001 -2.6850000619888301 1013.5499877929689 1023.2500000000001 -1.6549999713897703 191.50000000000003 -4.629999876022338 62.500000000000007 22.550000190734867 1025.4500122070315 200.50000000000003
decision_type=2 2 2 2 2 2 2 2 2 2 2 2 2 2 2 2 2 2
left_child=1 16 3 6 -5 12 7 8 -2 -9 -6 -8 14 -13 -4 17 -1 -14
right_child=2 -3 5 4 10 -7 11 9 -10 -11 -12 13 15 -15 -16 -17 -18 -19
leaf_value=-0.022652218621432744 -0.00058310221275431986 -0.12254670524969698 -0.019715065246119219 -0.022652218621432744 0.047904258687049152 0.064498980117566662 0.054805435935656233 0.0081662238119927007 -0.022652218621432744 -0.00044262127005198601 -0.021418128358200193 0.03297758652613713 0.022445128299295902 0.01014641735622678 0.0061560763194760748 0.036884593616825473 -0.049571034722030165 0.010547769367694856
leaf_weight=15.000000000000002 397 9.9999999999999982 34 82 32 33 30 1052 198 15951 20 39 24 90 47 26 9.9999999999999982 20
leaf_count=15 162 9 15 33 15 11 10 563 79 9059 10 13 12 30 18 14 10 10
internal_value=-0.000169526 -0.0452222 -8.2287e-05 -0.000280342 -0.0226522 0.0191754 -7.70574e-05 -0.000263482 -0.0103653 9.00203e-05 0.0212418 0.0205563 0.00927021 0.0125914 -0.00470342 0.0254397 -0.0226522 0.0170372
internal_weight=18110 35 18075 17891 134 184 17757 17598 595 17003 52 159 151 129 81 70 25 44
internal_count=10088 34 10054 9974 58 80 9916 9863 241 9622 25 53 69 43 33 36 25 22
is_linear=0
shrinkage=0.05


Tree=210
num_leaves=27
num_cat=0
split_feature=4 7 24 2 23 2 10 23 5 10 7 0 11 3 22 8 7 21 7 7 4 5 5 7 1 8
split_gain=35.7718 69.465 42.5208 37.1135 33.3352 31.1939 53.3635 229.944 83.7614 79.7705 115.532 54.5227 36.9838 26.7159 26.3428 35.8694 15.5448 13.8891 7.24003 6.56915 6.23093 6.14752 4.79262 4.12816 2.47401 1.79392
threshold=-4.4349999427795401 1015.5499877929689 1246.2500000000002 5.430000066757203 64.500000000000014 5.430000066757203 0.60354998707771312 84.500000000000014 4.0750000476837167 1.0000000180025095e-35 1015.6499938964845 27.44999980926514 -1.0000000180025095e-35 80.500000000000014 6.3500001430511483 389.50000000000006 1022.0499877929689 10.34999990463257 1013.8500061035157 1013.0499877929689 -0.94499999284744252 -1.6850000023841856 -3.6249999999999996 1018.6499938964845 61.500000000000007 291.50000000000006
decision_type=2 2 2 2 2 2 2 2 2 2 2 2 2 2 2 2 2 2 2 2 2 2 2 2 2 2
left_child=1 3 5 -1 17 6 9 8 -8 11 -11 -2 -7 23 15 -5 19 -4 -17 -6 22 24 -14 -3 -19 -16
right_child=2 13 4 14 16 12 7 -9 -10 10 -12 -13 20 -15 25 18 -18 21 -20 -21 -22 -23 -24 -25 -26 -27
leaf_value=0.084475281724223389 -0.00087494560754429679 -0.029085757270936041 -0.082312369346618661 -0.026932885536424273 -0.0088109566843496221 -0.0088109566843496221 -0.0024285980991987661 0.1540411191682021 0.038937923410766032 -0.0024285980991987661 0.017536161379018873 0.0098762364166444239 -0.0088109566843496221 0.0156730015431681 0.038971969733635592 0.014493611931800843 -0.0088109566843496221 -0.041582432160010709 0.034076348144573117 -0.025766791156580933 -0.0024285980991987661 -0.053077332275333233 -0.0024285980991987661 -0.055571636131831581 -0.025766791156580933 0.053553402254689297
leaf_weight=27 7971 31 18 41 26 574 3711 24 140 677 1816 1384 300 31 24 75 141 26 78 57 833 27 43 28 25 21
leaf_count=9 4403 11 9 16 9 240 2664 10 61 341 1095 472 139 14 12 25 62 13 26 23 380 14 16 10 15 8
internal_value=0.000368418 0.0160617 5.44287e-05 0.0289089 -0.0180071 0.000385207 0.00109002 -0.0024286 -0.0024286 0.00283352 0.010781 0.000715609 -0.00594721 -0.0219089 0.0226315 0.0145993 -0.00881096 -0.0427226 0.0257288 -0.0257668 -0.0024286 -0.0335865 -0.00881096 -0.0416553 -0.0257668 0.0535534
internal_weight=18149 356 17793 266 320 17473 15723 3875 3851 11848 2493 9355 1750 90 239 194 224 96 153 83 1176 78 343 59 51 45
internal_count=10097 131 9966 96 145 9821 9046 2735 2725 6311 1436 4875 775 35 87 67 94 51 51 32 535 42 155 21 28 20
is_linear=0
shrinkage=0.05


Tree=211
num_leaves=31
num_cat=0
split_feature=4 7 9 8 7 7 11 19 28 4 19 4 3 1 4 25 7 7 2 28 29 9 3 5 2 18 8 3 1 7
split_gain=32.9322 63.0384 37.6911 115.33 114.928 210.138 92.5611 146.816 78.4262 74.2055 159.795 78.092 107.949 63.7391 61.944 60.4427 100.506 98.5761 59.295 57.6681 127.141 95.3566 41.6101 41.5365 33.3262 24.332 32.9567 24.1111 20.1678 9.36649
threshold=-4.4349999427795401 1015.5499877929689 -0.6035499870777129 12.500000000000002 1016.0499877929689 1014.5499877929689 -0.87834998965263356 0.57649999856948864 88.500000000000014 -2.1850000619888301 0.57199999690055858 -2.3950001001358028 105.50000000000001 48.500000000000007 -3.2050000429153438 6.5499999523162851 1017.5499877929689 1017.7500000000001 0.73500001430511486 53.500000000000007 14.650000095367433 1.0000000180025095e-35 36.500000000000007 -3.814999938011169 5.430000066757203 6.3500001430511483 386.50000000000006 80.500000000000014 52.500000000000007 1013.8500061035157
decision_type=2 2 2 2 2 2 2 2 2 2 2 2 2 2 2 2 2 2 2 2 2 2 2 2 2 2 2 2 2 2
left_child=1 24 3 4 5 8 7 -6 -2 10 14 12 -12 -11 -4 28 18 -18 -17 21 -21 -15 -16 -8 -1 26 -26 -3 -5 -28
right_child=2 27 9 15 6 -7 23 -9 -10 13 11 -13 -14 19 22 16 17 -19 -20 20 -22 -23 -24 -25 25 -27 29 -29 -30 -31
leaf_value=0.080251515794683384 -0.05922216223728545 -0.039572560878754673 -0.074974744021892553 -0.0051492059058852388 -0.13381479382514955 -0.16928524550269633 -0.071799591705203059 -0.011468423865394008 -0.011468423865394008 -0.07865708041191101 0.14589332412270939 0.036432240255063593 0.036432240255063593 -0.013556314218312321 0.036432240255063593 0.063327664416283375 0.058430765504422402 0.0058567233392362514 -0.0051492059058852388 0.0026272284195052393 0.030438413498532563 0.0014518663620867991 -0.0014706132569171759 -0.011468423865394008 -0.038466557115316394 0.050949816699992004 0.010930716378821268 0.014889351014168032 -0.011468423865394008 0.032434255587742433
leaf_weight=27 106 59 24 175 40 34 40 28 27 25 51 35 34 1394 43 32 92 2888 2598 4427 453 3962 193 417 26 45 90 31 675 78
leaf_count=9 56 21 12 70 20 17 20 14 9 9 26 17 17 1043 31 15 31 1136 940 2021 179 3682 96 224 11 20 30 14 281 26
internal_value=0.000300554 0.0153581 -7.14966e-07 -0.00280771 -0.0222072 -0.0583549 -0.0114684 -0.0698417 -0.0299968 0.00188592 0.0235829 0.071309 0.099789 0.0010824 0.00155553 -0.000729624 0.00117001 0.00747981 -0.00514921 0.00127716 0.00520888 -0.00230515 0.00933827 -0.0114684 0.0275966 0.0216481 0.0139187 -0.0208135 -0.0114684 0.0220259
internal_weight=18149 356 17793 7152 692 167 525 68 133 10641 380 120 85 10261 260 6460 5610 2980 2630 10236 4880 5356 236 457 266 239 194 90 850 168
internal_count=10097 131 9966 2833 360 82 278 34 65 7133 199 60 43 6934 139 2473 2122 1167 955 6925 2200 4725 127 244 96 87 67 35 351 56
is_linear=0
shrinkage=0.05


Tree=212
num_leaves=24
num_cat=0
split_feature=28 4 7 24 28 7 7 7 10 2 7 10 4 17 6 3 29 4 3 8 11 10 3
split_gain=32.2427 29.4324 57.063 36.7476 30.6569 31.6237 30.0883 73.4518 84.6547 56.2654 41.4169 42.1944 27.2776 20.8255 17.4747 14.2005 11.1344 10.6109 5.90232 5.16335 0.979496 0.52535 0.368908
threshold=8.5000000000000018 -4.4349999427795401 1015.5499877929689 1246.2500000000002 93.500000000000014 1014.3500061035157 1024.850036621094 1025.9500122070315 -0.98295000195503224 3.2949999570846562 1023.9500122070314 0.60354998707771312 1.4049999713897707 0.10750000178813936 462.50000000000006 80.500000000000014 4.8500001430511483 -3.314999938011169 31.500000000000004 589.50000000000011 -0.60784998536109913 -0.6035499870777129 344.50000000000006
decision_type=2 2 2 2 2 2 2 2 2 2 2 2 2 2 2 2 2 2 2 2 2 2 2
left_child=13 2 4 6 5 16 10 9 -9 -8 11 -3 -12 22 19 -4 -2 20 -19 -6 -5 -15 -1
right_child=1 3 15 17 14 -7 7 8 -10 -11 12 -13 -14 21 -16 -17 -18 18 -20 -21 -22 -23 -24
leaf_value=-0.073018257617950416 -0.019696136989054289 0.0019345168459363221 -0.019696136989054289 -0.019696136989054289 0.051446439461274585 0.030774309223670207 0.032754902029142385 0.054001319821585306 -0.0081192710507939306 0.00079945467837285583 -0.0081192710507939306 -0.0041776769176488345 0.019714486927977792 -0.019696136989054289 0.030774309223670207 0.014144884770916355 0.0069904064992442729 -0.0081192710507939306 -0.019696136989054289 0.080107256571451832 -0.0081192710507939306 -0.034438754866520566 -0.086599642634391794
leaf_weight=10.000000000000002 32 12122 59 24 33 71 348 55 277 228 605 3681 107 18.000000000000004 36 31 64 25 222 30 49 11.999999999999998 9.9999999999999982
leaf_count=10 12 6272 21 10 11 27 226 31 173 92 357 2550 70 18 12 14 24 13 101 10 21 12 10
internal_value=0.000296502 0.000407271 0.0146418 0.000121665 0.0262859 0.0132166 0.000430044 0.00929148 -0.00811927 0.0201059 -5.71605e-05 0.000510801 -0.00811927 -0.0397995 0.0483321 -0.0196961 -0.00610121 -0.0166686 -0.0196961 0.0650944 -0.00811927 -0.0196961 -0.079809
internal_weight=18149 18099 356 17743 266 167 17423 908 332 576 16515 15803 712 50 99 90 96 320 247 63 73 30 20
internal_count=10097 10047 131 9916 96 63 9771 522 204 318 9249 8822 427 50 33 35 36 145 114 21 31 30 20
is_linear=0
shrinkage=0.05


Tree=213
num_leaves=23
num_cat=0
split_feature=28 1 9 8 28 12 26 9 28 7 23 5 11 4 23 4 7 5 4 27 1 27
split_gain=28.6015 45.2345 29.3648 72.4801 67.3433 72.5771 56.0144 138.958 54.5835 72.7089 51.5396 59.1185 41.6687 124.25 114.223 114.615 103.657 86.2242 67.7536 21.083 9.73448 8.06809
threshold=137.00000000000003 60.500000000000007 -1.0000000180025095e-35 394.50000000000006 47.500000000000007 0.81174999475479137 5.9500000476837167 0.60354998707771312 63.500000000000007 1018.7500000000001 47.500000000000007 -3.0149999856948848 1.0000000180025095e-35 -2.564999938011169 66.500000000000014 -2.7749999761581416 1020.0499877929689 -2.0949999094009395 0.51499998569488536 9.4499998092651385 72.500000000000014 4.8500001430511483
decision_type=2 2 2 2 2 2 2 2 2 2 2 2 2 2 2 2 2 2 2 2 2 2
left_child=2 -2 4 6 5 10 7 19 9 -8 11 -1 13 16 18 -16 -6 -15 -14 -4 -3 -10
right_child=1 20 3 -5 12 -7 8 -9 21 -11 -12 -13 14 17 15 -17 -18 -19 -20 -21 -22 -23
leaf_value=-0.029963174389173619 0.086564068302512176 0.014161765355787585 -0.088581337370503124 0.014161765355787585 -0.002617176801678979 -0.12033822222759849 0.0037327644875852928 -0.010281971710055222 0.0037327644875852928 -0.0049897006906476481 -0.013499564763278783 -0.088009864612723948 -0.013499564763278783 0.0011604634912925707 0.00011011681005217086 0.014161765355787585 0.014161765355787585 -0.013499564763278783 0.00011011681005217086 -0.019322539063600395 0.04504603813091914 0.0076768361261373569
leaf_weight=72 25 36 71 374 1244 19 2108 155 629 3545 128 54 1155 1568 782 2004 636 2752 272 12.999999999999998 30 477
leaf_count=72 10 12 55 179 454 19 1902 153 275 2681 97 54 625 674 286 796 287 1124 125 13 10 194
internal_value=0.000251737 0.0282127 0.000110833 0.00253836 -0.00156385 -0.026078 0.00119191 -0.022597 0.00203309 -0.000211307 -0.019027 -0.0464268 -0.000921162 -0.00352844 0.0029158 0.00880793 0.00720123 -0.00819783 -0.00858769 -0.0778627 0.0141618 0.00767684
internal_weight=18149 91 18058 7372 10686 273 6998 239 6759 5653 254 126 10413 6200 4213 2786 1880 4320 1427 84 66 1106
internal_count=10097 32 10065 5452 4613 242 5273 221 5052 4583 223 126 4371 2539 1832 1082 741 1798 750 68 22 469
is_linear=0
shrinkage=0.05


Tree=214
num_leaves=24
num_cat=0
split_feature=28 9 8 23 28 24 7 18 9 28 1 5 3 2 6 3 7 25 12 17 18 5 9
split_gain=28.4976 28.736 92.0822 157.162 58.1863 66.3839 64.0358 120.928 87.3115 55.1766 54.6877 47.1122 35.5836 58.461 38.626 37.5702 74.7523 55.5115 35.4482 19.3468 13.6083 0.475029 0.376444
threshold=8.5000000000000018 -1.0000000180025095e-35 394.50000000000006 60.500000000000007 63.500000000000007 609.58499145507824 1018.7500000000001 7.2500000000000009 1.0000000180025095e-35 47.500000000000007 70.500000000000014 -1.3049999475479124 350.50000000000006 1.735000014305115 1017.5000000000001 187.50000000000003 1021.0499877929689 6.6499998569488534 0.81174999475479137 0.10750000178813936 19.550000190734867 -1.705000042915344 0.78654998540878307
decision_type=2 2 2 2 2 2 2 2 2 2 2 2 2 2 2 2 2 2 2 2 2 2 2
left_child=19 9 4 -4 6 -6 8 -8 -3 20 18 -12 15 -14 -15 17 -17 -11 -5 21 -2 -1 -21
right_child=1 2 3 10 5 -7 7 -9 -10 12 11 -13 13 14 -16 16 -18 -19 -20 22 -22 -23 -24
leaf_value=-0.06829938709735868 -0.018460698463920323 -0.018460698463920323 0.014289655540708802 0.037982081501393594 0.014289655540708802 0.0057711772572546678 -0.016703870220133209 0.0024548621457493158 0.0057711772572546678 -0.0095346227122438034 0.11962345437570053 0.044055111819144455 0.14440280588136778 0.032830664788524054 -0.0095346227122438034 -0.0095346227122438034 0.0095996423444056622 0.0017134264822876871 0.098775467276573187 -0.018460698463920323 -0.0095346227122438034 -0.083710890114307407 -0.032467331364750864
leaf_weight=10.000000000000002 241 205 172 90 472 648 1314 2207 2102 905 55 33 8.9999999999999982 117 85 1173 524 7691 24 18.000000000000004 32 9.9999999999999982 11.999999999999998
leaf_count=10 210 178 89 38 194 282 892 1764 1913 379 27 13 6 63 34 512 249 3160 12 18 32 10 12
internal_value=0.000335 0.000439137 0.00285621 0.027024 0.0015553 0.0119929 -0.000450559 -0.00469497 0.00577118 -0.00120305 0.0616745 0.0912853 -0.000608547 0.0197172 0.0141619 -0.00102521 -0.00782394 0.000316975 0.038817 -0.0373605 -0.0184607 -0.0760051 -0.0184607
internal_weight=18149 18099 7322 374 6948 1120 5828 3521 2307 10777 202 88 10504 211 202 10293 1697 8596 114 50 273 20 30
internal_count=10097 10047 5402 179 5223 476 4747 2656 2091 4645 90 40 4403 103 97 4300 761 3539 50 50 242 20 30
is_linear=0
shrinkage=0.05


Tree=215
num_leaves=16
num_cat=0
split_feature=23 17 7 11 0 28 1 4 0 4 3 9 6 18 7
split_gain=27.538 37.4458 35.4923 41.1232 26.9 24.3056 24.0592 23.3485 65.4072 62.6002 19.6741 17.8695 11.2759 3.24872 0.609288
threshold=137.00000000000003 0.11950000002980234 1010.0499877929689 -0.87834998965263356 16.050000190734867 9.5000000000000018 94.500000000000014 1.685000002384186 20.650000572204593 1.3550000190734866 345.50000000000006 -0.91595000028610218 482.50000000000006 20.050000190734867 1025.4500122070315
decision_type=2 2 2 2 2 2 2 2 2 2 2 2 2 2 2
left_child=2 -2 3 12 6 13 14 9 -9 -7 -3 -5 -1 -6 -4
right_child=1 10 4 11 5 7 -8 8 -10 -11 -12 -13 -14 -15 -16
leaf_value=-0.038649889975786215 0.013167838322318298 0.089809936285018932 -0.021374274588959612 0.013167838322318298 -0.021374274588959612 0.0002653378774408964 -0.095534096977540436 -0.0030355550621217983 0.013167838322318298 -0.010642660171985811 0.035420155789197695 -0.030614495728955127 -0.08200099642078082 -0.010642660171985811 -0.039375395334970496
leaf_weight=40 39 26 10.000000000000002 51 40 15072 13.999999999999998 991 717 860 30 33 24 33 12.999999999999998
leaf_count=16 13 11 10 17 40 8443 13 538 332 511 10 14 10 33 13
internal_value=-0.000185315 0.0266635 -0.000327825 -0.0247117 -0.000124511 -3.55499e-05 -0.042713 8.89542e-05 0.00564468 -0.000506651 0.0576725 -0.00170616 -0.0549066 -0.0213743 -0.0213743
internal_weight=17993 95 17898 148 17750 17713 37 17640 1708 15932 56 84 64 73 23
internal_count=10024 34 9990 57 9933 9897 36 9824 870 8954 21 31 26 73 23
is_linear=0
shrinkage=0.05


Tree=216
num_leaves=31
num_cat=0
split_feature=10 23 1 11 7 4 10 4 9 18 5 10 7 17 11 23 5 5 27 4 0 27 0 20 24 10 4 27 5 8
split_gain=25.0422 215.127 108.131 146.538 107.022 82.0112 105.026 201.124 76.2769 63.4603 55.3421 46.1444 153.563 137.015 124.245 123.242 127.614 147.394 72.0554 214.238 167.274 161.735 64.1374 59.2453 59.8207 54.9575 149.31 136.41 69.3061 128.594
threshold=0.91595000028610241 77.500000000000014 82.500000000000014 -0.60784998536109913 1015.8500061035157 -1.2150000333786009 0.98295000195503246 0.18500000238418582 1.0000000180025095e-35 13.150000095367433 -1.0249999761581419 0.60354998707771312 1020.2500000000001 0.11950000002980234 -1.0000000180025095e-35 85.500000000000014 -4.4349999427795401 4.8450000286102304 11.250000000000002 2.5649999380111699 23.050000190734867 16.44999980926514 21.94999980926514 6.5499999523162851 903.75000000000011 -0.91595000028610218 0.7749999761581422 2.2500000000000004 0.2650000005960465 10.500000000000002
decision_type=2 2 2 2 2 2 2 2 2 2 2 2 2 2 2 2 2 2 2 2 2 2 2 2 2 2 2 2 2 2
left_child=11 2 3 4 8 -4 10 -8 -2 -6 -7 18 15 23 -15 16 -13 -18 25 20 -20 -22 -21 -14 -25 26 27 -1 -27 -30
right_child=1 -3 5 -5 9 6 7 -9 -10 -11 -12 12 13 14 -16 -17 17 -19 19 22 21 -23 -24 24 -26 28 -28 -29 29 -31
leaf_value=-0.2572091470162074 -0.12697763964533806 0.12657202211105162 0.055466510275123171 0.0014857919963783231 -0.044620101045871129 0.01133212157994664 -0.012522562069020103 0.064782525164576998 -2.0839025576909387e-05 0.045796909155669037 -0.018913665583641576 0.013851700451816003 -0.052484158163183726 0.073391944663175807 0.016012195411522937 0.097817713281382696 -0.029514332877619721 0.039502203667560291 0.0036690822953292113 0.06465178791433572 0.019802982824768781 0.087507977097162182 0.19474844667646621 0.010148728138824737 -0.024147781407397786 0.0035598866930139244 0.0036690822953292113 -0.018239821322422186 -0.019463749197493899 0.00094711960147372907
leaf_weight=5.9999999999999991 56 36 102 435 69 300 140 169 14.999999999999998 27 305 249 58 132 173 23 1173 67 1782 20 307 112 18 445 178 6060 577 1269 1099 2591
leaf_count=3 43 15 69 321 40 289 123 112 10 17 186 184 46 76 123 10 793 31 1636 10 154 61 12 285 98 2716 254 632 625 1050
internal_value=-0.000179949 0.00568278 0.00299303 -0.013799 -0.0536128 0.0129426 0.0081971 0.0319132 -0.100156 -0.0191903 -0.00391575 -0.000773434 -0.0070281 0.00832354 0.0361745 -0.0170392 -0.0188133 -0.0253726 0.000355398 0.00856759 0.00653536 0.0359369 0.126277 -0.00415008 0.000349725 -0.00122942 -0.00912527 -0.0193644 0.000270384 -0.00513189
internal_weight=17993 1654 1618 602 167 1016 914 309 71 96 605 16339 2498 986 305 1512 1489 1240 13841 2239 2201 419 38 681 623 11602 1852 1275 9750 3690
internal_count=10024 1225 1210 431 110 779 710 235 53 57 475 8799 1646 628 199 1018 1008 824 7153 1873 1851 215 22 429 383 5280 889 635 4391 1675
is_linear=0
shrinkage=0.05


Tree=217
num_leaves=31
num_cat=0
split_feature=4 27 1 27 10 0 0 20 4 3 24 28 1 26 24 3 9 1 12 10 6 1 4 27 0 27 9 5 23 25
split_gain=23.4074 85.9593 129.216 156.464 109.179 93.4745 61.6128 59.8901 52.8318 50.5288 90.6563 60.6683 92.9758 47.5605 44.0273 57.6543 57.8374 43.7591 41.4445 36.9999 224.902 368.199 508.856 155.19 124.486 106.911 44.408 109.129 145.844 77.6852
threshold=1.685000002384186 5.0499999523162851 80.500000000000014 11.250000000000002 -0.91595000028610218 20.849999427795414 21.44999980926514 7.5499999523162851 1.3550000190734866 276.50000000000006 262.91499328613287 55.500000000000007 82.500000000000014 11.250000000000002 109.58499908447267 314.50000000000006 0.3793999999761582 85.500000000000014 -0.56175000965595234 -0.91595000028610218 202.50000000000003 92.500000000000014 0.59499999880790722 13.050000190734865 21.250000000000004 10.150000095367433 -0.6035499870777129 -1.1549999713897703 49.500000000000007 6.5499999523162851
decision_type=2 2 2 2 2 2 2 2 2 2 2 2 2 2 2 2 2 2 2 2 2 2 2 2 2 2 2 2 2 2
left_child=8 6 3 13 5 -4 7 17 19 10 -10 18 -13 -3 -11 16 -16 -2 -12 20 24 23 -23 -22 -1 -26 29 28 -28 -21
right_child=1 2 4 -5 -6 -7 -8 -9 9 14 11 12 -14 -15 15 -17 -18 -19 -20 26 21 22 -24 -25 25 -27 27 -29 -30 -31
leaf_value=0.017895215994721703 -0.017859679678549414 0.0059667965736216553 0.013409579197565717 0.13008720827229478 0.0059667965736216553 0.14043507661138263 0.0059667965736216553 -0.0038105459975755736 0.031998513304994855 -0.0081487827543770108 -0.095001360861694112 -0.025678549524758676 0.0084227752044897849 0.055205274587390066 -0.036140563819047081 -0.036140563819047081 -0.13791828979464138 -0.058700126084558518 -0.028704869102487554 -0.016808963608020894 -0.015263405001125824 -0.42020507913369393 0.0071894814570744835 0.017895215994721703 0.052693817475677057 0.13696949131510877 0.0028970591074311382 -0.0035671402282982929 0.024860732585378499 1.6212487302042146e-05
leaf_weight=85 217 101 30 47 523 28 210 389 122 62 34 319 194 87 13.999999999999998 33 34 94 73 770 1563 13.000000000000002 14.999999999999998 333 42 54 2406 2706 1102 6293
leaf_count=66 103 52 10 33 313 11 83 194 81 61 28 140 89 41 13 25 33 44 57 314 756 13 9 196 21 31 2337 1822 599 2449
internal_value=-0.000178201 0.0053582 0.0171416 0.0484904 0.0059668 0.0747322 -0.00520803 -0.0135879 -0.000765638 -0.0126452 -0.00740029 -0.015153 -0.00800984 0.0280912 -0.0398598 -0.0641323 -0.101906 -0.0302037 -0.0493999 -8.21522e-05 -0.00624084 -0.0112536 -0.191244 -0.00859552 0.047044 0.0874924 0.000894275 0.00397718 0.00979671 -0.00181805
internal_weight=17993 1726 816 235 581 58 910 700 16267 885 742 620 513 188 143 81 48 311 107 15382 2105 1924 28 1896 181 96 13277 6214 3508 7063
internal_count=10024 884 460 126 334 21 424 341 9140 527 395 314 229 93 132 71 46 147 85 8613 1092 974 22 952 118 52 7521 4758 2936 2763
is_linear=0
shrinkage=0.05


Tree=218
num_leaves=15
num_cat=0
split_feature=7 29 7 0 4 27 3 4 7 10 12 4 7 5
split_gain=25.1632 26.6074 74.3426 23.4066 22.7238 73.1796 52.5068 47.3632 101.045 38.5392 33.1925 20.195 20.1037 1.23928
threshold=1027.850036621094 23.050000190734867 1023.1499938964845 16.050000190734867 1.685000002384186 5.0499999523162851 208.50000000000003 1.3550000190734866 1021.2500000000001 -0.91595000028610218 -0.56175000965595234 -1.0549999475479124 1020.3500061035157 1.0000000180025095e-35
decision_type=2 2 2 2 2 2 2 2 2 2 2 2 2 2
left_child=1 3 11 12 7 6 -6 9 -9 -5 -7 -3 -1 -14
right_child=-2 2 -4 4 5 10 -8 8 -10 -11 -12 -13 13 -15
leaf_value=-0.096869220430116088 -0.044460955557588028 0.056893232859232847 0.1012412034548246 -0.0065269569304458198 0.0041465932096621241 0.0041465932096621241 -0.015782210534261924 -0.020046707381121211 0.0088849227100208008 0.00090743295152343351 0.012972504442031234 0.012972504442031234 -0.020046707381121211 -0.037250293597268565
leaf_weight=10.999999999999998 32 34 26 2008 401 179 509 511 370 13220 630 36 14.000000000000002 11.999999999999998
leaf_count=10 19 13 13 1044 179 111 245 303 220 7483 342 16 14 12
internal_value=-0.000162171 -8.32464e-05 0.0261693 -0.000224318 -0.000141869 0.0053227 -0.00467932 -0.000724996 -0.0119967 -7.28832e-05 0.0129725 0.0129725 -0.0399515 -0.0200467
internal_weight=17993 17961 96 17865 17828 1719 910 16109 881 15228 809 70 37 26
internal_count=10024 10005 42 9963 9927 877 424 9050 523 8527 453 29 36 26
is_linear=0
shrinkage=0.05


Tree=219
num_leaves=29
num_cat=0
split_feature=23 17 10 1 11 9 10 28 29 28 9 27 5 28 10 4 1 5 28 5 24 23 10 28 3 3 0 4
split_gain=23.2736 33.7182 22.7601 101.375 146.101 88.1293 42.0266 132.414 103.777 80.7995 101.583 58.1855 71.6414 65.5117 46.5625 41.3791 35.6195 33.1609 32.6039 86.4753 53.1975 40.659 30.9859 39.5359 28.3325 17.5765 12.6213 5.21316
threshold=137.00000000000003 0.11950000002980234 0.91595000028610241 82.500000000000014 -0.60784998536109913 1.0000000180025095e-35 0.60354998707771312 33.500000000000007 11.449999809265138 85.500000000000014 -0.6035499870777129 13.650000095367433 -0.044999999925494187 26.500000000000004 -0.91595000028610218 1.1549999713897707 89.500000000000014 -4.5950000286102286 49.500000000000007 -0.79500001668930043 149.58499908447268 33.500000000000007 0.98295000195503246 63.500000000000007 2.5000000000000004 345.50000000000006 23.050000190734867 -1.0549999475479124
decision_type=2 2 2 2 2 2 2 2 2 2 2 2 2 2 2 2 2 2 2 2 2 2 2 2 2 2 2 2
left_child=2 -2 6 4 5 17 11 8 16 10 -9 13 26 15 -15 -1 -8 -4 19 21 -21 -5 24 -24 -6 -3 -13 -7
right_child=1 25 3 18 22 27 7 9 -10 -11 -12 12 -14 14 -16 -17 -18 -19 -20 20 -22 -23 23 -25 -26 -27 -28 -29
leaf_value=-0.032336712111784537 0.01212391590951788 0.084530702004065886 -0.15220456719398501 -0.036351886155704657 -0.064786838491757717 -0.017265179380774497 -0.10253051758715602 -0.022167293523169318 -0.023807605181053751 0.01212391590951788 0.0010401626221361671 0.0041944865857167458 0.01212391590951788 -0.0073485542148541919 0.0007997789886417594 -0.14097278326749804 -0.05081049769073407 -0.064631233727474008 0.01212391590951788 0.0054872470993136344 -0.068458411074243483 0.0054872470993136344 -0.032829202217890804 0.01212391590951788 0.01212391590951788 0.033138233667968538 0.01212391590951788 0.01212391590951788
leaf_weight=71 39 26 11.999999999999998 60 11.999999999999998 15.999999999999998 66 696 95 125 1462 1127 284 2127 9977 9.9999999999999982 54 109 518 21 68 365 103 45 295 30 150 30
leaf_count=71 13 11 12 60 10 8 66 377 95 44 1010 1101 216 1027 4616 10 54 72 271 21 68 365 90 19 211 10 78 18
internal_value=-0.000151878 0.0245307 -0.000282889 0.00530482 -0.0109218 -0.0509208 -0.000851842 -0.00681777 -0.0443301 -0.00328506 -0.00644473 0.000232318 0.00932099 -0.000932016 -0.000632103 -0.0457486 -0.0778134 -0.0733162 0.0121239 -0.00114942 -0.0463148 0.00548725 0.00375913 -0.0150518 0.0121239 0.0541526 0.00419449 0.00798872
internal_weight=17993 95 17898 1654 622 167 16244 2498 215 2283 2158 13746 1561 12185 12104 81 120 121 1032 514 89 425 455 148 307 56 1277 46
internal_count=10024 34 9990 1225 440 110 8765 1646 215 1431 1387 7119 1395 5724 5643 81 120 84 785 514 89 425 330 109 221 21 1179 26
is_linear=0
shrinkage=0.05


Tree=220
num_leaves=18
num_cat=0
split_feature=28 0 18 7 2 7 23 7 17 5 17 20 6 2 7 25 4
split_gain=35.2797 58.2159 30.2606 29.1474 52.1639 37.7834 74.3382 38.3602 88.7676 43.6384 30.5544 26.5545 19.2244 10.2679 6.95058 3.85 1.9012
threshold=134.00000000000003 26.94999980926514 0.84999999403953563 1024.850036621094 3.3199999332427983 1023.9500122070314 61.500000000000007 1023.5499877929689 0.11450000107288362 3.4050000905990605 0.11150000244379045 6.5499999523162851 947.50000000000011 1.794999957084656 1025.1499633789065 7.2500000000000009 -0.96500000357627858
decision_type=2 2 2 2 2 2 2 2 2 2 2 2 2 2 2 2 2
left_child=2 13 15 5 11 7 -7 9 -9 -4 14 16 -8 -2 -6 -1 -5
right_child=1 -3 3 4 10 6 12 8 -10 -11 -12 -13 -14 -15 -16 -17 -18
leaf_value=-0.05574975989081643 0.047516690740982692 0.091036916395713541 -0.00097386687424628386 0.0093707696263741428 -0.0082241737953117015 -0.020201598068777346 0.012772552938836199 -0.018553255416565773 0.014988288774594342 0.0060906442273676439 0.0037532504781539432 0.014988288774594342 -0.0080681341040524067 0.014988288774594342 -0.020201598068777346 -0.026169378107244318 0.0037532504781539432
leaf_weight=22 30 29 13221 103 55 306 252 198 175 2619 127 450 165 46 148 22 101
leaf_count=11 10 10 7727 44 21 212 145 120 100 1082 50 307 73 17 68 11 63
internal_value=0.000623597 0.0295219 0.000454686 0.000556373 0.0089222 7.03094e-05 -0.0111132 0.000569025 0.0149883 0.000194186 -0.00748179 0.0149883 0.00406533 0.0149883 -0.0202016 -0.0409596 0.00375325
internal_weight=18069 105 17964 17920 984 16936 723 16213 373 15840 330 654 417 76 203 44 204
internal_count=10071 37 10034 10012 553 9459 430 9029 220 8809 139 414 218 27 89 22 107
is_linear=0
shrinkage=0.05


Tree=221
num_leaves=26
num_cat=0
split_feature=28 0 7 5 12 5 10 6 7 10 7 24 10 28 10 10 2 5 2 5 18 7 2 2 24
split_gain=30.0038 53.6472 27.4529 92.6417 55.8623 49.3266 30.0925 30.9862 29.9243 70.2821 60.0834 80.9284 63.7482 59.5216 47.1545 82.2653 58.9612 38.0293 20.1474 16.655 16.2806 14.1821 10.5173 9.1745 0.527504
threshold=134.00000000000003 26.94999980926514 1011.6499938964845 -1.2450000047683714 1.0000000180025095e-35 -2.6850000619888301 1.0000000180025095e-35 337.50000000000006 1013.2500000000001 0.98295000195503246 1014.6499938964845 1059.5850219726565 0.3793999999761582 28.500000000000004 1.0000000180025095e-35 0.3793999999761582 5.8199999332427987 -1.9350000023841856 3.0699999332427983 -2.4550000429153438 1.9499999880790713 1010.3500061035157 0.93000000715255748 1.794999957084656 867.08499145507824
decision_type=2 2 2 2 2 2 2 2 2 2 2 2 2 2 2 2 2 2 2 2 2 2 2 2 2
left_child=2 23 3 4 6 24 21 -8 9 13 11 12 -10 22 16 -16 -12 -13 -11 -7 -15 -1 -4 -2 -6
right_child=1 -3 8 -5 5 19 7 -9 10 18 14 17 -14 20 15 -17 -18 -19 -20 -21 -22 -23 -24 -25 -26
leaf_value=-0.032996418078740437 0.04514085767169794 0.086485064903209952 -0.010878264577377388 -0.088069927940766013 0.013854673020302433 -0.059498367990766257 -0.011728489141051587 -0.063167051637350632 0.0021293657902845351 -0.016904528845440255 8.9490630689285423e-05 -0.03380948454141617 -0.021109630800403505 -0.010878264577377388 0.013854673020302433 0.0017559532645586703 -0.0162614660504692 -0.10316546857357026 -0.10480777025222779 -0.0083868329589431353 0.013854673020302433 0.0055609862731639736 -0.052912661743660772 0.013854673020302433 0.0008333433649944837
leaf_weight=33 30 29 25 36 115 28 52 67 892 11.000000000000002 8623 112 441 30 1176 4761 589 24 15.999999999999998 37 675 86 36 46 99
leaf_count=11 10 10 25 18 50 11 22 31 434 10 4519 41 264 10 662 3197 247 10 16 15 341 30 36 17 34
internal_value=0.000607527 0.0272576 0.000451757 -0.0105158 -0.00511556 0.0100644 -0.0229105 -0.0406897 0.000800105 0.0102892 0.000347294 -0.00930741 -0.00555885 0.0130838 0.00128351 0.00475834 -0.000955962 -0.0460488 -0.0689953 -0.0304041 0.0138547 -0.0051314 -0.0356112 0.0138547 0.0138547
internal_weight=18069 105 17964 553 517 279 238 119 17411 793 16618 1469 1333 766 15149 5937 9212 136 27 65 705 119 61 76 214
internal_count=10071 37 10034 222 204 110 94 53 9812 438 9374 749 698 412 8625 3859 4766 51 26 26 351 41 61 27 84
is_linear=0
shrinkage=0.05


Tree=222
num_leaves=21
num_cat=0
split_feature=18 8 9 24 28 7 1 4 5 26 5 4 1 29 7 4 5 11 7 23
split_gain=27.5498 26.7153 28.0351 86.0623 125.208 57.1092 43.8719 101.781 129.104 116.066 71.8026 60.5165 43.4994 31.1751 23.5732 12.8977 5.41497 4.09251 3.59268 0.82871
threshold=0.84999999403953563 838.50000000000011 -1.0000000180025095e-35 768.75000000000011 55.500000000000007 1018.7500000000001 74.500000000000014 -2.7749999761581416 -1.8450000286102293 12.550000190734865 -5.1150000095367423 -0.88499999046325672 79.500000000000014 6.4500000476837167 1020.1499938964845 -1.3550000190734861 -4.629999876022338 -1.0000000180025095e-35 1024.2500000000002 48.500000000000007
decision_type=2 2 2 2 2 2 2 2 2 2 2 2 2 2 2 2 2 2 2 2
left_child=17 2 6 4 5 -4 10 9 -9 -8 13 -12 18 -2 -14 -3 -17 -1 -5 -6
right_child=1 15 3 12 19 -7 7 8 -10 -11 11 -13 14 -15 -16 16 -18 -19 -20 -21
leaf_value=-0.055620403736829763 -0.019109823840802703 0.04820135235786438 0.0058244135437066722 -0.019109823840802703 0.0058244135437066722 -0.0045577168975618216 -0.019109823840802703 0.0074247506180674661 -0.017322924606395947 0.011450358015531736 -0.0011971607266862676 0.0089285517511109858 -0.0045577168975618216 0.011450358015531736 -0.019109823840802703 0.030388463613314504 0.011450358015531736 -0.024995782102147739 -0.0045577168975618216 0.011450358015531736
leaf_weight=20 232 36 2297 302 903 2613 279 720 1966 828 4136 2294 153 63 171 39 66 24 76 851
leaf_count=10 87 12 2094 148 414 2222 129 515 974 359 1556 902 83 27 78 13 22 12 38 376
internal_value=0.000599956 0.000696417 0.000525498 0.00289109 0.00464522 0.000198469 -0.00113118 -0.00543101 -0.0106891 0.00732721 0.00129399 0.00241534 -0.0137606 -0.0191098 -0.00455772 0.0223752 0.0135205 -0.0389161 -0.0191098 0.0114504
internal_weight=18069 18025 17884 7366 6664 4910 10518 3793 2686 1107 6725 6430 702 295 324 141 105 44 378 1754
internal_count=10071 10049 10002 5453 5106 4316 4549 1977 1489 488 2572 2458 347 114 161 47 35 22 186 790
is_linear=0
shrinkage=0.05


Tree=223
num_leaves=31
num_cat=0
split_feature=5 2 11 5 1 3 5 7 24 25 28 5 7 1 23 6 11 11 6 2 25 10 18 23 25 3 29 1 0 6
split_gain=26.188 36.2815 56.1301 93.9305 115.224 170.899 44.2688 212.545 178.506 141.243 60.4143 53.6872 55.1161 61.5472 49.0898 55.2761 46.6404 46.3753 43.0271 48.3086 28.4594 27.0351 22.2453 21.8431 10.2417 7.83559 6.92574 2.75627 2.13918 1.68832
threshold=6.3849999904632577 5.430000066757203 -1.0000000180025095e-35 5.3550000190734872 71.500000000000014 200.50000000000003 3.7050000429153447 1019.4500122070314 202.91500091552737 9.9499998092651385 100.50000000000001 -3.3049999475479122 1024.6499633789065 64.500000000000014 82.500000000000014 1122.5000000000002 -1.0000000180025095e-35 -0.60784998536109913 1042.5000000000002 5.9849998950958261 10.84999990463257 0.78654998540878307 4.9500000476837167 31.500000000000004 5.0499999523162851 191.50000000000003 5.3500001430511483 62.500000000000007 22.550000190734867 837.50000000000011
decision_type=2 2 2 2 2 2 2 2 2 2 2 2 2 2 2 2 2 2 2 2 2 2 2 2 2 2 2 2 2 2
left_child=1 6 3 18 -5 -6 11 8 -8 -10 21 14 17 -14 16 -16 -1 -13 26 -20 25 -9 -12 24 -4 27 -3 -2 -27 -26
right_child=20 2 23 4 5 -7 7 10 9 -11 22 12 13 -15 15 -17 -18 -19 19 -21 -22 -23 -24 -25 29 28 -28 -29 -30 -31
leaf_value=-0.0025038536615547748 -0.012605327830339472 -0.018259152151503654 -0.060763479498299688 -0.0025038536615547748 -0.10530811332520984 -0.0025038536615547748 0.50353693962097168 -0.0025038536615547748 0.0072844772908156139 0.054531322007458062 0.021673761134341139 0.0032422884007622384 -0.0025038536615547748 0.020553930340975059 0.0328124032781014 0.010921109666379131 0.0095616619970496277 -0.0025038536615547748 -0.018720711583734635 -0.086997282505035411 0.061603989203770963 0.021673761134341139 0.072825508647494847 -0.0025038536615547748 -0.017255463097101156 0.015976712810383601 -0.0025038536615547748 0.0067931089550256731 0.034534083803494771 -0.032615377902984626
leaf_weight=1167 30 106 22 54 105 40 1.9999999999999989 954 323 310 30 3513 374 576 368 237 1313 6693 76 32 33 139 36 1108 34 44 259 47 24 20
leaf_count=828 13 38 12 18 37 20 1 390 150 105 10 1886 175 396 128 79 893 4079 27 13 11 60 12 489 17 22 121 18 13 10
internal_value=0.000612101 0.000422236 -0.00619598 -0.0182031 -0.047023 -0.0711091 0.00118827 0.00859017 0.0319129 0.0304227 -0.00250385 0.000255824 -0.00135857 0.0101606 0.00609379 0.0188637 0.00297856 -0.0024308 -0.00607804 -0.0349376 0.0196957 -0.00250385 0.0458514 -0.00250385 -0.0320071 0.010158 -0.00250385 -0.000764724 0.0225264 -0.0202915
internal_weight=18069 17891 1856 672 199 145 16035 1794 635 633 1159 14241 11156 950 3085 605 2480 10206 473 108 178 1093 66 1184 76 145 365 77 68 54
internal_count=10071 9994 802 274 75 57 9192 728 256 255 472 8464 6536 571 1928 207 1721 5965 199 40 77 450 22 528 39 66 159 31 35 27
is_linear=0
shrinkage=0.05


Tree=224
num_leaves=27
num_cat=0
split_feature=28 1 2 7 8 1 7 23 24 9 5 3 28 9 18 4 11 5 26 2 18 10 7 10 1 29
split_gain=26.639 72.5854 48.3243 42.1181 67.5209 97.8629 91.9621 69.8292 68.2327 61.6348 55.4348 66.4704 74.4348 50.698 64.5795 52.5514 50.0905 40.0177 67.2709 35.7105 34.5013 24.0088 23.7524 13.3318 5.73032 2.60558
threshold=115.00000000000001 52.500000000000007 1.6549999713897707 1014.6499938964845 401.50000000000006 78.500000000000014 1013.5499877929689 86.500000000000014 877.08499145507824 -0.98295000195503224 6.0450000762939462 50.500000000000007 78.500000000000014 -0.91595000028610218 1.0500000119209292 -4.1249999999999991 -0.60784998536109913 0.75499999523162853 10.250000000000002 5.8199999332427987 2.5499999523162846 0.98295000195503246 1018.5499877929689 -0.6035499870777129 46.500000000000007 4.5499999523162851
decision_type=2 2 2 2 2 2 2 2 2 2 2 2 2 2 2 2 2 2 2 2 2 2 2 2 2 2
left_child=3 -2 -3 4 5 6 8 -8 -1 10 11 12 -5 15 -15 19 -16 21 -19 -11 25 -7 -13 -4 -22 -6
right_child=1 2 23 9 20 17 7 -9 -10 13 -12 22 -14 14 16 -17 -18 18 -20 -21 24 -23 -24 -25 -26 -27
leaf_value=-0.0041104780323016222 0.070029065370559695 0.067859525165774606 0.037443495953836531 -0.069628328645930576 -0.0041104780323016222 -0.0041104780323016222 -0.065619861157167531 -0.0041104780323016222 -0.044903400135040288 -0.01342600358544084 -0.066364083670907556 0.0070274667418984624 -0.0032613222027153134 -0.063389488109029266 0.0063110898994257914 0.0070274667418984624 -0.00081438856157410036 -0.056810969357587851 -0.0041104780323016222 -0.072719429992139345 0.0014584943547984203 -0.065279846941983258 -0.009279525068142681 0.0070274667418984624 0.0070274667418984624 0.0014584943547984203
leaf_weight=274 50 33 36 85 99 774 189 24 125 123 45 204 84 39 3340 1342 9430 98 41 32 153 27 353 250 558 261
leaf_count=134 17 11 12 39 33 577 94 8 49 47 18 73 28 19 1865 532 5833 73 20 13 51 27 134 85 192 87
internal_value=0.000517843 0.0138143 0.00702747 0.000240646 -0.00560694 -0.012271 -0.0279568 -0.0544842 -0.0137955 0.00125797 -0.0125128 -0.00917489 -0.0366412 0.00200012 0.000853085 0.00702747 0.00104928 -0.00411048 -0.031464 -0.0256672 0.00405004 -0.00411048 -0.000841309 0.00702747 0.00702747 -0.00411048
internal_weight=18069 369 319 17700 2623 1552 612 213 399 15077 771 726 169 14306 12809 1497 12770 940 139 155 1071 801 557 286 711 360
internal_count=10071 125 108 9946 1345 982 285 102 183 8601 292 274 67 8309 7717 592 7698 697 93 60 363 604 207 97 243 120
is_linear=0
shrinkage=0.05


Tree=225
num_leaves=27
num_cat=0
split_feature=17 4 9 24 0 11 12 18 3 1 26 28 4 7 11 24 3 7 9 7 12 4 28 24 28 2
split_gain=26.3119 25.339 70.9046 228.252 77.8887 101.971 66.167 53.8727 48.4419 43.3328 29.2324 32.8135 25.9727 78.8323 92.4417 94.2995 60.1971 27.5412 24.9836 168.68 233.032 90.4865 82.1073 82.3145 22.5724 19.9156
threshold=0.088500000536441817 1.685000002384186 0.60354998707771312 307.08500671386724 21.44999980926514 -0.60784998536109913 0.81174999475479137 3.4500000476837163 205.50000000000003 78.500000000000014 8.0500001907348651 53.500000000000007 1.3949999809265139 1021.2500000000001 0.60784998536109935 161.25000000000003 304.50000000000006 1021.8500061035157 0.60354998707771312 1018.7500000000001 0.81174999475479137 -1.0549999475479124 22.500000000000004 42.915000915527351 43.500000000000007 4.4849998950958261
decision_type=2 2 2 2 2 2 2 2 2 2 2 2 2 2 2 2 2 2 2 2 2 2 2 2 2 2
left_child=-1 12 3 9 10 -6 7 -5 -7 -3 -4 -12 18 14 15 -14 17 -15 22 20 -20 -21 -2 -24 -16 -8
right_child=1 2 4 6 5 8 25 -9 -10 -11 11 -13 13 16 24 -17 -18 -19 19 21 -22 -23 23 -25 -26 -27
leaf_value=-0.054179028557105505 -0.026821984371905128 0.17067071665888248 -0.026821984371905128 -0.0067813980764498006 0.12439804772535962 0.073842055896917988 0.0068564815845872686 0.026435936835054082 0.010294198217315663 0.076454479476580253 -0.016731451107632044 0.001066684391155789 0.047132788333627912 0.044934842207540689 -0.0043068273738026616 -0.026821984371905128 -0.026821984371905128 0.0085467095544131903 0.012369172897089291 0.056276123956949621 0.097319072887472727 -0.0097653903626579372 0.049257451615163261 -0.00040128231540349389 0.061943336824576062 -0.023409557768276759
leaf_weight=22 142 23 96 163 24 30 84 486 70 26 138 447 45 65 20 337 20 260 1120 54 87 1313 84 12739 36 154
leaf_count=11 142 14 49 73 15 13 40 223 35 19 124 212 37 36 20 185 19 148 1090 45 70 1094 60 6216 19 72
internal_value=0.000468501 0.00053506 0.00626905 0.0156267 -0.00461142 0.0318364 0.00982342 0.0180932 0.0102942 0.120678 -0.011248 -0.00664092 -7.65612e-05 -0.00896187 -0.0230422 -0.026822 0.00891406 0.0158243 0.000371163 0.0048707 0.0184923 -0.00715658 -0.00052215 -7.59814e-05 0.0382826 -0.0127274
internal_weight=18085 18063 1741 936 805 124 887 649 100 49 681 585 16322 783 438 382 345 325 15539 2574 1207 1367 12965 12823 56 238
internal_count=10081 10070 889 441 448 63 408 296 48 33 385 336 9181 464 261 222 203 184 8717 2299 1160 1139 6418 6276 39 112
is_linear=0
shrinkage=0.05


Tree=226
num_leaves=31
num_cat=0
split_feature=10 23 1 11 4 7 10 4 9 1 7 4 10 28 7 28 12 5 5 7 24 4 10 7 4 3 3 24 23 9
split_gain=25.4951 129.915 86.333 145.722 106.531 86.1168 75.7889 161.196 75.664 74.6165 52.7183 41.8425 40.0385 151.241 179.41 151.202 146.26 133.543 191.388 96.8949 77.633 76.3431 45.2566 130.793 91.7668 250.644 120.725 67.469 59.2999 57.2694
threshold=0.91595000028610241 77.500000000000014 82.500000000000014 -0.60784998536109913 -1.2150000333786009 1015.8500061035157 0.98295000195503246 0.18500000238418582 1.0000000180025095e-35 78.500000000000014 1022.2500000000001 1.7150000333786013 0.60354998707771312 85.500000000000014 1020.2500000000001 39.500000000000007 1.0000000180025095e-35 3.7549999952316289 -1.705000042915344 1019.8500061035157 903.75000000000011 -0.27500000596046442 1.0000000180025095e-35 1013.9500122070314 -0.085000000894069658 166.50000000000003 192.50000000000003 271.25000000000006 88.500000000000014 0.78654998540878307
decision_type=2 2 2 2 2 2 2 2 2 2 2 2 2 2 2 2 2 2 2 2 2 2 2 2 2 2 2 2 2 2
left_child=12 2 3 5 -4 8 10 -8 -2 -5 -6 -11 22 14 17 16 -16 18 -14 -19 -17 -15 29 27 25 -25 -26 -24 -29 -1
right_child=1 -3 4 9 6 -7 7 -9 -10 11 -12 -13 13 21 15 20 -18 19 -20 -21 -22 -23 23 24 26 -27 -28 28 -30 -31
leaf_value=0.00082087339492885986 -0.11737959682941437 0.10451267551292072 0.054411912827002473 0.023131073805131786 -0.0094586547943735569 -0.017394766550352599 -0.0104372925587556 0.054411912827002473 -0.0045993541181087493 -0.024914457236699175 0.027073177669909066 0.054411912827002473 -0.010572661117283685 0.123906426017101 -0.011299826894888039 0.019455303081035144 -0.11204850052265412 0.019455303081035144 -0.050547421281659448 -0.066184549033641821 -0.011215254381574967 0.027633203763627646 0.058782030095656718 0.01358424666516992 -0.023744703855662221 0.089595771982179329 0.011389955659086329 -0.026003663414335888 0.013768786574021363 -0.0096037844886647395
leaf_weight=9260 58 33 100 243 501 94 147 162 20 178 123 11.999999999999998 825 26 101 611 47 108 470 34 216 99 30 1127 339 120 877 471 117 1536
leaf_count=4207 44 14 68 171 412 56 127 109 13 138 82 7 627 11 101 361 47 52 304 17 118 33 23 589 158 45 636 217 39 1255
internal_value=0.000406197 0.00629 0.00431115 -0.0106882 0.0130959 -0.0496227 0.00777044 0.0280214 -0.0884616 0.00477765 -0.00225767 -0.0186954 -0.000192793 -0.00596829 -0.00874743 0.00780762 -0.0387369 -0.01998 -0.0250809 0.0194553 0.0161372 0.047658 0.000863085 0.0062081 0.0113684 0.0208989 0.00159501 -0.0143581 -0.0180898 -0.000662294
internal_weight=18085 1671 1638 605 1033 172 933 309 78 433 624 190 16414 2537 2412 975 148 1437 1295 142 827 125 13877 3081 2463 1247 1216 618 588 10796
internal_count=10081 1241 1227 429 798 113 730 236 57 316 494 145 8840 1671 1627 627 148 1000 931 69 479 44 7169 1707 1428 634 794 279 256 5462
is_linear=0
shrinkage=0.05


Tree=227
num_leaves=30
num_cat=0
split_feature=0 18 4 27 5 9 9 0 20 8 2 4 7 24 3 28 7 4 4 28 7 24 23 4 6 28 9 12 6
split_gain=23.9571 26.3967 23.9216 64.5895 71.8224 127.829 67.1931 51.3781 49.8738 43.6212 92.1669 25.7454 71.0458 61.6812 136.251 48.7111 45.1315 30.5566 63.2632 67.4157 51.3159 95.6755 58.6569 49.841 14.5102 12.9534 4.80396 4.37287 0.177
threshold=16.050000190734867 6.6499998569488534 1.685000002384186 5.0499999523162851 3.4050000905990605 -1.0000000180025095e-35 0.3793999999761582 21.44999980926514 7.5499999523162851 70.500000000000014 3.7350000143051152 1.3949999809265139 1021.2500000000001 161.25000000000003 256.50000000000006 38.500000000000007 1021.8500061035157 0.66500002145767223 0.34499999880790716 104.50000000000001 1021.5499877929689 235.41500091552737 58.500000000000007 0.25499999523162847 902.50000000000011 68.500000000000014 -0.78654998540878285 1.0000000180025095e-35 697.50000000000011
decision_type=2 2 2 2 2 2 2 2 2 2 2 2 2 2 2 2 2 2 2 2 2 2 2 2 2 2 2 2 2
left_child=1 -1 11 7 9 -6 -7 8 28 25 -11 17 13 14 -13 27 -17 18 23 -20 21 -19 -22 -2 -10 -5 -15 -14 -4
right_child=2 -3 3 4 5 6 -8 -9 24 10 -12 12 15 26 -16 16 -18 20 19 -21 22 -23 -24 -25 -26 -27 -28 -29 -30
leaf_value=-0.093121551151076953 3.3788516093063117e-05 -0.019638813394674479 -0.010728022818293719 0.0068748830002413261 0.0068748830002413261 0.10384408909766402 0.041166168310308275 0.0068748830002413261 -0.0018172322419129612 0.112327961360707 0.025179262544048966 0.15403179857465957 -0.0011766663611067888 0.0087256418192865892 0.0087256418192865892 0.057973844476721506 0.0075556545453551024 0.023202460998811486 -0.012225720947328048 0.04992410818735759 -0.018771774022550852 -0.00049021244017042654 0.009502259967034344 0.018588253134615065 -0.010728022818293719 0.025179262544048966 -0.019638813394674479 -0.019638813394674479 -0.019638813394674479
leaf_weight=14.999999999999998 11219 22 35 379 97 61 143 222 341 34 49 18 27 42 31 55 230 776 1437 45 393 945 344 374 76 33 346 32 264
leaf_count=14 5796 22 16 257 44 29 69 87 170 15 17 11 27 20 30 26 117 654 974 15 315 523 194 230 38 15 199 32 125
internal_value=0.000416072 -0.0397761 0.000498469 0.00608197 0.0165574 0.0359344 0.0599081 -0.00280762 -0.0105093 0.00687488 0.0434836 -9.49955e-05 -0.00895312 -0.0196388 0.0370901 0.00821004 0.0172855 0.000350392 -0.000611143 -0.0103386 0.00546515 0.0101928 -0.00557467 0.000632371 -0.00181723 0.00687488 -0.0196388 -0.0196388 -0.0196388
internal_weight=18085 37 18048 1734 796 301 204 938 716 495 83 16314 781 437 49 344 285 15533 13075 1482 2458 1721 737 11593 417 412 388 59 299
internal_count=10081 36 10045 882 446 142 98 436 349 304 32 9163 462 260 41 202 143 8701 7015 989 1686 1177 509 6026 208 272 219 59 141
is_linear=0
shrinkage=0.05


Tree=228
num_leaves=25
num_cat=0
split_feature=19 10 23 1 1 28 11 1 28 10 28 7 28 5 4 5 1 11 5 28 10 7 7 7
split_gain=23.7846 23.2518 117.1 79.7782 146.063 73.2127 67.3913 71.0458 41.4738 34.2492 135.752 163.488 128.566 127.499 68.82 41.564 96.0832 93.9355 58.657 102.105 47.1786 46.2956 38.6545 27.7928
threshold=0.53299999237060558 0.91595000028610241 77.500000000000014 89.500000000000014 92.500000000000014 50.500000000000007 1.0000000180025095e-35 82.500000000000014 66.500000000000014 0.60354998707771312 85.500000000000014 1020.2500000000001 39.500000000000007 -4.4349999427795401 -0.27500000596046442 4.8949999809265146 70.500000000000014 0.87834998965263378 4.6649999618530282 99.500000000000014 1.0000000180025095e-35 1018.6499938964845 1018.6499938964845 1018.4500122070314
decision_type=2 2 2 2 2 2 2 2 2 2 2 2 2 2 2 2 2 2 2 2 2 2 2 2
left_child=-1 9 3 6 23 -6 7 -3 -8 15 11 13 -13 -11 -12 18 21 -18 20 -20 -2 -17 -16 -5
right_child=1 2 -4 4 5 -7 8 -9 -10 10 14 12 -14 -15 22 16 17 -19 19 -21 -22 -23 -24 -25
leaf_value=-0.051597150068052794 -0.00058052052875992046 -0.025587102845433751 0.099294209299665509 0.006398943641825635 -0.025587102845433751 0.025511778783725781 0.00659874552466835 0.0025293810374594624 0.04656511828114715 0.013220662049510902 0.11770941317081451 -0.025587102845433751 0.015563503557989576 -0.025587102845433751 0.018595741599071524 -0.017068380963007938 -0.025587102845433751 0.047542987924746496 0.013186673230295693 0.10633800896731289 0.0067671221329106109 0.01586257965216966 0.064810069650411611 0.051728535174112501
leaf_weight=22 9721 353 33 34 91 90 364 457 79 255 26 148 827 1182 51 151 453 44 271 33 2818 364 48 170
leaf_count=11 5037 254 14 24 91 38 316 343 37 189 11 148 479 811 17 54 185 23 105 11 1600 143 16 124
internal_value=0.000359663 0.000422944 0.00604158 0.00416286 0.0240696 -0.00864277 -0.00195374 -0.0105292 0.0137259 -0.000149819 -0.00549082 -0.0081238 0.00767957 -0.0188463 0.0453153 0.000828175 -0.00892775 -0.0246107 0.00159692 0.0232985 0.00107078 0.00620709 0.0263027 0.0517285
internal_weight=18085 18063 1671 1638 385 181 1253 810 443 16392 2537 2412 975 1437 125 13855 1012 497 12843 304 12539 515 99 204
internal_count=10081 10070 1241 1227 277 129 950 597 353 8829 1671 1627 627 1000 44 7158 405 208 6753 116 6637 197 33 148
is_linear=0
shrinkage=0.05


Tree=229
num_leaves=31
num_cat=0
split_feature=9 23 1 25 24 5 7 9 26 28 27 8 11 23 2 7 26 5 28 12 5 7 5 5 28 5 28 18 1 5
split_gain=23.0577 30.477 47.6096 46.6639 42.8951 43.9185 65.8649 36.0482 84.6421 76.0752 102.37 68.2319 33.9468 104.567 95.3987 43.8158 174.166 22.7413 38.0392 24.7221 41.7475 42.1876 27.9088 28.9972 23.502 16.2216 15.2321 23.6037 14.3266 0.759776
threshold=0.98295000195503246 32.500000000000007 92.500000000000014 4.5499999523162851 114.58499908447267 -2.3449999094009395 1020.3500061035157 -1.0000000180025095e-35 29.85000038146973 68.500000000000014 4.7500000000000009 394.50000000000006 1.0000000180025095e-35 66.500000000000014 3.2949999570846562 1023.5499877929689 15.34999990463257 4.5850000381469735 69.500000000000014 0.81174999475479137 1.6800000071525576 1018.9500122070314 0.64499998092651378 -0.23499999940395352 35.500000000000007 -2.3449999094009395 25.500000000000004 18.94999980926514 75.500000000000014 -4.4349999427795401
decision_type=2 2 2 2 2 2 2 2 2 2 2 2 2 2 2 2 2 2 2 2 2 2 2 2 2 2 2 2 2 2
left_child=1 2 3 -1 -4 -6 -7 12 9 11 -11 -9 15 29 -15 25 -17 18 19 20 24 -22 23 -21 -2 -3 27 -5 -10 -14
right_child=17 7 4 26 5 6 -8 8 28 10 -12 -13 13 14 -16 16 -18 -19 -20 22 21 -23 -24 -25 -26 -27 -28 -29 -30 -31
leaf_value=-0.070051899767265877 0.0032510583484169058 0.0028939260398136699 -0.0025815546871893256 -0.031079460094585572 -0.015641687860519945 -0.062226624192760122 -0.015641687860519945 -0.00047249902492152175 0.099363309641679137 0.012529698271189488 0.038488643654245071 0.012529698271189488 0.0032752151516689991 0.024351416921146087 0.0034294564682494605 -0.0025815546871893256 0.056875887022864439 -0.034939787099854305 0.064077920729623122 0.027852739870548249 -0.085176371986215763 -0.005932917935170339 0.036684875762114239 -0.060082438240448635 0.032076025973497471 -0.0025815546871893256 -0.0025815546871893256 -0.0081500892408436151 0.042064283117651945 -0.0025815546871893256
leaf_weight=26 198 2235 94 134 102 155 106 4104 24 233 212 348 135 749 1999 411 155 26 34 25 22 71 24 14.999999999999998 110 3515 1079 235 20 1489
leaf_count=20 198 933 90 134 102 127 59 3130 12 90 78 172 94 310 756 182 84 13 13 24 18 38 12 15 92 1418 797 235 13 822
internal_value=0.000324101 1.54014e-05 -0.00591069 -0.00258155 -0.0201109 -0.0287018 -0.0412913 0.000747584 0.00427931 0.00365899 0.0233707 0.00168871 -0.000885112 0.00256111 0.00913198 -0.00258155 0.0115192 0.0106494 0.0130248 0.00929183 0.00468069 -0.0246787 0.0366849 -0.00512295 0.0135457 -0.00258155 -0.00258155 -0.0137186 0.0733183 -0.00258155
internal_weight=18085 17560 1931 1474 457 363 261 15629 4941 4897 445 4452 10688 4372 2748 6316 566 525 499 465 401 93 64 40 308 5750 1448 369 44 1624
internal_count=10081 9658 1564 1186 378 288 186 8094 3495 3470 168 3302 4599 1982 1066 2617 266 423 410 397 346 56 51 39 290 2351 1166 369 25 916
is_linear=0
shrinkage=0.05


Tree=230
num_leaves=31
num_cat=0
split_feature=5 11 1 28 9 7 5 5 27 10 7 8 10 18 11 1 10 24 11 27 24 28 3 7 7 28 11 1 28 8
split_gain=28.8466 42.7446 118.097 105.708 77.8047 68.34 53.4269 44.7909 82.2924 63.5269 39.6546 139.979 579.838 187.407 96.0308 91.841 83.2708 90.0141 52.1537 136.68 94.3604 108.615 91.6324 201.053 183.547 168.186 161.473 125.276 53.3371 34.8178
threshold=-3.3049999475479122 -0.87834998965263356 82.500000000000014 53.500000000000007 -0.91595000028610218 1014.3500061035157 -4.0950000286102286 -3.5949999094009395 1.3499999642372134 -0.91595000028610218 1016.9500122070314 401.50000000000006 -0.98295000195503224 4.8500001430511483 -0.60784998536109913 68.500000000000014 0.98295000195503246 283.75000000000006 -0.60784998536109913 21.150000572204593 1167.914978027344 63.500000000000007 71.500000000000014 1021.8500061035157 1018.0499877929689 88.500000000000014 -1.0000000180025095e-35 67.500000000000014 51.500000000000007 583.50000000000011
decision_type=2 2 2 2 2 2 2 2 2 2 2 2 2 2 2 2 2 2 2 2 2 2 2 2 2 2 2 2 2 2
left_child=1 2 4 6 -1 -5 -4 8 -3 -9 11 12 -2 -13 15 -15 17 -14 19 20 21 -12 23 27 25 -24 -26 -20 -25 -10
right_child=10 7 3 5 -6 -7 -8 9 29 -11 18 13 16 14 -16 -17 -18 -19 22 -21 -22 -23 24 28 26 -27 -28 -29 -30 -31
leaf_value=0.0007891988115651268 -0.27580923182623729 -0.10356012980143231 0.014297971186277115 0.025898116302754938 -0.05835226287062352 0.11034733339359887 -0.04537014088503296 -0.030977447936311367 -0.00065127570923449469 0.021086865168301359 -0.0023445866370374953 -0.0035132057388694918 -0.0035132057388694918 0.019713970202847618 0.080335911634926482 0.10721078952153525 -0.077931872285578574 -0.019442721567161026 0.0016809762862363929 0.13053699000315233 -0.037597539304893041 0.017480592094189316 0.012477164208326933 -0.012606757935375357 -0.019565809216318137 0.073093020671284675 0.002803659377715398 -0.032445355664290812 0.01773549841690418 0.010720662744364853
leaf_weight=91 21 18 95 43 143 38 62 64 1765 693 1415 888 581 147 107 30 46 1155 380 22 122 1350 454 195 984 153 4478 920 563 1088
leaf_count=32 14 6 95 24 73 18 62 37 1241 400 900 298 452 50 36 12 37 642 144 22 51 523 336 161 498 51 2680 551 248 399
internal_value=0.000335541 0.00402437 -0.0101297 0.0146695 -0.0353528 0.0610615 -0.00926523 0.0058658 0.00301306 0.0166851 -0.000743911 -0.00586715 -0.0146114 0.00758501 0.0429411 0.0203353 -0.0115333 -0.00977392 0.000637172 0.0063823 0.0054362 0.00733498 -0.00141926 -0.0105365 0.00167242 0.027756 -0.00122629 -0.02247 0.00992977 0.00368545
internal_weight=18111 4100 472 238 234 81 157 3628 2871 757 14011 2975 1803 1172 284 177 1782 1736 11036 2909 2887 2765 8127 2058 6069 607 5462 1300 758 2853
internal_count=10093 2387 304 199 105 42 157 2083 1646 437 7706 1541 1145 396 98 62 1131 1094 6165 1496 1474 1423 4669 1104 3565 387 3178 695 409 1640
is_linear=0
shrinkage=0.05


Tree=231
num_leaves=31
num_cat=0
split_feature=5 12 6 1 4 21 10 5 1 10 20 1 5 0 7 23 7 7 10 2 28 11 1 5 28 23 4 28 23 3
split_gain=25.786 39.2772 41.6026 53.0985 38.2162 74.8945 71.623 60.5212 36.6632 84.361 77.7607 65.1618 76.2845 62.4615 58.1339 78.0733 56.5285 123.059 235.78 148.007 64.1441 115.381 81.7194 56.1797 97.2188 48.5521 42.339 55.1728 35.4735 38.9081
threshold=-3.3049999475479122 0.81174999475479137 1102.5000000000002 57.500000000000007 -3.4550000429153438 12.650000095367433 0.98295000195503246 -3.7150000333786006 59.500000000000007 0.3793999999761582 14.550000190734865 62.500000000000007 -0.50499999523162831 24.750000000000004 1021.6499938964845 99.500000000000014 1016.9500122070314 1015.1499938964845 -0.91595000028610218 1.1549999713897707 63.500000000000007 -0.60784998536109913 87.500000000000014 1.1150000095367434 115.00000000000001 66.500000000000014 -2.945000052452087 63.500000000000007 69.500000000000014 27.500000000000004
decision_type=2 2 2 2 2 2 2 2 2 2 2 2 2 2 2 2 2 2 2 2 2 2 2 2 2 2 2 2 2 2
left_child=1 2 4 -4 -1 7 -7 -6 9 10 14 12 26 -14 15 -2 17 19 -19 -13 22 -22 -18 24 -12 -16 -10 -28 -3 -30
right_child=8 28 3 -5 5 6 -8 -9 11 -11 23 16 13 -15 25 -17 20 18 -20 -21 21 -23 -24 -25 -26 -27 27 -29 29 -31
leaf_value=-0.0024068652804042881 -0.025094975100799572 0.0054256513126586621 -0.0025154081760050077 -0.040800141449178665 -0.0024068652804042881 0.015357948512905556 0.0767782358750701 0.0096972494871778257 0.0040255206299642183 -0.052392264658754517 0.023915923753797655 0.051797881405110713 -0.017960343366818659 0.039762350676521181 -0.041818456820867683 0.0073200297991834751 -0.00815686931088749 -0.15510826443787665 -0.016949293834832579 -0.0036369549818428925 0.018872189044697354 0.0017060446156322508 0.0017060446156322508 0.0073200297991834751 0.12545348965916142 0.0073200297991834751 0.0081245391348963737 0.060631433499496692 0.1000005304813385 0.028319230592139418
leaf_weight=644 669 152 492 111 1197 936 50 388 92 99 126 135 192 62 54 147 3067 32 883 1114 1216 2871 2434 52 29 505 73 159 23 107
leaf_count=264 229 114 168 45 852 581 41 276 34 45 44 91 82 21 27 49 2016 22 579 567 475 1158 1934 19 10 213 34 57 8 38
internal_value=0.0003311 0.00381875 0.00248874 -0.00956285 0.00474912 0.00765275 0.0184726 0.000921931 -0.000689482 -0.00761653 -0.00481451 0.000254911 0.0166448 -0.00387055 -0.00911562 -0.0176249 -0.000551196 -0.00785053 -0.0217811 0.0023548 0.00109625 0.00584089 -0.0024288 0.0237557 0.0429133 0.00330584 0.0327279 0.0441099 0.0218258 0.0410013
internal_weight=18111 4100 3818 603 3215 2571 986 1585 14011 1681 1582 12330 578 254 1375 816 11752 2164 915 1249 9588 4087 5501 207 155 559 324 232 282 130
internal_count=10093 2387 2227 213 2014 1750 622 1128 7706 636 591 7070 228 103 518 278 6842 1259 601 658 5583 1633 3950 73 54 240 125 91 160 46
is_linear=0
shrinkage=0.05


Tree=232
num_leaves=20
num_cat=0
split_feature=18 7 23 28 18 24 7 11 3 7 18 3 20 9 28 11 5 25 4
split_gain=25.6496 22.3711 38.2718 23.8324 96.333 91.7716 71.5963 62.9213 55.6844 59.9959 55.0515 37.9317 26.5308 17.5161 15.8447 7.62849 6.46908 2.52836 1.29423
threshold=0.84999999403953563 1010.0499877929689 147.00000000000003 51.500000000000007 7.1499998569488534 126.25000000000001 1018.6499938964845 -1.0000000180025095e-35 222.50000000000003 1017.8500061035157 7.0499999523162851 23.500000000000004 12.34999990463257 1.0000000180025095e-35 47.500000000000007 0.60784998536109935 0.2650000005960465 7.2500000000000009 -4.3050000667572013
decision_type=2 2 2 2 2 2 2 2 2 2 2 2 2 2 2 2 2 2 2
left_child=17 2 15 4 6 7 -3 12 11 -10 -9 -7 -5 14 -6 -2 -8 -1 -17
right_child=1 3 -4 5 13 8 16 10 9 -11 -12 -13 -14 -15 -16 18 -18 -19 -20
leaf_value=-0.050408325276591559 -0.019151900425625489 -0.0076317924759278684 0.038046271304289503 0.015040404262586455 -0.0076317924759278684 0.0079432520441187291 -0.019151900425625489 0.039350653106444762 -0.00026984077184845183 0.015040404262586455 0.11997745491277714 -0.00026984077184845183 0.047205894218908778 -0.00026984077184845183 -0.00026984077184845183 0.0072981803536866646 -0.0076317924759278684 -0.025844962969422344 -0.0069293247115227484
leaf_weight=22 118 418 30 88 629 1437 478 114 382 525 26 10119 74 3010 246 33 311 20 31
leaf_count=11 44 332 10 43 540 607 379 50 167 272 13 4218 25 2885 191 11 272 10 13
internal_value=0.000316967 0.000407685 -0.015739 0.00059938 -0.00229274 0.00175305 -0.0149937 0.0289877 0.00109311 0.0130227 0.0543242 0.000156789 0.0150404 -0.000269841 -0.00763179 -0.0191519 -0.0191519 -0.0387115 0.000406733
internal_weight=18111 18069 212 17857 5092 12765 1207 302 12463 907 140 11556 162 3885 875 182 789 42 64
internal_count=10093 10072 78 9994 4599 5395 983 131 5264 439 63 4825 68 3616 731 68 651 21 24
is_linear=0
shrinkage=0.05


Tree=233
num_leaves=19
num_cat=0
split_feature=18 26 24 5 11 10 7 5 10 9 23 7 11 2 3 28 9 25
split_gain=23.1486 21.9494 39.873 22.6274 39.3217 43.7142 72.0319 38.9654 51.252 40.072 35.4719 50.6763 70.5207 49.1819 31.5924 55.7433 5.57595 2.28185
threshold=0.84999999403953563 30.60000038146973 342.08500671386724 -3.3049999475479122 -0.87834998965263356 -0.37939999997615809 1014.3500061035157 -3.5949999094009395 -0.91595000028610218 -0.6035499870777129 32.500000000000007 1016.1499938964845 -0.60784998536109913 1.3750000000000002 314.50000000000006 56.500000000000007 0.60354998707771312 7.2500000000000009
decision_type=2 2 2 2 2 2 2 2 2 2 2 2 2 2 2 2 2 2
left_child=17 3 -3 4 5 -2 -7 9 -9 -6 14 13 -13 -12 15 -5 -16 -1
right_child=1 2 -4 10 7 6 -8 8 -10 -11 11 12 -14 -15 16 -17 -18 -19
leaf_value=-0.047887909141453827 -0.018194365217772606 0.082772003228847812 0.016718491928439213 -0.018194365217772606 -0.0037476607565572863 -0.017645321598851599 0.016718491928439213 -0.018194365217772606 0.016718491928439213 0.0081063101512511282 0.016718491928439213 0.0089483451129294591 -0.00055408947241656595 -0.0035994527764055743 -0.018194365217772606 -0.0035994527764055743 -0.0035994527764055743 -0.024552715495228767
leaf_weight=22 124 26 25 556 1318 217 131 64 693 1553 194 2651 7410 1978 103 644 382 20
leaf_count=11 63 13 10 515 509 139 102 37 400 1137 120 1308 4088 850 103 296 382 10
internal_value=0.000300999 0.000387182 0.0331425 0.000294468 0.00355907 -0.0100165 0.00192397 0.00532524 0.0154165 0.00266447 -0.000667227 0.000269595 0.00194973 -0.00359945 -0.0074685 -0.0129181 -0.00359945 -0.0367759
internal_weight=18111 18069 51 18018 4100 472 348 3628 757 2871 13918 12233 10061 2172 1685 1200 485 42
internal_count=10093 10072 23 10049 2387 304 241 2083 437 1646 7662 6366 5396 970 1296 811 485 21
is_linear=0
shrinkage=0.05


Tree=234
num_leaves=29
num_cat=0
split_feature=1 12 24 6 11 3 0 9 25 9 29 10 7 12 7 12 23 1 1 7 28 9 4 2 0 7 4 5
split_gain=24.3051 66.9135 58.8377 21.5568 34.6202 33.8413 33.7264 74.0598 71.5954 70.057 35.7676 31.2018 46.4732 49.897 29.0717 25.3632 24.0018 28.5102 38.5534 22.9276 22.2669 18.9724 14.023 10.9761 9.46144 6.93151 5.2504 2.24929
threshold=98.500000000000014 1.0000000180025095e-35 62.084999084472663 1072.5000000000002 -0.60784998536109913 68.500000000000014 27.349999427795414 -0.6035499870777129 17.550000190734867 -0.37939999997615809 14.34999990463257 1.0000000180025095e-35 1015.9500122070314 0.81174999475479137 1022.4500122070314 0.81174999475479137 69.500000000000014 56.500000000000007 59.500000000000007 1024.7500000000002 67.500000000000014 0.98295000195503246 -1.4350000023841856 1.0149999856948855 30.94999980926514 1017.2500000000001 -2.7150000333786006 -1.0549999475479124
decision_type=2 2 2 2 2 2 2 2 2 2 2 2 2 2 2 2 2 2 2 2 2 2 2 2 2 2 2 2
left_child=3 23 -3 6 5 14 11 8 24 10 -9 19 15 -14 20 -13 17 -6 -19 21 -5 -1 -11 25 -8 -2 -7 -25
right_child=1 2 -4 4 16 26 7 9 -10 22 -12 12 13 -15 -16 -17 -18 18 -20 -21 -22 -23 -24 27 -26 -27 -28 -29
leaf_value=-0.001896593112508934 -0.015342261393864945 0.12268716144290835 -0.034434310570717434 -0.079004625320434577 -0.0098635301702392347 -0.031761993115974795 0.0046243247005518543 0.038777861581451592 0.064222991115906666 0.043299778699874884 0.092543093487620354 -0.001896593112508934 0.0046243247005518543 -0.001896593112508934 -0.001896593112508934 0.0046243247005518543 -0.001896593112508934 -0.091385637439787393 -0.022420997987283725 0.0046243247005518543 -0.029230665960894516 0.0046243247005518543 0.0046243247005518543 -0.076587169369061778 0.020316021136247395 -0.066208858720280914 -0.001896593112508934 -0.10869515240192414
leaf_weight=7185 12.000000000000002 11.000000000000002 12.999999999999998 25 110 18 768 87 51 25 48 1443 4465 856 43 177 1164 25 107 333 222 517 59 12.000000000000002 183 9.9999999999999982 132 9.9999999999999982
leaf_count=3844 12 10 13 10 50 9 261 29 17 10 16 913 2899 542 21 93 427 12 53 200 74 410 28 12 61 10 47 10
internal_value=0.000258875 -0.0295776 0.0375797 0.000371322 -0.00474796 -0.0170892 0.000954775 0.00894535 0.00462432 0.0354388 0.0578944 0.0003033 0.00275882 0.00462432 -0.0272331 -0.00189659 -0.00189659 -0.0178305 -0.0354825 -0.00181789 -0.0342685 -0.00189659 0.00462432 -0.0662089 0.00462432 -0.041236 -0.00189659 -0.0911817
internal_weight=18111 68 24 18043 1846 440 16197 1221 1002 219 135 14976 6941 5321 290 1620 1406 242 132 8035 247 7702 84 44 951 22 150 22
internal_count=10093 67 23 10026 703 161 9323 422 339 83 45 8901 4447 3441 105 1006 542 115 65 4454 84 4254 38 44 322 22 56 22
is_linear=0
shrinkage=0.05


Tree=235
num_leaves=30
num_cat=0
split_feature=1 8 21 10 5 5 1 6 1 2 26 3 8 4 28 1 26 2 5 11 3 27 23 28 11 1 5 18 3
split_gain=28.1604 98.2518 53.3874 59.4244 51.4489 59.631 47.0461 27.2645 37.378 73.1029 46.548 63.1705 42.2341 37.5278 90.2147 88.2384 177.62 72.2202 59.0776 55.4143 31.1082 25.0088 20.6885 16.8333 15.7669 14.6959 10.8106 4.85653 1.23514
threshold=59.500000000000007 137.50000000000003 21.050000190734867 -0.91595000028610218 -3.2350000143051143 -1.9950000047683714 58.500000000000007 1277.5000000000002 62.500000000000007 3.7649999856948857 14.449999809265138 67.500000000000014 618.50000000000011 -1.0850000381469724 85.500000000000014 80.500000000000014 12.550000190734865 5.4849998950958261 -2.1450001001358028 0.87834998965263378 14.500000000000002 1.9499999880790713 88.500000000000014 67.500000000000014 1.0000000180025095e-35 55.500000000000007 5.1050000190734872 4.9500000476837167 126.50000000000001
decision_type=2 2 2 2 2 2 2 2 2 2 2 2 2 2 2 2 2 2 2 2 2 2 2 2 2 2 2 2 2
left_child=1 22 3 26 6 -6 -5 8 9 10 12 -12 -2 15 19 18 -17 -16 -10 -15 -11 -22 24 -9 -1 28 27 -3 -4
right_child=7 2 25 4 5 -7 -8 23 13 20 11 -13 -14 14 17 16 -18 -19 -20 -21 21 -23 -24 -25 -26 -27 -28 -29 -30
leaf_value=-0.094534045968736935 0.012461892046651803 -0.029005263636188123 0.056601201825671722 0.007587679612229197 -0.021494730586383352 1.1451749216302548e-05 -0.029005263636188123 -0.058058843191247433 -0.0016433366273074014 -0.015047161558504864 0.096200910172596271 0.03084545067331599 0.03084545067331599 -0.00087026412358838761 0.030686034718264185 -0.015047161558504864 0.020184751196634459 0.01001274107669009 -0.015047161558504864 0.01001274107669009 -0.015047161558504864 0.012227074978023118 -0.029005263636188123 -0.015047161558504864 -0.050386008198847955 0.013434481973839119 0.0082022972404956814 -0.01470643423537734 0.041860347588857018
leaf_weight=35 115 85 27 1112 557 765 48 32 1655 55 49 103 77 8176 564 312 860 126 1439 1289 55 252 31 36 28 52 20 93 30
leaf_count=16 51 34 10 377 203 294 16 16 726 25 17 40 27 5539 189 192 476 42 566 964 22 99 12 13 14 18 10 41 10
internal_value=-0.000183067 -0.00471352 -0.00301896 -0.00441408 -0.00230651 -0.00904978 0.00537849 0.000676512 0.000818515 0.0120516 0.0285563 0.049229 0.0124619 0.000268586 0.00192176 -0.00366672 0.00801709 0.0193761 -0.00809252 0.000649337 -0.00363256 0.00512609 -0.0549916 -0.0309128 -0.0717668 0.031283 -0.0290053 -0.0290053 0.0488429
internal_weight=18078 2883 2789 2680 2482 1322 1160 15195 15127 706 344 152 192 14421 10155 4266 1172 690 3094 9465 362 307 94 68 63 109 198 178 57
internal_count=10059 1055 1013 975 890 497 393 9004 8975 281 135 57 78 8694 6734 1960 668 231 1292 6503 146 121 42 29 30 38 85 75 20
is_linear=0
shrinkage=0.05


Tree=236
num_leaves=28
num_cat=0
split_feature=7 5 9 24 3 28 10 7 25 7 7 21 3 4 5 7 7 23 24 20 7 21 24 5 6 23 3
split_gain=30.074 46.9036 50.743 77.6875 66.6278 50.4619 41.7466 31.1511 25.422 24.0804 24.6603 60.2577 45.6982 42.0749 37.3158 37.7545 28.5466 76.0748 132.681 42.1206 39.0776 206.754 30.0658 28.0254 18.8666 13.0514 10.0497
threshold=1011.6499938964845 -1.2450000047683714 -0.6035499870777129 680.41500854492199 1.5000000000000002 128.00000000000003 1.0000000180025095e-35 1010.8500061035157 11.750000000000002 1027.850036621094 1024.850036621094 12.650000095367433 205.50000000000003 -0.52499997615814198 -0.1950000002980232 1025.350036621094 1023.9500122070314 61.500000000000007 837.08499145507824 10.650000095367433 1023.5499877929689 14.050000190734865 1326.2500000000002 5.2550001144409189 1072.5000000000002 44.500000000000007 264.50000000000006
decision_type=2 2 2 2 2 2 2 2 2 2 2 2 2 2 2 2 2 2 2 2 2 2 2 2 2 2 2
left_child=1 2 4 7 -1 -3 24 -4 -8 10 16 12 13 -12 15 -13 20 18 -18 -19 22 -22 -2 -16 -6 -14 -11
right_child=9 5 3 -5 6 -7 8 -9 -10 26 11 14 25 -15 23 -17 17 19 -20 -21 21 -23 -24 -25 -26 -27 -28
leaf_value=0.10621351102987926 -2.7061738954191085e-07 -0.090986894898944431 0.053947023053963962 -0.054480114850130948 0.012293153564193443 -0.0088952811960226457 -0.04836170930339366 0.17343587875366212 -0.013112673401902211 -0.016254680934879515 0.0021211555522273888 0.073289694354451942 -0.033776451046030748 -0.028668796329168224 0.01126544917310085 0.024946947290677635 -0.018587766472526173 -0.0028795953123615342 -0.13293391210692271 0.041592036139580513 -0.017027587828902051 0.058763021013196221 -0.032843562939337323 0.060771223704020189 -0.014933398307154053 0.01126544917310085 -0.070716157212154948
leaf_weight=11.999999999999998 15334 36 12.000000000000002 10.999999999999998 144 39 98 9.9999999999999982 107 18 275 58 34 186 138 133 270 377 28 62 204 161 70 30 114 101 15.999999999999998
leaf_count=4 8587 18 12 6 48 13 40 8 44 9 127 44 29 100 72 86 187 199 21 31 121 92 31 12 38 69 11
internal_value=-0.000218063 -0.0113896 -0.00594034 0.0540134 -0.0101055 -0.0482993 -0.0131203 0.10826 -0.0299634 0.000154215 0.000236071 0.00804792 -0.0016997 -0.0103017 0.0242306 0.0396269 -0.000215905 -0.00983412 -0.0293317 0.00340114 0.000233624 0.0164033 -0.00014952 0.0112654 0.000262817 0.0112654 -0.0418836
internal_weight=18078 583 508 33 475 75 463 22 205 17495 17461 955 596 461 359 191 16506 737 298 439 15769 365 15404 168 258 135 34
internal_count=10059 231 200 26 174 31 170 20 84 9828 9808 539 325 227 214 130 9269 438 208 230 8831 213 8618 84 86 98 20
is_linear=0
shrinkage=0.05


Tree=237
num_leaves=31
num_cat=0
split_feature=7 5 9 3 28 8 3 7 7 28 29 23 1 10 1 27 8 10 0 10 5 27 29 3 7 25 6 5 23 21
split_gain=27.163 42.3305 45.7956 60.1316 45.5418 42.9516 31.5145 24.2505 52.7874 74.4629 80.3442 60.7281 56.1281 50.9472 48.1381 61.1213 46.4915 44.6954 40.7284 42.6768 80.0685 72.212 38.6447 37.6362 35.918 18.4438 18.4409 17.0486 16.2451 15.8263
threshold=1011.6499938964845 -1.2450000047683714 -0.6035499870777129 1.5000000000000002 128.00000000000003 384.50000000000006 330.50000000000006 1013.2500000000001 1014.4500122070314 84.500000000000014 4.8500001430511483 89.500000000000014 73.500000000000014 0.98295000195503246 90.500000000000014 10.34999990463257 401.50000000000006 0.60354998707771312 29.750000000000004 1.0000000180025095e-35 -1.8450000286102293 11.050000190734865 7.9500000476837167 114.50000000000001 1012.7500000000001 11.750000000000002 827.50000000000011 -2.564999938011169 28.500000000000004 13.050000190734865
decision_type=2 2 2 2 2 2 2 2 2 2 2 2 2 2 2 2 2 2 2 2 2 2 2 2 2 2 2 2 2 2
left_child=1 2 3 -1 -3 25 -4 13 9 10 26 12 -11 14 15 16 -2 -12 19 21 -21 -10 -20 -13 -17 -5 -9 -15 -16 -7
right_child=7 4 6 5 -6 29 -8 8 18 11 17 23 -14 27 28 24 -18 -19 22 20 -22 -23 -24 -25 -26 -27 -28 -29 -30 -31
leaf_value=0.10090283354123433 -0.010733095150936414 -0.08643755035267936 0.08824864966528756 -0.045943623302238334 -0.0084505172876211312 -0.014201806150703579 -0.013325164715449015 -0.037231638444053548 -0.0039826106216411588 -0.0082404413803405501 -0.0082404413803405501 0.053584691396590035 0.013229377936697335 -0.089324589336619645 -0.044096141618986923 0.028184490861471387 0.019044191263414719 -0.02861065435678959 0.01366718879708005 0.01152250602835439 -0.00058420852177199466 0.0073172884420351653 0.062638420392485225 0.013229377936697335 0.074634538969350239 -0.015447283791302797 -0.070067097319931285 -0.007048787474632264 0.0018956572224851699 0.0101148853971002
leaf_weight=11.999999999999998 203 36 21 98 39 114 11.999999999999998 143 7450 286 389 89 129 17.000000000000004 48 56 370 146 93 2078 3984 1745 51 52 63 89 61 9.9999999999999982 32 162
leaf_count=4 101 18 20 40 13 38 6 58 3392 96 258 30 45 17 48 45 124 111 33 1607 2322 1385 17 19 57 38 22 9 32 54
internal_value=-0.000203014 -0.0108201 -0.00564332 -0.00960027 -0.0458843 -0.0124643 0.0513127 0.000150788 -0.000256442 -0.0099519 -0.0203516 0.0038707 -0.00576122 0.00866032 0.0110215 0.0152667 0.00849482 -0.0101712 0.000558805 0.000309006 0.00356587 -0.00183815 0.0270254 0.03222 0.0478742 -0.0309656 -0.0470501 -0.0588521 -0.0256994 7.10345e-05
internal_weight=18078 583 508 475 75 463 33 17495 16696 1295 739 556 415 799 772 692 573 535 15401 15257 6062 9195 144 141 119 187 204 27 80 276
internal_count=10059 231 200 174 31 170 26 9828 9395 639 449 190 141 433 407 327 225 369 8756 8706 3929 4777 50 49 102 78 80 26 80 92
is_linear=0
shrinkage=0.05


Tree=238
num_leaves=31
num_cat=0
split_feature=9 8 23 10 3 17 5 10 10 26 10 24 9 29 7 1 10 3 18 8 11 5 27 9 24 6 5 7 3 2
split_gain=25.2464 75.713 114.551 90.3926 364.307 184.221 277.644 79.1767 179.784 143.951 70.1254 87.8627 67.7399 62.8745 57.7154 128.227 84.7157 44.1209 42.9095 55.3168 59.9883 54.6284 39.7774 36.9369 36.3275 32.9897 30.2013 23.9883 18.8488 15.9451
threshold=-1.0000000180025095e-35 394.50000000000006 60.500000000000007 -0.98295000195503224 350.50000000000006 0.11450000107288362 -0.33500000834465021 -0.6035499870777129 -1.0000000180025095e-35 5.7500000000000009 -0.91595000028610218 137.91500091552737 0.78654998540878307 19.050000190734867 1020.9500122070314 87.500000000000014 0.78654998540878307 308.50000000000006 3.2500000000000004 575.00000000000011 0.87834998965263378 -0.49500000476837153 13.050000190734865 0.60354998707771312 757.08499145507824 577.50000000000011 4.0750000476837167 1014.5499877929689 82.500000000000014 1.235000014305115
decision_type=2 2 2 2 2 2 2 2 2 2 2 2 2 2 2 2 2 2 2 2 2 2 2 2 2 2 2 2 2 2
left_child=10 3 -3 4 5 6 -2 9 17 23 18 29 -10 14 15 -13 -16 -9 21 26 27 -1 25 -5 -11 -4 -20 -21 -24 -12
right_child=1 2 22 7 -6 -7 -8 8 12 24 11 13 -14 -15 16 -17 -18 -19 19 20 -22 -23 28 -25 -26 -27 -28 -29 -30 -31
leaf_value=-0.06640249170489948 -0.11842719050248465 0.012461555376446713 0.069264315062927004 -0.075093778148293502 -0.18849444116155309 0.012461555376446713 -0.011171498798576457 -0.026641729630387224 -0.0015400645700562317 0.012461555376446713 0.10349161058664323 -0.0015825129207259645 0.012057241388766994 0.035025238269268337 0.0007174676189350645 -0.02753054034037632 0.016897268893812503 -0.0042375003404174902 -0.022426633469593255 0.034312657515207928 0.068956134054395893 -0.022426633469593255 0.1292121702974493 -0.019930658349800741 -0.012831443950018418 0.033276659169507693 -0.0051834100933254648 -0.0051834100933254648 0.069264315062927004 0.042448160700176076
leaf_weight=88 75 178 44 60 30 171 227 692 2170 1473 20 6793 1585 115 1905 512 383 322 377 42 36 107 22 26 159 107 121 194 21 23
leaf_count=38 41 93 19 52 18 74 106 516 1645 1122 16 2742 1270 44 846 294 236 317 173 17 18 41 11 26 80 48 47 92 9 8
internal_value=-0.000197798 0.00205651 0.0240363 0.000886768 -0.0195323 -0.00881588 -0.0348046 0.00247006 -0.000845411 0.0116735 -0.00174653 -0.00047411 0.00419941 -0.000789986 -0.0012307 -0.00340118 0.0056991 -0.0195272 -0.0146039 -0.00929806 0.00883552 -0.0355552 0.0540918 -0.0523229 0.0124616 0.0420099 -0.0192023 -0.00033542 0.0965187 0.0708405
internal_weight=18078 7362 372 6990 503 473 302 6487 4769 1718 10716 9751 3755 9708 9593 7305 2288 1014 965 770 272 195 194 86 1632 151 498 236 43 43
internal_count=10059 5447 180 5267 239 221 147 5028 3748 1280 4612 4186 2915 4162 4118 3036 1082 833 426 347 127 79 87 78 1202 67 220 109 20 24
is_linear=0
shrinkage=0.05


Tree=239
num_leaves=28
num_cat=0
split_feature=7 5 9 24 3 28 8 7 1 8 21 9 5 17 28 3 1 11 4 7 4 14 21 7 22 1 3
split_gain=24.1742 38.2916 41.5004 66.6005 54.2311 41.1015 38.5208 28.2819 22.4267 85.9551 46.3651 51.4001 45.2647 33.6441 29.3867 100.116 68.0061 26.4359 81.476 55.9252 22.0066 16.5569 14.576 14.5283 13.0585 12.1183 1.26358
threshold=1011.6499938964845 -1.2450000047683714 -0.6035499870777129 680.41500854492199 1.5000000000000002 128.00000000000003 384.50000000000006 1010.8500061035157 59.500000000000007 137.50000000000003 21.050000190734867 -0.37939999997615809 -3.2350000143051143 0.089999999850988402 99.500000000000014 176.50000000000003 84.500000000000014 -0.60784998536109913 -2.8749999999999996 1016.0499877929689 -0.11499999836087225 48.000000000000007 10.949999809265138 1024.850036621094 4.9500000476837167 55.500000000000007 126.50000000000001
decision_type=2 2 2 2 2 2 2 2 2 2 2 2 2 2 2 2 2 2 2 2 2 2 2 2 2 2 2
left_child=1 2 4 7 -1 -3 21 -4 9 23 11 12 -11 -10 17 16 -16 19 -19 -15 -17 -6 -8 -2 -13 26 -12
right_child=8 5 3 -5 6 -7 22 -9 13 10 25 24 -14 14 15 20 -18 18 -20 -21 -22 -23 -24 -25 -26 -27 -28
leaf_value=0.095936817924181628 -0.087938262185742785 -0.082036547031667503 0.04745694796244302 -0.051472424377094622 -0.014549510880858605 -0.0079488656459710538 -0.014549510880858605 0.16131011664867401 -0.076538014411926272 0.0059126474115218193 0.052946852423526626 -0.033778195183922125 -0.0083992274633298333 -0.0061235697709992737 0.0059265206432259467 0.099815300305684418 0.074892154998249486 -0.013153811661460488 0.00079645404093259405 0.0059265206432259467 0.043745760406766622 -0.041101314776159567 0.0066857466544133952 -0.037256971918619597 -0.013566266773368724 0.012501090458696327 0.038037256201108302
leaf_weight=11.999999999999998 31 36 12.000000000000002 10.999999999999998 71 39 63 9.9999999999999982 13.999999999999998 999 27 105 1236 1069 552 30 36 1184 9023 2946 42 116 213 26 93 52 30
leaf_count=4 13 18 12 6 32 13 21 8 7 339 10 44 468 771 184 10 12 483 5819 1572 14 46 71 13 41 18 10
internal_value=-0.000145529 -0.0101615 -0.00523787 0.0489815 -0.00900469 -0.043511 -0.0117246 0.0992084 0.000188242 -0.00409752 -0.00273591 -0.0041652 -0.00200211 0.000936006 0.00100889 0.0113228 0.00592652 0.000530251 -0.00082176 0.00396736 0.0671081 -0.0292456 0.000146609 -0.0648205 -0.0285819 0.0291674 0.0450997
internal_weight=18078 583 508 33 475 75 463 22 17495 2599 2542 2433 2235 14896 14882 660 588 14222 10207 4015 72 187 276 57 198 109 57
internal_count=10059 231 200 26 174 31 170 20 9828 956 930 892 807 8872 8865 220 196 8645 6302 2343 24 78 92 26 85 38 20
is_linear=0
shrinkage=0.05


Tree=240
num_leaves=31
num_cat=0
split_feature=1 28 24 9 8 23 10 3 27 10 10 26 10 24 29 28 27 18 8 4 29 2 0 28 4 1 23 9 3 7
split_gain=22.1923 68.2663 55.9807 23.5202 60.3412 102.72 96.3634 364.879 158.645 60.5568 209.092 123.978 56.7894 69.1888 57.5438 69.9921 51.8527 41.8519 73.2001 44.1241 31.9667 31.7358 26.0885 19.7446 13.7524 13.0777 7.60263 7.41782 3.59468 1.03168
threshold=98.500000000000014 36.500000000000007 129.58499908447268 -1.0000000180025095e-35 394.50000000000006 60.500000000000007 -0.98295000195503224 350.50000000000006 11.250000000000002 -0.6035499870777129 -1.0000000180025095e-35 5.7500000000000009 -0.91595000028610218 145.41500091552737 19.050000190734867 47.500000000000007 13.050000190734865 4.9500000476837167 595.50000000000011 0.48499999940395361 10.449999809265138 1.294999957084656 22.650000572204593 74.500000000000014 -0.41499999165534968 76.500000000000014 79.500000000000014 0.60354998707771312 312.50000000000006 1016.0499877929689
decision_type=2 2 2 2 2 2 2 2 2 2 2 2 2 2 2 2 2 2 2 2 2 2 2 2 2 2 2 2 2 2
left_child=3 27 -3 12 6 -6 7 8 -5 11 -11 -8 17 24 15 -15 21 19 23 22 -20 -7 -1 -19 -14 -18 -16 -2 -29 -30
right_child=1 2 -4 4 5 16 9 -9 -10 10 -12 -13 13 14 26 -17 25 18 20 -21 -22 -23 -24 -25 -26 -27 -28 28 29 -31
leaf_value=-0.079983289374245536 -0.098751964792609226 0.11347269537643741 -0.01207875904365785 -0.031493606283589735 0.011487059590287341 0.068035804789147475 -0.04790056541638809 -0.18903809954722725 0.011487059590287341 -0.020237701291829207 0.0054084051467074949 0.011487059590287341 0.039031688213348389 -0.031501979093350799 0.015139693897682278 -0.00036207798075299453 0.12850972771644595 -0.01525223522114405 0.0047955941255763794 -0.01525223522114405 0.039078534178989981 0.030645153840266344 -0.033729126615608909 0.0047955941255763794 0.096349125769403243 0.072645416855812078 0.031242445617182996 -0.027799058258533477 -0.074781256372278365 -0.05312614156441256
leaf_weight=36 11.999999999999998 13.000000000000002 9.9999999999999982 322 175 36 88 30 144 1009 3743 1600 25 184 51 9350 20 323 34 144 121 124 199 102 18 22 62 9.9999999999999982 11.000000000000002 10.999999999999998
leaf_count=18 12 12 10 151 93 15 81 18 65 832 2899 1178 9 184 19 3908 10 155 17 58 57 55 85 34 14 10 25 10 11 11
internal_value=-1.45171e-05 -0.0287372 0.0410697 9.26214e-05 0.00227595 0.021757 0.00121708 -0.020019 -0.00913791 0.00285265 -3.70749e-05 0.0109877 -0.00140674 -0.000258068 -0.000540143 -0.000963058 0.0498032 -0.0130133 -0.00456972 -0.0259347 0.0248434 0.0368241 -0.0408149 -0.0152522 0.063025 0.0992475 0.0312424 -0.0652272 -0.0526554 -0.0639537
internal_weight=18029 67 23 17962 7313 377 6936 496 466 6440 4752 1688 10649 9690 9647 9534 202 959 580 379 155 160 235 425 43 42 113 44 32 22
internal_count=10056 66 22 9990 5407 183 5224 234 216 4990 3731 1259 4583 4159 4136 4092 90 424 263 161 74 70 103 189 23 20 44 44 32 22
is_linear=0
shrinkage=0.05


Tree=241
num_leaves=31
num_cat=0
split_feature=11 5 10 1 25 8 10 3 21 10 1 5 1 28 29 5 5 26 28 9 1 26 18 1 3 11 3 1 5 23
split_gain=21.6523 81.8385 103.869 69.4889 142.439 107.006 206.28 101.859 64.0264 51.3678 81.3247 94.3811 76.6453 94.5917 90.2677 142.974 93.7281 76.4291 70.3137 60.3524 60.3504 48.4404 47.6805 53.2171 42.4026 40.9604 41.3383 40.5095 40.0533 43.6642
threshold=-1.0000000180025095e-35 5.6549999713897714 0.3793999999761582 67.500000000000014 21.35000038146973 97.500000000000014 -0.91595000028610218 173.50000000000003 21.050000190734867 0.91595000028610241 95.500000000000014 1.4149999618530276 68.500000000000014 51.500000000000007 15.150000095367433 -2.4350000619888301 3.4650000333786015 7.3500001430511483 71.500000000000014 -1.0000000180025095e-35 64.500000000000014 7.2500000000000009 1.5500000119209292 54.500000000000007 199.50000000000003 0.60784998536109935 283.50000000000006 76.500000000000014 3.8149999380111699 43.500000000000007
decision_type=2 2 2 2 2 2 2 2 2 2 2 2 2 2 2 2 2 2 2 2 2 2 2 2 2 2 2 2 2 2
left_child=1 3 24 8 5 6 -5 -7 22 10 12 25 13 20 16 -16 -14 -15 21 -20 -2 -11 -1 -24 27 26 -12 -3 29 -23
right_child=9 2 -4 4 -6 7 -8 -9 -10 18 11 -13 14 17 15 -17 -18 -19 19 -21 -22 28 23 -25 -26 -27 -28 -29 -30 -31
leaf_value=-0.047945771813392643 -0.067773857003905702 -0.035220503034415068 0.024734947627240961 -0.16072676181793213 0.080402722588756637 0.0026493657088345109 -0.0035372181137912208 0.024556107357099392 0.03692378713687261 -0.060061508357524877 0.048096698063891385 -0.015205733336493252 -0.0088862627886023941 -0.013410789734065341 0.065319293254335248 0.0070309870808659414 0.0070309870808659414 0.010332032279348903 0.10148980418841046 0.032614890355059031 -0.013410789734065341 -0.0075759668769960365 -5.5644916710892916e-05 -0.015791780589555757 -0.0061459380794655193 0.018429730921109885 0.11766110371266092 -0.1109611124384637 0.032614890355059031 0.01703238288421979
leaf_weight=80 72 27 44 21 57 1360 3407 756 75 25 90 93 4254 216 123 261 1103 2667 42 41 64 303 985 1182 22 81 28 51 54 445
leaf_count=29 40 9 22 19 25 567 2475 324 29 19 74 69 2834 93 87 171 511 1012 14 14 34 262 347 458 11 79 23 19 30 356
internal_value=-2.44225e-06 -0.00192799 -0.0392836 -0.00124905 0.00176591 0.000957413 -0.00450016 0.0097989 -0.00852156 0.00155682 0.00041843 0.0263763 -0.000446833 0.00600262 -0.00383838 0.019579 -0.00551698 0.00792488 0.0128807 0.0567522 -0.0347465 0.00847759 -0.0100384 -0.00863899 -0.0674518 0.0458092 0.0646035 -0.0847432 0.0106141 0.00706403
internal_weight=18029 8067 144 7923 5601 5544 3428 2116 2322 9962 9052 292 8760 3019 5741 384 5357 2883 910 83 136 827 2247 2167 100 199 118 78 802 748
internal_count=10056 4334 61 4273 3410 3385 2494 891 863 5722 5027 245 4782 1179 3603 258 3345 1105 695 28 74 667 834 805 39 176 97 28 648 618
is_linear=0
shrinkage=0.05


Tree=242
num_leaves=31
num_cat=0
split_feature=1 28 24 9 8 24 28 26 7 1 7 5 7 1 3 28 12 3 24 4 27 18 9 18 7 18 5 28 3 7
split_gain=21.6401 57.5414 46.9717 21.6956 51.1507 44.6128 116.688 44.3853 42.9045 40.2112 38.642 37.1764 37.1636 47.1776 48.4341 34.3427 59.2056 34.3257 27.4994 18.7798 17.3727 17.2559 10.9082 9.81462 9.32839 7.7901 7.09008 3.66043 3.25364 0.922072
threshold=98.500000000000014 35.500000000000007 75.415000915527358 -1.0000000180025095e-35 483.50000000000006 760.41500854492199 66.500000000000014 7.0499999523162851 1020.5499877929689 72.500000000000014 1026.1499633789065 2.6049998998641972 1025.1499633789065 64.500000000000014 176.50000000000003 47.500000000000007 0.81174999475479137 225.50000000000003 1480.0000000000002 -0.88499999046325672 4.7500000000000009 2.9500000476837163 0.60354998707771312 2.3500000238418584 1017.3500061035157 10.150000095367433 -3.2350000143051143 64.500000000000014 312.50000000000006 1016.0499877929689
decision_type=2 2 2 2 2 2 2 2 2 2 2 2 2 2 2 2 2 2 2 2 2 2 2 2 2 2 2 2 2 2
left_child=3 22 -3 10 5 6 11 25 -9 24 12 -5 15 18 -15 16 -1 -17 -14 23 -8 27 -2 -12 -6 -7 -26 -21 -24 -30
right_child=1 2 -4 4 9 7 20 8 -10 -11 19 -13 13 14 -16 17 -18 -19 -20 21 -22 -23 28 -25 26 -27 -28 -29 29 -31
leaf_value=-0.013218543528308792 -0.10970682740211486 0.10983855155381286 -0.01622039055859759 -0.00053135034452979238 0.017902834036552503 -0.077355272571245831 0.0093114160649435899 -0.0035824049666109709 -0.022728027500950113 0.09716787678854806 -0.027874800624946756 0.0093114160649435899 0.012452920276911991 0.075641752300517895 0.0041187856846102858 -0.0016552554386408585 -0.11245415937155485 0.011408076369336925 -0.041924674857047296 -0.072576506321246806 0.017902834036552503 -0.013595257699489594 -0.0262322436273098 0.015023229941725731 0.049581431916781833 -0.03616417077454654 0.017902834036552503 -0.04652292143021311 -0.070865332538431317 -0.050392822921276094
leaf_weight=248 9.9999999999999982 11.000000000000002 13.999999999999998 5437 33 24 262 365 313 21 24 440 93 56 41 9491 15.999999999999998 531 31 26 327 34 9.9999999999999982 30 42 22 27 28 11.000000000000002 10.999999999999998
leaf_count=214 10 10 14 4506 16 12 108 190 146 8 9 260 39 30 25 3929 16 249 13 13 120 17 10 15 21 11 9 14 11 11
internal_value=-1.20613e-05 -0.0283752 0.0316838 9.37359e-05 0.00219067 0.00164374 0.00296165 -0.0101265 -0.0069018 0.0341619 -0.0013463 0.000719998 -0.000996149 0.0192908 0.0454104 -0.00143202 -0.0192328 -0.000963115 -0.00114148 -0.0272547 0.0179028 -0.0414985 -0.0641245 -0.00404256 0.0211901 -0.0576552 0.0367166 -0.0590672 -0.0498801 -0.0606291
internal_weight=18029 67 25 17962 7313 7190 6466 724 678 123 10649 5877 10507 221 97 10286 264 10022 124 142 589 88 42 54 102 46 69 54 32 22
internal_count=10056 66 24 9990 5407 5353 4994 359 336 54 4583 4766 4515 107 55 4408 230 4178 52 68 228 44 42 24 46 23 30 27 32 22
is_linear=0
shrinkage=0.05


Tree=243
num_leaves=31
num_cat=0
split_feature=4 7 7 18 11 4 7 1 29 9 4 1 9 2 9 1 7 25 6 28 18 4 0 27 10 9 23 1 7 3
split_gain=21.1242 68.9601 52.2483 28.4619 27.6971 84.3795 129.972 99.6305 92.2101 78.5853 74.2247 108.607 92.7372 85.7654 82.0822 85.4677 63.8148 58.9025 69.484 57.9885 89.2233 55.4325 50.9192 128.907 56.8063 41.7095 42.5637 37.3863 32.7726 23.5161
threshold=-4.3050000667572013 1015.5499877929689 1022.0499877929689 5.3500001430511483 -1.0000000180025095e-35 -2.7749999761581416 1017.8500061035157 72.500000000000014 13.949999809265138 -0.91595000028610218 2.0249999761581425 84.500000000000014 0.60354998707771312 5.5150001049041757 -0.78654998540878285 75.500000000000014 1021.8500061035157 21.35000038146973 607.50000000000011 62.500000000000007 6.8500001430511483 -2.8249999284744258 27.750000000000004 6.2500000000000009 0.91595000028610241 1.0000000180025095e-35 32.500000000000007 74.500000000000014 1020.2500000000001 42.500000000000007
decision_type=2 2 2 2 2 2 2 2 2 2 2 2 2 2 2 2 2 2 2 2 2 2 2 2 2 2 2 2 2 2
left_child=1 3 -3 -1 10 6 8 28 27 19 13 25 -13 17 15 -15 -9 21 -19 29 -21 -2 24 -24 -11 -12 -27 -6 -8 -7
right_child=4 2 -4 -5 5 9 7 16 -10 22 11 12 -14 14 -16 -17 -18 18 -20 20 -22 -23 23 -25 -26 26 -28 -29 -30 -31
leaf_value=0.014003570099811118 0.008289824866256873 -0.034904168054180326 0.049769204990430312 0.047460610385256258 -0.010169989564491593 -0.057152120520671215 -0.02925363379804527 -0.072985295716595525 0.084965252515041473 -0.001070719560683026 -0.010342928970401939 0.026436831951141361 -0.050929119306452136 -0.020872725767117961 -0.013541718612913152 -0.087896419377887947 0.014826731507976851 0.078998384486745912 0.016480747972441284 0.016908979630428003 0.074271894296010332 -0.0044494755249467688 0.010047302363053805 0.083466158491192446 0.010047302363053805 0.012619767238696417 0.081111789102195408 0.015211105573436488 0.0024292756675795956 -0.0030089791009172066
leaf_weight=236 994 106 22 87 393 24 170 150 33 6313 22 90 68 108 242 85 24 54 48 705 75 6059 313 66 910 30 93 230 157 122
leaf_count=81 396 40 11 36 145 12 61 71 11 3954 10 41 34 36 108 33 12 24 20 271 25 3513 110 22 695 13 40 109 61 61
internal_value=2.23927e-05 0.0107073 -0.0203509 0.0230152 -0.000251751 0.00153998 -0.0111306 -0.0303067 0.00351464 0.00325901 -0.00245027 0.0218171 -0.00685991 -0.00341905 -0.0249749 -0.0503909 -0.0608733 -0.00210853 0.0356156 0.0170113 0.0224246 -0.00265409 0.00158384 0.0194481 0.000646474 0.0530651 0.0644064 -0.000799762 -0.014042 -0.0119092
internal_weight=18029 451 128 323 17578 9685 1157 501 656 8528 7893 303 158 7590 435 193 174 7155 102 926 780 7053 7602 379 7223 145 123 623 327 146
internal_count=10056 168 51 117 9888 5620 470 205 265 5150 4268 138 75 4130 177 69 83 3953 44 369 296 3909 4781 132 4649 63 53 254 122 73
is_linear=0
shrinkage=0.05


Tree=244
num_leaves=31
num_cat=0
split_feature=9 10 24 29 28 11 9 8 23 10 5 7 29 28 4 10 10 26 17 9 9 18 8 11 4 24 28 6 0 5
split_gain=19.1861 50.7453 70.5814 53.8276 67.2864 73.9393 55.8261 48.8664 90.6155 88.1538 306.288 367.625 154.046 119.938 83.3042 61.9976 176.952 108.209 63.2842 57.2024 37.4289 35.988 67.7781 42.1999 39.7809 32.9134 29.3289 25.487 22.2246 20.0085
threshold=-1.0000000180025095e-35 -0.91595000028610218 145.41500091552737 19.050000190734867 47.500000000000007 1.0000000180025095e-35 -0.37939999997615809 394.50000000000006 60.500000000000007 -0.98295000195503224 -2.3049999475479122 1020.6499938964845 4.5499999523162851 44.500000000000007 -0.76499998569488514 -0.6035499870777129 -1.0000000180025095e-35 5.7500000000000009 0.11549999937415124 0.78654998540878307 0.60354998707771312 4.9500000476837167 575.00000000000011 0.87834998965263378 0.48499999940395361 114.58499908447267 22.500000000000004 677.50000000000011 22.650000572204593 -2.6850000619888301
decision_type=2 2 2 2 2 2 2 2 2 2 2 2 2 2 2 2 2 2 2 2 2 2 2 2 2 2 2 2 2 2
left_child=1 21 -3 4 5 -4 -6 9 -9 10 11 13 -12 -2 -14 17 18 20 -17 -18 -11 24 -23 27 28 29 -19 -24 -1 -10
right_child=7 2 3 -5 6 -7 -8 8 25 15 12 -13 14 -15 -16 16 19 26 -20 -21 -22 22 23 -25 -26 -27 -28 -29 -30 -31
leaf_value=-0.074643804960780671 -0.30123340958043149 0.061542366639427519 -0.079312734986888248 0.030501148852349915 -0.001197324059618996 -0.015541575700213958 0.014776336927442797 0.010282119711405672 0.11451667926528238 -0.069321640854080518 -0.11081805064553214 0.010282119711405672 -0.05294839919905079 -0.13308246831099194 0.010282119711405672 -0.024904475426029443 -0.0006715284095506549 -0.0075528158238690711 0.0067130415816791357 0.010282119711405672 -0.017467064806953505 -0.014378685759924861 0.036513624201386666 0.066407782466788051 -0.014378685759924861 0.032483074468352816 0.010282119711405672 0.0022359923338294216 -0.031952092446499138 0.055409003539783203
leaf_weight=36 19 46 56 113 8941 130 412 175 22 60 31 26 48 24 348 822 2189 297 196 1600 28 375 59 38 144 139 1307 108 199 41
leaf_count=18 15 26 56 44 3650 130 261 93 11 53 13 13 22 12 159 662 1668 297 178 1277 28 167 26 19 58 60 885 51 85 19
internal_value=2.6036e-05 -0.00133057 -0.000245597 -0.000540069 -0.000948475 -0.0307269 -0.000356282 0.00198715 0.0195221 0.00104209 -0.0192758 -0.117018 -0.00348137 -0.207382 0.00492125 0.00259274 -0.000309465 0.0102821 -0.018817 0.004663 -0.0452162 -0.0123025 -0.00447277 0.0188507 -0.0242846 0.0460707 0.0102821 0.00802929 -0.0384921 0.0760498
internal_weight=18029 10657 9698 9652 9539 186 9353 7372 377 6995 496 69 427 43 396 6499 4807 1692 1018 3789 88 959 580 205 379 202 1604 167 235 63
internal_count=10056 4591 4167 4141 4097 186 3911 5465 183 5282 234 40 194 27 181 5048 3785 1263 840 2945 81 424 263 96 161 90 1182 77 103 30
is_linear=0
shrinkage=0.05


Tree=245
num_leaves=31
num_cat=0
split_feature=28 5 10 28 7 23 12 3 7 11 10 7 7 24 24 7 11 7 7 23 6 1 9 28 28 7 23 7 6 24
split_gain=27.4142 25 60.7273 215.588 68.313 46.2931 43.663 43.3022 166.113 138.782 154.516 79.1709 113.497 111.196 101.629 63.0912 48.7585 132.016 118.395 41.8586 36.7488 36.5031 34.7559 83.452 62.5963 29.4113 23.1275 24.8206 22.9136 13.0361
threshold=9.5000000000000018 -3.1149998903274532 0.91595000028610241 49.500000000000007 1017.1499938964845 44.500000000000007 0.81174999475479137 71.500000000000014 1019.0499877929689 -0.87834998965263356 1.0000000180025095e-35 1019.5499877929689 1016.8500061035157 225.41500091552737 46.250000000000007 1014.1499938964845 1.0000000180025095e-35 1021.0499877929689 1020.5499877929689 50.500000000000007 867.50000000000011 59.500000000000007 0.60354998707771312 37.500000000000007 45.500000000000007 1018.9500122070314 69.500000000000014 1017.6499938964845 52.500000000000007 557.08499145507824
decision_type=2 2 2 2 2 2 2 2 2 2 2 2 2 2 2 2 2 2 2 2 2 2 2 2 2 2 2 2 2 2
left_child=28 2 6 4 5 -4 22 8 15 20 -11 12 13 -9 -14 21 17 -13 -18 -5 -10 -3 24 -24 -2 -6 29 -28 -1 -8
right_child=1 7 3 19 25 -7 26 11 9 10 -12 16 14 -15 -16 -17 18 -19 -20 -21 -22 -23 23 -25 -26 -27 27 -29 -30 -31
leaf_value=-0.016067979145153601 -0.016067979145153601 -0.015475005677768161 -0.016067979145153601 0.079492190061954029 0.051994967621833976 0.032604109199375529 0.021930745112939794 0.015336297157248767 0.05053969878022873 -0.012101585736729878 0.017591386602042996 -0.016067979145153601 0.096324478172593653 -0.013265169875840642 0.011681170338687961 -0.016067979145153601 0.020636477045527148 0.00053831011140688346 -0.0041235239859233278 0.17101434767246249 0.002487736776032869 0.010810032737600943 -0.0019556701005618462 0.035832255852662705 0.00055573957712418912 0.00560653334073091 0.02375843964757458 0.074810627568513158 -0.069590226904704025 -0.0089089576042059703
leaf_weight=40 338 210 142 57 74 49 70 495 181 1174 699 1085 36 1084 2376 956 645 2123 1920 15.999999999999998 51 356 435 220 3027 59 93 32 26 66
leaf_count=40 275 71 142 37 74 49 54 353 87 543 465 576 31 557 1346 454 357 1153 1161 10 22 142 435 209 1274 59 31 13 26 39
internal_value=-4.38477e-05 7.3643e-05 0.0032203 0.0219275 0.00443809 -0.0147203 0.00148548 -0.00102561 -0.00569068 0.00349818 -0.00102023 0.000707311 0.00612232 -0.00429891 0.0129445 -0.016068 -0.0030362 -0.00714506 0.00210268 0.0995518 0.0399766 0.00105763 0.000198826 0.0107365 -0.00185233 0.0319512 0.0213029 0.0368278 -0.0322096 0.00703369
internal_weight=18135 18069 4678 397 324 191 4281 13391 3627 2105 1873 9764 3991 1579 2412 1522 5773 3208 2565 73 232 566 4020 655 3365 133 261 125 66 136
internal_count=10085 10019 2701 371 324 191 2330 7318 1784 1117 1008 5534 2287 910 1377 667 3247 1729 1518 47 109 213 2193 644 1549 133 137 44 66 93
is_linear=0
shrinkage=0.05


Tree=246
num_leaves=31
num_cat=0
split_feature=5 10 28 7 7 7 12 3 7 8 11 10 23 10 7 1 7 7 1 6 24 24 5 10 11 7 11 7 24 4
split_gain=24.5296 53.5154 195.937 63.2863 79.4002 58.3354 39.5346 38.3888 159.364 205.517 125.251 139.451 171.121 120.858 96.7552 84.1068 69.0611 104.478 140.601 197.16 131.596 84.2608 94.9318 69.59 65.7817 54.9506 44.1094 165.67 132.956 118.384
threshold=-3.1149998903274532 0.91595000028610241 49.500000000000007 1017.1499938964845 1016.8500061035157 1016.1499938964845 0.81174999475479137 71.500000000000014 1019.0499877929689 397.50000000000006 -0.87834998965263356 1.0000000180025095e-35 58.500000000000007 -0.98295000195503224 1016.0499877929689 75.500000000000014 1019.5499877929689 1016.8500061035157 89.500000000000014 197.50000000000003 230.41500091552737 46.250000000000007 0.069999998435378089 0.98295000195503246 0.87834998965263378 1017.3500061035157 1.0000000180025095e-35 1020.2500000000001 872.08499145507824 2.1250000000000004
decision_type=2 2 2 2 2 2 2 2 2 2 2 2 2 2 2 2 2 2 2 2 2 2 2 2 2 2 2 2 2 2
left_child=1 6 3 4 5 -3 -1 8 9 13 -10 24 -13 -2 -15 25 17 18 20 -20 -9 22 -19 -23 -12 -11 27 29 -29 -18
right_child=7 2 -4 -5 -6 -7 -8 16 10 15 11 12 -14 14 -16 -17 26 21 19 -21 -22 23 -24 -25 -26 -27 -28 28 -30 -31
leaf_value=0.00015798491297958105 -0.16002278506755829 -0.02074114477590603 0.094574249607242963 0.030380387594389442 -0.12496806383132936 0.047948740341234954 0.02023956004487372 0.030917090135640653 0.037977723125368359 0.0027026491204462308 -0.0083608355624227703 -0.0048651781669754529 0.045076277877345979 -0.020449072891453438 -0.05605929217735927 0.060386244068835297 -0.040968699736826569 0.048885842113428224 -0.0070486973814140891 -0.084569495196564731 -0.0061709933125649978 0.0095182571870502091 0.17260265467982544 0.048885842113428224 -0.056169640857049008 -0.020449072891453438 0.0017997511549866299 0.0021786939525039561 -0.033417072430000465 0.025436515934192216
leaf_weight=4020 20 136 73 133 14.999999999999998 40 261 329 232 582 1097 397 302 337 300 51 481 18 269 118 876 2332 19 48 77 232 2598 2369 295 78
leaf_count=2193 12 136 47 133 15 40 137 194 109 199 499 312 153 165 187 19 250 18 247 84 398 1310 14 40 44 85 1551 1324 130 40
internal_value=-0.000108038 0.00301085 0.0205722 0.00389884 -0.0145412 -0.00512981 0.0013823 -0.00119224 -0.00558869 -0.0179144 0.00332327 -0.000969215 0.0167118 -0.0389964 -0.0351965 -0.00190179 0.000429921 0.00547992 -0.00446568 -0.0306855 0.00395513 0.0120308 0.0869049 0.0108667 -0.0114965 -0.00580436 -0.00304808 -0.00695582 -0.00176303 -0.0317029
internal_weight=18135 4678 397 324 191 176 4281 13457 3627 1522 2105 1873 699 657 637 865 9830 4009 1592 387 1205 2417 37 2380 1174 814 5821 3223 2664 559
internal_count=10085 2701 371 324 191 176 2330 7384 1784 667 1117 1008 465 364 352 303 5600 2305 923 331 592 1382 32 1350 543 284 3295 1744 1454 290
is_linear=0
shrinkage=0.05


Tree=247
num_leaves=27
num_cat=0
split_feature=28 9 24 28 25 1 7 17 1 5 10 24 7 1 10 0 5 1 9 2 18 7 7 1 7 25
split_gain=24.3516 20.9652 71.6356 73.4079 148.792 110.347 91.8672 65.5315 65.2236 55.1917 46.5091 57.3736 55.3061 104.172 89.5848 30.5798 25.426 24.3096 20.959 16.9837 15.9803 15.7186 10.0436 8.13175 4.05513 0.148185
threshold=9.5000000000000018 -1.0000000180025095e-35 777.91500854492199 63.500000000000007 10.34999990463257 81.500000000000014 1018.7500000000001 0.1134999990463257 91.500000000000014 -1.2849999666213987 -0.91595000028610218 137.91500091552737 1021.0499877929689 84.500000000000014 0.78654998540878307 28.150000572204593 4.305000066757203 79.500000000000014 0.60354998707771312 1.3450000286102297 4.9500000476837167 1020.1499938964845 1019.7500000000001 97.500000000000014 1016.3500061035157 10.550000190734865
decision_type=2 2 2 2 2 2 2 2 2 2 2 2 2 2 2 2 2 2 2 2 2 2 2 2 2 2
left_child=18 10 3 6 7 -6 8 -5 -3 -8 15 19 13 -13 -14 16 20 -4 -1 -12 -2 -19 -18 -20 -17 -23
right_child=1 2 17 4 5 -7 9 -9 -10 -11 11 12 14 -15 -16 24 22 21 23 -21 -22 25 -24 -25 -26 -27
leaf_value=-0.076520493295457626 -0.01520489104538956 0.0093361860296492377 -0.01520489104538956 0.0093361860296492377 0.031307977588401426 0.09051331371205662 0.0062536819124356813 0.031307977588401426 -0.0051057379383186163 -0.0051057379383186163 0.097029257814089456 -0.00038037187542341904 0.0019444435845094332 -0.01520489104538956 0.029309982188396533 0.046004695594310765 -0.01520489104538956 -0.0051057379383186163 -0.01520489104538956 0.031011763925448466 -0.0054822044209746658 -0.01520489104538956 0.0078870326426239007 -0.058412702246145767 0.0148967915807258 -0.0051057379383186163
leaf_weight=18 302 1845 349 545 111 109 1116 112 567 2247 18 6616 1870 950 356 20 23 134 37 18 467 134 110 10.999999999999998 22 28
leaf_count=18 127 1577 172 232 43 43 955 46 547 1618 16 2615 832 535 218 10 10 73 37 6 215 63 43 11 11 12
internal_value=-0.000102329 8.40478e-06 0.00207773 0.00362037 0.0170989 0.0532798 0.00157351 0.00933619 0.00901995 -0.00376721 -0.00139336 -0.000375137 -0.000606774 -0.00264499 0.00632096 -0.0119941 -0.013936 -0.0138318 -0.0304182 0.0626303 -0.0152049 -0.00510574 0.0069051 -0.0152049 0.0297101 -0.0152049
internal_weight=18135 18069 7297 6652 877 220 5775 657 2412 3363 10772 9828 9792 7566 2226 944 902 645 66 36 769 296 133 48 42 162
internal_count=10085 10019 5381 5061 364 86 4697 278 2124 2573 4638 4222 4200 3150 1050 416 395 320 66 22 342 148 53 48 21 75
is_linear=0
shrinkage=0.05


Tree=248
num_leaves=31
num_cat=0
split_feature=5 10 28 11 20 2 23 12 1 1 25 4 11 0 18 8 5 4 9 0 9 2 12 9 28 9 27 11 6 14
split_gain=22.0264 47.1472 177.165 39.3913 47.1353 37.1562 36.8827 35.8857 35.353 43.1295 55.0209 46.1692 104.347 71.9487 69.7377 38.0917 36.5444 82.4512 49.0053 35.8615 31.3255 51.3479 38.5606 30.2251 74.743 68.1508 35.2627 33.6912 29.9247 27.6917
threshold=-3.1149998903274532 0.91595000028610241 49.500000000000007 -0.60784998536109913 8.6500000953674334 3.6550000905990605 50.500000000000007 0.81174999475479137 59.500000000000007 62.500000000000007 9.2500000000000018 0.65500000119209301 0.87834998965263378 21.650000572204593 7.5499999523162851 105.50000000000001 3.554999947547913 -0.39499999582767481 1.0000000180025095e-35 24.750000000000004 -0.78654998540878285 2.9850000143051152 1.0000000180025095e-35 0.60354998707771312 37.500000000000007 1.0000000180025095e-35 5.1499998569488534 -0.60784998536109913 677.50000000000011 48.000000000000007
decision_type=2 2 2 2 2 2 2 2 2 2 2 2 2 2 2 2 2 2 2 2 2 2 2 2 2 2 2 2 2 2
left_child=1 7 3 -3 5 -5 -4 23 15 10 19 16 13 -13 -14 -2 18 -18 -11 -10 22 -22 -17 25 -25 29 -26 -27 -24 -1
right_child=8 2 6 4 -6 -7 -8 -9 9 11 -12 12 14 -15 -16 20 17 -19 -20 -21 21 -23 28 24 26 27 -28 -29 -30 -31
leaf_value=0.0030727057505108447 -0.042302976128382561 -0.026509644672638034 0.070833356338634829 0.017861224931853246 0.04033760775678924 -0.022240282989387374 0.15674371160566808 0.019249053903180977 -0.020913213161467915 -0.0079935866213290303 0.026626022993630205 -0.0039286754546292981 0.012563492973781743 0.01097026199988335 0.052129055402122898 0.0066916548716387933 -0.014670598788017578 0.016283734253695097 0.0023207582717138775 0.010258041019977529 -0.0016062789075579999 -0.024378808564614007 0.035178637752930328 -0.0020681772761089708 0.015812742133800513 -0.004505025580283103 0.045907514343836477 -0.038612938440002673 -0.023892100712293713 -0.0081050472369946069
leaf_weight=2340 78 82 57 41 98 103 15.999999999999998 261 151 4096 323 3016 441 1108 149 598 330 618 1602 62 370 290 24 435 45 123 175 176 201 726
leaf_count=1001 35 82 37 41 98 103 10 137 66 1959 121 2029 270 503 118 224 118 232 1350 23 134 115 8 435 42 90 167 163 79 295
internal_value=-0.000143814 0.00281166 0.019295 0.00344047 0.0135889 -0.00461516 0.089663 0.00128307 -0.00117121 -0.000242867 0.0136171 -0.000896825 0.00288797 7.42398e-05 0.0225555 -0.00824591 -0.00358138 0.00550849 -0.0050937 -0.00610994 -0.00645464 -0.0145694 5.29583e-05 0.000116622 0.00994343 -0.00179617 0.0336937 -0.0245819 -0.0175912 0.000425919
internal_weight=18135 4678 397 324 242 144 73 4281 13457 11896 536 11360 4714 4124 590 1561 6646 948 5698 213 1483 660 823 4020 655 3365 220 299 225 3066
internal_count=10085 2701 371 324 242 144 47 2330 7384 6789 210 6579 2920 2532 388 595 3659 350 3309 89 560 249 311 2193 644 1549 209 253 87 1296
is_linear=0
shrinkage=0.05


Tree=249
num_leaves=22
num_cat=0
split_feature=28 4 7 3 3 7 5 5 3 7 7 6 25 3 27 12 11 24 3 9 8
split_gain=21.0658 19.8316 23.7495 74.0078 19.6905 43.2445 71.5303 47.3741 28.864 78.45 75.0746 19.3135 15.082 13.4447 11.0283 8.84203 8.39909 8.0898 4.19253 1.10553 0.46893
threshold=9.5000000000000018 -4.6249999999999991 1010.7500000000001 1.0000000180025095e-35 23.500000000000004 1019.8500061035157 -2.8449999094009395 -1.3049999475479124 71.500000000000014 1022.4500122070314 1019.5499877929689 52.500000000000007 6.6499998569488534 1.5000000000000002 25.44999980926514 -0.56175000965595234 0.60784998536109935 942.50000000000011 56.500000000000007 0.78654998540878307 452.50000000000006
decision_type=2 2 2 2 2 2 2 2 2 2 2 2 2 2 2 2 2 2 2 2 2
left_child=11 12 3 -3 5 6 -4 -7 9 -6 -10 19 -2 -5 -13 -14 -15 18 -17 -1 -19
right_child=1 2 4 13 8 7 -8 -9 10 -11 -12 14 15 16 -16 17 -18 20 -20 -21 -22
leaf_value=-0.014186597764349837 -0.014186597764349837 0.234230105082194 0.0040616576258804922 0.061707170804341641 -0.0071760289980738485 0.019735026895984643 -0.014186597764349837 -0.014186597764349837 0.0055087294239146668 0.011637113267156086 -0.0030689084074444453 -0.090311850607395161 0.042987145045224356 -0.014186597764349837 -0.038503802498874723 0.030919503372694765 0.0071844713305527306 0.0027973897039020854 0.013348038710237781 -0.029992842335592618 0.0092511992111350555
leaf_weight=18 34 2.9999999999999991 1959 5.9999999999999991 3539 610 283 98 4536 657 5829 16.000000000000004 34 264 9.9999999999999982 70 53 31 30 22 33
leaf_count=18 13 1 1289 2 1502 400 167 69 2742 339 3306 16 13 94 10 25 23 11 12 22 11
internal_value=-0.00013985 -3.68572e-05 -0.000225771 -0.0135974 2.31656e-05 0.00374817 0.000346256 0.0145209 -0.000731506 -0.00423031 0.000684894 -0.0283363 0.0144876 -0.0141866 -0.062821 0.0197814 -0.0141866 0.0149704 0.0238987 -0.0141866 0.00279739
internal_weight=18135 18069 17837 326 17511 2950 2242 708 14561 4196 10365 66 232 323 26 198 317 164 100 40 64
internal_count=10085 10019 9934 120 9814 1925 1456 469 7889 1841 6048 66 85 119 26 72 117 59 37 40 22
is_linear=0
shrinkage=0.05


Tree=250
num_leaves=31
num_cat=0
split_feature=28 9 11 18 28 5 10 5 25 9 8 27 5 23 18 28 0 28 10 5 7 1 4 4 7 6 21 25 26 4
split_gain=23.3134 65.9423 68.7215 22.2651 23.289 22.0219 19.9802 19.0118 25.8263 19.4955 98.564 195.243 107.049 96.0876 94.6489 49.6702 40.4454 33.5755 57.4573 178.26 25.8197 12.7675 11.2616 8.82065 7.06249 3.47746 2.5153 6.63745 2.27617 0.992834
threshold=22.500000000000004 0.60354998707771312 0.87834998965263378 6.6499998569488534 11.500000000000002 -1.8450000286102293 0.60354998707771312 6.3849999904632577 10.84999990463257 1.0000000180025095e-35 1.0000000180025095e-35 13.34999990463257 -0.70499998331069935 57.500000000000007 6.4500000476837167 34.500000000000007 21.650000572204593 50.500000000000007 0.91595000028610241 -2.814999938011169 1019.0499877929689 89.500000000000014 1.6549999713897707 0.80500000715255748 1019.7500000000001 52.500000000000007 10.150000095367433 5.2500000000000009 9.5500001907348651 1.8450000286102297
decision_type=2 2 2 2 2 2 2 2 2 2 2 2 2 2 2 2 2 2 2 2 2 2 2 2 2 2 2 2 2 2
left_child=1 2 3 -1 -5 24 22 9 23 17 12 13 15 -12 -13 -11 -14 -2 20 -20 -19 -8 -3 -9 -4 29 -25 -28 -6 -24
right_child=7 6 5 4 28 -7 21 8 -10 10 11 14 16 -15 -16 -17 -18 18 19 -21 -22 -23 25 26 -26 -27 27 -29 -30 -31
leaf_value=-0.068201311952189397 -0.0040536694253838655 -0.0040536694253838655 -0.085675208171208689 -0.038747845406372314 -0.021400757415878088 -0.13909722836688163 -0.080994698603947937 -0.0040536694253838655 0.058964538176854459 -0.0040536694253838655 0.0077016010998530102 0.033545833915435641 -0.0040536694253838655 0.033545833915435641 0.081278914561023929 0.0077016010998530102 0.0077016010998530102 -0.0018531779954324206 0.1148043882279169 0.0079144770736674988 0.0023662486295867734 -0.01007477217777209 -0.020097346468405285 0.0037957514026041687 -0.03142851769924164 -0.066246994733810433 0.012419197244436261 0.03356877263420556 -0.0040536694253838655 -0.04050748528769383
leaf_weight=19 1131 519 15.000000000000002 20 18 15.999999999999998 15.000000000000002 44 30 814 640 46 1912 251 166 941 404 5665 42 547 4657 10.999999999999998 11.000000000000002 29 9.9999999999999982 9.9999999999999982 50 28 65 12.999999999999998
leaf_count=19 888 519 15 20 18 16 15 17 10 814 434 33 1218 128 142 865 236 2223 25 286 1980 11 11 12 10 10 25 15 65 13
internal_value=0.000101054 -0.00857859 -0.037289 -0.0184684 -0.00929438 -0.0932919 -0.00405367 0.000471249 0.0165915 0.000301769 0.00286866 0.0161267 -0.00072348 0.0077016 0.0593901 0.0077016 -0.00405367 -0.000801128 0.000347313 0.0155365 -0.000519421 -0.0509901 -0.00405367 0.00817301 -0.0639765 -0.0414746 0.0163683 0.0210426 -0.00405367 -0.0311528
internal_weight=18139 742 163 122 103 41 579 17397 181 17216 5174 1103 4071 891 212 1755 2316 12042 10911 589 10322 26 553 151 25 34 107 78 83 24
internal_count=10093 742 163 122 103 41 579 9351 79 9272 3870 737 3133 562 175 1679 1454 5402 4514 311 4203 26 553 69 25 34 52 40 83 24
is_linear=0
shrinkage=0.05


Tree=251
num_leaves=16
num_cat=0
split_feature=0 28 24 27 23 0 1 9 5 1 11 18 10 11 27
split_gain=19.9915 19.6477 34.199 29.281 93.5083 22.9837 19.9875 59.9231 24.4195 138.5 61.2043 19.1964 16.9339 4.84044 0.719842
threshold=16.050000190734867 25.500000000000004 266.25000000000006 22.750000000000004 56.500000000000007 22.150000572204593 96.500000000000014 0.60354998707771312 -1.3049999475479124 83.500000000000014 0.87834998965263378 6.6499998569488534 0.60354998707771312 -0.87834998965263356 14.650000095367433
decision_type=2 2 2 2 2 2 2 2 2 2 2 2 2 2 2
left_child=11 2 12 6 5 -5 8 -8 9 -3 -10 -1 14 -9 -2
right_child=1 3 -4 4 -6 -7 7 13 10 -11 -12 -13 -14 -15 -16
leaf_value=-0.08232011497020722 -0.010979907950358603 -0.0016344248737031554 -0.01880640827320882 0.01561331284084061 0.13397158516777888 0.074792449004309744 -0.0031534076275083881 -0.0031534076275083881 -0.0031534076275083881 0.013417247928018959 0.010067107292134643 -0.01880640827320882 -0.010979907950358603 0.01561331284084061 -0.0031534076275083881
leaf_weight=14.999999999999998 54 6260 168 47 18 13.999999999999998 104 61 7460 2022 966 20 49 179 702
leaf_count=14 54 2898 168 47 18 7 89 44 3598 1704 533 20 49 148 702
internal_value=3.30845e-05 0.000106069 -0.00680544 0.000498627 0.0308687 0.0156133 0.000357926 0.0122881 0.000112297 0.00204035 -0.00178281 -0.0377189 -0.00315341 0.0156133 -0.00315341
internal_weight=18139 18104 973 17131 79 61 17052 344 16708 8282 8426 35 805 240 756
internal_count=10093 10059 973 9086 72 54 9014 281 8733 4602 4131 34 805 192 756
is_linear=0
shrinkage=0.05


Tree=252
num_leaves=25
num_cat=0
split_feature=5 25 0 24 7 7 10 27 24 5 7 23 2 7 21 6 10 18 21 4 21 25 5 7
split_gain=18.3003 23.391 17.4667 17.9042 15.3833 49.7349 69.3368 58.2769 42.0656 49.5645 31.5271 59.7096 26.7008 25.2754 188.663 23.6515 22.9735 21.6471 21.3328 9.187 2.28437 6.1402 1.04657 0.0301969
threshold=6.3849999904632577 10.84999990463257 16.050000190734867 46.250000000000007 1024.9500122070315 1025.9500122070315 -0.98295000195503224 6.0499999523162851 376.25000000000006 1.0549999475479128 1023.8500061035157 62.500000000000007 3.0449999570846562 1023.5499877929689 14.050000190734865 272.50000000000006 0.60354998707771312 20.150000572204593 9.9499998092651385 0.80500000715255748 10.150000095367433 5.2500000000000009 1.0000000180025095e-35 1021.3500061035157
decision_type=2 2 2 2 2 2 2 2 2 2 2 2 2 2 2 2 2 2 2 2 2 2 2 2
left_child=2 19 3 22 10 8 7 -7 9 -6 13 15 -13 16 -15 -12 -4 -8 -10 -2 -21 23 -1 -22
right_child=1 -3 4 -5 5 6 17 -9 18 -11 11 12 -14 14 -16 -17 -18 -19 -20 20 21 -23 -24 -25
leaf_value=-0.017739502047693832 -0.011395984820344231 0.056173978249231975 0.00088587721048717118 -0.092370955124497417 0.024565181307818582 -0.017739502047693832 -0.017739502047693832 0.087383642289111579 -0.0084135327169412681 0.098746654071978163 -0.0077158097799266447 0.018164110159248872 -0.0056202313478636206 -0.017739502047693832 0.063120412781155849 -0.017739502047693832 -0.0036738089507326564 0.028184960195078303 0.016147836416626607 0.0037636341334416953 0.016417279094457626 0.03200520843485366 -0.035815764609724285 0.011981689976445942
leaf_weight=15.000000000000002 44 30 12319 9.9999999999999982 115 20 240 31 138 28 185 177 354 161 118 204 3561 26 246 29 28 28 9.9999999999999982 22
leaf_count=15 17 10 6309 9 78 10 137 19 62 17 163 106 164 100 70 108 2487 26 124 12 14 15 10 11
internal_value=2.90864e-05 0.0158482 -0.000130355 -0.0354176 -6.14467e-05 0.00652801 -0.00912166 0.0443933 0.0159416 0.0390902 -0.00038708 -0.00939022 0.00230788 0.000125507 0.0150443 -0.0177395 -0.000136607 -0.0177395 0.00732109 0.00783644 0.0157451 0.0201997 -0.0177395 0.0119817
internal_weight=18139 181 17958 35 17923 844 317 51 527 143 17079 920 531 16159 279 389 15880 266 384 151 107 78 25 50
internal_count=10093 79 10014 34 9980 473 192 29 281 95 9507 541 270 8966 170 271 8796 163 186 69 52 40 25 25
is_linear=0
shrinkage=0.05


Tree=253
num_leaves=20
num_cat=0
split_feature=28 18 5 25 24 10 28 3 8 1 5 1 7 12 7 4 10 21 25
split_gain=18.1336 37.1176 16.0002 21.1237 15.6035 16.4277 14.3296 34.0138 15.143 16.3564 22.9761 20.2168 11.9759 9.53735 8.45359 7.67611 4.59281 2.05423 5.73408
threshold=18.500000000000004 19.150000572204593 6.3849999904632577 10.84999990463257 195.41500091552737 -0.6035499870777129 137.00000000000003 117.50000000000001 838.50000000000011 59.500000000000007 -3.2949999570846553 62.500000000000007 1019.5499877929689 1.0000000180025095e-35 1023.1499938964845 0.80500000715255748 -0.37939999997615809 10.150000095367433 5.2500000000000009
decision_type=2 2 2 2 2 2 2 2 2 2 2 2 2 2 2 2 2 2 2
left_child=1 4 6 15 5 12 8 -8 9 10 -2 -11 -1 -7 -14 -4 -15 -17 -19
right_child=2 -3 3 -5 -6 13 7 -9 -10 11 -12 -13 14 16 -16 17 -18 18 -20
leaf_value=-0.015427841655203578 0.0025666936519068077 -0.0049777779917455694 -0.0049777779917455694 0.053365282118320471 -0.070643206768565711 -0.046437534717599455 0.053099552869796757 0.0097315157474377259 0.0097315157474377259 0.0047851285082573984 -0.0049777779917455694 -8.3048119858624357e-06 -0.045754947134389962 -0.04291865564365354 -0.015427841655203578 0.0035754525584393536 -0.015427841655203578 0.011368552014700226 0.030397689964387888
leaf_weight=63 1079 185 44 30 18 37 50 45 162 716 1593 13889 58 18 17 29 28 50 28
leaf_count=63 375 185 17 10 18 37 17 17 54 289 600 8238 58 18 17 12 28 25 15
internal_value=9.24775e-06 -0.0102094 0.000253826 0.0150437 -0.0258779 -0.0222319 0.000101153 0.0194674 -4.34551e-06 -0.000161259 -0.00375803 0.000496774 -0.0154278 -0.040289 -0.0361516 0.0074301 -0.0222188 0.0149374 0.0191617
internal_weight=18139 424 17715 181 239 221 17534 95 17439 17277 2672 14605 138 83 75 151 46 107 78
internal_count=10093 424 9669 79 239 221 9590 34 9556 9502 975 8527 138 83 75 69 46 52 40
is_linear=0
shrinkage=0.05


Tree=254
num_leaves=26
num_cat=0
split_feature=28 27 7 11 10 27 14 6 2 7 7 10 4 21 18 5 1 8 21 0 2 1 23 23 5
split_gain=14.9739 53.0575 73.768 28.8003 30.364 23.9827 86.7355 21.2115 16.7787 16.5053 35.5822 22.7158 17.7183 42.6076 45.7183 31.5277 119.1 38.7714 16.4935 12.7349 8.19273 2.76356 1.48491 1.40979 0.486563
threshold=25.500000000000004 14.650000095367433 1016.4500122070314 0.87834998965263378 -1.0000000180025095e-35 22.750000000000004 55.000000000000007 327.50000000000006 1.794999957084656 1024.9500122070315 1025.9500122070315 -0.98295000195503224 1.7849999666213991 7.9500000476837167 8.4499998092651385 -1.3049999475479124 83.500000000000014 751.00000000000011 9.6500000953674334 22.150000572204593 2.6550000905990605 89.500000000000014 28.500000000000004 13.500000000000002 0.15500000119209292
decision_type=2 2 2 2 2 2 2 2 2 2 2 2 2 2 2 2 2 2 2 2 2 2 2 2 2
left_child=1 2 22 7 -5 9 8 -3 -7 12 18 -12 15 -14 -15 16 -2 -17 20 -8 -11 -4 24 -6 -1
right_child=5 3 21 4 23 6 19 -9 -10 10 11 -13 13 14 -16 17 -18 -19 -20 -21 -22 -23 -24 -25 -26
leaf_value=-0.035130013038332637 -0.0020603680955751046 -0.0027835592736678589 -0.099424999455610896 -0.022907322957558162 -0.022907322957558162 0.1564800598404624 0.013957205474962799 -0.022907322957558162 0.07396004285131183 0.0055868231006474698 0.013957205474962799 -0.0027835592736678589 -0.0027835592736678589 0.0039492624315382403 0.013957205474962799 -0.0027835592736678589 0.011786565150862321 0.013957205474962799 0.013957205474962799 0.062113027900750441 -0.0027835592736678589 -0.13269955928509053 -0.022907322957558162 -0.0027835592736678589 -0.049092000971237823
leaf_weight=13.000000000000002 6068 704 12.000000000000002 91 17 11.000000000000002 41 31 13.999999999999998 66 51 244 321 544 545 6598 2087 93 363 13.999999999999998 80 12.999999999999998 38 68 11.999999999999998
leaf_count=13 2806 704 12 91 17 11 41 31 14 33 29 141 148 278 271 3298 1766 31 186 7 34 13 38 68 12
internal_value=1.82833e-05 -0.00593223 -0.0430311 -0.00278356 -0.0229073 0.000365107 0.0276774 -0.00278356 0.110269 0.000237031 0.00723015 -0.00278356 -0.000108839 0.00524752 0.0106821 -0.00061756 0.00148329 -0.00278356 0.0139572 0.0139572 -0.00278356 -0.116728 -0.0229073 -0.00278356 -0.0418318
internal_weight=18139 999 88 911 176 17140 80 735 25 17060 804 295 16256 1410 1089 14846 8155 6691 509 55 146 25 63 85 25
internal_count=10093 999 88 911 176 9094 73 735 25 9021 423 170 8598 697 549 7901 4572 3329 253 48 67 25 63 85 25
is_linear=0
shrinkage=0.05


Tree=255
num_leaves=31
num_cat=0
split_feature=11 7 10 23 29 3 3 25 7 17 2 28 18 10 7 8 5 7 0 25 3 25 3 26 24 5 7 11 11 23
split_gain=23.9676 92.9858 394.015 99.7922 170.757 143.387 159.604 162.265 95.4427 69.6474 67.3136 52.6747 49.7983 47.7069 55.7465 32.3916 31.811 24.596 27.8991 31.0732 22.6664 54.6398 78.0021 47.1415 46.8135 177.625 45.7286 33.4974 31.935 75.9169
threshold=0.87834998965263378 1015.4500122070314 0.3793999999761582 67.500000000000014 10.34999990463257 185.50000000000003 42.500000000000007 15.449999809265138 1014.2500000000001 0.097500000149011626 5.4549999237060556 23.500000000000004 4.8500001430511483 1.0000000180025095e-35 1014.9500122070314 420.50000000000006 3.4650000333786015 1026.7500000000002 23.050000190734867 12.250000000000002 186.50000000000003 6.5499999523162851 41.500000000000007 30.60000038146973 235.41500091552737 1.4750000238418581 1021.2500000000001 0.60784998536109935 1.0000000180025095e-35 60.500000000000007
decision_type=2 2 2 2 2 2 2 2 2 2 2 2 2 2 2 2 2 2 2 2 2 2 2 2 2 2 2 2 2 2
left_child=17 2 13 5 12 6 10 -8 -4 -7 -3 -11 -5 15 -15 16 -2 20 -19 -20 21 22 -1 24 25 -22 -26 -24 -23 -30
right_child=1 3 8 4 -6 9 7 -9 -10 11 -12 -13 -14 14 -16 -17 -18 18 19 -21 23 28 27 -25 26 -27 -28 -29 29 -31
leaf_value=-0.0032930668125360808 -0.05774985633270685 0.0089963883974556041 -0.051597279567143023 0.013150214834086071 0.07834432095472442 -0.091843782551586636 -0.075443056377801396 0.013150214834086071 -0.16843349554321985 -0.023994864795643552 -0.11171740964055062 0.013150214834086071 0.045747267894405245 -0.0080146146317323051 0.090923883574349551 0.016781369260742623 -0.0063272809878120607 -0.051769176714122303 -0.026578093760998036 0.04615838798609647 -0.0015281585074315191 0.00053678397058715816 -0.01839363226151847 0.064382866483468276 -0.0098401260275806993 0.03064927610983241 -0.0015281585074315191 -0.051423148222659767 -0.0032930668125360808 0.014362127763861036
leaf_weight=811 43 307 29 434 122 15.999999999999998 170 63 44 104 11.999999999999998 664 71 24 35 93 21 50 39 22 1869 5930 235 26 2933 188 1219 114 896 1480
leaf_count=557 25 245 29 186 47 8 90 32 21 104 6 501 32 12 14 31 21 34 17 11 1548 2780 91 13 1679 105 640 45 595 561
internal_value=5.93369e-05 0.00488531 -0.0215939 0.00878367 0.0252398 0.00106063 -0.0185222 -0.0499808 -0.122019 0.0131502 0.00445543 0.0131502 0.0131502 0.0123461 0.0506777 -0.0020588 -0.0294359 -0.000627995 -0.0240817 -0.00138701 -0.000462186 0.00107963 -0.00908539 -0.00280298 -0.00308431 0.00308386 -0.00614017 -0.0291826 0.00249926 0.00739718
internal_weight=18064 2252 289 1963 627 1336 552 233 73 784 319 768 505 216 59 157 64 15812 111 61 15701 9466 1160 6235 6209 2057 4152 349 8306 2376
internal_count=10080 1404 153 1251 265 986 373 122 50 613 251 605 218 103 26 77 46 8676 62 28 8614 4629 693 3985 3972 1653 2319 136 3936 1156
is_linear=0
shrinkage=0.05


Tree=256
num_leaves=31
num_cat=0
split_feature=7 3 9 3 28 27 7 25 5 23 1 5 26 9 25 7 18 7 4 4 1 14 3 1 5 18 7 6 26 13
split_gain=23.3669 58.6457 20.0613 21.2106 27.7883 60.2735 33.1621 33.0465 21.2715 20.654 38.9154 58.6793 50.4969 48.6034 38.0341 21.5919 90.83 41.6903 19.8276 21.3625 33.2022 36.4104 19.4018 58.3899 29.6615 19.1554 16.1088 13.9459 9.48819 9.1377
threshold=1010.7500000000001 1.5000000000000002 0.98295000195503246 198.50000000000003 33.500000000000007 12.949999809265138 1018.9500122070314 12.34999990463257 -0.085000000894069658 32.500000000000007 92.500000000000014 -1.3049999475479124 10.650000095367433 0.3793999999761582 4.5499999523162851 1024.6499633789065 19.349999427795414 1025.9500122070315 -3.314999938011169 0.23499999940395358 77.500000000000014 48.000000000000007 29.500000000000004 83.500000000000014 3.4650000333786015 10.650000095367433 1024.7500000000002 42.500000000000007 8.1500000953674334 1.0000000180025095e-35
decision_type=2 2 2 2 2 2 2 2 2 2 2 2 2 2 2 2 2 2 2 2 2 2 2 2 2 2 2 2 2 2
left_child=1 -1 9 8 25 7 -7 -6 28 10 14 13 -13 -12 -2 22 17 -17 -3 20 21 -20 23 -11 -24 27 -16 -5 -4 -27
right_child=2 18 3 4 5 6 -8 -9 -10 15 11 12 -14 -15 26 16 -18 -19 19 -21 -22 -23 24 -25 -26 29 -28 -29 -30 -31
leaf_value=0.11358348263634577 -0.059926714992214893 0.0020778503610726891 -0.0039674499173304959 -0.0021852595582806918 0.014186083833302044 0.13218118391538922 0.049866578728099888 0.049866578728099888 -0.025887595355825528 -0.00031831487415204116 -0.1125851419838992 -0.05297129155369476 -0.010950933307619162 -0.0020403580537677792 -0.0020403580537677792 0.01285733545877254 0.099945664405822754 -0.0020403580537677792 -0.021265752332797951 -0.0021538331214621476 0.0072994138065137371 -0.074763713852833896 -0.0020403580537677792 0.015777303843654149 0.0041001278770948649 0.014186083833302044 -0.028898408127698439 -0.035179311912506818 0.031281678602099419 -0.0021852595582806918
leaf_weight=8.9999999999999982 29 109 42 23 145 19 20 35 71 2221 10.999999999999998 144 142 157 1414 712 26 290 69 79 38 59 8761 755 2441 71 67 50 35 20
leaf_count=3 22 40 42 23 99 13 14 14 46 1091 11 118 95 157 1136 381 20 169 23 27 19 20 4634 629 1002 71 57 50 34 20
internal_value=9.91644e-05 -0.0124585 0.000356688 0.00992838 0.0161404 0.0277951 0.0841478 0.0155853 -0.00614725 6.06737e-05 -0.00476462 -0.0177374 -0.032108 -0.00204036 -0.00204036 0.000683907 0.00768102 0.00528692 -0.015663 -0.0235558 -0.0337411 -0.045925 0.00017657 0.00376508 -0.000776779 0.000577076 -0.00204036 -0.0185566 0.0120549 0.0141861
internal_weight=18064 363 17701 531 383 219 39 180 148 17170 1964 454 286 168 1510 15206 1028 1002 354 245 166 128 14178 2976 11202 164 1481 73 77 91
internal_count=10080 132 9948 426 304 140 27 113 122 9522 1596 381 213 168 1215 7926 570 550 129 89 62 43 7356 1720 5636 164 1193 73 76 91
is_linear=0
shrinkage=0.05


Tree=257
num_leaves=31
num_cat=0
split_feature=11 4 2 1 10 7 5 24 29 9 28 18 7 8 4 4 7 25 12 10 1 8 1 7 9 8 10 1 27 24
split_gain=22.254 100.897 95.5305 61.2568 125.927 106.264 72.9093 57.9595 56.1053 113.205 52.6782 31.4634 29.2914 27.2191 26.5854 64.7451 68.5979 108.115 147.605 81.0866 169.153 72.212 61.3929 57.6106 69.0419 94.8957 54.9049 235.213 121.203 77.6076
threshold=0.87834998965263378 0.89499998092651378 1.0699999928474428 68.500000000000014 -0.78654998540878285 1014.7500000000001 -4.2550001144409171 495.41499328613287 5.7500000000000009 0.3793999999761582 65.500000000000014 4.1499998569488534 1019.5499877929689 583.50000000000011 0.34499999880790716 0.55500000715255748 1019.4500122070314 8.8499999046325701 0.81174999475479137 0.98295000195503246 87.500000000000014 2.5000000000000004 51.500000000000007 1019.3500061035157 0.60354998707771312 92.500000000000014 -0.91595000028610218 92.500000000000014 2.2500000000000004 165.41500091552737
decision_type=2 2 2 2 2 2 2 2 2 2 2 2 2 2 2 2 2 2 2 2 2 2 2 2 2 2 2 2 2 2
left_child=14 2 -2 7 6 -6 -5 13 -3 11 -9 -10 -13 -4 26 23 17 21 -19 22 -21 -17 -18 24 25 -16 27 28 -1 -30
right_child=1 8 3 4 5 -7 -8 10 9 -11 -12 12 -14 -15 15 16 19 18 -20 20 -22 -23 -24 -25 -26 -27 -28 -29 29 -31
leaf_value=-0.23002746601899468 0.061164618910600745 0.0061506552000840514 0.014347039274116909 0.029067413493439068 -0.091543745296075951 0.0011070837861747954 -0.053345681251031563 -0.075355758450248028 0.043621416557200102 0.023116137338802217 0.0044784689286504606 0.072381070007880535 0.13468040233028347 0.029067413493439068 -0.073472146081057052 -0.01701458987987815 -0.066994840686945889 0.0079072256939243992 0.056686973920449836 -0.0078419465858202714 0.10190819569353789 0.0072610911518165028 -0.0067939214694134227 -0.0026728239682537614 0.0024846206611591924 -0.016596125313195827 0.0023789170861827354 -0.17071650949391454 0.011101168152720978 -0.014359688969027347
leaf_weight=5.9999999999999991 60 222 44 9.9999999999999982 32 941 191 22 49 138 340 54 29 120 134 551 43 657 203 104 53 424 2801 394 121 162 8862 22 480 795
leaf_count=3 43 108 23 5 27 668 137 13 22 132 131 29 16 50 108 430 15 445 96 57 32 212 1644 236 117 72 4556 16 240 397
internal_value=0.00010406 0.00475431 -0.000841346 -0.00302979 -0.00938283 -0.00194001 -0.045412 0.0111498 0.0247713 0.0400816 -0.000373335 0.0753921 0.0941483 0.0290674 -0.000558245 -0.00330895 -0.00111649 0.00649899 0.0194215 -0.00577307 0.0292075 -0.00489933 -0.00770413 -0.0163826 -0.0293362 -0.0423441 0.000969862 -0.00861345 -0.00582947 -0.00477443
internal_weight=18064 2252 1760 1700 1174 973 201 526 492 270 362 132 83 164 15812 5647 4836 1835 860 3001 157 975 2844 811 417 296 10165 1303 1281 1275
internal_count=10080 1404 1097 1054 837 695 142 217 307 199 144 67 45 73 8676 3464 2931 1183 541 1748 89 642 1659 533 297 180 5212 656 640 637
is_linear=0
shrinkage=0.05


Tree=258
num_leaves=31
num_cat=0
split_feature=7 3 4 0 1 6 11 4 23 2 10 7 24 27 26 8 4 10 1 4 1 1 7 12 18 1 11 2 26 4
split_gain=21.3969 52.8908 18.2414 25.5345 26.2807 19.4742 17.9778 88.7462 128.075 134.619 123.93 156.632 114.658 96.0883 50.564 68.5409 28.1192 75.2168 133.347 61.7563 100.669 61.1484 118.98 113.627 55.5748 48.8006 45.2656 38.5039 25.9324 44.0563
threshold=1010.7500000000001 1.5000000000000002 -2.945000052452087 29.650000572204593 79.500000000000014 407.50000000000006 0.87834998965263378 0.89499998092651378 67.500000000000014 1.985000014305115 -1.0000000180025095e-35 1015.9500122070314 467.08500671386724 10.650000095367433 10.750000000000002 6.5000000000000009 1.044999957084656 0.98295000195503246 85.500000000000014 1.0049999952316286 84.500000000000014 85.500000000000014 1019.4500122070314 -0.56175000965595234 9.4499998092651385 75.500000000000014 -1.0000000180025095e-35 1.7050000429153445 11.650000095367433 -0.71500000357627858
decision_type=2 2 2 2 2 2 2 2 2 2 2 2 2 2 2 2 2 2 2 2 2 2 2 2 2 2 2 2 2 2
left_child=1 -1 5 4 -4 -3 16 8 10 -10 13 -12 -11 -8 -9 -16 19 21 26 28 25 22 -18 -23 -20 -21 -19 -22 29 -2
right_child=6 2 3 -5 -6 -7 7 14 9 12 11 -13 -14 -15 15 -17 17 18 24 20 27 23 -24 -25 -26 -27 -28 -29 -30 -31
leaf_value=0.1077853626675076 -0.0090775850704305286 0.012719136431485742 -0.076414094794364215 -0.012028050095438451 -0.030285660097804458 -0.027491660647922092 -0.051056642696716406 0.0087624007449657836 0.09722327664494515 0.053760674951709567 -0.059610998910842566 0.0026575728614929815 0.0026575728614929815 -0.0030417145719762485 0.024868301761964032 0.070909665469770081 0.018194774763823366 -0.047691083805901667 0.023986663766529248 0.027089322090148929 0.034948711988981813 -0.038029385141569019 -0.0090959253117075586 -0.004530858569099413 0.12198274876826849 0.11802328748421537 0.040842537040060217 -0.057329605082766369 0.0021992694767295133 -0.00020907991844216941
leaf_weight=8.9999999999999982 1720 91 42 147 29 45 262 270 48 112 101 558 506 173 114 108 588 42 23 25 20 367 1245 816 39 36 22 26 7866 2614
leaf_count=3 799 32 15 49 16 17 158 157 18 48 63 455 194 161 90 60 291 19 12 10 16 282 623 542 21 23 13 17 3949 1927
internal_value=0.00010398 -0.0119127 -0.0149559 -0.0239206 -0.0485433 -0.000585907 0.00035041 0.00452396 -0.000723963 0.016563 -0.0112478 0.00242482 0.0102981 -0.0319611 0.023297 0.0409742 -0.000257968 -0.00447974 0.0333693 0.000819858 0.03864 -0.00606096 -0.000341462 -0.014923 0.0856294 0.0807553 -0.0172577 -0.0172086 0.000488157 -0.00261743
internal_weight=18064 363 354 218 71 136 17701 2252 1760 666 1094 659 618 435 492 222 15449 3142 126 12307 107 3016 1833 1183 62 61 64 46 12200 4334
internal_count=10080 132 129 80 31 49 9948 1404 1097 260 837 518 242 319 307 150 8544 1803 65 6741 66 1738 914 824 33 33 32 33 6675 2726
is_linear=0
shrinkage=0.05


Tree=259
num_leaves=31
num_cat=0
split_feature=9 3 28 27 25 7 5 7 3 22 4 5 7 28 9 2 8 3 5 6 7 1 8 1 6 0 14 10 2 13
split_gain=19.3066 19.316 23.2457 53.89 30.0005 29.0905 20.491 18.1648 47.6598 17.0155 16.2451 43.8906 18.0521 15.893 34.737 38.014 26.4333 18.3293 54.608 36.5119 25.6829 56.2471 24.4504 14.0746 13.4115 11.9907 10.4752 9.62173 9.32692 8.19657
threshold=0.98295000195503246 196.50000000000003 33.500000000000007 12.949999809265138 12.34999990463257 1018.9500122070314 -0.1950000002980232 1010.7500000000001 1.5000000000000002 10.650000095367433 -2.945000052452087 -2.1750000715255733 1009.9500122070314 109.50000000000001 -0.98295000195503224 1.6549999713897707 488.50000000000006 29.500000000000004 -0.68500000238418568 1142.5000000000002 1011.6499938964845 68.500000000000014 12.500000000000002 80.500000000000014 42.500000000000007 18.44999980926514 33.000000000000007 0.60354998707771312 3.3449999094009404 1.0000000180025095e-35
decision_type=2 2 2 2 2 2 2 2 2 2 2 2 2 2 2 2 2 2 2 2 2 2 2 2 2 2 2 2 2 2
left_child=7 6 9 4 -4 -5 28 8 -1 24 12 -12 26 17 16 -16 -15 18 19 -9 21 -19 -22 -17 -3 -26 -10 -20 -2 -11
right_child=1 2 3 5 -6 -7 -8 13 10 29 11 -13 -14 14 15 23 -18 20 27 -21 22 -23 -24 -25 25 -27 -28 -29 -30 -31
leaf_value=0.10239609612358942 0.042614597395846721 -0.0017885654935384382 0.013443866897670223 0.12418469692531385 0.046879281286020959 0.046879281286020959 -0.025241461333869564 0.0045744308913107327 0.0035264898764176505 0.013443866897670223 -0.011779807984176497 -0.069192184441972795 0.020568428676703884 0.012452457348505657 0.058621605594332021 0.0045744308913107327 0.068692607604540309 0.0015037403656886173 -0.031533778719604021 -0.008834457983477758 -0.0035167413832077297 -0.086395375643457686 0.0008860303635110522 0.031598018242821373 -0.077130677706251538 -0.019799024592104711 -0.033229086583568934 -0.08122012725001887 0.0018834335477246594 -0.0017885654935384382
leaf_weight=8.9999999999999982 19 23 149 19 35 20 71 2863 36 71 177 41 58 45 33 305 39 52 20 520 5197 28 8019 30 11.999999999999998 38 42 19 54 20
leaf_count=3 18 23 101 13 14 14 48 1933 12 71 66 14 21 15 11 104 13 25 13 190 3676 15 3500 10 12 38 16 17 54 20
internal_value=0.00012423 0.00951707 0.0153342 0.025843 0.014527 0.0792316 -0.0061164 -0.000160239 -0.0112288 0.0010447 -0.0141175 -0.0225775 -0.000556611 7.37661e-05 0.00932522 0.00457443 0.038564 -0.000176363 0.00308704 0.00376522 -0.00101627 -0.029261 -0.000845296 0.00457443 -0.017021 -0.0335586 -0.016265 -0.0557399 0.0124847 0.0134439
internal_weight=18064 531 387 223 184 39 144 17533 363 164 354 218 136 17170 452 368 84 16718 3422 3383 13296 80 13216 335 73 50 78 39 73 91
internal_count=10080 426 306 142 115 27 120 9654 132 164 129 80 49 9522 153 125 28 9369 2153 2123 7216 40 7176 114 73 50 28 30 72 91
is_linear=0
shrinkage=0.05


Tree=260
num_leaves=31
num_cat=0
split_feature=18 11 23 3 2 25 3 24 4 7 6 9 8 5 3 1 29 7 5 6 4 1 7 28 3 5 29 21 11 1
split_gain=16.4497 14.8365 61.5604 95.4046 84.2776 97.9815 81.2679 62.0519 50.4343 117.149 330.78 88.4385 172.333 95.9436 77.3615 77.2921 75.4415 74.5613 58.6021 75.9098 49.5701 44.4 39.1934 35.9985 29.496 21.7116 21.292 5.77631 4.59425 4.22469
threshold=0.84999999403953563 1.0000000180025095e-35 66.500000000000014 196.50000000000003 3.2949999570846562 10.949999809265138 29.500000000000004 239.58499908447268 -2.445000052452087 1020.0499877929689 222.50000000000003 -1.0000000180025095e-35 367.50000000000006 2.304999947547913 31.500000000000004 75.500000000000014 16.500000000000004 1023.7500000000001 1.1150000095367434 1102.5000000000002 -0.54500001668930043 78.500000000000014 1016.6499938964845 77.500000000000014 28.500000000000004 -3.3950001001358028 9.3499999046325701 20.44999980926514 -1.0000000180025095e-35 94.500000000000014
decision_type=2 2 2 2 2 2 2 2 2 2 2 2 2 2 2 2 2 2 2 2 2 2 2 2 2 2 2 2 2 2
left_child=28 8 3 6 5 24 21 -7 9 10 -2 15 13 -13 -12 20 -14 -17 19 -11 -10 -3 29 -8 -4 26 -6 -20 -1 -5
right_child=1 2 4 22 25 7 23 -9 11 18 14 12 16 -15 -16 17 -18 -19 27 -21 -22 -23 -24 -25 -26 -27 -28 -29 -30 -31
leaf_value=-0.047806383073329933 0.36771788597106936 -0.014803080006846735 0.026180534757608783 -0.014803080006846735 0.0028704806491657397 0.1085965383437372 -0.014803080006846735 0.034588817260000952 -0.0084781520319066536 0.037611889727646008 0.067887078556749567 -0.0043321492611147561 0.026109498590589142 0.013519741139146038 -0.006446343266773122 -0.014803080006846735 0.087115493778194955 0.043199823253050107 -0.014803080006846735 -0.00092640582193759681 0.0045895676782388263 0.0028704806491657397 0.0028704806491657397 0.0028704806491657397 0.011381613387261678 0.0028704806491657397 0.011381613387261678 0.0088186241972904936 -0.015358765345687668 0.0028704806491657397
leaf_weight=20 5.9999999999999991 357 77 157 635 31 909 328 1681 481 36 3052 208 999 1263 1263 67 59 64 174 1277 586 1901 292 524 1344 237 26 24 11.999999999999998
leaf_count=10 2 215 32 138 228 14 502 141 644 226 15 2513 96 455 461 680 29 31 32 70 464 545 1516 110 240 548 87 13 12 12
internal_value=0.000427072 0.000501522 0.00222307 -0.00173872 0.00747968 0.0198927 -0.00949893 0.0409795 -0.000692383 0.00635552 -0.00267547 -0.00237123 0.00267037 7.023e-05 -0.00438629 -0.00746702 0.0409728 -0.0148031 0.0221749 0.0273742 -0.00283668 0.00191266 0.00287048 -0.0148031 0.0113816 0.00287048 0.0108546 -0.0148031 -0.0301077 -0.0148031
internal_weight=18090 18046 7390 4214 3176 960 2144 359 10656 2050 1305 8606 4326 4051 1299 4280 275 1322 745 655 2958 943 2070 1201 601 2216 872 90 44 169
internal_count=10081 10059 4328 3038 1290 427 1372 155 5731 819 478 4912 3093 2968 476 1819 125 711 341 296 1108 760 1666 612 272 863 315 45 22 150
is_linear=0
shrinkage=0.05


Tree=261
num_leaves=20
num_cat=0
split_feature=18 8 9 24 28 10 18 28 9 8 11 1 23 18 5 27 11 5 23
split_gain=14.8185 14.2531 14.3536 54.2912 72.9727 47.8433 38.5951 29.2872 38.0096 23.5755 33.2955 23.2282 13.7465 13.5217 11.5142 8.23143 4.14631 1.83614 0.307816
threshold=0.84999999403953563 838.50000000000011 -1.0000000180025095e-35 777.91500854492199 55.500000000000007 -0.91595000028610218 7.1499998569488534 47.500000000000007 -0.6035499870777129 593.50000000000011 1.0000000180025095e-35 80.500000000000014 47.500000000000007 2.5499999523162846 4.0750000476837167 3.0499999523162846 -1.0000000180025095e-35 -4.4849998950958243 48.500000000000007
decision_type=2 2 2 2 2 2 2 2 2 2 2 2 2 2 2 2 2 2 2
left_child=16 2 5 4 6 9 -4 12 -9 14 -11 -5 -7 17 -2 -13 -1 -3 -6
right_child=1 13 3 11 18 7 -8 8 -10 10 -12 15 -14 -15 -16 -17 -18 -19 -20
leaf_value=-0.045416065081954005 -0.014076364349834031 0.021159615814685825 -0.0043532057950147847 -0.014076364349834031 0.0038157888469047361 -0.014076364349834031 0.0026806422949242166 -0.0011215935243994782 0.0064793602212604613 -0.006181135239796345 0.0078353577305372048 -0.014076364349834031 -0.0067428231220681527 0.036801786749970679 -0.006181135239796345 -0.0043532057950147847 -0.014590827748179436 0.0078353577305372048 0.0078353577305372048
leaf_weight=20 502 30 1268 358 898 132 3668 7301 2123 158 96 98 78 51 147 173 24 78 887
leaf_count=10 230 10 981 176 410 132 3349 2887 1063 69 48 49 72 17 56 88 12 26 396
internal_value=0.000378908 0.000449571 0.000317086 0.00201297 0.00332759 -0.000865864 -0.00020378 0.00016562 0.000590718 -0.0118706 0.00171409 -0.012034 -0.0140764 0.0153536 -0.0140764 -0.00435321 -0.0286023 0.00783536 0.00783536
internal_weight=18090 18046 17887 7350 6721 10537 4936 9634 9424 903 254 629 210 159 649 271 44 108 1785
internal_count=10081 10059 10006 5449 5136 4557 4330 4154 3950 403 117 313 204 53 286 137 22 36 806
is_linear=0
shrinkage=0.05


Tree=262
num_leaves=31
num_cat=0
split_feature=11 4 7 28 4 23 18 7 10 12 7 4 8 12 8 1 4 7 6 3 1 10 17 4 26 10 5 12 7 7
split_gain=14.9059 57.4417 112.716 111.677 80.4768 69.7006 85.3087 79.3078 165.947 144.723 96.975 81.5058 79.1472 71.0376 59.3475 63.2568 44.0254 85.9908 165.942 60.6839 112.606 132.708 57.8567 53.8199 96.6363 64.6994 98.7841 112.521 99.3097 90.7896
threshold=1.0000000180025095e-35 -2.9850000143051143 1017.7500000000001 72.500000000000014 -3.1450001001358028 66.500000000000014 4.7500000000000009 1016.3500061035157 0.3793999999761582 1.0000000180025095e-35 1022.4500122070314 1.1649999618530276 142.50000000000003 1.0000000180025095e-35 6.5000000000000009 74.500000000000014 -2.564999938011169 1020.0499877929689 222.50000000000003 101.50000000000001 76.500000000000014 -0.91595000028610218 0.12150000035762788 1.9950000047683718 11.949999809265138 -0.6035499870777129 -2.1249999999999996 1.0000000180025095e-35 1021.2500000000001 1014.9500122070314
decision_type=2 2 2 2 2 2 2 2 2 2 2 2 2 2 2 2 2 2 2 2 2 2 2 2 2 2 2 2 2 2
left_child=16 2 14 4 -4 7 -7 8 -3 -10 -9 -12 -8 -14 -2 -16 17 18 -1 20 22 -22 -19 25 -25 29 28 -28 -27 -18
right_child=1 5 3 -5 -6 6 12 10 9 -11 11 -13 13 -15 15 -17 23 19 -20 -21 21 -23 -24 24 -26 26 27 -29 -30 -31
leaf_value=0.36953814824422204 -0.062035172816478849 0.0048402511548103124 -0.10583311095833779 -0.012927700799986789 -0.044141531494626352 0.0048402511548103124 0.013891535614563761 0.0048402511548103124 -0.067653437089728249 0.0048402511548103124 -0.024274080506626772 0.0048402511548103124 0.05077555279622667 0.025047196523085503 -0.0077280942811988875 0.025539853232090966 0.023547109934042128 0.0056593308097026389 -0.002782780564987747 -0.0046411784180537775 -0.058337406665086744 0.078885535674320689 0.075353773434956875 0.0018638594981535456 0.048786554326686792 0.00054788581659867813 -0.020611737657290623 -0.002472478051107862 0.063560755224182058 -0.0012295013775736978
leaf_weight=2.9999999999999991 33 258 80 221 26 1708 331 2554 202 33 553 286 370 171 325 255 434 305 1228 181 20 148 33 568 136 1644 1755 1667 65 2497
leaf_count=1 17 173 40 83 13 703 159 1951 135 32 400 187 143 71 118 111 215 126 449 89 10 74 14 270 60 1145 955 1034 49 1254
internal_value=0.000366843 0.00209071 -0.00945832 -0.0331642 -0.0753554 0.00376966 0.0101407 -0.000460224 -0.0191992 -0.0497285 0.00226253 -0.0129314 0.0229428 0.0362029 0.00318739 0.00689833 -0.00082812 0.00603357 -0.00187542 0.0202053 0.029093 0.0625495 0.0124638 -0.00232946 0.0109285 -0.00348718 -0.00687255 -0.0117753 0.00294451 0.00243923
internal_weight=18090 7406 940 327 106 6466 2580 3886 493 235 3393 839 872 541 613 580 10684 1918 1231 687 506 168 338 8766 704 8062 5131 3422 1709 2931
internal_count=10081 4336 382 136 53 3954 1076 2878 340 167 2538 587 373 214 246 229 5745 763 450 313 224 84 140 4982 330 4652 3183 1989 1194 1469
is_linear=0
shrinkage=0.05


Tree=263
num_leaves=31
num_cat=0
split_feature=11 4 0 23 29 3 5 5 5 28 10 28 0 18 1 2 4 9 8 10 28 28 28 0 17 29 5 6 4 1
split_gain=13.5839 51.449 78.939 75.6441 80.7622 64.7691 67.2571 117.433 64.177 96.6278 60.9623 90.8079 54.5844 46.7557 45.8012 41.6446 39.7329 79.5149 153.058 178.892 330.269 149.495 95.3308 81.293 72.8326 68.6642 65.1827 144.603 144.245 57.3816
threshold=1.0000000180025095e-35 -2.7749999761581416 22.849999427795414 68.500000000000014 14.34999990463257 216.50000000000003 3.4050000905990605 1.7749999761581423 -3.0949999094009395 70.500000000000014 1.0000000180025095e-35 68.500000000000014 28.050000190734867 7.5499999523162851 71.500000000000014 3.1250000000000004 -2.564999938011169 -1.0000000180025095e-35 367.50000000000006 -0.98295000195503224 51.500000000000007 49.500000000000007 67.500000000000014 23.250000000000004 0.10350000113248826 16.500000000000004 -2.1750000715255733 652.50000000000011 -0.50499999523162831 76.500000000000014
decision_type=2 2 2 2 2 2 2 2 2 2 2 2 2 2 2 2 2 2 2 2 2 2 2 2 2 2 2 2 2 2
left_child=16 2 -2 5 10 6 7 -3 -4 -10 13 -12 14 -5 -6 -7 24 21 19 20 -19 23 -21 -18 -1 -20 27 -23 -28 -26
right_child=1 3 8 4 12 15 -8 -9 9 -11 11 -13 -14 -15 -16 -17 17 18 25 22 -22 26 -24 -25 29 -27 28 -29 -30 -31
leaf_value=-0.039514119554968447 -0.09065740555524826 -0.0033677833012736671 0.0033578269432118836 0.0054152346568635372 0.02473157414345049 0.0054152346568635372 0.0054152346568635372 -0.032774230481840354 -0.048158924030643577 -0.0094794915139506299 0.0054152346568635372 0.02473157414345049 0.1035391664505005 0.02473157414345049 0.066994410477318744 -0.013328798369893544 -0.11841391788588629 -0.13386429943265798 0.024518498805208275 -0.00023654457525614645 -0.0054971202800834116 0.024852531926635512 0.019426622818164568 -0.036933246816276341 0.0012881492837509023 0.082719774344074196 -0.022662769732210833 -0.0080097151894729969 0.00010610361164764305 0.019793228308359782
leaf_weight=85 28 1498 714 1538 143 1330 437 439 52 353 214 219 30 66 29 316 45 69 208 3324 183 499 487 52 1185 67 1256 1017 1559 648
leaf_count=33 14 1069 299 601 56 1163 209 247 25 125 119 86 10 33 14 266 45 38 96 2675 75 264 190 46 434 29 500 386 638 296
internal_value=0.000354031 0.00199969 -0.00773535 0.00378369 0.011149 -0.000318533 -0.00571478 -0.0100324 -0.00566044 -0.0215593 0.00815862 0.0247316 0.0413045 0.00541523 0.0304497 0.00541523 -0.000786714 -0.00221298 0.00259821 0.0001548 -0.0406453 -0.00692639 0.00285268 -0.068315 0.00573189 0.0386984 -0.00555149 0.00280708 -0.0100529 0.00783004
internal_weight=18090 7406 1147 6259 2239 4020 2374 1937 1119 405 2037 433 202 1604 172 1646 10684 8766 4338 4063 252 4428 3811 97 1918 275 4331 1516 2815 1833
internal_count=10081 4336 463 3873 919 2954 1525 1316 449 150 839 205 80 634 70 1429 5745 4982 3103 2978 113 1879 2865 91 763 125 1788 650 1138 730
is_linear=0
shrinkage=0.05


Tree=264
num_leaves=15
num_cat=0
split_feature=7 11 7 18 5 5 27 5 27 6 8 28 12 11
split_gain=14.5807 33.7624 23.0198 13.5333 12.5695 20.8251 42.9993 39.9627 18.3745 9.49246 7.85558 6.63064 5.75221 3.7601
threshold=1010.0499877929689 -0.87834998965263356 1010.1499938964845 0.84999999403953563 6.3849999904632577 5.0150001049041757 11.650000095367433 3.7050000429153447 4.4500000476837167 482.50000000000006 259.50000000000006 95.500000000000014 0.81174999475479137 -1.0000000180025095e-35
decision_type=2 2 2 2 2 2 2 2 2 2 2 2 2 2
left_child=1 9 -2 13 5 7 -7 -5 12 -1 -3 -12 -6 -4
right_child=2 10 3 4 8 6 -8 -9 -10 -11 11 -13 -14 -15
leaf_value=-0.025080852641871099 0.047534606548456045 -0.015947982928780621 -0.043254014700651169 2.110140618883378e-06 0.011098607225339639 -0.0085957174695714816 0.053221094351390309 0.0083130947664467377 0.046709731396506818 -0.0627045359214147 -0.0026634934047857924 0.024539933202876934 -0.012802439893130214 -0.013899474373708169
leaf_weight=38 26 43 20 15067 118 939 29 1600 34 30 48 42 32 24
leaf_count=15 10 17 10 8841 53 374 18 662 16 12 16 14 11 12
internal_value=0.000371087 -0.0130206 0.000521555 0.000453127 0.000521514 0.000385868 -0.00674377 0.000799949 0.0135222 -0.0416795 0.00163208 0.0100314 0.00599972 -0.0272424
internal_weight=18090 201 17889 17863 17819 17635 968 16667 184 68 133 90 150 44
internal_count=10081 74 10007 9997 9975 9895 392 9503 80 27 47 30 64 22
is_linear=0
shrinkage=0.05


Tree=265
num_leaves=31
num_cat=0
split_feature=10 28 23 5 7 5 27 28 20 1 27 5 12 6 28 22 7 23 28 7 10 28 5 1 3 6 7 17 7 7
split_gain=14.4429 176.328 148.726 118.332 111.608 190.213 123.841 91.536 108.519 90.6132 65.0865 278.488 202.995 92.5275 82.3654 116.13 62.2821 61.2962 44.6523 60.3512 38.2058 100.987 69.4225 77.1428 54.7671 38.9413 30.4672 26.0851 18.5025 150.918
threshold=0.60354998707771312 84.500000000000014 77.500000000000014 4.0750000476837167 1021.2500000000001 -1.814999997615814 22.750000000000004 64.500000000000014 9.6500000953674334 81.500000000000014 13.650000095367433 0.2650000005960465 0.81174999475479137 242.50000000000003 22.500000000000004 7.2500000000000009 1014.6499938964845 31.500000000000004 26.500000000000004 1016.4500122070314 -0.91595000028610218 51.500000000000007 0.20499999821186068 85.500000000000014 197.50000000000003 1027.5000000000002 1015.0499877929689 0.10249999910593034 1018.2500000000001 1017.2500000000001
decision_type=2 2 2 2 2 2 2 2 2 2 2 2 2 2 2 2 2 2 2 2 2 2 2 2 2 2 2 2 2 2
left_child=10 3 -3 4 5 9 -7 8 -6 -2 18 16 14 -14 -13 -16 27 -5 19 -1 21 26 25 -24 -23 -22 -20 -12 29 -18
right_child=1 2 -4 17 7 6 -8 -9 -10 -11 11 12 13 -15 15 -17 28 -19 20 -21 22 24 23 -25 -26 -27 -28 -29 -30 -31
leaf_value=-0.019109926958152411 -0.02026042210094417 0.025720216230661608 0.14888365920633079 -0.020120719465592955 -0.019296131097600852 -0.033409946699862907 0.025720216230661608 0.025720216230661608 0.012444876697232807 0.0065566753833153878 0.028872835753779663 0.0048886783242676219 0.2871608110574575 0.10191365906170435 0.033827576993668694 0.10253401227881401 0.0048886783242676219 0.025720216230661608 -0.0088218913315339081 -0.11616254856711941 0.0048886783242676219 -0.0085353818954081052 3.1107566785949865e-05 -0.015845748774628438 0.0048886783242676219 -0.003356280647527605 -0.019109926958152411 0.11068284258246422 0.0048886783242676219 0.062606703132336988
leaf_weight=60 453 93 32 73 454 978 34 186 602 1034 19 41 13 14 66 89 228 242 98 19 4730 853 2902 1039 581 1460 627 20 955 138
leaf_count=60 337 31 13 34 320 635 29 77 440 864 19 41 12 8 45 53 222 112 55 19 2345 362 1211 591 257 525 365 20 879 115
internal_value=-4.59675e-05 -0.00262372 0.0558667 -0.00442631 -0.00690449 -0.0129929 -0.0297142 0.0053458 -0.000830463 -0.00161289 0.000726507 0.0102726 0.062576 0.191107 0.0448703 0.0627665 0.00488868 0.025005 -0.00049521 -0.0379655 -0.000254351 -0.00629326 0.00103259 -0.00415465 0.00146614 0.00433516 -0.0191099 0.0708267 0.00488868 0.0198964
internal_weight=18133 4181 125 4056 3741 2499 1012 1242 1056 1487 13952 1583 223 27 196 155 1360 315 12369 79 12290 2159 10131 3941 1434 6190 725 39 1321 366
internal_count=10096 2892 44 2848 2702 1865 664 837 760 1201 7204 1414 159 20 139 98 1255 146 5790 79 5711 1039 4672 1802 619 2870 420 39 1216 337
is_linear=0
shrinkage=0.05


Tree=266
num_leaves=17
num_cat=0
split_feature=28 3 8 9 1 12 10 10 0 21 25 28 1 7 4 6
split_gain=13.7677 32.9981 14.5192 15.5374 63.7521 250.422 50.8786 108.911 65.1237 64.8176 35.6941 30.9503 97.1964 50.9357 8.92411 4.66867
threshold=137.00000000000003 117.50000000000001 826.50000000000011 1.0000000180025095e-35 97.500000000000014 -0.56175000965595234 -0.6035499870777129 -1.0000000180025095e-35 19.94999980926514 14.449999809265138 5.4500000476837167 50.500000000000007 95.500000000000014 1018.7500000000001 -1.1850000023841856 1357.5000000000002
decision_type=2 2 2 2 2 2 2 2 2 2 2 2 2 2 2 2
left_child=2 -2 3 4 11 -6 10 9 -9 -8 14 12 -1 -13 -5 -4
right_child=1 -3 15 6 5 -7 7 8 -10 -11 -12 13 -14 -15 -16 -17
leaf_value=-0.0066179494419057773 0.053598191065991174 0.0095614795120631049 0.0095614795120631049 -0.078430555547986724 0.0046260361126584789 -0.22127067111432552 -0.022490258698106235 -0.0078805927752219201 0.0046260361126584789 0.0046260361126584789 0.0046260361126584789 -0.0038910174694555284 -0.096442892696828611 0.0030004289428316624 -0.020950198986845494 0.0046260361126584789
leaf_weight=1056 47 45 162 6.9999999999999991 24 15.999999999999998 812 1119 2079 187 1519 5183 31 5555 191 100
leaf_count=820 16 17 54 5 23 15 653 936 1580 172 1130 2085 31 2381 143 35
internal_value=-3.5879e-05 0.0192572 -0.000134264 -0.000309407 -0.00135296 -0.0643694 0.00178422 -0.00183046 0.00267127 -0.0162414 0.00462604 -0.00113979 -0.00917965 -0.000325923 -0.0229823 0.00956148
internal_weight=18133 92 18041 17779 11865 40 5914 4197 3198 999 1717 11825 1087 10738 198 262
internal_count=10096 33 10063 9974 5355 38 4619 3341 2516 825 1278 5317 851 4466 148 89
is_linear=0
shrinkage=0.05


Tree=267
num_leaves=31
num_cat=0
split_feature=4 2 11 5 4 1 10 23 28 3 27 5 12 7 10 0 7 5 29 8 5 4 7 5 1 7 4 7 4 7
split_gain=12.7359 16.7301 33.6735 47.8055 70.2438 147.469 27.557 162.237 54.0154 48.7902 45.8985 276.201 171.714 52.7943 27.8083 46.1301 42.8369 24.7215 24.3718 13.9869 16.9062 13.8977 102.109 58.9 9.26286 6.62667 5.47419 4.03074 2.99571 2.6522
threshold=-4.6249999999999991 5.4549999237060556 -1.0000000180025095e-35 5.3550000190734872 2.1950000524520878 73.500000000000014 0.60354998707771312 84.500000000000014 84.500000000000014 196.50000000000003 13.650000095367433 0.2650000005960465 0.81174999475479137 1014.6499938964845 1.0000000180025095e-35 27.349999427795414 1015.6499938964845 4.0750000476837167 4.9500000476837167 406.50000000000006 -3.7150000333786006 -0.94499999284744252 1017.4500122070314 -3.7450000047683711 74.500000000000014 1013.0499877929689 -0.52499997615814198 1013.9500122070314 -4.8250000476837149 1012.6499938964845
decision_type=2 2 2 2 2 2 2 2 2 2 2 2 2 2 2 2 2 2 2 2 2 2 2 2 2 2 2 2 2 2
left_child=19 6 3 18 5 -5 10 8 17 -10 14 13 -13 -12 15 -2 -16 -8 26 20 29 22 27 -24 28 -20 -3 -4 -21 -1
right_child=1 2 21 4 -6 -7 7 -9 9 -11 11 12 -14 -15 16 -17 -18 -19 25 24 -22 -23 23 -25 -26 -27 -28 -29 -30 -31
leaf_value=-0.0065880483975916202 -0.0021371043379972716 -0.034414435821036773 -0.022345739141816187 -0.0021371043379972716 -0.0021371043379972716 -0.088776199917982135 -0.0021371043379972716 0.1237935320689128 0.0160392820901137 0.06082821386545776 0.067361536679359582 0.046292359043803549 0.18132009417922409 0.0050168993301504929 -0.0021371043379972716 0.0050168993301504929 0.0050168993301504929 0.0160392820901137 -0.01438489248365284 0.0077386393244971976 -0.040455798928936325 -0.0021371043379972716 -0.08623423510127598 -0.0021371043379972716 0.033194249465658861 -0.0021371043379972716 -0.01438489248365284 -0.0021371043379972716 0.020295016281306744 0.0077386393244971976
leaf_weight=33 6889 73 42 60 66 101 3604 26 77 39 39 184 27 1321 679 1428 1644 124 31 33 24 842 63 28 74 262 31 214 48 27
leaf_count=11 3405 26 21 20 33 36 2628 11 28 13 39 133 20 1216 311 487 865 57 11 11 12 383 31 10 25 119 12 94 16 12
internal_value=3.60006e-05 -0.000117142 -0.00467041 -0.0145289 -0.0328309 -0.051321 0.000396202 -0.0021371 -0.0021371 0.0342157 0.00161701 0.00959469 0.0635708 0.0050169 0.000439107 -0.000913385 0.0050169 -0.0021371 -0.00406399 0.0115018 -0.00492895 -0.0021371 -0.0132735 -0.0593918 0.0204062 -0.0021371 -0.0266327 -0.0021371 0.00872335 0.00773864
internal_weight=18133 17894 1813 624 227 161 16081 3870 3844 116 12211 1571 211 1360 10640 8317 2323 3728 397 239 84 1189 347 91 155 293 104 256 81 60
internal_count=10096 10009 796 257 89 56 9213 2737 2726 41 6476 1408 153 1255 5068 3892 1176 2685 168 87 35 539 156 41 52 130 38 115 27 23
is_linear=0
shrinkage=0.05


Tree=268
num_leaves=25
num_cat=0
split_feature=18 7 20 5 12 1 23 0 7 23 7 21 11 1 11 24 11 20 2 7 18 9 3 25
split_gain=12.3512 13.619 33.9758 44.0202 54.9626 59.1911 34.7978 17.0687 16.1804 42.2523 29.6931 164.188 84.2308 52.9908 32.9028 73.9518 40.0212 23.9437 19.3107 15.9343 14.4892 5.02984 3.58727 3.08747
threshold=0.84999999403953563 1024.9500122070315 6.5499999523162851 2.3950001001358037 -0.56175000965595234 84.500000000000014 65.500000000000014 24.750000000000004 1023.9500122070314 61.500000000000007 1023.4500122070314 14.050000190734865 0.60784998536109935 57.500000000000007 1.0000000180025095e-35 42.915000915527351 -0.60784998536109913 10.650000095367433 3.0449999570846562 1026.1499633789065 4.5499999523162851 -0.98295000195503224 262.50000000000006 7.2500000000000009
decision_type=2 2 2 2 2 2 2 2 2 2 2 2 2 2 2 2 2 2 2 2 2 2 2 2
left_child=23 8 19 4 6 -6 -4 -5 10 22 14 13 -13 -12 16 -16 -2 18 -11 21 -19 -3 -10 -1
right_child=1 2 3 7 5 -7 -8 -9 9 17 11 12 -14 -15 15 -17 -18 20 -20 -21 -22 -23 -24 -25
leaf_value=-0.03999027433720502 0.0010775687772391471 -0.013484628450918676 0.0005924677499367433 0.0005924677499367433 0.074589542452111302 0.0094039420442034796 0.037177966042654588 0.048415098090966543 -0.013484628450918676 0.014662300067074183 0.01735462628947948 0.068549566153360872 0.01735462628947948 -0.013484628450918676 0.053316700605439471 0.0019957598515454628 -0.0053714583059771368 0.015343283044881452 -0.0049910407385938809 -0.013484628450918676 0.05757524957259496 0.0005924677499367433 -0.0049910407385938809 -0.013484628450918676
leaf_weight=22 4914 30 198 203 83 60 80 24 294 144 23 147 56 266 71 6183 4713 36 282 92 30 98 64 20
leaf_count=11 2593 12 160 94 54 33 37 8 187 91 8 83 37 162 62 3602 2533 18 128 55 15 43 60 10
internal_value=2.54183e-05 8.8294e-05 0.0061992 0.0119631 0.0220496 0.0472389 0.00909247 0.000592468 -0.000219682 -0.00694581 0.000129504 0.0122268 0.0466903 -0.0119811 -0.000245277 0.00257839 -0.00207962 0.00350255 -0.000839056 -0.0107782 0.0315256 0.000592468 -0.0134846 -0.0270576
internal_weight=18133 18091 868 648 421 143 278 227 17223 850 16373 492 203 289 15881 6254 9627 492 426 220 66 128 358 42
internal_count=10096 10075 496 386 284 87 197 102 9579 499 9080 290 120 170 8790 3664 5126 252 219 110 33 55 247 21
is_linear=0
shrinkage=0.05


Tree=269
num_leaves=31
num_cat=0
split_feature=10 23 5 7 5 7 28 5 7 17 9 11 27 5 12 6 28 18 7 7 7 1 28 7 10 28 5 1 9 9
split_gain=12.3409 150.821 106.708 89.5975 177.056 144.746 123.123 113.346 78.035 65.6716 45.3159 56.8053 43.1833 224.608 167.923 83.506 72.4847 104.478 51.173 111.481 55.8611 47.8206 39.2319 54.8751 33.6219 91.6018 61.5712 68.8695 52.3828 33.8223
threshold=0.60354998707771312 84.500000000000014 4.0750000476837167 1018.2500000000001 -4.4349999427795401 1013.4500122070314 79.500000000000014 -1.1950000524520872 1017.4500122070314 0.11050000041723253 1.0000000180025095e-35 -1.0000000180025095e-35 13.650000095367433 0.2650000005960465 0.81174999475479137 242.50000000000003 22.500000000000004 7.2500000000000009 1018.2500000000001 1017.2500000000001 1014.6499938964845 80.500000000000014 26.500000000000004 1016.4500122070314 -0.91595000028610218 51.500000000000007 0.20499999821186068 85.500000000000014 -1.0000000180025095e-35 -0.6035499870777129
decision_type=2 2 2 2 2 2 2 2 2 2 2 2 2 2 2 2 2 2 2 2 2 2 2 2 2 2 2 2 2 2
left_child=12 2 3 4 9 -6 7 -5 -4 -2 11 -10 22 18 16 -16 -15 -18 19 20 -14 -21 23 -1 25 -24 29 -28 -27 -26
right_child=1 -3 8 6 5 -7 -8 -9 10 -11 -12 -13 13 14 15 -17 17 -19 -20 21 -22 -23 24 -25 26 28 27 -29 -30 -31
leaf_value=-0.017734499065802982 -0.0079668490761911053 0.11766160268049974 0.057261262624091286 0.013035363173892037 0.014197738596253631 -0.035077011680685131 0.057261262624091286 -0.0098408499796649763 -0.032148650578326651 0.033357499446251881 -0.020605807681265589 0.037327106500164499 0.063939582652006402 0.0040992351921980107 0.2637740382781395 0.087789241756711683 0.030345217017765519 0.094645006703526796 0.0040992351921980107 0.019720211275378055 0.0040992351921980107 0.081227105411732295 -0.017734499065802982 -0.11003417811895673 -0.00021517912015864548 -0.0080284894958698432 0.00021420573616890735 -0.014787144015392573 0.0040992351921980107 0.0040992351921980107
leaf_weight=60 186 26 59 848 181 844 66 1498 36 199 77 161 39 41 13 14 66 89 955 49 228 89 725 19 4551 829 2902 1039 605 1639
leaf_count=60 170 11 30 728 134 632 22 913 18 130 36 68 39 41 12 8 45 53 879 31 222 84 420 19 1700 356 1211 591 263 1170
internal_value=-5.07212e-06 -0.00238787 -0.00313908 -0.00550423 -0.0155169 -0.0263758 0.000348969 -0.00157187 0.024007 0.013393 0.0119185 0.024631 0.00070898 0.00848463 0.0556215 0.172523 0.0395177 0.0565912 0.00409924 0.0228989 0.00409924 0.0593877 -0.000286157 -0.0354086 -6.03899e-05 -0.00572546 0.00114688 -0.00374073 0.00167752 0.00409924
internal_weight=18133 4181 4155 3822 1410 1025 2412 2346 333 385 274 197 13952 1583 223 27 196 155 1360 405 267 138 12369 79 12290 2159 10131 3941 1434 6190
internal_count=10096 2892 2881 2729 1066 766 1663 1641 152 300 122 86 7204 1414 159 20 139 98 1255 376 261 115 5790 79 5711 1039 4672 1802 619 2870
is_linear=0
shrinkage=0.05


Tree=270
num_leaves=28
num_cat=0
split_feature=28 0 11 5 4 1 8 24 28 4 7 7 9 4 9 6 22 1 5 24 1 28 5 9 7 7 4
split_gain=17.4818 42.5249 17.0919 62.7128 89.8668 55.3096 91.4245 68.0169 47.1052 44.0503 178.488 78.7912 73.9137 65.437 52.5663 44.0245 41.2976 43.2782 41.0125 104.156 70.8144 35.9903 41.2976 35.9875 27.7812 13.7016 3.1873
threshold=137.00000000000003 25.94999980926514 -1.0000000180025095e-35 5.6549999713897714 2.1950000524520878 67.500000000000014 97.500000000000014 1051.664978027344 57.500000000000007 -3.0249999761581416 1017.8500061035157 1020.3500061035157 -0.78654998540878285 -3.2050000429153438 -0.91595000028610218 1277.5000000000002 1.5500000119209292 54.500000000000007 -1.2849999666213987 275.41499328613287 87.500000000000014 65.500000000000014 1.4149999618530276 -0.91595000028610218 1013.7500000000001 1020.6499938964845 2.935000061988831
decision_type=2 2 2 2 2 2 2 2 2 2 2 2 2 2 2 2 2 2 2 2 2 2 2 2 2 2 2
left_child=2 -2 3 5 23 16 7 -7 -8 10 13 12 -12 24 21 -13 25 -18 20 -20 -16 22 -11 -5 -4 -1 -6
right_child=1 -3 9 4 26 6 8 -9 -10 14 11 15 -14 -15 18 -17 17 -19 19 -21 -22 -23 -24 -25 -26 -27 -28
leaf_value=-0.07071283850176581 0.011036577385276782 0.068926263834748952 -0.011247312618153437 -0.10147531011274882 0.011036577385276782 -0.0028757050101664355 0.0030529071821287089 -0.076111899036914121 0.011036577385276782 -0.042290047431985542 -0.040816112604807137 0.010666015423965038 -0.12929717416946704 -0.052831071927103894 0.00018681760736980781 -0.057408659458160406 0.0010810915627353006 -0.013146175251652799 0.010983572300683199 -0.0067564965376515108 0.011036577385276782 0.011036577385276782 -0.0003563106840549779 -0.034320910078914545 0.011036577385276782 -0.027512693494558333 -0.0090184094756841672
leaf_weight=29 54 35 140 42 38 3420 495 32 1613 72 256 114 26 43 2491 30 995 1155 1114 3216 878 933 108 38 556 50 20
leaf_count=10 19 13 54 16 19 2484 290 19 605 36 104 47 13 18 1502 14 351 449 825 1628 848 350 54 13 217 19 10
internal_value=3.90063e-05 0.022144 -7.08769e-05 -0.00180403 -0.0352155 -0.00121207 0.0014557 -0.0035546 0.00966042 0.00130616 -0.00783116 -0.0336079 -0.0489739 0.00702798 0.00251417 -0.00351621 -0.00786651 -0.00656193 0.00102655 -0.00219242 0.00516374 0.0110366 -0.0117492 -0.069577 0.0107262 -0.043371 0.0110366
internal_weight=17993 89 17904 7927 138 7789 5560 3452 2108 9977 1165 426 282 739 8812 144 2229 2150 7699 4330 3369 1113 180 80 696 79 58
internal_count=10027 32 9995 4285 58 4227 3398 2503 895 5710 467 178 117 289 5243 61 829 800 4803 2453 2350 440 90 29 271 29 29
is_linear=0
shrinkage=0.05


Tree=271
num_leaves=27
num_cat=0
split_feature=8 10 7 7 2 10 28 7 5 29 28 1 10 7 9 6 3 4 0 4 1 1 1 18 3 1
split_gain=14.9179 14.4199 146.901 33.8867 14.5997 14.4073 99.8815 77.4178 95.3809 72.7809 65.8985 50.9593 32.4589 82.1286 50.7592 76.0863 52.1136 43.7571 42.5605 12.5012 12.0903 8.57558 11.1106 4.43985 3.70024 0.966624
threshold=838.50000000000011 0.98295000195503246 1015.3500061035157 1015.0499877929689 3.0699999332427983 0.60354998707771312 32.500000000000007 1020.6499938964845 -1.814999997615814 11.449999809265138 52.500000000000007 87.500000000000014 1.0000000180025095e-35 1014.5499877929689 0.78654998540878307 232.50000000000003 308.50000000000006 -1.7549999952316282 19.050000190734867 -1.6549999713897703 85.500000000000014 75.500000000000014 77.500000000000014 2.5499999523162846 12.500000000000002 73.500000000000014
decision_type=2 2 2 2 2 2 2 2 2 2 2 2 2 2 2 2 2 2 2 2 2 2 2 2 2 2
left_child=1 5 3 4 -3 12 9 8 -8 11 -9 -7 14 17 15 -1 -16 -14 -15 -2 21 25 -23 -21 -6 -4
right_child=19 2 20 -5 24 6 7 10 -10 -11 -12 -13 13 18 16 -17 -18 -19 -20 23 -22 22 -24 -25 -26 -27
leaf_value=0.0076419173174608682 0.044406117101510371 -0.004517957381904125 -0.0065455761025933661 -0.14624953468640645 -0.082506838440895083 -0.096995731710263031 0.0033587395377109985 -0.01221016500665642 -0.016783845826772514 -0.016783845826772514 0.0076419173174608682 -0.03716645558416231 -0.018171962907922175 -0.01317168303357903 -0.015388265116745105 -0.0011721497042465618 0.004389771271770251 0.0072453556386251729 0.0076419173174608682 0.0076419173174608682 0.0076419173174608682 -0.039575940540858681 -0.0087306278187580504 0.026073904109723642 -0.049655083417892459 0.0076419173174608682
leaf_weight=775 30 11.999999999999998 17 11.999999999999998 20 53 1116 425 987 113 828 97 504 272 1068 8297 484 255 2002 96 251 35 176 33 14.999999999999998 20
leaf_count=652 10 11 11 6 20 53 875 378 567 113 391 97 201 217 790 3491 472 152 1115 32 181 24 131 11 15 11
internal_value=8.61397e-05 -4.98002e-05 0.00764192 -0.0712572 -0.0521102 -0.000305416 -0.00311036 -0.000785023 -0.00668835 -0.0327827 0.00764192 -0.0575491 0.000437871 0.00499999 -0.00086455 0.000564929 -0.00922037 -0.00963255 0.00764192 0.0153336 0.00764192 -0.00986345 -0.0138471 0.00857259 -0.0684275 0.00764192
internal_weight=17993 17834 558 59 47 17276 3619 3356 2103 263 1253 150 13657 3033 10624 9072 1552 759 2274 159 499 248 211 129 35 37
internal_count=10027 9974 410 52 46 9564 2474 2211 1442 263 769 150 7090 1685 5405 4143 1262 353 1332 53 358 177 155 43 35 22
is_linear=0
shrinkage=0.05


Tree=272
num_leaves=31
num_cat=0
split_feature=10 1 3 28 18 7 23 7 7 23 11 11 3 1 7 4 26 20 1 28 28 28 0 11 29 10 25 1 10 7
split_gain=15.2424 180.328 93.8234 87.8644 81.7074 65.7802 101.56 55.2828 82.2617 53.7591 60.6011 41.2006 44.2568 34.5799 33.8378 33.0824 32.9141 31.794 21.9356 45.0138 16.0722 14.8984 38.9534 16.64 69.5073 121.942 75.1071 45.3939 30.0456 26.5601
threshold=0.98295000195503246 85.500000000000014 191.50000000000003 39.500000000000007 9.4499998092651385 1017.2500000000001 51.500000000000007 1021.7500000000001 1016.2500000000001 32.500000000000007 0.60784998536109935 1.0000000180025095e-35 105.50000000000001 91.500000000000014 1016.6499938964845 0.41499999165534979 11.750000000000002 8.8499999046325701 90.500000000000014 60.500000000000007 78.500000000000014 137.00000000000003 25.94999980926514 -0.87834998965263356 10.449999809265138 -0.98295000195503224 9.2500000000000018 90.500000000000014 -0.78654998540878285 1013.2500000000001
decision_type=2 2 2 2 2 2 2 2 2 2 2 2 2 2 2 2 2 2 2 2 2 2 2 2 2 2 2 2 2 2
left_child=21 5 3 13 18 6 14 8 -5 -6 -11 12 -7 -3 15 -2 -13 -18 19 -4 -14 23 -23 24 25 26 -1 -27 -26 -25
right_child=1 2 4 7 9 11 -8 -9 -10 10 -12 16 20 -15 -16 -17 17 -19 -20 -21 -22 22 -24 29 28 27 -28 -29 -30 -31
leaf_value=-0.12714625006432043 -0.038511399179697037 -0.014643706146173989 -0.059878679584054385 -0.014643706146173989 0.062323389739076966 0.033509754209682857 0.054909172741805803 -0.001409046574119936 0.11065450047867165 0.10159595320847901 0.22446702076838565 -0.012508607238079561 -0.047380009438697399 -0.1174254734814167 -0.14037774975101155 -0.13032456132081838 0.020362536594497438 0.10039629027247431 0.062323389739076966 0.056967782601714138 0.0019675209408714658 0.01008220157508518 0.065307145885058815 0.0085949787139852959 0.01008220157508518 -0.0018430226787544764 -0.016563342651352286 -0.020260828089945695 0.0009479212332344167 -8.8786108219696564e-05
leaf_weight=34 40 18 17 12.999999999999998 17 29 17 57 36 44 12.999999999999998 33 77 14.999999999999998 18 12.999999999999998 25 20 19 15.999999999999998 21 54 35 940 270 1495 28 431 225 13923
leaf_count=14 39 18 14 13 10 24 15 33 27 31 11 26 46 15 18 7 18 15 15 8 7 19 13 433 109 775 14 314 86 7840
internal_value=0.000192484 0.00832715 0.0382151 0.00988938 0.0694633 -0.0187046 -0.0548639 0.03207 0.0710149 0.103215 0.129619 -0.00318258 -0.0207493 -0.0613574 -0.0811475 -0.0610316 0.0254196 0.0532337 0.0214314 -0.00322585 -0.0368055 -6.78622e-05 0.020337 -0.000172557 -0.00396145 -0.00818636 -0.0772056 -0.00596456 0.0100822 0.000460413
internal_weight=17993 558 265 139 126 293 88 106 49 74 57 205 127 33 71 53 78 45 52 33 98 17435 89 17346 2483 1988 62 1926 495 14863
internal_count=10027 410 195 106 89 215 79 73 40 52 42 136 77 33 64 46 59 33 37 22 53 9617 32 9585 1312 1117 28 1089 195 8273
is_linear=0
shrinkage=0.05


Tree=273
num_leaves=31
num_cat=0
split_feature=10 1 7 7 1 20 7 7 7 3 7 21 7 7 10 7 20 5 25 5 17 7 24 1 5 1 12 14 4 29
split_gain=13.3613 161.639 84.5375 85.3106 99.3124 90.302 59.295 59.7362 68.5261 44.3962 31.2937 34.555 23.1416 19.9186 13.4589 91.157 98.0099 92.7805 78.5495 77.9795 64.4073 89.5206 51.8728 29.8761 28.9785 58.9963 66.5709 70.9689 41.5378 41.0848
threshold=0.98295000195503246 85.500000000000014 1021.7500000000001 1016.2500000000001 92.500000000000014 7.9500000476837167 1017.2500000000001 1016.6499938964845 1015.3500061035157 76.500000000000014 1020.1499938964845 16.150000572204593 1014.7500000000001 1021.5499877929689 0.60354998707771312 1020.9500122070314 6.5499999523162851 -4.4349999427795401 20.300000190734867 4.8450000286102304 0.11950000002980234 1022.9500122070314 889.16500854492199 72.500000000000014 5.0150001049041757 70.500000000000014 -0.56175000965595234 33.000000000000007 -0.8149999976158141 5.9500000476837167
decision_type=2 2 2 2 2 2 2 2 2 2 2 2 2 2 2 2 2 2 2 2 2 2 2 2 2 2 2 2 2 2
left_child=14 6 3 -3 5 -5 7 8 12 -4 -8 13 -2 -12 24 17 -17 23 19 -19 22 -22 -18 -16 -1 28 29 -28 -26 -27
right_child=1 2 9 4 -6 -7 10 -9 -10 -11 11 -13 -14 -15 15 16 20 18 -20 -21 21 -23 -24 -25 25 26 27 -29 -30 -31
leaf_value=0.0012720062469360682 -0.041471127536276298 -0.029580805152654651 -0.065464305335825132 0.016047670407311265 -0.047741349134594206 0.10839766819775105 0.047105997745637541 -0.13335886312027773 0.035141197547316552 0.016552096289215664 -0.050228222347795962 0.041436610232900691 -0.11637659873813391 -0.0090756943805965478 0.093179517984390267 -0.044862233893370927 0.011360211594193283 -0.015851530196104979 0.070690528356603208 0.028528607030065673 0.016624092236689956 0.058810561828367615 -0.016408610921329444 0.012860055240352376 -0.076934119462966924 -0.1055216428005334 0.02451287808856278 -0.024189845963801242 0.0076547964303118809 -0.029718443865959461
leaf_weight=12877 29 25 22 36 15.999999999999998 100 27 18 25 66 40 27 15.999999999999998 111 11.999999999999998 81 587 1923 28 98 208 159 194 329 14.999999999999998 33 99 306 447 39
leaf_count=6766 28 25 19 29 16 68 23 18 23 38 27 21 10 65 7 66 366 1361 14 48 137 102 110 263 5 11 42 133 173 13
internal_value=0.000186402 0.00780256 0.0360993 0.0560119 0.0700896 0.0839521 -0.0177901 -0.0521207 -0.0312308 -0.003952 -0.00305308 -0.0106615 -0.0681042 -0.019977 -5.73498e-05 -0.00277166 0.00829441 -0.00846213 -0.012481 -0.0136333 0.012045 0.0293216 0.00392655 0.0156865 0.000653645 -0.00782627 -0.0201605 -0.0122847 0.0049084 -0.0644616
internal_weight=17993 558 265 177 152 136 293 88 70 88 205 178 45 151 17435 3619 1229 2390 2049 2021 1148 367 781 341 13816 939 477 405 462 72
internal_count=10027 410 195 138 113 97 215 79 61 57 136 113 38 92 9617 2474 781 1693 1423 1409 715 239 476 270 7143 377 199 175 178 24
is_linear=0
shrinkage=0.05


Tree=274
num_leaves=17
num_cat=0
split_feature=28 6 8 1 23 3 7 6 1 11 3 27 3 18 18 5
split_gain=12.7506 22.8618 12.4757 14.3293 32.3541 33.7004 36.7983 16.9583 26.5429 66.2108 23.7205 11.5341 8.36243 5.96837 5.43367 2.50573
threshold=9.5000000000000018 52.500000000000007 838.50000000000011 59.500000000000007 99.500000000000014 13.500000000000002 1021.7500000000001 1122.5000000000002 68.500000000000014 -1.0000000180025095e-35 23.500000000000004 3.8500000238418584 20.500000000000004 5.1499998569488534 10.449999809265138 -4.629999876022338
decision_type=2 2 2 2 2 2 2 2 2 2 2 2 2 2 2 2
left_child=1 -1 3 4 5 -2 -7 8 9 -5 -10 15 -6 -9 -3 -4
right_child=2 14 11 7 12 6 -8 13 10 -11 -12 -13 -14 -15 -16 -17
leaf_value=-0.010514314000838333 0.00071870494097697095 -0.081252177272524137 0.020988483354576769 -0.004776353925681329 0.00071870494097697095 -0.010514314000838333 0.00071870494097697095 -0.010514314000838333 0.0053327179295496151 0.0071624906115300277 -0.00086989452342550895 0.03481447609762351 0.0071624906115300277 -0.004776353925681329 -0.036360822216822554 0.0071624906115300277
leaf_weight=42 394 14.000000000000002 33 930 72 1268 587 199 1804 1449 10589 48 398 75 12.999999999999998 78
leaf_count=42 141 14 11 363 24 443 256 87 1480 593 6356 16 135 27 13 26
internal_value=0.0001706 -0.0212818 0.000253183 0.000128387 -0.00321207 -0.00572508 -0.009067 0.00073205 0.000961606 0.00579905 3.29952e-05 0.0141966 0.00716249 -0.0105143 -0.0596378 0.00716249
internal_weight=17993 69 17924 17765 2719 2249 1855 15046 14772 2379 12393 159 470 274 27 111
internal_count=10027 69 9958 9905 999 840 699 8906 8792 956 7836 53 159 114 27 37
is_linear=0
shrinkage=0.05


Tree=275
num_leaves=31
num_cat=0
split_feature=7 6 28 6 28 20 3 25 7 23 24 10 21 12 17 11 24 7 7 7 21 10 4 4 7 3 9 26 26 8
split_gain=16.6036 36.2973 58.9013 33.2483 33.458 30.7589 37.6644 29.0884 19.1477 51.7712 100.111 88.4724 20.7124 30.3609 30.7542 16.4633 73.8747 155.818 69.0163 60.9284 157.989 67.2347 60.2926 58.1362 132.407 57.1471 50.4951 38.5513 16.0615 15.2098
threshold=1024.9500122070315 642.50000000000011 53.500000000000007 437.50000000000006 65.500000000000014 8.7500000000000018 184.50000000000003 9.2500000000000018 1023.9500122070314 61.500000000000007 837.08499145507824 -0.91595000028610218 14.84999990463257 -0.56175000965595234 0.11850000172853471 1.0000000180025095e-35 42.915000915527351 1019.8500061035157 1023.7500000000001 1023.5499877929689 14.050000190734865 -1.0000000180025095e-35 -3.0249999761581416 -3.504999995231628 1020.2500000000001 201.50000000000003 1.0000000180025095e-35 14.449999809265138 14.050000190734865 10.500000000000002
decision_type=2 2 2 2 2 2 2 2 2 2 2 2 2 2 2 2 2 2 2 2 2 2 2 2 2 2 2 2 2 2
left_child=8 2 29 4 7 6 -3 -4 15 10 11 -10 28 14 -14 19 17 -17 22 23 21 -21 -18 24 -1 -20 -25 -22 -11 -2
right_child=1 5 3 -5 -6 -7 -8 -9 9 12 -12 -13 13 -15 -16 16 18 -19 25 20 27 -23 -24 26 -26 -27 -28 -29 -30 -31
leaf_value=0.0019750719177296185 0.0073004965114908922 -0.0029740055775509771 0.041999687701849364 0.024109308786877195 0.11787458091974259 0.0073004965114908922 -0.04388266548762719 0.081811041536218515 -0.058339084475764073 -0.010199690927419887 -0.10295067472117288 -0.010199690927419887 0.01907247121517475 0.0062706719360473232 0.093006324226206 0.15829681244492533 -0.010423984869675497 0.026196055207918102 -0.12381378114223481 0.018341103808156081 0.026356048810536561 -0.048008524903229308 0.0036492012951513404 -0.0060812486557625953 0.058433169360843397 -0.0070346489887345917 0.0017634291292701447 0.082342985066874277 0.0062706719360473232 0.024109308786877195
leaf_weight=639 172 222 42 66 20 155 75 40 94 210 35 215 39 100 22 25 886 50 20 84 34 70 5397 5649 124 22 3221 87 128 57
leaf_count=236 155 97 21 33 10 65 37 20 50 104 24 163 13 57 11 18 360 47 10 44 21 45 3303 2446 54 13 2410 47 70 44
internal_value=-0.000196028 0.00662934 0.0176607 0.0409181 0.0598901 -0.00305966 -0.0132485 0.0457475 -0.000533894 -0.00788191 -0.0228054 -0.0137275 0.00240605 0.0171658 0.0457371 -0.000154058 0.0018226 0.0511545 0.00123764 -0.00143086 0.0217752 -0.0118178 0.00166466 -0.00209334 0.0111504 -0.0626438 -0.00323258 0.0645299 -0.0046245 0.0073005
internal_weight=18000 849 397 168 102 452 297 82 17151 843 344 309 499 161 61 16308 6400 75 6325 9908 275 154 6283 9633 763 42 8870 121 338 229
internal_count=10028 482 283 84 51 199 134 41 9546 492 237 213 255 81 24 9054 3751 65 3686 5303 157 89 3663 5146 290 23 4856 68 174 199
is_linear=0
shrinkage=0.05


Tree=276
num_leaves=31
num_cat=0
split_feature=5 3 7 0 10 23 5 10 7 28 7 9 29 7 5 12 7 7 9 1 23 3 9 5 28 5 1 5 24 26
split_gain=15.7576 53.4634 120.65 143.489 124.883 212.477 112.721 99.4076 84.8713 82.4343 56.9815 80.5599 53.4757 62.8699 50.1342 40.8574 36.7015 77.122 114.227 283.549 189.99 84.7369 203.46 68.1571 47.0524 63.2045 160.55 53.7351 35.011 31.7931
threshold=-2.8649998903274532 71.500000000000014 1019.2500000000001 23.150000572204593 1.0000000180025095e-35 65.500000000000014 -1.205000042915344 -0.78654998540878285 1014.1499938964845 64.500000000000014 1017.7500000000001 1.0000000180025095e-35 13.34999990463257 1022.2500000000001 -0.94499999284744252 1.0000000180025095e-35 1019.5499877929689 1016.1499938964845 1.0000000180025095e-35 89.500000000000014 57.500000000000007 200.50000000000003 0.91595000028610241 -2.6350001096725459 63.500000000000007 2.1049998998641972 79.500000000000014 0.75499999523162853 843.75000000000011 11.949999809265138
decision_type=2 2 2 2 2 2 2 2 2 2 2 2 2 2 2 2 2 2 2 2 2 2 2 2 2 2 2 2 2 2
left_child=-1 2 3 10 12 6 -6 15 -9 -7 29 -12 13 -4 -14 -5 17 18 19 -3 -20 22 -19 -23 27 26 -26 28 -18 -2
right_child=1 16 4 7 5 9 -8 8 -10 -11 11 -13 14 -15 -16 -17 24 21 20 -21 -22 23 -24 -25 25 -27 -28 -29 -30 -31
leaf_value=0.0020885968814251571 -0.093798095941543591 -0.010363012528446713 -0.027537498006371036 0.038243795430562534 0.018310896120000381 0.037979778441540935 -0.032052706320507406 -0.00074266595407747316 -0.031376469072189155 0.094530665161263239 -0.12999470612177483 -0.037263995479393949 0.024212534200042896 -0.0038382998880414133 -0.0038382998880414133 -0.021738487673369614 -0.0011688907685320383 0.015563187687912367 0.0050587231703958513 -0.13504556335356771 0.14401035909003651 0.046022786135658807 0.13796161821910313 -0.0010966484287919362 0.001436824560004021 -0.0011688907685320383 0.053229000060478364 -0.011809556350778115 -0.044248391136105333 -0.037263995479393949
leaf_weight=5329 25 657 486 122 386 27 156 390 538 117 52 24 219 310 104 37 1442 1134 457 49 26 81 35 1461 554 1660 205 1800 53 64
leaf_count=3075 21 257 213 53 269 14 123 144 213 55 38 22 100 145 55 14 1196 443 354 25 16 77 22 1023 214 673 98 1001 37 38
internal_value=-0.000192592 -0.00115198 -0.00691165 -0.0188384 0.0013611 0.0181583 0.0038151 -0.0122436 -0.0185023 0.0721445 -0.0622844 -0.094128 -0.00893638 -0.0158991 0.00822248 0.0242857 0.000679439 0.0044188 -0.00619817 -0.0190166 0.0125385 0.00907523 0.0192278 0.0013785 -0.0018728 0.00342262 0.0154255 -0.0057604 -0.00116889 -0.037264
internal_weight=18000 12671 3057 1252 1805 686 542 1087 928 144 165 76 1119 796 323 159 9614 3900 1189 706 483 2711 1169 1542 5714 2419 759 3295 1495 89
internal_count=10028 6953 1517 543 974 461 392 424 357 69 119 60 513 358 155 67 5436 2217 652 282 370 1565 465 1100 3219 985 312 2234 1233 59
is_linear=0
shrinkage=0.05


Tree=277
num_leaves=28
num_cat=0
split_feature=17 5 3 26 5 10 6 8 23 10 4 28 8 4 3 28 24 11 9 0 12 8 14 11 3 29 12
split_gain=15.3125 15.7155 48.6994 44.305 57.6837 66.7737 37.0202 36.1978 34.091 152.796 36.7955 50.8823 29.887 29.7548 26.2521 23.3744 22.5818 28.6894 25.6742 21.939 16.6352 15.4583 5.3535 3.87502 3.52735 2.92538 0.58601
threshold=0.088500000536441817 -2.8649998903274532 60.500000000000007 11.150000095367433 -1.8450000286102293 1.0000000180025095e-35 1102.5000000000002 722.50000000000011 82.500000000000014 0.3793999999761582 -1.6249999999999998 42.500000000000007 751.00000000000011 -0.31499999761581415 50.500000000000007 70.500000000000014 1017.915008544922 1.0000000180025095e-35 -0.6035499870777129 27.650000572204593 0.81174999475479137 735.50000000000011 48.000000000000007 -1.0000000180025095e-35 26.500000000000004 15.84999990463257 1.0000000180025095e-35
decision_type=2 2 2 2 2 2 2 2 2 2 2 2 2 2 2 2 2 2 2 2 2 2 2 2 2 2 2
left_child=-1 6 3 20 5 -5 8 -6 10 13 14 -12 16 -10 -2 24 18 -18 -4 22 25 23 -14 -17 -8 -3 -26
right_child=1 2 12 4 7 -7 15 -9 9 -11 11 -13 19 -15 -16 21 17 -19 -20 -21 -22 -23 -24 -25 26 -27 -28
leaf_value=-0.041857886212793266 -0.00208772665951011 -0.020988112271300222 0.0046816732636668894 -0.0059662351060502661 -0.012555858684640412 0.018450562351665614 -0.020988112271300222 0.034370411506720953 0.0084200755198457385 0.11621075391769409 -0.00208772665951011 0.0084200755198457385 0.035261710484822593 0.039922929475704833 0.0084200755198457385 -0.012064902636263327 -0.020632380965162983 -0.0044525928393160793 -0.00095902283316536777 0.061066490953618838 -0.012555858684640412 -0.00208772665951011 0.013802939918114333 -0.0070763146478867184 -0.020988112271300222 -0.012555858684640412 -0.012064902636263327
leaf_weight=22 1325 324 2910 764 819 442 130 42 517 35 1131 1281 30 75 183 114 331 216 6576 33 86 369 39 100 24 59 23
leaf_count=11 629 180 1134 301 487 256 55 14 174 14 1084 796 10 29 66 38 139 107 4234 11 40 123 13 34 12 27 10
internal_value=-0.000169353 -0.000118338 -0.00107505 -0.00727179 -0.00412361 0.00298254 0.00216591 -0.0125559 0.00387321 0.0146984 0.00214173 0.00611045 0.000475509 0.00869685 -0.00208773 -0.00804866 0.000201741 -0.00967655 0.000771361 0.0274041 -0.0209881 -0.00314169 0.0138029 -0.0120649 -0.0209881 -0.0209881 -0.0120649
internal_weight=18000 17978 12671 2536 2067 1206 5307 861 4547 627 3920 2412 10135 592 1508 760 10033 547 9486 102 469 583 69 214 177 383 47
internal_count=10028 10017 6953 1305 1058 557 3064 501 2792 217 2575 1880 5648 203 695 272 5614 246 5368 34 247 195 23 72 77 207 22
is_linear=0
shrinkage=0.05


Tree=278
num_leaves=31
num_cat=0
split_feature=7 6 28 26 1 20 3 5 3 7 0 7 26 11 7 29 6 1 23 6 27 4 28 7 24 5 28 3 1 3
split_gain=15.1373 30.4337 51.1903 30.2426 42.732 28.2724 33.5832 17.0703 54.6146 89.4452 134.614 67.6759 104.173 60.5989 46.3291 39.7168 33.122 39.139 31.012 99.082 36.5234 32.6271 44.026 30.0347 59.9267 59.6861 56.327 127.842 66.7064 25.1506
threshold=1024.9500122070315 642.50000000000011 53.500000000000007 14.750000000000002 75.500000000000014 8.7500000000000018 184.50000000000003 -2.8649998903274532 60.500000000000007 1019.2500000000001 23.349999427795414 1019.7500000000001 17.94999980926514 -0.60784998536109913 1017.7500000000001 17.849999427795414 1102.5000000000002 57.500000000000007 82.500000000000014 302.50000000000006 4.0499999523162851 -1.6249999999999998 42.500000000000007 1019.5499877929689 1109.5850219726565 -1.9049999713897703 55.500000000000007 234.50000000000003 87.500000000000014 50.500000000000007
decision_type=2 2 2 2 2 2 2 2 2 2 2 2 2 2 2 2 2 2 2 2 2 2 2 2 2 2 2 2 2 2
left_child=7 2 -2 -4 -5 6 -3 16 9 10 14 12 -11 -13 -9 -12 18 -18 21 -20 -21 29 -23 24 25 -10 28 -28 -25 -1
right_child=1 5 3 4 -6 -7 -8 8 23 11 15 13 -14 -15 -16 -17 17 -19 19 20 -22 22 -24 26 -26 -27 27 -29 -30 -31
leaf_value=-0.0021994574854655286 0.0069605465517985441 -0.0027211905169877274 0.022568441329543137 0.12050852504643528 0.041894628157251791 0.0069605465517985441 -0.041329943915208181 -0.036333248072156786 -0.011644641877291466 0.0078692365099083308 -0.014512848247765456 0.011148423094076895 0.11321594715118409 -0.012148771652497413 -0.088334176985499196 0.02590631369049802 -0.0022202271989677567 -0.030905835646695485 0.10404606029905122 0.0078023429268424304 0.040854208644698652 -0.0021994574854655286 0.0078023429268424304 -0.021469063520255505 -0.067090698319176842 0.0061746948496741892 -0.0011201533914787401 0.040273535357514011 -0.0044657745529802333 0.0078023429268424304
leaf_weight=1325 229 222 90 22 56 155 75 95 541 88 768 446 32 746 78 66 605 148 29 513 85 1131 1303 753 30 3577 3509 197 903 183
leaf_count=629 199 97 45 11 28 65 37 63 415 40 308 247 13 440 61 24 207 62 10 171 36 1084 807 559 13 1877 1518 96 800 66
internal_value=-0.000171032 0.00634599 0.0164471 0.0381763 0.0612208 -0.00252597 -0.0124029 -0.000493634 -0.00155169 -0.00843172 -0.0196403 0.000171201 0.0359617 -0.00343187 -0.0597788 -0.0113142 0.00185807 -0.0078583 0.00345939 0.0137882 0.0094111 0.00181653 0.00552274 0.000125994 0.00332074 0.00383369 -0.00234543 0.00108021 -0.0100118 -0.00219946
internal_weight=18000 849 397 168 78 452 297 17151 11829 2319 1007 1312 120 1192 173 834 5322 753 4569 627 598 3942 2434 9510 4148 4118 5362 3706 1656 1508
internal_count=10028 482 283 84 39 199 134 9546 6474 1196 456 740 53 687 124 332 3072 269 2803 217 207 2586 1891 5278 2305 2292 2973 1614 1359 695
is_linear=0
shrinkage=0.05


Tree=279
num_leaves=26
num_cat=0
split_feature=17 9 7 7 2 18 12 5 7 7 28 24 7 3 7 1 11 5 10 5 2 18 5 10 23
split_gain=14.0962 13.4415 17.9089 46.7572 40.7154 38.1893 28.5563 39.5598 23.0546 19.5738 16.9589 30.2111 18.0955 17.8309 37.4709 99.9651 89.975 20.7939 49.6592 38.3136 15.1359 12.1525 4.44054 3.62216 3.0029
threshold=0.088500000536441817 0.98295000195503246 1016.6499938964845 1017.2500000000001 2.8750000000000004 20.650000572204593 0.81174999475479137 0.64499998092651378 1018.9500122070314 1014.2500000000001 25.500000000000004 266.25000000000006 1019.0499877929689 216.50000000000003 1019.0499877929689 95.500000000000014 0.87834998965263378 -2.8649998903274532 0.78654998540878307 3.4650000333786015 4.9549999237060556 19.150000572204593 -3.9950000047683711 0.60354998707771312 32.500000000000007
decision_type=2 2 2 2 2 2 2 2 2 2 2 2 2 2 2 2 2 2 2 2 2 2 2 2 2
left_child=-1 10 5 4 -4 9 8 -8 -5 20 11 12 -2 17 16 -16 -15 18 -12 -19 -3 -14 -7 -13 -6
right_child=1 2 3 6 24 22 7 -9 -10 -11 13 23 21 14 15 -17 -18 19 -20 -21 -22 -23 -24 -25 -26
leaf_value=-0.04015510888262229 -0.0035262130078346243 0.019498687550470597 0.12222066718865843 -0.020131361978939763 0.0077502840730760778 0.033166512548923485 0.00040528147947043185 0.081785434058734355 0.0069729578745223149 -0.020131361978939763 -7.5548632994223975e-05 -0.020131361978939763 -0.011828787493387193 -0.0035262130078346243 0.0047225281527426468 0.047665487908626965 0.034875972290801541 -0.0035262130078346243 0.015438218204983246 0.0028521195747155822 -0.020131361978939763 -0.0035262130078346243 0.080286259055137643 -0.011828787493387193 0.040498792912278855
leaf_weight=22 337 41 17 43 14 10.000000000000002 32 28 244 72 3715 127 264 1343 1498 149 154 6307 599 2786 10.999999999999998 135 9.9999999999999982 28 14
leaf_count=11 337 38 15 37 14 10 31 14 182 68 1739 127 264 937 1042 120 136 3041 536 1142 8 135 10 28 6
internal_value=-0.000156562 -0.000107615 0.00769139 0.0132308 0.0611831 -0.00738798 0.00701216 0.0383827 0.000453857 -0.017729 -0.000347282 -0.00706688 -0.00352621 1.44585e-05 0.00340344 0.00860747 -0.00232204 -0.000780273 0.00207854 -0.00213658 0.0107687 -0.0118288 0.0567264 -0.0201314 0.0241245
internal_weight=18000 17978 536 392 45 144 347 60 287 124 17442 891 736 16551 3144 1647 1497 13407 4314 9093 52 399 20 155 28
internal_count=10028 10017 433 299 35 134 264 45 219 114 9584 891 736 8693 2235 1162 1073 6458 2275 4183 46 399 20 155 20
is_linear=0
shrinkage=0.05


Tree=280
num_leaves=31
num_cat=0
split_feature=4 11 28 25 4 28 4 12 25 11 9 4 27 11 27 28 2 24 7 0 1 18 10 10 1 29 2 17 24 9
split_gain=14.7852 63.1562 66.3129 99.7649 58.3306 55.1883 53.4629 65.4956 98.6297 51.137 53.7129 84.7494 50.2833 49.3781 103.606 79.5893 125.973 69.9518 104.371 69.6075 68.3239 54.6504 48.6936 47.541 161.876 59.9696 42.4868 40.949 35.8309 35.6135
threshold=0.64499998092651378 0.87834998965263378 53.500000000000007 7.7500000000000009 0.34499999880790716 104.50000000000001 0.25499999523162847 0.81174999475479137 9.2500000000000018 0.60784998536109935 1.0000000180025095e-35 0.55500000715255748 7.4500000476837167 -0.60784998536109913 21.849999427795414 77.500000000000014 2.7050000429153447 275.41499328613287 1016.5499877929689 21.250000000000004 96.500000000000014 2.6499999761581425 -0.6035499870777129 -0.91595000028610218 92.500000000000014 2.9500000476837163 3.2949999570846562 0.1225000023841858 165.41500091552737 -0.6035499870777129
decision_type=2 2 2 2 2 2 2 2 2 2 2 2 2 2 2 2 2 2 2 2 2 2 2 2 2 2 2 2 2 2
left_child=4 13 12 -4 6 9 23 27 -9 10 11 -6 -3 14 20 17 -17 19 -19 -15 21 -2 -12 24 25 -1 -14 -8 -22 -25
right_child=1 2 3 -5 5 -7 7 8 -10 -11 22 -13 26 15 -16 16 -18 18 -20 -21 28 -23 -24 29 -26 -27 -28 -29 -30 -31
leaf_value=-0.10975848473608495 -0.042367187092701597 -0.036734201298162773 0.017162281991586387 0.071580450399778783 -0.045613125636400034 0.050363400247361925 0.0012940762817491721 -0.0025800888389348985 0.13293941390925443 0.0033813729001809668 0.018977115368464886 -0.0016745108664697091 0.017162281991586387 -0.0031753312416044539 0.13140661856707406 0.10609154711036306 0.0093120633433126428 -0.049686992278334147 -0.0076123044530921752 0.0075153835415282108 0.069266996568080844 0.0066347764940618576 -0.015878457099315711 -0.0011836651790374884 -0.15010371744632722 -0.0057365393506893236 -0.012707663887528182 0.047418844774365428 0.015314304201226488 0.0050889126272514514
leaf_weight=13.999999999999998 60 69 210 112 313 36 243 25 29 366 111 169 182 791 17 38 292 161 1744 277 39 1101 320 6429 20 1342 76 60 38 3492
leaf_count=7 23 55 89 56 152 12 169 15 15 289 87 74 165 756 17 13 98 108 926 152 32 623 265 2504 14 688 70 28 25 2606
internal_value=0.00019542 0.002446 0.0170391 0.0331453 -0.000708177 -0.0106907 0.000418217 0.0194687 0.0701989 -0.0124092 -0.0187392 -0.0302073 0.00117923 0.000368121 0.00881084 -0.00283975 0.0204564 -0.0054256 -0.0111682 0.00481756 0.00712737 0.00410238 -0.00591418 -0.000183804 -0.00889326 -0.00681051 0.0113189 0.0104277 0.0527381 0.00102416
internal_weight=18176 5207 649 322 12969 1315 11654 357 54 1279 913 482 327 4558 1255 3303 330 2973 1905 1068 1238 1161 431 11297 1376 1356 258 303 77 9921
internal_count=10133 3208 435 145 6925 879 6046 227 30 867 578 226 290 2773 720 2053 111 1942 1034 908 703 646 352 5819 709 695 235 197 57 5110
is_linear=0
shrinkage=0.05


Tree=281
num_leaves=22
num_cat=0
split_feature=28 9 5 20 5 24 0 17 5 12 7 11 7 9 28 10 9 3 18 29 5
split_gain=13.926 16.8027 11.322 15.4946 12.4419 84.3859 41.962 30.546 29.4334 93.9074 46.3273 18.7245 17.6702 12.8491 86.4746 39.9787 5.74384 3.57099 1.30273 1.03889 0.192948
threshold=9.5000000000000018 0.60354998707771312 6.5799999237060556 11.150000095367433 5.0150001049041757 215.41500091552737 25.250000000000004 0.11950000002980234 4.6649999618530282 1.0000000180025095e-35 1018.2500000000001 0.60784998536109935 1016.7500000000001 -1.0000000180025095e-35 79.500000000000014 -0.91595000028610218 0.78654998540878307 191.50000000000003 21.000000000000004 3.5499999523162846 -1.8450000286102293
decision_type=2 2 2 2 2 2 2 2 2 2 2 2 2 2 2 2 2 2 2 2 2
left_child=1 20 4 17 8 -6 11 -8 13 10 -10 -7 -11 15 -15 -2 -3 19 -18 -4 -1
right_child=2 16 3 -5 5 6 7 -9 9 12 -12 -13 -14 14 -16 -17 18 -19 -20 -21 -22
leaf_value=-0.05555027642033316 -0.010963405551767282 -0.010963405551767282 -0.0086194568763262244 0.048941338614181235 0.12660758296648664 -0.010963405551767282 0.0011106537867307997 0.035587603449821474 0.080361098474046835 0.018486250060446123 0.024394588565789396 0.0011106537867307997 -0.010963405551767282 0.0011768490171517162 0.050507543103562459 4.4644696173658029e-07 -0.046747057254497813 0.017969261069555539 -0.024362944066524506 0.0050096606490788636 -0.065146558880805977
leaf_weight=11.000000000000002 851 22 29 27 11.999999999999998 548 120 90 48 51 161 243 153 6875 90 8745 13.000000000000002 37 12.999999999999998 27 9.9999999999999982
leaf_count=11 379 22 13 11 7 217 40 30 20 19 56 122 68 5219 30 3806 13 18 13 9 10
internal_value=0.000203784 -0.022216 0.000289219 0.0155965 0.000187097 -0.00519586 -0.00677592 0.0131847 0.000508349 0.0136929 0.0372481 -0.0109634 -0.0104396 0.00017955 0.00181429 -0.00100698 -0.0109634 0.00591569 -0.035555 -0.00204828 -0.0601199
internal_weight=18176 69 18107 120 17987 1013 1001 210 16974 413 209 791 204 16561 6965 9596 48 93 26 56 21
internal_count=10133 69 10064 51 10013 416 409 70 9597 163 76 339 87 9434 5249 4185 48 40 26 22 21
is_linear=0
shrinkage=0.05


Tree=282
num_leaves=31
num_cat=0
split_feature=4 11 28 25 4 28 4 12 25 9 12 27 11 27 28 2 1 4 1 18 10 1 28 1 2 28 6 10 10 9
split_gain=13.4796 56.2096 59.2001 90.8143 52.3859 48.9936 47.6456 58.642 88.8621 46.1834 56.9049 45.5035 43.5113 93.5333 69.8876 111.579 63.1631 50.8052 63.2811 48.4135 40.4271 146.729 57.207 39.7915 39.7879 36.7847 61.6696 35.7503 33.0742 32.0724
threshold=0.64499998092651378 0.87834998965263378 53.500000000000007 7.8500001430511483 0.34499999880790716 104.50000000000001 0.25499999523162847 0.81174999475479137 9.2500000000000018 -1.0000000180025095e-35 -0.56175000965595234 7.4500000476837167 -0.60784998536109913 21.849999427795414 77.500000000000014 2.7050000429153447 96.500000000000014 0.89499998092651378 86.500000000000014 2.6499999761581425 -0.91595000028610218 92.500000000000014 24.500000000000004 94.500000000000014 3.2949999570846562 59.500000000000007 342.50000000000006 -0.98295000195503224 0.91595000028610241 -0.6035499870777129
decision_type=2 2 2 2 2 2 2 2 2 2 2 2 2 2 2 2 2 2 2 2 2 2 2 2 2 2 2 2 2 2
left_child=4 12 11 -4 6 9 20 25 -9 10 23 -3 13 16 17 -16 19 -14 -19 -2 21 22 -1 -6 -13 27 -27 -8 -12 -22
right_child=1 2 3 -5 5 -7 7 8 -10 -11 28 24 14 -15 15 -17 -18 18 -20 -21 29 -23 -24 -25 -26 26 -28 -29 -30 -31
leaf_value=-0.082741731777787209 -0.039952502399683003 -0.034956333186963333 0.016211714292731921 0.068957621362750174 -0.055086173282794748 0.047381863080792959 -0.073039796286159087 -0.0027105812057852743 0.12592354961510363 -0.0043863972697265798 -0.0051085501835095113 0.016211714292731921 0.0070600987577583074 0.12477744502179765 0.099780807604915228 0.0086984552596121624 0.05054795067612227 -0.0020774526108669239 -0.018817953648354743 0.0061686633557762587 -0.0011656692550849499 -0.14265737533569336 -0.0048543958588465374 0.015303989856139476 -0.012100241402161592 0.093342534426985119 0.011680122752461518 0.0017581029021194285 -0.060447754661242172 0.004786898710493679
leaf_weight=24 60 69 214 108 158 36 18 25 29 798 270 182 527 17 38 292 77 1562 884 1101 6429 20 1332 23 76 29 114 142 30 3492
leaf_count=24 23 55 91 54 68 12 10 15 15 642 120 165 411 17 13 98 57 870 661 623 2504 14 671 15 70 12 44 131 22 2606
internal_value=0.000179242 0.00232815 0.0160954 0.0313133 -0.000683536 -0.0101437 0.000383918 0.0183681 0.0663707 -0.0117629 -0.0240008 0.00111016 0.000367878 0.00829319 -0.00264341 0.0191867 0.00669365 -0.00506653 -0.00812758 0.00378514 -0.000184407 -0.00821585 -0.00623293 -0.0461416 0.0107559 0.00981321 0.028241 -0.00665666 -0.0106425 0.000929519
internal_weight=18176 5207 649 322 12969 1315 11654 357 54 1279 481 327 4558 1255 3303 330 1238 2973 2446 1161 11297 1376 1356 181 258 303 143 160 300 9921
internal_count=10133 3208 435 145 6925 879 6046 227 30 867 225 290 2773 720 2053 111 703 1942 1531 646 5819 709 695 83 235 197 56 141 142 5110
is_linear=0
shrinkage=0.05


Tree=283
num_leaves=31
num_cat=0
split_feature=4 7 24 8 18 3 4 11 28 25 24 3 18 0 7 28 4 4 12 25 28 11 9 27 2 28 10 1 9 28
split_gain=12.8655 35.0881 23.5672 32.829 19.6013 16.3701 14.7134 50.6006 52.526 82.4441 44.6845 214.793 257.698 94.8024 60.7713 95.8774 44.4337 44.517 52.9244 80.1981 44.2167 44.193 44.5541 41.3401 36.8976 35.3994 32.8943 132.559 35.6772 32.2085
threshold=-4.4349999427795401 1015.5499877929689 915.41500854492199 406.50000000000006 5.3500001430511483 80.500000000000014 0.64499998092651378 0.87834998965263378 53.500000000000007 7.7500000000000009 230.41500091552737 201.50000000000003 8.1500000953674334 21.94999980926514 1020.8500061035157 55.500000000000007 0.34499999880790716 0.25499999523162847 0.81174999475479137 9.2500000000000018 104.50000000000001 0.60784998536109935 1.0000000180025095e-35 7.4500000476837167 3.4300000667572026 76.500000000000014 -0.91595000028610218 92.500000000000014 -0.6035499870777129 23.500000000000004
decision_type=2 2 2 2 2 2 2 2 2 2 2 2 2 2 2 2 2 2 2 2 2 2 2 2 2 2 2 2 2 2
left_child=1 2 4 -4 -1 -3 16 10 23 -10 11 12 -8 -13 15 -12 17 26 25 -20 21 22 -18 -9 -25 -19 27 -2 -28 -23
right_child=6 5 3 -5 -6 -7 7 8 9 -11 14 13 -14 -15 -16 -17 20 18 19 -21 -22 29 -24 24 -26 -27 28 -29 -30 -31
leaf_value=0.021245675674665159 -0.005848889863569337 -0.030115695975043558 -0.024267850350588562 0.021245675674665159 0.06120100820318182 0.013932578890554367 0.0026087607341429061 -0.033208516558659251 0.015393276186566615 0.064607262791001374 -0.032205562346607007 0.0026087607341429061 0.23267483607582423 0.039459039083026587 0.0026087607341429061 -0.0034265537304224735 -0.02750396402591368 0.00012933368219974193 -0.0025750526376068592 0.11962737139185955 0.045012772993908989 -0.025959273480583689 -0.0053787711717127856 0.015393276186566615 -0.011423127014131262 0.041093208114890492 -0.0017677145914274423 -0.1355245080590248 0.004573968406893409 0.010971482195381126
leaf_weight=65 1348 66 56 90 47 31 24 69 210 112 354 1113 23 177 1281 1586 482 235 25 29 36 74 431 193 65 68 6084 20 3490 292
leaf_count=22 691 24 23 30 19 14 10 55 89 56 304 1004 12 101 643 699 226 174 15 15 12 74 352 176 59 23 2377 14 2605 215
internal_value=0.000173049 0.00959814 0.0192367 0.00600099 0.0364904 -0.0160384 -1.47016e-05 0.00222141 0.0152837 0.0296181 0.000361513 0.00804557 0.113039 0.00422025 -0.00282805 -0.00867798 -0.000937758 7.46198e-05 0.0174497 0.0630522 -0.00963651 -0.0111747 -0.0170593 0.00116843 0.0103623 0.00932255 -0.00049227 -0.00774473 0.000544012 0.00350461
internal_weight=18176 355 258 146 112 97 17821 5207 649 322 4558 1337 47 1290 3221 1940 12614 11299 357 54 1315 1279 913 327 258 303 10942 1368 9574 366
internal_count=10133 132 94 53 41 38 10001 3208 435 145 2773 1127 22 1105 1646 1003 6793 5914 227 30 879 867 578 290 235 197 5687 705 4982 289
is_linear=0
shrinkage=0.05


Tree=284
num_leaves=24
num_cat=0
split_feature=28 9 3 28 11 2 7 7 18 26 12 3 3 10 23 9 3 3 26 7 9 18 3
split_gain=11.6336 15.6966 11.3387 49.6201 64.8802 155.04 84.3067 72.4929 55.6047 52.6751 33.1491 27.2869 28.0247 30.0298 22.8423 47.3857 20.479 18.3859 14.3189 9.74473 5.01791 1.19592 0.143328
threshold=9.5000000000000018 0.60354998707771312 216.50000000000003 52.500000000000007 0.60784998536109935 3.0949999094009404 1021.5499877929689 1021.0499877929689 7.1499998569488534 15.550000190734865 0.81174999475479137 214.50000000000003 213.50000000000003 -0.6035499870777129 31.500000000000004 1.0000000180025095e-35 347.50000000000006 354.50000000000006 11.550000190734865 1017.9500122070314 0.78654998540878307 21.000000000000004 334.50000000000006
decision_type=2 2 2 2 2 2 2 2 2 2 2 2 2 2 2 2 2 2 2 2 2 2 2
left_child=1 22 11 8 7 6 -6 -5 19 -9 16 12 14 -14 18 -16 -10 -7 -2 -4 -3 -22 -1
right_child=2 20 3 4 5 17 -8 9 10 -11 -12 -13 13 -15 15 -17 -18 -19 -20 -21 21 -23 -24
leaf_value=-0.061452631652355177 -0.010043747022069616 -0.010043747022069616 -0.0037234427964937412 0.004352520479596696 0.12837064039707186 0.004352520479596696 0.043545355777609873 0.0090934712470562996 0.004352520479596696 0.056352767178221887 -0.0037234427964937412 -0.010043747022069616 0.0019168472752488894 0.077526847956081238 -0.00098629577678973008 0.0076983820440210057 -0.0037234427964937412 0.039440844521710754 -0.003949955880860825 -0.010043747022069616 -0.044109027775434337 -0.022662173211574557 -0.053181809119202873
leaf_weight=10.000000000000002 594 22 109 942 50 117 47 121 1223 115 227 175 29 24 10974 1833 727 38 267 495 13.000000000000002 12.999999999999998 10.999999999999998
leaf_count=10 470 22 84 439 28 54 24 57 1166 58 217 87 16 10 4774 1276 701 17 169 417 13 13 11
internal_value=0.000163036 -0.0203286 0.000241123 0.00251402 0.010083 0.0331097 0.0827382 0.00515713 -0.00137799 0.0321224 0.00259686 -0.000447649 -0.000132577 0.0361553 -0.000273289 0.000256697 0.00435252 0.00435252 -0.00815661 -0.0100437 -0.0100437 -0.0333856 -0.0571203
internal_weight=18176 69 18107 4211 1430 252 97 1178 2781 236 2177 13896 13721 53 13668 12807 1950 155 861 604 48 26 21
internal_count=10133 69 10064 3262 677 123 52 554 2585 115 2084 6802 6715 26 6689 6050 1867 71 639 501 48 26 21
is_linear=0
shrinkage=0.05


Tree=285
num_leaves=19
num_cat=0
split_feature=1 7 7 2 5 4 5 17 7 23 24 11 7 7 21 10 4 18
split_gain=13.5369 13.2539 15.8216 24.8397 40.2356 46.7642 29.7697 26.4988 21.9369 43.2638 94.1437 17.9788 62.8098 45.7237 14.9057 12.6344 5.52328 15.711
threshold=99.500000000000014 1027.049987792969 1024.9500122070315 3.2649999856948857 -1.8450000286102293 1.1349999904632571 -1.955000042915344 0.11150000244379045 1023.9500122070314 61.500000000000007 837.08499145507824 1.0000000180025095e-35 1023.7500000000001 1023.5499877929689 15.34999990463257 -0.37939999997615809 -0.27500000596046442 2.9500000476837163
decision_type=2 2 2 2 2 2 2 2 2 2 2 2 2 2 2 2 2 2
left_child=1 2 8 4 6 -6 -4 15 11 10 -10 13 -13 -1 -11 -5 -3 -18
right_child=-2 16 3 7 5 -7 -8 -9 9 14 -12 12 -14 -15 -16 -17 17 -19
leaf_value=-0.0014437592351489242 -0.04195311960617179 -0.004755690934196595 0.026948269563061851 -0.035287806391716005 0.0039523485522725277 0.039954329094369759 0.1046880797335976 0.0039523485522725277 -0.012505671926398551 -0.0023210830073757214 -0.097928045007089778 0.0029306807334389898 -0.061547053115148298 0.019157904172686036 0.020618682125106799 -0.0075386151173550305 -0.059333396485696237 0.0015254380500042126
leaf_weight=9720 19 31 35 70 386 99 19 91 310 401 36 6243 38 277 86 99 24 19
leaf_count=5180 19 16 19 35 248 71 9 34 215 204 25 3674 21 157 46 40 12 13
internal_value=0.000228539 0.000273104 0.000360354 0.00723756 0.0133605 0.00880219 0.0543012 -0.00545583 3.92225e-05 -0.00787481 -0.0213935 0.00044421 0.00254059 -0.000872922 0.00172988 -0.0190296 -0.0208438 -0.0324423
internal_weight=18003 17984 17910 799 539 485 54 260 17111 833 346 16278 6281 9997 487 169 74 43
internal_count=10038 10019 9978 456 347 319 28 109 9522 490 240 9032 3695 5337 250 75 41 25
is_linear=0
shrinkage=0.05


Tree=286
num_leaves=31
num_cat=0
split_feature=10 7 7 28 23 18 27 28 7 25 7 7 2 10 23 5 7 7 5 28 7 5 0 11 3 5 28 28 17 4
split_gain=13.0965 129.872 81.0765 99.6042 139.799 92.5929 79.0655 101.627 32.1493 29.7222 24.3935 17.851 17.2799 15.6033 134.877 90.598 97.3486 73.9152 105.715 81.1674 53.6575 31.6742 38.282 44.1474 57.828 35.3821 64.2457 27.8576 26.0966 27.1704
threshold=0.98295000195503246 1015.3500061035157 1020.5499877929689 50.500000000000007 33.500000000000007 10.750000000000002 18.849999427795414 39.500000000000007 1021.2500000000001 8.7500000000000018 1015.0499877929689 1019.8500061035157 3.0699999332427983 0.60354998707771312 84.500000000000014 3.8950001001358037 1017.4500122070314 1020.9500122070314 -1.814999997615814 64.500000000000014 1020.5499877929689 4.8949999809265146 25.250000000000004 -1.0000000180025095e-35 182.50000000000003 4.6649999618530282 99.500000000000014 76.500000000000014 0.11950000002980234 -0.1950000002980232
decision_type=2 2 2 2 2 2 2 2 2 2 2 2 2 2 2 2 2 2 2 2 2 2 2 2 2 2 2 2 2 2
left_child=13 10 3 4 -3 -6 7 -4 -9 11 12 -5 -2 21 15 17 -17 18 -15 -19 -18 25 23 24 -23 -1 27 -27 -24 -30
right_child=1 2 6 9 5 -7 -8 8 -10 -11 -12 -13 -14 14 -16 16 20 19 -20 -21 -22 22 28 -25 -26 26 -28 -29 29 -31
leaf_value=0.0010224226581231842 0.0028674407074084649 -0.127271086582914 -0.12422671086258359 0.078475245703821597 -0.044665467971935872 0.045712028205698807 0.093548829257488253 -0.057164089705633081 0.005045796771398877 0.10756354753089988 -0.12603410482406616 0.045712028205698807 -0.064908962729660902 -0.0017375740376110666 0.11521529306968054 0.055754169800020105 -0.023960596834714378 -0.0012197697009615992 -0.023658390194783368 0.037310514138629722 0.022922251695745636 -0.062130323555534599 -0.00047558445842508861 -0.0036329932243461373 -0.013849584378853995 -0.01142152180976194 0.087970806757609057 0.022806341799774341 0.016060394190126472 0.058467164460350489
leaf_weight=12477 12.999999999999998 15.999999999999998 18 20 32 89 20 23 214 46 11.999999999999998 22 34 1247 24 69 94 905 984 161 174 87 117 512 216 92 30 168 36 51
leaf_count=6605 12 16 18 10 32 89 20 17 129 22 6 11 34 1000 10 35 47 645 617 70 72 29 39 232 80 46 10 56 12 17
internal_value=0.000217741 0.00775117 0.0160299 0.038289 0.0116266 0.0299933 -0.0021821 -0.00969041 -0.00099145 0.0797974 -0.0624074 0.0493869 -0.0461623 -2.36713e-05 -0.00292671 -0.00370695 0.0209865 -0.00623097 -0.0114059 0.00459953 0.00647827 0.000746626 -0.0077366 -0.0125852 -0.0277124 0.00142372 0.018689 0.0106949 0.011634 0.0325964
internal_weight=18003 559 500 225 137 121 275 255 237 88 59 42 47 17444 3658 3634 337 3297 2231 1066 268 13786 1019 815 303 12767 290 260 204 87
internal_count=10038 416 364 180 137 121 184 164 146 43 52 21 46 9622 2496 2486 154 2332 1617 715 119 7126 409 341 109 6717 112 102 68 29
is_linear=0
shrinkage=0.05


Tree=287
num_leaves=31
num_cat=0
split_feature=4 7 2 29 7 2 12 5 7 3 5 29 7 1 26 11 1 21 7 26 4 6 9 8 26 7 7 3 18 1
split_gain=12.2374 34.4069 23.1699 19.7886 17.8755 13.3241 31.8127 55.2124 34.6296 31.9553 20.5025 88.3327 72.6955 24.5371 43.4815 41.1594 38.5664 36.3704 29.5727 20.8506 18.2822 16.4181 12.8516 11.8978 18.9249 9.99141 9.87078 8.82341 4.43492 3.30214
threshold=-4.4349999427795401 1015.5499877929689 5.430000066757203 5.9500000476837167 1019.7500000000001 5.4549999237060556 1.0000000180025095e-35 6.0450000762939462 1015.2500000000001 182.50000000000003 4.305000066757203 6.5499999523162851 1019.0499877929689 68.500000000000014 30.60000038146973 -1.0000000180025095e-35 59.500000000000007 21.050000190734867 1024.6499633789065 13.650000095367433 2.0749999284744267 642.50000000000011 -0.98295000195503224 406.50000000000006 16.44999980926514 1014.4500122070314 1013.7500000000001 55.500000000000007 1.8499999642372134 74.500000000000014
decision_type=2 2 2 2 2 2 2 2 2 2 2 2 2 2 2 2 2 2 2 2 2 2 2 2 2 2 2 2 2 2
left_child=1 2 -1 23 22 10 7 8 26 -10 13 20 19 15 18 17 -17 -2 -15 -13 21 -12 -3 24 -4 -22 -7 -5 -8 -25
right_child=5 4 3 27 -6 6 28 -9 9 -11 11 12 -14 14 -16 16 -18 -19 -20 -21 25 -23 -24 29 -26 -27 -28 -29 -30 -31
leaf_value=0.06241798842394794 -0.0018570873497301581 -0.012545294704891387 -0.048692782223224644 0.037990961258043104 0.018799623273886169 -0.024803563114255668 -0.026232420947662621 -0.087742662926514947 -0.028014394515960279 -0.0018570873497301581 0.01795088860076274 0.02021675113249909 0.01795088860076274 -0.0018570873497301581 0.052073547008790466 0.0010490496069147889 0.013767847087243369 0.033696997745169537 0.010099917018824582 0.074183081959684691 -0.0018570873497301581 -0.0018570873497301581 -0.056760037276479935 0.0037136108747550418 0.001494078320397091 0.01795088860076274 -0.0018570873497301581 0.018497886851289145 -0.0018570873497301581 0.018497886851289145
leaf_weight=27 1986 42 24 51 26 96 43 24 316 150 49 22 93 9924 38 1159 1227 72 526 96 29 638 27 42 45 82 98 30 973 48
leaf_count=9 744 14 11 20 12 38 15 9 133 57 22 18 33 6663 19 426 510 28 366 32 12 244 11 14 17 36 43 10 456 16
internal_value=0.000209207 0.00930938 0.0185042 0.0135639 -0.016533 2.2468e-05 -0.00418538 -0.0132478 -0.0105389 -0.0189607 0.000471207 0.00736931 0.0361397 5.08133e-06 -0.00131428 0.00311882 0.00758969 -0.00185709 -0.00150842 0.0641216 -0.000237893 -0.00185709 -0.0298467 0.00331649 -0.0123042 0.0179509 -0.00185709 0.0336793 -0.00185709 0.0152924
internal_weight=18003 362 267 240 95 17641 1700 684 660 466 15941 1009 211 14932 10488 4444 2386 2058 10450 118 798 687 69 159 69 111 194 81 1016 90
internal_count=10038 134 97 88 37 9904 751 280 271 190 9153 397 83 8756 7048 1708 936 772 7029 50 314 266 25 58 28 48 81 30 471 30
is_linear=0
shrinkage=0.05


Tree=288
num_leaves=28
num_cat=0
split_feature=7 7 24 5 5 28 7 10 21 23 23 5 26 21 3 11 24 7 7 4 7 7 7 23 4 0 18
split_gain=12.4328 12.7428 21.3673 86.8462 27.4746 23.8333 20.2296 41.8153 81.5869 53.2496 49.2077 26.8158 20.8699 19.0213 17.1067 16.1382 61.958 132.836 55.6362 43.6145 100.575 46.6934 13.5343 11.8384 11.7792 5.24366 14.7714
threshold=1027.049987792969 1024.9500122070315 386.25000000000006 0.92500001192092907 -1.7350000143051145 62.500000000000007 1023.9500122070314 -0.91595000028610218 16.150000572204593 61.500000000000007 48.500000000000007 0.50499999523162853 15.34999990463257 9.9499998092651385 215.50000000000003 1.0000000180025095e-35 42.915000915527351 1019.8500061035157 1023.7500000000001 -2.564999938011169 1020.0499877929689 1018.1499938964845 1025.6499633789065 55.500000000000007 1.575000047683716 23.150000572204593 2.9500000476837163
decision_type=2 2 2 2 2 2 2 2 2 2 2 2 2 2 2 2 2 2 2 2 2 2 2 2 2 2 2
left_child=1 6 3 4 -3 14 15 9 10 23 -9 -11 -10 -7 24 19 17 -17 -18 20 -1 -21 -5 -8 -4 26 -2
right_child=25 2 5 22 -6 13 7 8 12 11 -12 -13 -14 -15 -16 16 18 -19 -20 21 -22 -23 -24 -25 -26 -27 -28
leaf_value=-0.0016471343438977167 -0.058784942873395411 0.068219194036315794 -0.017032737015649523 0.039519184323794705 0.0094085108449214125 -0.0016060355098216816 -0.081673647889069154 -0.041183987740547434 0.03479173447133279 -0.016039488477898496 -0.0015940964768157446 0.051407553702592847 0.10024363137781621 0.0094085108449214125 -0.0016060355098216816 0.14418816146655725 0.0022010668582154586 0.024689127882772201 -0.05848510418283312 0.0015121143845571131 0.024377176374127375 -0.0060098473035672629 0.093650637153122163 -0.043044265729371117 -0.059838427437676325 -0.0031887376148785861 -0.016910662762936412
leaf_weight=1213 26 22 150 17 189 152 28 93 51 56 503 20 15.999999999999998 173 42 26 6172 49 38 3992 535 4270 36 68 18 28 20
leaf_count=444 13 11 88 13 151 66 14 68 41 28 283 10 11 68 32 19 3613 46 21 2322 245 2339 18 37 9 14 14
internal_value=0.000204008 0.000288423 0.00646048 0.0181003 0.00940851 0.000716713 5.38337e-07 -0.00758994 -0.0018909 -0.0295577 -0.00777171 0.00170973 0.050422 0.00919979 -0.0124119 0.000389495 0.00237529 0.0475485 0.00182972 -0.00085733 0.00631797 -0.00237542 0.0762877 -0.0543112 -0.0216191 -0.0202484 -0.0306326
internal_weight=18003 17929 799 264 211 535 17130 835 663 172 596 76 67 325 210 16295 6285 75 6210 10010 1748 8262 53 96 168 74 46
internal_count=10038 9997 456 193 162 263 9541 492 403 89 351 38 52 134 129 9049 3699 65 3634 5350 689 4661 31 51 97 41 27
is_linear=0
shrinkage=0.05


Tree=289
num_leaves=31
num_cat=0
split_feature=10 1 18 3 11 4 12 23 17 5 28 29 18 6 28 3 18 23 3 5 1 5 4 10 23 12 8 1 28 3
split_gain=12.2781 134.053 82.3585 70.9479 48.2359 49.9343 47.4037 47.1964 41.1049 64.1256 43.7134 36.2034 34.3213 33.2645 28.528 23.2494 21.3062 16.6896 16.1435 14.056 13.9575 87.801 124.882 123.309 133.547 73.4003 95.8975 79.7896 67.4641 48.0029
threshold=0.98295000195503246 85.500000000000014 9.4499998092651385 198.50000000000003 1.0000000180025095e-35 -1.1249999999999998 1.0000000180025095e-35 33.500000000000007 0.1134999990463257 0.86500000953674328 39.500000000000007 11.050000190734865 20.650000572204593 47.500000000000007 42.500000000000007 105.50000000000001 10.150000095367433 45.500000000000007 121.50000000000001 -0.59499999880790699 85.500000000000014 -0.98500001430511464 -1.955000042915344 -0.98295000195503224 80.500000000000014 1.0000000180025095e-35 12.500000000000002 96.500000000000014 34.500000000000007 98.500000000000014
decision_type=2 2 2 2 2 2 2 2 2 2 2 2 2 2 2 2 2 2 2 2 2 2 2 2 2 2 2 2 2 2
left_child=20 4 8 12 5 15 18 -5 9 10 -3 -9 17 -7 -15 -2 -8 -4 -6 -10 -1 23 29 -22 28 26 -24 -27 -25 -23
right_child=1 2 3 7 6 13 16 11 19 -11 -12 -13 -14 14 -16 -17 -18 -19 -20 -21 21 22 25 24 -26 27 -28 -29 -30 -31
leaf_value=0.00085076271210758527 0.046922454123313612 -0.16705622673034665 0.024811541127358262 0.024811541127358262 -0.03694729727917704 0.024318866571411493 0.025375080108642575 0.088864924155530489 0.024811541127358262 -0.0042583026731594061 -0.040540798049834043 0.17935728549957275 0.10327931897980827 -0.094027315753121538 -0.039379264312223175 -0.027000545461972555 0.11589971047181349 0.064045430053583263 0.011104022890900855 -0.0042583026731594061 -0.093890923550052033 0.069425277538218741 -0.028535621019780341 -0.0039552378553126925 0.11130190730094909 -0.0074041133891337282 0.00057212123439246841 0.029212052490952059 0.013746021632017193 0.013949513412688089
leaf_weight=12473 26 11.000000000000002 73 13.999999999999998 29 15.999999999999998 13 42 15.999999999999998 25 18 14.999999999999998 13.999999999999998 31 104 18 13 12.999999999999998 44 24 31 59 894 1055 30 1102 414 172 1099 115
leaf_count=5781 20 11 56 9 29 15 13 28 11 15 18 15 10 31 65 9 8 13 28 12 17 34 640 1055 15 748 217 137 915 63
internal_value=0.000191643 0.00748588 0.033276 0.0539425 -0.0157603 -0.0301908 0.0126634 0.0921645 -0.00431945 -0.0333281 -0.0885294 0.112679 0.026805 -0.0438489 -0.0519281 0.0166812 0.0706374 0.0248115 -0.00798486 0.0248115 -4.21037e-05 -0.00228244 -0.00823968 0.00512982 0.00653533 -0.0110027 -0.0193226 -0.00246064 0.00507618 0.0327603
internal_weight=18003 559 265 171 294 195 99 71 94 54 29 57 100 151 135 44 26 86 73 40 17444 4971 2756 2215 2184 2582 1308 1274 2154 174
internal_count=10038 416 198 131 218 140 78 52 67 44 29 43 79 111 96 29 21 69 57 23 9622 3841 1839 2002 1985 1742 857 885 1970 97
is_linear=0
shrinkage=0.05


Tree=290
num_leaves=30
num_cat=0
split_feature=28 3 1 5 7 28 29 1 27 2 23 18 12 1 27 3 4 3 4 1 4 10 28 12 2 1 0 9 11
split_gain=16.5165 40.5875 13.5676 36.0603 55.0399 63.3545 54.8177 52.9701 63.9509 51.4956 41.8116 37.8891 29.468 28.2469 60.4134 43.6038 36.3232 31.8126 28.7771 95.148 101.381 59.3324 34.7154 23.6423 22.6421 19.7575 13.86 13.0142 2.24266
threshold=137.00000000000003 117.50000000000001 59.500000000000007 -3.2350000143051143 1021.7500000000001 70.500000000000014 13.250000000000002 58.500000000000007 1.3499999642372134 1.6800000071525576 66.500000000000014 4.3500001430511483 -0.56175000965595234 68.500000000000014 3.0499999523162846 22.500000000000004 -2.8749999999999996 28.500000000000004 -1.0850000381469724 76.500000000000014 -3.504999995231628 -0.91595000028610218 85.500000000000014 -0.56175000965595234 5.3450000286102304 76.500000000000014 22.250000000000004 -0.98295000195503224 0.87834998965263378
decision_type=2 2 2 2 2 2 2 2 2 2 2 2 2 2 2 2 2 2 2 2 2 2 2 2 2 2 2 2 2
left_child=2 -2 3 7 5 6 -5 8 -1 -7 11 -6 -9 14 15 -4 -17 28 19 20 -15 -21 23 -20 -10 -24 -19 -12 -16
right_child=1 -3 13 4 10 9 -8 12 24 -11 27 -13 -14 18 17 16 -18 26 22 21 -22 -23 25 -25 -26 -27 -28 -29 -30
leaf_value=-0.087783753871917725 0.063833817948655378 0.011606264075387769 -0.077863023281097413 -0.081542902762320513 -0.070490773953497413 0.011606264075387769 -0.029398250579203103 -0.077479969633036661 0.010521061646288847 -0.014805340348332195 -0.007712817832273438 -0.007712817832273438 -0.011948361212298983 0.0043032362293996427 0.0030864504136442106 -0.014820463150289257 0.0030864504136442106 0.0030864504136442106 -0.003798699381170906 -0.033416022629964924 -0.024148427888924108 0.0052946582754817362 0.011606264075387769 0.001971003021894352 -0.0073113168109225357 0.0059658099885759493 0.011606264075387769 0.011606264075387769 0.011606264075387769
leaf_weight=18 41 37 20 67 32 89 58 29 951 805 72 64 42 479 332 397 517 182 2484 105 904 1728 324 6225 219 217 1098 405 85
leaf_count=6 14 14 9 27 16 30 22 10 328 276 30 32 16 180 156 139 190 101 1823 54 393 943 108 4322 75 73 430 173 40
internal_value=0.000176993 0.0231353 7.72186e-05 -0.00308623 -0.00808689 -0.0150584 -0.0483999 0.00323709 0.00574431 -0.0103966 0.00431098 -0.0257958 -0.0387148 0.000674621 0.00538237 -0.0048304 -0.00323232 0.0110033 -0.000318968 -0.00439317 -0.0142942 0.00307719 0.00109753 0.000325356 0.00718321 0.0116063 0.0116063 0.0103702 0.00308645
internal_weight=18026 78 17948 2851 1592 1019 125 1259 1188 894 573 96 71 15097 2631 934 914 1697 12466 3216 1383 1833 9250 8709 1170 541 1280 477 417
internal_count=10030 28 10002 1041 606 355 49 435 409 306 251 48 26 8961 1065 338 329 727 7896 1570 573 997 6326 6145 403 181 531 203 196
is_linear=0
shrinkage=0.05


Tree=291
num_leaves=26
num_cat=0
split_feature=28 3 1 8 1 5 2 27 1 27 3 4 9 4 23 3 5 29 3 23 11 8 6 5 11
split_gain=13.803 37.5331 11.9496 40.0456 29.1371 28.4105 37.1823 27.0714 26.2519 54.7225 39.4335 33.1893 28.5757 69.2512 56.5211 27.9887 21.271 41.186 28.6822 18.8236 16.0757 14.3347 12.0528 0.887896 0.703662
threshold=137.00000000000003 117.50000000000001 59.500000000000007 105.50000000000001 58.500000000000007 -3.2350000143051143 3.2350000143051152 1.3499999642372134 68.500000000000014 3.0499999523162846 22.500000000000004 -2.8749999999999996 -0.98295000195503224 -4.1249999999999991 59.500000000000007 28.500000000000004 3.3449999094009404 5.6499998569488534 23.500000000000004 80.500000000000014 1.0000000180025095e-35 100.50000000000001 902.50000000000011 -2.8449999094009395 0.87834998965263378
decision_type=2 2 2 2 2 2 2 2 2 2 2 2 2 2 2 2 2 2 2 2 2 2 2 2 2
left_child=2 -2 3 19 5 7 -7 -5 9 10 -4 -12 13 23 -15 24 18 -18 -14 20 -1 -17 -6 -10 -11
right_child=1 -3 8 4 22 6 -8 -9 12 15 11 -13 16 14 -16 21 17 -19 -20 -21 -22 -23 -24 -25 -26
leaf_value=-0.086087884902954104 0.060642124676122899 0.010642808220207771 -0.073969868421554563 -0.018456689988036973 0.010642808220207771 0.0024596182536834512 -0.013734400065813869 0.0066065363958798017 0.010642808220207771 0.0030172659340591572 -0.014079440014920099 0.0030172659340591572 0.0049109682877395474 -0.09724229474862417 -0.018055470381847013 0.0030172659340591572 -0.00073856808794197726 0.010642808220207771 -0.0020569750780639892 -0.018456689988036973 -0.03774656551780893 0.010642808220207771 -0.018456689988036973 -0.0052185204896059911 0.010642808220207771
leaf_weight=25 41 37 20 18 39 744 677 1164 127 332 397 517 1813 24 369 212 1368 766 7966 44 24 1068 116 33 85
leaf_count=11 14 14 9 6 15 277 256 401 43 156 139 190 1489 12 144 116 588 329 5280 18 12 415 45 11 40
internal_value=0.00019448 0.0211823 0.000103269 -0.00286556 -0.0017774 -0.000491482 -0.00525562 0.00523596 0.000663919 0.00520237 -0.00451749 -0.00299774 -0.00029394 -0.0114049 -0.0228913 0.010552 0.000221831 0.00474459 -0.000765137 -0.035136 -0.0570364 0.0106428 -0.0184567 0.0106428 0.00301727
internal_weight=18026 78 17948 2851 2758 2603 1421 1182 15097 2631 934 914 12466 553 393 1697 11913 2134 9779 93 49 1280 155 160 417
internal_count=10030 28 10002 1041 1000 940 533 407 8961 1065 338 329 7896 210 156 727 7686 917 6769 41 23 531 60 54 196
is_linear=0
shrinkage=0.05


Tree=292
num_leaves=26
num_cat=0
split_feature=7 0 4 28 0 2 28 1 5 7 28 1 23 12 27 1 5 27 4 9 4 9 7 14 4
split_gain=12.6913 27.2779 20.8851 18.334 52.7726 42.583 34.6437 12.0867 26.3521 51.9577 53.9976 44.678 33.8769 26.6214 23.3638 22.0138 40.5945 68.4026 37.6152 21.535 51.5882 24.9841 4.96285 4.21508 3.37606
threshold=1010.0499877929689 30.250000000000004 -2.7150000333786006 115.00000000000001 27.050000190734867 3.3199999332427983 123.00000000000001 59.500000000000007 -3.2350000143051143 1021.7500000000001 70.500000000000014 58.500000000000007 66.500000000000014 -0.56175000965595234 1.8499999642372134 68.500000000000014 -5.7449998855590811 3.6499999761581425 -3.3850001096725459 -0.98295000195503224 -4.1249999999999991 -0.91595000028610218 1009.6499938964845 48.000000000000007 -0.50499999523162831
decision_type=2 2 2 2 2 2 2 2 2 2 2 2 2 2 2 2 2 2 2 2 2 2 2 2 2
left_child=1 2 23 7 24 6 -6 8 11 10 -10 14 -11 -13 -2 16 17 -9 -18 20 -17 -21 -3 -1 -5
right_child=3 22 -4 4 5 -7 -8 15 9 12 -12 13 -14 -15 -16 19 18 -19 -20 21 -22 -23 -24 -25 -26
leaf_value=-0.006879793992586764 -0.013951944136599295 0.026811295476826754 -0.060781927632563043 0.0063926719237169145 0.045334593332027197 0.022946088140874142 0.10713005308061839 -0.064697007780725305 -0.045161176079511645 -0.023652651339458923 -0.0098711559190597462 -0.072783477347472619 0.0063926719237169145 -0.010497393210728963 0.0063926719237169145 0.0063926719237169145 -0.010314434162787434 0.0063926719237169145 0.0063926719237169145 0.0063926719237169145 -0.020425777326027555 -0.00047489482825764098 -0.0006103468663764723 -0.026357619836926461 0.022946088140874142
leaf_weight=48 147 33 33 115 39 60 32 55 125 96 816 29 477 42 999 130 338 28 2153 1002 375 10730 33 40 51
leaf_count=18 49 11 12 40 13 20 11 25 49 48 280 10 203 16 346 44 116 14 891 407 150 7213 11 16 17
internal_value=0.000201636 -0.0127563 -0.0268601 0.00033747 0.0126564 0.0394995 0.0677231 0.0001289 -0.00292754 -0.00733105 -0.014559 0.00255062 0.00453892 -0.0359382 0.00493518 0.000692476 0.00489547 -0.0295037 0.00604164 -0.000191604 -0.0103015 0.000243571 0.0131005 -0.0141394 0.00639267
internal_weight=18026 187 121 17839 297 131 71 17542 2731 1514 941 1217 573 71 1146 14811 2574 83 2491 12237 505 11732 66 88 166
internal_count=10030 68 46 9962 101 44 24 9861 1001 580 329 421 251 26 395 8860 1046 39 1007 7814 194 7620 22 34 57
is_linear=0
shrinkage=0.05


Tree=293
num_leaves=31
num_cat=0
split_feature=28 18 7 7 10 7 1 24 7 3 1 9 7 11 25 9 1 7 7 28 6 24 18 10 26 24 18 29 1 7
split_gain=12.2919 58.767 81.3075 101.418 62.7403 36.8563 36.0899 106.737 35.7662 34.505 83.4154 46.1385 43.8046 48.6571 31.3578 25.8069 24.8537 22.4973 19.5544 51.0853 98.9251 29.6355 89.6622 21.3141 16.3942 15.9423 13.7823 10.9536 10.2259 12.1286
threshold=39.500000000000007 7.1499998569488534 1018.3500061035157 1019.5499877929689 0.60354998707771312 1018.8500061035157 97.500000000000014 172.91500091552737 1020.9500122070314 339.50000000000006 89.500000000000014 0.91595000028610241 1018.1499938964845 0.60784998536109935 7.1499998569488534 1.0000000180025095e-35 90.500000000000014 1014.1499938964845 1021.0499877929689 61.500000000000007 307.50000000000006 46.250000000000007 7.2500000000000009 -0.98295000195503224 15.449999809265138 117.91500091552736 18.94999980926514 9.9499998092651385 91.500000000000014 1018.1499938964845
decision_type=2 2 2 2 2 2 2 2 2 2 2 2 2 2 2 2 2 2 2 2 2 2 2 2 2 2 2 2 2 2
left_child=1 2 -1 5 14 16 9 8 25 18 11 17 26 -14 -5 28 -4 -11 21 24 -21 22 -2 -23 -20 -8 -12 -6 29 -3
right_child=6 15 3 4 27 -7 7 -9 -10 10 12 -13 13 -15 -16 -17 -18 -19 19 20 -22 23 -24 -25 -26 -27 -28 -29 -30 -31
leaf_value=-0.011507677724849671 0.018653025329490473 -0.011507677724849671 -0.10561637306213378 -0.06668385238601611 -0.12265128585008474 -0.16030010547902851 0.1666239229532388 -0.00102564024508254 0.045684657547933862 0.01611035821408453 0.0027959750475067841 0.083256201446056374 0.048050178459992536 0.14439989879727363 -0.011507677724849671 -0.00102564024508254 -0.025811888405587527 -0.00102564024508254 -0.00102564024508254 0.052218601665614796 0.0056308566883568958 0.012258341495237015 0.11347128915841934 -0.00102564024508254 0.0034775828742792435 0.09097421447436016 0.066349762441082441 -0.063088440659799072 -0.011507677724849671 -0.00102564024508254
leaf_weight=131 21 44 25 26 12.999999999999998 18 13.000000000000002 39 13.999999999999998 213 38 18 38 20 107 2243 15.999999999999998 433 1076 120 2259 309 27 9600 950 14.999999999999998 10.999999999999998 19 41 129
leaf_count=112 14 44 23 26 13 13 8 28 14 95 32 18 30 15 101 2225 16 275 669 60 952 136 16 4346 567 12 11 19 41 99
internal_value=0.000212193 -0.0028248 -0.0219897 -0.044395 -0.0242769 -0.100658 0.00077352 0.0340595 0.092395 0.000595355 0.0108999 0.00429792 0.0518692 0.0812742 -0.0115077 -0.00102564 -0.0744732 0.00209785 4.21731e-05 0.00282344 0.00798081 -0.00102564 0.0383317 -0.00102564 -0.00102564 0.126097 0.0170632 -0.0872858 -0.0115077 -0.00102564
internal_weight=18026 2812 355 224 165 59 15214 81 42 15133 771 664 107 58 133 2457 41 646 14362 4405 2379 9957 48 9909 2026 28 49 32 214 173
internal_count=10030 2732 323 211 159 52 7298 62 34 7236 476 388 88 45 127 2409 39 370 6760 2248 1012 4512 30 4482 1236 20 43 32 184 143
is_linear=0
shrinkage=0.05


Tree=294
num_leaves=14
num_cat=0
split_feature=18 7 0 7 28 0 2 7 7 10 4 7 25
split_gain=11.892 11.8923 16.4055 14.5668 10.884 42.3908 46.8021 12.7829 45.96 19.1661 4.44779 4.42269 2.33301
threshold=0.84999999403953563 1010.0499877929689 30.250000000000004 1010.1499938964845 115.00000000000001 27.050000190734867 3.3199999332427983 1014.4500122070314 1014.1499938964845 1.0000000180025095e-35 -1.4850000143051145 1009.6499938964845 7.2500000000000009
decision_type=2 2 2 2 2 2 2 2 2 2 2 2 2
left_child=12 2 -2 -3 7 10 -7 8 -5 -9 -6 -4 -1
right_child=1 3 11 4 5 6 -8 9 -10 -11 -12 -13 -14
leaf_value=-0.037643025680021813 -0.013088814544758002 0.035769153617579368 0.024820995511430684 -7.098394441249975e-05 0.0050188098069539428 0.066258744106573217 0.020044977259648877 -0.00077924606511310234 -0.013088814544758002 0.0028407106690207197 0.020044977259648877 -0.00060760397617061902 -0.014047647863626481
leaf_weight=22 121 29 33 1891 88 68 57 9217 308 6061 78 33 20
leaf_count=11 46 11 11 970 31 23 19 4768 166 3927 26 11 10
internal_value=0.00016744 0.000229502 -0.0123138 0.0003613 0.000303509 0.00989379 0.0350711 0.000143826 -0.00342046 0.000656842 0.00501881 0.0118736 -0.0264071
internal_weight=18026 17984 187 17797 17768 291 125 17477 2199 15278 166 66 42
internal_count=10030 10009 68 9941 9930 99 42 9831 1136 8695 57 22 21
is_linear=0
shrinkage=0.05


Tree=295
num_leaves=31
num_cat=0
split_feature=10 23 5 27 12 23 5 5 26 1 12 11 23 27 5 12 8 23 18 4 11 10 29 8 5 10 2 11 3 11
split_gain=11.2558 142.015 68.9737 50.6945 49.8029 133.062 83.9643 72.3092 40.9593 42.6612 33.9722 35.9401 34.5843 29.6144 164.869 132.475 46.2562 45.2541 68.5261 43.8702 51.2345 26.9885 171.033 59.4151 86.1377 18.2864 16.3812 42.7886 35.2988 22.1343
threshold=0.60354998707771312 82.500000000000014 3.8950001001358037 9.0500001907348651 0.81174999475479137 40.500000000000007 -1.8450000286102293 1.8450000286102297 25.650000572204593 81.500000000000014 1.0000000180025095e-35 1.0000000180025095e-35 31.500000000000004 12.949999809265138 0.2650000005960465 0.81174999475479137 152.50000000000003 32.500000000000007 7.2500000000000009 0.51499998569488536 1.0000000180025095e-35 -0.98295000195503224 4.5499999523162851 397.50000000000006 -2.3049999475479122 -0.98295000195503224 5.9049999713897714 -1.0000000180025095e-35 56.500000000000007 0.60784998536109935
decision_type=2 2 2 2 2 2 2 2 2 2 2 2 2 2 2 2 2 2 2 2 2 2 2 2 2 2 2 2 2 2
left_child=13 2 4 10 8 7 -7 -6 9 -2 11 -4 -12 21 16 17 -15 -16 -19 25 -21 22 -1 24 -24 -18 29 28 -28 -23
right_child=1 -3 3 -5 5 6 -8 -9 -10 -11 12 -13 -14 14 15 -17 19 18 -20 20 -22 26 23 -25 -26 -27 27 -29 -30 -31
leaf_value=-0.11002269027056173 -0.011064895350621858 0.090510591937274468 -0.064779888710071301 0.043751974160346152 -0.097326372422372243 0.025726508777862523 -0.023022237357993924 -0.036976314937318989 0.043751974160346152 0.0009363282319496723 -0.01292044021603134 0.016177298587102158 0.02649559135843841 0.0035193960630654944 0.0035193960630654944 0.15955547716306606 0.030687377829940955 0.023962713815628523 0.070057853393382941 0.025995749235153201 0.10960936508740166 0.0023758738888782129 -0.056693782239932239 0.0035193960630654944 -0.009316321820008501 0.013052208956230472 -0.01133522861144122 -0.0025972976333712774 -0.051442173905210734 -0.0025972976333712774
leaf_weight=40 1152 41 29 51 79 136 252 32 32 2073 72 26 192 1111 36 23 147 72 118 53 28 8123 33 284 306 126 170 557 81 2557
leaf_count=16 729 17 13 25 65 98 169 16 19 1607 33 11 85 1103 36 17 74 52 72 38 19 3740 19 134 141 95 65 238 34 1267
internal_value=0.000192176 -0.00208651 -0.00300664 0.0175906 -0.00503566 -0.019745 -0.00593505 -0.0680176 -0.00278206 -0.00335062 0.00923921 -0.0265092 0.0166868 0.000877013 0.00702966 0.0452342 0.0035194 0.0335997 0.044406 0.022585 0.0548992 9.13107e-06 -0.00979973 -0.00336487 -0.0193992 0.0130522 0.000575224 -0.00628915 -0.0242781 0.00109455
internal_weight=18032 4167 4126 370 3756 499 388 111 3257 3225 319 55 264 13865 1714 249 1465 226 190 354 81 12151 663 623 339 273 11488 808 251 10680
internal_count=10047 2887 2870 167 2703 348 267 81 2355 2336 142 24 118 7160 1506 177 1329 160 124 226 57 5654 310 294 160 169 5344 337 99 5007
is_linear=0
shrinkage=0.05


Tree=296
num_leaves=28
num_cat=0
split_feature=7 1 4 7 11 3 1 8 26 4 10 8 0 1 8 23 7 28 29 7 9 11 3 6 6 7 14
split_gain=13.3545 23.8694 16.169 15.6599 29.2581 59.7294 28.0274 47.6379 27.0283 43.1899 26.5942 26.0057 20.5091 19.3977 64.5684 19.7328 19.0308 63.389 64.4859 41.8077 33.5053 32.8597 29.9461 8.48629 8.37152 4.00716 1.60078
threshold=1010.0499877929689 45.500000000000007 -1.705000042915344 1013.2500000000001 -0.87834998965263356 351.50000000000006 60.500000000000007 489.50000000000006 16.650000572204593 -2.8249999284744258 -1.0000000180025095e-35 84.500000000000014 30.94999980926514 82.500000000000014 323.50000000000006 28.500000000000004 1014.4500122070314 84.500000000000014 4.8500001430511483 1014.9500122070314 -0.98295000195503224 0.87834998965263378 42.500000000000007 1582.5000000000002 462.50000000000006 1009.5499877929689 48.000000000000007
decision_type=2 2 2 2 2 2 2 2 2 2 2 2 2 2 2 2 2 2 2 2 2 2 2 2 2 2 2
left_child=1 25 24 4 8 6 11 -8 13 -10 -7 -6 16 14 -2 -15 17 18 -5 21 -21 -18 -19 -14 26 -1 -3
right_child=3 2 -4 12 5 10 7 -9 9 -11 -12 -13 23 15 -16 -17 19 22 -20 20 -22 -23 -24 -25 -26 -27 -28
leaf_value=0.024048442551583955 -0.08223865047881479 8.9500705863154216e-05 -0.058836494066885542 -0.04112992780778478 -0.053805045106194244 0.019992796970265254 0.011551555192896299 0.067380404749581985 0.062569808619362968 0.0014874600247397091 0.10814627713777802 0.0020352182049496229 0.038020031621643142 -0.032918401647891317 -0.0076713350972508997 0.0014874600247397091 0.012162613561970285 -0.0047519065465081844 -0.0069691568941070972 -0.010502065864208314 0.00029841752573061056 -0.0323262251115271 0.012162613561970285 0.012162613561970285 -0.035855529819216046 -0.00059188148289015803 -0.015821078658103945
leaf_weight=33 38 43 28 188 22 13.999999999999998 343 43 35 51 22 399 51 42 123 51 541 168 521 757 13963 42 388 33 35 33 25
leaf_count=11 26 17 10 73 13 7 219 15 14 17 18 135 17 42 41 51 285 56 356 290 8125 29 134 11 14 11 10
internal_value=0.000155141 -0.0127918 -0.0251454 0.000298149 0.00585679 0.0108505 0.00803951 0.0177708 -0.00652476 0.0177027 0.0738644 -0.0008828 -9.67509e-05 -0.0147277 -0.0252711 0.00148746 -0.000221695 -0.00611565 -0.0160273 0.00026552 -0.000257015 0.0121626 0.00652349 0.0245469 -0.0159866 0.0117283 -0.00575998
internal_weight=18032 197 131 17835 1183 843 807 386 340 86 36 421 16652 254 161 93 16568 1265 709 15303 14720 583 556 84 103 66 68
internal_count=10047 73 51 9974 598 407 382 234 191 31 25 148 9376 160 67 93 9348 619 429 8729 8415 314 190 28 41 22 27
is_linear=0
shrinkage=0.05


Tree=297
num_leaves=31
num_cat=0
split_feature=7 7 24 17 28 3 11 18 8 5 7 18 5 8 11 27 24 4 1 5 28 10 4 26 4 7 4 4 1 14
split_gain=12.1791 33.295 40.3068 40.7806 34.7936 31.0682 31.2228 33.6402 22.8808 22.0498 21.8349 19.2813 19.1831 25.5046 17.1461 106.224 78.8908 70.051 33.1506 29.3677 42.4703 124.823 116.023 32.3942 29.8253 20.1464 16.722 17.6336 13.0121 10.0865
threshold=1011.6499938964845 1013.2500000000001 195.41500091552737 0.11450000107288362 29.500000000000004 351.50000000000006 0.60784998536109935 8.7500000000000018 489.50000000000006 -4.8550000190734854 1010.5499877929689 15.449999809265138 -1.2450000047683714 725.50000000000011 -0.60784998536109913 21.849999427795414 1071.2500000000002 -2.445000052452087 74.500000000000014 -4.2550001144409171 75.500000000000014 0.78654998540878307 -3.0949999094009395 8.7500000000000018 -0.54500001668930043 1015.8500061035157 0.99500000476837169 0.69499999284744274 71.500000000000014 48.000000000000007
decision_type=2 2 2 2 2 2 2 2 2 2 2 2 2 2 2 2 2 2 2 2 2 2 2 2 2 2 2 2 2 2
left_child=5 2 4 8 -2 6 12 -8 9 -4 -9 -6 26 -14 15 16 17 -3 -18 23 22 -22 -21 25 -25 -16 27 -1 -5 -10
right_child=1 14 3 28 11 -7 7 10 29 -11 -12 -13 13 -15 19 -17 18 -19 -20 20 21 -23 -24 24 -26 -27 -28 -29 -30 -31
leaf_value=-0.011474107424953894 0.026900522704322652 0.016460741067178621 -0.070010959889207566 0.026900522704322652 0.055403652373287419 0.038700925367219113 -0.0016829602523810334 0.030134045258509341 0.012409954933985081 -0.0058824293716027154 0.10951620111098657 0.12455622040267503 -0.072015454913630636 -0.009851740074880197 -0.018673238508990438 0.10332049727439881 -0.021287241938061145 0.00024114299381775367 -0.082081997050688818 -0.03779210040620605 0.00078403329583216731 0.047528304157141071 -0.0027502033327780834 0.0075101137863044709 0.033156054721264067 0.0050930491124283502 0.025490481566105574 -0.055126915454864506 0.012409954933985081 0.0018993259616676751
leaf_weight=310 19 824 13.999999999999998 106 36 35 90 14.000000000000002 115 315 12.999999999999998 13.999999999999998 33 33 138 26 163 3465 26 244 3441 149 7404 353 167 252 28 25 105 75
leaf_count=120 19 355 13 37 22 13 32 7 39 227 13 14 16 11 104 26 65 1938 13 122 1202 53 5012 211 102 173 10 10 43 25
internal_value=0.000155545 0.000392647 0.010363 0.00691035 0.0468907 -0.00696607 -0.00989344 0.0130018 -0.000624813 -0.0086113 0.0619511 0.0747664 -0.0161376 -0.0409336 -8.57517e-05 0.0025492 0.0019641 0.00335724 -0.0296505 -0.00106269 -0.00176225 0.00272412 -0.00386817 0.00757656 0.0157464 -0.00331656 -0.0116292 -0.0147318 0.0254447 0.01241
internal_weight=18032 17451 799 730 69 581 546 117 519 329 27 50 429 66 16652 4504 4478 4289 189 12148 11238 3590 7648 910 520 390 363 335 211 190
internal_count=10047 9815 439 384 55 232 219 52 304 240 20 36 167 27 9376 2397 2371 2293 78 6979 6389 1255 5134 590 313 277 140 130 80 64
is_linear=0
shrinkage=0.05


Tree=298
num_leaves=26
num_cat=0
split_feature=7 1 4 7 24 28 26 14 18 7 0 7 28 29 7 9 23 9 1 5 6 14 7 18 5
split_gain=11.7663 20.8121 15.0432 13.4625 37.7183 35.4892 30.4025 38.4565 20.3165 18.249 17.8658 17.1088 55.972 57.3394 38.1937 30.0596 28.8911 25.5892 16.0699 8.96164 7.66064 6.40179 3.5977 3.20593 2.71498
threshold=1010.0499877929689 45.500000000000007 -1.705000042915344 1013.2500000000001 209.58499908447268 29.500000000000004 16.650000572204593 48.000000000000007 15.449999809265138 1010.9500122070314 30.94999980926514 1014.4500122070314 84.500000000000014 4.8500001430511483 1014.9500122070314 -0.98295000195503224 84.500000000000014 -1.0000000180025095e-35 82.500000000000014 0.2650000005960465 1582.5000000000002 48.000000000000007 1009.5499877929689 10.449999809265138 -2.1450001001358028
decision_type=2 2 2 2 2 2 2 2 2 2 2 2 2 2 2 2 2 2 2 2 2 2 2 2 2
left_child=1 22 21 4 5 -2 7 9 24 -6 11 12 13 -5 17 -16 -14 -13 -9 -8 -12 -3 -1 -23 -7
right_child=3 2 -4 10 6 8 19 18 -10 -11 20 14 16 -15 15 -17 -18 -19 -20 -21 -22 23 -24 -25 -26
leaf_value=0.022567500490130801 0.021054462293199114 2.1187740183153819e-05 -0.056034669918673376 -0.038771057996819631 -0.00085817720395847121 0.043610059704250519 0.021054462293199114 -0.017379510406683538 0.11832841405911106 0.010378754006003143 0.035765056224430311 -0.0020770017855198677 -0.003671275844471049 -0.0065587552765298514 -0.0099408206542833284 0.00028924613488620551 0.011360645539434451 0.011360645539434451 -0.00085817720395847121 0.010378754006003143 0.011360645539434451 -0.034727565240528849 -0.00078000552726514415 -0.01261742456375744 0.067378576312746311
leaf_weight=33 22 43 28 188 100 27.999999999999996 112 314 13.999999999999998 402 51 362 388 521 757 13963 168 221 135 42 33 36 33 24 14.000000000000002
leaf_count=11 22 17 10 73 34 20 56 139 14 156 17 159 132 356 290 8125 58 155 135 14 11 12 11 12 8
internal_value=0.000150449 -0.0120022 -0.0235376 0.000284683 0.0054386 0.0390424 0.00306657 -0.000296954 0.0661657 0.00921207 -8.14641e-05 -0.000198079 -0.00578649 -0.0151002 0.000263879 -0.000236852 0.00609022 0.0113606 -0.0109284 0.0210545 0.0229194 -0.0147034 0.0108937 -0.025256 0.0487781
internal_weight=18032 197 131 17835 1183 78 1105 951 56 502 16652 16568 1265 709 15303 14720 556 583 449 154 84 103 66 60 42
internal_count=10047 73 51 9974 598 64 534 464 42 190 9376 9348 619 429 8729 8415 190 314 274 70 28 41 22 24 28
is_linear=0
shrinkage=0.05


Tree=299
num_leaves=16
num_cat=0
split_feature=7 1 4 7 28 10 28 5 7 10 7 9 6 7 6
split_gain=10.6488 18.7664 13.5892 12.5039 10.822 10.9636 144.72 201.718 76.3375 24.7534 58.8875 46.8473 6.66311 3.24692 1.20064
threshold=1010.0499877929689 45.500000000000007 -1.705000042915344 1010.1499938964845 4.5000000000000009 0.60354998707771312 82.500000000000014 -2.5949999094009395 1021.2500000000001 1.0000000180025095e-35 1014.0499877929689 0.78654998540878307 462.50000000000006 1009.5499877929689 347.50000000000006
decision_type=2 2 2 2 2 2 2 2 2 2 2 2 2 2 2
left_child=1 13 12 -2 -5 9 8 -8 -7 11 -11 -6 14 -1 -3
right_child=3 2 -4 4 5 6 7 -9 -10 10 -12 -13 -14 -15 -16
leaf_value=0.021439124779267748 0.031523158075287938 0.0024321100404185638 -0.05323293592248645 -0.04536270341620996 0.0012167469563469121 -0.0089165720486363044 0.25085902864282783 0.029180967057842056 0.0056459757252014242 -0.0096495516326798661 0.0084324845836442914 -0.0081107258683492927 -0.031675947393689834 -0.00074100431167718143 -0.010907661955098848
leaf_weight=33 32 31 28 12.999999999999998 9129 2601 10.999999999999998 153 1376 555 2386 1579 35 33 37
leaf_count=11 12 12 10 13 4141 1927 4 57 886 258 1388 1288 14 11 15
internal_value=0.000168642 -0.0113925 -0.0223463 0.000296343 0.000240214 0.000273538 -0.00197996 0.0440496 -0.00387808 0.000957232 0.0050202 -0.000158681 -0.01395 0.0103491 -0.0048263
internal_weight=18032 197 131 17835 17803 17790 4141 164 3977 13649 2941 10708 103 66 68
internal_count=10047 73 51 9974 9962 9949 2874 61 2813 7075 1646 5429 41 22 27
is_linear=0
shrinkage=0.05


end of trees

feature_importances:
Column_28=1242
Column_7=878
Column_5=685
Column_10=628
Column_9=458
Column_1=446
Column_8=388
Column_4=378
Column_11=334
Column_3=324
Column_24=286
Column_23=256
Column_29=236
Column_0=233
Column_27=233
Column_18=230
Column_6=183
Column_25=175
Column_26=130
Column_12=125
Column_2=113
Column_17=92
Column_20=70
Column_21=61
Column_22=19
Column_14=17
Column_13=5
Column_19=5
Column_16=1

parameters:
[boosting: gbdt]
[objective: regression]
[metric: l1]
[tree_learner: serial]
[device_type: cpu]
[data_sample_strategy: bagging]
[data: ]
[valid: ]
[num_iterations: 300]
[learning_rate: 0.05]
[num_leaves: 31]
[num_threads: 0]
[seed: 42]
[deterministic: 0]
[force_col_wise: 0]
[force_row_wise: 0]
[histogram_pool_size: -1]
[max_depth: 6]
[min_data_in_leaf: 10]
[min_sum_hessian_in_leaf: 0.001]
[bagging_fraction: 0.9]
[pos_bagging_fraction: 1]
[neg_bagging_fraction: 1]
[bagging_freq: 5]
[bagging_seed: 400]
[bagging_by_query: 0]
[feature_fraction: 0.9]
[feature_fraction_bynode: 1]
[feature_fraction_seed: 30056]
[extra_trees: 0]
[extra_seed: 12879]
[early_stopping_round: 0]
[early_stopping_min_delta: 0]
[first_metric_only: 0]
[max_delta_step: 0]
[lambda_l1: 0]
[lambda_l2: 0]
[linear_lambda: 0]
[min_gain_to_split: 0]
[drop_rate: 0.1]
[max_drop: 50]
[skip_drop: 0.5]
[xgboost_dart_mode: 0]
[uniform_drop: 0]
[drop_seed: 17869]
[top_rate: 0.2]
[other_rate: 0.1]
[min_data_per_group: 100]
[max_cat_threshold: 32]
[cat_l2: 10]
[cat_smooth: 10]
[max_cat_to_onehot: 4]
[top_k: 20]
[monotone_constraints: 1,0,-1,0,0,0,-1,0,1,0,0,0,0,0,-1,1,1,1,1,1,1,1,1,1,-1,1,1,1,1,1]
[monotone_constraints_method: basic]
[monotone_penalty: 0]
[feature_contri: ]
[forcedsplits_filename: ]
[refit_decay_rate: 0.9]
[cegb_tradeoff: 1]
[cegb_penalty_split: 0]
[cegb_penalty_feature_lazy: ]
[cegb_penalty_feature_coupled: ]
[path_smooth: 0]
[interaction_constraints: ]
[verbosity: -1]
[saved_feature_importance_type: 0]
[use_quantized_grad: 0]
[num_grad_quant_bins: 4]
[quant_train_renew_leaf: 0]
[stochastic_rounding: 1]
[linear_tree: 0]
[max_bin: 255]
[max_bin_by_feature: ]
[min_data_in_bin: 3]
[bin_construct_sample_cnt: 200000]
[data_random_seed: 175]
[is_enable_sparse: 1]
[enable_bundle: 1]
[use_missing: 1]
[zero_as_missing: 0]
[feature_pre_filter: 1]
[pre_partition: 0]
[two_round: 0]
[header: 0]
[label_column: ]
[weight_column: ]
[group_column: ]
[ignore_column: ]
[categorical_feature: ]
[forcedbins_filename: ]
[precise_float_parser: 0]
[parser_config_file: ]
[objective_seed: 16083]
[num_class: 1]
[is_unbalance: 0]
[scale_pos_weight: 1]
[sigmoid: 1]
[boost_from_average: 1]
[reg_sqrt: 0]
[alpha: 0.9]
[fair_c: 1]
[poisson_max_delta_step: 0.7]
[tweedie_variance_power: 1.5]
[lambdarank_truncation_level: 30]
[lambdarank_norm: 1]
[label_gain: ]
[lambdarank_position_bias_regularization: 0]
[eval_at: ]
[multi_error_top_k: 1]
[auc_mu_weights: ]
[num_machines: 1]
[local_listen_port: 12400]
[time_out: 120]
[machine_list_filename: ]
[machines: ]
[gpu_platform_id: -1]
[gpu_device_id: -1]
[gpu_device_id_list: ]
[gpu_use_dp: 0]
[num_gpu: 1]

end of parameters

pandas_categorical:null
