tree
version=v4
num_class=1
num_tree_per_iteration=1
label_index=0
max_feature_idx=29
objective=regression
feature_names=Column_0 Column_1 Column_2 Column_3 Column_4 Column_5 Column_6 Column_7 Column_8 Column_9 Column_10 Column_11 Column_12 Column_13 Column_14 Column_15 Column_16 Column_17 Column_18 Column_19 Column_20 Column_21 Column_22 Column_23 Column_24 Column_25 Column_26 Column_27 Column_28 Column_29
monotone_constraints=1 0 -1 0 0 0 -1 0 0 0 0 0 0 0 -1 1 1 1 1 1 1 1 1 1 -1 1 1 1 1 1
feature_infos=[13.300000190734863:33.799999237060547] [27:100] [0:7.809999942779541] [0:359] [-5.5399999618530273:4.0500001907348633] [-7.4200000762939453:7.440000057220459] [10:2015] [1009.0999755859375:1028] [0:888] [-1:1] [-1:1] [-0.9749000072479248:0.9749000072479248] [-0.90100002288818359:1] [0:1] [22:58] [1.0199999809265137:2.380000114440918] [0.079999998211860657:1] [0.087999999523162842:0.17499999701976776] [0.40000000596046448:29] [0.53200000524520874:0.66200000047683716] [3:26.600000381469727] [3.4000000953674316:38.099998474121094] [0.40000000596046448:29] [2:151] [15:1854.1700439453125] [3:26.600000381469727] [3.4000000953674316:38.099998474121094] [0.40000000596046448:29] [2:151] [0.40000000596046448:35.200000762939453]
tree_sizes=2694 2789 2790 2808 2805 2777 2787 2807 2792 2796 2772 2803 2810 2825 2809 2796 2798 2809 2829 2818 2816 2806 2824 2849 2805 2819 2839 2839 2806 2836 2858 2884 2845 2853 2847 2838 2852 2855 2850 2845 2857 2879 2880 2869 2821 2881 2828 2840 2869 2881 2883 2877 2916 2932 2858 2878 2952 2890 2928 2882 2884 2955 2888 2872 2906 2917 2941 2951 2919 2925 2931 2935 2401 2997 2865 2918 2943 2902 2917 2988 3028 2971 2903 2908 2938 2888 2885 2832 2931 2825 2926 2932 2668 1581 2882 2944 1919 1692 2912 2785 2993 2977 2570 2450 1519 2932 2878 2764 1623 2869 2960 2936 2549 2923 2909 2742 2547 2097 2023 2922 2914 3016 2901 1580 2951 2352 2190 2394 2987 2509 2763 2904 2208 2201 2789 2597 2623 2989 3014 2914 2563 3027 2738 2394 2452 2943 2952 2936 2961 3004 2357 3018 2941 3017 2946 3015 3041 3027 2977 2988 2534 1583 2865 2701 2927 2594 2977 3034 2502 3026 2938 2970 2931 2821 2936 1708 2420 1727 1832 1540 2925 2965 3023 2791 3002 2378 1944 2824 1980 2998 2952 3014 3023 2000 2969 2944 2912 2896 2929 2910 2962 2877 2972 2931 2887 2930 2886 2919 2917 2883 2705 2340 3016 2923 2869 2442 2425 1690 2291 2967 2913 2965 3070 3030 2950 2995 3021 2933 2801 2950 2995 2951 2968 2960 2930 2837 2876 2904 2284 2553 2425 1888 1810 2341 1996 2219 2847 2937 2929 1859 2534 2030 2717 2405 2593 2386 2691 2514 2932 2354 3058 2916 2493 2271 2930 1838 2576 1902 2602 2579 2658 2904 3010 2923 2960 2937 2973 2907 1878 2931 2950 3049 2919 2936 2941 2946 2920 2996 2945 2984 2363 2270 2940 2913 2977 2939 2977 2961 2944

Tree=0
num_leaves=31
num_cat=0
split_feature=26 26 26 26 26 26 26 4 26 26 26 26 26 26 5 5 26 21 8 25 5 27 7 2 28 1 8 8 26 23
split_gain=158472 44285.1 31242.5 6365.91 6216.49 5345.14 3021.65 1389.35 1096.95 856.309 791.076 759.328 755.586 546.09 539.903 360.583 343.28 299.746 293.426 260.81 210.251 207.016 175.915 172.252 193.477 167.674 165.637 162.058 154.57 139.331
threshold=14.650000095367433 21.250000000000004 10.449999809265138 7.6499998569488534 27.400000572204593 17.750000000000004 12.750000000000002 1.3550000190734866 9.1500000953674334 19.750000000000004 6.2500000000000009 16.250000000000004 22.94999980926514 11.250000000000002 -0.84499999880790699 -0.054999999701976769 13.750000000000002 18.650000572204593 2.5000000000000004 18.150000572204593 -2.1750000715255733 19.150000572204593 1022.6499938964845 1.735000014305115 60.500000000000007 74.500000000000014 1.5000000000000002 26.500000000000004 5.1499998569488534 57.500000000000007
decision_type=2 2 2 2 2 2 2 2 2 2 2 2 2 2 2 2 2 2 2 2 2 2 2 2 2 2 2 2 2 2
left_child=2 5 3 10 12 11 13 14 27 20 28 23 21 25 -6 -14 -8 29 -15 -17 -7 -3 -16 -2 -25 -4 -10 -5 -1 -11
right_child=1 4 6 8 7 9 16 -9 26 17 -12 -13 15 18 22 19 -18 -19 -20 -21 -22 -23 -24 24 -26 -27 -28 -29 -30 -31
leaf_value=12.796535397244657 13.363221685045696 13.639584451865799 13.138546420470377 12.978432832586009 13.893142349494031 13.43541296070353 13.225525457190489 14.467959303609179 13.04615977443207 13.529039380946735 12.920528401094419 13.396839241924514 13.730171944896357 13.145055313157021 14.021479841653804 13.785892150216485 13.273337273888611 13.625903693682138 13.190968116879819 13.893142349494031 13.494078685103075 13.730171944896357 14.155459383082038 13.298406152866445 13.340242826332236 13.087655994006864 13.083927501118639 13.018744272134224 12.856793812527481 13.581408830448295
leaf_weight=158 251 160 207 676 12.999999999999998 135 947 18 639 60 689 732 123 699 196 104 622 70 693 74 411 46 28 307 427 346 532 395 326 158
leaf_count=158 251 159 207 676 10 135 947 6 639 60 689 732 106 699 98 85 622 64 693 41 411 32 14 307 427 346 532 395 326 158
internal_value=13.2242 13.5086 13.0882 12.9805 13.8431 13.4087 13.1929 14.0445 13.0299 13.5126 12.8861 13.3583 13.7418 13.1512 14.0123 13.7923 13.2445 13.5823 13.1679 13.8378 13.4758 13.668 14.0382 13.3296 13.3174 13.1092 13.0633 12.9933 12.8371 13.5488
internal_weight=10242 3313 6929 3415 762 2551 3514 255 2242 834 1173 1717 507 1945 237 301 1569 288 1392 178 546 206 224 985 734 553 1171 1071 484 218
internal_count=10025 3096 6929 3415 551 2545 3514 128 2242 828 1173 1717 423 1945 122 232 1569 282 1392 126 546 191 112 985 734 553 1171 1071 484 218
is_linear=0
shrinkage=1


Tree=1
num_leaves=31
num_cat=0
split_feature=26 26 26 26 26 26 26 4 26 26 26 26 26 5 26 9 26 21 8 27 5 8 27 25 7 8 23 26 2 26
split_gain=143010 36781.2 31434.1 6056.88 5568.1 3985.66 3200.23 1259.1 1096.24 776.499 715.494 678.802 535.798 507.458 440.838 434.238 399.649 301.096 262.496 191.188 185.269 182.049 176.331 162.827 158.764 146.257 128.875 126.26 117.517 117.282
threshold=15.150000095367433 21.250000000000004 10.650000095367433 7.6499998569488534 27.400000572204593 17.750000000000004 12.750000000000002 1.3550000190734866 9.1500000953674334 19.750000000000004 6.1499998569488534 22.94999980926514 13.750000000000002 -0.84499999880790699 16.250000000000004 0.3793999999761582 11.650000095367433 18.650000572204593 63.500000000000007 19.150000572204593 -1.814999997615814 1.5000000000000002 20.44999980926514 18.150000572204593 1022.6499938964845 26.500000000000004 57.500000000000007 5.1499998569488534 1.735000014305115 18.44999980926514
decision_type=2 2 2 2 2 2 2 2 2 2 2 2 2 2 2 2 2 2 2 2 2 2 2 2 2 2 2 2 2 2
left_child=2 5 3 10 11 14 16 13 25 20 27 19 -8 -6 28 22 18 26 -4 -3 -7 -10 -13 -17 -15 -5 -11 -1 -2 -22
right_child=1 4 6 8 7 9 12 -9 21 17 -12 15 -14 24 -16 23 -18 -19 -20 -21 29 -23 -24 -25 -26 -27 -28 -29 -30 -31
leaf_value=-0.40625081620638892 0.13648660701498319 0.39464576542377472 -0.11583603045247914 -0.23344826100934191 0.63523377049942975 0.20528864978874717 0.001289725703715397 1.1816019694010416 -0.16806128926435418 0.28955775590201832 -0.29000936462290616 0.4809799102551745 0.055369311611860018 0.75744642092257131 0.16403782495852215 0.53799540805816659 -0.043979895928183757 0.3873102917813811 -0.067332741290316772 0.4809799102551745 0.22839734101597267 -0.13016590886328319 0.63523377049942975 0.63523377049942975 0.88472704887390141 -0.19515240391598473 0.33937892808189879 -0.35096049996830475 0.096170560432673663 0.28629096868086834
leaf_weight=158 203 160 479 676 12.999999999999998 192 947 18 693 60 717 164 887 196 732 50 976 70 384 46 158 584 13.999999999999998 73 28 395 158 298 517 196
leaf_count=158 203 159 479 676 10 192 947 6 693 60 717 148 887 98 732 38 976 64 384 32 158 584 7 39 14 395 158 298 517 196
internal_value=-7.23439e-06 0.28703 -0.121621 -0.22837 0.58787 0.18675 -0.01929 0.778452 -0.182019 0.273863 -0.321151 0.492016 0.0274449 0.747833 0.136714 0.539878 -0.0658978 0.340292 -0.0906856 0.422082 0.238824 -0.150731 0.489955 0.612123 0.773356 -0.219324 0.307476 -0.370118 0.108935 0.260451
internal_weight=10242 3048 7194 3521 762 2286 3673 255 2348 834 1173 507 1834 237 1452 301 1839 288 863 206 546 1277 178 123 224 1071 218 456 720 354
internal_count=10025 2831 7194 3521 551 2280 3673 128 2348 828 1173 423 1834 122 1452 232 1839 282 863 191 546 1277 155 77 112 1071 218 456 720 354
is_linear=0
shrinkage=0.05


Tree=2
num_leaves=31
num_cat=0
split_feature=26 26 26 26 26 26 26 4 26 26 26 26 26 5 26 9 26 21 8 27 5 8 2 28 1 7 8 26 26 23
split_gain=129054 36036.9 25461.1 5180.98 4983.07 4336.58 2441.12 1141.29 897.778 702.153 648.213 615.213 613.3 476.997 450.385 353.1 274.021 265.928 256.708 249.579 179.112 161.072 145.335 174.105 143.381 143.284 140.983 132.967 131.478 119.143
threshold=14.650000095367433 21.250000000000004 10.449999809265138 7.6499998569488534 27.400000572204593 17.750000000000004 12.750000000000002 1.3550000190734866 8.9499998092651385 19.750000000000004 6.3500001430511483 16.250000000000004 23.94999980926514 -0.84499999880790699 11.250000000000002 0.3793999999761582 13.750000000000002 18.650000572204593 2.5000000000000004 19.150000572204593 -2.1750000715255733 1.5000000000000002 1.735000014305115 60.500000000000007 74.500000000000014 1022.6499938964845 26.500000000000004 22.500000000000004 5.1499998569488534 57.500000000000007
decision_type=2 2 2 2 2 2 2 2 2 2 2 2 2 2 2 2 2 2 2 2 2 2 2 2 2 2 2 2 2 2
left_child=2 5 3 10 12 11 14 13 26 20 28 22 19 -6 24 -14 -8 29 -16 27 -7 -10 -2 -24 -4 -15 -5 -3 -1 -11
right_child=1 4 6 8 7 9 16 -9 21 17 -12 -13 15 25 18 -17 -18 -19 -20 -21 -22 -23 23 -25 -26 -27 -28 -29 -30 -31
leaf_value=-0.38593828255617169 0.12557626925588802 0.36247788430868377 -0.077173315372517759 -0.22876866457740325 0.60320979447678569 0.19060409004057705 0.0012252387056695623 1.1225218454996744 -0.16435284768989558 0.27501517627592931 -0.27305640508303142 0.1558359317272861 0.48195348410487232 0.71957411230826862 -0.071883673330684669 0.60188170212965753 0.043942485580226814 0.36247788430868377 -0.028939484381271474 0.48195348410487232 0.24377523211087043 -0.12914135103828986 0.066976754336281058 0.10481709512743209 -0.12378608897931315 0.84049065113067634 -0.18860936442787729 0.43496061332190217 -0.33078896957531312 0.32240998050834557
leaf_weight=158 251 117 207 566 12.999999999999998 135 947 18 743 60 673 732 86 196 699 104 622 70 693 66 411 577 307 427 346 28 356 134 342 158
leaf_count=158 251 116 207 566 10 135 947 6 743 60 673 732 77 98 699 58 622 64 693 45 411 577 307 427 346 14 356 127 342 158
internal_value=1.18126e-06 0.256679 -0.122726 -0.219951 0.558404 0.166552 -0.0282396 0.738695 -0.175404 0.260091 -0.305094 0.121118 0.467725 0.709544 -0.0656692 0.538757 0.0181597 0.32326 -0.0505041 0.42515 0.226771 -0.148961 0.0953166 0.0840579 -0.103842 0.734689 -0.213262 0.400954 -0.348216 0.291193
internal_weight=10242 3313 6929 3415 762 2551 3514 255 2242 834 1173 1717 507 237 1945 190 1569 288 1392 317 546 1320 985 734 553 224 922 251 500 218
internal_count=10025 3096 6929 3415 551 2545 3514 128 2242 828 1173 1717 423 122 1945 135 1569 282 1392 288 546 1320 985 734 553 112 922 243 500 218
is_linear=0
shrinkage=0.05


Tree=3
num_leaves=31
num_cat=0
split_feature=26 26 26 26 26 26 26 4 26 26 26 26 5 26 9 26 26 21 8 27 5 27 8 10 8 26 23 10 8 8
split_gain=116442 29905.9 25608.3 4931.33 4466.12 3230.47 2588.17 1034.73 900.498 637.045 585.293 554.811 448.904 430.947 359.683 355.622 334.99 267.64 224.017 161.796 157.449 156.821 148.609 140.673 119.522 112.735 110.118 107.885 102.956 102.727
threshold=15.150000095367433 21.250000000000004 10.650000095367433 7.6499998569488534 27.400000572204593 17.750000000000004 12.750000000000002 1.3550000190734866 9.1500000953674334 19.750000000000004 6.2500000000000009 22.94999980926514 -0.84499999880790699 13.750000000000002 0.3793999999761582 16.250000000000004 11.650000095367433 18.650000572204593 63.500000000000007 19.150000572204593 -1.814999997615814 20.44999980926514 1.5000000000000002 0.60354998707771312 26.500000000000004 5.1499998569488534 57.500000000000007 1.0000000180025095e-35 2.5000000000000004 8.5000000000000018
decision_type=2 2 2 2 2 2 2 2 2 2 2 2 2 2 2 2 2 2 2 2 2 2 2 2 2 2 2 2 2 2
left_child=2 5 3 10 11 15 16 12 24 20 25 19 -6 29 21 -2 18 26 -4 -3 -7 -13 -10 -16 -5 -1 -11 -22 -18 -8
right_child=1 4 6 8 7 9 13 -9 22 17 -12 14 -14 -15 23 -17 28 -19 -20 -21 27 -23 -24 -25 -26 -27 -28 -29 -30 -31
leaf_value=-0.36664136844345285 0.098553202353650712 0.35581560209393504 -0.10527685392251343 -0.2108771373887034 0.57266166303001231 0.18524002304856149 -0.017350902115391 1.0663957595825195 -0.15159863392684025 0.26119259729781286 -0.26023714609865872 0.43441916311940343 0.69795421489647458 0.049664312297963406 0.57266166303001231 0.14804413478841874 -0.055428970807745143 0.3493966382607363 -0.060636346548412878 0.43441916311940343 0.26119259729781286 0.57266166303001231 -0.11736007871693128 0.44905690046457147 -0.17625789219820048 -0.31517962327032734 0.30628947743886636 0.21128370905039359 -0.022949762781315441 0.015252458160807817
leaf_weight=158 720 160 479 676 12.999999999999998 192 400 18 693 60 689 164 224 887 97 732 490 70 384 46 150 13.999999999999998 584 26 395 326 158 204 486 547
leaf_count=158 720 159 479 676 10 192 400 6 693 60 689 148 112 887 51 732 490 64 384 32 150 7 584 26 395 326 158 204 486 547
internal_value=-3.33206e-05 0.258973 -0.109771 -0.206121 0.530243 0.16855 -0.017408 0.700927 -0.164298 0.246977 -0.289839 0.444397 0.67317 0.0246208 0.487667 0.123503 -0.0593226 0.307146 -0.0820168 0.381172 0.215239 0.442232 -0.135941 0.553418 -0.198109 -0.331979 0.275724 0.23524 -0.0392559 0.00116398
internal_weight=10242 3048 7194 3521 762 2286 3673 255 2348 834 1173 507 237 1834 301 1452 1839 288 863 206 546 178 1277 123 1071 484 218 354 976 947
internal_count=10025 2831 7194 3521 551 2280 3673 128 2348 828 1173 423 122 1834 232 1452 1839 282 863 191 546 155 1277 77 1071 484 218 354 976 947
is_linear=0
shrinkage=0.05


Tree=4
num_leaves=31
num_cat=0
split_feature=26 26 26 26 26 26 26 4 26 26 26 26 26 5 8 26 9 17 8 26 5 2 27 5 25 7 28 23 8 10
split_gain=105066 29289 20753.6 3996.98 3611.62 3521.58 2597.8 938.323 720.647 555.74 529.497 497.357 468.948 422.367 364.632 348.22 327.677 233.416 184.505 177.589 165.025 163.06 143.951 135.578 130.033 129.314 117.171 116.314 115.954 113.439
threshold=14.650000095367433 21.250000000000004 10.150000095367433 27.400000572204593 7.6499998569488534 17.349999427795414 12.050000190734865 1.3550000190734866 19.750000000000004 8.9499998092651385 6.3500001430511483 22.94999980926514 13.550000190734865 -0.84499999880790699 1.0000000180025095e-35 16.250000000000004 0.3793999999761582 0.12949999421834948 4.5000000000000009 10.84999990463257 -0.15500000119209287 1.6250000000000002 20.44999980926514 -2.254999995231628 18.150000572204593 1022.6499938964845 70.500000000000014 57.500000000000007 26.500000000000004 -0.6035499870777129
decision_type=2 2 2 2 2 2 2 2 2 2 2 2 2 2 2 2 2 2 2 2 2 2 2 2 2 2 2 2 2 2
left_child=2 5 4 11 10 15 14 13 20 28 -1 21 18 -5 -4 23 22 27 -8 -16 26 -3 -13 -2 -18 -15 -7 -10 -6 -11
right_child=1 3 6 7 9 8 12 -9 17 29 -12 16 -14 25 19 -17 24 -19 -20 -21 -22 -23 -24 -25 -26 -27 -28 -29 -30 -31
leaf_value=-0.31432117967605594 0.060399093529749925 0.41291837911190488 -0.10464890833625842 0.54370655182336269 -0.20678637621680754 0.16495683685800755 -0.033877946336862162 1.0130760192871093 0.24458354593837864 -0.11900906462124297 -0.24639174096828761 0.41291837911190488 0.032698534119657341 0.64869766040724164 -0.093638086074898985 0.1344750024278793 0.45847174739837648 0.32694554497656186 0.002880347599822859 -0.041681724050271832 0.23664750015983979 0.33438728795146311 0.54370655182336269 0.096849154269737225 0.54370655182336269 0.76356842517852785 0.21256666295815513 0.29144222936252268 -0.17036599729503141 -0.15106377678904631
leaf_weight=500 239 55 796 12.999999999999998 566 296 661 18 60 343 673 164 833 196 232 599 50 64 706 565 192 151 13.999999999999998 746 73 28 191 164 356 698
leaf_count=500 239 40 796 10 566 296 661 6 60 343 673 148 833 98 232 599 38 58 706 565 192 151 7 746 39 14 191 164 356 698
internal_value=-3.21228e-05 0.231565 -0.110767 0.503578 -0.205934 0.150313 -0.0320845 0.665048 0.225501 -0.164455 -0.275347 0.422365 0.0031264 0.638616 -0.0807123 0.104413 0.463334 0.291777 -0.0148938 -0.0568058 0.19739 0.362503 0.419967 0.0861309 0.526091 0.663057 0.181913 0.262175 -0.192724 -0.139418
internal_weight=10242 3313 6929 762 3136 2551 3793 255 967 1963 1173 507 2200 237 1593 1584 301 288 1367 797 679 206 178 985 123 224 487 224 922 1041
internal_count=10025 3096 6929 551 3136 2545 3793 128 961 1963 1173 423 2200 122 1593 1584 232 282 1367 797 679 191 155 985 77 112 487 224 922 1041
is_linear=0
shrinkage=0.05


Tree=5
num_leaves=31
num_cat=0
split_feature=26 26 26 26 26 26 26 4 26 26 26 26 26 7 7 10 26 8 26 10 8 10 10 2 8 8 7 17 8 7
split_gain=92413 24625.6 18673.6 3895.43 3499.43 2535.06 2156.08 771.365 564.601 487.462 465.082 435.864 408.506 405.048 368.393 253.861 197.175 190.296 184.11 181.289 151.951 141.214 126.685 123.415 120.154 101.62 97.3 93.5637 92.7655 92.1057
threshold=14.650000095367433 20.650000572204593 10.250000000000002 25.899999618530277 7.6499998569488534 17.750000000000004 12.750000000000002 1.575000047683716 8.9499998092651385 5.6499998569488534 11.150000095367433 22.94999980926514 16.250000000000004 1022.8500061035157 1025.549987792969 0.98295000195503246 13.750000000000002 2.5000000000000004 28.050000190734867 -0.98295000195503224 397.50000000000006 0.60354998707771312 -0.37939999997615809 1.485000014305115 1.0000000180025095e-35 26.500000000000004 1019.6499938964845 0.10050000250339509 415.50000000000006 1022.4500122070314
decision_type=2 2 2 2 2 2 2 2 2 2 2 2 2 2 2 2 2 2 2 2 2 2 2 2 2 2 2 2 2 2
left_child=2 5 4 11 9 12 10 13 25 -1 -4 23 24 18 15 19 27 -12 -5 -7 21 -13 -10 -3 26 -6 -2 -8 -11 -14
right_child=1 3 6 7 8 14 16 -9 22 28 17 20 29 -15 -16 -17 -18 -19 -20 -21 -22 -23 -24 -25 -26 -27 -28 -29 -30 -31
leaf_value=-0.31650551150779466 0.056288242896926591 0.37728689196251564 -0.096372047983660072 0.52342764377593998 -0.19581471335503364 0.15933361279672431 -0.021314833485042168 0.84527431685349042 -0.10940543660750757 -0.25032930301021405 -0.063284253644014007 0.46802364190419515 0.12165527385341042 0.4870417763486905 0.29537889722227234 0.15933361279672431 0.039039626521313986 -0.027182443495012962 0.62484979358586401 0.2233610752311167 0.37728689196251564 0.37728689196251564 -0.14311840347272134 0.31389744962586302 0.10191259102982586 -0.16138632163919253 0.084898832281593423 0.0095900573530280503 -0.20935163383567057 0.15933361279672431
leaf_weight=296 156 68 623 60 558 35 115 29 455 701 712 150 541 25 41 55 634 749 176 622 39 58 719 225 451 348 366 808 172 197
leaf_count=296 156 54 623 33 558 35 115 12 455 701 712 104 541 19 35 55 634 749 88 622 39 58 719 224 451 348 366 808 172 197
internal_value=-0.000557207 0.217277 -0.1047 0.452826 -0.191839 0.137932 -0.0269432 0.600637 -0.152937 -0.261056 -0.0602005 0.373446 0.104287 0.573455 0.21438 0.204648 0.0175708 -0.0447762 0.599065 0.215825 0.422372 0.442403 -0.130052 0.332202 0.0830096 -0.182591 0.0666777 0.00282411 -0.242256 0.132339
internal_weight=10184 3294 6890 830 3249 2464 3641 290 2080 1169 2084 540 1711 261 753 712 1557 1461 236 657 247 208 1174 293 973 906 522 923 873 738
internal_count=9979 3089 6890 631 3249 2458 3641 152 2080 1169 2084 479 1711 140 747 712 1557 1461 121 657 201 162 1174 278 973 906 522 923 873 738
is_linear=0
shrinkage=0.05


Tree=6
num_leaves=31
num_cat=0
split_feature=26 26 26 26 26 26 26 4 26 26 26 5 26 7 26 25 5 26 26 9 8 27 25 8 8 7 8 8 8 8
split_gain=83298.9 22202.8 16846.1 3498.12 3428.36 2282.27 1698.8 700.174 592.706 439.935 387.141 380.691 373.265 345.725 310.508 288.062 201.714 192.392 179.462 177.266 172.984 123.44 122.434 111.595 102.047 90.2204 90.1498 86.3111 85.3806 83.7209
threshold=14.650000095367433 20.650000572204593 10.449999809265138 25.899999618530277 7.6499998569488534 17.750000000000004 12.750000000000002 1.575000047683716 9.1500000953674334 5.6499998569488534 22.94999980926514 -0.84499999880790699 16.250000000000004 1025.549987792969 11.650000095367433 21.050000190734867 -2.4550000429153438 18.44999980926514 13.750000000000002 0.60354998707771312 57.500000000000007 19.150000572204593 19.250000000000004 1.0000000180025095e-35 1.5000000000000002 1019.6499938964845 8.5000000000000018 26.500000000000004 563.50000000000011 415.50000000000006
decision_type=2 2 2 2 2 2 2 2 2 2 2 2 2 2 2 2 2 2 2 2 2 2 2 2 2 2 2 2 2 2
left_child=2 5 4 10 9 12 14 11 27 -1 21 -5 23 16 20 -13 -7 -18 26 22 -4 -3 -12 25 -10 -2 -8 -6 -28 -11
right_child=1 3 6 7 8 13 18 -9 24 29 19 15 -14 -15 -16 -17 17 -19 -20 -21 -22 -23 -24 -25 -26 -27 28 -29 -30 -31
leaf_value=-0.30068023990134934 0.053358997094203026 0.29906267137208248 -0.09263617900478377 0.46228907523426976 -0.18067722310202361 0.15116869184383819 -0.015730520280746698 0.80301062074200869 -0.13149993893628512 -0.23781283020803148 0.35826190753557868 0.46320510745048527 0.12575377537805818 0.28036351769021428 -0.03358153074781383 0.59854526156964505 0.16575548432576351 0.22642800768818519 0.037087645592779064 0.46228907523426976 -0.053636798125164892 0.35826190753557868 0.46228907523426976 0.096816960031666413 -0.10204450121228903 0.080653888756623049 0.019812388785986419 -0.15092898230478555 -0.01751959479572076 -0.19888404476088148
leaf_weight=296 156 239 539 27 662 121 390 29 647 701 150 50 738 41 967 184 195 396 634 73 424 54 24 451 539 366 374 386 159 172
leaf_count=296 156 238 539 17 662 121 390 12 647 701 143 31 738 35 967 92 195 396 634 43 424 40 15 451 539 366 374 386 159 172
internal_value=-0.000610528 0.206203 -0.0994846 0.429865 -0.178626 0.130862 -0.0222493 0.569936 -0.142323 -0.248004 0.354642 0.544039 0.0989385 0.203399 -0.0535952 0.569626 0.193885 0.206409 0.0166059 0.400752 -0.0736921 0.315772 0.373281 0.0785997 -0.118113 0.0628603 0.00253713 -0.16972 0.0159037 -0.230143
internal_weight=10184 3294 6890 830 3403 2464 3487 290 2234 1169 540 261 1711 753 1930 234 712 591 1557 247 963 293 174 973 1186 522 923 1048 533 873
internal_count=9979 3089 6890 631 3403 2458 3487 152 2234 1169 479 140 1711 747 1930 123 712 591 1557 201 963 278 158 973 1186 522 923 1048 533 873
is_linear=0
shrinkage=0.05


Tree=7
num_leaves=31
num_cat=0
split_feature=26 26 26 26 26 26 26 4 26 26 26 5 5 26 26 7 8 26 27 26 10 10 26 23 8 21 26 29 8 8
split_gain=75131.6 18820.7 16527.8 3538.97 2617.92 2263.16 1440.4 793.804 527.358 491.306 426.7 355.638 342.875 334.279 239.368 211.457 205.597 196.534 170.275 165.606 134.317 116.418 113.323 104.761 93.241 91.6393 89.2982 86.2355 86.1574 82.2004
threshold=15.050000190734865 21.250000000000004 10.84999990463257 7.9500000476837167 27.400000572204593 18.44999980926514 12.750000000000002 1.575000047683716 6.4500000476837167 9.1500000953674334 16.44999980926514 -1.5549999475479124 -0.84499999880790699 23.94999980926514 13.750000000000002 1021.7500000000001 1.0000000180025095e-35 20.150000572204593 19.150000572204593 11.750000000000002 0.60354998707771312 0.98295000195503246 4.9500000476837167 50.500000000000007 249.50000000000003 15.750000000000002 17.349999427795414 13.750000000000002 733.50000000000011 8.5000000000000018
decision_type=2 2 2 2 2 2 2 2 2 2 2 2 2 2 2 2 2 2 2 2 2 2 2 2 2 2 2 2 2 2
left_child=2 5 3 8 13 10 16 12 22 -5 21 28 -6 18 29 -15 19 -13 25 -4 -14 -2 -1 -11 -10 -3 -12 -16 -7 -8
right_child=1 4 6 9 7 11 14 -9 24 23 26 17 20 15 27 -17 -18 -19 -20 -21 -22 -23 -24 -25 -26 -27 -28 -29 -30 -31
leaf_value=-0.31110822873957017 0.089914544850071054 0.27945270200456795 -0.087898576802527204 -0.15641428691211282 0.46026738698206171 0.16451994259704139 -0.012254668025560285 0.88000793457031257 -0.2136045156414606 -0.12066317311163699 0.11824118354919684 0.21793438051755612 0.57392506548153455 0.44629978958765665 0.031876777566140428 0.37055560011352756 -0.02802452150233847 0.27945270200456795 0.37055560011352756 -0.042123260457941666 0.46026738698206171 0.05728675043127212 -0.25539945817115356 -0.093518579102971011 -0.17735626716966046 0.33922509996484174 0.15060527193515252 0.05728675043127212 0.27945270200456795 0.015469915839261595
leaf_weight=119 865 132 364 858 12.999999999999998 139 390 18 638 801 479 260 186 150 737 39 881 163 69 431 20 46 392 639 210 120 384 95 12.999999999999998 533
leaf_count=119 865 131 364 858 10 139 390 6 638 801 479 260 93 98 737 39 881 157 48 431 10 46 392 639 210 113 384 95 13 533
internal_value=-0.000578832 0.204908 -0.0903343 -0.164289 0.423517 0.135388 -0.0115085 0.560826 -0.228249 -0.126463 0.107447 0.221593 0.534592 0.359709 0.0201507 0.412464 -0.04466 0.245326 0.328648 -0.0630951 0.560436 0.0835801 -0.268373 -0.108618 -0.204071 0.307895 0.132642 0.0396 0.16452 0.00261897
internal_weight=10184 3096 7088 3657 747 2349 3431 237 1359 2298 1774 575 219 510 1755 189 1676 423 321 795 206 911 511 1440 848 252 863 832 152 923
internal_count=9979 2891 7088 3657 548 2343 3431 119 1359 2298 1774 569 113 429 1755 137 1676 417 292 795 103 911 511 1440 848 244 863 832 152 923
is_linear=0
shrinkage=0.05


Tree=8
num_leaves=31
num_cat=0
split_feature=26 26 26 25 26 26 26 4 5 26 26 26 26 7 25 8 26 10 10 8 5 8 26 27 10 5 7 8 25 7
split_gain=67736.3 18043.2 13797.7 2829.51 2379.31 1868.42 1810.76 750.277 471.413 362.027 356.205 317.807 310.095 308.025 264.216 227.792 222.193 212.215 155.472 142.259 126.693 102.217 101.322 95.5722 86.042 121.269 82.5826 82.4725 80.4602 79.052
threshold=14.650000095367433 20.650000572204593 10.150000095367433 18.750000000000004 7.6499998569488534 17.750000000000004 12.050000190734865 1.435000002384186 -0.84499999880790699 5.6499998569488534 8.9499998092651385 13.550000190734865 16.250000000000004 1025.549987792969 21.050000190734867 1.0000000180025095e-35 23.250000000000004 0.98295000195503246 -0.98295000195503224 5.5000000000000009 0.32500000298023229 1.0000000180025095e-35 10.84999990463257 19.150000572204593 -0.6035499870777129 0.86500000953674328 1022.4500122070314 26.500000000000004 15.34999990463257 1019.6499938964845
decision_type=2 2 2 2 2 2 2 2 2 2 2 2 2 2 2 2 2 2 2 2 2 2 2 2 2 2 2 2 2 2
left_child=2 5 4 16 9 12 15 8 -5 -1 27 19 21 17 -10 -4 23 18 -7 -8 -18 29 -17 -3 -12 -26 28 -6 -14 -2
right_child=1 3 6 7 10 13 11 -9 14 -11 24 -13 26 -15 -16 22 20 -19 -20 -21 -22 -23 -24 -25 25 -27 -28 -29 -30 -31
leaf_value=-0.27175642284187113 0.048077844473303613 0.27269632525168935 -0.085135487276752297 0.40661301528343508 -0.16859545162929002 0.13636221736584533 -0.02778355605858698 0.73098807483911521 0.41533172802491625 -0.20776899974848673 -0.096497113362827736 0.028249927330540932 0.096366827650503695 0.25276017815367674 0.54023061005965534 -0.075112808142416984 0.32127245502564067 0.13636221736584533 0.19236066238385688 0.0048395836818963291 0.38507976676478534 0.088001148836344412 -0.036017539175486883 0.32127245502564067 -0.13525372519189402 -0.096497113362827736 0.13636221736584533 -0.13757973318255839 0.13636221736584533 0.072949453408682294
leaf_weight=296 156 260 785 60 558 35 648 32 55 873 347 842 495 41 184 233 53 55 622 690 132 451 574 54 518 178 197 348 46 366
leaf_count=296 156 259 785 41 558 35 648 13 33 873 347 842 495 35 92 233 53 55 622 690 100 451 574 40 518 178 197 348 46 366
internal_value=-0.000589735 0.185906 -0.0897505 0.387532 -0.167574 0.117988 -0.0254201 0.500882 0.476256 -0.223971 -0.133747 0.00418441 0.0891042 0.18362 0.511488 -0.065959 0.312344 0.17442 0.185118 -0.01096 0.355811 0.0705662 -0.0473053 0.286734 -0.113825 -0.124048 0.113545 -0.156682 0.10332 0.0555026
internal_weight=10184 3294 6890 830 3118 2464 3772 331 299 1169 1949 2180 1711 753 239 1592 499 712 657 1338 185 973 807 314 1043 696 738 906 541 522
internal_count=9979 3089 6890 631 3118 2458 3772 179 166 1169 1949 2180 1711 747 125 1592 452 712 657 1338 153 973 807 299 1043 696 738 906 541 522
is_linear=0
shrinkage=0.05


Tree=9
num_leaves=31
num_cat=0
split_feature=26 26 26 26 26 26 26 4 26 9 5 5 26 26 28 26 26 8 26 7 8 28 11 25 8 26 1 7 25 24
split_gain=61075.2 14961.8 13819.3 2898.81 2111.77 1788.64 1250.57 675.734 531.828 332.672 317.579 313.04 310.995 285.673 231.009 196.137 167.894 161.988 150.342 147.248 131.073 130.415 121.311 128.288 110.862 95.6045 93.4715 80.696 74.9171 71.0866
threshold=15.150000095367433 21.250000000000004 10.84999990463257 8.1500000953674334 27.400000572204593 18.44999980926514 12.84999990463257 1.575000047683716 6.4500000476837167 -1.0000000180025095e-35 -1.5549999475479124 -0.38499999046325678 16.44999980926514 9.1500000953674334 31.500000000000004 13.750000000000002 20.150000572204593 3.5000000000000004 11.750000000000002 1021.3500061035157 249.50000000000003 78.500000000000014 0.87834998965263378 23.050000190734867 27.500000000000004 4.9500000476837167 79.500000000000014 1022.7500000000001 13.949999809265138 75.415000915527358
decision_type=2 2 2 2 2 2 2 2 2 2 2 2 2 2 2 2 2 2 2 2 2 2 2 2 2 2 2 2 2 2
left_child=2 5 3 8 9 12 17 11 25 22 -7 21 24 -5 -11 29 -12 18 -4 -16 -10 -6 23 -3 27 -1 -15 -2 -14 -8
right_child=1 4 6 13 7 10 15 -9 20 14 16 -13 28 26 19 -17 -18 -19 -20 -21 -22 -23 -24 -25 -26 -27 -28 -29 -30 -31
leaf_value=-0.28196499067194319 0.053500466391427894 0.25277764904304778 -0.078770851959127711 -0.1370224793329835 0.41465292875210946 0.14924571611957896 0.020253364726616367 0.79945812225341806 -0.19068518472316243 0.25277764904304778 0.19729501224481144 0.52025821147820894 0.11146090940828855 -0.08239137782223549 0.41465292875210946 0.036996340532672554 0.25277764904304778 -0.024295495150851484 -0.036633137761248796 0.33402231995095599 -0.1559973054666435 0.55416604042053219 0.34211669665116529 0.41465292875210946 0.098109117495636 -0.23079642918036908 -0.10842490519315416 0.090328661958563206 0.1466866647509428 -0.0033927494093371801
leaf_weight=119 325 174 365 700 43 152 109 18 757 32 260 156 668 572 133 894 163 890 488 94 249 20 65 11.999999999999998 351 392 868 173 195 747
leaf_count=119 325 174 365 700 25 152 109 6 757 32 260 78 668 572 79 894 157 890 488 80 249 10 58 6 351 392 868 173 195 747
internal_value=-0.000603326 0.187367 -0.0803657 -0.148301 0.381646 0.123909 -0.00924059 0.504969 -0.201174 0.324337 0.200208 0.480764 0.0982834 -0.110821 0.364091 0.0206169 0.22278 -0.039218 -0.0547878 0.381935 -0.180074 0.414653 0.283316 0.262767 0.0767979 -0.242712 -0.0980838 0.0616288 0.11942 0.00351039
internal_weight=10184 3034 7150 3657 747 2287 3493 237 1517 510 575 219 1712 2140 259 1750 423 1743 853 227 1006 63 251 186 849 511 1440 498 863 856
internal_count=9979 2829 7150 3657 548 2281 3493 119 1517 429 569 113 1712 2140 191 1750 417 1743 853 159 1006 35 238 180 849 511 1440 498 863 856
is_linear=0
shrinkage=0.05


Tree=10
num_leaves=31
num_cat=0
split_feature=26 26 26 26 26 26 26 4 26 18 26 26 26 9 23 9 7 23 26 17 7 24 24 8 7 26 8 7 26 8
split_gain=56773.6 14225.5 12756.2 2424.4 2272.53 1599.92 1245.34 475.504 387.439 329.922 305.204 288.752 281.975 198.862 193.539 183.256 181.175 175.227 173.07 116.706 115.245 112.099 111.205 102.994 84.5278 81.467 81.3524 81.2613 80.1784 78.2951
threshold=15.150000095367433 21.250000000000004 10.650000095367433 7.9500000476837167 27.400000572204593 18.44999980926514 12.750000000000002 1.0950000286102297 6.4500000476837167 22.150000572204593 8.9499998092651385 16.94999980926514 23.94999980926514 0.3793999999761582 76.500000000000014 0.3793999999761582 1017.6499938964845 52.500000000000007 13.750000000000002 0.1094999983906746 1024.549987792969 84.58499908447267 209.58499908447268 1.5000000000000002 1022.4500122070314 12.050000190734865 713.50000000000011 1021.1499938964845 4.9500000476837167 8.5000000000000018
decision_type=2 2 2 2 2 2 2 2 2 2 2 2 2 2 2 2 2 2 2 2 2 2 2 2 2 2 2 2 2 2
left_child=2 5 3 8 12 11 17 14 28 16 -5 19 21 -14 15 -6 26 22 29 -2 -18 -3 -4 -12 -21 -19 -7 -23 -1 -8
right_child=1 4 6 10 7 9 18 -9 -10 -11 23 -13 13 -15 -16 -17 20 25 -20 24 -22 27 -24 -25 -26 -27 -28 -29 -30 -31
leaf_value=-0.26648017318308853 0.05626778199282019 0.31758741177379707 -0.043520148147263925 -0.13807826987461336 0.4012383180439405 0.14203157662977925 -0.011740981609059321 0.70543282926082618 -0.17585281289677671 0.2436918781132231 -0.11019754444219372 0.12483295497203517 0.31758741177379707 0.4012383180439405 0.51810535604303531 0.47131434331850186 0.20583446136859906 -0.038349987725912443 0.032935310197289444 0.078437706183938999 0.14203157662977925 0.2436918781132231 -0.07271094293394996 -0.083359838518805407 0.10261024596620941 -0.011740981609059321 0.21029626255236555 0.29164740199346717 -0.21971702874453747 0.014737319345376716
leaf_weight=119 353 36 219 731 39 130 390 24 871 21 818 527 85 107 110 72 349 684 904 571 62 146 546 635 268 394 18 130 399 534
leaf_count=119 353 23 219 731 22 130 390 9 871 14 818 527 77 60 55 36 349 684 904 571 62 146 546 635 268 394 18 120 399 534
internal_value=-0.00114352 0.179897 -0.0773184 -0.144572 0.369142 0.118242 -0.01186 0.494057 -0.196217 0.19005 -0.111726 0.0940133 0.308419 0.356094 0.471103 0.424523 0.176901 -0.0408632 0.0173812 0.0803875 0.194526 0.279081 -0.0591647 -0.0984687 0.0905357 -0.0278756 0.142032 0.265707 -0.23046 0.00216384
internal_weight=10292 3048 7244 3573 749 2299 3671 245 1389 580 2184 1719 504 192 221 111 559 1843 1828 1192 411 312 765 1453 839 1078 148 276 518 924
internal_count=10084 2840 7244 3573 548 2292 3671 122 1389 573 2184 1719 426 137 113 58 559 1843 1828 1192 411 289 765 1453 839 1078 148 266 518 924
is_linear=0
shrinkage=0.05


Tree=11
num_leaves=31
num_cat=0
split_feature=26 26 26 26 26 26 26 5 5 26 26 26 26 26 26 5 9 18 5 4 10 8 24 5 28 4 8 9 10 8
split_gain=51255.8 12811.3 11541.1 2037.94 1769.92 1572.8 1446.6 520.192 376.552 290.737 284.533 258.701 249.294 228.952 200.829 183.56 182.375 171.859 169.387 152.363 147.822 112.725 104.551 98.4112 97.1284 88.9411 79.6343 76.6693 76.3381 75.0864
threshold=15.150000095367433 21.250000000000004 10.150000095367433 27.400000572204593 7.5499999523162851 12.250000000000002 18.44999980926514 0.64499998092651378 -1.5549999475479124 8.7500000000000018 13.650000095367433 16.94999980926514 23.94999980926514 5.6499998569488534 11.150000095367433 -0.43500000238418574 0.3793999999761582 22.150000572204593 -1.5349999666213987 1.0950000286102297 0.98295000195503246 5.5000000000000009 84.58499908447267 -2.2949999570846553 78.500000000000014 0.80500000715255748 26.500000000000004 -0.78654998540878285 -0.37939999997615809 415.50000000000006
decision_type=2 2 2 2 2 2 2 2 2 2 2 2 2 2 2 2 2 2 2 2 2 2 2 2 2 2 2 2 2 2
left_child=2 6 4 12 13 14 11 15 -8 26 21 20 22 -1 -4 24 -14 -10 -16 -9 -2 -7 -3 27 -5 -25 -6 -12 -11 -15
right_child=1 3 5 7 9 10 8 19 17 28 23 -13 16 29 18 -17 -18 -19 -20 -21 -22 -23 -24 25 -26 -27 -28 -29 -30 -31
leaf_value=-0.23294342996290066 0.08258608501606339 0.30167728062444488 -0.072654920638511866 0.38095453479950259 -0.15060500595021376 -0.020970124378207194 0.13507907915061157 0.53026170730590827 0.19015557582081832 -0.085267766215480295 0.048769713887635402 0.1185913074662665 0.30167728062444488 -0.18958393182415501 -0.055552133190205612 0.46498116002955908 0.38095453479950259 0.23150889042113143 -0.021854735110345903 0.71035133859385624 0.048769713887635402 0.0083073191677449625 0.2523934091022913 0.048769713887635402 0.50055247306823725 0.01554843037783977 -0.12041609569129674 0.012082742651482211 -0.11122083816325141 -0.15636434959740012
leaf_weight=298 1126 36 758 36 561 628 158 24 406 455 90 527 85 647 544 142 107 15.999999999999998 445 23 66 690 276 443 20 243 305 216 751 170
leaf_count=298 1126 23 758 21 561 628 158 12 406 455 90 527 77 647 544 71 60 9 445 8 66 690 266 443 10 243 305 216 751 170
internal_value=-0.00104988 0.170968 -0.0734284 0.35056 -0.144634 -0.0174923 0.112458 0.468852 0.180739 -0.1173 0.00958122 0.0894195 0.293057 -0.195428 -0.0532907 0.433356 0.337884 0.206466 -0.0384493 0.618391 0.0765222 -0.00564278 0.265471 0.0298083 0.380955 0.0405957 -0.139403 0.0120827 -0.101429 -0.181745
internal_weight=10292 3048 7244 749 3187 4057 2299 245 580 2072 2310 1719 504 1115 1747 198 192 422 989 47 1192 1318 312 992 56 686 866 306 1206 817
internal_count=10084 2840 7244 548 3187 4057 2292 122 573 2072 2310 1719 426 1115 1747 102 137 415 989 20 1192 1318 289 992 31 686 866 306 1206 817
is_linear=0
shrinkage=0.05


Tree=12
num_leaves=31
num_cat=0
split_feature=25 25 25 7 25 25 23 25 7 7 4 25 25 24 11 25 23 23 1 25 9 7 23 5 17 8 23 9 1 8
split_gain=41687.1 15910.9 6030.22 2969.34 1448.21 1305.39 912.634 751.255 627.522 584.671 563.726 378.855 355.934 354.954 286.319 273.814 270.384 263.931 257.533 251.938 206.295 193.171 184.19 176.226 168.877 104.986 80.5581 79.0472 73.0126 69.231
threshold=9.8499999046325701 15.250000000000002 7.0499999523162851 1018.8500061035157 11.550000190734865 18.750000000000004 51.500000000000007 5.5499999523162851 1022.3500061035157 1021.3500061035157 1.3550000190734866 13.949999809265138 8.6500000953674334 72.915000915527358 0.60784998536109935 7.8500001430511483 50.500000000000007 76.500000000000014 70.500000000000014 19.250000000000004 -0.78654998540878285 1020.8500061035157 42.500000000000007 -3.2350000143051143 0.11450000107288362 291.50000000000006 44.500000000000007 -0.6035499870777129 73.500000000000014 5.5000000000000009
decision_type=2 2 2 2 2 2 2 2 2 2 2 2 2 2 2 2 2 2 2 2 2 2 2 2 2 2 2 2 2 2
left_child=2 4 7 19 9 13 12 23 11 20 17 27 29 -5 24 -8 -9 -7 -15 -3 -2 -17 -13 -1 -10 -23 -11 -6 -16 -4
right_child=1 3 6 5 8 10 15 16 14 26 -12 22 -14 18 28 21 -18 -19 -20 -21 -22 25 -24 -25 -26 -27 -28 -29 -30 -31
leaf_value=-0.21213356172305306 0.051770294021696889 0.17811993185597408 -0.099460741635652383 0.35819948929931428 0.089527737018886389 0.3592537860756051 -0.049618604086624114 -0.14659154447413975 0.07077828847417017 0.028258236772135688 0.61819302286420552 0.097833989734321267 -0.049618604086624114 0.17811993185597408 0.06588099892599919 -0.028735908300580967 -0.10287087927980308 0.45802678910512773 0.28369469425894994 0.34302204052607221 0.01229165666499178 0.01229165666499178 0.15814423866283436 -0.16464496226981284 0.15667459587348956 -0.020475717927729422 0.06588099892599919 0.06588099892599919 0.17811993185597408 -0.071672551689066763
leaf_weight=439 331 305 844 30 358 146 388 997 123 152 35 82 602 35 11.999999999999998 881 548 126 275 24 833 358 208 352 107 256 536 569 184 156
leaf_count=439 331 304 844 16 358 83 388 997 123 152 14 82 602 35 12 881 548 63 238 15 833 358 208 352 107 256 536 569 184 156
internal_value=-0.00102281 0.113797 -0.0892139 0.292287 0.0639529 0.354572 -0.0475488 -0.151373 0.0981244 0.0336376 0.429313 0.0798423 -0.075289 0.287086 0.150353 -0.0239482 -0.131084 0.405009 0.266498 0.17812 0.0122917 -0.0137316 0.129787 -0.191001 0.110739 0.0077974 0.065881 0.065881 0.17812 -0.0937265
internal_weight=10292 4471 5821 976 3495 647 3485 2336 1643 1852 307 1217 1602 340 426 1883 1545 272 310 329 1164 1495 290 791 230 614 688 927 196 1000
internal_count=10084 4263 5821 768 3495 449 3485 2336 1643 1852 160 1217 1602 289 426 1883 1545 146 273 319 1164 1495 290 791 230 614 688 927 196 1000
is_linear=0
shrinkage=0.05


Tree=13
num_leaves=31
num_cat=0
split_feature=26 26 26 26 26 26 26 5 5 26 26 26 5 26 26 5 26 5 22 10 4 25 17 22 1 25 28 10 5 28
split_gain=41953.6 10433.9 9422.88 1671.94 1451.78 1280.76 1165.4 441.203 342.331 235.419 228.274 215.268 202.147 194.683 191.594 169.978 164.081 150.133 146.091 133.594 126.005 101.134 95.7388 88.7657 83.6459 81.146 72.2387 62.7094 71.8843 62.3569
threshold=15.150000095367433 21.150000572204593 10.150000095367433 27.400000572204593 7.5499999523162851 12.250000000000002 18.44999980926514 0.64499998092651378 -1.5549999475479124 8.7500000000000018 13.750000000000002 16.94999980926514 -0.10500000044703482 24.250000000000004 5.6499998569488534 -0.43500000238418574 11.150000095367433 -1.5349999666213987 22.150000572204593 0.98295000195503246 1.0950000286102297 19.250000000000004 0.13350000232458117 5.3500001430511483 77.500000000000014 12.949999809265138 78.500000000000014 -0.37939999997615809 -0.054999999701976769 70.500000000000014
decision_type=2 2 2 2 2 2 2 2 2 2 2 2 2 2 2 2 2 2 2 2 2 2 2 2 2 2 2 2 2 2
left_child=2 6 4 12 14 16 11 15 -8 -6 24 19 21 -14 -1 26 -4 -18 -10 25 -9 22 -3 -23 -7 -2 -5 -11 -29 -13
right_child=1 3 5 7 9 10 8 20 18 27 -12 29 13 -15 -16 -17 17 -19 -20 -21 -22 23 -24 -25 -26 -27 -28 28 -30 -31
leaf_value=-0.21117562451618632 0.067867660115581457 0.20875790735692937 -0.065778253115940905 0.34378713281168211 -0.12598769304108123 0.0098691872567443252 0.12206340758528633 0.48084726333618166 0.17199290187730465 -0.077169072166044309 0.028062226311241861 0.093969941553907727 0.25894948843508792 0.34295481295712227 -0.16433971663583596 0.42154354142471101 -0.050319193721896908 -0.019907442024568723 0.20875790735692937 0.044041102531141768 0.64462048489114521 0.25594861743253705 0.25594861743253705 0.34378713281168211 -0.01475736968169076 0.088371044247945799 0.45262351989746091 -0.10890235919352614 -0.079530636179313233 0.12206340758528633
leaf_weight=298 953 116 758 36 866 606 154 24 405 455 904 338 177 113 817 142 544 445 15.999999999999998 66 23 15.999999999999998 63 24 800 173 20 484 267 189
leaf_count=298 953 114 758 21 866 606 154 12 405 455 904 338 159 73 817 71 544 445 9 66 8 14 59 12 800 173 10 484 267 189
internal_value=-0.00103162 0.154596 -0.0665138 0.315956 -0.130854 -0.0159708 0.10156 0.423274 0.163179 -0.106099 0.00846021 0.0809482 0.2643 0.291683 -0.176857 0.390583 -0.0482751 -0.0348601 0.187955 0.0691833 0.560992 0.228041 0.211979 0.299918 -0.00414308 0.0751183 0.343787 -0.091817 -0.100692 0.107559
internal_weight=10292 3048 7244 754 3187 4057 2294 245 575 2072 2310 1719 509 290 1115 198 1747 989 421 1192 47 219 179 40 1406 1126 56 1206 751 527
internal_count=10084 2840 7244 553 3187 4057 2287 122 568 2072 2310 1719 431 232 1115 102 1747 989 414 1192 20 199 173 26 1406 1126 31 1206 751 527
is_linear=0
shrinkage=0.05


Tree=14
num_leaves=31
num_cat=0
split_feature=25 25 25 25 25 25 9 25 4 23 23 0 5 10 23 25 23 5 9 5 13 25 23 3 1 12 2 25 8 25
split_gain=33913.8 11727 5971.99 2333.36 952.552 951.619 680.362 609.935 568.795 469.866 428.848 404.511 396.748 281.71 226.349 211.954 198.552 195.335 172.547 151.725 137.726 129.331 119.86 104.534 90.7316 74.2878 72.5261 69.266 61.4027 56.3321
threshold=10.250000000000002 15.250000000000002 7.0499999523162851 19.250000000000004 13.150000095367433 8.6500000953674334 1.0000000180025095e-35 5.5499999523162851 1.3550000190734866 51.500000000000007 48.500000000000007 19.750000000000004 -0.1950000002980232 -0.98295000195503224 50.500000000000007 10.949999809265138 42.500000000000007 -0.40500000119209284 -0.37939999997615809 -3.2350000143051143 1.0000000180025095e-35 9.8499999046325701 59.500000000000007 71.500000000000014 81.500000000000014 0.81174999475479137 1.485000014305115 7.8500001430511483 5.5000000000000009 3.6499999761581425
decision_type=2 2 2 2 2 2 2 2 2 2 2 2 2 2 2 2 2 2 2 2 2 2 2 2 2 2 2 2 2 2
left_child=2 4 7 6 10 9 17 19 13 28 26 22 18 -5 -9 25 -7 -3 -6 29 -17 -18 -8 -15 -19 -12 -2 -11 -4 -1
right_child=1 3 5 8 12 16 11 14 -10 27 15 -13 -14 23 -16 20 21 24 -20 -21 -22 -23 -24 -25 -26 -27 -28 -29 -30 -31
leaf_value=-0.23500869054060716 0.041608554335862948 0.16389434776126924 -0.086323353247823462 0.29872307041635221 0.13497902045124455 -0.036387456203606582 0.16389434776126924 -0.13263767029839749 0.63413337525867286 -0.057554339751188371 0.041608554335862948 0.29872307041635221 0.16389434776126924 0.34035000863828158 -0.092635302756144844 0.083853176506597418 -0.010854567179984492 0.22922888432747751 0.083853176506597418 -0.14798172794451767 0.059656587748661706 0.019776084885556534 0.24523203557021717 0.41216865119181184 0.16389434776126924 0.059656587748661706 0.019776084885556534 -0.036387456203606582 -0.060583416825617034 -0.18457881046488961
leaf_weight=65 148 209 844 37 171 539 62 997 21 388 472 160 217 76 548 666 1118 181 257 352 352 360 36 152 42 181 558 553 156 374
leaf_count=65 148 204 844 25 171 539 62 997 7 388 472 115 217 41 548 666 1118 169 257 352 352 360 27 76 42 181 558 553 156 374
internal_value=-0.000995293 0.112885 -0.0733332 0.263569 0.06422 -0.0359166 0.213796 -0.13673 0.38365 -0.0609088 0.0495971 0.278042 0.118109 0.363801 -0.118449 0.063441 -0.0118661 0.175426 0.0898905 -0.172437 0.0777046 -0.00238126 0.191741 0.388229 0.213366 0.0416086 0.0197761 -0.0363875 -0.0847794 -0.192046
internal_weight=10292 3998 6294 976 3022 3958 690 2336 286 1941 2377 258 645 265 1545 1671 2017 432 428 791 1018 1478 98 228 223 653 706 941 1000 439
internal_count=10084 3790 6294 768 3022 3958 619 2336 149 1941 2377 204 645 142 1545 1671 2017 415 428 791 1018 1478 89 117 211 653 706 941 1000 439
is_linear=0
shrinkage=0.05


Tree=15
num_leaves=31
num_cat=0
split_feature=26 26 26 26 26 26 26 4 5 26 18 26 26 10 26 5 26 5 23 9 2 2 7 10 17 2 7 5 2 0
split_gain=34879.3 9858.47 6852 1490.03 1172.62 959.07 871.641 465.834 254.733 239.342 195.813 189.394 172.982 159.954 171.875 159.836 145.714 131.666 131.598 112.573 84.994 81.7609 81.673 76.7132 74.6938 74.2564 61.5505 55.859 54.5937 52.6033
threshold=14.650000095367433 20.650000572204593 10.150000095367433 27.400000572204593 7.5499999523162851 17.349999427795414 12.050000190734865 1.3550000190734866 -0.50499999523162831 22.94999980926514 22.150000572204593 8.9499998092651385 6.0499999523162851 0.98295000195503246 15.750000000000002 -0.15500000119209287 13.550000190734865 -0.054999999701976769 53.500000000000007 -1.0000000180025095e-35 1.794999957084656 1.485000014305115 1022.6499938964845 0.91595000028610241 0.1094999983906746 2.0949999094009404 1021.8500061035157 -2.254999995231628 1.735000014305115 23.94999980926514
decision_type=2 2 2 2 2 2 2 2 2 2 2 2 2 2 2 2 2 2 2 2 2 2 2 2 2 2 2 2 2 2
left_child=2 5 4 9 12 13 18 8 -5 21 15 -6 -1 14 25 19 23 -11 20 -7 -4 -3 -10 -8 -16 -2 -19 -13 -18 -14
right_child=1 3 6 7 11 10 16 -9 22 17 -12 27 29 -15 24 -17 28 26 -20 -21 -22 -23 -24 -25 -26 -27 -28 -29 -30 -31
leaf_value=-0.18431849681606918 0.061470654738360289 0.23343727475297624 -0.046968529847880303 0.30529991446652066 -0.11132320144130599 0.12124251613032158 -0.0017352342694859513 0.60242674691336495 0.37501387259899044 0.23343727475297624 0.18006643704632222 -0.094331011226539016 -0.15205588837269482 0.034368029570757429 0.061470654738360289 0.1486771018962012 0.034368029570757429 0.30529991446652066 -0.032635227613781445 0.091425056407195518 -0.067955504436342226 0.18706517755759486 0.46775594098227363 -0.021863398989909244 0.087109062162465542 0.034368029570757429 0.23562340452090691 -0.071306126387480032 0.01175101586104268 -0.12754465627830502
leaf_weight=428 195 61 207 61 997 397 1145 21 156 123 40 458 509 82 222 279 175 145 851 179 549 231 28 211 682 435 38 620 653 163
leaf_count=428 195 48 207 34 997 397 1145 7 78 107 35 458 509 82 222 279 175 93 851 179 549 230 14 211 682 435 38 620 653 163
internal_value=0.000364082 0.132289 -0.0635531 0.277971 -0.11774 0.0821622 -0.0181713 0.376422 0.35705 0.234178 0.123684 -0.0956157 -0.159474 0.0591657 0.0645089 0.117615 0.0023944 0.265078 -0.0461212 0.102569 -0.0613018 0.201796 0.389127 -0.00769767 0.0784806 0.0444607 0.292367 -0.0810885 0.018922 -0.14365
internal_weight=10341 3375 6966 864 3175 2511 3791 266 245 598 895 2075 1100 1616 1534 855 2184 306 1607 576 756 292 184 1356 904 630 183 1078 828 672
internal_count=10121 3155 6966 649 3175 2506 3791 133 126 516 890 2075 1100 1616 1534 855 2184 238 1607 576 756 278 92 1356 904 630 131 1078 828 672
is_linear=0
shrinkage=0.05


Tree=16
num_leaves=31
num_cat=0
split_feature=26 26 26 26 25 26 26 4 1 26 26 10 26 5 26 25 23 10 6 8 3 18 17 23 0 25 26 8 5 5
split_gain=31418.4 8907.12 6181.5 1376.66 1197.05 1022.33 495.029 450.246 282.46 276.608 247.283 150.346 153.186 149.881 121.216 116.126 115.657 111.255 88.4655 88.317 86.7449 75.2801 68.7955 68.4358 61.6654 56.2271 55.8065 49.9597 61.412 45.2986
threshold=14.650000095367433 21.050000190734867 10.750000000000002 8.1500000953674334 18.750000000000004 17.349999427795414 12.750000000000002 1.3550000190734866 62.500000000000007 6.3500001430511483 19.349999427795414 0.98295000195503246 15.750000000000002 -0.84499999880790699 9.1500000953674334 21.050000190734867 52.500000000000007 0.98295000195503246 392.50000000000006 249.50000000000003 55.500000000000007 2.9500000476837163 0.1094999983906746 43.500000000000007 19.849999427795414 3.3500000238418584 13.750000000000002 1.5000000000000002 -0.095000002533197389 -2.254999995231628
decision_type=2 2 2 2 2 2 2 2 2 2 2 2 2 2 2 2 2 2 2 2 2 2 2 2 2 2 2 2 2 2
left_child=2 5 3 9 20 11 16 8 -6 25 23 12 29 -12 -5 -10 18 26 -4 -11 -3 -22 -14 -7 -23 -1 -8 28 -16 -2
right_child=1 4 6 14 7 10 17 -9 15 19 13 -13 22 -15 27 -17 -18 -19 -20 -21 21 24 -24 -25 -26 -27 -28 -29 -30 -31
leaf_value=-0.22548657258351645 0.032564123198395196 0.17580543846209762 -0.031514602273341706 -0.095934342123620536 0.2766534334862944 0.088557270744067162 0.0065457717554938954 0.51422419981523004 0.29344835504889488 -0.13602552042979943 0.12923248293447323 0.032564123198395196 0.058381408445502929 0.17580543846209762 -0.083249875846433077 0.36188422903284301 -0.01851324517745968 -0.0097488570203839719 -0.058192476535152304 -0.11022795833607689 0.17580543846209762 0.20314619450227778 0.082753608771258438 0.11173645831291042 0.24234178023061892 -0.16685643207414874 0.026508045376385861 -0.060189443780256181 -0.059391646111090601 0.05156208502271814
leaf_weight=45 150 50 437 710 24 78 881 33 86 760 131 82 222 203 472 222 1051 88 284 283 23 85 682 548 276 448 581 634 292 480
leaf_count=45 150 49 437 710 23 78 881 13 49 760 131 82 222 198 472 111 1051 88 284 283 23 73 682 548 243 448 581 634 292 480
internal_value=0.000291265 0.1255 -0.060372 -0.105343 0.271348 0.0802624 -0.0110416 0.338083 0.320575 -0.141346 0.12113 0.0559847 0.0612498 0.155871 -0.07911 0.342776 -0.0290934 0.00959564 -0.044516 -0.126758 0.215224 0.223981 0.07444 0.102594 0.230487 -0.172208 0.0144788 -0.0705654 -0.0791758 0.0423228
internal_weight=10341 3375 6966 3644 799 2576 3322 365 332 1536 960 1616 1534 334 2108 308 1772 1550 721 1043 434 384 904 626 361 493 1462 1398 764 630
internal_count=10121 3155 6966 3644 584 2571 3322 196 183 1536 955 1616 1534 329 2108 160 1772 1550 721 1043 388 339 904 626 316 493 1462 1398 764 630
is_linear=0
shrinkage=0.05


Tree=17
num_leaves=31
num_cat=0
split_feature=26 26 26 25 26 26 26 5 4 9 10 9 26 9 10 26 26 10 26 23 9 26 26 1 2 29 2 17 20 2
split_gain=28256 8021.11 5574.95 1243.16 960.379 784.668 716.163 432.851 209.106 194.499 182.136 164.705 154.286 148.199 141.157 139.334 138.888 121.717 137.057 107.589 98.9681 95.1999 81.9377 75.8255 75.3457 70.4594 66.1907 63.6613 55.5779 53.8131
threshold=14.650000095367433 20.650000572204593 10.150000095367433 18.750000000000004 7.4500000476837167 17.349999427795414 12.050000190734865 -0.085000000894069658 1.2450000047683718 1.0000000180025095e-35 -0.37939999997615809 -1.0000000180025095e-35 8.9499998092651385 -0.78654998540878285 0.98295000195503246 15.750000000000002 5.3500001430511483 0.98295000195503246 12.84999990463257 53.500000000000007 0.3793999999761582 23.250000000000004 19.349999427795414 79.500000000000014 1.794999957084656 9.7500000000000018 2.0949999094009404 0.1094999983906746 9.0500001907348651 0.73500001430511486
decision_type=2 2 2 2 2 2 2 2 2 2 2 2 2 2 2 2 2 2 2 2 2 2 2 2 2 2 2 2 2 2
left_child=2 5 4 21 16 14 19 13 29 11 -11 22 -6 -5 15 26 -1 18 -8 24 -15 25 -7 -18 -4 -3 -2 -17 -20 -9
right_child=1 3 6 7 12 9 17 8 -10 10 -12 -13 -14 20 -16 27 23 -19 28 -21 -22 -23 -24 -25 -26 -27 -28 -29 -30 -31
leaf_value=-0.18075384688433085 0.055286229955062764 0.1619495291066568 -0.04258208853264666 0.3615650038970144 -0.10053322300511931 0.10195153247493392 -0.012815975650383752 0.39764601503099717 0.48857067108154295 0.1619495291066568 0.10773685838018235 0.082017148391625661 -0.073411491030549836 0.25967609760329619 0.030718918385386304 0.055286229955062764 -0.11565241620726666 -0.019827786213235003 0.0036486049174079362 -0.029622049581754153 0.33248961734771731 0.22729601010840428 0.14522857175845849 -0.14610144876200579 -0.061387022232674761 0.20471310068763715 0.030718918385386304 0.078615929314435146 0.023682324944321851 0.32898184598496794
leaf_weight=214 195 179 207 38 1021 390 668 42 35 75 168 110 1078 111 82 222 282 116 627 851 50 186 152 580 549 134 435 682 773 89
leaf_count=214 195 179 207 19 1021 390 668 21 14 70 168 110 1078 72 82 222 282 116 627 851 25 154 152 580 549 120 435 682 773 45
internal_value=0.000113314 0.118854 -0.057416 0.25026 -0.106293 0.0736387 -0.0164811 0.320387 0.380003 0.111196 0.149377 0.0969667 -0.0866041 0.270656 0.0528379 0.0580218 -0.144701 0.00216037 0.00581869 -0.0418159 0.259676 0.198966 0.114088 -0.13575 -0.0555421 0.18213 0.0399709 0.0706016 0.0147101 0.350996
internal_weight=10341 3375 6966 864 3175 2511 3791 365 166 895 243 652 2099 199 1616 1534 1076 2184 2068 1607 161 499 542 862 756 313 630 904 1400 131
internal_count=10121 3155 6966 649 3175 2506 3791 196 80 890 238 652 2099 116 1616 1534 1076 2184 2068 1607 97 453 542 862 756 299 630 904 1400 66
is_linear=0
shrinkage=0.05


Tree=18
num_leaves=31
num_cat=0
split_feature=25 25 25 7 1 25 7 7 28 25 23 25 25 25 4 24 7 23 5 20 25 25 28 1 7 10 5 11 12 9
split_gain=22783 8242.62 3934.19 1746.05 659.245 787.729 646.615 594.122 424.768 393.124 387.556 279.439 279.429 254.016 249.696 232.716 197.079 165.419 153.772 135.816 124.989 124.707 122.392 103.437 93.2588 84.0716 74.0875 65.0136 60.3308 59.2697
threshold=10.250000000000002 15.250000000000002 7.0499999523162851 1018.8500061035157 60.500000000000007 21.050000190734867 1020.6499938964845 1022.3500061035157 59.500000000000007 5.5499999523162851 46.500000000000007 8.4499998092651385 13.150000095367433 11.150000095367433 1.0950000286102297 84.58499908447267 1024.549987792969 47.500000000000007 -1.7549999952316282 7.7500000000000009 19.250000000000004 7.7500000000000009 58.500000000000007 72.500000000000014 1019.0499877929689 -0.6035499870777129 -2.6850000619888301 -0.60784998536109913 1.0000000180025095e-35 -1.0000000180025095e-35
decision_type=2 2 2 2 2 2 2 2 2 2 2 2 2 2 2 2 2 2 2 2 2 2 2 2 2 2 2 2 2 2
left_child=2 7 9 20 -5 15 10 8 18 22 25 26 24 19 -7 -6 -15 -11 -2 -9 -3 -12 28 -14 -10 -4 -8 -23 -1 -28
right_child=1 3 6 4 5 14 11 13 12 17 21 -13 23 16 -16 -17 -18 -19 -20 -21 -22 27 -24 -25 -26 -27 29 -29 -30 -31
leaf_value=-0.17060248628748875 0.016389135285157397 0.13344031635028758 -0.045958440759521837 0.13344031635028758 0.29017493551304957 0.33028941131773454 -0.068710312444084098 0.016389135285157397 0.037323727305442832 -0.10927633909297757 -0.045958440759521837 0.014487422935810077 0.13344031635028758 0.13344031635028758 0.50382173786992612 0.21724547080091527 0.084581385002877721 -0.075494322563375696 0.037323727305442832 0.074388525795436256 0.24883953011952917 -0.03235233926831891 -0.11831128480712767 0.076662042842726083 0.063936261720143675 -0.070235169268790171 -0.0084351297577273318 -0.011627292763017862 -0.13816336759366593 -0.040175929483164091
leaf_weight=304 502 317 191 17 53 210 106 88 518 963 231 903 116 253 23 370 200 581 535 274 26 264 354 119 436 977 197 865 125 223
leaf_count=304 502 316 191 17 29 105 106 88 518 963 231 903 116 253 8 304 200 581 535 274 17 264 354 119 436 977 197 865 125 223
internal_value=2.23444e-05 0.0923878 -0.0596095 0.215687 0.262662 0.273595 -0.029271 0.0511933 0.0378207 -0.111199 -0.0444673 -0.00238768 0.0582583 0.0877178 0.347419 0.232931 0.112671 -0.0965643 0.0163891 0.0564918 0.13344 -0.0263246 -0.140058 0.107096 0.0462281 -0.0655923 -0.0313577 -0.0187462 -0.158015 -0.0219306
internal_weight=10341 4057 6284 1016 673 656 3957 3041 2226 2327 2528 1429 1189 815 233 423 453 1544 1037 362 343 1360 783 235 954 1168 526 1129 429 420
internal_count=10121 3837 6284 796 463 446 3957 3041 2226 2327 2528 1429 1189 815 113 333 453 1544 1037 362 333 1360 783 235 954 1168 526 1129 429 420
is_linear=0
shrinkage=0.05


Tree=19
num_leaves=31
num_cat=0
split_feature=26 26 26 25 26 26 26 5 10 9 4 9 10 9 26 26 26 10 26 5 18 26 9 26 26 1 20 5 7 5
split_gain=23099.3 6787.16 4289.51 987.905 787.075 693.136 517.552 385.761 187.381 185.344 177.453 150.112 147.78 126.532 126.059 116.443 109.049 105.683 95.4977 119.937 88.3815 82.6425 74.2293 70.0992 67.968 65.1231 54.6011 52.6663 50.3886 50.2671
threshold=14.449999809265138 20.650000572204593 10.150000095367433 18.750000000000004 7.4500000476837167 17.349999427795414 12.050000190734865 -0.085000000894069658 0.98295000195503246 1.0000000180025095e-35 1.2450000047683718 -1.0000000180025095e-35 -0.37939999997615809 -0.78654998540878285 8.7500000000000018 5.3500001430511483 15.84999990463257 0.91595000028610241 11.150000095367433 -1.5349999666213987 2.9500000476837163 12.84999990463257 0.3793999999761582 23.349999427795414 19.750000000000004 79.500000000000014 9.0500001907348651 -2.0549999475479122 1022.6499938964845 -3.1149998903274532
decision_type=2 2 2 2 2 2 2 2 2 2 2 2 2 2 2 2 2 2 2 2 2 2 2 2 2 2 2 2 2 2
left_child=2 5 4 20 15 8 18 13 16 11 28 24 -11 -5 -6 -1 -2 21 -4 -20 -3 -8 -15 -22 -7 -17 -23 -18 -9 -16
right_child=1 3 6 7 14 9 17 10 -10 12 -12 -13 -14 22 29 25 27 -19 19 -21 23 26 -24 -25 -26 -27 -28 -29 -30 -31
leaf_value=-0.16394724831959914 0.039772819577966162 0.14515795022653416 -0.05094498731158921 0.32697228005057888 -0.092650599872089331 0.093587096119055038 -0.010428047814483024 0.30141300033120549 0.025293073905636055 0.14515795022653416 0.44468257359095986 0.073165605986308294 0.097365518834530596 0.23426888235080867 -0.080249662934581953 -0.10463844882594886 0.052677796895330892 -0.019053650758937505 -0.038733990339731433 -0.019053650758937505 0.172776298519949 0.0010042494043486978 0.29951356029510501 0.21308821711314502 0.13586003286082571 -0.13234557179541426 0.022103484619885237 0.073165605986308294 0.37610479274700426 -0.060746717007217434
leaf_weight=214 820 32 755 38 888 419 596 102 110 75 35 110 168 111 391 282 269 284 474 378 298 522 50 169 123 580 651 548 29 820
leaf_count=214 820 32 755 19 888 419 596 51 110 70 14 110 168 72 391 282 269 284 474 378 284 522 25 137 123 580 651 548 15 820
internal_value=-0.000116474 0.104224 -0.0536376 0.225875 -0.0961654 0.0644406 -0.0167453 0.288389 0.04611 0.100221 0.344669 0.0863304 0.137492 0.241442 -0.0783414 -0.130936 0.0526541 -0.000110378 -0.0379969 -0.026523 0.180149 0.00473316 0.234269 0.187365 0.10318 -0.12274 0.0124365 0.0655828 0.317948 -0.0678487
internal_weight=10341 3506 6835 864 3175 2642 3660 365 1747 895 166 652 243 199 2099 1076 1637 2053 1607 852 499 1769 161 467 542 862 1173 817 131 1211
internal_count=10121 3286 6835 649 3175 2637 3660 196 1747 890 80 652 238 116 2099 1076 1637 2053 1607 852 453 1769 97 421 542 862 1173 817 66 1211
is_linear=0
shrinkage=0.05


Tree=20
num_leaves=31
num_cat=0
split_feature=26 26 26 25 26 5 26 26 24 26 10 26 10 9 26 3 3 23 26 25 7 9 0 11 8 9 7 9 25 10
split_gain=20570.7 5012.47 4713.93 1065.59 1024.97 386.249 368.269 317.727 278.358 193.175 173.356 150.221 136.19 131.629 131.016 93.5591 87.4072 84.2287 75.5441 64.3513 73.6803 62.5997 61.9234 60.9842 57.5583 54.0377 53.5444 50.8009 48.5011 48.1607
threshold=15.34999990463257 20.150000572204593 11.050000190734865 18.750000000000004 7.9500000476837167 -0.085000000894069658 12.84999990463257 17.750000000000004 72.915000915527358 22.500000000000004 -0.91595000028610218 6.3500001430511483 0.98295000195503246 -0.78654998540878285 9.1500000953674334 32.500000000000007 40.500000000000007 42.500000000000007 13.650000095367433 12.949999809265138 1018.1499938964845 0.78654998540878307 24.650000572204593 0.87834998965263378 17.500000000000004 0.3793999999761582 1024.549987792969 0.60354998707771312 3.3500000238418584 -0.37939999997615809
decision_type=2 2 2 2 2 2 2 2 2 2 2 2 2 2 2 2 2 2 2 2 2 2 2 2 2 2 2 2 2 2
left_child=2 7 4 8 11 13 15 12 -3 -10 -7 28 19 -5 29 -4 -8 -9 -18 20 -2 -17 -16 -19 -13 -15 -11 -20 -1 -6
right_child=1 3 6 5 14 10 16 17 9 26 -12 24 -14 25 22 21 18 23 27 -21 -22 -23 -24 -25 -26 -27 -28 -29 -30 -31
leaf_value=-0.19017906568267129 0.032870303194986142 0.2190007391731498 -0.041467978380473669 0.3159435113271078 -0.067799049450054147 0.40714318051057702 -0.0044370879089386007 0.073240865609066744 0.13479536269866643 0.18585963967932689 0.29529172778129581 -0.11683470807104634 0.032870303194986142 0.2190007391731498 -0.060937653022047469 -0.0085270241680856212 0.0039127954132017074 0.095483203436432698 0.032870303194986142 0.073240865609066744 0.059328531425998879 -0.038309993257171639 -0.043373926489026972 0.13479536269866643 -0.091266637666733055 0.27882597861082659 0.15995193083963405 0.015605365510349817 -0.1352201088591922 -0.089461407127715789
leaf_weight=44 203 43 406 36 340 51 448 72 313 242 108 491 83 111 1288 1005 578 474 589 292 782 214 304 97 369 46 22 269 458 526
leaf_count=44 203 29 406 18 340 22 448 72 307 209 54 491 83 72 1288 1005 578 474 589 292 782 214 304 97 369 23 22 269 458 526
internal_value=-6.66901e-05 0.110818 -0.0450771 0.203984 -0.0835096 0.273464 -0.00323824 0.0656065 0.164538 0.152719 0.331169 -0.118303 0.0519137 0.225925 -0.0642303 -0.0206794 0.0118052 0.094568 0.0178853 0.0584211 0.0520734 -0.0137555 -0.0557164 0.102922 -0.105616 0.219001 0.185108 0.0272979 -0.140037 -0.0798817
internal_weight=10304 2975 7329 972 3820 352 3509 2003 620 577 159 1362 1360 193 2458 1625 1884 643 1436 1277 985 1219 1592 571 860 157 264 858 502 866
internal_count=10088 2759 7329 756 3820 189 3509 2003 567 538 76 1362 1360 113 2458 1625 1884 643 1436 1277 985 1219 1592 571 860 95 231 858 502 866
is_linear=0
shrinkage=0.05


Tree=21
num_leaves=31
num_cat=0
split_feature=26 26 26 25 26 26 26 4 24 1 26 23 1 1 26 10 11 23 2 2 17 10 2 21 26 26 9 7 10 24
split_gain=18526.6 5420.81 3395.51 945.951 636.046 456.71 440.735 317.957 260.671 226.484 184.02 137.658 98.7436 94.6788 93.7439 85.7374 80.2395 75.5596 72.2997 68.9787 68.0068 67.0694 59.1671 55.765 55.3869 55.0164 53.852 53.5311 52.5298 47.9538
threshold=14.449999809265138 20.150000572204593 10.050000190734865 18.750000000000004 7.4500000476837167 12.050000190734865 16.94999980926514 1.3550000190734866 72.915000915527358 62.500000000000007 22.500000000000004 52.500000000000007 82.500000000000014 79.500000000000014 5.3500001430511483 0.91595000028610241 0.87834998965263378 53.500000000000007 1.794999957084656 3.1800000667572026 0.11050000041723253 0.98295000195503246 2.0699999332427983 21.849999427795414 15.550000190734865 12.84999990463257 0.60354998707771312 1024.549987792969 -0.98295000195503224 527.91500854492199
decision_type=2 2 2 2 2 2 2 2 2 2 2 2 2 2 2 2 2 2 2 2 2 2 2 2 2 2 2 2 2 2
left_child=2 6 4 8 14 17 11 9 -3 -5 23 22 29 -11 -1 25 21 18 -4 -14 -18 28 -2 -10 -13 -7 -16 -12 -8 -6
right_child=1 3 5 7 12 15 16 -9 10 13 27 24 19 -15 26 -17 20 -19 -20 -21 -22 -23 -24 -25 -26 -27 -28 -29 -30 -31
leaf_value=-0.14846069079954269 0.037017597695913063 0.20777924625186628 -0.035567313299211957 0.20777924625186628 -0.051811967275626959 -0.0084943019876247226 0.060901594665638208 0.40210766587938584 0.12418572748391439 0.29343687038163879 0.17631960746904704 0.037017597695913063 -0.068460602669969325 0.2363884043860269 -0.10021317941061553 -0.017934908925704467 0.060901594665638208 -0.025010262400405898 -0.051811967275626959 -0.0926851474754921 0.12418572748391439 0.060901594665638208 0.022493516202310368 0.15005459719606185 0.060901594665638208 0.010137531848297042 -0.12530281791027556 0.15005459719606185 0.087854332029809301 -0.069016728898510335
leaf_weight=207 320 43 232 26 323 597 46 35 245 148 242 381 635 143 496 269 31 854 609 547 90 55 363 68 562 1178 376 22 686 475
leaf_count=207 320 29 232 24 323 597 46 14 245 74 209 381 635 77 496 269 31 854 609 547 90 55 363 62 562 1178 376 22 686 475
internal_value=-0.000111159 0.0932464 -0.0482594 0.193631 -0.0873273 -0.0162966 0.0547407 0.259094 0.156465 0.243304 0.14486 0.0391581 -0.0704966 0.265403 -0.118212 -0.000383473 0.0826451 -0.0354863 -0.0461244 -0.0796711 0.120552 0.076817 0.0224935 0.124186 0.0515417 0.00387094 -0.111032 0.175923 0.0832934 -0.0569072
internal_weight=10304 3506 6798 972 3059 3739 2534 352 620 317 577 1626 1980 291 1079 2044 908 1695 841 1182 121 787 683 313 943 1775 872 264 732 798
internal_count=10088 3290 6798 756 3059 3739 2534 189 567 175 538 1626 1980 151 1079 2044 908 1695 841 1182 121 787 683 307 943 1775 872 231 732 798
is_linear=0
shrinkage=0.05


Tree=22
num_leaves=31
num_cat=0
split_feature=26 26 26 25 26 5 26 26 24 26 10 26 10 9 8 26 10 23 26 25 26 5 8 11 7 3 0 25 4 21
split_gain=16669.9 4268.11 3659.08 838.012 791.313 344.055 307.796 289.238 244.158 164.958 147.879 125.318 120.299 112.268 102.531 96.2183 77.8774 77.8119 69.6496 64.4204 73.8949 57.8662 53.7746 50.2603 47.5759 47.5458 43.7665 42.6946 42.1181 41.9765
threshold=15.150000095367433 20.150000572204593 10.84999990463257 18.750000000000004 7.9500000476837167 -0.085000000894069658 12.750000000000002 17.750000000000004 72.915000915527358 22.500000000000004 -0.91595000028610218 6.4500000476837167 0.98295000195503246 -0.78654998540878285 2.5000000000000004 9.1500000953674334 0.98295000195503246 42.500000000000007 14.34999990463257 12.949999809265138 16.250000000000004 -2.7250000238418575 17.500000000000004 0.87834998965263378 1024.549987792969 55.500000000000007 23.150000572204593 3.3500000238418584 0.41499999165534979 21.849999427795414
decision_type=2 2 2 2 2 2 2 2 2 2 2 2 2 2 2 2 2 2 2 2 2 2 2 2 2 2 2 2 2 2
left_child=2 7 4 8 11 13 14 12 -3 29 -7 27 19 -5 21 -6 18 -9 -8 20 -2 -4 -13 -19 -11 -16 -17 -1 -23 -10
right_child=1 3 6 5 15 10 16 17 9 24 -12 22 -14 -15 25 26 -18 23 -20 -21 -22 28 -24 -25 -26 -27 -28 -29 -30 -31
leaf_value=-0.17324707887389446 0.032498555086273383 0.19705857684219918 -0.041024634822459202 0.28571243683497111 -0.072094755757849571 0.36998870746762147 0.0065407911025583704 0.065096330230330471 0.1204702254862422 0.16720711702649127 0.26668280914977743 -0.10572526228525003 0.027600752688364073 0.19705857684219918 -0.022921137624383799 -0.056912014834805291 -0.0059947190879356101 0.086489756007576635 0.027600752688364073 0.065096330230330471 0.054990809780785681 -0.0059947190879356101 -0.082899700979147561 0.1204702254862422 0.14383867125636673 -0.0059947190879356101 -0.041024634822459202 -0.12178191699725352 -0.031034789344410781 0.14383867125636673
leaf_weight=44 586 43 283 36 866 51 1297 72 245 242 108 491 83 157 441 1013 86 474 452 299 508 144 348 97 22 437 443 479 389 68
leaf_count=44 586 29 283 18 866 22 1297 72 245 209 54 491 83 95 441 1013 86 474 452 299 508 144 348 97 22 437 443 479 389 62
internal_value=-0.000158274 0.0969916 -0.0417901 0.183742 -0.076645 0.245357 -0.00540426 0.0571987 0.14876 0.137356 0.299819 -0.106902 0.0450061 0.200489 -0.0207729 -0.0588973 0.00878351 0.0851865 0.0124566 0.0507718 0.0448853 -0.0335327 -0.0949276 0.0932955 0.167207 -0.00891423 -0.0510478 -0.126112 -0.022121 0.12047
internal_weight=10304 3091 7213 972 3684 352 3529 2119 620 577 159 1362 1476 193 1694 2322 1835 643 1749 1393 1094 816 839 571 264 878 1456 523 533 313
internal_count=10088 2875 7213 756 3684 189 3529 2119 567 538 76 1362 1476 113 1694 2322 1835 643 1749 1393 1094 816 839 571 231 878 1456 523 533 307
is_linear=0
shrinkage=0.05


Tree=23
num_leaves=31
num_cat=0
split_feature=26 26 26 18 26 26 23 26 26 26 7 26 9 8 5 8 5 17 4 5 23 5 8 9 4 21 4 8 28 26
split_gain=15019.7 3853.78 3301.67 775.043 859.939 760.299 284.322 259.349 233.486 186.434 165.795 137.97 125.086 122.92 102.519 94.5285 86.561 85.3796 83.026 74.0507 73.1835 65.2073 64.6142 63.8672 59.506 50.4706 49.3473 49.3246 71.9091 48.7722
threshold=15.150000095367433 20.150000572204593 11.050000190734865 22.150000572204593 25.899999618530277 8.1500000953674334 76.500000000000014 17.750000000000004 13.550000190734865 22.500000000000004 1021.7500000000001 6.4500000476837167 0.3793999999761582 6.5000000000000009 -2.814999938011169 1.5000000000000002 -0.054999999701976769 0.11450000107288362 2.0749999284744267 -1.955000042915344 42.500000000000007 -2.2250000238418575 148.50000000000003 1.0000000180025095e-35 1.1649999618530276 21.849999427795414 0.43500000238418585 333.50000000000006 42.500000000000007 15.750000000000002
decision_type=2 2 2 2 2 2 2 2 2 2 2 2 2 2 2 2 2 2 2 2 2 2 2 2 2 2 2 2 2 2
left_child=2 7 5 4 9 11 12 17 13 25 -8 -1 -6 14 -4 19 -11 23 -17 -7 -9 -10 -13 -2 -23 -3 -16 -15 -29 -19
right_child=1 3 8 -5 6 15 10 20 21 16 -12 22 -14 27 26 18 -18 29 -20 -21 -22 24 -24 -25 -26 -27 -28 28 -30 -31
leaf_value=-0.11980609748419908 0.026168672190254552 0.11434528684185948 -0.037691875952205356 0.54380066054207943 0.1877851613364836 -0.075553657542817981 0.25047616139702178 0.061701624840911629 0.00099074909087698429 0.13954874699390427 0.35643536931563746 -0.097110787317866376 0.23555386618638796 0.00099074909087698429 0.00099074909087698429 -0.037691875952205356 0.1877851613364836 0.042726612537705121 -0.076219792528177011 -0.051639519970757046 0.088682385716724321 0.026168672190254552 -0.076219792528177011 0.042726612537705121 0.00099074909087698429 0.13954874699390427 -0.022831888693337563 -0.037691875952205356 -0.0078596925938894096 0.061701624840911629
leaf_weight=523 413 273 315 13.999999999999998 65 581 115 72 368 138 49 693 74 528 245 903 176 157 84 731 571 577 305 328 169 68 532 12.999999999999998 646 578
leaf_count=523 413 266 315 7 38 581 60 72 368 129 21 693 37 528 245 903 136 157 84 731 571 577 305 328 169 62 532 13 646 578
internal_value=-0.000180545 0.0920353 -0.039698 0.174467 0.16907 -0.0715795 0.23872 0.0542231 -0.00380426 0.13685 0.283323 -0.0990038 0.187785 -0.0129745 -0.0250811 -0.0534358 0.164752 0.0426777 -0.0417465 -0.0622295 0.0807255 0.014956 -0.0881024 0.030701 0.0235685 0.114345 -0.0141683 -0.00183674 -0.013205 0.0547522
internal_weight=10304 3091 7213 972 958 3820 303 2119 3393 655 164 1521 139 2279 1092 2299 314 1476 987 1312 643 1114 998 741 746 341 777 1187 659 735
internal_count=10088 2875 7213 756 749 3820 156 2119 3393 593 81 1521 75 2279 1092 2299 265 1476 987 1312 643 1114 998 741 746 328 777 1187 659 735
is_linear=0
shrinkage=0.05


Tree=24
num_leaves=31
num_cat=0
split_feature=26 26 26 25 26 26 5 10 26 24 5 17 4 8 9 8 2 23 8 26 27 4 4 7 5 8 21 9 2 7
split_gain=13520.9 3976.42 2505.1 773.823 473.113 339.694 292.406 259.254 224.224 219.471 155.913 127.346 123.91 100.425 98.6686 96.5643 89.6107 88.4178 79.0176 73.8865 73.6914 70.3066 65.3566 64.3704 54.785 51.687 48.9702 45.0925 42.7401 41.7716
threshold=14.449999809265138 19.750000000000004 10.050000190734865 18.750000000000004 7.4500000476837167 12.050000190734865 -0.085000000894069658 0.98295000195503246 16.94999980926514 59.584999084472663 0.32500000298023229 0.1345000043511391 1.2450000047683718 1.0000000180025095e-35 -0.78654998540878285 17.500000000000004 1.6800000071525576 59.500000000000007 1.5000000000000002 5.3500001430511483 6.4500000476837167 2.0749999284744267 1.7549999952316286 1024.850036621094 -2.9950000047683711 148.50000000000003 13.84999990463257 0.3793999999761582 0.95500001311302196 1023.1499938964845
decision_type=2 2 2 2 2 2 2 2 2 2 2 2 2 2 2 2 2 2 2 2 2 2 2 2 2 2 2 2 2 2
left_child=2 7 4 9 19 13 14 8 16 -3 11 -11 28 -4 -5 24 -2 -18 29 -1 -20 -17 -15 -12 -6 -21 -10 -16 -8 -7
right_child=1 3 5 6 15 18 12 -9 26 10 23 -13 -14 22 27 21 17 -19 20 25 -22 -23 -24 -25 -26 -27 -28 -29 -30 -31
leaf_value=-0.12841128329184034 0.055849211617668121 0.17561451784465956 -0.042437123121787636 0.25890300671259564 -0.080980526835381123 -0.015322163605957759 0.28237213516235354 0.019080248866009737 0.057728376948842697 0.10240172664908638 0.1482320256514047 0.1482320256514047 0.35131697880255208 -0.015322163605957759 0.17561451784465956 -0.044414612758380087 0.019080248866009737 0.044165669285385997 -0.0011702310475108981 -0.1038760024913398 0.019080248866009737 -0.080980526835381123 -0.044414612758380087 0.10240172664908638 -0.060330820166036095 -0.080980526835381123 0.083427871589002944 0.23164334297180178 0.22219711972607509 0.0088839613166348079
leaf_weight=207 345 40 861 36 493 723 50 157 323 236 307 86 37 783 111 725 532 653 735 582 377 84 51 40 678 290 435 46 72 209
leaf_count=207 345 26 861 18 493 723 25 157 323 236 274 80 15 783 72 725 532 653 735 582 377 84 51 40 678 290 435 23 36 209
internal_value=-0.000230676 0.0795237 -0.0413632 0.160357 -0.0749199 -0.0139093 0.220959 0.0444462 0.0502389 0.13027 0.12085 0.102402 0.271167 -0.030459 0.179596 -0.0604041 0.0392217 0.0324821 -0.000185289 -0.101557 0.00881481 -0.0471195 -0.0180932 0.144585 -0.069582 -0.0951821 0.0724768 0.175615 0.246859 -0.0109236
internal_weight=10304 3506 6798 1061 3059 3739 352 2445 2288 709 669 322 159 1695 193 1980 1530 1185 2044 1079 1112 809 834 347 1171 872 758 157 122 932
internal_count=10088 3290 6798 845 3059 3739 189 2445 2288 656 630 316 76 1695 113 1980 1530 1185 2044 1079 1112 809 834 314 1171 872 758 95 61 932
is_linear=0
shrinkage=0.05


Tree=25
num_leaves=31
num_cat=0
split_feature=26 26 26 26 26 26 26 23 9 27 26 9 3 23 10 9 2 1 2 28 1 10 8 4 9 2 3 2 10 9
split_gain=12119.9 3433.13 2376.76 651.701 470.088 365.39 229.639 197.568 134.935 130.233 107.823 107.283 100.296 98.8025 93.128 82.7322 79.9078 77.8365 78.3034 76.2661 60.2119 60.1563 58.2772 57.9392 57.6313 56.7561 67.7674 51.6463 48.5375 47.9816
threshold=16.250000000000004 11.150000095367433 21.250000000000004 8.1500000953674334 27.400000572204593 13.750000000000002 19.349999427795414 76.500000000000014 1.0000000180025095e-35 6.2500000000000009 6.1499998569488534 -1.0000000180025095e-35 26.500000000000004 47.500000000000007 0.98295000195503246 0.3793999999761582 1.544999957084656 80.500000000000014 2.9300000667572026 31.500000000000004 57.500000000000007 -0.91595000028610218 249.50000000000003 -0.76499998569488514 -1.0000000180025095e-35 1.6250000000000002 206.50000000000003 1.235000014305115 -0.6035499870777129 -0.78654998540878285
decision_type=2 2 2 2 2 2 2 2 2 2 2 2 2 2 2 2 2 2 2 2 2 2 2 2 2 2 2 2 2 2
left_child=1 3 6 10 11 12 13 15 24 27 -1 29 16 -2 25 -6 -3 20 28 -13 -5 -14 -12 -21 -8 -7 -27 -9 -19 -4
right_child=2 5 4 17 7 14 8 9 -10 -11 22 19 21 -15 -16 -17 -18 18 -20 23 -22 -23 -24 -25 -26 26 -28 -29 -30 -31
leaf_value=-0.10979247534383847 0.03420808564716226 0.0051417894299623443 0.14893913503706924 -0.05724252086926801 0.18384548248651697 0.03420808564716226 0.10242692475906714 0.31298781174128171 0.11814306915846334 0.38039083480834962 -0.088099296254776471 0.11814306915846334 0.0051417894299623443 0.06140906088766928 0.0051417894299623443 0.22461348162517958 -0.03084719128358674 -0.03084719128358674 -0.06706740028761185 0.1478705859362783 -0.03084719128358674 -0.0089773190008642558 -0.06839952042385726 0.18384548248651697 0.076620847823605592 0.026683162096632847 0.0051417894299623443 0.23113535268633975 -0.052165442994320313 0.11814306915846334
leaf_weight=452 248 49 127 251 46 302 217 20 107 21 793 26 170 980 84 80 466 230 679 20 662 1712 281 192 37 904 312 102 572 120
leaf_count=452 248 49 120 251 26 302 217 10 101 7 793 26 170 980 84 40 466 230 679 18 662 1712 281 133 37 904 312 51 572 114
internal_value=-0.000962138 -0.0305187 0.0989349 -0.0637704 0.172041 0.00207599 0.0642452 0.225052 0.0993023 0.265381 -0.0893054 0.142639 -0.0102798 0.0539394 0.0205634 0.183845 -0.0298315 -0.0474937 -0.0545724 0.166595 -0.036011 -0.00492956 -0.0806832 0.177598 0.0766208 0.0252504 0.0194821 0.245585 -0.0439938 0.119555
internal_weight=10262 7919 2343 3920 754 3999 1589 269 361 143 1526 485 2397 1228 1602 126 515 2394 1481 238 913 1882 1074 212 254 1518 1216 122 802 247
internal_count=10047 7919 2128 3920 545 3999 1583 134 355 68 1526 411 2397 1228 1602 66 515 2394 1481 177 913 1882 1074 151 254 1518 1216 61 802 234
is_linear=0
shrinkage=0.05


Tree=26
num_leaves=31
num_cat=0
split_feature=26 26 26 26 26 26 5 26 23 27 9 26 10 3 9 9 5 4 0 10 8 4 5 3 14 8 2 3 1 25
split_gain=10880.8 3093.16 2125.85 563.065 422.635 345.019 219.008 231.273 184.798 117.441 98.4269 98.4254 89.4552 88.8753 84.1641 77.4622 76.1782 69.8205 74.2631 66.0656 65.842 72.8544 72.4744 62.9858 55.7465 54.45 52.7168 62.8109 50.2356 47.4783
threshold=16.250000000000004 11.050000190734865 21.250000000000004 8.1500000953674334 27.400000572204593 13.750000000000002 -2.0149999856948848 19.650000572204593 76.500000000000014 6.2500000000000009 -1.0000000180025095e-35 6.4500000476837167 0.98295000195503246 26.500000000000004 -0.37939999997615809 0.3793999999761582 -1.5049999952316282 -1.0549999475479124 19.849999427795414 -0.78654998540878285 1.5000000000000002 2.0749999284744267 -0.095000002533197389 184.50000000000003 48.000000000000007 249.50000000000003 1.6250000000000002 206.50000000000003 50.500000000000007 16.150000572204593
decision_type=2 2 2 2 2 2 2 2 2 2 2 2 2 2 2 2 2 2 2 2 2 2 2 2 2 2 2 2 2 2
left_child=1 3 6 11 10 13 14 29 15 -10 -4 -1 26 16 24 -6 -3 -12 -19 -15 22 28 -5 -21 -2 -13 -7 -28 -22 -8
right_child=2 5 4 20 8 12 7 -9 9 -11 17 25 -14 19 -16 -17 -18 18 -20 23 21 -23 -24 -25 -26 -27 27 -29 -30 -31
leaf_value=-0.10263074715512631 0.077079385987349924 -0.029927422726479677 0.11285623508064371 -0.06169620432580511 0.17403824135477242 0.032376762000846805 0.05717375386656514 0.11187177396586301 0.23335709904060989 0.36137132190522697 0.11187177396586301 -0.08336008204368317 0.0045409626799636357 0.0045409626799636357 0.032376762000846805 0.21309731593250569 0.0045409626799636357 0.1166771262139082 0.17403824135477242 -0.00057367003616884871 -0.065191200043745318 -0.065191200043745318 -0.037436796310511687 -0.02026794634172439 0.033562123652283601 -0.065191200043745318 0.025349004144612414 0.0045409626799636357 -0.029927422726479677 0.086203959168531241
leaf_weight=512 175 475 247 846 46 302 803 258 122 21 12.999999999999998 754 84 332 182 80 50 60 165 818 97 84 484 806 127 260 904 312 799 44
leaf_count=512 175 475 234 846 26 302 803 252 61 7 13 754 84 332 182 40 50 50 114 818 97 84 484 806 127 260 904 312 799 44
internal_value=-0.000947216 -0.0289523 0.0937058 -0.0611916 0.162845 0.00133679 0.0608982 0.0731834 0.21311 0.252156 0.134967 -0.0847605 0.0194245 -0.0103426 0.0328506 0.174038 -0.0286089 0.157913 0.166809 -0.00543981 -0.0456219 -0.0357879 -0.052868 -0.010348 0.0587791 -0.0757373 0.0240628 0.0184243 -0.0312961 0.0605361
internal_weight=10262 7919 2343 3836 754 4083 1589 1105 269 143 485 1526 1602 2481 484 126 525 238 225 1956 2310 980 1330 1624 302 1014 1518 1216 896 847
internal_count=10047 7919 2128 3836 545 4083 1583 1099 134 68 411 1526 1602 2481 484 66 525 177 164 1956 2310 980 1330 1624 302 1014 1518 1216 896 847
is_linear=0
shrinkage=0.05


Tree=27
num_leaves=31
num_cat=0
split_feature=25 25 25 7 1 7 25 23 10 8 25 5 1 28 4 7 4 23 28 1 20 8 8 25 1 25 7 20 12 7
split_gain=8553.57 3592.2 1312.13 865.254 416.09 365.898 279.478 212.715 182.739 185.999 150.482 148.367 136.475 125.914 113.031 105.179 103.952 78.7673 74.9878 71.458 64.4164 58.2229 57.7334 50.7863 58.3648 44.0503 41.8898 41.5008 26.7942 22.9698
threshold=9.8499999046325701 15.250000000000002 7.0499999523162851 1018.8500061035157 60.500000000000007 1017.6499938964845 21.050000190734867 50.500000000000007 -0.98295000195503224 12.500000000000002 5.5499999523162851 -0.88499999046325672 75.500000000000014 36.500000000000007 1.0950000286102297 1019.2500000000001 -4.0150001049041739 47.500000000000007 50.500000000000007 64.500000000000014 12.84999990463257 3.5000000000000004 774.50000000000011 12.949999809265138 72.500000000000014 8.1500000953674334 1020.4500122070314 7.0499999523162851 -0.56175000965595234 1020.4500122070314
decision_type=2 2 2 2 2 2 2 2 2 2 2 2 2 2 2 2 2 2 2 2 2 2 2 2 2 2 2 2 2 2
left_child=2 5 10 22 -5 16 12 15 20 13 18 -11 -6 -10 -8 21 -2 -12 26 -9 -7 -4 -3 -18 -25 -21 28 -17 -1 -27
right_child=1 3 7 4 6 8 14 19 9 11 17 -13 -14 -15 -16 27 23 -19 -20 25 -22 -23 -24 24 -26 29 -28 -29 -30 -31
leaf_value=-0.11786271780729295 0.060900865781099302 0.081025677614306707 -0.046012468126130718 0.081025677614306707 0.18785152180209444 0.0047784120241236051 0.21079654136918627 -0.022926875466785287 0.0097744960828931946 0.038728741917627603 -0.070035740675097144 0.079263512134034597 0.13339889150140058 0.040710350057277134 0.32749639801357106 -0.046012468126130718 0.0047784120241236051 -0.046646732896622078 -0.074713367252797855 -0.018210519659507245 0.081025677614306707 -0.022926875466785287 0.15709585421013111 0.075181324107906053 0.021137494701949013 -0.006730887904403085 -0.19666451215744019 -0.022926875466785287 -0.089916948243683459 0.0047784120241236051
leaf_weight=148 86 304 792 17 125 119 212 608 502 453 957 450 274 954 23 64 736 577 418 374 21 150 33 67 119 481 11.999999999999998 548 204 434
leaf_count=148 86 295 792 17 92 119 106 608 502 453 957 450 222 954 8 64 736 577 418 374 21 150 33 67 119 481 12 548 204 434
internal_value=-0.00092382 0.0507818 -0.041225 0.134994 0.169021 0.0270573 0.178962 -0.0216869 0.037376 0.041101 -0.070338 0.0589288 0.153485 0.0300443 0.222218 -0.0354022 0.00477841 -0.0612382 -0.0881886 -0.0104515 0.00477841 -0.0460125 0.0810257 0.00477841 0.0374966 -0.00375303 -0.104799 -0.0229269 -0.101667 0.00215637
internal_weight=10262 4495 5767 988 651 3507 634 3451 2499 2359 2316 903 399 1456 235 1554 1008 1534 782 1897 140 942 337 922 186 1289 364 612 352 915
internal_count=10047 4280 5767 773 445 3507 428 3451 2499 2359 2316 903 314 1456 114 1554 1008 1534 782 1897 140 942 328 922 186 1289 364 612 352 915
is_linear=0
shrinkage=0.05


Tree=28
num_leaves=31
num_cat=0
split_feature=26 26 26 26 26 26 5 26 23 24 2 9 26 9 8 9 5 28 9 1 2 1 14 8 26 4 8 21 9 1
split_gain=8900.8 2506.79 1718.12 478.733 334.524 254.63 206.181 193.793 165 103.86 98.1514 87.2119 86.6902 75.5621 72.401 71.8813 69.33 65.5009 65.0042 60.0667 53.8881 51.4832 50.164 50.0317 53.444 47.8197 46.1216 44.5777 42.2899 42.6177
threshold=16.250000000000004 11.150000095367433 21.150000572204593 8.2500000000000018 27.400000572204593 13.550000190734865 -2.0149999856948848 19.349999427795414 76.500000000000014 336.25000000000006 1.8750000000000002 -1.0000000180025095e-35 6.0499999523162851 -0.6035499870777129 8.5000000000000018 -0.37939999997615809 -2.4550000429153438 31.500000000000004 0.3793999999761582 80.500000000000014 2.9300000667572026 57.500000000000007 48.000000000000007 333.50000000000006 12.050000190734865 -0.76499998569488514 249.50000000000003 13.84999990463257 -0.78654998540878285 74.500000000000014
decision_type=2 2 2 2 2 2 2 2 2 2 2 2 2 2 2 2 2 2 2 2 2 2 2 2 2 2 2 2 2 2
left_child=1 3 6 12 11 14 15 27 18 -10 -7 28 -1 -12 16 22 -3 -13 -6 21 -21 -5 -2 -16 -25 -19 -14 -8 29 -4
right_child=2 5 4 19 8 10 7 -9 9 -11 13 17 26 -15 23 -17 -18 25 -20 20 -22 -23 -24 24 -26 -27 -28 -29 -30 -31
leaf_value=-0.095237771749496464 0.070975887752005029 -0.0266230274153356 0.15414995458480474 -0.050350322957150639 0.1564576782167488 0.029126491719378957 0.042642421617689059 0.10056960954513494 0.29316442899925765 0.20024036264419554 0.018608124907885056 0.10056960954513494 -0.075047381128153498 0.0027046953511748665 0.0027046953511748665 0.029126491719378957 -0.0088470971261384295 0.12718996758976703 0.1923201213160235 -0.03788419669728358 -0.057432408525351065 -0.0266230274153356 0.029695043536856421 -0.0266230274153356 0.00041064254277268424 0.1564576782167488 -0.058114913183853513 0.066121457806891867 0.10056960954513494 0.10056960954513494
leaf_weight=425 175 332 74 250 46 483 413 294 43 100 560 26 871 768 479 176 723 20 80 779 644 657 127 281 373 193 294 396 127 53
leaf_count=425 175 332 67 250 26 483 413 288 18 50 560 26 871 768 479 176 723 18 40 779 644 657 127 281 373 134 294 396 121 53
internal_value=-0.00101328 -0.0263424 0.0845954 -0.054756 0.146269 0.00150994 0.0548704 0.0667732 0.191118 0.228183 0.0153779 0.121797 -0.0759081 0.00808976 -0.00996855 0.0291265 -0.0193941 0.143477 0.156458 -0.0403217 -0.046731 -0.0302662 0.0536161 -0.00119187 -0.0120451 0.15381 -0.0688565 0.0541353 0.101398 0.129446
internal_weight=10262 7919 2343 3920 762 3999 1581 1103 269 143 1811 493 1590 1328 2188 478 1055 239 126 2330 1423 907 302 1133 654 213 1165 809 254 127
internal_count=10047 7919 2128 3920 553 3999 1575 1097 134 68 1811 419 1590 1328 2188 478 1055 178 66 2330 1423 907 302 1133 654 152 1165 809 241 120
is_linear=0
shrinkage=0.05


Tree=29
num_leaves=31
num_cat=0
split_feature=25 25 25 7 1 7 25 18 25 23 7 10 25 7 25 1 9 1 5 25 5 25 18 2 9 10 3 10 7 4
split_gain=6895.89 2149.4 1729.12 697.45 348.077 298.523 248.942 241.265 296.024 214.894 200.971 142.624 132.352 127.968 102.213 94.7152 85.8521 84.4968 82.1842 73.8619 65.992 59.4103 58.8086 52.3081 47.1657 41.8464 39.9558 39.3994 38.5624 38.019
threshold=11.550000190734865 7.8500001430511483 15.250000000000002 1018.8500061035157 60.500000000000007 1020.8500061035157 6.0499999523162851 13.949999809265138 21.050000190734867 52.500000000000007 1022.3500061035157 -0.98295000195503224 8.9499998092651385 1024.549987792969 9.8499999046325701 71.500000000000014 0.60354998707771312 86.500000000000014 -0.1950000002980232 13.84999990463257 -0.79500001668930043 4.2500000000000009 3.4500000476837163 1.6800000071525576 -0.6035499870777129 -0.78654998540878285 26.500000000000004 -0.98295000195503224 1023.4500122070314 2.0749999284744267
decision_type=2 2 2 2 2 2 2 2 2 2 2 2 2 2 2 2 2 2 2 2 2 2 2 2 2 2 2 2 2 2
left_child=1 6 10 -4 -5 9 17 8 -6 20 15 -7 -13 -12 25 19 26 21 -15 24 -3 -1 -20 -17 -2 -11 -8 -19 -18 -28
right_child=2 5 3 4 7 11 16 -9 -10 14 13 12 -14 18 -16 23 28 27 22 -21 -22 -23 -24 -25 -26 -27 29 -29 -30 -31
leaf_value=-0.09598483456269144 0.052852993431054276 -0.029408348653013578 0.079171725754196884 0.079171725754196884 0.12923086233792433 -0.029408348653013578 -0.05311883263689287 0.33741406108203686 0.20062215657944377 0.0020784444232808661 0.079171725754196884 -0.0061654852454343604 0.02179263109730939 0.02179263109730939 0.015173087113231194 0.047050792096693696 -0.060469255233844867 -0.18166079918543498 0.02179263109730939 0.079171725754196884 -0.013640039090145696 -0.060887172222011503 0.079171725754196884 0.02179263109730939 0.02179263109730939 -0.013640039090145696 -0.029408348653013578 -0.089823335146001715 -0.029408348653013578 -0.060887172222011503
leaf_weight=126 173 844 337 17 380 80 302 19 235 149 230 450 1097 109 655 226 859 11.999999999999998 32 96 432 527 51 638 93 715 802 436 50 90
leaf_count=126 173 844 328 17 301 80 302 13 114 149 230 450 1097 109 655 226 859 12 32 96 432 527 51 638 93 715 802 436 50 90
internal_value=-0.00101597 -0.0251136 0.0686988 0.121 0.152204 -0.0025183 -0.0562984 0.161932 0.15651 -0.0124301 0.0373436 0.014509 0.0181202 0.0671046 0.000276746 0.0270996 -0.0462141 -0.0755603 0.0346037 0.0491695 -0.0275568 -0.0640872 0.0752257 0.0217926 0.0353632 -0.0110162 -0.0373994 -0.0922833 -0.0577924 -0.0320774
internal_weight=10262 7626 2636 988 651 4422 3204 634 615 2795 1648 1627 1547 422 1519 1226 2103 1101 192 362 1276 653 83 864 266 864 1194 448 909 892
internal_count=10047 7626 2421 773 445 4422 3204 428 415 2795 1648 1627 1547 422 1519 1226 2103 1101 192 362 1276 653 83 864 266 864 1194 448 909 892
is_linear=0
shrinkage=0.05


Tree=30
num_leaves=31
num_cat=0
split_feature=26 26 26 18 25 26 26 7 4 23 5 26 17 21 8 8 26 26 4 8 4 29 6 9 25 5 2 27 9 8
split_gain=7191.44 1722.43 1669.94 596.585 454.199 261.211 230.79 187.107 125.948 113.814 106.875 92.617 92.5088 64.8718 70.8691 61.265 55.7566 55.0974 46.1368 43.2995 46.8076 43.1824 42.1893 41.1741 39.7017 36.7493 33.2014 33.1376 27.2876 27.0477
threshold=15.150000095367433 19.750000000000004 10.050000190734865 22.150000572204593 18.750000000000004 7.4500000476837167 12.050000190734865 1022.8500061035157 1.3550000190734866 42.500000000000007 -0.23499999940395352 17.750000000000004 0.1345000043511391 8.0500001907348651 1.0000000180025095e-35 1.0000000180025095e-35 23.050000190734867 5.1499998569488534 1.9149999618530276 1.5000000000000002 2.0749999284744267 13.150000095367433 542.50000000000011 0.60354998707771312 9.8499999046325701 -0.054999999701976769 0.98500001430511486 13.650000095367433 1.0000000180025095e-35 364.50000000000006
decision_type=2 2 2 2 2 2 2 2 2 2 2 2 2 2 2 2 2 2 2 2 2 2 2 2 2 2 2 2 2 2
left_child=2 9 5 4 10 17 15 8 -6 28 12 21 -3 -8 26 -4 -12 -1 29 25 -21 -11 -13 -19 -16 -7 -15 -27 -2 -17
right_child=1 3 6 -5 7 19 13 -9 -10 11 16 22 -14 14 24 18 -18 23 -20 20 -22 -23 -24 -25 -26 27 -28 -29 -30 -31
leaf_value=-0.10301545843756273 0.017297407802915634 0.075149852473820625 -0.03141409489300339 0.46509281794230151 0.16533104121788511 -0.057253397716209846 -0.010015976645136742 0.12287886171785854 0.2713989842322565 0.02946517756093936 0.091103410205769883 0.072551657461359373 0.12287886171785854 0.017297407802915634 0.0034679552435110776 -0.010015976645136742 0.12287886171785854 -0.061869253172346997 -0.032150879655026922 -0.032864166534045822 -0.060939673740352987 0.046927100789655923 0.046927100789655923 -0.083135981753648058 0.017297407802915634 -0.052669009707779407 -0.0023899285454793496 -0.032150879655026922 0.02946517756093936 -0.022286943578511811
leaf_weight=163 96 242 856 11.999999999999998 288 848 251 21 31 979 247 286 72 101 585 337 147 504 48 756 82 170 199 415 558 210 972 77 276 461
leaf_count=163 96 240 856 6 154 848 251 17 12 979 241 286 65 101 585 337 116 504 48 756 82 170 199 415 558 210 972 77 276 461
internal_value=-0.00116761 0.0629937 -0.0283989 0.114548 0.110534 -0.0564818 -0.00781999 0.158034 0.175639 0.0357515 0.0877238 0.0416329 0.0751499 0.00195143 0.00523612 -0.0219834 0.10617 -0.0762246 -0.0124412 -0.0456547 -0.0370344 0.033899 0.0599552 -0.0714728 0.0139734 -0.0520193 -0.00238993 -0.0365542 0.0172974 -0.010016
internal_weight=10290 3066 7224 1060 1048 3055 4169 340 319 2006 708 1634 314 2467 2216 1702 394 1082 846 1973 838 1149 485 919 1143 1135 1073 287 372 798
internal_count=10081 2857 7224 851 845 3055 4169 183 166 2006 662 1634 305 2467 2216 1702 357 1082 846 1973 838 1149 485 919 1143 1135 1073 287 372 798
is_linear=0
shrinkage=0.05


Tree=31
num_leaves=31
num_cat=0
split_feature=5 23 23 2 29 1 20 7 5 27 21 9 9 17 12 1 3 29 11 7 21 24 1 9 7 1 1 0 1 10
split_gain=2218.61 873.54 756.609 548.389 409.174 285.198 242.389 319.441 254.888 206.503 188.774 183.273 207.121 131.669 120.426 108.957 107.856 104.414 53.675 49.8392 36.292 33.0924 31.2423 31.1497 28.5818 27.4908 26.2973 25.1118 20.6551 19.2629
threshold=-2.2949999570846553 51.500000000000007 46.500000000000007 3.6250000000000004 24.550000190734867 82.500000000000014 6.9500000476837167 1019.4500122070314 -0.35500000417232508 17.44999980926514 11.650000095367433 -1.0000000180025095e-35 1.0000000180025095e-35 0.13749999552965167 0.81174999475479137 79.500000000000014 195.50000000000003 10.150000095367433 1.0000000180025095e-35 1017.7500000000001 9.4499998092651385 257.91499328613287 77.500000000000014 0.78654998540878307 1015.8500061035157 85.500000000000014 70.500000000000014 20.550000190734867 50.500000000000007 0.98295000195503246
decision_type=2 2 2 2 2 2 2 2 2 2 2 2 2 2 2 2 2 2 2 2 2 2 2 2 2 2 2 2 2 2
left_child=1 11 5 6 10 -2 -4 -8 -9 16 24 -1 15 14 -12 18 29 20 -13 -18 -14 -19 -15 -11 28 -17 -6 -25 -3 -7
right_child=2 4 3 -5 26 9 7 8 -10 23 13 12 17 22 -16 25 19 21 -20 -21 -22 -23 -24 27 -26 -27 -28 -29 -30 -31
leaf_value=-0.030656949067036865 0.010597104258793379 -0.030656949067036865 0.025604447921221643 0.010597104258793379 0.13038760556115045 -0.010169642839680677 0.036873856479402452 0.040077802134976616 0.07922170388876662 0.010597104258793379 -0.0067608634670993893 -0.22766348191847408 -0.074893216057593789 0.080207019024552129 0.039098404946816406 -0.10798406175409372 -0.055096029581139731 -0.030656949067036865 -0.12489651211157993 -0.030160605503732413 -0.054679335869504297 -0.048920594184538917 0.039098404946816406 -0.010169642839680677 -0.030656949067036865 -0.063768984246416957 0.22175685167312623 0.010597104258793379 -0.014929275126773273 -0.070673129409551616
leaf_weight=375 424 97 545 1186 18 251 875 723 979 261 1150 24 483 27 103 78 293 194 27 634 411 313 10.999999999999998 191 339 64 13.999999999999998 29 151 20
leaf_count=375 411 97 545 1186 12 251 852 688 853 261 1149 24 483 27 103 78 293 194 27 634 411 313 11 191 339 64 9 29 151 20
internal_value=-0.00117052 -0.0310179 0.0168887 0.0288899 -0.00692672 -0.00769574 0.0406118 0.0481433 0.0625936 -0.0184509 -0.00994761 -0.0543872 -0.0620105 0.000798399 -0.00201021 -0.11057 -0.0295619 -0.0553209 -0.173257 -0.038042 -0.0656003 -0.0371952 0.080207 0.00922259 -0.0306569 -0.0880561 0.170362 -0.00832654 -0.0149293 -0.0101696
internal_weight=10290 3879 6411 4308 1910 2103 3122 2577 1702 1679 1878 1969 1594 1291 1253 193 1198 1401 51 927 894 507 38 481 587 142 32 220 248 271
internal_count=10081 3867 6214 4124 1898 2090 2938 2393 1541 1679 1877 1969 1594 1290 1252 193 1198 1401 51 927 894 507 38 481 587 142 21 220 248 271
is_linear=0
shrinkage=0.05


Tree=32
num_leaves=31
num_cat=0
split_feature=26 26 26 18 26 26 26 23 10 5 24 2 9 26 26 9 21 7 0 26 10 1 25 8 10 5 12 4 7 8
split_gain=6145.28 1478.43 1412.37 546.285 399.972 227.356 193.604 152.097 146.405 115.451 87.4202 76.1986 78.0783 75.2785 71.1895 65.5589 56.8536 55.0578 52.043 50.0352 47.1642 46.7663 46.0774 44.2376 34.9893 59.9706 37.081 34.2269 33.5254 30.9717
threshold=15.150000095367433 19.750000000000004 10.050000190734865 22.150000572204593 27.400000572204593 7.4500000476837167 11.650000095367433 76.500000000000014 0.98295000195503246 -0.10500000044703482 342.08500671386724 1.544999957084656 -0.37939999997615809 23.050000190734867 16.44999980926514 0.3793999999761582 17.750000000000004 1023.0499877929689 28.050000190734867 5.0499999523162851 -0.6035499870777129 71.500000000000014 12.949999809265138 733.50000000000011 -0.78654998540878285 4.0050001144409189 0.81174999475479137 1.9149999618530276 1019.7500000000001 148.50000000000003
decision_type=2 2 2 2 2 2 2 2 2 2 2 2 2 2 2 2 2 2 2 2 2 2 2 2 2 2 2 2 2 2
left_child=2 8 5 4 9 19 20 15 14 18 -9 -8 -13 -11 22 -6 -14 23 -3 -1 27 -19 28 -16 25 -7 -26 -4 -2 -21
right_child=1 3 6 -5 7 24 11 10 -10 13 -12 12 16 -15 17 -17 -18 21 -20 29 -22 -23 -24 -25 26 -27 -28 -29 -30 -31
leaf_value=-0.098067960846755245 0.015861486324323115 0.069365698422034786 -0.011524460740216222 0.44130832354227706 0.12126226185092033 -0.029830979662828373 0.015861486324323115 0.25783709257076953 0.015861486324323115 0.084493851309026521 0.16821457412507801 0.0053300162975060241 -0.011524460740216222 0.12126226185092033 0.037354342031668729 0.15828600798560369 0.0061967107029874853 0.036870102380497927 0.12126226185092033 -0.07290793316163395 -0.029522929002043355 0.069365698422034786 0.036870102380497927 0.069365698422034786 -0.048905972724162167 -0.056365959942358018 -0.029830979662828373 -0.029830979662828373 0.028557338465215378 -0.056365959942358018
leaf_weight=144 248 353 388 11.999999999999998 46 393 410 39 126 239 90 1238 1020 179 780 72 153 48 30 629 916 209 106 39 1312 79 189 44 450 309
leaf_count=144 248 329 388 6 26 393 410 16 126 233 45 1238 1020 130 780 36 153 48 30 629 916 209 106 39 1312 79 189 44 450 309
internal_value=-0.00120769 0.0581034 -0.0263804 0.105867 0.102026 -0.052207 -0.00745499 0.157651 0.0328644 0.0848732 0.19531 -6.73644e-06 -0.00346806 0.103297 0.0382928 0.121262 -0.0115245 0.0467033 0.0693657 -0.070626 -0.0230422 0.0668938 0.0270369 0.0403675 -0.0421059 -0.030232 -0.0458397 -0.0115245 0.0202446 -0.0664132
internal_weight=10290 3066 7224 1060 1048 3055 4169 247 2006 801 129 2821 2411 418 1880 118 1173 1076 383 1082 1348 257 804 819 1973 472 1501 432 698 938
internal_count=10081 2857 7224 851 845 3055 4169 123 2006 722 61 2821 2411 363 1880 62 1173 1076 359 1082 1348 257 804 819 1973 472 1501 432 698 938
is_linear=0
shrinkage=0.05


Tree=33
num_leaves=31
num_cat=0
split_feature=26 26 26 18 26 26 10 5 26 5 26 26 10 6 10 28 0 7 2 20 20 14 26 26 26 2 1 12 4 28
split_gain=5529.93 1528.59 1095.94 493.791 355.499 205.618 170.74 135.161 132.586 109.024 97.2283 68.3971 67.9961 57.1941 65.6967 52.6294 51.9208 49.8437 48.3481 47.9857 47.5831 45.8955 45.3139 37.6532 34.9319 26.1862 24.8073 24.1268 18.6313 17.7659
threshold=14.449999809265138 19.750000000000004 10.050000190734865 22.150000572204593 27.400000572204593 7.4500000476837167 0.98295000195503246 -0.23499999940395352 11.650000095367433 -0.10500000044703482 16.44999980926514 23.050000190734867 -0.91595000028610218 542.50000000000011 -0.37939999997615809 78.500000000000014 28.050000190734867 1017.5499877929689 1.0950000286102297 6.9500000476837167 8.2500000000000018 48.000000000000007 5.0499999523162851 12.650000095367433 8.9499998092651385 3.1550000905990605 80.500000000000014 -0.56175000965595234 1.9149999618530276 56.500000000000007
decision_type=2 2 2 2 2 2 2 2 2 2 2 2 2 2 2 2 2 2 2 2 2 2 2 2 2 2 2 2 2 2
left_child=2 6 5 4 9 22 10 15 21 16 17 -11 -9 14 -12 -6 -3 -2 -10 -19 -20 28 29 -22 25 -7 -24 -26 -4 -1
right_child=1 3 8 -5 7 24 -8 12 18 11 13 -13 -14 -15 -16 -17 -18 19 20 -21 23 -23 26 -25 27 -27 -28 -29 -30 -31
leaf_value=-0.11082258199652036 0.011524584942532237 0.064278371747429397 -0.012046156497264524 0.41924291451772056 0.11480856683392425 -0.039802202747146714 0.011524584942532237 0.23518293252805386 0.011524584942532237 0.080269159513007393 0.064278371747429397 0.11480856683392425 0.15915249265157261 0.034057652594240838 0.043870267097150639 0.17313242412748792 0.11480856683392425 0.011524584942532237 -0.012046156497264524 0.034057652594240838 -0.0057180016745233464 -0.02939212547535244 -0.053488204964375841 0.003504107879056949 -0.039802202747146714 -0.05301383518037342 -0.068557446703878949 -0.02939212547535244 -0.021034752256982005 -0.078102417731819127
leaf_weight=72 245 353 598 11.999999999999998 60 375 153 41 163 239 116 179 104 402 558 42 30 122 720 804 577 661 288 967 299 630 650 669 89 72
leaf_count=72 245 329 598 6 33 375 153 17 163 233 116 130 52 402 558 21 30 122 720 804 577 661 288 967 299 630 650 669 89 72
internal_value=-0.00118038 0.0503181 -0.0272689 0.100325 0.0966733 -0.049533 0.0282317 0.149115 -0.00925122 0.0805022 0.0336175 0.0982849 0.180651 0.0444677 0.0536829 0.114809 0.0642784 0.0236476 -0.00226775 0.0294248 -0.00451637 -0.0218246 -0.0670494 0.000610153 -0.039927 -0.0464564 -0.0630403 -0.033148 -0.0126774 -0.0931646
internal_weight=10290 3460 6830 1060 1048 3055 2400 247 3775 801 2247 418 145 1076 674 102 383 1171 2427 926 2264 1348 1082 1544 1973 1005 938 968 687 144
internal_count=10081 3251 6830 851 845 3055 2400 123 3775 722 2247 363 69 1076 674 54 359 1171 2427 926 2264 1348 1082 1544 1973 1005 938 968 687 144
is_linear=0
shrinkage=0.05


Tree=34
num_leaves=31
num_cat=0
split_feature=25 25 25 7 1 7 25 7 10 8 1 5 8 25 28 4 4 7 5 8 9 10 8 5 1 9 1 25 1 24
split_gain=4316.58 1735.21 712.455 428.793 262.233 228.209 182.998 144.353 134.369 164.391 106.12 100.736 95.9757 90.6108 83.0511 79.6513 74.3861 63.4047 59.6368 59.5829 65.3471 59.4878 59.2754 57.2812 49.3722 39.4395 35.6513 32.6758 30.7728 29.3893
threshold=9.8499999046325701 14.84999990463257 7.0499999523162851 1018.8500061035157 60.500000000000007 1017.6499938964845 21.050000190734867 1020.5499877929689 -0.98295000195503224 12.500000000000002 76.500000000000014 -0.88499999046325672 3.5000000000000004 5.0499999523162851 36.500000000000007 -3.2050000429153438 1.044999957084656 1014.3500061035157 -0.50499999523162831 344.50000000000006 -0.6035499870777129 0.98295000195503246 774.50000000000011 3.8950001001358037 58.500000000000007 0.91595000028610241 78.500000000000014 3.3500000238418584 57.500000000000007 84.58499908447267
decision_type=2 2 2 2 2 2 2 2 2 2 2 2 2 2 2 2 2 2 2 2 2 2 2 2 2 2 2 2 2 2
left_child=2 5 13 22 -5 15 10 12 -7 14 -6 -11 18 27 -10 17 -8 -2 -4 21 -21 -9 29 24 -14 -20 28 -1 -15 -3
right_child=1 3 7 4 6 8 16 19 9 11 -12 -13 23 26 -16 -17 -18 -19 25 20 -22 -23 -24 -25 -26 -27 -28 -29 -30 -31
leaf_value=-0.10941397716169772 0.053773819038023557 0.10887887639304002 -0.033286213000859467 0.054765556960146004 0.13325254571972814 0.0028782147062127979 0.15103225028142334 0.0028782147062127979 0.0028782147062127979 0.028968720848829638 0.088839478299163194 0.054765556960146004 -0.024107350784788983 -0.056946197894590725 0.028203620385144526 0.0028782147062127979 0.24618485388548478 0.0028782147062127979 -0.0047995317886592613 0.0028782147062127979 -0.033286213000859467 -0.033286213000859467 0.12781673208359751 -0.033286213000859467 0.0015494611510154025 -0.033286213000859467 -0.050672733826792687 -0.065358492946534438 -0.033286213000859467 0.054765556960146004
leaf_weight=46 150 48 763 15.999999999999998 142 130 192 872 492 467 316 438 274 143 935 777 23 50 307 140 173 42 31 125 594 173 1199 495 440 297
leaf_count=46 150 44 763 16 111 130 96 872 492 467 259 438 274 143 935 777 8 50 307 140 173 42 31 125 594 173 1199 495 440 291
internal_value=-0.00118811 0.0355166 -0.0297602 0.091285 0.11491 0.0182461 0.123157 -0.0153902 0.0265768 0.0300256 0.105294 0.0466955 -0.0229523 -0.0511823 0.0194536 0.00287821 0.161211 0.036793 -0.0322111 -0.00160948 -0.020677 0.00287821 0.0547656 -0.0113625 -0.00654958 -0.0155774 -0.0457412 -0.0691044 -0.0355991 0.0547656
internal_weight=10290 4504 5786 1065 689 3439 673 3463 2462 2332 458 905 2236 2323 1427 977 215 200 1243 1227 313 914 376 993 868 480 1782 541 583 345
internal_count=10081 4295 5786 856 490 3439 474 3463 2462 2332 370 905 2236 2323 1427 977 104 200 1243 1227 313 914 366 993 868 480 1782 541 583 335
is_linear=0
shrinkage=0.05


Tree=35
num_leaves=31
num_cat=0
split_feature=26 26 26 26 7 5 10 26 26 10 7 7 4 2 21 28 25 11 26 10 21 22 9 1 10 1 7 0 26 6
split_gain=4714.93 1321.46 829.302 238.933 220.228 201.801 198.568 161.749 156.514 153.885 95.9065 87.8102 85.8878 61.0052 56.6932 51.7351 50.7118 48.6908 48.0205 45.5794 41.2207 39.6371 34.8541 32.775 48.9152 36.9862 31.6451 24.757 24.5352 23.9744
threshold=16.250000000000004 11.150000095367433 22.500000000000004 8.1500000953674334 1022.8500061035157 -2.0149999856948848 0.98295000195503246 18.94999980926514 13.750000000000002 0.60354998707771312 1021.2500000000001 1021.1499938964845 -0.36500000953674311 1.544999957084656 12.34999990463257 69.500000000000014 19.94999980926514 -1.0000000180025095e-35 5.6499998569488534 -0.37939999997615809 13.84999990463257 4.0499999523162851 0.60354998707771312 80.500000000000014 -0.6035499870777129 56.500000000000007 1024.7500000000002 23.94999980926514 9.5500001907348651 627.50000000000011
decision_type=2 2 2 2 2 2 2 2 2 2 2 2 2 2 2 2 2 2 2 2 2 2 2 2 2 2 2 2 2 2
left_child=1 3 5 18 9 15 8 19 13 11 -9 16 -13 -3 -15 -2 -4 -17 -1 21 -21 -7 26 25 29 -5 -10 -20 -26 -25
right_child=2 6 4 23 -6 7 -8 10 22 -11 -12 12 -14 14 -16 17 -18 -19 27 20 -22 -23 -24 24 28 -27 -28 -29 -30 -31
leaf_value=-0.073519213436401054 0.021239761754071145 0.0065666584662461688 0.10551015429104432 -0.040652809756375891 0.07834495813508606 0.024231081770127078 -0.019296942836137417 0.058839510731440371 0.021239761754071145 0.07834495813508606 0.07834495813508606 0.1324466800285598 0.21672318673902946 -0.016570031237187165 -0.00055841561456261915 0.03389606034496092 0.14557016061831127 0.07834495813508606 -0.055027332227137918 0.021239761754071145 0.044948139426837806 0.058839510731440371 0.0065666584662461688 -0.019296942836137417 -0.042615273061541385 -0.019296942836137417 0.0065666584662461688 -0.042615273061541385 -0.031470400539730659 -0.042615273061541385
leaf_weight=292 301 318 158 222 59 83 211 279 957 101 220 59 62 937 1003 163 158 49 950 216 278 170 424 269 576 683 157 268 610 40
leaf_count=292 301 318 118 222 54 83 211 279 957 87 201 35 28 937 1003 163 82 49 950 216 278 170 424 269 576 683 157 268 610 40
internal_value=-0.000568152 -0.0190466 0.0615262 -0.039726 0.112446 0.0442442 0.00113214 0.0551807 0.00460535 0.126446 0.0772222 0.139409 0.17563 -0.00377379 -0.00768349 0.0212398 0.12554 0.0465524 -0.0553085 0.0404568 0.0316181 0.0577151 0.0169071 -0.029922 -0.0344681 -0.0224122 0.0212398 -0.0509427 -0.0391273 -0.0192969
internal_weight=10273 7917 2356 3910 597 1759 4007 1246 3796 538 499 437 121 2258 1940 513 316 212 1510 747 494 253 1538 2400 1495 905 1114 1218 1186 309
internal_count=10061 7917 2144 3910 404 1740 4007 1227 3796 350 480 263 63 2258 1940 513 200 212 1510 747 494 253 1538 2400 1495 905 1114 1218 1186 309
is_linear=0
shrinkage=0.05


Tree=36
num_leaves=31
num_cat=0
split_feature=26 26 26 26 5 10 26 23 26 10 6 10 2 21 8 28 8 26 11 10 2 21 1 12 12 0 8 5 17 25
split_gain=4237.91 1189.33 736.696 215.045 190.612 187.025 149.459 143.605 142.159 87.6897 80.5781 66.8568 61.8135 56.5088 51.7234 46.5931 44.8085 44.6781 44.6679 43.3535 38.4264 37.8571 36.8499 36.3451 39.9874 39.2756 26.7516 25.5885 23.0248 20.8784
threshold=16.250000000000004 11.150000095367433 22.500000000000004 8.1500000953674334 -2.0149999856948848 0.98295000195503246 18.94999980926514 76.500000000000014 14.34999990463257 -0.78654998540878285 982.50000000000011 0.60354998707771312 1.544999957084656 12.34999990463257 184.50000000000003 69.500000000000014 180.50000000000003 6.4500000476837167 -1.0000000180025095e-35 -0.37939999997615809 1.3199999928474428 13.84999990463257 68.500000000000014 0.81174999475479137 1.0000000180025095e-35 23.250000000000004 273.50000000000006 -2.254999995231628 0.1225000023841858 3.3500000238418584
decision_type=2 2 2 2 2 2 2 2 2 2 2 2 2 2 2 2 2 2 2 2 2 2 2 2 2 2 2 2 2 2
left_child=1 3 4 17 15 8 19 10 12 16 11 -4 -3 -14 -8 -2 -9 29 -17 22 -18 -21 -6 24 25 -5 -19 -10 -11 -1
right_child=2 5 7 23 6 -7 14 9 27 28 -12 -13 13 -15 -16 18 20 26 -20 21 -22 -23 -24 -25 -26 -27 -28 -29 -30 -31
leaf_value=-0.099718779631150084 0.020107022684686216 0.0088672210446403745 0.11637513147431472 -0.031605749163959057 0.024331393256619739 -0.018324545066392112 0.074153083037767312 0.23012502640485766 0.0088672210446403745 0.11637513147431472 0.074153083037767312 0.087916736442686869 -0.013554674926855552 0.0018240799727939775 0.056179728683935164 0.032225450113127628 0.19708713618191809 -0.052029881490222918 0.074153083037767312 0.020107022684686216 0.11637513147431472 0.042700732351371201 0.056179728683935164 -0.018324545066392112 -0.040446478152118742 -0.018324545066392112 -0.040446478152118742 0.020107022684686216 0.14392134798200507 -0.061644457555465354
leaf_weight=39 301 377 292 1097 91 211 296 32 295 37 11.999999999999998 108 1081 1225 203 163 22 760 49 216 18 278 162 279 642 382 242 818 76 469
leaf_count=39 301 377 201 1097 91 211 283 13 295 25 12 94 1081 1225 197 163 11 760 49 216 10 278 162 279 642 382 242 818 38 469
internal_value=-0.000568286 -0.0180871 0.0583011 -0.0377055 0.0420126 0.00105637 0.0526626 0.106294 0.00447174 0.142889 0.089861 0.10168 -0.00176032 -0.00521906 0.0738502 0.020107 0.186025 -0.0524885 0.0443439 0.0385092 0.150745 0.029889 0.0553408 -0.0284045 -0.0308868 -0.0263522 -0.0463646 0.0194948 0.116375 -0.0645675
internal_weight=10273 7917 2356 3910 1759 4007 1246 597 3796 185 412 400 2683 2306 499 513 72 1510 212 747 40 494 253 2400 2121 1479 1002 1113 113 508
internal_count=10061 7917 2144 3910 1740 4007 1227 404 3796 97 307 295 2683 2306 480 513 34 1510 212 747 21 494 253 2400 2121 1479 1002 1113 63 508
is_linear=0
shrinkage=0.05


Tree=37
num_leaves=31
num_cat=0
split_feature=26 26 26 7 26 5 10 7 10 26 18 8 7 4 7 26 12 11 20 26 9 11 12 10 6 9 1 3 8 8
split_gain=3794.52 1066.45 648.024 196.745 194.083 179.969 175.99 150.859 130.912 129.633 103.345 80.8357 73.6451 70.4965 54.9523 53.6352 45.3357 44.3349 42.2135 40.9934 40.2415 45.2553 33.6039 38.8685 70.0235 31.6641 31.6086 26.8527 24.9994 22.7759
threshold=16.250000000000004 11.150000095367433 22.500000000000004 1022.8500061035157 8.1500000953674334 -1.9350000023841856 0.98295000195503246 1021.6499938964845 0.60354998707771312 13.750000000000002 3.1499999761581425 740.50000000000011 1021.1499938964845 -0.36500000953674311 1021.3500061035157 18.44999980926514 -0.56175000965595234 -1.0000000180025095e-35 12.150000095367433 6.4500000476837167 -0.37939999997615809 1.0000000180025095e-35 0.81174999475479137 -0.6035499870777129 727.50000000000011 0.60354998707771312 80.500000000000014 38.500000000000007 273.50000000000006 291.50000000000006
decision_type=2 2 2 2 2 2 2 2 2 2 2 2 2 2 2 2 2 2 2 2 2 2 2 2 2 2 2 2 2 2
left_child=1 4 5 8 19 20 9 11 12 14 -9 17 18 -14 16 -12 -3 -7 -4 -1 21 -2 23 24 -6 27 -25 -11 -21 -16
right_child=2 6 3 -5 22 7 -8 10 -10 25 15 -13 13 -15 29 -17 -18 -19 -20 28 -22 -23 -24 26 -26 -27 -28 -29 -30 -31
leaf_value=-0.061339111779413126 0.027333379782555595 0.0051099225474867671 0.091402690216387056 0.070001552540100917 -0.017372446803226336 0.043841359134972224 -0.017372446803226336 0.018993299297048453 0.070001552540100917 0.0061251322302405681 0.045006163573315883 0.070001552540100917 0.1198687909013134 0.19622152962030903 0.0061251322302405681 0.070001552540100917 -0.013550312941630074 0.018993299297048453 0.1284979001251427 -0.049428387582302093 0.018993299297048453 0.070001552540100917 -0.017372446803226336 -0.022302678682931128 -0.038328873278248889 0.0061251322302405681 -0.038328873278248889 0.018993299297048453 -0.038328873278248889 -0.010240804776329228
leaf_weight=508 268 452 131 59 442 290 211 59 101 272 275 48 59 62 405 204 1163 338 185 760 207 70 279 415 240 424 1024 842 242 238
leaf_count=508 268 452 89 54 442 290 211 59 87 272 275 48 35 28 405 185 1163 338 111 760 207 70 279 415 240 424 1024 842 242 238
internal_value=-0.000570556 -0.0171476 0.0551342 0.100146 -0.0357249 0.0398574 0.00097998 0.0506374 0.113849 0.00434018 0.0700016 0.0349116 0.125821 0.158992 -0.00328554 0.0700016 -0.00832776 0.0294156 0.11312 -0.0497689 0.0189933 0.0367029 -0.0268888 -0.0292923 -0.0194604 0.0155358 -0.033952 0.0189933 -0.043903 0.00612513
internal_weight=10273 7917 2356 597 3910 1759 4007 1214 538 3796 538 676 437 121 2258 479 1615 628 316 1510 545 338 2400 2121 682 1538 1439 1114 1002 643
internal_count=10061 7917 2144 404 3910 1740 4007 1195 350 3796 519 676 263 63 2258 460 1615 628 200 1510 545 338 2400 2121 682 1538 1439 1114 1002 643
is_linear=0
shrinkage=0.05


Tree=38
num_leaves=31
num_cat=0
split_feature=26 26 26 7 26 5 10 7 10 26 18 8 7 4 3 28 25 26 11 11 5 26 9 9 7 12 12 10 10 17
split_gain=3412.96 956.962 571.836 184.447 175.906 173.069 165.858 142.685 119.623 118.583 94.1203 75.1418 66.4647 63.6231 53.4003 43.2822 42.4882 42.4736 40.273 39.5337 38.8912 74.544 36.2324 31.8602 31.7366 26.7026 32.2997 32.4202 26.3387 23.5653
threshold=16.250000000000004 11.150000095367433 22.500000000000004 1022.8500061035157 8.7500000000000018 -1.9350000023841856 0.98295000195503246 1021.6499938964845 0.60354998707771312 14.34999990463257 3.1499999761581425 740.50000000000011 1021.1499938964845 -0.36500000953674311 39.500000000000007 69.500000000000014 19.94999980926514 18.44999980926514 -1.0000000180025095e-35 -1.0000000180025095e-35 -0.49500000476837153 12.250000000000002 0.78654998540878307 0.78654998540878307 1020.4500122070314 0.81174999475479137 1.0000000180025095e-35 0.78654998540878307 -0.91595000028610218 0.1134999990463257
decision_type=2 2 2 2 2 2 2 2 2 2 2 2 2 2 2 2 2 2 2 2 2 2 2 2 2 2 2 2 2 2
left_child=1 4 5 8 14 15 9 11 12 20 -9 18 16 -14 24 -2 -4 -12 -7 -17 21 -3 -22 -16 28 26 27 -6 -1 -26
right_child=2 6 3 -5 25 7 -8 10 -10 -11 17 -13 13 -15 23 19 -18 -19 -20 -21 22 -23 -24 -25 29 -27 -28 -29 -30 -31
leaf_value=-0.03391614393712318 0.018044141600105989 -0.016444547470270073 0.089129677910027627 0.066285900412143467 -0.017466799768509938 0.041649291472156243 -0.016444547470270073 0.018044141600105989 0.066285900412143467 0.017970809025099201 0.042755855340510608 0.066285900412143467 0.1138753509117385 0.18641044368907331 -0.03391614393712318 0.029377113317445171 0.12579798504144332 0.066285900412143467 0.018044141600105989 0.066285900412143467 0.0082644452662202997 0.0020346238306355726 -0.012608283183822159 -0.049468925681717159 -0.13965558535174322 -0.016444547470270073 -0.03391614393712318 -0.03391614393712318 -0.057943401684852014 -0.05862354180392098
leaf_weight=120 320 604 158 59 998 290 211 59 101 1113 275 48 59 62 818 168 158 204 338 57 796 1066 217 431 19 232 520 221 534 17
leaf_count=120 320 604 118 54 998 290 211 59 87 1113 275 48 35 28 818 168 82 185 338 57 796 1066 217 431 19 232 520 221 534 17
internal_value=-0.00051004 -0.0162315 0.0523198 0.0946026 -0.0338293 0.0379692 0.000940251 0.0485669 0.108081 0.00424996 0.0662859 0.0332478 0.11953 0.151042 -0.0445218 0.0180441 0.107464 0.0662859 0.0278922 0.0407101 -0.00144192 -0.0061304 0.00628736 -0.0383545 -0.0556855 -0.0233105 -0.0260267 -0.0214648 -0.0531697 -0.10139
internal_weight=10273 7917 2356 597 3910 1759 4007 1214 538 3796 538 676 437 121 1939 545 316 479 628 225 2683 1670 1013 1249 690 1971 1739 1219 654 36
internal_count=10061 7917 2144 404 3910 1740 4007 1195 350 3796 519 676 263 63 1939 545 200 460 628 225 2683 1670 1013 1249 690 1971 1739 1219 654 36
is_linear=0
shrinkage=0.05


Tree=39
num_leaves=31
num_cat=0
split_feature=26 26 26 7 26 10 26 7 2 26 9 1 10 1 9 21 7 5 26 7 10 6 26 9 7 17 0 2 2 10
split_gain=3080.84 856.677 507.546 167.178 161.901 155.859 137.388 134.084 119.398 98.3714 71.0948 67.2597 49.4327 59.2909 48.1578 46.238 46.2079 48.7191 45.0958 43.0639 32.5622 30.3281 28.3027 30.1633 27.5016 26.8702 24.8016 21.1959 15.671 15.4872
threshold=16.250000000000004 11.150000095367433 21.150000572204593 1022.8500061035157 7.4500000476837167 0.98295000195503246 24.44999980926514 1022.7500000000001 1.544999957084656 12.750000000000002 -0.37939999997615809 71.500000000000014 -1.0000000180025095e-35 51.500000000000007 0.60354998707771312 8.0500001907348651 1021.1499938964845 -0.1950000002980232 9.1500000953674334 1021.1499938964845 -0.91595000028610218 397.50000000000006 5.1499998569488534 0.60354998707771312 1021.3500061035157 0.13650000095367434 23.250000000000004 3.1550000905990605 2.2649999856948857 -0.6035499870777129
decision_type=2 2 2 2 2 2 2 2 2 2 2 2 2 2 2 2 2 2 2 2 2 2 2 2 2 2 2 2 2 2
left_child=1 4 7 6 22 8 19 10 -3 24 12 -9 13 -2 -13 -11 25 -18 27 20 -4 -14 -1 -24 -10 -8 28 -6 -20 -16
right_child=2 5 3 -5 18 -7 16 11 9 15 -12 14 21 -15 29 -17 17 -19 26 -21 -22 -23 23 -25 -26 -27 -28 -29 -30 -31
leaf_value=-0.068945461107010872 0.017101053036867299 0.017101053036867299 0.092167990910482167 0.058522532725533205 -0.027070188032007992 -0.015665776360398748 0.093554077385574266 0.017101053036867299 -0.015665776360398748 -0.0024355520235588186 0.017101053036867299 0.058522532725533205 0.041484478079393261 0.058522532725533205 0.058522532725533205 0.0085057593131175092 0.093195253099714007 0.16434102687355762 -0.020383297733559878 0.092167990910482167 0.058522532725533205 0.017101053036867299 -0.037435375510698948 -0.055683413675368422 -0.0024355520235588186 0.12917622456679476 -0.015665776360398748 -0.037435375510698948 -0.027070188032007992 0.019876099662936256
leaf_weight=151 39 594 21 102 463 211 186 66 870 166 456 269 183 198 22 1849 35 77 521 78 185 250 494 404 317 74 507 717 653 115
leaf_count=151 39 594 14 91 463 211 112 66 870 166 456 262 183 198 22 1849 21 39 521 66 173 250 494 404 317 37 507 717 653 115
internal_value=-0.000527257 -0.0154642 0.0496664 0.083362 -0.0321144 0.000782894 0.0952655 0.0336831 0.00403815 -8.95344e-05 0.0243059 0.0560532 0.0358765 0.0542339 0.0585225 0.00663685 0.115259 0.142108 -0.0259537 0.0690774 0.0585225 0.0258287 -0.0489171 -0.0455493 -0.011508 0.103693 -0.0206943 -0.0334461 -0.0251008 0.0273601
internal_weight=10273 7917 2356 758 3910 4007 656 1598 3796 3202 1126 472 670 237 406 2015 372 112 2861 284 206 433 1049 898 1187 260 1681 1180 1174 137
internal_count=10061 7917 2144 553 3910 4007 462 1591 3796 3202 1126 465 670 237 399 2015 209 60 2861 253 187 433 1049 898 1187 149 1681 1180 1174 137
is_linear=0
shrinkage=0.05


Tree=40
num_leaves=31
num_cat=0
split_feature=25 25 25 18 5 7 23 7 25 12 7 8 25 7 8 5 10 7 9 7 28 7 9 10 25 9 10 10 10 3
split_gain=2279.58 708.567 540.353 340.704 257.039 125.47 135.908 116.432 97.6523 96.7643 65.8994 64.3325 72.7206 58.6682 55.2695 48.5225 48.4095 42.2518 42.0341 41.7504 41.7283 61.1096 39.9995 38.312 35.3212 33.7295 32.3389 30.8055 26.8146 23.6555
threshold=11.550000190734865 7.8500001430511483 14.84999990463257 22.150000572204593 -0.35500000417232508 1021.4500122070314 58.500000000000007 1022.3500061035157 6.0499999523162851 1.0000000180025095e-35 1022.7500000000001 273.50000000000006 9.3499999046325701 1024.549987792969 710.50000000000011 -0.1950000002980232 -0.78654998540878285 1020.4500122070314 -0.37939999997615809 1021.7500000000001 55.500000000000007 1019.9500122070314 -0.91595000028610218 0.98295000195503246 22.35000038146973 0.60354998707771312 -0.91595000028610218 -0.98295000195503224 -0.37939999997615809 26.500000000000004
decision_type=2 2 2 2 2 2 2 2 2 2 2 2 2 2 2 2 2 2 2 2 2 2 2 2 2 2 2 2 2 2
left_child=1 8 7 4 24 6 18 14 20 19 -11 23 -13 -9 22 -15 -8 -18 -3 -6 21 28 -2 -7 -4 29 -17 -23 -1 -10
right_child=2 5 3 -5 9 11 16 13 25 10 -12 12 -14 15 -16 26 17 -19 -20 -21 -22 27 -24 -25 -26 -27 -28 -29 -30 -31
leaf_value=-0.045397031632756941 0.036970237817961812 -0.00696484812660209 0.043559798676246937 0.25284184316794078 0.05029572594396528 0.011808442764208464 0.011808442764208464 0.043559798676246937 -0.03352556279115379 0.11015902216860791 0.043559798676246937 -0.01755539979306734 0.011808442764208464 0.011808442764208464 0.043559798676246937 0.043559798676246937 -0.0059657686855643993 0.011808442764208464 -0.01755539979306734 0.10471887276931242 -0.035955200205797504 -0.17934388564183162 0.011808442764208464 -0.01755539979306734 0.099031964242458359 -0.034133940925887063 0.011808442764208464 -0.083049751105515865 -0.063987846813839053 -0.01755539979306734
leaf_weight=284 172 324 444 24 177 990 266 238 300 302 18 186 114 110 94 29 1015 123 1308 44 536 12.999999999999998 907 88 40 890 59 23 232 919
leaf_count=284 172 324 409 17 177 990 266 238 300 173 12 186 114 110 94 29 1015 123 1308 32 536 13 907 88 20 890 59 23 232 919
internal_value=-0.00116255 -0.0150842 0.0387011 0.0666215 0.0622612 -0.00210058 -0.00777992 0.0204981 -0.0330102 0.0865764 0.10415 0.0104121 -0.0115381 0.0425596 0.012298 0.0163025 0.0036257 -0.00193768 -0.0175554 0.0611311 -0.0451767 -0.0548389 0.0118084 0.0118084 0.0435598 -0.0267337 0.0435598 -0.117823 -0.0504446 -0.0213308
internal_weight=10269 7611 2658 1049 1025 4414 3036 1609 3197 541 320 1378 300 436 1173 198 1404 1138 1632 221 1088 552 1079 1078 484 2109 88 36 516 1219
internal_count=10060 7611 2449 840 823 4414 3036 1609 3197 394 185 1378 300 436 1173 198 1404 1138 1632 209 1088 552 1079 1078 429 2109 88 36 516 1219
is_linear=0
shrinkage=0.05


Tree=41
num_leaves=31
num_cat=0
split_feature=26 26 26 18 5 26 26 10 26 7 6 1 1 20 5 5 8 4 17 11 25 4 1 7 25 3 7 10 18 4
split_gain=2427.47 557.237 541.441 493.847 157.011 117.393 104.486 90.6663 90.5668 57.7571 56.7996 55.1205 53.9975 44.8028 41.2483 40.1299 37.1399 36.9373 71.2562 36.2514 36.0092 32.1636 31.9129 26.2168 26.1507 20.603 29.5079 20.6343 20.2115 16.7205
threshold=15.449999809265138 10.050000190734865 19.750000000000004 22.150000572204593 -0.35500000417232508 27.400000572204593 12.250000000000002 0.98295000195503246 6.8500001430511483 1023.0499877929689 457.50000000000006 71.500000000000014 78.500000000000014 6.1499998569488534 0.64499998092651378 -0.68500000238418568 13.500000000000002 -1.4850000143051145 0.1225000023841858 -0.60784998536109913 12.150000095367433 1.9149999618530276 73.500000000000014 1021.1499938964845 7.6499998569488534 32.500000000000007 1020.4500122070314 -0.98295000195503224 2.1499999761581425 -2.6550000905990596
decision_type=2 2 2 2 2 2 2 2 2 2 2 2 2 2 2 2 2 2 2 2 2 2 2 2 2 2 2 2 2 2
left_child=1 8 7 4 17 19 15 9 25 10 16 -11 13 -8 -7 29 -2 18 -4 -6 23 -17 -12 -14 -10 26 27 -1 -13 -3
right_child=2 6 3 -5 5 14 12 -9 24 11 22 28 20 -15 -16 21 -18 -19 -20 -21 -22 -23 -24 -25 -26 -27 -28 -29 -30 -31
leaf_value=-0.037777294541771589 0.023897878112405319 -0.0059490231758065198 0.044043422343215177 0.36155521529061452 0.084292980568943091 0.10009926919426237 -0.0059490231758065198 0.010782534097267751 -0.030260479229905858 0.010782534097267751 0.021257686603938522 0.010782534097267751 -0.0059490231758065198 0.010782534097267751 0.15767176494002344 -0.0059490231758065198 0.044043422343215177 0.044043422343215177 0.10505714796875652 0.054052283637319433 0.010782534097267751 -0.018703529173446198 0.010782534097267751 0.0024167554607306151 -0.018703529173446198 -0.039934823177660089 -0.11894970917039448 -0.058596462221269068 0.044043422343215177 -0.018703529173446198
leaf_weight=31 473 201 72 13.999999999999998 154 140 118 123 1902 62 383 14.999999999999998 742 905 40 613 181 270 76 278 156 142 244 577 403 393 18 303 356 884
leaf_count=31 473 201 72 7 119 70 118 123 1902 62 383 15 742 905 17 613 181 231 60 259 156 142 244 577 403 393 18 303 356 884
internal_value=-0.00109168 -0.0162723 0.0378374 0.0665901 0.0625809 0.078968 -0.00475821 0.0214968 -0.0326489 0.0267599 0.0214236 0.0425468 0.00190168 0.0107288 0.112893 -0.0137997 0.0317328 0.0440434 0.0706515 0.0648325 -0.00422045 -0.00594902 0.0107825 -0.00594902 -0.0277505 -0.0478041 -0.0565899 -0.0532292 0.0440434 -0.0187035
internal_weight=10269 7388 2881 1044 1030 612 4338 1837 3050 1714 1281 433 2498 1023 180 1840 654 418 148 432 1475 755 627 1319 2305 745 352 334 371 1085
internal_count=10060 7388 2672 835 828 465 4338 1837 3050 1714 1281 433 2498 1023 87 1840 654 363 132 378 1475 755 627 1319 2305 745 352 334 371 1085
is_linear=0
shrinkage=0.05


Tree=42
num_leaves=31
num_cat=0
split_feature=26 26 18 26 7 26 10 7 6 9 10 26 9 3 4 7 8 5 24 1 24 10 20 1 6 28 10 26 7 26
split_gain=2170.03 699.053 446.752 338.836 159.464 204.87 112.082 88.0888 76.2395 115.127 70.0924 65.4894 53.1518 50.3525 40.1867 38.4761 32.4208 29.273 41.5199 27.5398 27.1017 25.6465 31.1239 23.3565 26.6454 22.3972 21.0101 18.1097 15.4165 13.4958
threshold=13.750000000000002 19.750000000000004 22.150000572204593 9.1500000953674334 1022.8500061035157 24.44999980926514 0.98295000195503246 1021.2500000000001 457.50000000000006 0.60354998707771312 0.98295000195503246 12.250000000000002 -0.78654998540878285 39.500000000000007 1.2450000047683718 1020.4500122070314 674.50000000000011 -0.55500000715255726 320.41499328613287 80.500000000000014 307.08500671386724 -0.91595000028610218 4.1499998569488534 89.500000000000014 1122.5000000000002 42.500000000000007 -0.98295000195503224 6.9500000476837167 1013.5499877929689 6.6499998569488534
decision_type=2 2 2 2 2 2 2 2 2 2 2 2 2 2 2 2 2 2 2 2 2 2 2 2 2 2 2 2 2 2
left_child=3 6 4 13 5 7 8 -3 9 20 11 17 -10 15 -7 21 -14 25 -19 -13 -2 22 -1 24 28 -5 -25 -23 -15 -28
right_child=1 2 -4 10 -6 14 -8 -9 12 -11 -12 19 16 23 -16 -17 -18 18 -20 -21 -22 27 -24 26 -26 -27 29 -29 -30 -31
leaf_value=-0.090607775660122153 0.039106860605146676 0.039106860605146676 0.3434774398803711 -0.022932445728934006 0.039106860605146676 0.091724026922662683 0.0042016818195258305 0.073833528016325325 0.01930219426365452 0.01930219426365452 -0.022932445728934006 0.0042016818195258305 0.0042016818195258305 -0.039244215890197803 0.13924499975983054 -0.09389899052106418 0.01930219426365452 -0.0066662851976023564 -0.019300308257685632 -0.0066662851976023564 0.028019068660013274 -0.056820867118510338 -0.022932445728934006 -0.094804053194820881 -0.055555986051461594 -0.012627474124068287 -0.050574208989622088 -0.03914070670048591 -0.022932445728934006 -0.03160292351118929
leaf_weight=17 265 391 13.999999999999998 626 172 308 168 107 489 566 180 670 761 99 52 39 112 412 652 660 571 275 121 15.999999999999998 67 865 127 306 803 358
leaf_count=17 265 371 7 626 161 177 168 93 489 566 180 670 761 99 26 39 112 412 652 660 571 275 121 16 67 865 127 306 803 358
internal_value=-0.00112165 0.0277948 0.0629293 -0.0193914 0.059116 0.069852 0.0152844 0.0490789 0.0194224 0.0276071 -0.010802 -0.00882326 0.0109973 -0.0350629 0.0985882 -0.0455305 0.00420168 -0.013507 -0.00717154 0.000174405 0.0391069 -0.0429069 -0.0235307 -0.0296653 -0.0251335 -0.018028 -0.0384304 -0.0475091 -0.0229324 -0.0365707
internal_weight=10269 3976 1044 6293 1030 858 2932 498 2764 1402 4065 3885 1362 2228 360 758 873 2555 1064 1330 836 719 138 1470 969 1491 501 581 902 485
internal_count=10060 3767 835 6293 828 667 2932 464 2764 1402 4065 3885 1362 2228 203 758 873 2555 1064 1330 836 719 138 1470 969 1491 501 581 902 485
is_linear=0
shrinkage=0.05


Tree=43
num_leaves=31
num_cat=0
split_feature=26 26 26 18 5 26 26 10 10 2 21 26 7 6 1 9 5 2 11 1 25 1 26 9 1 9 3 28 15 28
split_gain=1959.32 450.109 432.348 403.849 140.718 97.9731 97.9475 82.3934 82.2272 60.0572 57.8957 60.3225 53.9269 49.6986 47.4237 37.5219 36.6685 31.2853 30.0455 28.9269 28.4891 27.0609 24.6449 25.3742 21.545 16.3607 11.5757 10.3828 9.20245 7.61593
threshold=15.449999809265138 10.84999990463257 19.750000000000004 22.150000572204593 -0.35500000417232508 27.400000572204593 7.4500000476837167 0.98295000195503246 0.98295000195503246 1.544999957084656 8.0500001907348651 12.750000000000002 1023.0499877929689 457.50000000000006 71.500000000000014 0.78654998540878307 0.64499998092651378 2.0699999332427983 -0.60784998536109913 73.500000000000014 22.35000038146973 80.500000000000014 5.0499999523162851 0.78654998540878307 56.500000000000007 0.78654998540878307 32.500000000000007 56.500000000000007 1.7099999785423281 61.500000000000007
decision_type=2 2 2 2 2 2 2 2 2 2 2 2 2 2 2 2 2 2 2 2 2 2 2 2 2 2 2 2 2 2
left_child=1 6 8 4 20 18 22 9 12 -3 -11 -12 13 15 29 -2 -7 -8 -6 -15 -4 24 27 26 -19 -16 -24 -1 -23 -14
right_child=2 7 3 -5 5 16 17 -9 -10 10 11 -13 14 19 25 -17 -18 21 -20 -21 -22 28 23 -25 -26 -27 -28 -29 -30 -31
leaf_value=-0.07515079710752734 0.037194970418968222 0.0095666143357931287 0.039418765023684056 0.32630357742309574 0.076381724035101281 0.090508103988000327 -0.014806693259363147 -0.014806693259363147 0.0095666143357931287 -0.014806693259363147 -0.0076133027471419453 0.0032896185661362171 0.0095666143357931287 0.019242097117953813 0.039418765023684056 0.019242097117953813 0.14479046940803528 -0.030929262648662633 0.048850935708945824 0.0095666143357931287 0.086376788467168814 -0.030929262648662633 -0.042218783937329266 -0.048656612218239692 -0.020047063532622925 0.013278934076273195 -0.030929262648662633 -0.048656612218239692 -0.020972693486982566 0.039418765023684056
leaf_weight=62 481 512 378 13.999999999999998 154 140 691 171 123 286 1247 1498 30 383 275 173 40 197 278 244 40 840 228 303 648 96 403 69 233 32
leaf_count=62 481 512 343 7 119 70 691 171 123 286 1247 1498 30 383 275 173 17 197 259 244 20 840 228 303 648 96 403 69 233 32
internal_value=-0.00110135 -0.0147399 0.0338731 0.0595664 0.0559408 0.0715786 -0.0271483 -0.00246509 0.0192712 -4.84829e-05 -0.00298738 -0.000419912 0.0244283 0.0192715 0.0394188 0.0289176 0.102571 -0.0219323 0.0586652 0.00956661 0.0394188 -0.0252874 -0.0399262 -0.0370777 -0.0200471 0.0394188 -0.0313655 -0.0602356 -0.0306366 0.00956661
internal_weight=10269 7388 2881 1044 1030 612 3674 3714 1837 3543 3031 2745 1714 1281 433 654 180 2609 432 627 418 1918 1065 934 845 371 631 131 1073 62
internal_count=10060 7388 2672 835 828 465 3674 3714 1837 3543 3031 2745 1714 1281 433 654 87 2609 378 627 363 1918 1065 934 845 371 631 131 1073 62
is_linear=0
shrinkage=0.05


Tree=44
num_leaves=31
num_cat=0
split_feature=26 26 26 7 3 7 26 25 26 23 7 5 1 26 5 10 3 2 4 27 26 26 9 9 5 28 4 1 3 12
split_gain=1748.17 487.956 302.02 162.608 126.994 110.592 87.8546 84.1608 80.948 68.3405 62.7206 61.1295 55.338 44.5548 42.1569 36.0934 44.7117 29.2714 25.4724 23.1999 22.485 22.4064 24.521 21.2746 17.0227 13.4458 11.6729 9.63 9.39691 7.73625
threshold=16.250000000000004 10.84999990463257 20.650000572204593 1022.7500000000001 25.500000000000004 1022.7500000000001 7.4500000476837167 19.250000000000004 13.650000095367433 88.500000000000014 1021.1499938964845 0.64499998092651378 70.500000000000014 23.94999980926514 -1.5349999666213987 -0.78654998540878285 184.50000000000003 1.794999957084656 -2.445000052452087 18.849999427795414 8.9499998092651385 5.1499998569488534 0.78654998540878307 0.60354998707771312 -0.74500000476837147 76.500000000000014 0.38499999046325689 81.500000000000014 32.500000000000007 0.81174999475479137
decision_type=2 2 2 2 2 2 2 2 2 2 2 2 2 2 2 2 2 2 2 2 2 2 2 2 2 2 2 2 2 2
left_child=1 6 5 7 14 9 21 10 15 18 13 19 -7 -4 -3 26 -17 -8 25 -9 -19 -1 28 -10 -11 -2 -6 -22 -23 -12
right_child=2 4 3 -5 8 12 17 11 23 24 29 -13 -14 -15 -16 16 -18 20 -20 -21 27 22 -24 -25 -26 -27 -28 -29 -30 -31
leaf_value=-0.055594974682715383 0.0121151619097511 -0.013265436868839112 0.042106675478485775 0.042106675478485775 -0.013265436868839112 0.0121151619097511 -0.013265436868839112 0.079633862221682519 0.0121151619097511 0.027110918694118438 0.077949293868594602 0.16573234370776588 0.042106675478485775 0.07486952723817783 0.0121151619097511 0.0018832947633857561 -0.013265436868839112 -0.029299767271643812 0.0121151619097511 0.11793361473083497 -0.018443034339690561 -0.039641060615805065 -0.045228188334218704 0.0045832435592889275 0.042106675478485775 0.027110918694118438 0.0045832435592889275 -0.024200500792242341 -0.029299767271643812 0.042106675478485775
leaf_weight=152 47 689 198 140 145 67 553 189 1021 57 95 28 392 111 83 830 857 878 716 50 630 220 303 418 94 156 188 548 390 24
leaf_count=152 47 689 197 128 145 67 553 98 1021 57 76 11 385 74 83 830 857 878 716 25 630 220 303 418 94 156 188 548 390 24
internal_value=-0.00110635 -0.0123879 0.0366183 0.0608021 -0.000811973 0.0234113 -0.0257189 0.073806 0.00351215 0.0145777 0.0600634 0.0958352 0.0421067 0.0471183 -0.0132654 -0.00294867 -0.00643562 -0.020779 0.0121152 0.0876464 -0.0236206 -0.0378206 -0.0348614 0.0121152 0.0421067 0.0271109 0.00458324 -0.0191012 -0.0292998 0.0779493
internal_weight=10269 7905 2364 835 4231 1529 3674 695 3459 1070 428 267 459 309 772 2020 1687 2609 919 239 2056 1065 913 1439 151 203 333 1178 610 119
internal_count=10060 7905 2155 633 4231 1522 3674 505 3459 1070 371 134 452 271 772 2020 1687 2609 919 123 2056 1065 913 1439 151 203 333 1178 610 100
is_linear=0
shrinkage=0.05


Tree=45
num_leaves=31
num_cat=0
split_feature=25 25 5 25 22 25 9 5 7 29 25 8 10 1 7 3 7 1 10 1 9 1 29 7 1 25 17 23 7 10
split_gain=1322.4 397.181 394.432 306.291 203.282 148.927 127.22 98.3542 93.9061 76.5368 69.1347 62.7872 47.5865 44.1841 39.7852 35.2746 32.4355 31.8841 51.1885 31.5062 30.1721 28.6903 25.7935 24.5417 23.1072 21.4858 15.7848 11.3902 10.8716 11.0489
threshold=10.949999809265138 7.8500001430511483 -1.9350000023841856 14.84999990463257 22.150000572204593 21.050000190734867 0.60354998707771312 -0.49500000476837153 1021.6499938964845 28.500000000000004 6.0499999523162851 1.0000000180025095e-35 -0.98295000195503224 70.500000000000014 1026.850036621094 328.50000000000006 1014.6499938964845 86.500000000000014 -0.98295000195503224 68.500000000000014 0.60354998707771312 49.500000000000007 4.5499999523162851 1023.4500122070314 64.500000000000014 3.3500000238418584 0.093499999493360533 36.500000000000007 1022.9500122070314 -0.6035499870777129
decision_type=2 2 2 2 2 2 2 2 2 2 2 2 2 2 2 2 2 2 2 2 2 2 2 2 2 2 2 2 2 2
left_child=1 10 9 6 5 15 8 11 13 -2 17 23 -13 -4 16 -5 -9 25 -19 -7 24 -14 -10 -3 -12 -1 -27 -20 29 -22
right_child=2 7 3 4 -6 19 -8 14 22 -11 20 12 21 -15 -16 -17 -18 18 27 -21 28 -23 -24 -25 -26 26 -28 -29 -30 -31
leaf_value=-0.074526296377182014 0.0070292708005883046 -0.013769988850900078 0.037138242252465141 0.042356074222704709 0.20500997478763261 0.068672053028313182 0.0070292708005883046 -0.013769988850900078 0.0070292708005883046 0.10051115540967835 -0.027976740204109146 -0.013769988850900078 -0.013769988850900078 0.009255058134119188 -0.013769988850900078 0.068672053028313182 0.0070292708005883046 -0.14017871533121382 -0.049073265155480397 0.1037258532946695 -0.013769988850900078 0.0061643561875340449 0.042356074222704709 0.0070292708005883046 -0.013769988850900078 -0.051251518290645587 -0.027976740204109146 -0.032028865152479789 -0.013769988850900078 -0.027976740204109146
leaf_weight=25 864 939 228 572 24 57 358 78 30 31 296 79 179 377 14.999999999999998 53 1538 13.999999999999998 276 167 114 1034 305 98 917 57 589 152 51 743
leaf_count=25 863 939 228 502 17 29 358 78 30 18 296 79 179 377 15 47 1538 14 276 80 114 1034 305 98 917 57 589 152 51 743
internal_value=-0.000859618 -0.0125783 0.0266368 0.038607 0.0615071 0.0574505 0.023205 -0.0019613 0.0334803 0.00702927 -0.0255787 -0.00855956 -0.000715057 0.0197631 0.00702927 0.0449137 0.00702927 -0.0356705 -0.0460975 0.0924304 -0.020283 0.00295147 0.0423561 -0.01377 -0.0151234 -0.0288021 -0.0279767 -0.0430201 -0.0271757 -0.0279767
internal_weight=10260 7194 3066 2171 873 849 1298 3960 940 895 3234 2329 1292 605 1631 625 1616 1113 442 224 2121 1213 335 1037 1213 671 646 428 908 857
internal_count=10048 7194 2854 1973 675 658 1298 3960 940 881 3234 2329 1292 605 1631 549 1616 1113 442 109 2121 1213 335 1037 1213 671 646 428 908 857
is_linear=0
shrinkage=0.05


Tree=46
num_leaves=31
num_cat=0
split_feature=26 26 26 7 3 9 26 7 25 8 9 9 10 3 6 23 29 1 14 21 5 25 7 1 10 7 18 5 17 11
split_gain=1456.1 411.365 242.41 124.473 107.948 100.576 100.009 98.5976 82.8023 81.4161 57.8421 54.8805 49.1271 45.0278 44.4369 39.8875 36.9834 34.3206 31.6199 29.4476 28.9378 24.9378 23.4428 23.2729 21.991 24.3507 21.7996 17.6679 13.9736 12.0565
threshold=16.250000000000004 11.250000000000002 20.650000572204593 1022.8500061035157 25.500000000000004 1.0000000180025095e-35 8.2500000000000018 1021.1499938964845 19.250000000000004 713.50000000000011 0.78654998540878307 0.78654998540878307 0.98295000195503246 200.50000000000003 1002.5000000000001 76.500000000000014 11.449999809265138 80.500000000000014 33.000000000000007 23.94999980926514 -1.5349999666213987 3.6499999761581425 1019.2500000000001 57.500000000000007 -0.6035499870777129 1018.8500061035157 3.4500000476837163 -0.74500000476837147 0.11950000002980234 -0.60784998536109913
decision_type=2 2 2 2 2 2 2 2 2 2 2 2 2 2 2 2 2 2 2 2 2 2 2 2 2 2 2 2 2 2
left_child=1 6 5 7 20 9 21 8 19 18 -7 12 14 -13 -6 16 -9 23 -2 -4 -3 -1 -19 -8 25 -23 -17 -10 -12 -26
right_child=2 4 3 -5 11 10 17 15 27 -11 28 13 -14 -15 -16 26 -18 22 -20 -21 -22 24 -24 -25 29 -27 -28 -29 -30 -31
leaf_value=-0.06021554585297903 0.034792321734871533 -0.01099732292202639 0.038504630600979806 0.038504630600979806 0.011309507983077054 0.038504630600979806 -0.024003319771836371 0.054144636812784225 0.10378197090966362 0.038504630600979806 0.011309507983077054 0.011309507983077054 -0.01099732292202639 -0.01099732292202639 -0.0094058409991407566 0.10522368157773113 0.10444420217713224 -0.024003319771836371 0.011309507983077054 0.05935059069765887 0.011309507983077054 -0.024003319771836371 -0.011541634995021623 -0.01099732292202639 -0.045258854267755486 -0.040368045081834829 0.15586911746433804 0.070339957313306306 0.037789520993828776 -0.032197521844656511
leaf_weight=75 161 606 268 135 2237 263 263 68 56 88 140 123 116 465 283 26 79 982 801 38 83 397 461 696 241 228 35 134 50 662
leaf_count=75 161 606 237 122 2237 256 263 63 31 88 140 123 116 465 283 13 55 982 801 32 83 397 461 696 241 228 14 67 50 662
internal_value=-0.000885551 -0.0111298 0.0337488 0.0552791 0.00040006 0.0217302 -0.0223947 0.0663858 0.0542685 0.0131621 0.0385046 0.0045387 0.00761974 -0.00927358 0.00928288 0.095281 0.0811764 -0.0159401 0.0113095 0.0385046 -0.0109973 -0.0320665 -0.0210037 -0.0109973 -0.0306849 -0.0240033 0.129271 0.0801966 0.0113095 -0.0356834
internal_weight=10260 7918 2342 839 3913 1503 4005 704 496 1050 453 3224 2636 588 2520 208 147 2402 962 306 689 1603 1443 959 1528 625 61 190 190 903
internal_count=10048 7918 2130 634 3913 1496 4005 512 367 1050 446 3224 2636 588 2520 145 118 2402 962 269 689 1603 1443 959 1528 625 27 98 190 903
is_linear=0
shrinkage=0.05


Tree=47
num_leaves=31
num_cat=0
split_feature=26 26 26 10 26 7 7 7 8 25 24 1 1 2 21 26 21 24 1 10 7 11 25 8 9 10 9 7 10 20
split_gain=1307.25 363.241 212.827 132.632 138.36 116.136 96.185 89.0607 76.306 75.2802 44.4591 44.3965 44.3355 39.4621 36.9199 30.8457 27.8775 23.5778 22.1339 18.998 24.4668 17.9835 16.3454 16.3531 16.3006 15.5203 10.5091 6.72811 6.30049 5.91314
threshold=16.250000000000004 9.1500000953674334 20.650000572204593 0.98295000195503246 12.84999990463257 1022.8500061035157 1022.7500000000001 1021.1499938964845 710.50000000000011 19.250000000000004 342.08500671386724 82.500000000000014 71.500000000000014 1.544999957084656 8.0500001907348651 6.8500001430511483 23.94999980926514 75.415000915527358 79.500000000000014 -0.37939999997615809 1020.6499938964845 0.60784998536109935 3.3500000238418584 129.50000000000003 0.60354998707771312 -0.98295000195503224 0.78654998540878307 1019.4500122070314 -0.6035499870777129 4.5499999523162851
decision_type=2 2 2 2 2 2 2 2 2 2 2 2 2 2 2 2 2 2 2 2 2 2 2 2 2 2 2 2 2 2
left_child=1 15 6 4 13 7 8 9 17 16 11 -9 -8 -3 -6 22 -4 26 -15 20 29 -12 -1 28 -16 -11 -2 -21 -24 -17
right_child=2 3 5 -5 14 -7 12 10 -10 25 21 -13 -14 18 24 19 -18 -19 -20 27 -22 -23 23 -25 -26 -27 -28 -29 -30 -31
leaf_value=-0.064990888966454399 0.03639494970013326 -0.00013681951970965294 0.03639494970013326 -0.015653952673958117 -0.00013681951970965294 0.03639494970013326 0.010677334206802542 0.14452774483783573 0.03639494970013326 0.12331249415874482 0.040528100421850351 0.0849747559722559 0.03639494970013326 -0.0062558398696253145 0.010677334206802542 -0.029577934146654342 0.056290835888977347 0.010677334206802542 -0.015572610737442791 -0.029577934146654342 -0.029577934146654342 0.083981267028719206 -0.032248419688367252 -0.029577934146654342 0.0051973253646514939 0.071853317748541132 0.023536141953467902 -0.019485014650272206 -0.045185529123893009 -0.015653952673958117
leaf_weight=45 34 492 268 272 184 135 64 51 89 15.999999999999998 47 81 389 1268 1636 34 38 878 1282 682 165 29 141 284 519 174 49 180 283 451
leaf_count=45 34 492 237 272 184 122 64 24 89 8 40 57 382 1268 1636 34 32 878 1282 682 165 24 141 284 519 90 49 180 283 451
internal_value=-0.000877586 -0.0105841 0.0319387 -0.00380523 -0.00119333 0.0521126 0.0206773 0.0629813 0.0122571 0.0514649 0.0904435 0.107984 0.0363949 -0.00822373 0.00795009 -0.0275027 0.0363949 0.0106773 -0.0109398 -0.023385 -0.0169307 0.0599787 -0.0357709 -0.0339137 0.0105315 0.0761867 0.0363949 -0.0282519 -0.0408833 -0.015654
internal_weight=10260 7918 2342 5653 5381 839 1503 704 1050 496 208 132 453 3042 2339 2265 306 961 2550 1512 650 76 753 708 2155 190 83 862 424 485
internal_count=10048 7918 2130 5653 5381 634 1496 512 1050 367 145 81 446 3042 2339 2265 269 961 2550 1512 650 64 753 708 2155 98 83 862 424 485
is_linear=0
shrinkage=0.05


Tree=48
num_leaves=31
num_cat=0
split_feature=26 26 5 26 22 25 3 26 9 10 3 5 5 6 23 23 24 22 21 3 1 1 11 9 10 5 25 1 0 26
split_gain=1176.03 327.487 203.327 172.615 288.973 103.669 99.0037 81.1863 59.4055 48.9746 47.9197 39.3427 37.6753 32.4327 32.2697 29.5234 123.57 28.514 27.6502 26.8841 25.5381 25.1053 19.0418 18.8845 18.7721 17.7312 14.4635 13.0814 13.0693 9.58121
threshold=16.250000000000004 11.250000000000002 -1.6050000190734861 18.94999980926514 22.150000572204593 21.050000190734867 39.500000000000007 8.7500000000000018 0.60354998707771312 0.98295000195503246 200.50000000000003 -0.10500000044703482 -1.5349999666213987 1002.5000000000001 88.500000000000014 62.500000000000007 126.25000000000001 9.5500001907348651 13.84999990463257 39.500000000000007 68.500000000000014 80.500000000000014 -1.0000000180025095e-35 0.78654998540878307 -0.37939999997615809 5.1949999332427987 3.6499999761581425 57.500000000000007 25.94999980926514 6.8500001430511483
decision_type=2 2 2 2 2 2 2 2 2 2 2 2 2 2 2 2 2 2 2 2 2 2 2 2 2 2 2 2 2 2
left_child=1 7 15 14 5 11 12 19 9 13 -10 -5 -3 -8 18 -2 -17 22 -4 26 -7 27 -18 25 -23 -21 -1 -9 -28 -25
right_child=2 6 3 4 -6 20 8 21 10 -11 -12 -13 -14 -15 -16 16 17 -19 -20 23 -22 24 -24 29 -26 -27 28 -29 -30 -31
leaf_value=-0.059206036041522851 0.010070610018803744 -0.0099773478601895178 0.010070610018803744 0.036257147639909212 0.26354294940829276 0.059919222977623712 0.010070610018803744 -0.020233693490523459 0.010070610018803744 -0.0099773478601895178 -0.0099773478601895178 0.051975435842841602 0.010070610018803744 -0.0091594356581964336 0.036257147639909212 0.13732682673827462 0.017751052108793682 0.077538939423534153 0.02594846928682373 -0.020233693490523459 0.089649598300457004 -0.0099773478601895178 0.042852190059299272 -0.044590955513102992 -0.020233693490523459 -0.041057266388088466 -0.036432790976461203 -0.0099773478601895178 -0.020233693490523459 -0.027471130479643974
leaf_weight=58 344 838 304 309 15.999999999999998 57 1825 235 154 114 646 456 110 226 46 23 214 17 305 726 167 287 84 107 894 108 525 611 108 346
leaf_count=58 344 838 304 290 9 29 1825 235 154 114 646 399 110 226 46 15 208 17 305 726 80 287 84 107 894 108 525 611 108 346
internal_value=-0.000889064 -0.0100955 0.0302367 0.0397348 0.0527513 0.0493411 0.000191894 -0.0201466 0.00485353 0.00915569 -0.0067892 0.0405814 -0.00997735 0.0100706 0.019763 0.0100706 0.0254315 0.0177511 0.0156398 -0.0273531 0.0792571 -0.0131143 0.0177511 -0.0230818 -0.018346 -0.0202337 -0.0353084 -0.00997735 -0.0331187 -0.0315149
internal_weight=10260 7918 2342 1660 1005 989 3913 4005 2965 2165 800 765 948 2051 655 682 338 315 609 1978 224 2027 298 1287 1181 834 691 846 633 453
internal_count=10048 7918 2130 1462 807 798 3913 4005 2965 2165 800 689 948 2051 655 668 324 309 609 1978 109 2027 292 1287 1181 834 691 846 633 453
is_linear=0
shrinkage=0.05


Tree=49
num_leaves=31
num_cat=0
split_feature=26 26 5 26 18 8 2 27 26 17 9 12 17 5 14 10 26 10 3 1 9 7 1 7 1 26 9 10 5 17
split_gain=1041.66 291.147 190.518 121.622 97.4988 125.011 93.5092 86.7923 73.5591 69.8683 63.1047 58.387 49.5171 34.7161 29.6377 29.0581 36.3734 27.9832 24.7597 24.1109 54.6144 23.7469 23.6196 18.8576 17.6056 19.0226 17.5718 16.3156 16.0803 13.2758
threshold=16.250000000000004 11.250000000000002 -0.35500000417232508 18.849999427795414 21.44999980926514 22.500000000000004 1.6250000000000002 18.750000000000004 8.7500000000000018 0.1094999983906746 -0.37939999997615809 1.0000000180025095e-35 0.13550000637769702 -0.085000000894069658 48.000000000000007 1.0000000180025095e-35 16.94999980926514 -0.91595000028610218 39.500000000000007 89.500000000000014 0.78654998540878307 1020.4500122070314 80.500000000000014 1019.2500000000001 79.500000000000014 15.750000000000002 0.78654998540878307 -0.91595000028610218 5.1949999332427987 0.1134999990463257
decision_type=2 2 2 2 2 2 2 2 2 2 2 2 2 2 2 2 2 2 2 2 2 2 2 2 2 2 2 2 2 2
left_child=1 8 4 15 10 -6 -3 11 18 -8 12 -5 14 -13 -2 16 -4 -9 21 -12 -21 27 -10 -24 -11 -26 28 -1 -20 -23
right_child=2 6 3 7 5 -7 9 17 22 24 19 13 -14 -15 -16 -17 -18 -19 26 20 -22 29 23 -25 25 -27 -28 -29 -30 -31
leaf_value=-0.019106529873311951 0.02806357250142634 0.0094324860131392175 0.0094324860131392175 0.038500590092838072 0.046062333443801673 0.21619172738148618 -0.009435180383950522 0.17306282520294192 -0.009435180383950522 0.0027562692570963256 0.0094324860131392175 0.038500590092838072 0.046062333443801673 0.073155894278589984 0.0094324860131392175 0.0094324860131392175 0.038500590092838072 0.091301667362451558 -0.019106529873311951 0.046062333443801673 0.0094324860131392175 -0.098716429585502266 -0.019106529873311951 -0.009435180383950522 -0.0035325588675581472 0.0027562692570963256 -0.029939141815642667 -0.035387131047145401 -0.039004402200656908 -0.037128333051999411
leaf_weight=131 392 712 55 270 45 12.999999999999998 1249 18 846 955 347 77 85 293 199 181 106 25 726 148 88 21 816 365 901 96 453 524 108 14.999999999999998
leaf_count=131 392 712 55 265 45 9 1249 9 846 955 329 50 73 190 189 181 106 14 726 135 88 21 816 365 901 96 453 524 108 15
internal_value=-0.000882068 -0.00954659 0.0284116 0.0445765 0.0158306 0.079214 0.000153258 0.0567641 -0.0190236 -0.00391995 0.0129106 0.0521441 0.0254296 0.0652678 0.0196729 0.0202371 0.0358747 0.125527 -0.0258832 0.00943249 0.0330202 -0.0335177 -0.0123298 -0.0174589 0.00237006 -0.00353256 -0.0217842 -0.0313447 -0.0191065 -0.0730547
internal_weight=10260 7918 2342 1025 1317 58 3913 683 4005 3201 1259 640 676 370 591 342 161 43 1978 583 236 691 2027 1181 1952 997 1287 655 834 36
internal_count=10048 7918 2130 870 1260 54 3913 528 4005 3201 1206 505 654 240 581 342 161 23 1978 552 223 691 2027 1181 1952 997 1287 655 834 36
is_linear=0
shrinkage=0.05


Tree=50
num_leaves=31
num_cat=0
split_feature=25 25 18 25 5 5 9 7 7 7 5 4 11 9 4 0 8 3 25 5 8 4 25 7 9 6 18 17 8 25
split_gain=744.277 306.009 191.508 141.479 125.217 116.16 71.2601 59.9019 55.0792 56.9429 49.0146 41.5737 34.0479 36.0424 29.7064 27.7147 25.3501 24.8313 19.7295 18.1222 17.3156 17.203 35.0335 16.1894 15.3723 21.3728 15.008 14.4332 13.937 10.247
threshold=9.8499999046325701 14.84999990463257 22.150000572204593 7.0499999523162851 -0.35500000417232508 -0.29500000178813929 0.60354998707771312 1018.9500122070314 1022.2500000000001 1024.549987792969 -3.1149998903274532 0.2950000017881394 -1.0000000180025095e-35 0.78654998540878307 -4.0150001049041739 26.250000000000004 489.50000000000006 39.500000000000007 5.3500001430511483 5.7249999046325692 826.50000000000011 -1.4850000143051145 21.35000038146973 1020.4500122070314 0.78654998540878307 1067.5000000000002 22.750000000000004 0.11450000107288362 427.50000000000006 5.4500000476837167
decision_type=2 2 2 2 2 2 2 2 2 2 2 2 2 2 2 2 2 2 2 2 2 2 2 2 2 2 2 2 2 2
left_child=3 5 4 17 21 8 19 20 14 -10 15 -12 -13 -14 -2 -5 -9 18 23 -7 -6 22 -3 -1 25 -19 -11 -8 -20 -26
right_child=1 2 -4 10 7 6 27 16 9 26 11 12 13 -15 -16 -17 -18 24 28 -21 -22 -23 -24 -25 29 -27 -28 -29 -30 -31
leaf_value=-0.036943584885545909 0.022780773576792708 0.033434443431866537 0.17494486808776855 -0.014253806308883538 0.022780773576792708 0.022780773576792708 0.00096194606021893366 0.064947813130737303 0.022780773576792708 0.00096194606021893366 0.00096194606021893366 -0.014253806308883538 0.00096194606021893366 -0.014253806308883538 0.00096194606021893366 0.00096194606021893366 0.03157111298894065 -0.014253806308883538 -0.028059346108845463 0.00096194606021893366 0.089520466327667247 0.022780773576792708 0.098620416224002846 -0.090232957899570476 -0.043926395125248853 -0.033882412927370542 0.022780773576792708 0.020413952465264167 -0.014253806308883538 -0.023008085208897414
leaf_weight=286 120 146 25 731 82 820 244 377 299 145 1137 476 603 259 1631 267 67 905 371 41 10.999999999999998 314 24 14.999999999999998 68 141 42 98 86 421
leaf_count=286 120 140 18 731 80 820 244 255 299 145 1137 476 603 259 1631 267 44 905 371 41 11 276 12 15 68 141 42 98 86 421
internal_value=-0.000733351 0.0145402 0.0382223 -0.0126163 0.0348746 0.0073392 0.0198747 0.0521242 0.000961946 0.0178124 -0.00625236 -0.00244919 -0.0089981 -0.00235329 0.000961946 -0.0142538 0.0599112 -0.0222552 -0.0296596 0.0227808 0.0227808 0.0227808 0.0426372 -0.0395992 -0.0185989 -0.0151777 0.000961946 0.000961946 -0.023113 -0.025917
internal_weight=10252 4486 1046 5766 1021 3440 1203 537 2237 486 3473 2475 1338 862 1751 998 444 2293 758 861 93 484 170 301 1535 1046 187 342 457 489
internal_count=10042 4276 836 5766 818 3440 1203 390 2237 486 3473 2475 1338 862 1751 998 299 2293 758 861 91 428 152 301 1535 1046 187 342 457 489
is_linear=0
shrinkage=0.05


Tree=51
num_leaves=31
num_cat=0
split_feature=26 26 18 17 26 5 0 10 5 23 26 1 18 1 18 10 6 4 25 3 7 3 7 6 10 14 10 4 2 23
split_gain=835.103 247.736 222.792 153.451 138.932 134.733 110.713 51.5951 61.8125 49.291 49.281 42.6541 30.1619 27.8827 27.0783 25.2158 21.871 19.4058 30.0108 18.5864 38.5358 17.7764 16.6126 16.5698 16.5187 14.1023 12.7936 8.13032 7.32519 7.01757
threshold=13.750000000000002 18.44999980926514 22.150000572204593 0.091499999165534987 9.1500000953674334 -0.35500000417232508 25.550000190734867 -0.6035499870777129 2.1049998998641972 52.500000000000007 27.400000572204593 77.500000000000014 4.1499998569488534 89.500000000000014 3.2500000000000004 0.3793999999761582 392.50000000000006 -1.4850000143051145 21.35000038146973 40.500000000000007 1020.4500122070314 293.50000000000006 1020.3500061035157 1172.5000000000002 -0.91595000028610218 48.000000000000007 -0.98295000195503224 -0.38499999046325678 1.9300000071525576 85.500000000000014
decision_type=2 2 2 2 2 2 2 2 2 2 2 2 2 2 2 2 2 2 2 2 2 2 2 2 2 2 2 2 2 2
left_child=3 9 5 6 13 17 -1 8 27 25 14 21 29 19 -7 -14 28 18 -3 20 -5 -9 -13 -21 -12 -2 -18 -6 -15 -11
right_child=1 2 -4 4 7 10 -8 11 -10 12 24 22 15 16 -16 -17 26 -19 -20 23 -22 -23 -24 -25 -26 -27 -28 -29 -30 -31
leaf_value=-0.2563975477218628 0.0083667107199105317 0.03453374411302633 0.20047423154115679 -0.021207924949609856 -0.010249422783064992 0.021592834536456787 -0.063203583277651382 0.0009093068447292769 -0.013821341712264752 0.0083667107199105317 0.099237031661547154 -0.013821341712264752 0.021592834536456787 -0.014565672373322592 0.046003732055420681 0.013876578328414026 -0.063203583277651382 0.021592834536456787 0.093689394742250451 -0.013821341712264752 -0.063203583277651382 -0.013821341712264752 -0.005073849010896787 -0.042056993975375712 0.062442033493093088 0.002643104257299321 -0.039102781807915092 0.002643104257299321 -0.0280941352508845 0.013876578328414026
leaf_weight=9.9999999999999982 455 201 20 496 403 112 26 934 230 389 39 1387 496 146 422 552 9.9999999999999982 374 24 908 44 43 543 52 140 562 210 560 318 146
leaf_count=10 455 195 13 496 403 106 26 934 230 389 18 1387 496 146 372 552 10 336 12 908 44 43 543 52 70 562 210 560 318 146
internal_value=-0.000774917 0.0173171 0.0348516 -0.0120309 -0.0114412 0.0323269 -0.114966 -0.00601512 0.0026431 0.00833408 0.0477545 -0.00960847 0.0140903 -0.0216276 0.0401438 0.0193864 -0.0299938 0.0215928 0.0408437 -0.0178126 -0.0252362 -0.00109521 -0.0138213 -0.0138213 0.0704588 0.0026431 -0.0429782 0.0026431 -0.0238373 0.00836671
internal_weight=10252 3932 1332 6320 6284 1312 36 4100 1193 2600 713 2907 1583 2184 534 1048 684 599 225 1500 540 977 1930 960 179 1017 220 963 464 535
internal_count=10042 3722 1122 6320 6284 1109 36 4100 1193 2600 566 2907 1583 2184 478 1048 684 543 207 1500 540 977 1930 960 88 1017 220 963 464 535
is_linear=0
shrinkage=0.05


Tree=52
num_leaves=31
num_cat=0
split_feature=26 5 26 26 18 26 10 26 29 17 5 23 3 7 21 5 24 3 10 17 0 1 10 6 18 7 20 10 0 5
split_gain=742.255 189.635 173.725 154.16 191.318 70.7685 64.9818 50.2136 49.2358 39.3528 31.4416 26.8424 25.6097 28.3822 24.8782 24.0629 34.5745 21.8531 20.1335 18.4858 17.2797 16.9739 20.4896 16.3841 16.0722 13.0067 12.2069 10.5144 8.17403 7.5136
threshold=15.34999990463257 -1.9350000023841856 9.1500000953674334 18.44999980926514 22.150000572204593 27.400000572204593 0.98295000195503246 12.650000095367433 28.500000000000004 0.11450000107288362 -0.10500000044703482 76.500000000000014 39.500000000000007 1020.4500122070314 8.0500001907348651 -0.5349999964237212 320.41499328613287 84.500000000000014 -0.91595000028610218 0.091499999165534987 25.750000000000004 89.500000000000014 -0.98295000195503224 1122.5000000000002 5.0499999523162851 1013.5499877929689 11.550000190734865 -1.0000000180025095e-35 19.550000190734867 -3.6249999999999996
decision_type=2 2 2 2 2 2 2 2 2 2 2 2 2 2 2 2 2 2 2 2 2 2 2 2 2 2 2 2 2 2
left_child=2 8 12 9 5 10 7 15 -2 24 -5 -7 13 18 -9 20 -17 -11 19 -1 -4 23 -23 25 -3 -14 -15 -26 -16 -24
right_child=1 3 6 4 -6 11 -8 14 -10 17 -12 -13 21 26 28 16 -18 -19 -20 -21 -22 22 29 -25 27 -27 -28 -29 -30 -31
leaf_value=-0.071742248535156247 0.0055189169176963751 0.0055189169176963751 -0.012651070733642031 0.027844927518094937 0.20278223438395396 0.047054236673613276 -0.012651070733642031 -0.0013099110416097055 0.076329802853219664 0.01481211624553707 0.041424707611499127 0.078023711932721992 -0.02557804060736233 -0.086425703712578475 0.0021045029380433347 -0.0013099110416097055 -0.011784994464026656 0.027844927518094937 -0.030264587477624311 -0.012651070733642031 -0.0013099110416097055 -0.08044234854169191 -0.038017641305923465 -0.038505010481082624 0.01481211624553707 -0.012651070733642031 -0.030866814454396568 0.010165516581616721 0.0055189169176963751 -0.020260866968717893
leaf_weight=13.999999999999998 713 152 1306 366 18 113 224 186 34 212 498 129 99 29 297 437 788 330 577 120 372 15.999999999999998 70 62 171 811 14.999999999999998 211 1482 400
leaf_count=14 712 152 1306 356 11 57 224 186 20 212 442 63 99 29 297 437 788 330 577 120 372 16 70 62 171 811 15 211 1482 400
internal_value=-0.000799371 0.0203824 -0.00934457 0.0281338 0.0410837 0.0384521 -0.00426136 -0.00230709 0.00551892 0.0146062 0.0317584 0.0623501 -0.0210408 -0.0285154 0.00386522 -0.00648504 -0.00130991 0.0241053 -0.0261037 -0.0126511 -0.0103755 -0.0171702 -0.0247997 -0.0133554 0.00551892 -0.0126511 -0.0674852 0.0148121 0.00551892 -0.0229055
internal_weight=10252 2947 7305 2200 1124 1106 5092 4868 747 1076 864 242 2213 755 1965 2903 1225 542 711 134 1678 1458 486 972 534 910 44 382 1779 470
internal_count=10042 2737 7305 2005 929 918 5092 4868 732 1076 798 120 2213 755 1965 2903 1225 542 711 134 1678 1458 486 972 534 910 44 382 1779 470
is_linear=0
shrinkage=0.05


Tree=53
num_leaves=31
num_cat=0
split_feature=26 26 22 17 5 26 0 8 22 10 5 26 1 9 8 1 1 9 6 26 4 10 3 10 10 26 2 4 26 28
split_gain=658.363 193.704 184.068 134.454 117.641 112.284 101.246 77.2883 51.2085 49.7725 52.7482 39.4415 38.0439 36.9589 27.2922 26.8608 24.2769 24.0432 19.3499 16.1025 15.7304 14.2357 13.3043 12.1623 11.6541 11.5415 6.50444 5.57819 3.78539 2.57065
threshold=13.750000000000002 18.44999980926514 22.150000572204593 0.091499999165534987 -0.23499999940395352 9.1500000953674334 25.550000190734867 22.500000000000004 3.9500000476837163 -0.6035499870777129 2.1049998998641972 27.400000572204593 76.500000000000014 -1.0000000180025095e-35 733.50000000000011 77.500000000000014 89.500000000000014 -0.6035499870777129 392.50000000000006 4.9500000476837167 -2.7150000333786006 -0.78654998540878285 216.50000000000003 -0.91595000028610218 -0.98295000195503224 14.550000190734865 1.8450000286102297 -1.4850000143051145 3.5000000000000004 51.500000000000007
decision_type=2 2 2 2 2 2 2 2 2 2 2 2 2 2 2 2 2 2 2 2 2 2 2 2 2 2 2 2 2 2
left_child=3 7 4 6 14 16 -1 15 17 10 -7 13 22 -6 27 25 19 -9 26 28 -14 -21 -11 -13 -20 -2 -18 -3 -5 -8
right_child=1 2 -4 5 11 9 29 8 -10 12 -12 23 20 -15 -16 -17 18 -19 24 21 -22 -23 -24 -25 -26 -27 -28 -29 -30 -31
leaf_value=-0.24245569229125979 0.0022213367408292469 0.036178401191046254 0.18129772633314134 -0.058708258927415304 0.023524886604198922 0.0022213367408292469 -0.084709396958351113 0.010626246567956478 0.019031156395083709 0.0017457077499123397 -0.012395416828274768 0.09045340617497763 0.0022213367408292469 0.05014946869746955 0.085141062465581036 0.0022213367408292469 -0.012395416828274768 0.0022213367408292469 -0.058708258927415304 -0.012395416828274768 -0.012395416828274768 -0.01894795013819504 -0.012395416828274768 0.057956527776338841 -0.035730638321173118 0.019031156395083709 -0.025241333523356335 0.019031156395083709 -0.032261583899458254 -0.058708258927415304
leaf_weight=9.9999999999999982 52 225 20 12.999999999999998 252 963 10.000000000000002 304 677 817 230 39 156 270 22 1328 136 90 9.9999999999999982 429 1857 983 77 110 210 149 328 394 75 15.999999999999998
leaf_count=10 52 199 13 13 246 963 10 304 677 817 230 18 156 220 22 1328 136 90 10 429 1857 983 77 55 210 149 328 349 75 16
internal_value=-0.000813515 0.0152504 0.0307552 -0.0108077 0.0284604 -0.0102557 -0.107161 0.00730711 0.0178163 -0.00537766 0.00222134 0.0437728 -0.00892526 0.0372962 0.0190312 0.00222134 -0.0194132 0.00222134 -0.0272197 -0.0158534 -0.0123954 -0.0145601 -0.00033128 0.0664624 -0.0394329 0.0190312 -0.021429 0.0190312 -0.0366048 -0.0587083
internal_weight=10252 3932 1332 6320 1312 6284 36 2600 1071 4100 1193 671 2907 522 641 1529 2184 394 684 1500 2013 1412 894 149 220 201 464 619 88 26
internal_count=10042 3722 1122 6320 1109 6284 36 2600 1071 4100 1193 539 2907 466 570 1529 2184 394 684 1500 2013 1412 894 73 220 201 464 548 88 26
is_linear=0
shrinkage=0.05


Tree=54
num_leaves=31
num_cat=0
split_feature=26 5 26 26 18 26 10 9 6 10 29 17 3 5 23 26 8 3 5 7 1 18 7 10 4 6 28 20 6 8
split_gain=587.042 167.15 137.731 121.675 157.427 60.3215 58.1102 46.6448 59.9829 42.3472 39.0008 36.6869 29.1821 26.9196 23.3844 22.5289 24.595 18.9735 18.8736 16.5844 18.9232 15.1117 11.624 9.75241 8.65844 8.22594 6.5162 5.85396 5.18847 4.40403
threshold=15.34999990463257 -1.9350000023841856 9.1500000953674334 18.44999980926514 22.150000572204593 27.400000572204593 0.98295000195503246 0.78654998540878307 452.50000000000006 -0.37939999997615809 28.500000000000004 0.11450000107288362 200.50000000000003 -0.10500000044703482 76.500000000000014 5.1499998569488534 7.5000000000000009 84.500000000000014 4.1449999809265146 1016.4500122070314 91.500000000000014 5.0499999523162851 1017.1499938964845 -1.0000000180025095e-35 1.9149999618530276 367.50000000000006 56.500000000000007 4.5499999523162851 867.50000000000011 717.50000000000011
decision_type=2 2 2 2 2 2 2 2 2 2 2 2 2 2 2 2 2 2 2 2 2 2 2 2 2 2 2 2 2 2
left_child=2 10 15 11 5 13 7 8 22 -10 -2 21 25 -5 -7 26 19 29 27 -17 -21 -3 -4 -23 -20 -9 28 -18 -1 -13
right_child=1 3 6 4 -6 14 -8 12 9 -11 -12 17 -14 -15 -16 16 18 -19 24 20 -22 23 -24 -25 -26 -27 -28 -29 -30 -31
leaf_value=-0.038755323546273368 0.0048034122130234808 0.0048034122130234808 -0.00017828107708601736 0.025137956688359542 0.18357823718753127 0.042454197438000163 -0.011359074465135177 0.0048034122130234808 -0.011359074465135177 -0.00017828107708601736 0.071536536865374631 0.013679342256439981 -0.011359074465135177 0.037500920585201436 0.071217004781545593 -0.027127925463857318 -0.027127925463857318 0.025137956688359542 -0.011359074465135177 -0.011898036222588873 -0.027127925463857318 0.013679342256439981 0.0048034122130234808 0.0092413772347317309 -0.027127925463857318 -0.010716726034665587 -0.027127925463857318 -0.011359074465135177 -0.066128049207770309 0.025137956688359542
leaf_weight=70 713 152 575 366 18 113 224 156 1037 1240 34 195 683 498 129 502 36 330 82 526 198 171 1090 211 57 87 68 651 23 17
leaf_count=70 712 152 575 356 11 57 224 156 1037 1240 20 195 683 442 63 502 36 330 82 526 198 171 1090 211 57 87 68 651 23 17
internal_value=-0.000815564 0.0180218 -0.00841498 0.0253946 0.0368995 0.0345123 -0.0038889 -0.00196683 0.000410302 -0.00515997 0.00480341 0.0133764 -0.0113591 0.0283324 0.056576 -0.0188292 -0.0174161 0.0225553 -0.0113591 -0.0219212 -0.0169705 0.00480341 0.00480341 0.0136793 -0.0271279 0.00480341 -0.0368397 -0.0113591 -0.0455249 0.0136793
internal_weight=10252 2947 7305 2200 1124 1106 5092 4868 3942 2277 747 1076 926 864 242 2213 2052 542 826 1226 724 534 1665 382 139 243 161 687 93 212
internal_count=10042 2737 7305 2005 929 918 5092 4868 3942 2277 732 1076 926 798 120 2213 2052 542 826 1226 724 534 1665 382 139 243 161 687 93 212
is_linear=0
shrinkage=0.05


Tree=55
num_leaves=31
num_cat=0
split_feature=26 10 26 5 7 2 9 10 7 9 10 8 8 1 19 2 19 7 7 7 7 12 25 11 12 26 7 8 1 7
split_gain=523.862 259.83 222.985 159.174 78.241 66.1225 63.6534 86.9191 57.281 44.6874 43.3739 68.1982 74.1263 55.8749 46.8751 43.7981 41.6185 40.5635 40.1075 146.012 51.7085 134.312 39.8982 50.0969 35.4018 33.706 30.7998 27.8447 25.8659 25.5855
threshold=16.94999980926514 0.98295000195503246 10.050000190734865 -0.23499999940395352 1019.0499877929689 1.544999957084656 1.0000000180025095e-35 -0.6035499870777129 1025.2500000000002 -0.6035499870777129 -0.37939999997615809 180.50000000000003 18.500000000000004 80.500000000000014 0.61550000309944164 1.4550000429153445 0.55099999904632579 1019.8500061035157 1016.6499938964845 1017.2500000000001 1014.1499938964845 1.0000000180025095e-35 20.300000190734867 1.0000000180025095e-35 0.81174999475479137 12.750000000000002 1018.6499938964845 134.50000000000003 79.500000000000014 1025.2500000000002
decision_type=2 2 2 2 2 2 2 2 2 2 2 2 2 2 2 2 2 2 2 2 2 2 2 2 2 2 2 2 2 2
left_child=1 2 24 6 18 -4 9 8 -8 22 11 12 -5 15 26 -13 -7 -6 20 -20 21 -3 23 -2 29 -18 -12 -14 -19 -1
right_child=3 4 5 10 17 16 7 -9 -10 -11 14 13 27 -15 -16 -17 25 28 19 -21 -22 -23 -24 -25 -26 -27 -28 -29 -30 -31
leaf_value=-0.01720395912489512 0.0082492296194910768 -0.21915306023188999 0.0082492296194910768 0.042947386717423798 0.0082492296194910768 -0.0068027691806515902 0.058781351710929242 0.014505248576064 0.17438050462649421 0.0082492296194910768 0.0082492296194910768 0.089631206989288337 0.099428641090267583 0.0082492296194910768 0.079376772471836637 0.034053443646627275 -0.0028447962849369717 0.0069412846118211751 -0.2634230742851893 -0.070604631884230509 -0.026906106698101968 -0.00013604653733117239 0.068752137660980234 0.044915537557740144 -0.0068027691806515902 0.0035440108025554268 0.030525788179497998 0.17812765112945014 -0.04603865481626529 -0.072614730539776032
leaf_weight=2615 226 14 830 72 14.999999999999998 426 61 176 12.999999999999998 364 63 45 57 17 42 167 1623 28 11.999999999999998 54 58 14 50 138 348 2191 379 13.999999999999998 130 21
leaf_count=2615 226 14 830 46 15 426 47 175 9 334 63 25 36 17 21 149 1623 28 12 54 58 14 25 138 348 2191 344 11 130 21
internal_value=-0.000984002 -0.00634056 -0.00457186 0.022839 -0.0501717 0.00181074 0.00957711 0.0336221 0.0790893 0.00824923 0.0387657 0.0516037 0.0786953 0.0346863 0.0288984 0.0458506 -0.00116121 -0.0271761 -0.0763443 -0.105663 -0.0538442 -0.109645 0.0268716 0.0211188 -0.0154163 0.00111318 0.0241019 0.114947 -0.0366498 -0.0176454
internal_weight=10263 8379 8054 1884 325 5070 1028 250 74 778 856 372 143 229 484 212 4240 173 152 66 86 28 414 364 2984 3814 442 71 158 2636
internal_count=10045 8379 8054 1666 325 5070 954 231 56 723 712 284 93 191 428 174 4240 173 152 66 86 28 389 364 2984 3814 407 47 158 2636
is_linear=0
shrinkage=0.05


Tree=56
num_leaves=31
num_cat=0
split_feature=26 10 26 5 26 12 7 23 5 9 7 10 2 26 29 17 2 12 7 26 10 7 7 8 7 7 9 7 2 8
split_gain=460.048 202.813 175.498 123.244 74.6747 74.186 93.9246 87.7341 77.6056 53.2873 157.576 66.3636 51.606 48.7896 38.7244 37.8495 35.2263 34.3377 25.1312 23.3438 27.6035 22.9616 24.8809 19.6004 19.2682 18.3238 19.4884 17.8334 17.1233 14.8474
threshold=16.250000000000004 0.98295000195503246 9.8499999046325701 -1.6050000190734861 18.44999980926514 0.81174999475479137 1014.1499938964845 39.500000000000007 2.245000004768372 1.0000000180025095e-35 1025.9500122070315 -0.6035499870777129 1.6250000000000002 28.599999427795414 28.500000000000004 0.10050000250339509 3.7350000143051152 0.81174999475479137 1017.6499938964845 5.6499998569488534 -0.78654998540878285 1018.7500000000001 1020.1499938964845 735.50000000000011 1016.2500000000001 1021.7500000000001 0.78654998540878307 1021.3500061035157 1.1549999713897707 541.50000000000011
decision_type=2 2 2 2 2 2 2 2 2 2 2 2 2 2 2 2 2 2 2 2 2 2 2 2 2 2 2 2 2 2
left_child=1 2 17 14 23 6 16 8 -7 13 11 -11 -4 -6 -2 -14 -3 19 -17 -1 -21 24 -23 25 -8 -5 -27 -9 -15 -16
right_child=3 5 12 4 9 7 21 27 -10 10 -12 -13 15 28 29 18 -18 -19 -20 20 -22 22 -24 -25 -26 26 -28 -29 -30 -31
leaf_value=-0.031155858183319979 0.0057593538865569746 -0.073983885794877982 0.0057593538865569746 0.0057593538865569746 0.022276973189886331 -0.28507310986518852 -0.020396149300393605 -0.0036831181782942543 -0.11493630564875074 0.070327700580711722 0.20571381568908695 0.028447097422602249 -0.0072292674758503697 0.096018671933561561 0.093434813022613528 -0.0035447543901360417 -0.2066984844207764 -0.0072292674758503697 0.0017173713335819811 -0.0072292674758503697 -0.019035997558508141 0.0057593538865569746 -0.02599667855817029 0.022276973189886331 -0.065196903129773484 0.022276973189886331 0.0057593538865569746 -0.085009797556059696 0.045615401237367473 0.03528450492972323
leaf_weight=277 649 10.000000000000002 889 285 524 10.000000000000002 42 13.000000000000002 9.9999999999999982 135 14.999999999999998 316 422 20 20 1296 9.9999999999999982 334 2168 558 1642 21 117 27 56 206 55 13.999999999999998 107 14.999999999999998
leaf_count=277 648 10 889 285 500 10 42 13 10 87 8 255 422 10 10 1296 10 334 2168 558 1642 21 117 27 56 206 55 14 54 11
internal_value=-0.000985903 -0.00679306 -0.00519084 0.0183118 0.0258503 -0.0469067 -0.0363059 -0.104647 -0.18402 0.0333781 0.0462859 0.0409834 0.000644197 0.0241384 0.00575935 -0.00232461 -0.140341 -0.0151027 0.000139759 -0.0174766 -0.0157542 -0.0274893 -0.0143465 0.0111759 -0.0459966 0.00747582 0.0192382 -0.0458525 0.0535529 0.0648097
internal_weight=10263 7889 7586 2374 1690 303 256 47 20 1117 466 451 4775 651 684 3886 20 2811 3464 2477 2200 236 138 573 98 546 261 27 127 35
internal_count=10045 7889 7586 2156 1487 303 256 47 20 914 350 342 4775 564 669 3886 20 2811 3464 2477 2200 236 138 573 98 546 261 27 64 21
is_linear=0
shrinkage=0.05


Tree=57
num_leaves=31
num_cat=0
split_feature=26 5 17 1 8 4 26 5 3 6 7 5 17 9 7 10 26 9 5 10 23 9 26 5 7 10 1 29 7 8
split_gain=409.789 177.922 105.552 110.082 93.2445 99.1119 92.7933 70.1903 58.1686 54.6733 50.5605 44.0262 41.5455 40.4859 141.139 53.911 39.3451 30.8036 30.4549 23.974 17.9531 17.6899 17.2607 16.8545 16.7979 15.9758 12.0902 8.76946 7.18486 5.32322
threshold=14.449999809265138 -1.9350000023841856 0.091499999165534987 67.500000000000014 2.5000000000000004 1.9149999618530276 19.650000572204593 -3.0149999856948848 201.50000000000003 792.50000000000011 1025.2500000000002 4.305000066757203 0.11450000107288362 1.0000000180025095e-35 1025.9500122070315 -0.6035499870777129 28.599999427795414 0.78654998540878307 1.0549999475479128 0.98295000195503246 45.500000000000007 0.78654998540878307 6.9500000476837167 -0.1950000002980232 1020.3500061035157 0.98295000195503246 68.500000000000014 28.500000000000004 1025.1499633789065 43.500000000000007
decision_type=2 2 2 2 2 2 2 2 2 2 2 2 2 2 2 2 2 2 2 2 2 2 2 2 2 2 2 2 2 2
left_child=2 27 3 -1 7 9 12 19 25 -6 -11 24 18 16 15 -15 -8 -10 21 22 -21 -3 -4 28 -7 -9 -18 -2 -14 -13
right_child=1 6 4 -5 5 11 13 8 17 10 -12 29 23 14 -16 -17 26 -19 -20 20 -22 -23 -24 -25 -26 -27 -28 -29 -30 -31
leaf_value=-0.048876606841660231 0.0024503453692149482 0.013740117485112844 -0.032450289417978243 -0.23368907392024996 0.0024503453692149482 0.0024503453692149482 0.022930807713647264 0.0024503453692149482 -0.0055892518511711058 -0.0061015501288070447 -0.048876606841660231 -0.014899155419123801 0.013740117485112844 0.066660298022233763 0.19542812784512839 0.026283918963691713 0.037174347651676397 -0.019043143445081887 0.0024503453692149482 -0.048876606841660231 0.0024503453692149482 0.0024503453692149482 -0.017496070884856611 0.022930807713647264 -0.033878297021405566 -0.028885740831494335 0.068246102200022765 0.06138399345534188 0.022930807713647264 -0.048876606841660231
leaf_weight=29 875 366 247 9.9999999999999982 1900 59 436 499 799 1070 72 19 364 121 14.999999999999998 261 71 910 355 95 9.9999999999999982 146 882 329 45 50 56 35 48 89
leaf_count=29 874 366 247 10 1900 59 412 499 799 1070 72 19 364 73 8 200 36 910 355 95 10 146 882 329 45 50 28 21 48 89
internal_value=-0.000950424 0.0130044 -0.00810366 -0.0901237 -0.00762949 -0.00153991 0.0204523 -0.013304 -0.00806359 0.000763713 -0.00883084 -0.0345948 0.0131084 0.0327532 0.0449809 0.0390733 0.0241308 -0.0127531 0.00567842 -0.0228931 -0.0457457 0.0137401 -0.0207677 0.0218018 -0.0104825 0.00245035 0.0508753 0.00245035 0.0137401 -0.0488766
internal_weight=10263 3478 6785 39 6746 3254 2568 3492 2258 3042 1142 212 1608 960 397 382 563 1709 867 1234 105 512 1129 741 104 549 127 910 412 108
internal_count=10045 3260 6785 39 6746 3254 2365 3492 2258 3042 1142 212 1608 757 281 273 476 1709 867 1234 105 512 1129 741 104 549 64 895 412 108
is_linear=0
shrinkage=0.05


Tree=58
num_leaves=31
num_cat=0
split_feature=26 10 26 9 10 9 7 12 7 23 4 7 17 9 26 0 8 2 12 4 3 7 10 12 7 8 11 28 17 4
split_gain=360.445 177.167 152.346 119.045 185.965 89.7477 88.5926 68.5366 84.8829 78.1239 73.7892 62.5134 55.3701 53.9843 41.2826 34.8504 34.5938 31.619 31.4782 28.3227 25.0981 21.4354 23.3062 20.9837 22.4646 20.1362 18.7517 18.1604 17.4635 17.2007
threshold=16.44999980926514 0.98295000195503246 9.8499999046325701 1.0000000180025095e-35 -0.6035499870777129 -0.6035499870777129 1025.9500122070315 0.81174999475479137 1014.1499938964845 39.500000000000007 1.4950000047683718 1017.6499938964845 0.14350000023841861 0.78654998540878307 22.500000000000004 26.150000572204593 336.50000000000006 3.7350000143051152 0.81174999475479137 0.82499998807907116 201.50000000000003 1025.2500000000002 -0.98295000195503224 1.0000000180025095e-35 1025.850036621094 287.50000000000006 -1.0000000180025095e-35 31.500000000000004 0.13650000095367434 0.21499999612569812
decision_type=2 2 2 2 2 2 2 2 2 2 2 2 2 2 2 2 2 2 2 2 2 2 2 2 2 2 2 2 2 2
left_child=1 2 18 5 6 14 19 8 17 10 -9 15 27 25 16 -4 29 -3 21 -5 -15 22 -1 24 -10 -13 -18 -6 -16 -2
right_child=3 7 11 4 12 -7 -8 9 23 -11 -12 13 -14 20 28 -17 26 -19 -20 -21 -22 -23 -24 -25 -26 -27 -28 -29 -30 -31
leaf_value=-0.0063772230972200987 0.005489784867553223 -0.069210489541292164 -0.0063772230972200987 0.044557451860358317 0.005489784867553223 0.005489784867553223 0.19107632478078207 -0.27272923707962027 -0.041845078595712057 -0.043383699103637985 -0.10857415797533815 0.005489784867553223 0.072671381916318625 0.005489784867553223 0.035492397007179557 0.005489784867553223 0.012400938039761245 -0.19494626760482789 -0.0063772230972200987 0.083406635921220398 -0.0063772230972200987 -0.066280393870103926 -0.017032509661470536 -0.0025172545389616739 0.005489784867553223 -0.0041197892152660181 0.029480753877130672 0.020478212433588355 0.073586236383463885 0.029480753877130672
leaf_weight=123 275 10.000000000000002 1095 90 160 705 14.999999999999998 10.000000000000002 143 27 9.9999999999999982 1752 42 201 161 527 161 9.9999999999999982 334 98 521 21 2333 73 20 818 128 314 37 49
leaf_count=123 275 10 1095 70 160 653 8 10 143 27 10 1752 21 201 117 527 161 10 334 70 521 21 2333 73 20 818 128 274 31 49
internal_value=-0.000917637 -0.00586174 -0.00439068 0.0168413 0.0335974 0.00889432 0.0741387 -0.0433665 -0.0331773 -0.0988649 -0.173765 0.000919997 0.017648 0.00489042 0.0227619 -0.00637722 0.0163506 -0.132078 -0.0136744 0.0648086 -0.00637722 -0.0159793 -0.0155492 -0.0247958 -0.0347734 0.00548978 0.0289302 0.0127725 0.0426109 0.00548978
internal_weight=10263 8028 7725 2235 719 1516 203 303 256 47 20 4914 516 3292 811 1622 613 20 2811 188 722 2477 2456 236 163 2570 289 474 198 324
internal_count=10045 8028 7725 2017 603 1414 148 303 256 47 20 4914 455 3292 761 1622 613 20 2811 140 722 2477 2456 236 163 2570 289 434 148 324
is_linear=0
shrinkage=0.05


Tree=59
num_leaves=31
num_cat=0
split_feature=26 5 17 1 8 4 25 10 11 1 5 3 26 11 2 10 25 1 7 8 4 8 10 23 7 26 23 7 3 10
split_gain=323.366 154.911 94.2595 100.228 81.6671 90.139 72.9788 69.8288 88.3832 63.1095 60.6714 52.5608 41.2795 41.1282 40.9635 38.8616 34.9685 30.5717 23.8461 22.9545 22.3482 21.2871 19.1401 16.1729 15.729 15.0606 14.4093 14.3038 11.9119 10.4664
threshold=14.449999809265138 -1.9350000023841856 0.091499999165534987 67.500000000000014 2.5000000000000004 1.9149999618530276 14.050000190734865 -0.37939999997615809 -1.0000000180025095e-35 70.500000000000014 -2.9950000047683711 201.50000000000003 6.4500000476837167 1.0000000180025095e-35 5.0699999332427987 -0.91595000028610218 21.050000190734867 54.500000000000007 1025.7500000000002 710.50000000000011 2.5649999380111699 184.50000000000003 0.98295000195503246 45.500000000000007 1019.5499877929689 6.9500000476837167 27.500000000000004 1021.8500061035157 39.500000000000007 0.98295000195503246
decision_type=2 2 2 2 2 2 2 2 2 2 2 2 2 2 2 2 2 2 2 2 2 2 2 2 2 2 2 2 2 2
left_child=2 -2 3 -1 10 12 13 8 9 -8 22 29 28 19 24 -10 -9 -14 26 27 -13 -20 25 -24 -7 -4 -15 -3 -6 -12
right_child=1 6 4 -5 5 14 7 16 15 -11 11 20 17 18 -16 -17 -18 -19 21 -21 -22 -23 23 -25 -26 -27 -28 -29 -30 -31
leaf_value=-0.045746819042168985 0.0021585935378825973 0.0021585935378825973 -0.029937870768950353 -0.22176477015018464 -0.027398282588508568 0.0021585935378825973 0.024455174436307934 0.019874095141236243 0.019874095141236243 0.079751872407822791 0.0021585935378825973 -0.013568175807018197 -0.0081375373649429285 0.0021585935378825973 -0.045746819042168985 0.055440847631543881 0.049302866324490192 0.0021585935378825973 0.019874095141236243 0.019874095141236243 0.0021585935378825973 0.0021585935378825973 -0.045746819042168985 0.0021585935378825973 -0.027719645191703834 -0.016016849109886367 0.019874095141236243 0.01103922641882067 -0.0081375373649429285 -0.025761633745394648
leaf_weight=29 910 315 248 9.9999999999999982 152 48 73 587 72 176 494 1544 455 33 105 80 102 2336 47 34 154 46 95 9.9999999999999982 59 897 542 461 99 50
leaf_count=29 895 315 248 10 152 48 50 549 59 123 494 1544 455 33 105 55 51 2336 47 34 154 46 95 10 59 897 542 461 99 50
internal_value=-0.000862364 0.0115339 -0.0072167 -0.084725 -0.00676861 -0.00106961 0.0185858 0.0284009 0.045033 0.0635404 -0.0120792 -0.00715809 0.00112727 0.0113473 -0.0325927 0.0198741 0.0198741 0.00215859 0.0198741 0.00376183 -0.0116977 0.00215859 -0.0209057 -0.041337 -0.00969247 -0.0190321 0.0198741 0.00215859 -0.0184337 0.00215859
internal_weight=10263 3478 6785 39 6746 3254 2568 1090 401 249 3492 2242 3042 1478 212 152 689 2791 668 810 1698 93 1250 105 107 1145 575 776 251 544
internal_count=10045 3260 6785 39 6746 3254 2365 887 287 173 3492 2242 3042 1478 212 114 600 2791 668 810 1698 93 1250 105 107 1145 575 776 251 544
is_linear=0
shrinkage=0.05


Tree=60
num_leaves=31
num_cat=0
split_feature=25 25 7 18 5 7 10 8 4 7 9 3 3 3 5 10 11 24 8 7 10 10 10 0 20 18 25 12 11 4
split_gain=247.547 138.606 109.22 102.77 77.2347 76.0312 63.9634 52.6043 46.0977 43.3014 26.2378 30.5218 24.1532 22.3274 29.5787 43.1389 22.2179 21.8078 21.59 19.6708 22.3435 19.0776 16.7963 13.0368 11.0245 9.01038 8.69504 6.9922 6.6927 2.87572
threshold=13.84999990463257 7.8500001430511483 1018.2500000000001 22.150000572204593 -0.50499999523162831 1022.8500061035157 -0.37939999997615809 489.50000000000006 -2.6049998998641963 1021.8500061035157 0.60354998707771312 200.50000000000003 39.500000000000007 196.50000000000003 4.1449999809265146 -0.98295000195503224 -0.87834998965263356 75.415000915527358 738.50000000000011 1020.4500122070314 -0.91595000028610218 -0.6035499870777129 -0.91595000028610218 19.550000190734867 4.1499998569488534 4.0499999523162851 6.0499999523162851 1.0000000180025095e-35 0.87834998965263378 2.5649999380111699
decision_type=2 2 2 2 2 2 2 2 2 2 2 2 2 2 2 2 2 2 2 2 2 2 2 2 2 2 2 2 2 2
left_child=1 12 18 5 8 6 7 -4 16 -8 25 -12 19 -14 21 -16 -3 23 -2 22 27 -15 24 -10 -1 -6 -24 -21 -18 -13
right_child=2 4 3 -5 10 -7 9 -9 17 -11 11 29 13 14 15 -17 28 -19 -20 20 -22 -23 26 -25 -26 -27 -28 -29 -30 -31
leaf_value=-0.047993739562876087 0.0079227888295940671 -0.0052612570105617868 0.066230789031290899 0.14806496037377254 -0.0048074861305695028 0.0079227888295940671 0.018419683397789099 0.020756974745460829 0.0013307659095161404 0.066921793684071182 0.0079227888295940671 -0.0052612570105617868 -0.0052612570105617868 -0.0052612570105617868 -0.095778230069713158 -0.02204866119744579 0.0079227888295940671 -0.0052612570105617868 0.066848947965737551 -0.051472476174434026 -0.015583245185617774 -0.014279606749437746 -0.024671007957314493 0.0079227888295940671 -0.0052612570105617868 0.0079227888295940671 -0.013958894308289114 -0.093282164931297318 -0.0052612570105617868 0.0079227888295940671
leaf_weight=17 389 104 206 18 421 112 471 92 177 51 249 454 556 490 22 202 527 2335 33 30 45 941 372 122 141 1067 386 14.999999999999998 109 57
leaf_count=17 389 104 122 12 421 101 387 70 177 45 249 454 556 490 22 202 527 2335 33 30 45 941 372 122 141 1067 386 15 109 57
internal_value=-0.000423663 -0.00349085 0.0193364 0.0297301 0.00124546 0.0274447 0.0337096 0.0521919 -0.00354549 0.0231584 0.00792279 -0.0014093 -0.011768 -0.00884559 -0.012395 -0.02929 0.00774481 -0.00526126 0.00792279 -0.0181908 -0.0404961 -0.00975041 -0.0159992 0.00792279 -0.00526126 0.00792279 -0.019216 -0.065409 0.00792279 -0.00526126
internal_weight=10211 8839 1372 950 5622 932 820 298 3374 522 2248 760 3217 2211 1655 224 740 2634 422 1006 90 1431 916 299 158 1488 758 45 636 511
internal_count=9998 8839 1159 737 5622 725 624 192 3374 432 2248 760 3217 2211 1655 224 740 2634 422 1006 90 1431 916 299 158 1488 758 45 636 511
is_linear=0
shrinkage=0.05


Tree=61
num_leaves=31
num_cat=0
split_feature=5 10 7 29 8 28 7 10 10 12 29 2 7 7 9 17 18 29 1 12 1 3 24 1 23 18 0 9 7 2
split_gain=218.86 240.142 134.3 115.645 91.2619 90.192 76.8232 173.769 124.388 342.084 170.857 121.548 107.362 104.471 102.977 71.8054 64.6463 54.7459 54.2371 48.3526 45.0446 64.5211 40.3943 34.0209 21.9638 49.3919 25.8493 9.07648 6.16296 2.24518
threshold=-1.9350000023841856 0.98295000195503246 1026.6499633789065 24.550000190734867 740.50000000000011 59.500000000000007 1017.6499938964845 -0.98295000195503224 -0.98295000195503224 0.81174999475479137 11.150000095367433 1.544999957084656 1027.850036621094 1022.3500061035157 0.78654998540878307 0.091499999165534987 2.3500000238418584 13.150000095367433 72.500000000000014 0.81174999475479137 79.500000000000014 355.50000000000006 142.08499908447268 78.500000000000014 45.500000000000007 10.949999809265138 22.150000572204593 -0.6035499870777129 1015.4500122070314 2.8449999094009404
decision_type=2 2 2 2 2 2 2 2 2 2 2 2 2 2 2 2 2 2 2 2 2 2 2 2 2 2 2 2 2 2
left_child=1 2 3 5 6 15 7 11 9 10 -8 -2 14 -11 -10 -1 18 -18 -9 -7 23 24 -5 -3 25 -22 -26 28 -6 -30
right_child=4 20 -4 22 27 19 8 16 12 13 -12 -13 -14 -15 -16 -17 17 -19 -20 -21 21 -23 -24 -25 26 -27 -28 -29 29 -31
leaf_value=-0.088410861213361058 0.23992916444937384 -0.077739268566171318 -0.15093683399900329 0.1349451435936822 0.035558594160136729 -0.00026634594336421278 -0.038488424530422144 -0.042131737364966511 0.014520152595647443 -0.27377772714410509 0.062331192063934664 0.0039001281559467322 -0.13368717523721549 -0.10191146557529768 -0.0030642014552266211 -0.011816702527119572 -0.01290777312666814 0.014930166324993152 -0.13628006279468538 0.029972055580041471 -0.13947781135638557 -0.14611614004654044 0.036636684735407897 -0.19679968863725661 -0.033747672098705654 -0.042180400960147385 0.026456383339372343 0.10162871990885054 0.090473220944404575 0.060615782527362598
leaf_weight=31 12.000000000000002 15 15.999999999999998 18 21 1498 110 13.999999999999998 3396 13.999999999999998 68 9.9999999999999982 12.999999999999998 24 1103 2365 849 223 20 145 14.999999999999998 17 21 10 19 100 23 13.999999999999998 10.000000000000002 17
leaf_count=31 12 15 16 12 21 1498 105 14 3266 14 61 10 13 24 1046 2364 849 223 20 145 15 17 14 10 19 100 23 14 10 17
internal_value=-0.000372983 -0.00896759 -0.00636038 -0.00579314 0.00586167 -0.00662052 0.00522278 -0.00650187 0.00802003 -0.0290462 2.69346e-05 0.132643 0.00979448 -0.165231 0.0102091 -0.0128077 -0.00926967 -0.00711686 -0.0771466 0.00240229 -0.0626054 -0.0535884 0.0798939 -0.125363 -0.0435695 -0.0548714 -0.012624 0.0662054 0.0558736 0.0716741
internal_weight=10211 4293 4094 4078 5918 4039 5856 1128 4728 216 178 22 4512 38 4499 2396 1106 1072 34 1643 199 174 39 25 157 115 42 62 48 27
internal_count=9998 4279 4080 4064 5719 4038 5657 1128 4529 204 166 22 4325 38 4312 2395 1106 1072 34 1643 199 174 26 25 157 115 42 62 48 27
is_linear=0
shrinkage=0.05


Tree=62
num_leaves=31
num_cat=0
split_feature=26 26 8 6 7 5 2 7 12 17 26 23 8 4 8 3 7 9 8 7 28 9 1 25 7 17 7 26 11 1
split_gain=268.742 120.518 65.6828 80.632 65.1611 49.0791 45.2965 42.2851 48.2231 40.8773 35.1122 34.0812 30.4096 26.1201 48.9204 26.9128 24.1053 23.6552 23.2454 48.3655 66.5976 51.1029 32.0362 28.9662 19.9853 17.0108 14.8519 12.7734 12.2596 37.1539
threshold=12.250000000000002 20.650000572204593 8.5000000000000018 452.50000000000006 1022.8500061035157 -0.5349999964237212 4.680000066757203 1021.1499938964845 0.81174999475479137 0.10350000113248826 23.94999980926514 57.500000000000007 681.50000000000011 1.9149999618530276 43.500000000000007 212.50000000000003 1021.2500000000001 -0.91595000028610218 5.5000000000000009 1020.2500000000001 61.500000000000007 1.0000000180025095e-35 49.500000000000007 4.7500000000000009 1019.2500000000001 0.14350000023841861 1014.5499877929689 14.550000190734865 -0.60784998536109913 86.500000000000014
decision_type=2 2 2 2 2 2 2 2 2 2 2 2 2 2 2 2 2 2 2 2 2 2 2 2 2 2 2 2 2 2
left_child=5 2 11 -4 7 18 -7 10 9 -9 -3 -2 17 -8 26 -16 -10 -5 24 22 21 -21 -20 -24 28 -12 -15 -13 29 -1
right_child=1 4 3 12 -6 6 13 8 16 -11 25 27 -14 14 15 -17 -18 -19 19 20 -22 -23 23 -25 -26 -27 -28 -29 -30 -31
leaf_value=-0.046382206430888341 -0.00069328585830460011 0.014573644972642892 0.014573644972642892 0.0083713107955008387 0.014573644972642892 -0.00069328585830460011 -0.0084420411565457043 0.014573644972642892 0.075970313325524341 0.079103566370159389 0.032284059033328406 0.0050324672260210392 0.0083713107955008387 -0.04953160868449645 -0.063391150045704017 -0.0084420411565457043 0.014573644972642892 -0.00069328585830460011 -0.028001829435746386 -0.071929071690003898 -0.00069328585830460011 -0.024903565569904449 -0.0217870050704141 -0.00069328585830460011 -0.0056535059989417076 0.067392520606517792 -0.0084420411565457043 0.014573644972642892 -0.015513136128601385 -0.016304792435584064
leaf_weight=146 1659 206 622 489 123 1207 218 21 15.999999999999998 125 251 291 261 22 94 23 46 793 117 97 108 51 163 861 360 40 125 376 954 346
leaf_count=146 1659 199 616 489 112 1207 218 21 10 80 146 291 261 22 94 23 33 793 117 97 108 51 163 861 360 20 125 376 954 346
internal_value=-0.000353783 0.00742536 0.0041937 0.0105044 0.0249536 -0.00881193 -0.00191527 0.0334842 0.0524127 0.0681013 0.0255624 -0.000693286 0.00216898 -0.0161908 -0.0273358 -0.0514628 0.0154685 -0.000693286 -0.0124487 -0.00760559 -0.0272466 -0.0491138 -0.00319886 -0.000693286 -0.0161949 0.03711 -0.00844204 0.0107582 -0.0188194 -0.0252302
internal_weight=10211 5319 4491 2165 828 4892 1689 705 208 146 497 2326 1543 482 264 117 62 1282 3203 1397 256 148 1141 1024 1806 291 147 667 1446 492
internal_count=9998 5106 4485 2159 621 4892 1689 509 144 101 365 2326 1543 482 264 117 43 1282 3203 1397 256 148 1141 1024 1806 166 147 667 1446 492
is_linear=0
shrinkage=0.05


Tree=63
num_leaves=31
num_cat=0
split_feature=26 26 8 6 7 7 7 12 10 20 9 10 12 12 26 28 5 10 18 25 7 1 7 5 0 7 6 8 23 7
split_gain=236.406 111.522 65.716 89.742 61.6523 38.064 37.6468 44.6804 40.8801 34.028 32.2036 29.612 30.6474 31.2113 43.4972 27.9159 26.6864 26.3846 24.0914 24.0571 22.1161 18.693 16.9541 15.2674 17.569 13.7576 13.0567 12.2398 9.48427 5.07798
threshold=11.650000095367433 20.650000572204593 8.5000000000000018 452.50000000000006 1022.8500061035157 1020.8500061035157 1021.1499938964845 0.81174999475479137 0.98295000195503246 15.84999990463257 -0.6035499870777129 0.98295000195503246 0.81174999475479137 1.0000000180025095e-35 7.1499998569488534 36.500000000000007 -3.9650000333786006 1.0000000180025095e-35 3.0499999523162846 19.250000000000004 1021.2500000000001 88.500000000000014 1018.3500061035157 -4.7550001144409171 21.849999427795414 1014.6499938964845 522.50000000000011 415.50000000000006 39.500000000000007 1016.2500000000001
decision_type=2 2 2 2 2 2 2 2 2 2 2 2 2 2 2 2 2 2 2 2 2 2 2 2 2 2 2 2 2 2
left_child=11 2 5 -4 6 -2 9 8 -8 19 22 12 13 14 27 -7 28 -11 -18 -3 -9 -16 -5 -13 -25 -14 -17 -1 -15 -26
right_child=1 4 3 10 -6 15 7 20 -10 17 -12 23 25 16 21 26 18 -19 -20 -21 -22 -23 -24 24 29 -27 -28 -29 -30 -31
leaf_value=-0.024266014601885072 -0.0013974657692865844 0.0133763415318012 0.0133763415318012 -0.0013974657692865844 0.0133763415318012 -0.0013974657692865844 0.054376704727966844 0.072171797975897789 0.13301310790212531 0.032247437834112026 -0.0013974657692865844 -0.09332935452461244 -0.045506566075178299 -0.016517765491017116 -0.0013974657692865844 0.0133763415318012 -0.043066734871403743 0.076933232076624614 -0.018059808594214993 0.032247437834112026 0.0133763415318012 -0.010375206927861076 0.0072006113827986669 -0.05301211703308794 -0.0013974657692865844 -0.0013974657692865844 0.0054151788956722209 -0.011533559453459503 -0.0013974657692865844 -0.0274933322056852
leaf_weight=403 1378 247 706 447 123 292 127 15.999999999999998 19 71 518 9.9999999999999982 26 107 1330 669 110 47 774 132 46 716 759 43 33 485 227 165 158 27
leaf_count=403 1378 217 700 447 112 292 88 10 13 52 518 10 26 107 1330 669 110 26 774 70 33 716 759 43 33 485 227 165 158 27
internal_value=-0.000316037 0.00628692 0.0034702 0.00938788 0.0232825 -0.00139747 0.0316487 0.0495088 0.0646102 0.024174 0.00102488 -0.00908185 -0.00841391 -0.0101311 -0.0071121 0.00761764 -0.0169995 0.047621 -0.0211715 0.0168738 0.0139476 -0.00371374 0.00720061 -0.0343456 -0.028619 -0.00139747 0.0122278 -0.0193534 -0.00308205 -0.0111373
internal_weight=10211 5824 4996 2430 828 2566 705 208 146 497 1724 4387 4274 3763 2614 1188 1149 118 884 379 62 2046 1206 113 103 511 896 568 265 60
internal_count=9998 5611 4990 2424 621 2566 509 144 101 365 1724 4387 4274 3763 2614 1188 1149 78 884 287 43 2046 1206 113 103 511 896 568 265 60
is_linear=0
shrinkage=0.05


Tree=64
num_leaves=31
num_cat=0
split_feature=10 25 7 25 3 11 2 18 1 17 21 7 7 1 10 20 8 1 23 11 9 7 5 7 1 8 10 28 9 7
split_gain=181.034 233.176 151.882 114.598 66.7178 71.4415 60.4887 59.711 51.697 51.3044 50.7875 50.3392 123.959 42.1654 85.5509 45.8259 43.4586 41.3011 52.6454 30.4986 30.2572 29.8543 40.0034 29.7203 21.9401 21.3149 19.7185 17.263 12.9869 12.9487
threshold=0.98295000195503246 13.84999990463257 1019.0499877929689 7.8500001430511483 308.50000000000006 1.0000000180025095e-35 1.6250000000000002 22.150000572204593 90.500000000000014 0.13250000029802325 13.250000000000002 1016.6499938964845 1017.2500000000001 60.500000000000007 -0.37939999997615809 12.150000095367433 469.50000000000006 79.500000000000014 63.500000000000007 1.0000000180025095e-35 -0.78654998540878285 1014.5499877929689 -2.9550000429153438 1024.4500122070315 89.500000000000014 515.50000000000011 -0.98295000195503224 45.500000000000007 0.60354998707771312 1016.2500000000001
decision_type=2 2 2 2 2 2 2 2 2 2 2 2 2 2 2 2 2 2 2 2 2 2 2 2 2 2 2 2 2 2
left_child=1 3 4 24 11 -6 -5 13 17 -9 -10 21 -13 -3 16 -16 -15 23 19 -19 -8 22 -2 -4 25 28 -26 -14 -1 -22
right_child=2 7 8 6 5 -7 20 9 10 -11 -12 12 27 14 15 -17 -18 18 -20 -21 29 -23 -24 -25 26 -27 -28 -29 -30 -31
leaf_value=-0.0035236464123543248 -0.11152841664458578 0.0093599293984880736 0.0707324903262289 0.0093599293984880736 -0.20007934371630351 -0.059207589758767026 0.0045003410947182338 0.054154792104833455 -0.026210039171079797 0.17194269100824988 0.080710732448717654 -0.21833315661975317 -0.067069945960409119 0.051026629436201135 0.0093599293984880736 0.027930391624215102 0.016882104535045021 -0.066971103541353452 0.032743908880421745 -0.015538739734234251 -0.0035236464123543248 -0.0029382172816743452 0.002298453966012368 -0.012228986382484437 -0.071129865897819403 -0.016410157098063434 -0.015124601504995526 0.0050055916731556261 -0.010911733128416132 0.00018639178838598036
leaf_weight=1171 19 98 19 1064 18 18 1250 19 18 12.000000000000002 29 13.999999999999998 27 306 380 357 134 70 26 49 640 48 12.999999999999998 25 15.999999999999998 467 887 11.999999999999998 621 2384
leaf_count=1171 19 98 19 1064 18 18 1250 19 18 6 24 14 27 211 368 285 112 70 26 48 640 48 13 25 16 467 887 12 621 2384
internal_value=-0.000316936 0.00103606 -0.0330762 -0.00198617 -0.0692594 -0.129643 0.00248212 0.020706 -0.0071653 0.0892706 0.0397624 -0.0529149 -0.0907073 0.019039 0.0231818 0.0127662 0.0406281 -0.0188351 -0.0317106 -0.0457931 -0.000359247 -0.0278774 -0.0652863 0.0235953 -0.00952941 -0.00689614 -0.0161169 -0.0448929 -0.00441677 -0.0031411
internal_weight=10211 9806 405 8500 169 36 5338 1306 236 31 47 133 53 1275 1177 737 440 189 145 119 4274 80 32 44 3162 2259 903 39 1792 3024
internal_count=9998 9599 399 8500 169 36 5338 1099 230 25 42 133 53 1074 976 653 323 188 144 118 4274 80 32 44 3162 2259 903 39 1792 3024
is_linear=0
shrinkage=0.05


Tree=65
num_leaves=31
num_cat=0
split_feature=10 26 7 26 3 11 1 7 7 25 22 7 1 17 1 10 26 6 9 23 11 4 9 5 24 5 26 10 3 10
split_gain=223.37 276.761 201.404 97.0485 78.8877 75.1377 67.5295 73.5379 66.2619 62.8663 65.1319 56.609 52.8178 50.5904 32.0864 80.403 30.1968 30.1038 34.6602 23.9712 29.9756 21.7454 17.7665 16.3787 34.0521 13.792 12.753 12.4062 11.157 10.5226
threshold=0.98295000195503246 12.750000000000002 1018.7500000000001 19.750000000000004 308.50000000000006 -1.0000000180025095e-35 83.500000000000014 1016.7500000000001 1014.1499938964845 13.949999809265138 22.150000572204593 1018.2500000000001 89.500000000000014 0.13250000029802325 60.500000000000007 -0.37939999997615809 8.7500000000000018 452.50000000000006 0.60354998707771312 48.500000000000007 1.0000000180025095e-35 -0.71500000357627858 -0.6035499870777129 -0.5349999964237212 336.25000000000006 -4.1849999427795401 5.1499998569488534 -0.6035499870777129 293.50000000000006 0.78654998540878307
decision_type=2 2 2 2 2 2 2 2 2 2 2 2 2 2 2 2 2 2 2 2 2 2 2 2 2 2 2 2 2 2
left_child=1 16 4 19 6 -6 7 8 -2 17 14 -9 -5 -12 -11 -16 26 18 -3 20 28 -8 -19 25 -25 29 -1 -28 -4 -18
right_child=2 9 3 12 5 -7 21 11 -10 10 13 -13 -14 -15 15 -17 23 22 -20 -21 -22 -23 -24 24 -26 -27 27 -29 -30 -31
leaf_value=-0.025295122456449416 -0.12529106877352064 0.012709405689491755 -0.069949126681860749 0.024545841828666898 -0.21612726112620698 -0.069548118465087003 0.0072428448125720028 -0.23773059890820425 0.0021782357415015049 0.012709405689491755 0.053531742854852328 -0.083613663573156707 0.12263518628619968 0.16314946242741177 0.039700261881752907 0.012709405689491755 0.0014180499284654716 0.0064840850721953587 0.0064840850721953587 -0.0017026683776592364 -0.018084997301404126 -0.049377144175733245 0.0014180499284654716 0.0014180499284654716 -0.007938391719598651 -0.007938391719598651 -0.007938391719598651 -0.014230471741598702 -0.018084997301404126 -0.007938391719598651
leaf_weight=162 19 941 51 13.999999999999998 18 17 28 13.000000000000002 22 97 18 10.999999999999998 21 13.999999999999998 424 730 302 985 642 99 67 43 796 533 838 1483 687 1119 9.9999999999999982 121
leaf_count=162 19 941 51 14 18 17 28 13 22 97 18 11 14 7 310 647 302 985 642 99 67 43 796 533 838 1483 687 1119 10 121
internal_value=-0.000627112 0.000911535 -0.0357779 -0.0082288 -0.0779876 -0.144932 -0.0607594 -0.0975824 -0.0568929 0.00979672 0.0192136 -0.167094 0.0692696 0.0896517 0.0174118 0.0223781 -0.00696062 0.00620521 0.0112222 -0.0201779 -0.0344673 -0.0270481 0.00174596 -0.00402059 0.000147283 -0.00701858 -0.0118562 -0.0106507 -0.0604131 0.00129877
internal_weight=10325 9892 433 262 171 35 136 65 41 4647 1283 24 35 32 1251 1154 5245 3364 1583 227 128 71 1781 3277 1371 1906 1968 1806 61 423
internal_count=10114 9688 426 255 171 35 136 65 41 4443 1079 24 28 25 1054 957 5245 3364 1583 227 128 71 1781 3277 1371 1906 1968 1806 61 423
is_linear=0
shrinkage=0.05


Tree=66
num_leaves=31
num_cat=0
split_feature=10 26 7 26 3 11 1 7 7 25 22 7 1 17 2 1 10 6 9 17 4 8 4 12 26 4 7 9 1 20
split_gain=201.43 244.719 181.823 85.8893 71.1961 67.8118 60.9453 66.3679 59.8013 55.0018 58.1501 51.0896 48.6169 46.2954 41.1808 30.3962 72.6947 28.2387 32.0047 23.4448 21.3318 34.2608 19.6252 18.6178 18.1048 17.8181 17.1972 16.454 15.1112 12.6192
threshold=0.98295000195503246 12.750000000000002 1018.7500000000001 19.750000000000004 308.50000000000006 -1.0000000180025095e-35 83.500000000000014 1016.7500000000001 1014.1499938964845 13.949999809265138 22.150000572204593 1018.2500000000001 89.500000000000014 0.13250000029802325 1.5149999856948855 60.500000000000007 -0.37939999997615809 452.50000000000006 0.60354998707771312 0.10050000250339509 1.8849999904632571 46.500000000000007 -0.71500000357627858 0.81174999475479137 8.2500000000000018 1.4950000047683718 1021.2500000000001 -0.6035499870777129 75.500000000000014 4.9500000476837167
decision_type=2 2 2 2 2 2 2 2 2 2 2 2 2 2 2 2 2 2 2 2 2 2 2 2 2 2 2 2 2 2
left_child=1 14 4 23 6 -6 7 8 -2 17 15 -9 -5 -12 -1 -11 -17 18 -3 20 29 -22 -8 25 -21 28 -27 -19 -4 -16
right_child=2 9 3 12 5 -7 22 11 -10 10 13 -13 -14 -15 19 16 -18 27 -20 24 21 -23 -24 -25 -26 26 -28 -29 -30 -31
leaf_value=0.0013344903172846348 -0.1190265145741011 0.011937649069747112 0.02302567023408961 0.02302567023408961 -0.20532089964383179 -0.066070712489240319 0.0068807027169636315 -0.22584407054460962 0.0020693242719227621 0.011937649069747112 0.050448069369105092 -0.079432977194135834 0.11650342799368359 0.15499198266438075 -0.022083666439834816 0.037715249133015161 0.011937649069747112 0.0061239714882785198 0.0061239714882785198 -0.010712131882429697 -0.025417428614352557 -0.11355056824783485 -0.046908288154491162 -0.054396166287915548 -0.0041761254541416402 0.02302567023408961 -0.03713391746083896 0.0013344903172846348 -0.023434666510090043 -0.010712131882429697
leaf_weight=673 19 941 13.999999999999998 13.999999999999998 18 17 28 13.000000000000002 22 97 18 10.999999999999998 21 13.999999999999998 256 424 730 985 642 958 136 11.999999999999998 43 32 2588 12.000000000000002 11.999999999999998 796 157 622
leaf_count=673 19 941 14 14 18 17 28 13 22 97 18 11 14 7 256 310 647 985 642 958 136 12 43 32 2588 12 12 796 157 622
internal_value=-0.000602932 0.000858197 -0.0339828 -0.00780714 -0.0740882 -0.137685 -0.0577214 -0.0927033 -0.0540483 0.00921324 0.0180214 -0.158739 0.0650996 0.0845772 -0.00654426 0.016319 0.0212467 0.00585387 0.010713 -0.00834693 -0.0150033 -0.0325634 -0.0256957 -0.0190483 -0.00642099 -0.0132476 0.0230257 0.00153497 -0.0189376 -0.0120433
internal_weight=10325 9892 433 262 171 35 136 65 41 4647 1283 24 35 32 5245 1251 1154 3364 1583 4572 1026 148 71 227 3546 195 24 1781 171 878
internal_count=10114 9688 426 255 171 35 136 65 41 4443 1079 24 28 25 5245 1054 957 3364 1583 4572 1026 148 71 227 3546 195 24 1781 171 878
is_linear=0
shrinkage=0.05


Tree=67
num_leaves=31
num_cat=0
split_feature=10 7 25 2 0 25 3 11 1 7 7 4 12 17 7 23 18 5 7 10 6 1 3 1 5 7 4 23 7 7
split_gain=180.917 164.546 157.421 107.018 130.425 77.344 64.2545 61.3152 55.0032 59.897 53.9707 52.0912 49.0045 62.3417 46.1084 38.1607 37.7613 35.3615 32.632 45.5245 27.3442 27.3024 22.2388 19.6916 24.0855 23.7986 17.7118 16.9982 15.6345 13.069
threshold=0.98295000195503246 1018.7500000000001 8.1500000953674334 1.0149999856948855 24.849999427795414 13.949999809265138 308.50000000000006 1.0000000180025095e-35 83.500000000000014 1016.7500000000001 1014.1499938964845 0.94499999284744274 -0.56175000965595234 0.1345000043511391 1018.2500000000001 68.500000000000014 22.150000572204593 2.9450000524520878 1017.8500061035157 -0.98295000195503224 1012.5000000000001 60.500000000000007 43.500000000000007 89.500000000000014 4.0050001144409189 1025.2500000000002 -0.71500000357627858 39.500000000000007 1021.8500061035157 1015.3500061035157
decision_type=2 2 2 2 2 2 2 2 2 2 2 2 2 2 2 2 2 2 2 2 2 2 2 2 2 2 2 2 2 2
left_child=2 6 22 4 11 18 8 29 9 10 -2 16 13 27 -11 17 -4 28 -5 -20 -6 -7 -1 24 -24 -26 -10 -3 -14 -8
right_child=1 12 3 5 20 21 7 -9 26 14 -12 -13 15 -15 -16 -17 -18 -19 19 -21 -22 -23 23 -25 25 -27 -28 -29 -30 -31
leaf_value=-0.013308112724895233 -0.11307519137075073 -0.028950346820056441 0.015165531782720596 -0.00096587542030746563 0.20286429930816993 0.0077455738526768722 -0.14769538253545755 -0.054383932352066046 0.0065366676077246669 -0.21455186032331902 0.0019658579237081786 0.084989363424722908 -0.057987841734126827 0.12196918215070451 -0.075461328842423181 0.031696440176717168 0.068181985575291856 0.00049738083496146668 -0.00096587542030746563 0.0076018562560546303 0.088624986410140993 0.014833136095914815 -0.00096587542030746563 -0.011246287813716595 -0.010397033978826549 -0.067643998445648904 -0.044562873088343197 0.02551011249521061 -0.023042845199897626 -0.2285316598415375
leaf_weight=1136 19 23 501 1616 11.000000000000002 94 10.000000000000002 14.999999999999998 28 13.000000000000002 22 15.999999999999998 73 13.999999999999998 10.999999999999998 29 36 28 156 2827 9.9999999999999982 1004 1245 813 408 19 43 38 57 9.9999999999999982
leaf_count=1136 19 23 447 1616 11 94 10 15 28 13 22 16 73 7 11 29 31 28 156 2827 9 860 1245 813 408 19 43 38 57 10
internal_value=-0.000596764 -0.0322314 0.000787973 0.00558094 0.0261586 0.00350764 -0.0703838 -0.130801 -0.0548353 -0.0880681 -0.0513458 0.0215141 -0.00733043 0.0268146 -0.150802 -0.021025 0.0187197 -0.0307017 0.000658012 0.00463894 0.148465 0.0148331 -0.00751269 -0.00486336 -0.00175969 -0.0129443 -0.0244109 0.00497584 -0.0426658 -0.188114
internal_weight=10325 433 9892 6271 574 5697 171 35 136 65 41 553 262 75 24 187 537 158 4599 2983 21 1098 3621 2485 1672 427 71 61 130 20
internal_count=10114 426 9688 6067 514 5553 171 35 136 65 41 494 255 68 24 187 478 158 4599 2983 20 954 3621 2485 1672 427 71 61 130 20
is_linear=0
shrinkage=0.05


Tree=68
num_leaves=31
num_cat=0
split_feature=10 26 7 26 3 11 10 26 1 7 7 8 9 7 1 7 2 1 1 7 17 4 26 4 12 20 7 14 3 4
split_gain=161.875 198.475 149.148 69.9185 57.9897 55.863 49.9481 65.1149 49.6404 54.0571 48.7086 43.6715 115.074 41.6128 40.6571 36.0706 34.933 23.6924 22.1051 20.9129 23.4687 20.2019 19.1241 15.9849 15.9277 16.6414 18.4139 11.2016 9.77985 7.08114
threshold=0.98295000195503246 12.84999990463257 1018.7500000000001 19.750000000000004 308.50000000000006 -1.0000000180025095e-35 -0.98295000195503224 26.85000038146973 83.500000000000014 1016.7500000000001 1014.1499938964845 15.500000000000002 1.0000000180025095e-35 1018.2500000000001 89.500000000000014 1020.2500000000001 1.5149999856948855 77.500000000000014 70.500000000000014 1011.9500122070314 0.10050000250339509 1.8849999904632571 8.9499998092651385 -0.71500000357627858 0.81174999475479137 7.1499998569488534 1020.1499938964845 48.000000000000007 121.50000000000001 -0.29500000178813929
decision_type=2 2 2 2 2 2 2 2 2 2 2 2 2 2 2 2 2 2 2 2 2 2 2 2 2 2 2 2 2 2
left_child=1 16 4 24 8 -6 -3 11 9 10 -2 15 -13 -11 -5 -8 -1 18 -9 27 21 -21 -22 -10 25 28 -27 -18 -4 -26
right_child=2 6 3 14 5 -7 7 17 23 13 -12 12 -14 -15 -16 -17 19 -19 -20 20 22 -23 -24 -25 29 26 -28 -29 -30 -31
leaf_value=0.0012148919338631249 -0.10742142956311768 0.0012148919338631249 -0.0214574816462893 0.020985074116801672 -0.18564917768041295 -0.059261335870798897 0.0012148919338631249 0.03609153737003605 0.0062098344787955284 -0.20382427206406223 0.0018675651401281357 0.0065924765210876174 0.022099629944535321 -0.071688267046755003 0.10608434137843906 0.010277518888294163 -0.0031622331193420297 0.022099629944535321 0.079582183417819807 -0.010812977361992118 -0.00940414743032514 -0.03079212341391532 -0.0031622331193420297 -0.042334729467713557 -0.014784160926938057 0.020985074116801672 -0.011427275091147092 -0.037248321808874607 -0.055823549523483965 -0.065528208457610829
leaf_weight=676 19 205 10.999999999999998 13.999999999999998 18 17 882 96 28 13.000000000000002 22 1716 256 10.999999999999998 21 1281 14.999999999999998 104 42 872 1280 148 2232 43 9.9999999999999982 19 133 87 32 22
leaf_count=676 19 184 11 14 18 17 875 48 28 13 22 1711 242 11 14 1248 15 52 18 872 1280 148 2232 43 10 19 133 87 32 22
internal_value=-0.00061759 0.000692246 -0.0305411 -0.0068338 -0.0668646 -0.124261 0.00831656 0.0102329 -0.0520936 -0.0836647 -0.0487786 0.00875756 0.0141391 -0.143262 0.0589463 0.00385124 -0.00588678 0.0354417 0.0493278 -0.00753936 -0.00703545 -0.0137119 -0.00509638 -0.0231904 -0.0169761 -0.0116108 -0.00384193 -0.0299288 -0.039073 -0.0496707
internal_weight=10325 9892 433 262 171 35 4582 4377 136 65 41 4135 1972 24 35 2163 5310 242 138 4634 4532 1020 3512 71 227 195 152 102 43 32
internal_count=10114 9688 426 255 171 35 4378 4194 136 65 41 4076 1953 24 28 2123 5310 118 66 4634 4532 1020 3512 71 227 195 152 102 43 32
is_linear=0
shrinkage=0.05


Tree=69
num_leaves=31
num_cat=0
split_feature=10 7 25 25 18 3 11 12 17 17 1 10 12 21 2 1 4 7 10 20 7 7 23 1 2 10 3 7 1 4
split_gain=145.705 135.075 130.34 70.0272 50.805 50.6522 54.3309 44.1246 68.6826 40.6559 38.7679 79.6126 61.5314 44.5309 38.6658 36.6158 45.1214 30.7471 31.2706 27.7702 35.64 24.9529 18.0421 15.7703 19.1896 19.0178 12.292 11.7867 10.2324 9.20175
threshold=0.98295000195503246 1019.0499877929689 13.84999990463257 7.8500001430511483 22.150000572204593 285.50000000000006 -1.0000000180025095e-35 0.81174999475479137 0.1345000043511391 0.13250000029802325 60.500000000000007 -0.37939999997615809 0.81174999475479137 24.349999427795414 1.6250000000000002 83.500000000000014 -0.064999999478459344 1018.3500061035157 -0.98295000195503224 7.1499998569488534 1020.1499938964845 1016.7500000000001 33.500000000000007 89.500000000000014 6.7650001049041757 -0.98295000195503224 39.500000000000007 1023.9500122070314 88.500000000000014 2.4550000429153447
decision_type=2 2 2 2 2 2 2 2 2 2 2 2 2 2 2 2 2 2 2 2 2 2 2 2 2 2 2 2 2 2
left_child=2 5 3 23 10 15 -7 8 19 -6 -4 12 -12 -13 -5 16 21 -16 -19 27 -21 -2 -17 24 26 -25 -1 -3 -24 -26
right_child=1 7 4 14 9 6 -8 -9 -10 -11 11 13 -14 -15 17 22 -18 18 -20 20 -22 -23 28 25 29 -27 -28 -29 -30 -31
leaf_value=-0.0097989139161517649 -0.066502199982923851 -0.075112474523484712 0.0068243218929532699 0.0068243218929532699 0.045592182431591716 -0.17636671910683316 -0.056628216691315174 -0.054323161066470983 0.11056650366101946 0.14349043198994227 0.043857864924076437 0.0068243218929532699 0.0068243218929532699 0.045592182431591716 -0.0027809871836929506 -0.079712177813053134 0.0022478854656219484 -0.0027809871836929506 0.0031922986934109195 0.053288050223740613 -0.003034777991270938 -0.1352379572780236 0.0011299675951401392 -0.065357936963932037 -0.017993779351102836 -0.011980473579861463 -0.0027809871836929506 -0.018713077607330438 -0.043090462841485683 -0.056379247705141702
leaf_weight=743 31 15.999999999999998 98 1064 18 18 20 39 13.999999999999998 13.999999999999998 371 715 65 47 1738 11.999999999999998 14.999999999999998 117 2451 14.999999999999998 147 23 42 17 43 907 1460 22 19 24
leaf_count=743 31 16 98 1064 18 18 20 39 7 7 280 651 42 28 1738 12 15 117 2451 15 147 23 42 17 43 907 1460 22 19 24
internal_value=-0.00057579 -0.0289655 0.000666904 -0.0015932 0.0152418 -0.0620739 -0.113346 -0.00541009 0.00350397 0.0774792 0.0137051 0.0183187 0.0353585 0.0085688 0.00189375 -0.048353 -0.0744684 -0.000439725 0.0031923 -0.0039904 0.00503317 -0.0957785 -0.0236686 -0.00745572 -0.00521419 -0.0129625 -0.00441247 -0.0424593 -0.0126436 -0.0315751
internal_weight=10325 433 9892 8564 1328 180 38 253 214 32 1296 1198 436 762 5370 142 69 4306 2568 200 162 54 73 3194 2270 924 2203 38 61 67
internal_count=10114 426 9688 8564 1124 180 38 246 207 25 1099 1001 322 679 5370 142 69 4306 2568 200 162 54 73 3194 2270 924 2203 38 61 67
is_linear=0
shrinkage=0.05


Tree=70
num_leaves=31
num_cat=0
split_feature=5 7 10 26 17 0 26 1 17 7 4 18 9 24 9 24 7 12 17 0 16 12 7 3 7 27 1 5 28 18
split_gain=123.875 241.383 152.079 107.251 61.1731 67.6846 56.5278 49.0624 42.6856 38.8573 37.7837 41.8005 39.2957 37.5105 33.6709 97.0695 63.8104 61.6138 34.3354 31.5383 30.1927 29.3223 26.6254 22.4147 18.5493 17.1078 21.4344 14.0317 13.4892 13.2466
threshold=-1.9350000023841856 1026.6499633789065 0.98295000195503246 14.449999809265138 0.091499999165534987 26.650000572204593 11.84999990463257 79.500000000000014 0.13749999552965167 1018.0499877929689 0.2950000017881394 2.3500000238418584 0.78654998540878307 315.41499328613287 0.78654998540878307 59.584999084472663 1024.549987792969 -0.56175000965595234 0.14350000023841861 21.94999980926514 0.27699999511241918 -0.56175000965595234 1026.350036621094 355.50000000000006 1011.6499938964845 6.6499998569488534 87.500000000000014 -4.3849999904632559 60.500000000000007 3.5499999523162846
decision_type=2 2 2 2 2 2 2 2 2 2 2 2 2 2 2 2 2 2 2 2 2 2 2 2 2 2 2 2 2 2
left_child=1 2 4 10 5 -1 24 21 -8 -5 25 20 13 -13 15 17 -17 -11 28 -14 -12 -4 -22 27 -6 26 -2 -9 -16 -28
right_child=3 -3 7 9 6 -7 8 23 -10 14 11 12 19 -15 18 16 -18 -19 -20 -21 22 -23 -24 -25 -26 -27 29 -29 -30 -31
leaf_value=-0.17383325208317152 -0.00059213389060906079 -0.19513155086075559 -0.061738980953630652 0.0050134883902499001 -0.035897700363945705 -0.036394547899238842 0.001902969120019845 -0.0027909935254490739 0.04925400360810514 0.089860053023753272 -0.11899016120217064 0.0050134883902499001 -0.016809759648304261 -0.006482020048800329 0.0050134883902499001 0.020089611237085411 0.0050134883902499001 0.036772287118895255 0.054443452424473238 0.0050134883902499001 -0.023425000589641851 -0.15525498350461325 -0.074047350371188189 -0.095753988722960162 -0.0079614808108142403 0.0050134883902499001 -0.063549575785344301 -0.03941627126482744 0.027920202241868392 -0.013149317714851351
leaf_weight=10.999999999999998 522 17 19 334 61 25 1660 33 49 78 10.999999999999998 538 712 921 339 1361 237 57 36 66 51 14.999999999999998 10.999999999999998 14.999999999999998 2294 516 22 126 98 32
leaf_count=11 522 17 19 334 61 25 1647 33 49 63 11 538 712 921 312 1251 237 40 18 66 51 15 11 15 2294 516 22 126 85 32
internal_value=-0.000657035 -0.00709447 -0.00635245 0.00402858 -0.00423649 -0.0691274 -0.00366167 -0.0480612 0.00326061 0.0118028 -0.00177579 -0.00541607 -0.00420105 0.000638128 0.0148679 0.0181355 0.014696 0.0588485 0.00501349 -0.0132761 -0.0426489 -0.102996 -0.0291045 -0.0373268 -0.00868509 0.00501349 -0.00369438 -0.0318148 0.00501349 -0.0336828
internal_weight=10267 4325 4308 5942 4100 36 4064 208 1709 2540 3402 2310 2237 1459 2206 1733 1598 135 473 778 73 34 62 174 2355 1092 576 159 437 54
internal_count=10054 4312 4295 5742 4087 36 4051 208 1696 2340 3402 2310 2237 1459 2006 1591 1488 103 415 778 73 34 62 174 2355 1092 576 159 397 54
is_linear=0
shrinkage=0.05


Tree=71
num_leaves=31
num_cat=0
split_feature=5 7 10 26 17 5 23 6 1 21 7 24 11 4 1 9 11 10 23 7 12 12 12 5 1 20 7 7 9 2
split_gain=111.005 217.857 137.278 89.6966 54.3896 63.2426 52.2196 62.7594 44.2788 36.6408 77.9641 96.9584 36.1644 34.763 40.19 41.3757 36.8697 32.0548 30.6425 30.1851 26.4634 21.6457 20.3597 20.9991 17.8233 15.1009 13.7579 19.1605 11.0572 6.43207
threshold=-1.9350000023841856 1026.6499633789065 0.98295000195503246 14.449999809265138 0.091499999165534987 -3.9650000333786006 51.500000000000007 537.50000000000011 79.500000000000014 13.84999990463257 1025.9500122070315 59.584999084472663 1.0000000180025095e-35 0.2950000017881394 64.500000000000014 0.78654998540878307 -0.60784998536109913 -0.98295000195503224 79.500000000000014 1025.6499633789065 -0.56175000965595234 1.0000000180025095e-35 0.81174999475479137 -4.0450000762939444 57.500000000000007 5.4500000476837167 1021.2500000000001 1024.7500000000002 0.3793999999761582 1.1549999713897707
decision_type=2 2 2 2 2 2 2 2 2 2 2 2 2 2 2 2 2 2 2 2 2 2 2 2 2 2 2 2 2 2
left_child=1 2 4 13 5 -1 17 -8 20 26 12 -12 28 25 19 16 -16 -6 -14 24 -4 -17 23 -10 -15 -2 -5 -28 -11 -13
right_child=3 -3 8 9 6 -7 7 -9 22 10 11 29 18 14 15 21 -18 -19 -20 -21 -22 -23 -24 -25 -26 -27 27 -29 -30 -31
leaf_value=-0.034343262933540585 -0.020297811784973696 -0.18537496880573387 -0.058652033774476302 0.0046942120457236988 -0.034343262933540585 -0.17305198460817339 0.014213337306100636 -0.0036907160051505711 0.003692020390493175 0.010671768859091851 0.15638314651494678 0.047310806438326823 0.023690282749514006 -0.045915876646592683 -0.011601992646046945 -0.0043662652179777099 0.0046942120457236988 -0.0083890366361002375 0.085684940006051757 -0.11369968414306642 -0.14749223709106446 -0.021094877544397719 -0.087436885518186236 -0.039806655555971217 -0.0098322512073950336 0.0046942120457236988 0.010671768859091851 0.0046942120457236988 0.02179895998808996 0.010671768859091851
leaf_weight=26 63 17 19 597 25 9.9999999999999982 701 1407 36 610 22 12.000000000000002 392 56 387 397 995 1931 21 9.9999999999999982 14.999999999999998 377 17 121 88 1029 436 181 258 10.999999999999998
leaf_count=26 63 17 19 577 25 10 697 1398 36 543 15 12 378 56 387 397 995 1931 21 10 15 377 17 121 88 1029 407 176 200 11
internal_value=-0.000642031 -0.00673589 -0.00603095 0.0037935 -0.0040206 -0.0652079 -0.00347859 0.00198099 -0.0456581 0.010903 0.0166493 0.0813359 0.014377 -0.00151463 -0.00502152 -0.0032589 0.00192474 -0.00936242 0.0268426 -0.0296982 -0.0978462 -0.0125144 -0.0354605 -0.0298324 -0.0238648 0.00469421 0.00469421 0.0106718 0.0106718 0.0106718
internal_weight=10267 4325 4308 5942 4100 36 4064 2108 208 2540 1326 45 1281 3402 2310 2156 1382 1956 413 154 34 774 174 157 144 1092 1214 617 868 23
internal_count=10054 4312 4295 5742 4087 36 4051 2095 208 2340 1180 38 1142 3402 2310 2156 1382 1956 399 154 34 774 174 157 144 1092 1160 583 743 23
is_linear=0
shrinkage=0.05


Tree=72
num_leaves=25
num_cat=0
split_feature=7 3 27 10 26 17 0 10 9 6 7 6 0 10 8 3 17 23 7 12 8 22 3 8
split_gain=101.64 304.455 205.795 112.101 110.923 62.9076 84.3825 61.4561 61.5652 61.3822 48.1668 42.9078 50.6169 32.4626 38.161 69.0971 38.6335 31.9259 22.8683 16.934 9.59654 5.07002 3.26799 0.846305
threshold=1026.6499633789065 285.50000000000006 22.150000572204593 -0.98295000195503224 16.94999980926514 0.091499999165534987 25.750000000000004 0.98295000195503246 0.60354998707771312 457.50000000000006 1018.2500000000001 1017.5000000000001 23.150000572204593 -0.98295000195503224 8.5000000000000018 202.50000000000003 0.14350000023841861 45.500000000000007 1023.4500122070314 -0.56175000965595234 738.50000000000011 5.2500000000000009 219.50000000000003 826.50000000000011
decision_type=2 2 2 2 2 2 2 2 2 2 2 2 2 2 2 2 2 2 2 2 2 2 2 2
left_child=4 2 3 -2 5 6 -1 8 9 -7 20 22 -13 -12 16 -16 -15 19 -10 -9 -6 -19 -5 -22
right_child=1 -3 -4 11 10 7 -8 17 18 -11 13 12 -14 14 15 -17 -18 21 -20 -21 23 -23 -24 -25
leaf_value=-0.19319357484579089 -0.18335509555680413 -0.29855692914941095 0.1368769365198472 0.0095022813017879206 0.004272651137718143 0.004272651137718143 -0.034937913366407246 -0.01704270008036847 -0.0091216469435845462 -0.0031939187732632694 0.004272651137718143 -0.15017349990931425 -0.022931284619564261 0.0074977528471976921 0.020752460936677052 0.0665228704509047 0.053996526201566065 -0.01704270008036847 0.004272651137718143 -0.034937913366407246 0.045288290911250646 0.004272651137718143 0.040656396834613709 0.061369127531846368
leaf_weight=9.9999999999999982 13.999999999999998 10.999999999999998 17 14.000000000000002 369 1947 27 75 2421 3403 67 10.999999999999998 27 644 550 97 48 19 236 143 18 74 9.9999999999999982 14.999999999999998
leaf_count=10 14 11 12 14 369 1947 27 75 2421 3403 55 11 27 582 467 70 24 19 236 143 18 74 10 15
internal_value=-0.000630169 -0.0498086 -0.0203867 -0.0555641 -0.000126917 -0.00255686 -0.0676083 -0.0022675 -0.00142049 0.00166925 0.0111022 -0.0267081 -0.0597646 0.0163401 0.018885 0.0276145 0.0107231 -0.0240746 -0.00764183 -0.034538 0.00427265 0.000452624 0.0256312 0.0525978
internal_weight=10267 104 93 76 10163 8355 37 8318 8007 5350 1808 62 38 1406 1339 647 692 311 2657 218 402 93 24 33
internal_count=10054 99 88 76 9955 8355 37 8318 8007 5350 1600 62 38 1198 1143 537 606 311 2657 218 402 93 24 33
is_linear=0
shrinkage=0.05


Tree=73
num_leaves=31
num_cat=0
split_feature=5 10 26 28 6 26 6 0 17 1 8 27 9 21 11 29 18 10 28 1 17 12 6 3 3 12 11 11 17 12
split_gain=95.5032 114.844 70.2429 53.6874 188.086 63.8951 57.7882 47.2268 43.1633 40.3546 35.5226 32.315 34.4647 29.2829 45.6171 56.9118 37.9866 24.647 31.745 31.4009 25.0833 23.6949 22.4552 26.2264 19.8774 16.66 14.9006 12.9793 18.7572 17.3587
threshold=-1.9350000023841856 0.98295000195503246 14.449999809265138 59.500000000000007 1242.5000000000002 15.050000190734865 1057.5000000000002 26.349999427795414 0.091499999165534987 79.500000000000014 740.50000000000011 6.5499999523162851 0.60354998707771312 13.84999990463257 1.0000000180025095e-35 18.650000572204593 21.44999980926514 -0.98295000195503224 75.500000000000014 72.500000000000014 0.10050000250339509 -0.56175000965595234 402.50000000000006 44.500000000000007 355.50000000000006 0.81174999475479137 -1.0000000180025095e-35 0.87834998965263378 0.11450000107288362 0.81174999475479137
decision_type=2 2 2 2 2 2 2 2 2 2 2 2 2 2 2 2 2 2 2 2 2 2 2 2 2 2 2 2 2 2
left_child=1 3 11 4 6 25 8 -8 -1 21 13 17 -13 -4 16 -16 -15 18 19 -2 -19 -3 23 -7 27 -5 -24 29 -29 -11
right_child=2 9 10 5 -6 22 7 -9 -10 24 -12 12 -14 14 15 -17 -18 20 -20 -21 -22 -23 26 -25 -26 -27 -28 28 -30 -31
leaf_value=-0.044188772365468788 -0.033636499303674343 -0.055220829342540946 0.004325661581773923 -0.0032917099979133044 -0.22551112174987795 0.025087454454737836 -0.11686729541473957 -0.044188772365468788 -0.0066368840026256168 -0.014365525557338422 0.05384867782394092 0.004325661581773923 -0.0018485346138849138 0.0092858108321713789 0.02512538616667075 0.14586636044085027 0.055195576733018718 -0.019833553989095046 -0.0018485346138849138 -0.11241354573714107 -0.0024023709561423905 -0.13928564111391703 0.0074628569218535869 0.084126032764712977 -0.087772051927944031 0.0074628569218535869 0.024973893663798586 -0.10940844768827609 -0.024592214915901425 -0.069920978974550962
leaf_weight=22 20 19 1191 1130 9.9999999999999982 87 10.000000000000002 17 2394 116 45 982 954 842 406 9.9999999999999982 46 251 14.999999999999998 19 1161 14.999999999999998 216 24 14.999999999999998 67 140 11.000000000000002 15.999999999999998 15.999999999999998
leaf_count=22 20 19 1137 1130 10 87 10 17 2381 116 45 982 954 717 392 10 39 251 15 19 1161 15 216 24 15 67 140 11 16 16
internal_value=-0.000585597 -0.00623796 0.00352859 -0.00440661 -0.00910927 0.00252585 -0.00822347 -0.080967 -0.00741052 -0.0424864 0.0098201 -0.00116878 0.00307174 0.009026 0.014246 0.0280278 0.00928581 -0.00676881 -0.0399205 -0.0654245 -0.00550097 -0.0923082 0.0182174 0.0378526 -0.0327511 -0.00329171 0.0120952 -0.0275604 -0.059147 -0.0210995
internal_weight=10267 4325 5942 4117 2453 1664 2443 27 2416 208 2540 3402 1936 2495 1304 416 888 1466 54 39 1412 34 467 111 174 1197 356 159 27 132
internal_count=10054 4312 5742 4104 2440 1664 2430 27 2403 208 2340 3402 1936 2295 1158 402 756 1466 54 39 1412 34 467 111 174 1197 356 159 27 132
is_linear=0
shrinkage=0.05


Tree=74
num_leaves=30
num_cat=0
split_feature=7 3 27 10 10 26 7 7 3 26 19 5 2 18 4 26 19 28 26 12 23 11 6 10 6 10 10 11 10
split_gain=91.4954 271.341 178.25 97.7436 88.9509 119.541 85.3728 140.326 55.171 53.7924 52.7713 77.1901 41.7737 38.6202 36.779 29.8855 30.7411 29.7072 26.9243 23.8242 16.4099 25.5149 14.4177 11.1844 11.1523 10.8307 9.72165 7.91569 7.55788
threshold=1026.6499633789065 285.50000000000006 22.150000572204593 -0.98295000195503224 0.98295000195503246 15.750000000000002 1017.2500000000001 1016.6499938964845 308.50000000000006 19.750000000000004 0.53700000047683727 -3.8950001001358028 1.6250000000000002 2.9500000476837163 0.65500000119209301 29.44999980926514 0.57199999690055858 65.500000000000014 8.2500000000000018 1.0000000180025095e-35 63.500000000000007 1.0000000180025095e-35 457.50000000000006 -0.91595000028610218 902.50000000000011 0.3793999999761582 -0.6035499870777129 1.0000000180025095e-35 -0.37939999997615809
decision_type=2 2 2 2 2 2 2 2 2 2 2 2 2 2 2 2 2 2 2 2 2 2 2 2 2 2 2 2 2
left_child=4 2 3 -2 5 10 7 8 19 20 11 -1 26 17 -11 16 28 -5 -14 -6 21 -8 -18 -17 -15 -25 -12 -22 -7
right_child=1 -3 -4 13 6 15 9 -9 -10 14 12 -13 18 24 -16 23 22 -19 -20 -21 27 -23 -24 25 -26 -27 -28 -29 -30
leaf_value=-0.03197797409523976 -0.17152415343693325 -0.28206527392295272 0.12690273593453802 -0.11090399416930533 -0.043919112824369222 0.0089620944707145076 -0.042419012816070203 -0.18362568405113722 -0.11639223957762999 0.017057986322076165 0.0040208912680545685 -0.18235272094607355 -0.0097909321756250566 0.037352871497636719 0.097618957757949834 0.05381693407183602 0.018460495063926202 -0.026525787450761226 -0.0019425247228230668 0.011365558520743722 0.017057986322076165 -0.0078990051737771582 0.0089620944707145076 0.020423393103269002 -0.015186064405476346 0.053303666527454677 0.00012212091374196876 -0.0061219417559641234 0.0040208912680545685
leaf_weight=27 13.999999999999998 10.999999999999998 17 17.000000000000004 40 401 91 19 17 13.999999999999998 458 9.9999999999999982 1426 14.999999999999998 20 42 770 12.999999999999998 4676 38 36 130 599 84 17 26 684 12.999999999999998 542
leaf_count=27 14 11 12 17 40 370 91 19 17 13 458 10 1426 15 14 18 707 13 4676 38 36 130 577 42 17 13 684 13 536
internal_value=-0.000574348 -0.0472341 -0.0194583 -0.052197 -9.68697e-05 0.000871924 -0.0226828 -0.0595827 -0.0347741 -0.00884527 -0.00234961 -0.0619106 -0.00204539 -0.0252522 0.0504249 0.0103914 0.00897948 -0.0660085 -0.00377665 -0.0169856 -0.0163089 -0.0221131 0.0139033 0.0318673 0.012957 0.0234865 0.00402089 0.00986924 0.00402089
internal_weight=10267 104 93 76 10163 9745 418 114 95 304 7281 37 7244 62 34 2464 2312 30 6102 78 270 221 1369 152 32 110 1142 49 943
internal_count=10054 99 88 76 9955 9544 411 114 95 297 7281 37 7244 62 27 2263 2190 30 6102 78 270 221 1284 73 32 55 1142 49 906
is_linear=0
shrinkage=0.05


Tree=75
num_leaves=31
num_cat=0
split_feature=5 7 4 10 29 10 7 26 9 27 5 2 12 4 3 1 23 29 11 26 3 7 1 18 1 7 18 5 7 20
split_gain=91.5361 142.662 178.616 116.294 90.6486 53.8319 333.927 59.9004 53.5961 93.1982 67.3334 59.7307 53.0046 72.2695 42.4068 36.1711 33.8017 34.1804 30.9924 37.4899 29.8307 30.463 28.6113 27.7946 25.6575 23.1236 22.4743 20.1256 21.9371 18.2855
threshold=-1.5049999952316282 1026.6499633789065 -1.2549999952316282 0.98295000195503246 24.550000190734867 -0.98295000195503224 1020.4500122070314 11.84999990463257 0.78654998540878307 15.949999809265138 3.7050000429153447 5.3750000000000009 -0.56175000965595234 0.61500000953674328 200.50000000000003 69.500000000000014 59.500000000000007 7.3500001430511483 0.60784998536109935 28.599999427795414 206.50000000000003 1025.9500122070315 79.500000000000014 2.1499999761581425 81.500000000000014 1019.4500122070314 9.8499999046325701 -4.3849999904632559 1017.4500122070314 12.050000190734865
decision_type=2 2 2 2 2 2 2 2 2 2 2 2 2 2 2 2 2 2 2 2 2 2 2 2 2 2 2 2 2 2
left_child=1 3 -3 4 5 6 -1 -7 9 11 12 18 13 -11 -10 -6 24 29 19 -2 21 -13 -5 -20 -16 -22 -26 -24 -29 -18
right_child=8 2 -4 22 15 7 -8 -9 14 10 -12 20 -14 -15 16 -17 17 -19 23 -21 25 -23 27 -25 26 -27 -28 28 -30 -31
leaf_value=0.021781001710256594 0.0016169063134468878 0.0037187512117353343 -0.28825438380241397 -0.080376058527164992 0.03365780058401098 -0.0077299761126635143 -0.1122849138180415 0.0038912913613121541 0.011957980665423078 0.014898135534787124 0.1544518131017685 -0.0049244552742361836 0.014898135534787124 0.066325177966769955 -0.0027838805248645948 0.11748833940142678 -0.0027838805248645948 0.062217419193341186 -0.0040142337026233014 0.014898135534787124 -0.084374742830793062 -0.075630461238324648 0.0024833324125834878 0.014898135534787124 -0.030234604379694899 -0.022294746674597264 -0.011529079096138296 -0.065294881113718645 -0.026078540226001114 0.031426992171344807
leaf_weight=122 2274 11.000000000000002 9.9999999999999982 36 20 2490 75 1999 291 125 9.9999999999999982 318 293 134 99 21 155 26 48 140 24 15.999999999999998 35 630 257 40 428 54 105 13.999999999999998
leaf_count=121 2252 11 10 36 13 2490 75 1999 272 120 10 318 275 118 94 14 143 21 48 67 24 16 35 623 250 40 428 54 105 8
internal_value=-0.00039645 -0.00527014 -0.135316 -0.00471921 -0.0030299 -0.00367756 -0.0292593 -0.0025549 0.00416221 0.00697131 0.0258679 0.00392836 0.0235385 0.0407968 -0.00480035 0.0709932 -0.00978163 0.00884735 0.00627517 0.00361382 -0.0143036 -0.00831157 -0.0394382 0.0148981 -0.0144151 -0.0455747 -0.0185471 -0.0318415 -0.0393973 0.000636565
internal_weight=10300 4978 21 4957 4727 4686 197 4489 5322 4052 562 3490 552 259 1270 41 979 195 3092 2414 398 334 230 678 784 64 685 194 159 169
internal_count=10090 4963 21 4942 4712 4685 196 4489 5127 3911 523 3388 513 238 1216 27 944 172 2990 2319 398 334 230 671 772 64 678 194 159 151
is_linear=0
shrinkage=0.05


Tree=76
num_leaves=31
num_cat=0
split_feature=10 26 7 26 17 1 6 10 27 7 7 1 20 10 7 11 4 3 11 11 7 7 7 9 23 11 28 11 23 3
split_gain=78.643 70.9773 69.837 60.7139 41.4697 68.2559 38.7683 104.706 55.2434 72.8494 44.0851 36.2292 32.198 28.5077 44.0449 47.543 39.6482 23.2535 32.8584 28.0765 36.8844 53.4829 20.6814 19.7689 17.2486 23.6116 17.2206 15.065 13.5573 11.1058
threshold=0.98295000195503246 13.949999809265138 1019.0499877929689 19.750000000000004 0.091499999165534987 67.500000000000014 552.50000000000011 -0.6035499870777129 18.94999980926514 1022.0499877929689 1025.9500122070315 77.500000000000014 12.250000000000002 -0.78654998540878285 1020.3500061035157 -0.60784998536109913 1.9149999618530276 285.50000000000006 -0.60784998536109913 0.87834998965263378 1016.2500000000001 1017.2500000000001 1017.1499938964845 -0.6035499870777129 48.500000000000007 1.0000000180025095e-35 42.500000000000007 -0.87834998965263356 36.500000000000007 297.50000000000006
decision_type=2 2 2 2 2 2 2 2 2 2 2 2 2 2 2 2 2 2 2 2 2 2 2 2 2 2 2 2 2 2
left_child=1 4 17 24 5 -1 7 8 9 -3 -10 12 -9 16 15 -15 -6 19 -19 20 27 -22 -18 -8 25 -4 -16 -2 -20 -5
right_child=2 6 3 29 13 -7 23 11 10 -11 -12 -13 -14 14 26 -17 22 18 28 -21 21 -23 -24 -25 -26 -27 -28 -29 -30 -31
leaf_value=-0.027535699628530433 -0.032204395569860933 0.041086409581766167 -0.046855405805742045 0.033827151621089256 0.0017725529784104188 -0.16126814294945113 0.0061364555754618794 0.012751648581070819 0.043194544710137922 0.0061364555754618794 0.11055733651825878 0.0061364555754618794 0.044998449575647997 -0.01629429678653924 -0.010608715412698987 -0.0035284038641545364 0.0017725529784104188 -0.13779337306817371 -0.082767286896705608 -0.10056706825892131 -0.11212009543180466 -0.015166362510486085 -0.027535699628530433 0.0017725529784104188 0.0023481248955552775 -0.0116703434153654 0.0017725529784104188 0.017516810236833033 -0.0059191799412171044 0.093963594096047542
leaf_weight=30 25 153 68 17.000000000000004 1307 10.999999999999998 766 287 92 136 33 1378 106 1018 331 2572 23 14.999999999999998 11.000000000000002 14.999999999999998 25 33 140 621 96 60 866 39 11.999999999999998 13.999999999999998
leaf_count=30 25 125 68 17 1307 11 736 287 76 123 20 1314 91 1018 331 2572 23 15 11 15 25 33 140 597 96 60 866 39 12 7
internal_value=-0.000357824 0.000554097 -0.0212896 -0.00459685 -0.0026391 -0.0527607 0.0061842 0.0105004 0.0332065 0.0211945 0.0609783 0.00613646 0.0214493 -0.00231067 -0.0042839 -0.00714837 0.00177255 -0.0456133 -0.0802203 -0.0360143 -0.0280774 -0.0569568 -0.023871 0.00177255 -0.013673 -0.0256888 0.00177255 -0.00190554 -0.0426726 0.0609855
internal_weight=10300 9870 430 255 6298 41 3572 2185 414 289 125 1771 393 6257 4787 3590 1470 175 38 137 122 58 163 1387 224 128 1197 64 23 31
internal_count=10090 9667 423 248 6298 41 3369 2036 344 248 96 1692 378 6257 4787 3590 1470 175 38 137 122 58 163 1333 224 128 1197 64 23 24
is_linear=0
shrinkage=0.05


Tree=77
num_leaves=31
num_cat=0
split_feature=5 7 4 10 27 29 4 10 12 10 7 26 5 17 7 17 28 2 7 11 23 10 5 7 25 18 18 5 12 7
split_gain=79.7379 187.723 255.65 82.5519 79.0794 77.3052 75.7888 89.2205 114.109 73.757 333.192 73.9154 59.317 84.5466 58.4578 39.7304 33.7316 33.482 32.7715 32.4267 30.5103 42.4388 28.6755 51.8695 16.8291 12.9741 12.3618 11.991 11.8076 11.6729
threshold=-0.29500000178813929 1026.6499633789065 -0.29500000178813929 0.98295000195503246 13.650000095367433 24.550000190734867 2.5649999380111699 -0.6035499870777129 -0.56175000965595234 -0.98295000195503224 1020.4500122070314 11.84999990463257 0.92500001192092907 0.10050000250339509 1021.8500061035157 0.1345000043511391 20.500000000000004 5.5150001049041757 1018.8500061035157 0.60784998536109935 50.500000000000007 -0.91595000028610218 -3.6249999999999996 1018.4500122070314 8.0500001907348651 10.949999809265138 3.7500000000000004 -1.5049999952316282 -0.56175000965595234 1023.9500122070314
decision_type=2 2 2 2 2 2 2 2 2 2 2 2 2 2 2 2 2 2 2 2 2 2 2 2 2 2 2 2 2 2
left_child=1 3 -3 5 12 9 7 8 16 10 -1 -11 24 20 22 27 -6 19 -7 -15 21 -14 25 -24 26 -5 -2 -16 -28 -22
right_child=4 2 -4 14 6 18 -8 -9 -10 11 -12 -13 13 17 15 -17 -18 -19 -20 -21 29 -23 23 -25 -26 -27 28 -29 -30 -31
leaf_value=0.024101978938349269 -0.045793117930491768 -0.015465648741519546 -0.25100659587317042 -0.049566908817117415 0.045042809360736125 0.032226048345091622 0.12377638568480809 0.0126433044577562 0.0126433044577562 -0.006896751323872111 -0.094018674990452758 0.0043966023627782184 -0.12853430112202963 0.0008393808771816404 -0.029158953527131909 0.089265412943703798 0.10421479266622793 -0.0099130539452189567 0.11986582068835988 0.0126433044577562 -0.0099130539452189567 -0.031205250279024422 -0.093947438326162799 -0.031347844874547733 0.0126433044577562 -0.0066377088879093979 -0.018409455407025484 0.023929601328240499 0.0052907712251385117 -0.02380345380688853
leaf_weight=132 14.999999999999998 32 18 24 37 24 18 390 37 2819 109 2981 11.999999999999998 1307 25.999999999999996 13.999999999999998 69 313 17 531 157 168 52 91 567 66 58 18.000000000000004 136 62
leaf_count=131 15 31 18 24 37 15 18 360 29 2819 109 2939 12 1264 26 7 60 313 12 524 157 168 52 91 519 66 58 18 136 62
internal_value=-0.000338118 -0.00375604 -0.10026 -0.00299891 0.00532434 -0.00175415 0.0228688 0.019461 0.0542732 -0.00221855 -0.0293219 -0.00109236 0.00241785 -0.0013042 -0.0290148 0.015902 0.0835604 0.00261696 0.0666706 0.00522891 -0.0224431 -0.0376939 -0.0401958 -0.0541113 0.0126433 -0.0180855 -0.00206176 -0.00744091 0.00131953 -0.00991305
internal_weight=10300 6423 50 6373 3877 6082 551 533 143 6041 241 5800 3326 2550 291 58 106 2151 41 1838 399 180 233 143 776 90 209 44 194 219
internal_count=10090 6358 49 6309 3732 6025 504 486 126 5998 240 5758 3228 2500 284 51 97 2101 27 1788 399 180 233 143 728 90 209 44 194 219
is_linear=0
shrinkage=0.05


Tree=78
num_leaves=31
num_cat=0
split_feature=5 7 4 10 29 27 1 10 7 4 14 5 17 7 7 1 1 7 1 1 23 10 5 7 1 10 3 24 18 7
split_gain=72.6495 169.418 234.392 74.4994 69.5662 68.0447 86.3902 66.5657 300.706 60.7169 60.929 55.1249 75.7489 52.7581 51.9997 40.6007 39.6867 32.5572 32.1141 30.0697 27.9461 38.301 25.8796 46.8122 24.1413 22.1958 18.1591 13.2863 11.7092 10.9325
threshold=-0.29500000178813929 1026.6499633789065 -0.095000002533197389 0.98295000195503246 24.550000190734867 13.650000095367433 80.500000000000014 -0.98295000195503224 1020.4500122070314 2.5649999380111699 48.000000000000007 0.92500001192092907 0.10050000250339509 1021.8500061035157 1020.8500061035157 58.500000000000007 90.500000000000014 1026.350036621094 81.500000000000014 70.500000000000014 50.500000000000007 -0.91595000028610218 -3.6249999999999996 1018.4500122070314 88.500000000000014 -0.91595000028610218 35.500000000000007 172.91500091552737 10.949999809265138 1024.2500000000002
decision_type=2 2 2 2 2 2 2 2 2 2 2 2 2 2 2 2 2 2 2 2 2 2 2 2 2 2 2 2 2 2
left_child=1 3 26 4 7 11 9 8 -1 10 25 24 20 22 -9 -14 -15 -8 -17 -6 21 -13 28 -24 -2 -7 -3 -26 -5 -22
right_child=5 2 -4 13 19 6 17 14 -10 -11 -12 12 15 16 -16 18 -18 -19 -20 -21 29 -23 23 -25 27 -27 -28 -29 -30 -31
leaf_value=0.022896879479627721 0.011887687891699788 -0.078671801777986383 -0.27788321433159024 -0.047088564932346345 0.030567399789529649 0.096996647864580163 0.011887687891699788 -0.0034685025663219837 -0.089317741251866756 0.16768018404642743 0.011887687891699788 -0.12210758775472641 -0.0093526674699666804 -0.011525533071196662 0.008183090811920514 0.01079443299937756 0.079338053044150869 0.085561508735020955 -0.0018257528350455203 0.10969032174662541 -0.0093526674699666804 -0.029644987531117384 -0.08925006722028439 -0.029780452608407199 0.010824448973634992 0.045946948984626888 -0.0052980617969296878 -0.010391008905915138 -0.0063058230401524772 -0.022580914174662334
leaf_weight=132 461 12.999999999999998 12.999999999999998 24 22 48 429 4590 109 11.999999999999998 35 11.999999999999998 130 41 1210 1059 17 14.999999999999998 962 19 178 168 52 91 118 11.999999999999998 24 197 66 41
leaf_count=131 413 13 13 24 14 39 391 4564 109 12 35 12 130 40 1194 1025 11 15 946 13 178 168 52 91 118 12 23 197 66 41
internal_value=-0.000306376 -0.00356885 -0.0952474 -0.00284957 -0.00166708 0.00509854 0.0213729 -0.00210762 -0.0278558 0.061705 0.0483187 0.00240245 -0.00120402 -0.027564 -0.00103774 0.00250752 0.0151069 0.0118877 0.0047872 0.0632424 -0.0212129 -0.0358092 -0.038186 -0.0514058 0.0118877 0.0800062 -0.031078 -0.00244363 -0.0171812 -0.00935267
internal_weight=10300 6423 50 6373 6082 3877 551 6041 241 107 95 3326 2550 291 5800 2151 58 444 2021 41 399 180 233 143 776 60 37 315 90 219
internal_count=10090 6358 49 6309 6025 3732 504 5998 240 98 86 3228 2500 284 5758 2101 51 406 1971 27 399 180 233 143 728 51 36 315 90 219
is_linear=0
shrinkage=0.05


Tree=79
num_leaves=31
num_cat=0
split_feature=5 7 0 10 24 17 8 1 1 8 7 2 0 27 3 5 8 3 7 20 5 1 1 25 3 11 12 27 4 7
split_gain=66.9841 111.853 145.442 75.1206 55.8643 74.1149 50.8668 50.8699 70.2421 79.8375 73.8791 70.6618 93.5702 56.4084 48.5642 43.6712 47.8285 39.4255 38.7888 36.6542 85.3162 36.8735 23.4933 20.5297 17.5275 18.8545 13.5484 7.99175 3.90655 1.62604
threshold=-1.5049999952316282 1026.6499633789065 24.44999980926514 0.98295000195503246 75.415000915527358 0.12949999421834948 740.50000000000011 60.500000000000007 80.500000000000014 353.50000000000006 1026.4500122070315 0.90500000119209301 24.849999427795414 13.650000095367433 230.50000000000003 1.8450000286102297 645.50000000000011 111.50000000000001 1027.299987792969 3.8500000238418584 -3.3950001001358028 78.500000000000014 79.500000000000014 14.150000095367433 355.50000000000006 0.87834998965263378 -0.56175000965595234 6.4500000476837167 -0.36500000953674311 1012.5499877929689
decision_type=2 2 2 2 2 2 2 2 2 2 2 2 2 2 2 2 2 2 2 2 2 2 2 2 2 2 2 2 2 2
left_child=1 3 -3 4 5 23 7 14 11 10 -10 12 -9 -13 15 18 -17 -11 -2 20 -6 -21 26 -1 25 -24 28 29 -5 -8
right_child=6 2 -4 22 19 -7 27 8 9 17 -12 13 -14 -15 -16 16 -18 -19 -20 21 -22 -23 24 -25 -26 -27 -28 -29 -30 -31
leaf_value=0.012593438826162991 0.011255528797919398 -0.25761060908436767 0.0058573601259426641 -0.020423792004585269 -0.023222421529367064 0.12649490403778413 0.022888840618543328 0.035797182264009325 0.00027294159529563518 -0.13269922137260437 0.090214763516965127 0.007019772200158112 0.1893616501580585 0.030355899667742537 -0.11910481825470925 -0.019325730381533505 -0.095084701538085944 -0.032850969486452379 -0.085809921202334494 0.0018586213070820705 -0.17700392600148918 -0.0071937155025448389 -0.01325384349602856 0.051148265238319127 -0.073480090192135639 -0.057972842029162822 -0.10525889535744987 0.082028192982954148 -0.063603556156158425 0.047205215963450349
leaf_weight=86 160 10.000000000000002 10.999999999999998 9.9999999999999982 47 17 9.9999999999999982 101 3120 14.999999999999998 23 1529 10.999999999999998 113 10.999999999999998 125 25 29 10.999999999999998 2075 9.9999999999999982 2457 149 35 17 28 14.999999999999998 17 11.000000000000002 22
leaf_count=86 160 10 11 10 47 17 10 89 3032 15 23 1442 11 105 11 125 25 29 11 2067 10 2457 149 28 17 28 15 17 11 22
internal_value=-0.000284011 -0.00445316 -0.119604 -0.00396533 -0.00260761 0.0287371 0.00361565 0.00314444 0.00441745 -5.22407e-06 0.000931122 0.0124534 0.0508794 0.00983239 -0.0158012 -0.0122612 -0.0319522 -0.0668901 0.00501155 -0.0035502 -0.0433958 -0.00304906 -0.0318695 0.0150025 -0.0249857 -0.020328 -0.0689656 0.0543241 -0.0430418 0.0396063
internal_weight=10300 4978 21 4957 4727 138 5322 5273 4941 3187 3143 1754 112 1642 332 321 150 44 171 4589 57 4532 230 121 194 177 36 49 21 32
internal_count=10090 4963 21 4942 4712 131 5127 5078 4746 3099 3055 1647 100 1547 332 321 150 44 171 4581 57 4524 230 114 194 177 36 49 21 32
is_linear=0
shrinkage=0.05


Tree=80
num_leaves=31
num_cat=0
split_feature=23 24 10 28 10 12 6 29 11 3 6 5 26 4 5 23 11 26 9 5 18 9 10 26 8 9 4 8 5 12
split_gain=55.4903 75.5183 70.2204 173.626 58.5755 46.0861 45.324 43.1834 64.2437 59.3534 49.5537 41.7548 40.9567 27.5852 23.3602 21.7261 58.208 21.7022 21.3946 20.7396 18.8177 28.1596 13.0333 13.0169 9.00733 8.35757 7.22412 6.67207 6.17665 3.86199
threshold=50.500000000000007 80.415000915527358 -0.98295000195503224 38.500000000000007 0.98295000195503246 0.81174999475479137 562.50000000000011 11.150000095367433 1.0000000180025095e-35 264.50000000000006 352.50000000000006 -3.4850000143051143 25.349999427795414 0.89499998092651378 -1.9950000047683714 32.500000000000007 1.0000000180025095e-35 13.949999809265138 -0.37939999997615809 -0.90500000119209278 6.8500001430511483 0.3793999999761582 0.60354998707771312 9.0500001907348651 12.500000000000002 0.91595000028610241 -0.29500000178813929 216.50000000000003 -1.1950000524520872 0.81174999475479137
decision_type=2 2 2 2 2 2 2 2 2 2 2 2 2 2 2 2 2 2 2 2 2 2 2 2 2 2 2 2 2 2
left_child=2 7 3 -1 11 15 -5 -2 13 -10 -11 22 17 -9 -7 16 -6 29 26 -17 21 -13 23 -4 -24 -22 -19 -8 -15 -3
right_child=1 12 4 6 5 14 27 8 9 10 -12 20 -14 28 -16 19 -18 18 -20 -21 25 -23 24 -25 -26 -27 -28 -29 -30 -31
leaf_value=-0.24900558948516849 0.014025775089822379 -0.00056634937502206479 -0.011251146378869564 -0.00056634937502206479 -0.14080505187694844 -0.14563600540161134 -0.1091293656826019 0.027738717987937245 0.171463493257761 0.12839998839689148 0.027738717987937245 -0.078752821435530987 0.014025775089822379 0.10527914668648286 -0.053469805013049737 -0.022700104162045945 -0.028906576125546753 0.0073917360442153565 0.0020746731225873599 -0.00056634937502206479 -0.00056634937502206479 -0.011651067861488888 -0.01611483280410719 -0.00056634937502206479 -0.058324664601912872 -0.0080131481735789389 0.0020746731225873599 -0.051370963007211695 0.053010795935988432 0.0020746731225873599
leaf_weight=9.9999999999999982 123 2700 416 24 12.999999999999998 9.9999999999999982 10.000000000000002 141 15.999999999999998 14.000000000000002 15.999999999999998 18 244 13.000000000000002 22 146 39 1123 827 46 2181 119 455 118 12.999999999999998 718 332 9.9999999999999982 9.9999999999999982 387
leaf_count=10 123 2700 416 24 13 10 10 101 15 14 11 18 132 13 22 146 39 1117 806 46 2164 112 455 118 13 718 332 10 7 387
internal_value=1.44121e-06 0.0031448 -0.0042775 -0.060941 -0.00356822 -0.0258534 -0.0181991 0.0262792 0.0414517 0.093693 0.0522155 -0.00204501 0.00177231 0.0277387 -0.0822717 -0.0184543 -0.0471234 0.000757697 0.0047157 -0.0106897 -0.000566349 -0.0204674 -0.011196 -0.00585756 -0.0172873 -0.000566349 0.00739174 -0.0802502 0.0825538 -0.000566349
internal_weight=10314 5946 4368 54 4314 276 44 333 210 46 30 4038 5613 164 32 244 52 5369 2282 192 3036 137 1002 534 468 2899 1455 20 23 3087
internal_count=10102 5758 4344 54 4290 276 44 284 161 40 25 4014 5474 121 32 244 52 5342 2255 192 3012 130 1002 534 468 2882 1449 20 20 3087
is_linear=0
shrinkage=0.05


Tree=81
num_leaves=31
num_cat=0
split_feature=1 7 7 24 7 1 5 11 18 26 12 10 9 18 7 4 9 7 4 29 10 2 1 26 4 4 2 3 24 8
split_gain=59.2938 87.6727 81.7031 97.8865 79.5893 64.6187 90.1553 61.1485 60.2531 52.2393 50.768 49.3341 49.1701 47.279 42.6042 37.3203 61.4081 35.9849 35.1501 35.0783 33.9081 93.4696 32.5816 28.0948 22.7428 16.1644 15.9034 9.18162 9.18046 8.78096
threshold=79.500000000000014 1026.549987792969 1026.6499633789065 75.415000915527358 1017.6499938964845 51.500000000000007 3.3449999094009404 1.0000000180025095e-35 2.8500000238418584 22.500000000000004 1.0000000180025095e-35 -0.98295000195503224 -0.91595000028610218 2.9500000476837163 1021.9500122070314 -3.2050000429153438 1.0000000180025095e-35 1012.3500061035157 -0.8149999976158141 15.34999990463257 -0.98295000195503224 1.0950000286102297 73.500000000000014 19.150000572204593 0.30500000715255743 -0.14500000327825543 5.4849998950958261 209.50000000000003 742.08499145507824 632.50000000000011
decision_type=2 2 2 2 2 2 2 2 2 2 2 2 2 2 2 2 2 2 2 2 2 2 2 2 2 2 2 2 2 2
left_child=2 4 3 7 8 6 25 19 -2 10 -7 -4 14 18 26 17 -17 -10 -13 -1 21 -14 -9 -22 -21 -5 -6 -15 -16 -11
right_child=1 -3 11 5 12 9 -8 22 15 29 -12 13 20 27 28 16 -18 -19 -20 24 23 -23 -24 -25 -26 -27 -28 -29 -30 -31
leaf_value=0.027373921577470286 -0.095479447501046324 0.12651462967579183 -0.10291973710060121 -0.0044432457773991626 0.021296773136903844 0.0097292468519252322 -0.11244872998107563 0.069306395735059451 0.066232997285468248 0.027373921577470286 -0.002683907151948074 -0.020243030536346518 0.10228285381401128 0.0036013625282794236 0.10159591510891915 -0.026666302940659511 -0.0067518847911542572 0.0016575700217025713 -0.12622585674891104 0.051955826151753072 -0.0011630631773728911 -0.054977279609597446 0.18429796560244127 0.012064391306965896 0.11829458143976 -0.031196132596971383 -0.034524290662375279 0.060473436117172243 0.054118216277233192 0.015226885155438269
leaf_weight=55 21 12.999999999999998 25 359 63 1975 22 14.000000000000002 28 278 1413 17.000000000000004 10.999999999999998 20.000000000000004 15.999999999999998 526 1466 94 12.999999999999998 19 3153 67 10.999999999999998 460 18 67 15.999999999999998 10.999999999999998 28 35
leaf_count=55 21 13 19 359 63 1975 22 14 28 188 1413 17 11 20 16 526 1466 94 13 11 3153 67 11 364 15 67 16 11 28 26
internal_value=4.86997e-05 -0.00319029 0.00448594 0.00545865 -0.00347373 0.00418678 -0.0137481 0.0505611 -0.0112035 0.00635777 0.00455221 -0.043765 0.000853243 -0.0195213 0.0319525 -0.0103663 -0.0120104 0.0164782 -0.0642678 0.0317182 -0.000183117 -0.0327996 0.119903 0.00052103 0.0765377 -0.00865086 0.00999124 0.0237818 0.0713828 0.0259016
internal_weight=10314 5962 4352 4266 5949 4149 448 117 2135 3701 3388 86 3814 61 123 2114 1992 122 30 92 3691 78 25 3613 37 426 79 31 44 313
internal_count=10102 5866 4236 4156 5853 4050 448 106 2135 3602 3388 80 3718 61 123 2114 1992 122 30 81 3595 78 25 3517 26 426 79 31 44 214
is_linear=0
shrinkage=0.05


Tree=82
num_leaves=31
num_cat=0
split_feature=10 7 9 6 10 10 7 7 28 7 8 9 25 7 25 12 4 5 5 7 23 5 23 7 7 12 23 17 5 7
split_gain=47.9279 48.3254 45.6013 86.6184 84.7039 69.6233 135.459 200.345 144.236 52.5229 47.1329 134.497 62.3467 43.4788 42.9586 30.1838 28.312 27.2564 41.9296 26.0846 21.7843 21.1312 19.7105 15.6533 15.6179 15.293 33.5947 15.2619 14.8254 30.325
threshold=0.98295000195503246 1018.7500000000001 0.60354998707771312 457.50000000000006 -0.78654998540878285 -0.98295000195503224 1021.0499877929689 1021.8500061035157 37.500000000000007 1027.850036621094 427.50000000000006 -1.0000000180025095e-35 10.949999809265138 1010.8500061035157 17.250000000000004 -0.56175000965595234 -4.2049999237060538 -2.564999938011169 0.2650000005960465 1020.8500061035157 68.500000000000014 2.9450000524520878 39.500000000000007 1015.2500000000001 1015.1499938964845 0.81174999475479137 43.500000000000007 0.14350000023841861 -2.9550000429153438 1014.1499938964845
decision_type=2 2 2 2 2 2 2 2 2 2 2 2 2 2 2 2 2 2 2 2 2 2 2 2 2 2 2 2 2 2
left_child=2 17 3 4 10 6 8 -8 -5 13 12 -12 -1 -7 24 22 -6 28 23 -18 21 -17 -3 -19 25 -4 -27 -16 29 -2
right_child=1 15 14 5 16 9 7 -9 -10 -11 11 -13 -14 -15 27 20 19 18 -20 -21 -22 -23 -24 -25 -26 26 -28 -29 -30 -31
leaf_value=0.0093842632247200068 -0.10979760776866565 -0.012131754368543626 -0.010961435301032441 -0.12103805593822314 0.032871812352932045 -0.037261102820520066 -0.1948064068089361 -0.034031188110387349 0.0043306578632262031 -0.099966364640455996 0.0043306578632262031 0.14445554079680609 0.039558077473757849 0.001431631920552372 0.010410698673925099 -0.030243520896265825 0.0043306578632262031 -0.056427044225856642 -0.0099118312672039285 0.016790254413462071 0.029472180664539341 0.0043459206415209809 0.042427216105315156 -0.13371209106162976 -0.0042074405286946313 -0.11733014421029525 -0.01941001983576043 0.043922598779201509 0.023500816843339378 -0.021956262662601863
leaf_weight=487 10.999999999999998 25 389 23 87 74 23 123 144 12.999999999999998 35 29 264 3848 106 127 1286 10.000000000000002 18 451 25 30 49 19 2408 10.999999999999998 43 50 13.999999999999998 92
leaf_count=487 11 25 389 23 87 74 23 121 137 13 35 29 213 3785 62 127 1273 10 18 451 25 30 43 19 2407 11 43 25 14 92
internal_value=3.81077e-05 -0.0165048 0.000740354 0.00298333 0.0100976 -0.00143632 -0.0241326 -0.0593588 0.00433066 0.000369005 0.0235014 0.0646906 0.0199913 0.00070158 -0.00439678 -0.00292996 0.00433066 -0.0376948 -0.0698556 0.00433066 -0.0138775 -0.0207803 0.0239951 -0.107062 -0.00579473 -0.0144227 -0.0393567 0.0211517 -0.0247755 -0.0313374
internal_weight=10314 420 9894 6887 2639 4248 313 146 167 3935 815 64 751 3922 3007 256 1824 164 47 1737 182 157 74 29 2851 443 54 156 117 103
internal_count=10102 414 9688 6751 2575 4176 304 144 160 3872 764 64 700 3859 2937 250 1811 164 47 1724 182 157 68 29 2850 443 54 87 117 103
is_linear=0
shrinkage=0.05


Tree=83
num_leaves=31
num_cat=0
split_feature=1 6 28 7 12 7 10 7 12 24 7 18 3 26 17 9 7 4 27 17 10 3 7 3 4 9 2 27 27 26
split_gain=52.4902 81.9709 93.3881 142.144 87.2602 79.5946 66.4423 65.9924 56.6343 55.7401 70.4756 54.7265 50.9173 48.7155 46.2701 44.9798 38.4067 35.3855 34.7198 33.9291 33.6034 88.7275 33.0891 35.2282 32.6802 38.828 32.3633 30.8401 26.8684 23.1257
threshold=79.500000000000014 792.50000000000011 48.500000000000007 1024.549987792969 -0.56175000965595234 1026.4500122070315 -0.91595000028610218 1017.6499938964845 -0.56175000965595234 75.415000915527358 1022.0499877929689 2.8500000238418584 184.50000000000003 22.750000000000004 0.12350000068545343 -0.91595000028610218 1021.9500122070314 -0.85500001907348622 16.050000190734867 0.1094999983906746 -0.98295000195503224 230.50000000000003 1021.9500122070314 44.500000000000007 -4.2049999237060538 -0.91595000028610218 3.6550000905990605 13.750000000000002 9.7500000000000018 19.150000572204593
decision_type=2 2 2 2 2 2 2 2 2 2 2 2 2 2 2 2 2 2 2 2 2 2 2 2 2 2 2 2 2 2
left_child=1 4 3 -3 6 7 14 11 12 10 -6 -2 -4 -11 27 16 -9 26 -12 -7 21 -17 -10 -24 -13 -26 -8 -1 -16 -22
right_child=5 2 8 -5 9 19 17 15 22 13 18 24 -14 -15 28 20 -18 -19 -20 -21 29 -23 23 -25 25 -27 -28 -29 -30 -31
leaf_value=0.018582449174885239 -0.090777057125454863 -0.031921467439738581 -0.0070876590057552648 -0.17987028109399897 0.026298131415118938 0.036143795214593405 0.04802137685837185 0.0094182625619246632 0.0031406243625454553 0.0031406243625454553 0.053984823326269776 0.032021478733614737 -0.031921467439738581 0.026298131415118938 0.065809812679838556 -0.067096616334535869 0.067707206105644055 0.0036869716542895416 0.16988668271473475 0.1502164656465704 -0.0013028847833889223 0.051713047498329126 -0.031921467439738581 -0.0040105331721612776 -0.04988690593936404 -0.0093939837929775307 0.015206715020661551 0.063641192547736633 0.12772382908949145 0.010701088284182808
leaf_weight=98 21 47 523 19 39 16.000000000000004 117 79 856 1354 12.000000000000002 46 91 230 13.999999999999998 55 44 327 13.999999999999998 10.999999999999998 3140 22 63 249 61 2007 210 62 27 460
leaf_count=98 21 47 523 18 39 16 117 79 846 1354 12 46 91 148 14 55 44 327 14 11 3140 22 63 248 61 2007 210 45 22 364
internal_value=1.20269e-05 0.00418694 -0.00380076 -0.0622053 0.010082 -0.00303547 0.0230445 -0.00342514 -0.00163763 0.00336101 0.0494556 -0.0104591 -0.014089 0.00314062 0.0481865 0.000526836 0.0302696 0.0153174 0.116394 0.0826178 -0.000468095 -0.033151 0.00314062 -0.0134976 -0.00966123 -0.0105884 0.0269477 0.0360427 0.0955769 0.000230956
internal_weight=10314 4352 1848 66 2504 5962 855 5935 1782 1649 65 2135 614 1584 201 3800 123 654 26 27 3677 77 1168 312 2114 2068 327 160 41 3600
internal_count=10102 4236 1836 65 2400 5866 833 5839 1771 1567 65 2135 614 1502 179 3704 123 654 26 27 3581 77 1157 311 2114 2068 327 143 36 3504
is_linear=0
shrinkage=0.05


Tree=84
num_leaves=31
num_cat=0
split_feature=1 6 24 7 28 12 7 7 12 4 22 10 26 9 4 9 7 29 17 26 8 10 12 5 21 26 28 5 6 1
split_gain=47.1038 77.9518 92.7064 86.4481 157.867 72.3507 71.6919 62.817 54.1073 50.5844 49.5186 44.5087 37.7063 37.6584 36.7881 41.2071 36.7825 35.0551 60.6153 31.2287 29.4143 27.9642 87.9282 27.6667 26.3584 24.0798 20.3125 19.0138 17.1062 13.9374
threshold=78.500000000000014 787.50000000000011 80.415000915527358 1024.549987792969 55.500000000000007 -0.56175000965595234 1026.4500122070315 1017.6499938964845 -0.56175000965595234 0.44499999284744268 2.8500000238418584 -0.98295000195503224 22.750000000000004 -0.91595000028610218 -4.2049999237060538 1.0000000180025095e-35 1021.9500122070314 11.550000190734865 0.1225000023841858 15.650000095367433 579.50000000000011 -0.98295000195503224 0.81174999475479137 4.1449999809265146 16.44999980926514 19.150000572204593 65.500000000000014 -1.1549999713897703 352.50000000000006 43.500000000000007
decision_type=2 2 2 2 2 2 2 2 2 2 2 2 2 2 2 2 2 2 2 2 2 2 2 2 2 2 2 2 2 2
left_child=1 2 17 8 -5 24 7 10 9 20 -2 -6 -7 16 28 -16 -9 -1 -19 -8 -3 22 -15 -11 -4 -23 -13 -20 -12 -10
right_child=6 3 5 4 11 12 19 13 29 23 14 26 -14 21 15 -17 -18 18 27 -21 -22 25 -24 -25 -26 -27 -28 -29 -30 -31
leaf_value=0.031067460312773305 -0.086238205432891846 0.0034587838651112691 0.015486001165054454 -0.17087676964308088 -0.095402415692744755 0.0034587838651112691 0.034585873563500007 0.0081153004875590736 -0.039208034853692411 -0.033523811153801424 0.074194564111530789 -0.041040813666768372 0.02506259876101008 -0.0018323730799506923 -0.020674448872755213 -0.0056114598464319593 0.064321844887242394 0.052623025615832222 0.1766742612634386 0.14270564317703247 -0.019250751325356846 -0.0011570101654801814 -0.13041789040845983 -0.11438707674250884 0.031067460312773305 0.010820155670959116 -0.0034201425794510298 0.094423873625054916 0.013440321714040779 0.0034587838651112691
leaf_weight=35 21 205 549 19 12.999999999999998 1223 17.000000000000004 86 27 28 15.999999999999998 49 214 61 650 1506 44 53 14.000000000000002 10.999999999999998 281 3244 17 17 159 482 134 12.999999999999998 42 1084
leaf_count=35 21 205 544 18 13 1223 17 86 27 28 16 49 137 61 650 1506 44 41 14 11 281 3244 17 17 159 381 134 8 42 1073
internal_value=-1.00729e-05 0.0041355 0.0103721 -0.00345448 -0.0332677 0.00802725 -0.0027642 -0.00312652 0.000449199 -0.0133564 -0.00982042 -0.0199281 0.00345878 0.000676455 -0.00909559 -0.0101527 0.0271391 0.0541077 0.0741786 0.0770615 -0.00866052 -0.000227893 -0.0298574 -0.0640722 0.0213112 0.000392371 -0.0134934 0.136225 0.0302001 0.00345878
internal_weight=10314 4117 2260 1857 215 2145 6197 6169 1642 531 2235 196 1437 3934 2214 2156 130 115 80 28 486 3804 78 45 708 3726 183 27 58 1111
internal_count=10102 4006 2161 1845 214 2063 6096 6068 1631 531 2235 196 1360 3833 2214 2156 130 98 63 28 486 3703 78 45 703 3625 183 22 58 1100
is_linear=0
shrinkage=0.05


Tree=85
num_leaves=31
num_cat=0
split_feature=7 27 10 1 24 7 1 11 28 4 9 25 4 7 17 7 18 10 9 7 4 6 10 10 6 0 23 2 24 11
split_gain=58.5513 110.198 228.097 48.5838 92.4303 69.8356 47.2711 47.3513 161.929 47.0128 57.0084 46.2307 41.7833 40.8714 40.6443 39.5584 38.8013 34.9559 32.6625 36.0445 32.193 29.3849 59.4412 41.3359 28.7959 15.9875 14.6419 10.8641 9.99546 9.51166
threshold=1026.6499633789065 22.150000572204593 -0.98295000195503224 77.500000000000014 75.415000915527358 1017.6499938964845 51.500000000000007 0.60784998536109935 35.500000000000007 -3.7250000238418575 -0.91595000028610218 10.449999809265138 0.18500000238418582 1011.6499938964845 0.12949999421834948 1020.1499938964845 2.9500000476837163 0.98295000195503246 -0.91595000028610218 1021.9500122070314 -0.8149999976158141 392.50000000000006 -0.6035499870777129 -0.98295000195503224 352.50000000000006 30.750000000000004 51.500000000000007 5.4849998950958261 742.08499145507824 -0.87834998965263356
decision_type=2 2 2 2 2 2 2 2 2 2 2 2 2 2 2 2 2 2 2 2 2 2 2 2 2 2 2 2 2 2
left_child=3 2 -2 4 11 9 12 13 -9 24 29 -1 25 -8 -13 -14 20 -12 19 27 -4 22 -20 -23 -5 -6 -16 -7 -21 -11
right_child=1 -3 16 5 6 18 7 8 -10 10 17 14 15 -15 26 -17 -18 -19 21 28 -22 23 -24 -25 -26 -27 -28 -29 -30 -31
leaf_value=0.027646003532188226 -0.21388258871279264 0.072507229917927796 -0.025117038256401599 0.061551825228062546 -0.0099058892589175343 0.015598024536348596 -0.027651252999442488 -0.14882913765154387 -0.0012819745732199925 -0.091726057657173704 -0.0082403937754504854 0.051323562797798067 -0.025203791679814458 0.010373737005582069 0.088706656342118731 -0.11120416551000543 0.0062486189901243333 -0.037059039871002807 0.01671676167727346 0.093478779308497906 -0.10535954260784719 -0.043801123911843584 -0.00080523466064234177 -0.0037399742262635067 0.0053882762487675699 0.017051594976025323 0.16088674664497377 -0.02744500074154025 0.044250047874861753 -0.045883417824062252
leaf_weight=21 19 19 18 33 330 79 73 19 873 13.999999999999998 2022 52 52 2212 12.000000000000002 18 35 111 634 15.999999999999998 18 68 2046 1213 74 66 13.999999999999998 18 29 59
leaf_count=21 19 12 18 33 330 79 73 19 867 14 2022 45 52 2139 6 18 35 111 602 16 18 68 1971 1213 74 66 14 18 29 59
internal_value=-0.000459833 -0.0369107 -0.06001 -6.86984e-05 0.00445915 -0.00270947 0.00316372 0.00534506 -0.0044248 -0.00965714 -0.0112271 0.0521283 -0.0117077 0.00915893 0.0750011 -0.0473182 -0.0188328 -0.0097401 0.00120716 0.0247686 -0.0564827 0.000362497 0.00333989 -0.00586656 0.0227097 -0.00541298 0.12609 0.00761066 0.0617536 -0.0546752
internal_weight=10267 109 90 10158 3742 6416 3643 3177 892 2313 2206 99 466 2285 78 70 71 2133 4103 142 36 3961 2680 1281 107 396 26 97 45 73
internal_count=10061 102 90 9959 3650 6309 3564 3098 886 2313 2206 86 466 2212 65 70 71 2133 3996 142 36 3854 2573 1281 107 396 20 97 45 73
is_linear=0
shrinkage=0.05


Tree=86
num_leaves=31
num_cat=0
split_feature=7 3 3 4 8 1 24 7 1 5 11 28 4 9 23 7 11 18 9 7 9 6 10 10 6 8 1 8 4 7
split_gain=51.7295 137.732 78.7485 61.8379 73.0657 43.6054 80.8917 63.0266 42.6622 70.9776 42.7345 146.141 42.429 53.2783 38.1948 36.9591 36.1108 34.2294 29.4779 32.5302 28.5387 26.5199 53.6456 37.3056 25.9883 24.1873 22.8507 11.4483 10.6548 9.61225
threshold=1026.6499633789065 285.50000000000006 219.50000000000003 -0.29500000178813929 216.50000000000003 77.500000000000014 75.415000915527358 1017.6499938964845 51.500000000000007 3.3449999094009404 0.60784998536109935 35.500000000000007 -3.7250000238418575 1.0000000180025095e-35 62.500000000000007 1011.9500122070314 1.0000000180025095e-35 4.6499998569488534 -0.91595000028610218 1021.9500122070314 -0.91595000028610218 392.50000000000006 -0.6035499870777129 -0.98295000195503224 352.50000000000006 411.50000000000006 73.500000000000014 273.50000000000006 -0.14500000327825543 1025.6499633789065
decision_type=2 2 2 2 2 2 2 2 2 2 2 2 2 2 2 2 2 2 2 2 2 2 2 2 2 2 2 2 2 2
left_child=5 2 3 -2 -5 6 16 12 9 28 15 -12 24 20 -6 -10 25 -15 19 27 -14 22 -20 -23 -7 29 -18 -9 -8 -1
right_child=1 -3 -4 4 14 7 8 18 10 -11 11 -13 13 17 -16 -17 26 -19 21 -21 -22 23 -24 -25 -26 -27 -28 -29 -30 -31
leaf_value=0.025908757308739962 -0.0010930368615510433 -0.20246215652335775 0.054996453305440285 0.01663374796509743 -0.21853644728660582 0.058474234469009172 -0.0035992967418596064 0.017898259245391405 -0.023849542257708634 -0.10327123835682871 -0.14138768534911306 -0.0012178758362694096 -0.051941398827180477 -0.072228245162650168 -0.086226344108581543 0.009943261352801519 0.054838673655803388 -0.0046984157335012693 0.015880923461700953 0.05866591657201449 -0.018822470523605757 -0.041611067430280591 -0.00076497298434078796 -0.0035529755041604407 0.0051188626905550837 0.095294709675587147 0.15052005701387922 -0.020427997717288912 -0.024603585251315965 0.072507130641203663
leaf_weight=48 38 10.999999999999998 28 9.9999999999999982 10 33 374 70 84 20 19 873 73 19 12 2201 13 1517 634 45 597 68 2046 1213 74 12.999999999999998 12 27 72 12.999999999999998
leaf_count=41 37 11 22 10 10 33 374 70 84 20 19 867 73 19 12 2128 13 1517 602 45 597 68 1971 1213 74 13 12 27 72 7
internal_value=-0.000439825 -0.0347015 -0.0158712 -0.0442183 -0.0954295 -7.21822e-05 0.00421741 -0.002574 0.00300554 -0.0111224 0.0050778 -0.00420356 -0.00917429 -0.0106657 -0.146367 0.00870099 0.048812 -0.00553375 0.00114681 0.0235302 -0.022431 0.000344372 0.0031729 -0.00557323 0.0215743 0.03126 0.100766 0.00723013 -0.00699012 0.0259088
internal_weight=10267 109 98 70 32 10158 3742 6416 3643 466 3177 892 2313 2206 22 2285 99 1536 4103 142 670 3961 2680 1281 107 74 25 97 446 61
internal_count=10061 102 91 69 32 9959 3650 6309 3564 466 3098 886 2313 2206 22 2212 86 1536 3996 142 670 3854 2573 1281 107 61 25 97 446 48
is_linear=0
shrinkage=0.05


Tree=87
num_leaves=30
num_cat=0
split_feature=7 3 3 4 8 2 0 1 7 26 0 10 1 10 6 6 4 1 10 26 7 10 7 1 12 17 7 7 18
split_gain=46.6704 124.303 71.0705 55.8087 65.9418 42.2229 41.4365 38.1228 52.4069 47.3817 45.6251 36.4566 39.1038 34.4708 28.2494 20.91 19.031 17.4845 15.1588 13.1168 12.7287 10.7788 10.6827 10.0822 8.66838 7.56254 4.46706 4.31473 0.725312
threshold=1026.6499633789065 285.50000000000006 219.50000000000003 -0.29500000178813929 216.50000000000003 0.56999999284744274 24.94999980926514 77.500000000000014 1020.8500061035157 12.050000190734865 18.849999427795414 0.98295000195503246 79.500000000000014 -0.98295000195503224 362.50000000000006 587.50000000000011 -0.44499999284744257 66.500000000000014 -0.6035499870777129 10.650000095367433 1024.1499633789065 -0.78654998540878285 1011.7500000000001 87.500000000000014 0.81174999475479137 0.14350000023841861 1027.299987792969 1027.049987792969 15.84999990463257
decision_type=2 2 2 2 2 2 2 2 2 2 2 2 2 2 2 2 2 2 2 2 2 2 2 2 2 2 2 2 2
left_child=5 2 3 27 -5 6 18 9 11 17 23 14 -13 -6 -9 -11 -12 22 19 -1 -19 -17 -7 -10 -21 28 -4 -2 -20
right_child=1 -3 26 4 13 7 -8 8 10 15 16 12 -14 -15 -16 21 -18 20 25 24 -22 -23 -24 -25 -26 -27 -28 -29 -30
leaf_value=0.0094906885451433946 0.015809865413527743 -0.19233905131166631 0.070838717768589646 0.015802060514688493 -0.20760962486267093 -0.02731026979727727 0.11943238720297814 -0.0013654699128989585 -0.00068589258198745737 0.0094906885451433946 -0.000349697233068222 -0.090885155825387864 -0.019076102982537868 -0.08191502541303633 -0.0097473558217968711 0.0025496602621421106 0.0094906885451433946 0.0025496602621421106 0.0094906885451433946 0.063505681196693337 -0.020675031656904496 0.006293459626000599 -0.0063730177177925302 -0.015493969963863492 0.027364536217052583 0.037365238606929779 0.03079422253828782 -0.017886634565595732 0.02342796357603659
leaf_weight=11.999999999999998 19 10.999999999999998 15 9.9999999999999982 9.9999999999999982 66 9.9999999999999982 2330 195 774 505 21 195 12.000000000000002 1768 376 895 656 135 32 59 980 792 280 31 25 13 19 21
leaf_count=12 19 11 15 10 10 66 10 2280 195 728 498 21 195 12 1768 357 873 656 125 28 59 957 792 280 24 14 7 18 21
internal_value=-0.000423249 -0.0329664 -0.0150776 -0.0420074 -0.090658 -7.40455e-05 0.019584 -0.00060266 -0.00300363 0.0034102 0.00397538 -0.00603693 -0.0260575 -0.139049 -0.00498167 0.00827061 0.00851849 -0.00317129 0.0156837 0.0347138 0.00254966 0.00309623 -0.00798358 -0.00941486 0.0452384 0.00949069 0.0522466 -0.00103838 0.00949069
internal_weight=10267 109 98 70 32 10158 266 9892 6189 3703 1875 4314 216 22 4098 2130 1400 1573 256 75 715 1356 858 475 63 181 28 38 156
internal_count=10061 102 91 69 32 9959 234 9725 6110 3615 1846 4264 216 22 4048 2042 1371 1573 224 64 715 1314 858 475 52 160 22 37 146
is_linear=0
shrinkage=0.05


Tree=88
num_leaves=31
num_cat=0
split_feature=7 3 3 4 8 2 0 1 7 14 6 7 10 12 7 0 23 12 4 6 5 10 7 12 23 4 7 7 1 18
split_gain=42.206 112.183 64.1411 50.3673 59.5125 36.6955 37.6469 34.7719 48.4531 48.6353 41.6911 41.6559 81.431 40.5396 39.1381 31.7737 31.1099 29.0992 23.9055 18.8811 15.543 13.7319 9.30257 9.99446 8.74558 7.10755 4.03153 3.89404 2.77111 0.633902
threshold=1026.6499633789065 285.50000000000006 219.50000000000003 -0.29500000178813929 216.50000000000003 0.56999999284744274 24.94999980926514 77.500000000000014 1019.5499877929689 48.000000000000007 787.50000000000011 1024.549987792969 -0.98295000195503224 -0.56175000965595234 1010.6499938964845 18.849999427795414 62.500000000000007 -0.56175000965595234 -2.945000052452087 332.50000000000006 0.64499998092651378 -0.6035499870777129 1021.1499938964845 0.81174999475479137 59.500000000000007 -0.41499999165534968 1027.299987792969 1027.049987792969 89.500000000000014 21.150000572204593
decision_type=2 2 2 2 2 2 2 2 2 2 2 2 2 2 2 2 2 2 2 2 2 2 2 2 2 2 2 2 2 2
left_child=5 2 3 27 -5 6 21 10 9 18 17 13 -13 -12 -11 24 -6 -7 -9 -17 -19 22 28 -24 -10 -23 -4 -2 -1 -27
right_child=1 -3 26 4 16 7 -8 8 15 14 11 12 -14 -15 -16 19 -18 20 -20 -21 -22 25 23 -25 -26 29 -28 -29 -30 -31
leaf_value=0.0088782555945345239 0.015019372036974683 -0.18272209275852552 0.067296782645086442 0.015011958330869674 -0.19722914576530454 0.0088782555945345239 0.11346076590940357 0.0088782555945345239 -0.011366572013574621 -0.084174090467001264 -0.012033323416324734 -0.12680482036537596 -0.013962085857349156 0.0029609127889128062 -0.012008910099329782 0.0088782555945345239 -0.077819276321679343 0.0029609127889128062 -0.0031301953359231453 2.5950504615650253e-06 0.0088782555945345239 0.040827510671483151 0.064015428376915234 0.024216774446440156 -0.0016378016547679364 0.0088782555945345239 0.029254512603466329 -0.016992302708278752 0.035754598677158356 0.02921868097037077
leaf_weight=12.000000000000002 19 10.999999999999998 15 9.9999999999999982 10 657 9.9999999999999982 170 499 19 507 18 143 1065 1685 1145 12 934 1487 1069 379 18 24 29 115 147 13 19 9.9999999999999982 15.999999999999998
leaf_count=12 19 11 15 10 10 638 10 170 499 19 507 18 143 1056 1685 1071 12 905 1486 1065 348 12 20 22 115 132 7 18 10 16
internal_value=-0.000370555 -0.0313181 -0.0143238 -0.039907 -0.0861251 -3.84735e-05 0.0182878 -0.000531274 -0.0028243 -0.00688243 0.00330117 -0.00235535 -0.026578 0.000125474 -0.0128136 0.00199868 -0.132096 0.00827717 -0.000783057 0.00478968 0.00296091 0.0145701 0.0327176 0.0441347 -0.00806528 0.00887826 0.0496343 -0.000986465 0.00887826 0.00887826
internal_weight=10267 109 98 70 32 10158 266 9892 6189 3361 3703 1733 161 1572 1704 2828 22 1970 1657 2214 1313 256 75 53 614 181 28 38 22 163
internal_count=10061 102 91 69 32 9959 234 9725 6110 3360 3615 1724 161 1563 1704 2750 22 1891 1656 2136 1253 224 64 42 614 160 22 37 22 148
is_linear=0
shrinkage=0.05


Tree=89
num_leaves=30
num_cat=0
split_feature=7 3 3 26 11 3 10 9 6 11 23 18 10 7 11 11 5 3 5 14 5 9 2 3 28 29 18 7 2
split_gain=38.2071 101.245 57.8874 36.2097 33.7619 51.5344 33.0035 38.8629 68.9881 34.7607 41.1904 35.8256 32.4369 20.5428 20.865 17.0005 16.8597 15.9482 23.7396 18.4427 15.725 14.0745 10.6876 9.39609 8.01391 7.69264 4.84145 3.63845 0.679702
threshold=1026.6499633789065 285.50000000000006 219.50000000000003 24.250000000000004 0.87834998965263378 27.500000000000004 0.98295000195503246 0.60354998707771312 457.50000000000006 1.0000000180025095e-35 40.500000000000007 10.949999809265138 -0.91595000028610218 1019.6499938964845 0.87834998965263378 -0.87834998965263356 1.2250000238418581 200.50000000000003 -2.4550000429153438 33.000000000000007 -0.085000000894069658 -1.0000000180025095e-35 0.73500001430511486 240.50000000000003 78.500000000000014 5.9500000476837167 7.8500001430511483 1027.299987792969 0.51499998569488536
decision_type=2 2 2 2 2 2 2 2 2 2 2 2 2 2 2 2 2 2 2 2 2 2 2 2 2 2 2 2 2
left_child=3 2 4 6 5 -2 7 8 15 10 11 -8 -10 14 -11 -1 -12 18 -9 -19 24 -7 28 26 -5 -15 -24 -4 -22
right_child=1 -3 27 20 -6 21 9 17 12 13 16 -13 -14 25 -16 -17 -18 19 -20 -21 22 -23 23 -25 -26 -27 -28 -29 -30
leaf_value=0.002595995820616261 -0.10835912734813367 -0.17358598817478529 0.063931942023336893 0.0071495561266995689 -0.096931714815501543 -0.008484758268078341 -0.10843902017389025 -0.0073231871973722081 -0.011114810462634586 0.0028293239159716504 -0.018643744306963521 -0.035593988131298576 0.00025300093635306748 -0.033388566269594078 -0.054719875806144305 0.0071495561266995689 0.0071495561266995689 -0.0008933017632063539 0.0071495561266995689 -0.010715855569148131 0.053894998729228975 0.057938542420213859 0.010074332560392193 0.033105018001745694 0.032342902260522048 0.0071495561266995689 0.033105018001745694 0.027791787569339456 0.040859448909759524
leaf_weight=456 11.999999999999998 10.999999999999998 15 135 18 28.999999999999996 21 426 779 36 109 86 3227 17 28 2002 22 751 392 1314 20 11.000000000000002 137 29 36 99 15.999999999999998 13 20
leaf_count=456 12 11 15 84 18 29 21 426 772 36 109 86 3221 17 28 1996 22 751 392 1308 10 10 80 13 18 92 11 7 10
internal_value=-0.000307228 -0.0297522 -0.0136076 8.73018e-06 -0.0379116 -0.0174816 -0.000590148 2.45555e-05 0.0021777 -0.0143357 -0.026875 -0.0498907 -0.00195756 0.00224408 -0.0223485 0.00714956 -0.00807596 -0.00480303 0.0011056 -0.00714359 0.0148893 0.00978165 0.0239759 0.0188328 0.00714956 0.00714956 0.0132094 0.0471526 0.0473772
internal_weight=10267 109 98 10158 70 52 9765 9347 6464 418 238 107 4006 180 64 2458 131 2883 818 2065 393 40 222 182 171 116 153 28 40
internal_count=10061 102 91 9959 69 51 9733 9322 6445 411 238 107 3993 173 64 2452 131 2877 818 2059 226 39 124 104 102 109 91 22 20
is_linear=0
shrinkage=0.05


Tree=90
num_leaves=31
num_cat=0
split_feature=5 7 4 27 4 12 1 17 12 8 12 11 7 4 7 24 8 5 24 7 20 4 2 18 23 7 25 12 1 7
split_gain=36.151 66.078 144.508 35.8607 56.2035 36.5399 83.43 41.1598 43.7355 34.2884 98.8267 31.5549 42.7515 37.3799 67.0722 39.2109 63.2189 33.122 31.7107 31.2857 29.3172 24.9378 23.5972 23.0375 22.7264 21.4872 20.0696 17.4548 12.659 12.304
threshold=-0.29500000178813929 1026.6499633789065 -0.095000002533197389 13.650000095367433 2.7150000333786015 -0.56175000965595234 53.500000000000007 0.10050000250339509 1.0000000180025095e-35 12.500000000000002 -0.56175000965595234 -0.87834998965263356 1010.3500061035157 -2.4750000238418575 1014.1499938964845 75.415000915527358 200.50000000000003 -5.7449998855590811 410.41499328613287 1020.0499877929689 3.8500000238418584 2.3950001001358037 5.9849998950958261 19.849999427795414 50.500000000000007 1025.2500000000002 10.150000095367433 0.81174999475479137 87.500000000000014 1009.8500061035157
decision_type=2 2 2 2 2 2 2 2 2 2 2 2 2 2 2 2 2 2 2 2 2 2 2 2 2 2 2 2 2 2
left_child=1 11 -3 5 9 6 -2 8 21 27 -11 12 29 14 26 16 -15 -14 -16 -8 -17 -7 28 -19 -10 -21 -13 -5 -9 -1
right_child=3 2 -4 4 -6 7 19 22 24 10 -12 13 17 15 18 20 -18 23 -20 25 -22 -23 -24 -25 -26 -27 -28 -29 -30 -31
leaf_value=-0.047650062851607791 -0.10635482654685068 -0.01264442398013281 -0.22040582299232483 0.0084329857206402511 0.10766021460294724 -0.027244550336469359 -0.016463699924298025 0.0084329857206402511 -0.024920336568061641 0.075067390791781541 0.0084329857206402511 0.014456238686060064 0.066576311737298971 0.0034712733158321924 0.053035277447530206 -0.04209307813834326 0.056027960540218795 -0.015597682320661447 -0.001158947985712439 0.0075411837941116392 -0.0039454843589210916 -0.093051617811707898 -0.0018665433419192746 0.0070628525276801414 -0.0018665433419192746 -0.035799465166224585 0.044237324186233863 0.027746082569892458 0.0032832211893604885 -0.11835004568099977
leaf_weight=16.000000000000004 21 35 10.999999999999998 318 15.999999999999998 94 339 1391 109 77 19 99 13.999999999999998 430 28 51 66 564 750 369 4045 17 160 140 160 31 132 121 630 9.9999999999999982
leaf_count=16 21 34 11 318 16 94 339 1294 109 69 16 99 14 415 28 51 59 564 739 369 4014 17 160 140 160 31 132 85 630 10
internal_value=-0.000306153 -0.00261596 -0.0623265 0.00350634 0.0153196 0.00154636 -0.00808123 0.00440343 -0.0107824 0.012558 0.0398616 -0.00218307 -0.0118577 -0.000897959 0.00781593 -0.00281266 0.0104647 -0.00957692 0.000791487 -0.00528861 -0.00442047 -0.0373231 0.00704929 -0.0110913 -0.00186654 0.00418228 0.031474 0.00843299 0.00843299 -0.0748424
internal_weight=10263 6391 46 3872 551 3321 760 2561 380 535 96 6345 744 5601 1009 4592 496 718 778 739 4096 111 2181 704 269 400 231 439 2021 26
internal_count=10054 6326 45 3728 504 3224 760 2464 380 488 85 6281 744 5537 998 4539 474 718 767 739 4065 111 2084 704 269 400 231 403 1924 26
is_linear=0
shrinkage=0.05


Tree=91
num_leaves=31
num_cat=0
split_feature=5 10 28 23 5 11 1 11 20 11 8 6 28 25 18 27 4 10 12 12 1 17 6 10 18 5 9 2 10 12
split_gain=32.6397 55.2616 195.377 185.955 122.205 81.8753 76.4246 72.3823 61.8855 39.6366 37.6627 53.5715 49.0879 47.1488 34.9588 34.098 49.9467 37.9493 70.8656 33.7185 75.1808 36.8777 43.8386 29.985 33.3244 24.457 27.0327 22.5643 22.0324 21.6097
threshold=-0.23499999940395352 -0.98295000195503224 37.500000000000007 63.500000000000007 -2.3049999475479122 0.87834998965263378 75.500000000000014 -1.0000000180025095e-35 12.550000190734865 -0.87834998965263356 8.5000000000000018 737.50000000000011 59.500000000000007 9.8499999046325701 6.8500001430511483 13.650000095367433 2.7150000333786015 -0.6035499870777129 -0.56175000965595234 -0.56175000965595234 53.500000000000007 0.10050000250339509 662.50000000000011 -0.37939999997615809 18.750000000000004 -3.4850000143051143 0.91595000028610241 5.9849998950958261 0.98295000195503246 1.0000000180025095e-35
decision_type=2 2 2 2 2 2 2 2 2 2 2 2 2 2 2 2 2 2 2 2 2 2 2 2 2 2 2 2 2 2
left_child=1 2 3 5 6 -1 8 14 -4 23 25 13 -13 -12 -6 19 17 18 -17 20 -2 22 -21 -3 28 -11 -27 -23 -25 -24
right_child=15 9 4 -5 7 -7 -8 -9 -10 10 11 12 -14 -15 -16 16 -18 -19 -20 21 -22 27 29 24 -26 26 -28 -29 -30 -31
leaf_value=-0.25818511872064498 -0.1010370861916315 0.0031313922786775448 0.019864723414244237 -0.060488164186063745 -0.050800920128822327 -0.12762764277157002 -0.060488164186063745 -0.060488164186063745 0.12174426737953635 -0.010803005779362676 0.0036026561690740058 -0.027646352848063951 0.00092012015802717486 0.020540818224440604 0.047313039620285449 0.062193072416349172 0.10227720430120826 0.0084080500416676991 0.0084080500416676991 -0.0016814648464966104 -0.0050901417278044793 0.0084080500416676991 -0.047984423129646868 -0.022501197171452911 0.0033429799660567258 0.0022707281581415373 -0.011162175976429402 -0.0016814648464966104 -0.064091828380312243 -0.014987263329401774
leaf_weight=21 21 218 121 13.999999999999998 14.999999999999998 12.999999999999998 22 27 17 882 724 180 914 677 23 97 15.999999999999998 367 38 182 735 1983 81 353 126 1600 489 160 35 112
leaf_count=21 21 218 115 13 13 13 22 27 17 882 724 180 906 637 23 89 16 339 29 182 735 1891 81 353 126 1585 489 160 35 112
internal_value=-0.000292433 -0.00245094 -0.024467 -0.116046 -0.00493016 -0.194767 0.0185695 -0.0604882 0.0324151 -0.00148121 -1.79799e-05 0.00451107 -0.00378003 0.0109853 0.00858384 0.00339104 0.015311 0.0125392 0.0360888 0.00150511 -0.00775533 0.00428545 -0.0101796 -0.0124075 -0.0189979 -0.0038214 -0.00087369 0.00681666 -0.0262529 -0.0282931
internal_weight=10263 6471 273 48 225 34 160 65 138 6198 5466 2495 1094 1401 38 3792 518 502 135 3274 756 2518 375 732 514 2971 2089 2143 388 193
internal_count=10054 6399 264 47 217 34 154 63 132 6135 5403 2447 1086 1361 36 3655 473 457 118 3182 756 2426 375 732 514 2956 2074 2051 388 193
is_linear=0
shrinkage=0.05


Tree=92
num_leaves=28
num_cat=0
split_feature=7 24 10 1 8 2 11 0 10 7 29 1 5 6 8 26 8 4 8 4 3 26 6 0 26 26 3
split_gain=30.2709 78.7458 132.705 33.9407 83.2394 75.5067 47.6432 38.3392 62.3277 28.4686 36.4772 25.7842 48.0252 28.3413 41.4725 27.7562 24.0933 56.5431 27.1566 22.0469 17.3544 15.7393 14.5984 20.1536 8.65347 7.70677 2.53813
threshold=1026.7500000000002 42.915000915527351 -0.98295000195503224 80.500000000000014 397.50000000000006 0.98500001430511486 1.0000000180025095e-35 24.849999427795414 -0.98295000195503224 1017.3500061035157 14.150000095367433 51.500000000000007 3.3449999094009404 1342.5000000000002 460.50000000000006 12.449999809265138 200.50000000000003 0.82499998807907116 10.500000000000002 -3.314999938011169 117.50000000000001 18.849999427795414 1017.5000000000001 23.44999980926514 11.449999809265138 13.550000190734865 36.500000000000007
decision_type=2 2 2 2 2 2 2 2 2 2 2 2 2 2 2 2 2 2 2 2 2 2 2 2 2 2 2
left_child=3 -2 -3 5 9 7 20 21 -9 10 19 12 24 15 -15 -13 18 -18 -11 -5 -6 26 -4 -24 -7 -12 -1
right_child=1 2 22 4 6 11 -8 8 -10 16 25 13 -14 14 -16 -17 17 -19 -20 -21 -22 -23 23 -25 -26 -27 -28
leaf_value=0.038858431867502548 0.064073973066276976 -0.18509314298629762 0.005529852679031372 0.0031289165237310583 -0.16298233022292452 -0.014596833665011048 -0.011013738416573582 0.17678015736433172 0.056953601976353102 -0.00074810839806977955 0.0055396160417744388 -0.00090681215679090969 -0.086923238098327277 -0.1238533052802086 -0.013550145342525114 0.0076782380069941418 -0.026363364945040546 0.06057328768074513 0.010468912667037745 -0.010864541409615271 -0.07603598060933027 0.056953601976353102 -0.0848649310214179 -0.015675185865253488 -0.00028265508993079993 0.027432677456857388 0.020763261758651994
leaf_weight=10.999999999999998 18 14.999999999999998 19 84 12.000000000000002 171 17 13.000000000000002 18 2918 88 1678 19 9.9999999999999982 49 2145 171 21 662 1629 10.999999999999998 28 13.999999999999998 23 276 74 69
leaf_count=11 12 15 19 84 12 171 17 13 18 2846 88 1678 19 10 49 2041 171 21 645 1629 11 18 14 23 276 74 69
internal_value=-0.000300205 -0.0293335 -0.0530143 -4.62279e-05 -0.00261143 0.003205 -0.0744854 0.0394812 0.0884946 -0.00210231 -0.00713766 0.0020453 -0.00906784 0.00337934 -0.0310104 0.00391007 0.000400674 -0.0168547 0.0013261 -0.00928232 -0.121399 0.0254126 -0.017636 -0.0368802 -0.00575855 0.0155402 0.0207633
internal_weight=10263 89 71 10174 5687 4487 40 139 31 5647 1875 4348 466 3882 59 3823 3772 192 3580 1713 23 108 56 37 447 162 80
internal_count=10054 83 71 9971 5598 4373 40 129 31 5558 1875 4244 466 3778 59 3719 3683 192 3491 1713 23 98 56 37 447 162 80
is_linear=0
shrinkage=0.05


Tree=93
num_leaves=16
num_cat=0
split_feature=17 0 7 24 1 2 8 0 9 7 3 3 7 26 10
split_gain=29.425 49.3746 26.2992 50.0401 31.5784 59.1532 34.7205 34.0426 57.5285 30.5826 27.9849 57.8682 26.64 16.5312 14.9618
threshold=0.091499999165534987 25.550000190734867 1026.7500000000002 40.415000915527351 78.500000000000014 0.98500001430511486 418.50000000000006 24.849999427795414 -1.0000000180025095e-35 1026.4500122070315 352.50000000000006 348.50000000000006 1017.3500061035157 18.849999427795414 -0.91595000028610218
decision_type=2 2 2 2 2 2 2 2 2 2 2 2 2 2 2
left_child=1 -1 4 -4 5 7 9 13 -9 12 11 -7 -6 -2 -12
right_child=2 -3 3 -5 6 10 -8 8 -10 -11 14 -13 -14 -15 -16
leaf_value=-0.14188271492719651 0.020199280911401399 -0.022764343108891673 0.066395168751478204 -0.022764343108891673 -0.006492448944073497 0.0026715634812150574 -0.022764343108891673 0.052800456725316136 0.16794114754750175 0.061659511139518342 0.020199280911401399 -0.022764343108891673 0.00048790615301071497 0.052800456725316136 -0.009579671041524792
leaf_weight=9.9999999999999982 65 26 15.999999999999998 73 2066 3646 58 18 13.000000000000002 19 84 57 4039 26 47
leaf_count=10 65 26 11 72 2066 3554 58 18 13 19 81 57 3941 16 47
internal_value=-0.000281426 -0.0454061 -0.000122583 -0.0227643 0.000118731 0.00360712 -0.00211357 0.0378821 0.0831345 -0.00167721 0.00251648 0.00168883 -0.00187432 0.0224664 0.0201993
internal_weight=10263 36 10227 89 10138 3956 6182 122 31 6124 3834 3703 6105 91 131
internal_count=10054 36 10018 83 9935 3851 6084 112 31 6026 3739 3611 6007 81 128
is_linear=0
shrinkage=0.05


Tree=94
num_leaves=31
num_cat=0
split_feature=10 7 28 23 7 17 8 7 12 29 26 7 6 28 1 25 11 7 0 2 0 24 27 20 28 8 24 10 3 12
split_gain=29.6839 185.89 110.525 207.059 92.4169 84.5237 79.2356 72.2588 68.3272 58.8579 46.419 35.7021 36.6485 55.2964 32.3999 36.0548 31.172 42.3611 29.4442 36.8709 28.6285 23.6058 23.435 94.1941 23.3382 22.33 20.8451 19.2674 14.5161 13.8332
threshold=-0.98295000195503224 1015.5499877929689 37.500000000000007 63.500000000000007 1021.0499877929689 0.096500001847744002 347.50000000000006 1021.5499877929689 1.0000000180025095e-35 11.150000095367433 10.250000000000002 1020.8500061035157 1147.5000000000002 61.500000000000007 74.500000000000014 8.8499999046325701 -0.60784998536109913 1010.4500122070314 19.050000190734867 2.6250000000000004 25.44999980926514 342.08500671386724 11.949999809265138 11.150000095367433 89.500000000000014 733.50000000000011 75.415000915527358 -0.6035499870777129 193.50000000000003 0.81174999475479137
decision_type=2 2 2 2 2 2 2 2 2 2 2 2 2 2 2 2 2 2 2 2 2 2 2 2 2 2 2 2 2 2
left_child=1 9 3 7 5 -4 8 -3 -6 -1 -7 14 18 -14 15 29 17 -16 -13 21 26 -20 25 -24 -22 -17 -18 -19 -15 -2
right_child=11 2 4 -5 6 10 -8 -9 -10 -11 -12 12 13 28 16 22 20 27 19 -21 24 -23 23 -25 -26 -27 -28 -29 -30 -31
leaf_value=0.053912913250295728 -0.0081674045629704893 -0.12010167270898819 -0.048461360248883707 -0.048461360248883707 -0.048461360248883707 -0.0016966208517073822 -0.048461360248883707 -0.26820876598358157 0.032518129769152318 0.19924442009492355 0.051568518241131039 -0.0029683624962932461 -0.083466008424758917 -0.0029888387445104873 -0.07490833139419556 0.004013039043793758 0.0097276473818629083 0.0031324563497065697 0.023132590224482254 0.0032239918949080156 0.011856511740908373 0.0095503913079052274 0.02194343924596269 0.12421201063940923 0.05565550558734686 0.02194343924596269 -0.0035063614978514679 -0.012175634225208821 -0.042693708399504732 0.001990212044150807
leaf_weight=19.000000000000004 690 20 22 24 42 78 67 13.999999999999998 59 10.999999999999998 86 622 25 226 25 977 330 255 554 1022 53 525 47 24 40 204 3026 1060 24 92
leaf_count=19 690 20 22 18 42 78 67 14 52 11 78 622 25 226 25 939 306 249 496 1018 53 513 42 24 40 204 3021 1024 24 92
internal_value=-0.000287795 -0.0129632 -0.021713 -0.0856922 -0.0112305 0.0130491 -0.0381115 -0.181087 -0.00220711 0.107201 0.0262351 0.000282668 0.00483056 -0.0125651 -0.00171566 0.00357124 -0.00396113 -0.0104329 0.00658737 0.00941635 -0.00144672 0.0158768 0.00883235 0.0367318 0.0259181 0.00715507 -0.00220504 -0.00920715 -0.00547496 -0.00485192
internal_weight=10263 442 412 58 354 186 168 34 101 30 164 9821 2998 275 6823 2034 4789 1340 2723 2101 3449 1079 1252 71 93 1181 3356 1315 250 782
internal_count=10054 421 391 52 339 178 161 34 94 30 156 9633 2924 275 6709 1991 4718 1298 2649 2027 3420 1009 1209 66 93 1143 3327 1273 250 782
is_linear=0
shrinkage=0.05


Tree=95
num_leaves=31
num_cat=0
split_feature=2 10 28 23 0 12 0 9 4 20 8 4 1 3 4 6 2 13 3 1 2 26 18 18 3 0 23 0 28 9
split_gain=23.759 53.3503 104.406 166.371 106.738 54.2717 52.9652 59.8743 38.014 34.5978 28.9494 29.3913 28.2679 42.4496 21.1088 13.2849 12.9808 11.7199 28.6687 23.9386 17.0003 15.3255 12.9059 10.9872 7.02014 6.96987 5.65113 3.17539 2.62908 2.16907
threshold=1.0149999856948855 -0.98295000195503224 37.500000000000007 63.500000000000007 24.250000000000004 0.81174999475479137 24.849999427795414 -1.0000000180025095e-35 -0.29500000178813929 7.2500000000000009 18.500000000000004 2.4550000429153447 54.500000000000007 173.50000000000003 0.94499999284744274 1227.5000000000002 5.0950000286102304 1.0000000180025095e-35 232.50000000000003 80.500000000000014 2.6550000905990605 6.6499998569488534 6.7500000000000009 22.150000572204593 30.500000000000004 21.250000000000004 65.500000000000014 20.150000572204593 72.500000000000014 0.3793999999761582
decision_type=2 2 2 2 2 2 2 2 2 2 2 2 2 2 2 2 2 2 2 2 2 2 2 2 2 2 2 2 2 2
left_child=6 2 3 8 5 9 14 -8 -2 -4 17 12 13 -12 23 -14 -13 21 20 -20 -19 -3 -23 24 25 -1 -18 -25 -26 -16
right_child=1 10 4 -5 -6 -7 7 -9 -10 -11 11 16 15 -15 29 -17 26 18 19 -21 -22 22 -24 27 28 -27 -28 -29 -30 -31
leaf_value=0.0037687083855107019 -0.11536411285400389 -0.015962937274844918 -0.046719262745639249 -0.046719262745639249 0.0037687083855107019 -0.046719262745639249 0.039004119600535736 0.16288298318783437 -0.22615834027528764 -0.014399828828039751 -0.0011575383057514886 0.0037687083855107019 0.0037687083855107019 -0.036237696170642535 0.039004119600535736 -0.017849276825269263 -0.071520743789997968 0.0037687083855107019 -0.040790537389762266 -0.011249761179771642 -0.0072006123597054498 -0.0066237576835484098 0.0012134837618090278 0.018009283833854885 0.0037687083855107019 0.018009283833854885 -0.031709455262790336 0.039004119600535736 0.018009283833854885 0.0037687083855107019
leaf_weight=38 15.000000000000002 163 41 21 108 46 19 12.000000000000002 15.999999999999998 157 558 20 3221 102 10.000000000000002 101 10.999999999999998 397 85 355 591 648 2774 12.999999999999998 598 38 47 21 25 9.9999999999999982
leaf_count=38 15 163 41 15 108 46 18 12 16 145 558 20 3142 102 10 101 11 361 81 350 591 644 2768 13 552 36 47 17 18 10
internal_value=-6.77929e-05 -0.000759802 -0.018538 -0.08467 -0.00876849 -0.0325684 0.00829722 0.0723479 -0.172548 -0.0161903 3.18204e-05 0.00317016 0.00376557 -0.00657902 0.00566034 0.00376871 -0.0272261 -0.0025099 -0.00634047 -0.0169565 -0.00161268 -0.000984086 -0.000270599 0.00415964 0.00376871 0.0180093 -0.0392599 0.0322499 0.00376871 0.0390041
internal_weight=10261 9477 404 52 352 244 784 31 31 198 9073 4060 3982 660 753 3322 78 5013 1428 440 988 3585 3422 733 699 76 58 34 623 20
internal_count=10049 9325 386 46 340 232 724 30 31 186 8939 3981 3903 660 694 3243 78 4958 1383 431 952 3575 3412 674 644 74 58 30 570 20
is_linear=0
shrinkage=0.05


Tree=96
num_leaves=20
num_cat=0
split_feature=28 2 10 0 12 4 23 10 26 25 26 11 5 25 8 23 5 10 5
split_gain=23.2772 21.2229 44.6703 93.4979 99.8558 99.0787 83.1612 38.7702 25.3811 19.3843 15.4899 15.605 9.72955 5.62878 5.48826 4.34924 2.06983 7.32342 0.686405
threshold=141.00000000000003 1.0149999856948855 -0.98295000195503224 25.050000190734867 0.81174999475479137 0.39499999582767492 49.500000000000007 -0.6035499870777129 15.750000000000002 8.1500000953674334 6.8500001430511483 -0.60784998536109913 -0.5349999964237212 3.3500000238418584 18.500000000000004 58.500000000000007 -0.70499998331069935 0.78654998540878307 -0.88499999046325672
decision_type=2 2 2 2 2 2 2 2 2 2 2 2 2 2 2 2 2 2 2
left_child=1 7 3 4 6 -6 -3 9 10 -1 13 -12 -11 -4 15 -10 17 -9 -19
right_child=-2 2 8 -5 5 -7 -8 16 14 12 11 -13 -14 -15 -16 -17 -18 18 -20
leaf_value=0.0035253034669421391 0.055294050197852287 -0.12783094339949244 -0.026358479677244674 0.0035253034669421391 -0.21167045278208599 -0.052192725299391896 -0.014649405457528514 0.0035253034669421391 0.00097128385600132785 0.015561232558333936 -0.004835685355306275 0.00073987239575367617 0.027597161649725734 -0.0076475481557470443 0.0035253034669421391 0.0035253034669421391 0.0035253034669421391 0.016283852273696348 0.027597161649725734
leaf_weight=63 19 17 43 98 13.999999999999998 32 243 23 711 45 1681 4476 166 616 1112 415 445 19 23
leaf_count=63 19 17 43 98 14 32 225 23 697 39 1681 4476 140 616 1033 374 418 18 23
internal_value=2.84417e-06 -9.97269e-05 -0.000755024 -0.0170221 -0.0328241 -0.100729 -0.0208101 0.00780563 -2.91683e-05 0.0236788 -0.00158274 -0.000802927 0.0275972 -0.00886844 0.0035253 0.000971284 0.0035253 0.0183972 0.0275972
internal_weight=10261 10242 9458 404 306 46 260 784 9054 274 6816 6157 211 659 2238 1126 510 65 42
internal_count=10049 10030 9306 386 288 46 242 724 8920 242 6816 6157 179 659 2104 1071 482 64 41
is_linear=0
shrinkage=0.05


Tree=97
num_leaves=17
num_cat=0
split_feature=17 0 28 10 26 2 7 10 26 27 25 23 11 10 27 24
split_gain=21.2211 45.0776 20.8729 19.822 26.5095 20.6016 30.4468 26.7254 23.1274 16.3816 15.0355 14.6539 13.2922 9.50041 4.31323 2.18853
threshold=0.091499999165534987 25.550000190734867 141.00000000000003 0.98295000195503246 21.399999618530277 0.95500001311302196 1025.850036621094 -0.6035499870777129 13.650000095367433 19.44999980926514 8.1500000953674334 63.500000000000007 1.0000000180025095e-35 0.78654998540878307 6.1499998569488534 360.41499328613287
decision_type=2 2 2 2 2 2 2 2 2 2 2 2 2 2 2 2
left_child=1 -1 3 5 11 7 8 10 -7 -8 -2 12 -5 -9 -13 -6
right_child=2 -3 -4 4 15 6 9 13 -10 -11 -12 14 -14 -15 -16 -17
leaf_value=-0.130327020958066 0.0045382911010249391 -0.01807324083651431 0.052529348354590569 -0.01807324083651431 0.026301769235499768 -0.0016580157967463272 -0.01807324083651431 0.0045382911010249391 0.0035833323103977607 0.0045382911010249391 0.026301769235499768 -0.005985332429140764 -0.005985332429140764 0.018634619321611156 0.0061025759782327819 0.0061025759782327819
leaf_weight=9.9999999999999982 49 30 19 184 14.000000000000002 5622 127 274 3364 27 182 15.999999999999998 148 141 40 13.999999999999998
leaf_count=10 49 30 19 184 7 5622 127 249 3220 19 154 16 148 141 40 14
internal_value=2.94531e-05 -0.0363182 0.0001717 7.41901e-05 -0.0106153 0.000528597 -8.13071e-05 0.00915789 0.000304136 -0.0180732 0.0232176 -0.0140966 -0.0180732 0.00453829 0.00610258 0.0263018
internal_weight=10261 40 10221 10202 416 9786 9140 646 8986 154 231 388 332 415 56 28
internal_count=10049 40 10009 9990 409 9581 8988 593 8842 146 203 388 332 390 56 21
is_linear=0
shrinkage=0.05


Tree=98
num_leaves=31
num_cat=0
split_feature=5 27 4 10 4 2 7 17 7 4 10 1 7 5 7 5 29 10 7 7 1 1 24 7 1 5 5 7 3 10
split_gain=20.3469 30.8964 82.4076 35.6808 45.1582 34.7476 31.7116 31.0546 30.5729 60.6272 27.2844 33.5895 32.1017 27.1921 38.6897 26.5955 23.062 31.1234 213.222 24.9589 17.9939 17.6936 17.6741 17.2395 14.6721 12.907 11.3792 10.8041 10.7969 10.2526
threshold=-0.29500000178813929 12.150000095367433 2.5649999380111699 -0.6035499870777129 0.6850000023841859 5.9849998950958261 1015.2500000000001 0.10050000250339509 1026.6499633789065 -0.29500000178813929 0.98295000195503246 86.500000000000014 1021.8500061035157 -4.3849999904632559 1018.2500000000001 -2.4350000619888301 24.550000190734867 -0.98295000195503224 1020.7500000000001 1020.8500061035157 85.500000000000014 54.500000000000007 142.08499908447268 1023.3500061035157 79.500000000000014 0.69499999284744274 0.50499999523162853 1016.8500061035157 203.50000000000003 -0.91595000028610218
decision_type=2 2 2 2 2 2 2 2 2 2 2 2 2 2 2 2 2 2 2 2 2 2 2 2 2 2 2 2 2 2
left_child=8 5 3 4 26 7 -7 25 10 -10 16 13 15 24 -15 -13 17 18 -1 -19 21 -9 -18 -22 -12 -2 -3 -6 -8 -30
right_child=1 2 -4 -5 27 6 28 20 9 -11 11 12 -14 14 -16 -17 22 19 -20 -21 23 -23 -24 -25 -26 -27 -28 -29 29 -31
leaf_value=0.016458384036207453 -0.0021793024081702165 0.0066715669029395437 0.11004564829525494 0.0066715669029395437 0.012906770273629162 -0.074642964160960654 -0.0086420384759491858 -0.0021793024081702165 -0.0011110879721180085 -0.12095383983105422 -0.043425361676649621 0.012955732529051604 0.053936151988231221 -0.076656748833678054 -0.021070770027322903 -0.045418450864963239 0.078760588870329024 -0.0018948748287440549 -0.082195650304065032 0.0062167559781234035 -0.0021793024081702165 0.0066715669029395437 0.020009840150922435 0.0066715669029395437 0.024081933299700421 -0.0086420384759491858 0.056318089261185381 0.054986219584941869 -0.074345451841751731 -0.019106277876666616
leaf_weight=154 70 46 21 479 18 23 136 103 31 15.999999999999998 10.999999999999998 50 26 48 90 32 17 4579 85 1196 623 1601 15.999999999999998 228 30 376 15.999999999999998 100 11.999999999999998 28
leaf_count=153 70 36 21 449 18 23 136 103 30 16 11 50 19 48 90 32 11 4551 85 1180 623 1501 11 228 30 376 16 92 12 28
internal_value=5.16815e-06 0.00286048 0.0125394 0.00943226 0.029551 0.0008037 -0.0194295 0.00214539 -0.00173102 -0.0419086 -0.00143289 -0.0164961 0.00552533 -0.0297828 -0.040405 -0.00982444 -0.000717966 -0.000946696 -0.0186278 -0.00021496 0.00428343 0.00667157 0.0409664 -0.00169407 0.00597022 -0.00864204 0.00667157 0.0485673 -0.0122141 -0.035678
internal_weight=10261 3880 680 659 180 3200 199 3001 6381 47 6334 287 108 179 138 82 6047 6014 239 5775 2555 1704 33 851 41 446 62 118 176 40
internal_count=10049 3732 632 611 162 3100 199 2901 6317 46 6271 280 101 179 138 82 5991 5969 238 5731 2455 1604 22 851 41 446 52 110 176 40
is_linear=0
shrinkage=0.05


Tree=99
num_leaves=29
num_cat=0
split_feature=28 7 10 8 7 0 14 18 6 10 1 10 11 1 5 11 4 12 28 28 28 6 6 0 26 10 7 25
split_gain=18.757 18.2348 83.7067 99.609 64.3276 57.9345 51.9872 32.9675 30.5265 28.6899 27.1156 51.0661 104.679 26.9884 48.8268 33.2374 22.5426 22.3305 30.4449 14.1718 13.9034 13.4573 11.5545 7.01545 6.29303 5.49683 5.37671 3.30052
threshold=141.00000000000003 1024.549987792969 -0.98295000195503224 336.50000000000006 1023.4500122070314 20.94999980926514 48.000000000000007 5.0499999523162851 907.50000000000011 -0.37939999997615809 77.500000000000014 -0.98295000195503224 -0.60784998536109913 54.500000000000007 2.6049998998641972 0.60784998536109935 -3.2050000429153438 1.0000000180025095e-35 62.500000000000007 47.500000000000007 39.500000000000007 402.50000000000006 702.50000000000011 19.849999427795414 12.949999809265138 -0.98295000195503224 1026.6499633789065 9.9499998092651385
decision_type=2 2 2 2 2 2 2 2 2 2 2 2 2 2 2 2 2 2 2 2 2 2 2 2 2 2 2 2
left_child=1 4 3 5 10 -3 22 17 -5 24 13 12 -12 14 -1 -15 -13 20 -19 -11 -4 23 -6 -8 -9 -23 -7 -24
right_child=-2 2 7 8 6 26 21 9 -10 19 11 16 -14 15 -16 -17 -18 18 -20 -21 -22 25 27 -25 -26 -27 -28 -29
leaf_value=-0.0025559807612916389 0.04961588555260709 -0.10090598889759608 -0.058976489305496219 -0.094798927352978624 0.024753267163382785 -0.00538659652074178 -0.0041701129113120598 -0.00063783818735711035 -0.21099747300148008 -0.0026878101922390724 0.024753267163382785 0.012215167795710098 -0.084139722292223634 0.0084072073141126351 -0.056991738944521392 -0.0044785424589435996 -0.0027485174988516161 -0.073971325065940619 -0.0026878101922390724 0.016056609418991879 -0.0059913983205870658 -0.049757054696480438 0.011531436650044217 0.011531436650044217 0.024753267163382785 -0.013010910462150211 0.024753267163382785 0.0181423519067135
leaf_weight=487 19 13.999999999999998 12.999999999999998 13.000000000000002 197 15.000000000000002 87 31 9.9999999999999982 134 31 264 53 1995 45 668 5398 32 12.999999999999998 102 260 11.999999999999998 93 74 72 67 14.999999999999998 47
leaf_count=487 19 14 13 12 197 15 87 31 10 134 31 264 53 1912 45 661 5289 32 13 102 260 12 93 74 66 67 9 47
internal_value=-1.72764e-05 -0.000109351 -0.00775882 -0.0609974 0.000472516 -0.0169196 0.0166534 -0.00232963 -0.14532 0.00851823 -0.000571701 -0.00262494 -0.0413238 0.00312091 -0.00716051 0.00517488 -0.00205081 -0.0138939 -0.0465286 -0.00137202 -0.0085145 -0.00169039 0.0247533 0.00660324 0.0247533 -0.0185926 0.0222741 0.0115314
internal_weight=10261 10242 724 67 9518 44 577 657 23 339 8941 5746 84 3195 532 2663 5662 318 45 236 273 240 337 161 103 79 30 140
internal_count=10049 10030 711 60 9319 38 577 651 22 333 8742 5637 84 3105 532 2573 5553 318 45 236 273 240 337 161 97 79 24 140
is_linear=0
shrinkage=0.05


Tree=100
num_leaves=31
num_cat=0
split_feature=5 7 10 10 1 5 7 29 10 7 7 11 7 8 8 11 17 1 1 7 24 7 7 3 4 7 4 1 18 7
split_gain=26.1441 30.1863 67.9411 30.5421 28.272 29.8213 31.3399 27.4378 29.7393 195.887 25.8461 25.4048 23.8245 20.2355 29.6235 33.0504 32.5946 23.0294 21.5621 38.2843 93.744 35.8429 25.3021 21.8427 19.3324 17.9469 15.9796 13.0224 5.96774 3.97887
threshold=-0.23499999940395352 1026.6499633789065 -0.98295000195503224 0.98295000195503246 86.500000000000014 -4.3849999904632559 1018.2500000000001 24.550000190734867 -0.98295000195503224 1020.7500000000001 1021.8500061035157 -0.87834998965263356 1018.8500061035157 740.50000000000011 563.50000000000011 0.87834998965263378 0.11150000244379045 75.500000000000014 81.500000000000014 1016.5499877929689 215.41500091552737 1026.4500122070315 1017.4500122070314 220.50000000000003 -0.24499999731779096 1027.299987792969 -0.14500000327825543 78.500000000000014 1.6500000357627871 1026.850036621094
decision_type=2 2 2 2 2 2 2 2 2 2 2 2 2 2 2 2 2 2 2 2 2 2 2 2 2 2 2 2 2 2
left_child=1 3 -3 7 5 27 -7 8 9 -1 26 -10 -9 14 18 17 -17 24 19 20 -2 22 -20 -21 -16 29 -6 -5 -15 -4
right_child=13 2 25 4 10 6 -8 12 11 -11 -12 -13 -14 28 15 16 -18 -19 21 23 -22 -23 -24 -25 -26 -27 -28 -29 -30 -31
leaf_value=0.016103112448139913 0.11640414329659608 -0.1506453199820085 0.041921825706958758 -0.041420913826335559 0.015453581324298728 -0.073139442091009449 -0.023445085425757701 0.019686489562863653 -0.0094962904524559088 -0.076108697834222222 0.047447072803974151 0.00057520415869213935 0.088976885378360751 0.013771661051379683 -0.00026836823891190925 -0.013342856615781782 0.10360172607681968 -0.092206910252571106 -0.011947289709248682 0.0028400060484146368 0.014281884315354166 0.094843109548091886 0.0026724714834388086 0.019845600174249314 -0.032853245846832135 -0.052088182965914415 -0.030354024428460337 0.021166290474288606 0.059622209370136264 -2.9149536903087912e-05
leaf_weight=154 27 10.999999999999998 10.000000000000002 10.999999999999998 33 49 90 23 712 92 25 5192 15.999999999999998 11.000000000000002 85 13.000000000000002 10.999999999999998 10.999999999999998 364 1148 134 9.9999999999999982 1583 226 98 14.999999999999998 45 34 20 12.999999999999998
leaf_count=153 27 10 10 11 33 49 90 15 712 92 19 5137 11 11 78 13 11 11 364 1111 134 10 1532 191 98 15 45 34 20 13
internal_value=-0.000208693 -0.00211925 -0.041216 -0.00182343 -0.0177688 -0.0295101 -0.0409632 -0.001084 -0.00134911 -0.0183826 0.00320596 -0.00063938 0.0407221 0.00312367 0.00278752 -0.0150942 0.0402567 -0.0219418 0.00390385 0.00834014 0.031408 0.00042419 -6.07556e-05 0.00563714 -0.0177182 -0.00953904 -0.0109739 0.0058672 0.0433527 0.0182104
internal_weight=10266 6525 49 6476 287 184 139 6189 6150 246 103 5904 39 3741 3710 218 24 194 3492 1535 161 1957 1947 1374 183 38 78 45 31 23
internal_count=10060 6449 48 6401 281 184 139 6120 6094 245 97 5849 26 3611 3580 211 24 187 3369 1463 161 1906 1896 1302 176 38 78 45 31 23
is_linear=0
shrinkage=0.05


Tree=101
num_leaves=31
num_cat=0
split_feature=5 7 10 10 29 10 7 10 7 12 23 11 3 8 8 4 8 11 14 7 7 25 7 8 23 17 24 7 12 18
split_gain=23.6159 27.2399 61.3169 27.5562 24.3068 26.8398 176.788 23.5546 21.7722 20.6189 30.3395 31.9017 19.1868 18.2625 26.9427 38.8573 26.9798 73.2596 19.4896 23.0585 16.2445 16.228 18.3035 15.8449 14.451 13.6788 12.6138 11.2843 9.81848 5.38589
threshold=-0.23499999940395352 1026.6499633789065 -0.98295000195503224 0.98295000195503246 24.550000190734867 -0.98295000195503224 1020.7500000000001 -0.6035499870777129 1018.8500061035157 -0.56175000965595234 34.500000000000007 1.0000000180025095e-35 355.50000000000006 740.50000000000011 536.50000000000011 -0.24499999731779096 526.50000000000011 -0.87834998965263356 48.000000000000007 1018.7500000000001 1027.850036621094 12.949999809265138 1026.850036621094 713.50000000000011 65.500000000000014 0.1345000043511391 336.25000000000006 1015.7500000000001 -0.56175000965595234 1.6500000357627871
decision_type=2 2 2 2 2 2 2 2 2 2 2 2 2 2 2 2 2 2 2 2 2 2 2 2 2 2 2 2 2 2
left_child=1 3 -3 4 5 6 -1 -7 -6 10 11 -5 24 14 16 18 21 -18 19 -16 -4 22 -2 -20 -11 -12 -23 -17 -29 -15
right_child=13 2 20 9 8 7 -8 -9 -10 12 25 -13 -14 29 15 27 17 -19 23 -21 -22 26 -24 -25 -26 -27 -28 28 -30 -31
leaf_value=0.015297956482277482 0.0021306848112467788 -0.14311305501244284 0.014511888638138772 -0.10723517636458078 0.018517383978550354 0.0047442388348457919 -0.072303263843059545 -0.0024711390574991806 0.08452803809195758 -0.024861995780574426 0.0094926709171246609 -0.013677145616913383 -0.082229757096086237 0.013083077374507077 0.070920091271400462 -0.078435462216536203 0.15406618619507009 -0.0052174569595427739 -0.001754026191139763 0.0078188204385806846 -0.054396652716856744 0.018863946514292844 -0.041724680162345373 -0.066571514714847915 0.036937569081783299 0.068509812156359359 0.0061648607660485999 -0.0429799658745866 -0.014067736721878488 0.056641099601984025
leaf_weight=154 2744 10.999999999999998 25 12 23 1525 92 4379 15.999999999999998 175 54 10 13.999999999999998 11.000000000000002 20 11.999999999999998 10.999999999999998 21 66 42 12.999999999999998 273 24 10.999999999999998 9.9999999999999982 11.999999999999998 368 55 63 20
leaf_count=153 2744 10 25 12 15 1501 92 4348 11 175 54 10 14 11 20 12 11 18 54 42 13 196 24 11 10 6 330 55 63 20
internal_value=-0.000199663 -0.00201549 -0.0391552 -0.00173448 -0.00103213 -0.00128165 -0.0174635 -0.000607411 0.0383164 -0.0168804 0.00327296 -0.0475774 -0.0257924 0.00296749 0.00264815 -0.0125913 0.00383949 0.0495363 0.00578654 0.0266513 -0.00906209 0.00341054 0.00175044 -0.0110137 -0.0215215 0.0202231 0.0105793 -0.0322415 -0.0275438 0.041185
internal_weight=10266 6525 49 6476 6189 6150 246 5904 39 287 88 22 199 3741 3710 269 3441 32 139 62 38 3409 2768 77 185 66 641 130 118 31
internal_count=10060 6449 48 6401 6120 6094 245 5849 26 281 82 22 199 3611 3580 257 3323 29 127 62 38 3294 2768 65 185 60 526 130 118 31
is_linear=0
shrinkage=0.05


Tree=102
num_leaves=27
num_cat=0
split_feature=17 5 5 10 1 26 9 0 11 10 26 4 2 10 1 3 10 17 12 29 11 5 5 1 0 5
split_gain=21.4147 37.2144 19.411 22.9395 20.044 20.6252 18.729 26.4587 19.6787 32.0645 24.7688 18.1637 17.3475 25.619 22.757 33.5072 67.8692 24.8245 12.8121 9.63708 9.26195 9.11185 9.59989 8.01057 6.30955 3.64734
threshold=0.091499999165534987 -3.8950001001358028 -0.23499999940395352 0.98295000195503246 86.500000000000014 21.650000572204593 0.91595000028610241 18.550000190734867 -0.87834998965263356 -0.37939999997615809 12.250000000000002 -0.44499999284744257 5.4049999713897714 -0.37939999997615809 90.500000000000014 220.50000000000003 -0.78654998540878285 0.10050000250339509 0.81174999475479137 17.650000572204593 1.0000000180025095e-35 -4.3849999904632559 -4.694999933242797 80.500000000000014 21.750000000000004 3.4650000333786015
decision_type=2 2 2 2 2 2 2 2 2 2 2 2 2 2 2 2 2 2 2 2 2 2 2 2 2 2
left_child=1 -1 3 6 21 11 8 -8 9 -2 -10 -6 14 20 15 17 -17 -4 25 -9 23 22 -5 -14 -20 -16
right_child=2 -3 12 4 5 -7 7 19 10 -11 -12 -13 13 -15 18 16 -18 -19 24 -21 -22 -23 -24 -25 -26 -27
leaf_value=-0.019647818122544194 0.0057087660759306859 -0.12283018283545971 -0.0013651554170415619 -0.019647818122544194 0.030214751463028645 0.065084321300188694 -0.019647818122544194 -0.004547283450318451 -0.0026571124736026706 -0.017281101372203379 0.0045341106310336082 -0.017690629914731665 -0.0013651554170415619 -0.0013651554170415619 -0.0013651554170415619 0.044464542385099864 0.0049895709044915151 0.0067631733868165553 0.010461267571557652 0.023662042827345433 -0.019647818122544194 -0.019647818122544194 0.024436965159007482 -0.019647818122544194 0.041663881097184989 0.017521159704048911
leaf_weight=25 249 9.9999999999999982 291 17 23 11.999999999999998 176 562 2317 388 2478 68 61 241 652 164 324 1683 110 32 103 140 28 15.999999999999998 19 77
leaf_count=25 249 10 291 17 23 6 176 562 2317 388 2408 68 61 241 652 138 310 1623 81 32 103 140 28 16 18 77
internal_value=-0.000192791 -0.0392364 -5.92232e-05 -0.00171273 -0.0155073 0.00347013 -0.00107216 -0.00837003 -3.76635e-05 -0.00829448 0.00105923 -0.00465482 0.00280933 -0.0067521 0.00402179 0.00652412 0.0182557 0.00362389 -0.00136516 -0.00302759 -0.0196478 -0.0196478 0.00635107 -0.00190808 0.015057 -0.00136516
internal_weight=10266 35 10231 6490 288 103 6202 770 5432 637 4795 91 3741 421 3320 2462 488 1974 858 594 180 185 45 77 129 729
internal_count=10060 35 10025 6414 282 97 6132 770 5362 637 4725 91 3611 421 3190 2362 448 1914 828 594 180 185 45 77 99 729
is_linear=0
shrinkage=0.05


Tree=103
num_leaves=26
num_cat=0
split_feature=17 5 9 24 11 1 1 0 14 7 5 1 10 28 25 28 7 3 0 25 25 24 3 10 4
split_gain=18.7536 33.8998 17.7956 28.982 22.7373 64.4134 35.8872 19.4803 19.3383 18.1844 19.0059 20.576 20.3283 17.5754 11.9826 13.4197 12.4194 11.5168 11.8641 7.03216 6.7181 5.62899 4.55986 3.07239 0.143531
threshold=0.091499999165534987 -3.8950001001358028 0.78654998540878307 80.415000915527358 1.0000000180025095e-35 81.500000000000014 73.500000000000014 18.550000190734867 33.000000000000007 1026.850036621094 -0.98500001430511464 54.500000000000007 0.98295000195503246 41.500000000000007 12.150000095367433 60.500000000000007 1018.8500061035157 200.50000000000003 21.94999980926514 10.650000095367433 6.4500000476837167 40.415000915527351 336.50000000000006 -0.37939999997615809 1.294999957084656
decision_type=2 2 2 2 2 2 2 2 2 2 2 2 2 2 2 2 2 2 2 2 2 2 2 2 2
left_child=1 -1 3 4 8 6 -6 13 19 10 12 -12 -5 23 17 16 -16 20 -19 -2 -9 -7 -10 -4 -11
right_child=2 -3 7 9 5 21 -8 14 22 24 11 -13 -14 -15 15 -17 -18 18 -20 -21 -22 -23 -24 -25 -26
leaf_value=-0.018448822137205358 0.021226494374806826 -0.11668867446482181 -0.01299881876961332 -0.00090986990785812396 0.032374025308168852 0.028168025097499289 0.11544865352603106 -0.0070932615647382362 0.006373202505849814 -0.018448822137205358 -0.015589004519490014 0.004142733301127079 -0.015519237715618412 -0.0075488154020212769 0.022255596506088247 0.040471100700753077 0.0019808846721665056 -0.0075488154020212769 0.0019808846721665056 0.048147567179871772 0.0019808846721665056 0.006373202505849814 0.021226494374806826 -0.018448822137205358 0.006373202505849814
leaf_weight=25 13.999999999999998 9.9999999999999982 102 4046 26 30 26 204 243 44 138 3101 253 123 53 28 207 758 76 41 357 68 56 227 9.9999999999999982
leaf_count=25 14 10 102 4039 21 30 26 204 219 44 138 3000 248 123 53 18 166 758 76 33 357 68 51 227 10
internal_value=-0.000242649 -0.03678 -0.000117656 0.000953201 0.012564 0.0289061 0.0739113 -0.00417839 0.0063732 0.000182411 0.000409609 0.00330205 -0.00176964 -0.0133944 -0.00170327 0.007582 0.00404009 -0.00362023 -0.00734627 0.0360798 0.00191902 0.0063732 0.0063732 -0.0184488 -0.0184488
internal_weight=10266 35 10231 8096 504 150 52 2135 354 7592 7538 3239 4299 452 1683 288 260 1395 834 55 561 98 299 329 54
internal_count=10060 35 10025 7941 462 145 47 2084 317 7479 7425 3138 4287 452 1632 237 219 1395 834 47 561 98 270 329 54
is_linear=0
shrinkage=0.05


Tree=104
num_leaves=15
num_cat=0
split_feature=17 0 7 1 1 2 24 8 1 11 7 2 1 8
split_gain=16.4382 29.2715 15.7018 28.5669 18.203 37.8574 25.4893 25.3757 20.9653 20.5679 30.0612 20.9756 18.8928 8.35162
threshold=0.091499999165534987 25.550000190734867 1026.7500000000002 75.500000000000014 80.500000000000014 0.48499999940395361 49.584999084472663 397.50000000000006 54.500000000000007 0.60784998536109935 1023.4500122070314 3.5699999332427983 72.500000000000014 84.500000000000014
decision_type=2 2 2 2 2 2 2 2 2 2 2 2 2 2
left_child=1 -1 4 -4 5 12 13 9 -8 11 -11 -6 -2 -7
right_child=2 -3 3 -5 7 6 8 -9 -10 10 -12 -13 -14 -15
leaf_value=-0.10866348901763559 0.028904248375258547 -0.017291848453879974 -0.017291848453879974 0.060777567016581692 -0.00086746642358069114 0.015246211001257757 -0.0068115522878708715 -0.017291848453879974 0.002999593886707775 0.00030612680536506467 0.018713309049879417 -0.0086496601118037 0.10586056709289551 0.028904248375258547
leaf_weight=9.9999999999999982 21 25 75 11.999999999999998 2721 12.999999999999998 636 40 3785 1335 266 1270 11.999999999999998 45
leaf_count=10 19 25 70 12 2636 13 636 40 3674 1335 266 1270 10 44
internal_value=-0.0002466 -0.0344541 -0.000129577 -0.0172918 5.57581e-05 0.00242213 0.00202901 -0.00184003 0.00158817 -0.00142329 0.00336441 -0.00334388 0.0557795 0.0289042
internal_weight=10266 35 10231 87 10144 4512 4479 5632 4421 5592 1601 3991 33 58
internal_count=10060 35 10025 82 9943 4396 4367 5547 4310 5507 1601 3906 29 57
is_linear=0
shrinkage=0.05


Tree=105
num_leaves=31
num_cat=0
split_feature=10 11 26 11 18 7 5 7 7 3 10 7 3 3 28 3 8 26 11 7 0 26 4 12 8 27 11 8 3 7
split_gain=21.3711 25.7964 45.5846 18.4355 24.8874 16.9315 20.7945 59.6953 55.2451 16.7061 15.2293 173.882 94.4998 86.8159 134.7 72.5833 67.0889 25.4128 18.3273 24.4733 28.3193 20.2635 17.2833 16.3782 15.976 23.3869 15.9981 23.8147 14.0801 13.6551
threshold=0.98295000195503246 1.0000000180025095e-35 17.94999980926514 0.87834998965263378 16.349999427795414 1015.0499877929689 -4.3849999904632559 1017.4500122070314 1016.6499938964845 8.5000000000000018 -0.98295000195503224 1017.0499877929689 352.50000000000006 273.50000000000006 42.500000000000007 246.50000000000003 494.50000000000006 15.750000000000002 -0.60784998536109913 1011.8500061035157 20.550000190734867 6.7500000000000009 0.23499999940395358 1.0000000180025095e-35 733.50000000000011 4.9500000476837167 0.60784998536109935 353.50000000000006 308.50000000000006 1016.2500000000001
decision_type=2 2 2 2 2 2 2 2 2 2 2 2 2 2 2 2 2 2 2 2 2 2 2 2 2 2 2 2 2 2
left_child=10 5 3 4 -3 9 29 8 -8 -2 11 16 13 15 -15 -13 23 18 19 -12 -21 -20 -14 -1 26 -26 -19 -28 -9 -7
right_child=1 2 -4 -5 -6 6 7 28 -10 -11 17 12 22 14 -16 -17 -18 24 21 20 -22 -23 -24 -25 25 -27 27 -29 -30 -31
leaf_value=0.075065504014492038 -0.041233840833107632 -0.011086332071808321 0.064525344738593476 -0.033551999095969065 0.028703275869482882 0.042962497845292082 -0.047019692789763215 -0.023841045348912723 -0.17174604764351478 0.029278852798909485 -0.025632428518094292 -0.022725116776201863 0.11152749254057802 -0.21883956151349204 -0.039754807589841741 0.083605822964626209 0.15197059825847026 0.0021894429327589653 -0.0097167751925627596 -0.01467388851883133 -2.1315175679030583e-05 0.0017786243790507722 0.034060430857870319 0.0037934248776812307 0.0075078747833945934 0.055444558200083288 0.0074421892036731739 0.037320819570199601 0.024754288485821556 -0.029404792460528292
leaf_weight=13.999999999999998 11.999999999999998 79 26 46 27 16.000000000000004 28 121 12.999999999999998 28 132 287 12.000000000000002 13.999999999999998 42 17 19 1793 418 427 1448 4626 18 19 77 38 428 79 17 10.999999999999998
leaf_count=14 12 79 20 46 27 16 28 121 13 28 132 275 12 14 42 12 19 1609 418 427 1448 4626 16 19 77 38 423 78 17 11
internal_value=-0.000159828 -0.0111525 0.00334608 -0.00711879 0.00435222 -0.0216433 -0.0274235 -0.0335933 -0.0865671 0.00812504 0.000310588 -0.00876112 -0.0202124 -0.0273174 -0.084526 -0.016779 0.0771237 0.000734177 -0.000781987 -0.00482317 -0.00335819 0.000825992 0.0650473 0.0340301 0.00516087 0.0233478 0.00425153 0.0120978 -0.0178547 0.0134795
internal_weight=10332 424 178 152 106 246 206 179 41 40 9908 442 390 360 56 304 52 9466 7051 2007 1875 5044 30 33 2415 115 2300 507 138 27
internal_count=10117 418 172 152 106 246 206 179 41 40 9699 423 371 343 56 287 52 9276 7051 2007 1875 5044 28 33 2225 115 2110 501 138 27
is_linear=0
shrinkage=0.05


Tree=106
num_leaves=31
num_cat=0
split_feature=10 11 26 23 7 7 5 0 6 10 10 28 23 11 7 1 7 12 23 4 7 7 11 18 5 1 18 12 26 1
split_gain=19.0483 23.592 40.9169 33.8838 33.5034 73.2898 26.0268 31.0174 16.9219 65.7161 34.4284 88.8197 219.955 70.9265 54.2271 34.0553 37.8798 103.638 31.1599 24.821 23.728 20.5074 16.884 23.0196 15.5423 15.005 27.0842 12.4432 21.671 11.5165
threshold=0.98295000195503246 1.0000000180025095e-35 17.94999980926514 40.500000000000007 1016.6499938964845 1017.2500000000001 1.4750000238418581 22.050000190734867 452.50000000000006 -0.78654998540878285 -0.98295000195503224 41.500000000000007 63.500000000000007 1.0000000180025095e-35 1022.8500061035157 84.500000000000014 1023.4500122070314 1.0000000180025095e-35 71.500000000000014 -4.0150001049041739 1025.7500000000002 1010.0499877929689 0.87834998965263378 16.349999427795414 3.554999947547913 56.500000000000007 2.9500000476837163 1.0000000180025095e-35 15.949999809265138 51.500000000000007
decision_type=2 2 2 2 2 2 2 2 2 2 2 2 2 2 2 2 2 2 2 2 2 2 2 2 2 2 2 2 2 2
left_child=8 3 22 4 -2 -6 7 -5 9 15 11 12 13 -10 -13 16 18 -18 -1 -11 21 -12 23 -3 -21 -22 -27 28 -17 -23
right_child=1 2 -4 6 5 -7 -8 -9 10 19 20 14 -14 -15 -16 27 17 -19 -20 24 25 29 -24 -25 -26 26 -28 -29 -30 -31
leaf_value=0.0092776788274210147 -0.0236191375289709 -0.010532015783688691 0.061299076447120085 -0.0236191375289709 -0.16660653097288949 -0.040132037810389959 0.04808709668926895 0.021190088184343446 -0.21578780710697176 0.02426268344237046 -0.033338383115504099 0.00029614413395091663 -0.031655954864979602 -0.095016586972821157 -0.031655954864979602 0.0060652257153879473 0.032152571753763098 0.19153093149264655 0.043665930984372443 0.00029614413395091663 -0.0029779730325049545 -0.0081394482276188271 -0.031874398832492858 0.027360573246427496 0.056730929442814416 -0.075301371540488882 -0.0075380393117666245 0.00029614413395091663 0.046386050005945971 0.00029614413395091663
leaf_weight=262 26 79 26 78 13.999999999999998 63 20 45 20 110 46 169 34 31 69 178 68 11.999999999999998 88 3997 47 405 46 27 13.999999999999998 29 30 178 41 4080
leaf_count=262 26 79 20 78 14 63 20 45 20 110 46 168 26 31 69 178 57 12 63 3914 47 405 46 27 14 29 30 164 39 4015
internal_value=-0.000150474 -0.0105285 0.00333669 -0.0205611 -0.042426 -0.0631274 -0.00481225 -0.0134138 0.000293642 0.00236248 -0.00177019 -0.0175538 -0.0614273 -0.142378 -0.00188463 0.0152696 0.0250188 0.0560593 0.0179239 0.000296144 -0.000670758 -0.000123694 -0.00657793 0.00439978 0.000296144 -0.0240551 -0.0408454 0.00470997 0.0136139 0.00021697
internal_weight=10332 424 178 246 103 77 143 123 9908 4948 4960 323 85 51 238 827 430 80 350 4121 4637 4531 152 106 4011 106 59 397 219 4485
internal_count=10117 418 172 246 103 77 143 123 9699 4813 4886 314 77 51 237 775 394 69 325 4038 4572 4466 152 106 3928 106 59 381 217 4420
is_linear=0
shrinkage=0.05


Tree=107
num_leaves=29
num_cat=0
split_feature=10 11 26 23 12 1 12 28 28 26 0 2 10 9 11 23 0 9 20 1 23 28 3 1 26 10 18 28
split_gain=16.8553 21.4559 36.7169 29.6528 21.8141 22.0961 20.3314 15.6191 14.7447 13.5265 14.0529 16.2871 16.192 9.40435 9.28168 8.96196 8.15252 7.92505 7.64647 7.17095 3.93037 3.42322 3.42195 3.01408 2.05406 1.39846 1.2473 0.0370887
threshold=0.98295000195503246 1.0000000180025095e-35 17.94999980926514 34.500000000000007 -0.56175000965595234 86.500000000000014 1.0000000180025095e-35 63.500000000000007 141.00000000000003 5.1499998569488534 18.44999980926514 2.1250000000000004 -0.6035499870777129 -0.78654998540878285 0.60784998536109935 40.500000000000007 22.050000190734867 0.78654998540878307 11.550000190734865 87.500000000000014 33.500000000000007 70.500000000000014 199.50000000000003 78.500000000000014 3.7500000000000004 -0.98295000195503224 16.750000000000004 38.500000000000007
decision_type=2 2 2 2 2 2 2 2 2 2 2 2 2 2 2 2 2 2 2 2 2 2 2 2 2 2 2 2
left_child=8 3 7 6 19 15 20 14 9 21 17 12 -12 -13 26 -6 -7 -11 -16 23 -2 24 -9 -5 -1 -26 -3 -4
right_child=1 2 27 4 5 16 -8 22 -10 10 11 13 -14 -15 18 -17 -18 -19 -20 -21 -22 -23 -24 -25 25 -27 -28 -29
leaf_value=-0.033742499351501469 -0.10605282416710488 -0.0046104631774748365 0.056194369991620363 0.0084181499752131374 -0.033398962177761386 -0.013423195287274817 -0.033398962177761386 0.0068101729487214692 0.044288814381549239 -0.0025823866734027258 0.01007046066895214 0.0021274363977350943 0.0021274363977350943 -0.001529835255120549 -0.02931396424238171 -0.016229012873219817 0.027374768733978275 -0.0067116756311028543 0.0068101729487214692 -0.014698837200800577 -0.067172490633451015 -0.0067116756311028543 0.026084595921907483 0.040024885473152 -0.024665688715999595 -0.013353183702793994 0.0068101729487214692 0.059982483301843914
leaf_weight=18 13 24 12.000000000000002 10.999999999999998 28 24 20 10.000000000000002 19 326 861 1967 1514 4634 70 76 25 419 18 11.999999999999998 13 34 9.9999999999999982 24 13.999999999999998 102 20 13.999999999999998
leaf_count=18 13 24 6 11 28 24 20 10 19 323 787 1929 1463 4591 70 76 25 419 18 12 13 34 10 24 14 102 20 14
internal_value=-0.000133188 -0.00989556 0.00332707 -0.0194632 -0.0111379 -0.0202901 -0.0556601 -0.00606493 0.00028458 0.000200033 0.000443133 0.000990822 0.0045416 -0.000286726 -0.0124643 -0.0333327 0.00739209 -0.0061556 -0.0218395 0.0186556 -0.0866127 -0.0138665 0.0260846 0.0300913 -0.0180274 -0.0155889 0.00628618 0.0582341
internal_weight=10332 424 178 246 200 153 46 152 9908 9889 9721 8976 2375 6601 132 104 49 745 88 47 26 168 20 35 134 116 44 26
internal_count=10117 418 172 246 200 153 46 152 9699 9680 9512 8770 2250 6520 132 104 49 742 88 47 26 168 20 35 134 116 44 20
is_linear=0
shrinkage=0.05


Tree=108
num_leaves=16
num_cat=0
split_feature=28 7 11 24 29 7 5 14 1 28 4 0 18 5 1
split_gain=13.5633 12.8135 36.7134 22.3714 16.047 13.6738 50.9941 41.9836 17.752 24.9341 23.8887 16.4332 7.42559 13.1064 0.0608617
threshold=141.00000000000003 1026.7500000000002 1.0000000180025095e-35 49.584999084472663 24.550000190734867 1023.4500122070314 -2.754999995231628 48.000000000000007 74.500000000000014 35.500000000000007 -3.314999938011169 24.550000190734867 4.0499999523162851 1.7749999761581423 69.500000000000014
decision_type=2 2 2 2 2 2 2 2 2 2 2 2 2 2 2
left_child=1 4 -3 -4 5 8 11 -8 9 -1 -10 -7 13 -5 -6
right_child=-2 2 3 12 14 6 7 -9 10 -11 -12 -13 -14 -15 -16
leaf_value=-0.034349839712182681 0.04207437383501153 -0.096908518786613773 0.020932388127755386 -0.017942014404884646 0.010374997041292475 -0.099182391166686992 0.010374997041292475 -0.0050881849047826576 0.010374997041292475 0.0031861952196765107 -0.0030144718164988676 -0.025005601567681879 -0.0013845680057429921 -0.078499297549327218 0.020932388127755386
leaf_weight=45 19 12.999999999999998 18 29 20 14.000000000000002 679 519 311 2627 5980 15.999999999999998 11.999999999999998 11.999999999999998 18
leaf_count=45 19 13 12 29 13 14 672 519 311 2566 5852 16 12 12 12
internal_value=-0.00013184 -0.000209598 -0.0196582 -0.00551377 -4.98867e-05 -0.000182394 0.00476564 0.00637801 -0.000860313 0.00255404 -0.0023105 -0.0596214 -0.0237015 -0.0344995 0.0209324
internal_weight=10332 10313 84 71 10229 10191 1228 1198 8963 2672 6291 30 53 41 38
internal_count=10117 10098 78 65 10020 9995 1221 1191 8774 2611 6163 30 53 41 25
is_linear=0
shrinkage=0.05


Tree=109
num_leaves=31
num_cat=0
split_feature=10 11 26 23 7 7 5 7 11 18 6 10 7 29 7 12 25 23 10 28 23 11 7 7 7 8 28 5 18 14
split_gain=14.7843 19.968 32.9183 26.9829 29.5977 64.2151 23.4975 17.9981 14.8946 19.9157 14.4256 57.674 27.8891 60.1549 31.0776 27.7159 36.9124 28.3139 27.6175 75.3993 201.03 63.9856 48.5778 20.3836 18.8106 18.4286 14.9948 13.7342 12.9897 12.9075
threshold=0.98295000195503246 1.0000000180025095e-35 17.94999980926514 40.500000000000007 1016.6499938964845 1017.2500000000001 1.4750000238418581 1012.9500122070314 0.87834998965263378 16.349999427795414 452.50000000000006 -0.6035499870777129 1023.4500122070314 11.150000095367433 1025.9500122070315 -0.56175000965595234 9.9499998092651385 74.500000000000014 -0.98295000195503224 41.500000000000007 63.500000000000007 1.0000000180025095e-35 1022.8500061035157 1025.7500000000002 1010.7500000000001 112.50000000000001 63.500000000000007 3.554999947547913 4.0499999523162851 48.000000000000007
decision_type=2 2 2 2 2 2 2 2 2 2 2 2 2 2 2 2 2 2 2 2 2 2 2 2 2 2 2 2 2 2
left_child=10 3 8 4 -2 -6 7 -5 9 -3 11 12 15 25 -15 16 -1 -17 19 20 21 -12 -21 24 29 -14 28 -13 -25 -20
right_child=1 2 -4 6 5 -7 -8 -9 -10 -11 18 27 13 14 -16 17 -18 -19 23 22 -22 -23 -24 26 -26 -27 -28 -29 -30 -31
leaf_value=0.0075416936254815055 -0.021202974185388405 -0.0092032993227815201 0.055501056863711429 0.04557727137580514 -0.15463918532644 -0.036253335995097009 0.045843071062117817 -0.01888169618826863 -0.029140613660337811 0.025059970334085468 -0.20386701285839082 0.00029240778597434367 0.026715984840057383 0.13358190383981258 0.047878861826445379 0.00029240778597434367 0.042785001170323383 0.026884377048023652 0.00029240778597434367 0.00029240778597434367 -0.02874504351782018 -0.089157282537029647 -0.02874504351782018 -0.070752005279064181 0.00029142004217875856 0.00029240778597434367 -0.0067681923212986154 0.053712469977991922 -0.025917734453009753 -0.037865100083026022
leaf_weight=190 26 79 26 11.999999999999998 13.999999999999998 63 20 111 46 27 20 3722 92 17 28 623 122 111 19 169 34 31 69 24 4457 29 63 13.999999999999998 19 55
leaf_count=190 26 79 20 12 14 63 20 111 46 27 20 3653 92 17 17 596 119 86 19 168 26 31 69 24 4392 29 63 14 19 55
internal_value=-0.000101165 -0.00924415 0.00351179 -0.0184741 -0.0379858 -0.057778 -0.00442014 -0.012593 -0.00538112 0.00492961 0.000290097 0.00220026 0.0118607 0.0308998 0.0802556 0.00883915 0.0213227 0.00353278 -0.00161544 -0.0157518 -0.0561751 -0.134141 -0.00131496 -0.000630742 -0.000123695 0.0125444 -0.0223046 0.000292408 -0.0450673 -0.025126
internal_weight=10332 424 178 246 103 77 143 123 152 106 9908 4948 1212 166 45 1046 312 734 4960 323 85 51 238 4637 4531 121 106 3736 43 74
internal_count=10117 418 172 246 103 77 143 123 152 106 9699 4813 1146 155 34 991 309 682 4886 314 77 51 237 4572 4466 121 106 3667 43 74
is_linear=0
shrinkage=0.05


Tree=110
num_leaves=31
num_cat=0
split_feature=1 3 3 1 6 10 12 5 2 27 10 27 8 11 10 18 12 8 18 23 25 2 10 12 8 0 4 3 18 9
split_gain=15.1506 32.3286 46.3324 46.8146 35.4711 49.5044 44.6133 43.9285 36.3261 31.7604 26.2209 19.6346 17.0261 16.0095 36.1146 79.3531 42.5084 21.7151 19.4039 35.5777 26.8023 19.4011 22.6921 25.6475 15.0866 12.1625 16.7007 11.74 9.73384 19.198
threshold=77.500000000000014 352.50000000000006 348.50000000000006 75.500000000000014 747.50000000000011 -0.91595000028610218 -0.56175000965595234 -3.9650000333786006 4.3450000286102304 16.050000190734867 -0.98295000195503224 16.050000190734867 595.50000000000011 0.60784998536109935 -0.98295000195503224 5.9500000476837167 0.81174999475479137 298.50000000000006 2.1499999761581425 78.500000000000014 11.949999809265138 2.4550000429153447 -0.6035499870777129 -0.56175000965595234 194.50000000000003 18.550000190734867 0.94499999284744274 211.50000000000003 2.3500000238418584 -0.91595000028610218
decision_type=2 2 2 2 2 2 2 2 2 2 2 2 2 2 2 2 2 2 2 2 2 2 2 2 2 2 2 2 2 2
left_child=1 2 4 -4 6 7 8 -6 -1 10 -3 -8 -7 14 15 -2 17 -17 -15 25 -21 22 23 -16 -22 -20 -27 -24 29 -23
right_child=13 9 3 -5 5 12 11 -9 -10 -11 -12 -13 -14 18 21 16 -18 -19 19 20 24 28 27 -25 -26 26 -28 -29 -30 -31
leaf_value=0.026040063924571512 -0.14060609579086303 0.056581821555600445 -0.022388036388438198 -0.14334071934223178 0.0020460699759331509 0.0020460699759331509 0.0020460699759331509 -0.030574816364261511 0.0020460699759331509 0.11234101384878159 0.0045396570031741813 0.043006945421608787 -0.0059826113637031792 -0.041641267850995062 0.025219044819558886 -0.0087105076399541671 -0.076525604724283186 0.068277811545592093 -0.010279628560951382 0.018130892708748868 0.11413416770788337 -0.093981685042381261 0.0043153455205280382 0.0017863483505101436 0.046032159512595518 0.00023910132558590763 0.013940276073973272 -0.0026297062841151688 -0.0055699001178275299 -0.020395433307964464
leaf_weight=426 14.999999999999998 34 40 9.9999999999999982 90 848 1101 261 207 9.9999999999999982 84 30 687 25 176 31 18 12.999999999999998 204 52 13.000000000000002 10.000000000000002 611 347 15.999999999999998 1220 272 960 2411 18
leaf_count=404 15 33 40 10 90 833 1050 258 207 8 84 30 679 25 175 31 18 13 204 52 13 10 580 315 16 1220 272 930 2401 18
internal_value=-0.000408121 0.002081 0.00122636 -0.0465786 0.00188123 -0.00288571 0.00697785 -0.019826 0.0176659 0.0267853 0.0195349 0.00204607 0.000987942 -0.00189414 -0.00345617 -0.0374115 -0.0124451 0.014036 0.00210195 0.00271736 0.0350906 -0.00287939 0.000650885 0.00967192 0.0739334 0.00117123 0.0027369 -0.0023523 -0.0059103 -0.035221
internal_weight=10240 3828 3700 50 3650 1886 1764 351 633 128 118 1131 1535 6412 4610 77 62 44 1802 1777 81 4533 2094 523 29 1696 1492 1571 2439 28
internal_count=10034 3726 3601 50 3551 1860 1691 348 611 125 117 1080 1512 6308 4506 77 62 44 1802 1777 81 4429 2000 490 29 1696 1492 1510 2429 28
is_linear=0
shrinkage=0.05


Tree=111
num_leaves=31
num_cat=0
split_feature=1 3 3 1 6 28 3 12 2 7 7 8 29 10 11 8 11 18 10 10 27 3 7 10 18 8 5 7 2 23
split_gain=14.0792 29.1123 41.8642 42.2501 30.8871 73.8024 51.4534 44.8333 34.5757 29.5168 28.7971 47.4226 90.9624 45.0014 66.2057 49.4994 37.7147 54.3295 28.7175 24.3417 16.6164 16.5601 14.6634 35.9814 32.7493 20.8833 18.4511 15.8054 14.3894 13.8904
threshold=77.500000000000014 352.50000000000006 348.50000000000006 75.500000000000014 707.50000000000011 41.500000000000007 11.500000000000002 -0.56175000965595234 4.3450000286102304 1024.549987792969 1023.5499877929689 12.500000000000002 11.150000095367433 -0.98295000195503224 -0.60784998536109913 327.50000000000006 0.60784998536109935 2.1499999761581425 -0.98295000195503224 -0.98295000195503224 16.050000190734867 56.500000000000007 1015.8500061035157 0.60354998707771312 2.8500000238418584 206.50000000000003 4.6649999618530282 1022.5499877929689 2.2949999570846562 21.500000000000004
decision_type=2 2 2 2 2 2 2 2 2 2 2 2 2 2 2 2 2 2 2 2 2 2 2 2 2 2 2 2 2 2
left_child=1 2 4 -4 7 6 -6 8 -1 -7 13 21 16 14 -2 -16 19 -18 -3 -13 -9 -12 23 24 -15 29 -25 -27 -20 -24
right_child=10 18 3 -5 5 9 -8 20 -10 -11 11 12 -14 22 15 -17 17 -19 28 -21 -22 -23 25 26 -26 27 -28 -29 -30 -31
leaf_value=0.026599567554299625 0.023536554944735985 0.061222832778898575 -0.021268634590669536 -0.13617367893457413 -0.17255193232135335 0.00076975935041425855 -0.046316513454381113 0.0023290707653226043 0.0023290707653226043 -0.019254124937209915 -0.023041438897295544 -0.054975342502196635 0.13871587492963847 -0.051043002193675358 -0.033512216553208421 -0.13230452125980741 -0.055840357051541417 0.058960528272420987 0.058379339254819432 0.008901597411189786 0.040856599140291411 0.0031788221317306724 -0.00809863993334046 -0.020240198230991761 0.0014195026506295899 -0.011000309436239373 0.040204791495433226 -0.052305640967992645 0.0014536205539786209 0.00076096162655718026
leaf_weight=396 27 39 40 9.9999999999999982 11.000000000000002 1800 11.999999999999998 1007 189 205 72 18 17 31 32 21 11.999999999999998 73 12.999999999999998 87 30 368 502 438 736 212 12.999999999999998 26 76 3727
leaf_count=374 27 37 40 10 11 1773 11 958 189 205 72 18 17 31 32 21 12 73 13 87 30 368 502 438 736 212 13 26 75 3623
internal_value=-0.000396707 0.00200278 0.00119177 -0.0442496 0.00181426 -0.00229916 -0.0913555 0.00695731 0.0181716 -0.00127757 -0.00182922 0.00817297 0.0279086 -0.00295175 -0.0401912 -0.0726563 0.0179943 0.0427533 0.0254461 -0.00204874 0.00232907 -0.00111177 -0.00242771 -0.00729074 -0.000700885 -0.00110173 -0.0184979 -0.0155127 0.00976861 -0.00029071
internal_weight=10240 3828 3700 50 3650 2028 23 1622 585 2005 6412 647 207 5765 80 53 190 85 128 105 1037 440 5685 1218 767 4467 451 238 89 4229
internal_count=10034 3726 3601 50 3551 2000 22 1551 563 1978 6308 647 207 5661 80 53 190 85 125 105 988 440 5581 1218 767 4363 451 238 88 4125
is_linear=0
shrinkage=0.05


Tree=112
num_leaves=26
num_cat=0
split_feature=28 7 14 27 1 8 7 23 11 1 9 8 28 7 10 9 17 28 10 3 6 28 7 10 3
split_gain=12.9114 12.0624 61.3681 16.2974 14.4549 50.8177 29.2103 59.7579 27.6062 26.5915 24.7812 44.7363 33.8867 14.4095 21.2226 15.1539 10.6319 10.624 9.23891 8.84458 7.74077 1.53839 0.56548 0.310367 0.217531
threshold=141.00000000000003 1011.8500061035157 48.000000000000007 2.4500000476837163 80.500000000000014 397.50000000000006 1014.9500122070314 42.500000000000007 1.0000000180025095e-35 49.500000000000007 1.0000000180025095e-35 29.500000000000004 37.500000000000007 1015.8500061035157 0.60354998707771312 0.78654998540878307 0.11250000074505807 118.50000000000001 1.0000000180025095e-35 117.50000000000001 302.50000000000006 94.500000000000014 1010.8500061035157 -1.0000000180025095e-35 121.50000000000001
decision_type=2 2 2 2 2 2 2 2 2 2 2 2 2 2 2 2 2 2 2 2 2 2 2 2 2
left_child=1 2 16 -4 6 13 7 18 19 -9 12 -12 -8 14 -6 -15 21 20 -3 -7 -5 -1 -19 -23 -2
right_child=24 4 3 17 5 8 10 9 -10 -11 11 -13 -14 15 -16 -17 -18 22 -20 -21 -22 23 -24 -25 -26
leaf_value=-0.0051227130489925297 0.03452881783246993 -0.0092354119916449942 -0.076198262063895961 -0.018607441239801414 -0.001570731011209232 -0.12102962090418885 -0.039515953344003908 -0.0071436461389419578 -0.0083128678612411026 0.019636872970778246 -0.0018305309646391853 0.019636872970778246 -0.00092917008910276336 0.0017321846192359328 -0.017131413288480609 -0.0043370107578748372 0.019636872970778246 -0.0051227130489925297 -0.04701816793945101 -0.058483438640832899 -0.041121237132793823 0.0013610414346680944 -0.016269205836579204 0.0078447959183287185 0.044957890212535857
leaf_weight=25 10.000000000000002 20 17 33 623 13.000000000000002 58 105 15.999999999999998 535 379 224 2993 3053 338 1551 47 13.999999999999998 45 9.9999999999999982 78 11.000000000000002 20 11.999999999999998 9.9999999999999982
leaf_count=25 10 20 17 33 623 13 51 105 16 535 370 205 2911 3009 338 1506 47 14 45 10 78 11 20 12 10
internal_value=-0.000391067 -0.000469608 -0.0111648 -0.0298823 -0.00019372 -0.0018734 0.00196571 0.011284 -0.0587494 0.0159231 0.000167851 0.00942995 -0.00166271 -0.00147481 -0.00704369 -0.000312412 0.0196369 -0.0244522 -0.0343939 -0.0938356 -0.0320922 -0.00394728 -0.00512271 0.0078448 0.0397434
internal_weight=10240 10220 257 162 9963 5604 4359 705 39 640 3654 603 3051 5565 961 4604 95 145 65 23 111 48 34 23 20
internal_count=10034 10014 257 162 9757 5515 4242 705 39 640 3537 575 2962 5476 961 4515 95 145 65 23 111 48 34 23 20
is_linear=0
shrinkage=0.05


Tree=113
num_leaves=31
num_cat=0
split_feature=28 7 7 10 8 0 23 14 1 10 28 17 18 9 18 26 28 4 7 7 8 6 1 3 10 6 18 7 17 18
split_gain=11.6399 11.3387 45.8179 58.4256 60.5865 38.57 35.5955 25.3514 20.2713 36.5956 98.2508 63.8383 62.2292 22.8888 39.0796 26.2848 20.6669 17.3406 32.608 17.9019 15.8547 14.7088 14.5766 12.9039 12.1719 39.9281 10.7802 6.36229 5.29582 0.828216
threshold=141.00000000000003 1023.1499938964845 1024.4500122070315 -0.98295000195503224 336.50000000000006 20.94999980926514 28.500000000000004 48.000000000000007 74.500000000000014 -0.98295000195503224 45.500000000000007 0.12350000068545343 4.9500000476837167 -1.0000000180025095e-35 4.2500000000000009 11.949999809265138 37.500000000000007 -3.314999938011169 1011.2500000000001 1014.5499877929689 717.50000000000011 912.50000000000011 90.500000000000014 297.50000000000006 -0.91595000028610218 972.50000000000011 9.3499999046325701 1011.7500000000001 0.12049999833106996 21.94999980926514
decision_type=2 2 2 2 2 2 2 2 2 2 2 2 2 2 2 2 2 2 2 2 2 2 2 2 2 2 2 2 2 2
left_child=1 8 6 4 5 -4 28 -8 13 10 11 -10 -12 15 23 27 -16 19 -19 -11 -17 -6 -9 -15 25 -5 -26 -1 -3 -30
right_child=-2 2 3 24 21 -7 7 22 9 17 12 -13 -14 14 16 20 -18 18 -20 -21 -22 -23 -24 -25 26 -27 -28 -29 29 -31
leaf_value=-0.020691714795292217 0.037756187021732335 -0.058312724317823139 -0.086780198557036267 0.018665357664037707 -0.079813311249017693 0.011827782541513444 0.018665357664037707 0.010916314466250972 -0.16945536276873421 0.018665357664037707 -0.04777448828445395 -0.04777448828445395 0.018665357664037707 -0.0065872744165567897 0.0013059066401156104 0.0026653735980166553 0.018665357664037707 -0.043823387687249735 -0.002437460552088903 -0.0018871498237730878 0.017220907385506162 -0.1619201409816742 -0.0091252874453440803 -0.053918624252805282 -0.0071905341995060594 -0.039280659755071008 0.00825925319651632 -0.004602354312632128 -0.029375798751910522 -0.011159944634598035
leaf_weight=66 20 13.999999999999998 13.999999999999998 70 12.000000000000002 34 380 189 17 135 25 20 49 72 46 1064 268 48 5637 165 227 9.9999999999999982 104 18 439 30 152 890 12.000000000000002 12.999999999999998
leaf_count=66 20 14 14 64 11 28 380 189 17 135 21 20 49 70 46 1000 261 48 5521 165 227 10 104 18 439 30 152 890 12 13
internal_value=-0.000350898 -0.000425472 0.00363293 -0.00489678 -0.0484248 -0.0169329 0.0127496 0.0154409 -0.00110891 -0.00269623 -0.031143 -0.097669 0.00212003 0.00254114 0.013498 0.000571142 0.0186654 -0.00216864 -0.00278689 0.00954723 0.00522471 -0.117135 0.00316727 -0.0160535 -0.000487277 0.0156453 -0.00321698 -0.00571313 -0.0336915 -0.0199036
internal_weight=10240 10220 1473 761 70 48 712 673 8747 6096 111 37 74 2651 404 2247 314 5985 5685 300 1291 22 293 90 691 100 591 956 39 25
internal_count=10034 10014 1460 748 63 42 712 673 8554 5976 107 37 70 2578 395 2183 307 5869 5569 300 1227 21 293 88 685 94 591 956 39 25
is_linear=0
shrinkage=0.05


Tree=114
num_leaves=31
num_cat=0
split_feature=0 9 28 3 7 7 12 5 8 8 8 7 0 7 12 27 2 29 11 28 26 18 0 7 3 4 5 6 15 5
split_gain=11.49 16.0098 20.6401 11.4009 17.7221 19.2922 25.2106 25.3574 23.775 14.7874 41.6372 14.4049 29.1843 36.9039 16.7111 33.5011 14.0048 19.4511 16.3905 18.9907 11.2404 10.5418 7.74826 7.67214 8.34707 5.30569 1.73525 1.66732 1.36974 1.06975
threshold=18.349999427795414 0.91595000028610241 42.500000000000007 39.500000000000007 1020.5499877929689 1024.549987792969 0.81174999475479137 -2.2949999570846553 581.50000000000011 169.50000000000003 2.5000000000000004 1014.9500122070314 23.150000572204593 1014.8500061035157 0.81174999475479137 12.949999809265138 1.4550000429153445 11.050000190734865 0.60784998536109935 39.500000000000007 28.599999427795414 7.4500000476837167 28.750000000000004 1018.8500061035157 297.50000000000006 2.245000004768372 -0.55500000715255726 257.50000000000006 1.435000002384186 -3.1750000715255733
decision_type=2 2 2 2 2 2 2 2 2 2 2 2 2 2 2 2 2 2 2 2 2 2 2 2 2 2 2 2 2 2
left_child=1 25 21 16 11 6 8 -8 -6 10 -7 12 -5 -14 20 -16 17 -2 -19 -20 -13 23 27 24 -3 -1 -23 -18 -25 -24
right_child=3 2 -4 4 5 9 7 -9 -10 -11 -12 14 13 -15 15 -17 22 18 19 -21 -22 26 29 28 -26 -27 -28 -29 -30 -31
leaf_value=-0.0032275508790046929 0.0039104801156617545 -0.10008030652999876 -0.0032275508790046929 -0.0032275508790046929 0.011021798104635659 -0.0018736966809576106 0.047293440356850625 -0.0032275508790046929 -0.0032275508790046929 -0.0032275508790046929 0.04659559359087756 -0.0032275508790046929 0.0091068474330090344 0.079865457186181307 -0.00044456918675709386 0.030329848236093922 0.0003414646183285311 0.017766321375394727 0.027293803542852404 0.097053140774369245 0.016678993594738328 -0.014907442101485436 0.0039104801156617545 -0.040219955518841749 -0.035477389544248582 -0.023178293683179998 -0.029156439486053783 -0.0032275508790046929 -0.029156439486053783 0.0003414646183285311
leaf_weight=389 101 10.000000000000002 64 305 1604 199 25 415 101 244 57 2732 611 19 435 111 314 34 25 15.999999999999998 74 96 220 30 9.9999999999999982 41 13.999999999999998 1885 22 37
leaf_count=388 101 10 64 305 1546 199 25 387 94 238 51 2702 611 19 435 94 314 29 25 16 37 96 220 30 10 41 14 1874 22 37
internal_value=-0.000300289 -0.00660009 -0.0171544 0.000144992 0.00120873 0.00442729 0.00650593 -0.00322755 0.00926867 -0.00322755 0.00891829 -0.000777063 0.0047107 0.0112408 -0.00230781 0.00581177 -0.00265661 0.0110485 0.0316222 0.054517 -0.00322755 -0.0265873 -0.00322755 -0.0414611 -0.0677788 -0.00322755 -0.0168518 -0.00322755 -0.0313389 0.00391048
internal_weight=10240 676 246 9564 6932 2645 2145 440 1705 500 256 4287 935 630 3352 546 2632 176 75 41 2806 182 2456 72 20 430 110 2199 52 257
internal_count=10034 675 246 9359 6743 2540 2052 412 1640 488 250 4203 935 630 3268 529 2616 171 70 41 2739 182 2445 72 20 429 110 2188 52 257
is_linear=0
shrinkage=0.05


Tree=115
num_leaves=28
num_cat=0
split_feature=2 1 1 10 0 12 4 1 0 28 26 10 6 3 3 11 4 0 25 15 22 28 11 3 9 22 9
split_gain=11.7882 18.0423 12.0658 11.2417 52.0577 70.727 89.7249 46.6842 25.3682 14.273 13.8434 11.0923 37.5034 16.5613 16.2464 13.3846 8.58147 5.14942 4.21198 3.90474 2.6883 2.23664 2.48554 1.07898 0.979635 0.140887 0.107838
threshold=0.56999999284744274 81.500000000000014 76.500000000000014 -0.98295000195503224 24.150000572204593 0.81174999475479137 0.95499998331069957 60.500000000000007 20.94999980926514 37.500000000000007 6.7500000000000009 -0.6035499870777129 677.50000000000011 196.50000000000003 71.500000000000014 0.87834998965263378 -0.4549999982118606 27.44999980926514 3.3500000238418584 1.1500000357627871 15.34999990463257 54.500000000000007 -0.60784998536109913 39.500000000000007 -0.37939999997615809 21.150000572204593 0.78654998540878307
decision_type=2 2 2 2 2 2 2 2 2 2 2 2 2 2 2 2 2 2 2 2 2 2 2 2 2 2 2
left_child=1 2 19 4 5 7 -7 -2 -9 -6 18 12 -12 14 -13 -15 -3 -14 24 -1 -18 22 -20 -23 -5 -22 -26
right_child=3 16 -4 10 9 6 -8 8 -10 -11 11 13 17 15 -16 -17 20 -19 21 -21 25 23 -24 -25 26 -27 -28
leaf_value=0.0049934815730998811 -0.095114833972183996 0.037883597910404208 0.073254712857306004 -0.03431226300696532 -0.0086371315575306303 -0.16244231493849504 -0.0087809307402686079 -0.076653110342366368 -0.0086371315575306303 0.0049934815730998811 0.0049934815730998811 -0.00076313845294063412 -0.0032620591603984908 -0.0032620591603984908 0.0049934815730998811 0.0049934815730998811 0.0049934815730998811 0.00086571120635069512 -0.0058476611175777467 0.035029776319861414 0.022198872065002262 -0.0058476611175777467 -0.012289401060413747 -0.0032620591603984908 -0.014810712547863229 0.030032855023940402 -0.020736516586371833
leaf_weight=13.999999999999998 15.999999999999998 20 15.999999999999998 11.999999999999998 28 19 19 13.999999999999998 208 123 1212 2568 837 2360 1350 419 175 177 164 20 11.000000000000002 66 210 157 17.000000000000004 11.999999999999998 13.999999999999998
leaf_count=12 16 11 16 12 28 19 19 14 188 123 1164 2557 819 2326 1300 419 157 177 164 18 11 66 210 157 17 12 14
internal_value=-4.19545e-05 0.0103065 0.0374499 -0.000319572 -0.00825711 -0.0222677 -0.0856116 -0.012154 -0.00863713 0.00499348 3.48494e-05 0.000544332 0.00360208 -0.000472027 0.00162395 -0.00326206 0.00499348 -0.00326206 -0.00706845 0.0206005 0.00499348 -0.00597985 -0.00843326 -0.00326206 -0.0221823 0.0262862 -0.0174869
internal_weight=10258 268 50 9990 427 276 38 238 222 151 9563 8923 2226 6697 3918 2779 218 1014 640 34 198 597 374 223 43 23 31
internal_count=10046 237 46 9809 407 256 38 218 202 151 9402 8762 2160 6602 3857 2745 191 996 640 30 180 597 374 223 43 23 31
is_linear=0
shrinkage=0.05


Tree=116
num_leaves=26
num_cat=0
split_feature=2 0 7 10 7 18 0 1 8 14 1 5 12 7 7 21 4 7 7 5 26 4 3 18 3
split_gain=10.0191 16.6369 11.5939 22.6576 72.8806 11.2129 11.2723 10.556 38.4184 22.0094 14.0897 34.6683 18.9562 26.9498 23.5936 16.148 11.1609 18.6157 9.79233 9.44211 8.17493 8.12733 3.83764 3.09979 2.81324
threshold=0.56999999284744274 24.750000000000004 1026.7500000000002 -0.98295000195503224 1027.850036621094 2.9500000476837163 23.150000572204593 79.500000000000014 406.50000000000006 33.000000000000007 54.500000000000007 3.3449999094009404 1.0000000180025095e-35 1024.549987792969 1011.6499938964845 11.34999990463257 -3.1450001001358028 1015.8500061035157 1022.7500000000001 -0.40500000119209284 11.750000000000002 -0.4549999982118606 117.50000000000001 21.150000572204593 57.500000000000007
decision_type=2 2 2 2 2 2 2 2 2 2 2 2 2 2 2 2 2 2 2 2 2 2 2 2 2
left_child=1 19 7 4 -4 6 -5 10 16 24 11 20 14 -14 -12 -13 18 -18 -9 -1 -2 -21 -11 -23 -10
right_child=2 -3 3 5 -6 -7 -8 8 9 22 12 15 13 -15 -16 -17 17 -19 -20 21 -22 23 -24 -25 -26
leaf_value=0.03834607465929836 -0.0091481409430758907 0.069742543318054892 -0.13754876128264834 -0.057352764019742611 0.0046287378995803737 0.0046287378995803737 -0.010081025164721168 0.0046287378995803737 -0.027016299664974205 -0.092533517628908143 -0.026311281042348974 -0.072022951532293253 -0.00056673468700962589 -0.052909058377146725 0.0046287378995803737 -0.0058507408880229504 -0.0079136194129133721 -0.0003033260759477537 -0.030057363452449921 0.035753286594436287 0.0026361373824618077 0.0046287378995803737 -0.053048836141824721 0.027800760535817398 0.0046287378995803737
leaf_weight=18 241 10.999999999999998 14.000000000000002 15.999999999999998 12.999999999999998 26 19 185 10.000000000000002 16.000000000000004 69 27 1506 25 1917 13.999999999999998 979 4484 31 21 378 199 9.9999999999999982 19 9.9999999999999982
leaf_count=18 241 11 14 16 7 26 19 185 10 16 69 27 1424 25 1892 14 979 4416 31 12 378 179 10 17 10
internal_value=-1.35125e-05 0.00952693 -0.000269452 -0.018338 -0.0564725 -0.00145872 -0.0247908 -0.000108876 -0.00150333 -0.0470135 0.00180236 -0.00490117 0.00306034 -0.00142144 0.00462874 -0.0494276 -0.00113469 -0.00166713 0.00462874 0.00694961 -0.00195193 0.00462874 -0.0773471 0.00462874 -0.00757985
internal_weight=10258 268 9990 88 27 61 35 9902 5725 46 4177 660 3517 1531 1986 41 5679 5463 216 257 619 239 26 218 20
internal_count=10046 237 9809 82 21 61 35 9727 5657 46 4070 660 3410 1449 1961 41 5611 5395 216 226 619 208 26 196 20
is_linear=0
shrinkage=0.05


Tree=117
num_leaves=21
num_cat=0
split_feature=26 0 28 7 10 7 26 4 7 28 12 7 23 5 6 28 17 8 10 5
split_gain=10.1244 10.0141 9.45767 9.50804 23.1488 30.9977 17.6149 15.3397 14.9511 6.48386 5.93047 2.85171 1.39129 0.742208 0.691038 0.601521 0.295276 0.163333 0.135707 0.0665559
threshold=5.1499998569488534 18.44999980926514 141.00000000000003 1018.1499938964845 -0.6035499870777129 1017.2500000000001 9.8499999046325701 2.935000061988831 1018.8500061035157 42.500000000000007 0.81174999475479137 1018.6499938964845 35.500000000000007 -5.1150000095367423 932.50000000000011 56.500000000000007 0.09849999845027925 486.50000000000006 -0.37939999997615809 -4.4849998950958243
decision_type=2 2 2 2 2 2 2 2 2 2 2 2 2 2 2 2 2 2 2 2
left_child=11 9 3 4 5 -3 10 -6 -8 18 -5 12 16 -14 -13 -16 19 -4 -2 -1
right_child=1 2 17 6 7 -7 8 -9 -10 -11 -12 14 13 -15 15 -17 -18 -19 -20 -21
leaf_value=-0.018179143558848986 -0.0042596603908959321 0.012134581400277693 0.030499857962131491 -0.002326855052017341 -0.002326855052017341 -0.002326855052017341 0.012983602520984572 0.017808276832333072 0.0024853146700569255 -0.002326855052017341 0.00051705290469644118 -0.016857055491871303 -0.011652353005099184 -0.0061924657297745232 -0.037790293991565693 -0.023462063676179059 -0.011652353005099184 0.039536796808242798 -0.0061924657297745232 -0.023815217614173882
leaf_weight=10.999999999999998 272 667 10.000000000000002 847 2933 250 370 26 4066 231 171 18 31 50 12.000000000000002 9.9999999999999982 13.999999999999998 9.9999999999999982 249 10.000000000000002
leaf_count=11 272 667 10 847 2933 250 362 26 3865 228 171 18 31 50 12 10 14 10 249 10
internal_value=3.01992e-05 0.0002254 0.000671852 0.000598226 -0.00129516 0.00589563 0.0019438 -0.00232686 0.00336096 -0.00532556 -0.00232686 -0.0126103 -0.0086406 -0.00619247 -0.0241226 -0.0300671 -0.0171122 0.0350183 -0.00619247 -0.020863
internal_weight=10258 10102 9350 9330 3876 917 5454 2959 4436 752 1018 156 116 81 40 22 35 20 521 21
internal_count=10046 9890 9141 9121 3876 917 5245 2959 4227 749 1018 156 116 81 40 22 35 20 521 21
is_linear=0
shrinkage=0.05


Tree=118
num_leaves=21
num_cat=0
split_feature=21 1 9 0 25 24 8 12 7 28 4 7 14 7 23 7 12 25 28 0
split_gain=9.19151 23.158 9.6342 19.8427 17.1118 15.6734 23.5088 21.694 23.888 10.9481 10.7129 10.1627 34.8597 9.65362 40.9665 18.8075 8.70874 8.40981 6.11359 3.16435
threshold=4.8500001430511483 67.500000000000014 0.91595000028610241 18.94999980926514 12.150000095367433 75.415000915527358 427.50000000000006 -0.56175000965595234 1025.4500122070315 60.500000000000007 0.54500001668930065 1012.0499877929689 48.000000000000007 1014.9500122070314 42.500000000000007 1017.6499938964845 1.0000000180025095e-35 6.4500000476837167 42.500000000000007 21.94999980926514
decision_type=2 2 2 2 2 2 2 2 2 2 2 2 2 2 2 2 2 2 2 2
left_child=1 -1 5 18 10 6 7 8 -2 16 17 12 -7 14 -13 -15 -6 -5 -4 -12
right_child=2 -3 3 4 9 11 -8 -9 -10 -11 19 13 -14 15 -16 -17 -18 -19 -20 -21
leaf_value=-0.011239685976125959 0.032072374216673492 -0.084078028798103333 -0.011239685976125959 -0.0055088405441141792 0.028896782527420117 0.0042383675188723711 0.077673803021510446 0.0042383675188723711 0.0042383675188723711 0.0500806973874569 -0.0055088405441141792 -0.011239685976125959 -0.011239685976125959 -0.0048655180364374287 0.0042383675188723711 0.0012092077237780695 0.0063940086391041599 0.0063940086391041599 -0.0055088405441141792 0.0063940086391041599
leaf_weight=33 153 11.999999999999998 294 170 47 116 11.999999999999998 362 87 20 287 303 168 1690 849 5178 83 269 99 26
leaf_count=33 144 12 294 170 47 116 12 337 74 13 287 303 168 1690 849 5046 57 269 99 26
internal_value=-1.55011e-05 -0.0225632 8.38475e-05 -0.00394611 0.000222005 0.000669045 0.00837767 0.00699635 0.0198927 0.0156418 -0.00285374 9.90673e-05 -0.00919614 0.000428224 0.00423837 -0.000285592 0.0103435 0.00304002 -0.0112397 -0.00550884
internal_weight=10258 45 10213 1295 902 8918 614 602 240 150 752 8304 284 8020 1152 6868 130 439 393 313
internal_count=10046 45 10001 1262 869 8739 567 555 218 117 752 8172 284 7888 1152 6736 104 439 393 313
is_linear=0
shrinkage=0.05


Tree=119
num_leaves=31
num_cat=0
split_feature=9 11 0 25 26 7 14 21 6 0 28 1 5 6 5 18 25 21 3 28 5 7 23 1 18 5 7 26 7 1
split_gain=8.98716 19.7981 13.1763 11.2977 9.48261 9.29474 64.9857 32.7666 19.5789 15.8939 14.9469 14.2609 27.5741 24.698 7.78723 7.18583 5.76084 5.58947 4.25056 4.06241 6.61907 5.98161 3.62421 2.78017 2.02429 1.98107 1.87301 1.4035 1.32889 1.16815
threshold=0.98295000195503246 0.87834998965263378 19.650000572204593 10.34999990463257 13.550000190734865 1012.0499877929689 48.000000000000007 13.050000190734865 387.50000000000006 31.150000572204593 115.00000000000001 54.500000000000007 3.3449999094009404 1382.5000000000002 -1.5349999666213987 6.8500001430511483 10.550000190734865 11.550000190734865 335.50000000000006 30.500000000000004 -0.74500000476837147 1019.9500122070314 88.500000000000014 86.500000000000014 4.2500000000000009 -3.2949999570846553 1015.8500061035157 7.5499999523162851 1010.5499877929689 83.500000000000014
decision_type=2 2 2 2 2 2 2 2 2 2 2 2 2 2 2 2 2 2 2 2 2 2 2 2 2 2 2 2 2 2
left_child=5 2 19 18 27 6 7 28 22 10 11 12 -7 -13 17 -5 -11 -10 26 20 -2 -22 23 -8 -9 -26 -4 -3 -1 -21
right_child=1 4 3 15 -6 9 8 24 14 16 -12 13 -14 -15 -16 -17 -18 -19 -20 29 21 -23 -24 -25 25 -27 -28 -29 -30 -31
leaf_value=0.013072528317570687 -0.020886409983556006 -0.0029345949654400881 -0.00273016916625962 0.0030281319955887485 0.060334262251853947 -0.0043809217220092669 -0.024694063882919313 0.039689360386519518 -0.059968691567579904 0.018375547497228081 0.018375547497228081 0.00089641748831464647 -0.047023541537658656 -0.045321799459835069 -0.072154779688400381 0.034290640508489949 0.057401368767023092 -0.028682392390201924 0.0030281319955887485 -0.020886409983556006 -0.078272602111101153 -0.033427764757953844 -0.0030311481463994473 -0.010427067857883826 0.049370122228369673 0.076725266277790083 -0.012860030746741089 0.016342741771448597 -0.0030311481463994473 -0.012860030746741089
leaf_weight=12.999999999999998 54 13.999999999999998 49 29 11.999999999999998 503 34 27 18 15.000000000000002 76 8840 41 29 17 28 15.999999999999998 69 44 12.999999999999998 9.9999999999999982 29 28 17 17.000000000000004 9.9999999999999982 79 29 49 49
leaf_count=13 54 14 49 17 12 503 34 27 18 15 76 8641 41 29 17 28 16 69 44 12 10 29 28 17 17 10 79 29 49 49
internal_value=-2.33308e-05 -0.00702258 -0.0110411 -0.00342118 0.0210339 0.0002896 -0.00839076 0.0208871 -0.0269494 0.000562229 0.000445458 0.000263299 -0.0075948 0.000745292 -0.0412034 0.0158707 0.0363056 -0.0351554 -0.00981441 -0.0222989 -0.0289128 -0.0449264 -0.00818474 -0.017823 0.0493701 0.0590509 -0.01286 0.0100664 -0.00303115 -0.01286
internal_weight=10258 439 384 229 55 9819 299 116 183 9520 9489 9413 544 8869 104 57 31 87 172 155 93 39 79 51 54 27 128 43 62 62
internal_count=10046 426 371 217 55 9620 299 116 183 9321 9290 9214 544 8670 104 45 31 87 172 154 93 39 79 51 54 27 128 43 62 61
is_linear=0
shrinkage=0.05


Tree=120
num_leaves=31
num_cat=0
split_feature=10 26 11 7 1 12 23 23 11 7 0 9 28 6 8 26 27 7 0 7 18 12 17 28 9 7 0 6 1 1
split_gain=9.24859 16.7567 11.5925 12.8552 16.9505 11.7554 41.3563 15.7266 23.8222 14.3031 9.3002 12.9822 19.373 12.172 23.0707 20.861 18.1327 14.7854 15.4147 13.8923 10.6067 10.1722 9.04859 8.2753 8.20088 6.92528 6.7346 5.5626 4.38108 3.12944
threshold=0.98295000195503246 21.399999618530277 -0.87834998965263356 1016.0499877929689 81.500000000000014 0.81174999475479137 45.500000000000007 32.500000000000007 1.0000000180025095e-35 1019.9500122070314 18.44999980926514 0.91595000028610241 42.500000000000007 342.50000000000006 160.50000000000003 11.34999990463257 9.6500000953674334 1021.0499877929689 19.849999427795414 1015.7500000000001 7.4500000476837167 0.81174999475479137 0.10050000250339509 58.500000000000007 1.0000000180025095e-35 1021.8500061035157 21.550000190734867 662.50000000000011 72.500000000000014 88.500000000000014
decision_type=2 2 2 2 2 2 2 2 2 2 2 2 2 2 2 2 2 2 2 2 2 2 2 2 2 2 2 2 2 2
left_child=10 2 3 4 -2 7 9 8 -4 -7 11 27 20 14 17 19 -17 21 -19 -16 25 -12 -15 -5 28 -13 -9 -1 -24 -25
right_child=1 -3 5 23 -6 6 -8 26 -10 -11 13 12 -14 22 15 16 -18 18 -20 -21 -22 -23 24 29 -26 -27 -28 -29 -30 -31
leaf_value=-0.0023314078615071054 -0.059142100214958172 0.03226776719093323 -0.086124866742354186 -0.08385779658953349 0.011165664225223802 -0.1200170738995075 0.011165664225223802 -0.0037380512373562415 -0.011929646982468102 -0.043789587356150156 0.0010910253035783417 -0.055428329858025815 -0.0023314078615071054 -0.0023314078615071054 0.013658297738292385 0.013658297738292385 0.044715009849423018 0.0010910253035783417 0.015247848796180304 0.0010910253035783417 -0.013987293341350389 0.011943213250454422 0.0010910253035783417 -0.015025242293874422 0.0010910253035783417 -0.026040638957352098 0.011165664225223802 -0.021054121057192485 -0.00098029931239258425 -0.052897742688655852
leaf_weight=452 10.000000000000002 25 12.999999999999998 11.999999999999998 18 10.000000000000002 28 138 38 15.999999999999998 1909 33 65 882 78 116 78 383 380 72 112 277 2218 12 1061 44 92 45 1664 10
leaf_count=449 10 18 13 12 18 10 28 138 38 16 1868 33 65 882 78 111 76 383 354 72 112 246 2150 12 1045 44 92 45 1648 10
internal_value=-0.000187504 -0.00743619 -0.00993644 -0.029797 -0.00470849 -0.00626076 -0.0276268 -0.00215484 -0.0272745 -0.0731079 0.000122451 -0.00522577 -0.0146824 0.000562955 0.00299266 0.0152462 0.0260731 0.00156329 0.00811291 0.00124349 -0.0238085 0.00109103 -0.000810611 -0.0504581 0.000370809 -0.038094 0.00341516 -0.00233141 -0.000980299 -0.03224
internal_weight=10291 422 397 62 28 335 54 281 51 26 9869 751 254 9118 3293 344 194 2949 763 150 189 2186 5825 34 4943 77 230 497 3882 22
internal_count=10076 415 397 62 28 335 54 281 51 26 9661 748 254 8913 3188 337 187 2851 737 150 189 2114 5725 34 4843 77 230 494 3798 22
is_linear=0
shrinkage=0.05


Tree=121
num_leaves=31
num_cat=0
split_feature=10 26 3 11 7 7 23 11 27 5 1 5 6 28 0 2 7 9 14 9 26 0 1 5 7 5 3 17 28 8
split_gain=8.01141 15.046 10.7904 15.4799 33.3053 59.6081 15.3209 25.5453 10.9202 10.7247 8.29652 23.2358 16.8354 29.9549 16.4459 13.5385 12.2327 20.6183 15.6774 8.83206 8.81816 6.15034 11.8916 5.87604 5.37506 6.22621 4.37743 3.2876 2.69678 0.139707
threshold=0.98295000195503246 21.399999618530277 284.50000000000006 1.0000000180025095e-35 1016.6499938964845 1017.2500000000001 65.500000000000014 -0.60784998536109913 6.8500001430511483 -4.694999933242797 51.500000000000007 2.6049998998641972 1357.5000000000002 55.500000000000007 27.750000000000004 1.6800000071525576 1018.2500000000001 0.78654998540878307 48.000000000000007 -0.6035499870777129 13.34999990463257 31.150000572204593 44.500000000000007 -2.3049999475479122 1017.7500000000001 -3.9350000619888301 5.5000000000000009 0.10350000113248826 67.500000000000014 815.00000000000011
decision_type=2 2 2 2 2 2 2 2 2 2 2 2 2 2 2 2 2 2 2 2 2 2 2 2 2 2 2 2 2 2
left_child=10 2 3 4 9 -6 7 -4 -5 -2 11 21 14 -14 16 -16 18 -18 -12 -13 -17 24 -23 -9 25 -1 -10 -24 -26 -15
right_child=1 -3 6 8 5 -7 -8 23 26 -11 12 19 13 29 15 20 17 -19 -20 -21 -22 22 27 -25 28 -27 -28 -29 -30 -31
leaf_value=-0.0013129381294620325 -0.039424803446639671 0.030654380321502684 -0.089377437718212605 -0.03212891548871994 -0.13553338845570881 -0.017957020913391322 0.010658450556157439 -0.011105450146492023 -0.010735232466281251 0.010658450556157439 0.00097985932371607784 -0.020059148222208015 -0.089699229704482228 -0.011555302719924063 0.059643495668257988 0.0058513092671542456 0.0032455964152730827 -0.0040494847080806409 -0.0058249658425344819 -0.082561046802080595 0.020342278157571152 0.00085147565091511649 0.010196523512290284 -0.032302955297395457 -0.025260229110717777 -0.018950186831422064 0.010658450556157439 0.04343096581490144 0.00085147565091511649 -0.021105677609403545
leaf_weight=83 10.999999999999998 25 15.999999999999998 14.999999999999998 11.999999999999998 106 12.999999999999998 23 20 58 1819 10.000000000000002 13.999999999999998 45 13.999999999999998 193 4338 1247 1583 12.999999999999998 124 50 10.999999999999998 41 9.9999999999999982 126 82 23 153 12.999999999999998
leaf_count=83 11 18 16 15 12 106 13 23 20 58 1819 10 14 45 14 193 4187 1190 1583 13 124 50 11 41 10 126 82 23 153 13
internal_value=-0.000221833 -0.00696829 -0.00933748 -0.00477818 -0.0137028 -0.0299139 -0.024241 -0.0328694 0.00948594 0.0106585 6.66462e-05 -0.00635204 0.000394075 -0.0236908 0.000580178 0.0115256 0.000177048 0.00161678 -0.00218652 -0.0553863 0.00940049 -0.00387882 0.00834112 -0.0187423 -0.00663817 -0.0119459 0.0106585 0.0326786 0.000167483 -0.0115553
internal_weight=10291 422 397 304 187 118 93 80 117 69 9869 479 9390 72 9318 331 8987 5585 3402 23 317 456 84 64 372 209 102 34 163 58
internal_count=10076 415 397 304 187 118 93 80 117 69 9661 479 9182 72 9110 331 8779 5377 3402 23 317 456 84 64 372 209 102 34 163 58
is_linear=0
shrinkage=0.05


Tree=122
num_leaves=31
num_cat=0
split_feature=7 10 11 23 7 25 8 27 29 20 24 24 10 6 8 23 10 1 10 11 11 9 23 4 18 4 7 10 11 10
split_gain=7.69158 40.8501 65.9155 61.0208 33.1016 41.2977 22.5657 19.2218 19.1279 18.6876 22.1559 17.1375 16.0054 48.243 19.691 13.7186 13.7052 12.0409 20.6744 95.8981 20.4922 35.2288 27.543 11.6489 11.5892 20.4122 24.6458 11.1665 10.3918 9.89981
threshold=1024.549987792969 -0.98295000195503224 1.0000000180025095e-35 63.500000000000007 1023.4500122070314 10.949999809265138 336.50000000000006 9.6500000953674334 24.550000190734867 10.550000190734865 221.25000000000003 142.08499908447268 -0.91595000028610218 902.50000000000011 109.50000000000001 71.500000000000014 -0.37939999997615809 74.500000000000014 -0.98295000195503224 -0.60784998536109913 0.60784998536109935 -1.0000000180025095e-35 58.500000000000007 -3.314999938011169 5.0499999523162851 -0.29500000178813929 1025.7500000000002 -0.37939999997615809 0.87834998965263378 0.60354998707771312
decision_type=2 2 2 2 2 2 2 2 2 2 2 2 2 2 2 2 2 2 2 2 2 2 2 2 2 2 2 2 2 2
left_child=4 2 6 -4 8 7 -2 16 17 -7 -11 -10 13 14 -3 -12 -6 20 19 -19 21 -1 -22 -20 25 -14 -27 -26 -29 -18
right_child=1 12 3 -5 5 9 -8 -9 11 10 15 -13 24 -15 -16 -17 29 18 23 -21 22 -23 -24 -25 27 26 -28 28 -30 -31
leaf_value=0.0019285975379734685 -0.055989514929907648 0.091595724750967597 -0.068841220350826501 0.060004621744155884 -0.015676262983054454 0.018895269264780828 -0.14576242906706674 0.018895269264780828 0.072254309306542072 0.11889730177142405 0.036507266614051563 0.017052953750156984 -0.004903005187654296 -0.026801436699649975 0.027358404155820609 0.080030479086562994 0.0088725568305262747 0.017052953750156984 0.008013986636835493 -0.061573981419897408 -0.040014881085393562 0.017052953750156984 -0.0024987160502116593 -0.0020256081616394062 0.021508282090265618 -0.012781773281904558 -0.063111132962836158 -0.004903005187654296 0.033875058094660446 -0.0066699321941553584
leaf_weight=1755 14.000000000000002 17 17 20 112 87 13.999999999999998 61 18 10.999999999999998 43 20 158 37 40 11.999999999999998 134 50 304 69 53 266 636 5828 60 75 36 211 18 115
leaf_count=1701 14 17 17 14 112 87 14 61 12 11 43 13 158 37 34 12 134 45 304 69 53 263 630 5706 60 75 36 211 18 115
internal_value=-0.000202474 -0.00519748 -0.0429959 0.000805181 0.000171603 0.0118024 -0.100876 0.00373403 -0.000571561 0.0340565 0.0541193 0.0348276 -0.00142923 0.0176576 0.0465169 0.0411637 -0.00115016 -0.000721674 -0.00192846 -0.0225699 0.00206195 0.00460062 -0.00538457 -0.00152789 -0.00464457 -0.0121134 -0.0291048 0.00230739 -0.00272341 0.00538368
internal_weight=10291 717 65 37 9574 575 28 422 8999 153 66 38 652 94 57 55 361 8961 6251 119 2710 2021 689 6132 558 269 111 289 229 249
internal_count=10076 705 59 31 9371 575 28 422 8796 153 66 25 646 88 51 55 361 8771 6124 114 2647 1964 683 6010 558 269 111 289 229 249
is_linear=0
shrinkage=0.05


Tree=123
num_leaves=16
num_cat=0
split_feature=28 26 1 0 18 8 12 8 0 1 26 12 2 23 8
split_gain=7.52073 7.2201 7.37043 15.3529 9.65592 9.01945 16.7067 12.6264 6.5938 7.87783 1.9669 1.9257 0.989688 1.04037 0.0937305
threshold=141.00000000000003 4.9500000476837167 51.500000000000007 27.750000000000004 3.6499999761581425 586.50000000000011 0.81174999475479137 415.50000000000006 31.150000572204593 43.500000000000007 3.7500000000000004 1.0000000180025095e-35 5.9849998950958261 35.500000000000007 639.50000000000011
decision_type=2 2 2 2 2 2 2 2 2 2 2 2 2 2 2
left_child=1 10 8 5 11 7 -7 -4 -3 -10 -1 -5 13 -12 -14
right_child=-2 2 3 4 -6 6 -8 -9 9 -11 12 -13 14 -15 -16
leaf_value=-0.027183610514590617 0.031254494033361738 -0.0062562879494254611 -0.00035531084313029839 0.0053745241468923484 0.015511243171185072 -0.0062562879494254611 0.0053745241468923484 0.0053745241468923484 0.0008770615556500938 0.015511243171185072 -0.012723861033486446 0.010442883659038711 -0.018415934809967935 -0.0062562879494254611 -0.013715855641798539
leaf_weight=19 19 391 7898 95 155 517 128 813 44 37 25 74 11.000000000000002 54 10.999999999999998
leaf_count=19 19 391 7729 95 155 505 128 779 44 37 25 74 11 54 11
internal_value=-0.000173875 -0.000232008 -8.78862e-05 0.000209605 0.01091 -0.000160952 -0.00586613 0.000261484 -0.00618897 0.00801041 -0.0124247 0.00537452 -0.00964826 -0.00703179 -0.0184159
internal_weight=10291 10272 10152 9680 324 9356 645 8711 472 81 120 169 101 79 22
internal_count=10076 10057 9937 9465 324 9141 633 8508 472 81 120 169 101 79 22
is_linear=0
shrinkage=0.05


Tree=124
num_leaves=31
num_cat=0
split_feature=7 14 7 0 10 7 17 27 5 28 26 12 6 7 10 25 12 8 9 12 20 7 9 12 29 3 5 7 20 2
split_gain=7.12887 18.4727 26.4974 22.9872 28.5344 19.0792 18.4351 20.8337 18.3381 17.0609 16.4537 17.3251 14.3927 11.683 28.8226 12.193 11.606 17.3236 16.76 11.4127 10.8295 9.40258 7.49152 7.15767 7.01481 6.97958 6.34465 5.37767 5.00155 3.22615
threshold=1018.2500000000001 48.000000000000007 1012.0499877929689 21.750000000000004 0.98295000195503246 1010.3500061035157 0.13849999755620959 11.949999809265138 -0.88499999046325672 13.500000000000002 9.8499999046325701 0.81174999475479137 387.50000000000006 1018.8500061035157 -0.37939999997615809 12.84999990463257 0.81174999475479137 735.50000000000011 0.60354998707771312 -0.56175000965595234 10.650000095367433 1013.2500000000001 0.91595000028610241 1.0000000180025095e-35 5.4500000476837167 228.50000000000003 -2.4550000429153438 1016.6499938964845 10.34999990463257 4.7349998950958261
decision_type=2 2 2 2 2 2 2 2 2 2 2 2 2 2 2 2 2 2 2 2 2 2 2 2 2 2 2 2 2 2
left_child=1 5 12 4 24 -1 7 21 -9 22 11 25 -3 14 15 -12 18 -18 -15 -16 23 -7 -2 -14 -4 -11 -8 -5 -24 -22
right_child=9 2 3 27 -6 6 26 8 -10 10 13 -13 20 16 19 -17 17 -19 -20 -21 29 -23 28 -25 -26 -27 -28 -29 -30 -31
leaf_value=0.03695261431102817 -0.01145494055327321 -0.0080480911371457152 -0.025384729506449599 -0.0019855061787959179 -0.071607467457652105 0.0036322499230273171 0.063551251341899248 0.0036322499230273171 0.016248772078602175 -0.0084854008720441406 0.014601102623749862 -0.00086404951960245956 -0.082836744737099205 0.0052833989032669212 -0.00086404951960245956 0.043434114669050491 -0.00086404951960245956 0.052025263458490373 -0.00086404951960245956 0.011432548729615973 -0.022210115927969523 -0.0019855061787959179 -0.063918916078714208 -0.042218851546446487 -0.0081438439863868953 -0.00086404951960245956 0.021095879917795008 -0.0075433984397583727 -0.019154817424714567 -0.042218851546446487
leaf_weight=37 89 82 69 1034 20 184 11.999999999999998 325 160 632 77 219 17 2707 71 70 750 20 1014 193 55 1473 13.000000000000002 15.999999999999998 407 250 33 239 11.999999999999998 10.999999999999998
leaf_count=37 89 82 69 1034 20 184 12 325 160 632 77 219 17 2583 71 59 702 20 982 193 55 1473 13 16 407 250 33 239 12 11
internal_value=-0.000173576 -0.00176668 -0.00531898 -0.00345462 -0.0131013 0.00134797 0.000745604 8.02319e-05 0.00925001 0.000913496 0.00127739 -0.00424606 -0.0235403 0.00251797 0.0105868 0.0283311 0.00177953 -0.00086405 0.00316489 0.000706449 -0.0363721 -0.00198551 -0.0182482 -0.059759 -0.010643 -0.0084854 0.0324173 -0.00198551 -0.0424321 -0.0246787
internal_weight=10291 4174 1950 1769 496 2224 2187 2142 485 6117 6003 1101 181 4902 411 147 4491 770 3721 264 99 1657 114 33 476 882 45 1273 25 66
internal_count=10076 4174 1950 1769 496 2224 2187 2142 485 5902 5788 1101 181 4687 400 136 4287 722 3565 264 99 1657 114 33 476 882 45 1273 25 66
is_linear=0
shrinkage=0.05


Tree=125
num_leaves=24
num_cat=0
split_feature=0 1 1 5 6 28 1 11 5 7 14 18 7 7 5 10 2 12 28 28 6 7 1
split_gain=7.19697 11.6473 11.4081 26.7857 11.3063 27.8335 10.934 32.9193 19.304 17.3895 19.3084 14.6386 9.62608 4.07129 5.27204 7.50662 4.66517 3.8581 2.86116 2.30875 2.26668 1.07691 0.331604
threshold=31.150000572204593 44.500000000000007 51.500000000000007 3.3449999094009404 1357.5000000000002 55.500000000000007 74.500000000000014 0.60784998536109935 -1.8450000286102293 1023.2500000000001 48.000000000000007 6.7500000000000009 1025.350036621094 1017.7500000000001 -3.8950001001358028 -1.0000000180025095e-35 5.6250000000000009 1.0000000180025095e-35 67.500000000000014 92.500000000000014 997.50000000000011 1020.9500122070314 49.500000000000007
decision_type=2 2 2 2 2 2 2 2 2 2 2 2 2 2 2 2 2 2 2 2 2 2 2
left_child=2 -2 3 13 6 -6 7 12 -9 11 -11 -8 -4 14 16 -16 -1 -3 -15 22 -5 -20 -19
right_child=1 17 4 20 5 -7 9 8 -10 10 -12 -13 -14 18 15 -17 -18 19 21 -21 -22 -23 -24
leaf_value=0.0050158324535004798 0.0064564355243667956 0.0094614646630361687 0.0064564355243667956 -0.047711103748191472 -0.083947625490171582 -0.0099303724313955788 -0.006271033141365949 -0.0099303724313955788 0.0036962920049535895 0.0064564355243667956 -0.0033432724742696409 -0.00038687267994403783 -0.0099303724313955788 -0.024224238029935147 -0.024306086929928927 0.0019562611333430349 -0.024105299746288972 0.035067928921092631 0.0064564355243667956 0.05386381307068993 -0.080602207183837898 9.5505250296253953e-05 0.022487560808658602
leaf_weight=72 51 13.999999999999998 1835 11.000000000000002 13.999999999999998 54 1355 383 310 423 509 4806 77 10.999999999999998 90 39 17 11.000000000000002 19 17 9.9999999999999982 139 9.9999999999999982
leaf_count=72 51 14 1766 11 14 54 1252 383 303 419 509 4783 67 11 90 39 17 11 19 17 10 139 10
internal_value=-5.21965e-05 0.0130982 -0.000185329 -0.00837674 0.000156888 -0.0201601 0.000299346 0.00306966 -0.00626651 -0.000718088 0.00564717 -0.00168099 0.00645353 -0.00539242 -0.00990782 -0.0163663 -0.000546631 0.0318994 0.000432172 0.040166 -0.0633735 0.00214876 0.0290773
internal_weight=10277 103 10174 408 9766 68 9698 2605 693 7093 932 6161 1912 387 218 129 89 52 169 38 21 158 21
internal_count=10061 103 9958 408 9550 68 9482 2519 686 6963 928 6035 1833 387 218 129 89 52 169 38 21 158 21
is_linear=0
shrinkage=0.05


Tree=126
num_leaves=22
num_cat=0
split_feature=26 0 2 1 7 7 1 1 18 15 10 8 8 7 17 3 9 20 3 20 5
split_gain=7.13113 7.34949 6.6138 10.6695 6.33879 17.8804 11.2332 4.82897 4.72776 4.01044 3.58532 3.49015 9.47333 2.57834 2.2514 1.72037 1.33417 1.175 0.416164 0.17473 0.0439114
threshold=5.1499998569488534 18.050000190734867 0.56999999284744274 81.500000000000014 1024.549987792969 1023.1499938964845 74.500000000000014 76.500000000000014 15.34999990463257 1.1500000357627871 -0.37939999997615809 169.50000000000003 2.5000000000000004 1017.7500000000001 0.14350000023841861 170.50000000000003 0.78654998540878307 5.9500000476837167 27.500000000000004 9.7500000000000018 -4.4349999427795401
decision_type=2 2 2 2 2 2 2 2 2 2 2 2 2 2 2 2 2 2 2 2 2
left_child=13 10 3 7 5 6 -4 9 14 -3 -2 12 -6 16 -5 -10 -1 -15 19 -19 -18
right_child=1 2 4 8 11 -7 -8 -9 15 -11 -12 -13 -14 17 -16 -17 20 18 -20 -21 -22
leaf_value=-0.0052023142759892267 -0.0023817449232059504 0.0043534839759562377 0.0025740376139283348 0.0043534839759562377 -0.0023817449232059504 0.0043534839759562377 -0.0014350509366077809 0.051592397782951598 0.039329467828457164 0.032404942954467102 -0.0052023142759892267 -0.0023817449232059504 0.0043534839759562377 -0.033041782925526307 0.01558582665946553 0.01558582665946553 -0.015404743758531715 -0.022957015152160934 -0.0078819055969898532 -0.015349776960081524 -0.01981182485818863
leaf_weight=80 260 13.999999999999998 2545 133 235 672 5574 15.999999999999998 13.000000000000002 22 228 278 77 11.999999999999998 40 10.999999999999998 13.000000000000002 13.000000000000002 12.999999999999998 18 9.9999999999999982
leaf_count=80 257 12 2472 123 235 672 5481 16 13 19 228 271 72 12 20 11 13 13 13 18 10
internal_value=-3.15363e-05 0.000133571 0.000438824 0.00848162 0.000225344 0.000627527 -0.000178353 0.0287371 0.00435348 0.0185792 -0.00520231 -0.00238174 0.00435348 -0.0105382 0.00435348 0.0268182 -0.0058434 -0.0191733 -0.015391 -0.0185399 -0.0173209
internal_weight=10277 10118 9630 249 9381 8791 8119 52 197 36 488 590 312 159 173 24 103 56 44 31 23
internal_count=10061 9902 9417 214 9203 8625 7953 47 167 31 485 578 307 159 143 24 103 56 44 31 23
is_linear=0
shrinkage=0.05


Tree=127
num_leaves=24
num_cat=0
split_feature=4 7 14 17 27 0 1 3 3 1 8 7 3 23 2 7 18 23 9 7 17 0 0
split_gain=6.88387 8.74579 31.0502 12.3723 12.3321 11.6106 10.54 24.3413 10.3532 9.40625 42.8317 20.5201 8.0393 5.17307 4.28 3.6442 3.63548 2.34015 1.89255 0.95577 0.894055 0.384606 0.0303492
threshold=-4.8250000476837149 1011.6499938964845 48.000000000000007 0.11250000074505807 2.4500000476837163 31.150000572204593 51.500000000000007 173.50000000000003 227.50000000000003 80.500000000000014 384.50000000000006 1014.9500122070314 58.500000000000007 110.50000000000001 5.3450000286102304 1012.1499938964845 4.4500000476837167 96.500000000000014 -0.78654998540878285 1010.5499877929689 0.11749999970197679 31.550000190734867 29.94999980926514
decision_type=2 2 2 2 2 2 2 2 2 2 2 2 2 2 2 2 2 2 2 2 2 2 2
left_child=15 2 3 19 -4 6 7 14 -9 11 -11 -8 18 -7 -3 -1 -17 -14 -6 -2 21 -5 -21
right_child=1 5 4 20 12 13 9 8 -10 10 -12 -13 17 -15 -16 16 -18 -19 -20 22 -22 -23 -24
leaf_value=0.046659279167652133 0.0087707589480227662 -0.0025586138245139284 -0.065521351817733373 0.023422050205144009 -0.024005688782091496 0.014425270974575376 0.010829562471214835 -0.070883592814207072 -0.018614271459066207 -0.00057829990016333396 -0.047529702257288968 0.00069244941133441915 -0.024845253361854704 0.047043280538759738 -0.026394040212035182 -0.0046318463573697946 0.029631227006514868 -0.0047620606439470851 -0.042200132568224594 -0.0047620606439470851 0.045856342315673829 0.036970560550689695 0.00081216577225579664
leaf_weight=9.9999999999999982 13.999999999999998 323 15.999999999999998 11.000000000000002 27 15.999999999999998 586 20 18 5593 49 3371 15.999999999999998 19 20 16.000000000000004 14.999999999999998 54 27 18.000000000000004 14.999999999999998 9.9999999999999982 12.999999999999998
leaf_count=10 14 323 16 11 27 16 586 20 18 5503 49 3245 16 19 20 16 15 54 27 18 15 10 13
internal_value=-3.33935e-05 -0.000115293 -0.00995391 0.0146854 -0.0242095 0.000101815 9.96193e-07 -0.00815497 -0.0461244 0.00032472 -0.000986066 0.00219367 -0.0188789 0.0288495 -0.00394843 0.0204135 0.0119471 -0.007697 -0.033374 -0.00279288 0.0365331 0.0298737 -0.00476206
internal_weight=10277 10236 221 81 140 10015 9980 381 38 9599 5642 3957 124 35 343 41 31 70 54 45 36 21 31
internal_count=10061 10020 221 81 140 9799 9764 381 38 9383 5552 3831 124 35 343 41 31 70 54 45 36 21 31
is_linear=0
shrinkage=0.05


Tree=128
num_leaves=31
num_cat=0
split_feature=0 10 28 18 7 10 4 18 7 10 8 27 26 7 1 4 8 2 8 1 26 1 12 7 27 0 16 28 29 3
split_gain=6.55282 12.3833 18.3773 13.2634 6.44229 15.2219 32.7722 50.7242 19.7967 43.8393 69.8438 17.6824 13.8055 11.6768 13.5386 17.5027 11.273 25.7548 25.5401 9.58375 10.331 8.13748 6.303 6.00552 5.19713 4.91722 2.20242 1.3108 1.01057 0.257749
threshold=18.050000190734867 -0.37939999997615809 42.500000000000007 6.5499999523162851 1018.1499938964845 -0.37939999997615809 2.935000061988831 9.3499999046325701 1017.2500000000001 -0.98295000195503224 497.50000000000006 11.550000190734865 9.8499999046325701 1018.8500061035157 70.500000000000014 0.73500001430511486 206.50000000000003 0.90500000119209301 8.5000000000000018 95.500000000000014 9.7500000000000018 59.500000000000007 0.81174999475479137 1021.8500061035157 5.8500001430511483 28.44999980926514 0.14200000464916232 15.500000000000002 1.7500000000000002 217.50000000000003
decision_type=2 2 2 2 2 2 2 2 2 2 2 2 2 2 2 2 2 2 2 2 2 2 2 2 2 2 2 2 2 2
left_child=1 24 3 23 5 8 19 -8 9 10 -2 -11 22 14 21 -16 18 -18 -15 25 -21 -14 -6 -3 28 -7 -25 -5 -1 -30
right_child=4 2 -4 27 12 6 7 -9 -10 11 -12 -13 13 16 15 -17 17 -19 -20 20 -22 -23 -24 26 -26 -27 -28 -29 29 -31
leaf_value=-0.04056173601187766 0.014727798632874683 -0.069467186555266389 -0.0027190379998961837 -0.028443810552709833 -0.0027190379998961837 -0.0027190379998961837 -0.0027190379998961837 0.12453577426763683 -0.0027190379998961837 0.0011674093908133521 0.14263329029083252 0.017843689282317107 0.0027607777084295571 0.0011729041525940654 -8.8362979414600114e-05 0.026053700978299239 0.041475298592732072 -8.8362979414600114e-05 0.01221882608823978 -0.0027190379998961837 0.02264415386461598 0.035335780220897228 -8.8362979414600114e-05 -0.050737067631312784 -0.0027190379998961837 0.0085338661995091551 -0.028443810552709833 -0.013878855775502389 -0.026022420663918761 -0.015512246564030647
leaf_weight=9.9999999999999982 37 15.999999999999998 65 11.999999999999998 907 2304 11.000000000000002 12.999999999999998 324 790 14.999999999999998 199 26 2249 217 77 42 1279 682 54 85 73 209 13.999999999999998 226 196 33 88 14.000000000000002 9.9999999999999982
leaf_count=10 37 16 65 12 907 2304 11 13 324 790 15 199 26 2166 215 77 35 1216 631 54 85 66 209 14 223 196 33 88 14 10
internal_value=-3.26334e-05 -0.00568734 -0.0151545 -0.0250387 0.000249264 -0.00128474 -0.00271904 0.0563391 0.00310759 0.00687567 0.0516236 0.0045229 0.00132181 0.00254231 0.0107882 0.00540301 0.00178017 -8.8363e-05 0.00374313 -0.00271904 0.0116883 0.0267807 -0.00271904 -0.0430088 -0.00271904 -0.00271904 -0.0340016 -0.0138789 -0.0272075 -0.0216432
internal_weight=10277 488 228 163 9789 4028 2663 24 1365 1041 52 989 5761 4645 393 294 4252 1321 2931 2639 139 99 1116 63 260 2500 47 100 34 24
internal_count=10061 485 228 163 9576 4028 2663 24 1365 1041 52 989 5548 4432 384 292 4048 1251 2797 2639 139 92 1116 63 257 2500 47 100 34 24
is_linear=0
shrinkage=0.05


Tree=129
num_leaves=25
num_cat=0
split_feature=4 7 14 17 27 28 3 1 5 6 28 1 6 17 4 28 28 18 6 6 7 17 3 4
split_gain=6.31569 7.9387 27.6418 11.355 11.0976 8.93635 7.17523 6.56235 22.8128 10.1036 25.6619 9.14065 5.41843 3.8014 3.63613 2.44758 2.12543 2.10786 1.96654 1.8171 0.836873 0.832819 0.759041 0.154928
threshold=-4.8250000476837149 1011.6499938964845 48.000000000000007 0.11250000074505807 2.4500000476837163 115.00000000000001 58.500000000000007 51.500000000000007 3.3449999094009404 1357.5000000000002 55.500000000000007 79.500000000000014 407.50000000000006 0.13650000095367434 -0.94499999284744252 141.00000000000003 118.50000000000001 5.5499999523162851 997.50000000000011 342.50000000000006 1010.5499877929689 0.11749999970197679 164.50000000000003 -0.83499997854232777
decision_type=2 2 2 2 2 2 2 2 2 2 2 2 2 2 2 2 2 2 2 2 2 2 2 2
left_child=12 2 3 20 -4 7 19 8 14 11 -11 -9 -1 15 -3 -7 -8 -14 -10 -6 -2 23 -15 -5
right_child=1 5 4 21 6 13 16 9 18 10 -12 -13 17 22 -16 -17 -18 -19 -20 -21 -22 -23 -24 -25
leaf_value=0.046161346939893877 0.007905527457062687 -0.00087625130947605327 -0.062191806768532844 0.02369465082883835 -0.012400030363351107 0.0083372444463766376 -0.016301675019569178 0.0022998530947157983 -0.042502873187715347 -0.080343622980373244 -0.0093733702823316847 -0.00090813185246850611 -0.0031253671739250415 0.023921580266739635 -0.012415899551902594 0.020437807505461536 -0.0046531015451413598 0.025505423992872242 -0.073139047026634221 -0.036011907763101834 -0.0046531015451413598 0.043624458909034734 0.040699918453509995 0.03229365470734509
leaf_weight=12.999999999999998 13.999999999999998 293 15.999999999999998 9.9999999999999982 9.9999999999999982 35 43 3558 11.000000000000002 13.999999999999998 54 5907 18.000000000000004 14.000000000000002 89 17 27 9.9999999999999982 9.9999999999999982 44 31 14.999999999999998 12.999999999999998 11.000000000000002
leaf_count=13 14 293 16 10 10 35 43 3438 11 14 54 5811 18 14 89 17 27 10 10 44 31 15 13 11
internal_value=-9.96074e-05 -0.000178054 -0.00955171 0.0136959 -0.0230021 2.87935e-05 -0.0179454 -0.000104384 -0.00635404 0.000159815 -0.0190445 0.000297786 0.0194852 0.0167789 -0.00356481 0.00887558 -0.00738146 0.00709992 -0.0570915 -0.0316393 -0.00304834 0.0346262 0.032 0.0281989
internal_weight=10277 10236 221 81 140 10015 124 9936 403 9533 68 9465 41 79 382 52 70 28 21 54 45 36 27 21
internal_count=10061 10020 221 81 140 9799 124 9720 403 9317 68 9249 41 79 382 52 70 28 21 54 45 36 27 21
is_linear=0
shrinkage=0.05


Tree=130
num_leaves=28
num_cat=0
split_feature=26 8 5 17 8 5 23 0 27 7 29 7 8 10 18 29 6 23 1 7 7 9 21 21 28 0 5
split_gain=6.51712 6.9336 23.9531 15.485 11.0304 14.4007 10.8567 9.18683 8.45375 7.76416 23.3016 22.6359 11.3738 79.7099 7.53172 3.73263 3.12787 2.30906 2.24527 1.91347 1.24605 0.99099 0.835976 0.448607 0.257785 0.241148 0.0296274
threshold=5.1499998569488534 730.50000000000011 -1.8450000286102293 0.13849999755620959 618.50000000000011 -3.9350000619888301 67.500000000000014 30.250000000000004 6.4500000476837167 1024.7500000000002 24.550000190734867 1023.4500122070314 172.50000000000003 -0.91595000028610218 3.1499999761581425 10.050000190734865 827.50000000000011 83.500000000000014 61.500000000000007 1018.4500122070314 1020.1499938964845 0.78654998540878307 4.8500001430511483 13.449999809265138 56.500000000000007 27.750000000000004 -4.4349999427795401
decision_type=2 2 2 2 2 2 2 2 2 2 2 2 2 2 2 2 2 2 2 2 2 2 2 2 2 2 2
left_child=19 4 3 7 9 6 25 16 15 10 11 -2 13 -11 -8 -4 -3 -9 -10 21 -17 22 -1 24 -21 -6 -23
right_child=1 2 8 -5 5 -7 14 17 18 12 -12 -13 -14 -15 -16 20 -18 -19 -20 23 -22 26 -24 -25 -26 -27 -28
leaf_value=-0.017503531702927181 -0.00022221220535233969 0.0056067026127627154 -0.0044349100991067569 0.048857589624822145 -0.0050619607601235317 -0.0050619607601235317 0.010207049011141363 0.0056067026127627154 0.073080625136693306 0.067681692471337873 0.04393783230935374 0.0095396893709042835 -0.0050619607601235317 -0.0043664327214371843 0.038564514910632917 0.020331686921417708 -0.0050619607601235317 0.023195213060826066 0.042494205882151921 -0.025671478713813586 0.039187693382458144 -0.014261531767745809 -0.0050619607601235317 -0.010911941069823045 -0.016729875653982162 0.0069261283542101206 -0.017854004014622085
leaf_weight=13.999999999999998 7916 35 10.999999999999998 15.999999999999998 16.000000000000004 446 27 18 12.000000000000002 43 31 642 215 358 44 17.000000000000004 202 40 11.999999999999998 19 13.999999999999998 12.000000000000002 72 12.999999999999998 13.999999999999998 12.999999999999998 10.999999999999998
leaf_count=14 7741 35 11 16 16 438 27 18 12 36 18 642 209 358 44 17 202 40 12 19 14 12 72 13 14 13 11
internal_value=-5.23273e-05 0.000103392 0.00675676 0.000950822 -0.000153845 -0.00506196 0.0147044 -0.00164751 0.034115 0.000277913 0.000666844 0.000510102 -0.00506196 0.00335943 0.0254761 0.020588 -0.00506196 0.0162754 0.0577874 -0.0102273 0.0294671 -0.00661837 -0.00506196 -0.0187789 -0.0218781 -0.00506196 -0.0159797
internal_weight=10283 10128 377 311 9751 546 100 295 66 9205 8589 8558 616 401 71 42 237 58 24 155 31 109 86 46 33 29 23
internal_count=10074 9919 377 311 9542 538 100 295 66 9004 8401 8383 603 394 71 42 237 58 24 155 31 109 86 46 33 29 23
is_linear=0
shrinkage=0.05


Tree=131
num_leaves=31
num_cat=0
split_feature=7 10 11 23 7 14 27 29 25 8 10 8 6 10 28 18 10 9 9 29 1 7 10 3 26 12 12 1 28 17
split_gain=6.46793 41.8931 58.8508 55.1318 22.3542 33.8102 68.1117 51.9766 22.5383 21.3205 13.5649 37.4938 14.698 10.8935 9.31411 23.3912 13.6131 11.164 9.45023 8.66104 15.1118 8.88208 21.0062 40.7835 12.9814 11.235 9.6132 8.13315 6.70575 5.8032
threshold=1024.549987792969 -0.98295000195503224 1.0000000180025095e-35 63.500000000000007 1023.4500122070314 48.000000000000007 9.6500000953674334 11.150000095367433 11.150000095367433 336.50000000000006 -0.91595000028610218 109.50000000000001 902.50000000000011 1.0000000180025095e-35 65.500000000000014 3.4500000476837163 -0.6035499870777129 0.3793999999761582 0.91595000028610241 24.550000190734867 70.500000000000014 1022.7500000000001 -0.91595000028610218 108.50000000000001 23.94999980926514 0.81174999475479137 1.0000000180025095e-35 85.500000000000014 44.500000000000007 0.11850000172853471
decision_type=2 2 2 2 2 2 2 2 2 2 2 2 2 2 2 2 2 2 2 2 2 2 2 2 2 2 2 2 2 2
left_child=4 2 9 -4 19 6 8 29 -6 -2 11 -3 -13 -7 15 16 -12 -16 -17 21 -21 24 23 -23 26 -24 -1 -15 -26 -8
right_child=1 10 3 -5 5 13 7 -9 -10 -11 14 12 -14 27 17 18 -18 -19 -20 20 -22 22 25 -25 28 -27 -28 -29 -30 -31
leaf_value=0.00095064828992462696 -0.051571593965802867 0.081555039849546221 -0.067018150088979919 0.055452672690153131 0.0080738311022760471 -0.018285402267197656 0.040602381986558446 0.1438119237913805 0.036133201956136583 -0.13736573139826455 -0.063643815547779758 0.021326105937708256 -0.021977780255838297 0.0080738311022760471 0.0013094204560184152 -0.0012898759310663881 -0.020055644839668662 0.041848160483335201 -0.020055644839668662 0.011507179168389078 0.065182457342743874 -0.10524035205443701 -0.0065033375883641054 -0.012746192284072911 0.0043143592895262912 0.011507179168389078 -0.0025505516873959022 -0.007379645577154351 0.011507179168389078 0.07418975738378672
leaf_weight=4755 14.000000000000002 18 17 20 200 88 25 17 73 14.999999999999998 27 43 36 60 160 281 32 19 45 23 14.999999999999998 14.999999999999998 342 58 69 71 3336 98 298 12.999999999999998
leaf_count=4741 14 18 17 14 200 88 25 17 73 15 27 36 36 60 160 281 32 19 45 15 10 15 342 50 38 71 3336 98 168 13
internal_value=-8.67814e-05 -0.00463314 -0.0426173 -0.000817705 0.000259096 0.00982536 0.0203345 0.0710971 0.0101076 -0.0959479 -0.000840467 0.0164311 0.00159269 -0.00418687 -0.00381093 -0.00819217 -0.0371622 0.00561242 -0.00294913 -0.000352242 0.0234678 -0.000453445 -0.00702665 -0.0317518 -7.57463e-05 -0.00265634 -0.000492931 0.00366547 0.00912165 0.0406024
internal_weight=10283 727 66 37 9556 574 328 55 273 29 661 97 79 246 564 385 59 179 326 8982 38 8944 486 73 8458 413 8091 158 367 38
internal_count=10074 714 60 31 9360 574 328 55 273 29 654 90 72 246 564 385 59 179 326 8786 25 8761 478 65 8283 413 8077 158 206 38
is_linear=0
shrinkage=0.05


Tree=132
num_leaves=22
num_cat=0
split_feature=4 7 14 0 17 8 28 1 5 17 23 4 23 28 18 7 7 17 7 25 0
split_gain=6.42263 6.72285 22.7845 9.31266 9.18695 8.84346 8.36181 7.63597 19.4371 13.3508 5.74615 4.94719 3.70881 3.33103 3.74927 2.88686 2.13468 0.806057 0.64307 0.568267 0.357133
threshold=-4.8250000476837149 1011.6499938964845 48.000000000000007 31.150000572204593 0.11250000074505807 695.50000000000011 115.00000000000001 54.500000000000007 2.6049998998641972 0.091499999165534987 88.500000000000014 -2.0549999475479122 110.50000000000001 89.500000000000014 4.4500000476837167 1009.6499938964845 1010.5499877929689 0.11749999970197679 1010.5499877929689 13.050000190734865 31.550000190734867
decision_type=2 2 2 2 2 2 2 2 2 2 2 2 2 2 2 2 2 2 2 2 2
left_child=13 2 4 6 18 10 7 8 -3 -9 16 -7 -5 14 -1 -12 -4 20 -2 -8 -6
right_child=1 3 5 12 17 11 19 9 -10 -11 15 -13 -14 -15 -16 -17 -18 -19 -20 -21 -22
leaf_value=-0.011098321892010666 0.0083410732758541894 -0.0031747002575098788 -0.044614358475575079 0.014130997628038214 0.019109180122613902 -0.075705561898648716 0.0069724672798619561 -0.035629517004753537 -0.038190405272207295 0.00024947943006340426 -0.016056332254497065 -0.027113807878711007 0.043943486757138196 0.039690953705992016 0.024459993463275688 -0.0032793497585685174 -0.021612007975992231 0.041123593151569368 -0.0032793497585685174 0.014130997628038214 0.032472066432237622
leaf_weight=12.000000000000002 11.999999999999998 506 12.999999999999998 12.000000000000002 10.000000000000002 10.000000000000002 17 26 43 9340 21 10.999999999999998 17 13.999999999999998 12.999999999999998 47 45 14.999999999999998 28 61 9.9999999999999982
leaf_count=12 12 506 13 12 10 10 17 26 43 9131 21 11 17 14 13 47 45 15 28 61 10
internal_value=-8.79747e-05 -0.000165076 -0.0087713 2.55624e-05 0.0136542 -0.0202129 -5.65448e-05 -0.000186063 -0.00591728 0.000149879 -0.0152062 -0.0502527 0.0283185 0.0201641 0.00922903 -0.00534496 -0.0267677 0.0323619 -0.00271509 0.014131 0.0257906
internal_weight=10283 10244 222 10022 75 147 9993 9915 549 9366 126 21 29 39 25 68 58 35 40 78 20
internal_count=10074 10035 222 9813 75 147 9784 9706 549 9157 126 21 29 39 25 68 58 35 40 78 20
is_linear=0
shrinkage=0.05


Tree=133
num_leaves=22
num_cat=0
split_feature=4 7 14 17 0 8 7 28 2 1 7 0 6 20 7 7 25 17 7 3 0
split_gain=5.83119 6.06526 20.4081 8.36408 8.30152 8.0099 8.17801 7.69568 7.223 8.44212 6.21849 5.78087 5.74008 3.35515 1.64898 1.40413 0.816848 0.727467 0.584141 0.490917 0.322313
threshold=-4.8250000476837149 1011.6499938964845 48.000000000000007 0.11250000074505807 31.150000572204593 672.50000000000011 1010.8500061035157 115.00000000000001 6.0150001049041757 80.500000000000014 1024.4500122070315 27.849999427795414 407.50000000000006 11.750000000000002 1010.6499938964845 1009.6499938964845 9.4499998092651385 0.11749999970197679 1010.5499877929689 60.500000000000007 31.550000190734867
decision_type=2 2 2 2 2 2 2 2 2 2 2 2 2 2 2 2 2 2 2 2 2
left_child=12 2 3 18 7 11 -7 8 10 -10 -3 14 -1 -6 -4 -13 -14 20 -2 -9 -5
right_child=1 4 5 17 13 6 -8 19 9 -11 -12 15 16 -15 -16 -17 -18 -19 -20 -21 -22
leaf_value=0.042213322967290884 0.00792401966949304 0.00046294372937379319 -0.031405793202500192 0.018153721839189525 0.013342977656039402 -0.079807771444320663 -0.02216824417700991 0.0065831088565702842 -0.0035536524817407957 -0.017974406017756631 -0.0035536524817407957 -0.012873928333070156 -0.0066259679977189387 0.040821646402279539 -0.016277899807535631 -0.0031325961120654737 0.012237333444257578 0.039067414502302805 -0.0031325961120654737 0.013342977656039402 0.030848462730646134
leaf_weight=15.999999999999998 11.999999999999998 8801 31 10.000000000000002 11.000000000000002 10.000000000000002 15.999999999999998 18 230 124 760 12.999999999999998 11.000000000000002 18 43 34 11.999999999999998 14.999999999999998 28 60 9.9999999999999982
leaf_count=16 12 8605 31 10 11 10 16 18 230 124 747 13 11 18 43 34 12 15 28 60 10
internal_value=-8.2308e-05 -0.000155774 -0.00833026 0.0128935 2.53013e-05 -0.0191587 -0.0443373 -5.22203e-05 -0.00017676 -0.00719022 8.29164e-05 -0.0137485 0.0192148 0.0267382 -0.0226153 -0.0031326 0.00321575 0.0307438 -0.00272543 0.013343 0.0245011
internal_weight=10283 10244 222 75 10022 147 26 9993 9915 354 9561 121 39 29 74 47 23 35 40 78 20
internal_count=10074 10035 222 75 9813 147 26 9784 9706 354 9352 121 39 29 74 47 23 35 40 78 20
is_linear=0
shrinkage=0.05


Tree=134
num_leaves=28
num_cat=0
split_feature=26 8 5 17 8 5 7 27 12 1 4 7 10 10 24 0 22 22 7 1 7 9 22 21 21 28 5
split_gain=5.73726 5.93983 22.3526 14.1057 10.2908 11.7809 7.56948 7.4609 7.44341 17.516 35.4217 16.127 30.3543 15.5968 13.211 5.54404 5.64934 5.25722 2.96075 2.04053 1.76629 0.928814 0.812367 0.643807 0.406046 0.233314 0.0267387
threshold=5.1499998569488534 730.50000000000011 -1.8450000286102293 0.13849999755620959 618.50000000000011 -3.9650000333786006 1015.8500061035157 6.4500000476837167 1.0000000180025095e-35 80.500000000000014 2.5649999380111699 1023.1499938964845 -0.91595000028610218 0.60354998707771312 75.415000915527358 26.050000190734867 3.1499999761581425 3.3500000238418584 1020.1499938964845 61.500000000000007 1018.4500122070314 0.78654998540878307 2.0499999523162846 4.8500001430511483 13.449999809265138 56.500000000000007 -4.4349999427795401
decision_type=2 2 2 2 2 2 2 2 2 2 2 2 2 2 2 2 2 2 2 2 2 2 2 2 2 2 2
left_child=20 4 3 6 8 15 17 18 9 10 -2 13 -13 -10 -11 -6 -17 -3 22 -9 21 23 -4 -1 25 -22 -23
right_child=1 2 7 -5 5 -7 -8 19 11 14 -12 12 -14 -15 -16 16 -18 -19 -20 -21 24 26 -24 -25 -26 -27 -28
leaf_value=-0.01581453404256276 0.0044478796752572009 0.0022177829763577769 0.00071102824682990693 0.046342257130891087 -0.0047771225947424046 -0.0047771225947424046 -0.0047771225947424046 0.069474092125892617 -0.0047771225947424046 0.0088170630362860505 0.079127131681889298 0.030834452371512139 0.00078496487458367043 0.0025514517018695162 -0.0019843202918647432 0.0074549050953231725 0.031396451161967383 0.022240599971323799 0.037421405297659693 0.0403155192732811 -0.024397068980493045 -0.013631608833869295 0.017920774803496898 -0.0047771225947424046 -0.010355234375366798 -0.015890465357473918 -0.01704445786096833
leaf_weight=13.999999999999998 2091 146 12.000000000000002 15.999999999999998 12.999999999999998 455 118 12.000000000000002 2435 315 15.999999999999998 105 421 1028 2794 33 45 31 13.999999999999998 11.999999999999998 19 12.000000000000002 15.999999999999998 72 12.999999999999998 13.999999999999998 10.999999999999998
leaf_count=14 2059 146 12 16 13 447 118 12 2289 312 16 105 421 1015 2787 33 45 31 14 12 19 12 16 72 13 14 11
internal_value=-7.67682e-05 6.93373e-05 0.00622747 0.000618856 -0.000168753 -0.00477712 -0.00186106 0.0326559 0.000251958 0.00149535 0.00501497 -0.00137389 0.00678344 -0.00261292 -0.000889938 0.0142145 0.0196869 0.00622679 0.019948 0.0548948 -0.00962358 -0.00615621 0.0105452 -0.00477712 -0.0178398 -0.0207882 -0.0152638
internal_weight=10283 10128 377 311 9751 546 295 66 9205 5216 2107 3989 526 3463 3109 91 78 177 42 24 155 109 28 86 46 33 23
internal_count=10074 9919 377 311 9542 538 295 66 9004 5174 2075 3830 526 3304 3099 91 78 177 42 24 155 109 28 86 46 33 23
is_linear=0
shrinkage=0.05


Tree=135
num_leaves=27
num_cat=0
split_feature=28 1 23 11 12 3 0 10 3 7 7 7 0 28 23 11 7 7 18 1 8 8 18 3 25 3
split_gain=6.20496 6.04005 30.2186 37.2781 20.5341 23.0017 16.011 14.8118 50.1215 44.4182 23.7918 18.3018 24.2465 16.0702 15.1628 13.4367 24.4062 17.4029 11.8793 10.4737 8.86304 4.36077 2.9936 1.8868 0.216897 0.132086
threshold=141.00000000000003 64.500000000000014 51.500000000000007 1.0000000180025095e-35 0.81174999475479137 190.50000000000003 27.750000000000004 -0.6035499870777129 221.50000000000003 1017.1499938964845 1017.6499938964845 1020.5499877929689 19.849999427795414 36.500000000000007 30.500000000000004 -0.60784998536109913 1010.4500122070314 1014.9500122070314 4.5499999523162851 53.500000000000007 97.500000000000014 528.50000000000011 22.750000000000004 340.50000000000006 5.2500000000000009 121.50000000000001
decision_type=2 2 2 2 2 2 2 2 2 2 2 2 2 2 2 2 2 2 2 2 2 2 2 2 2 2
left_child=1 2 3 -1 6 -6 18 8 9 24 -11 15 13 -13 22 16 -9 -17 -4 -8 -14 -7 -10 -16 -3 -2
right_child=25 7 4 -5 5 21 19 11 14 10 -12 12 20 -15 23 17 -18 -19 -20 -21 -22 -23 -24 -25 -26 -27
leaf_value=-0.13829934000968933 0.023748517781496042 0.00018697844740624231 -0.013174648174583645 -0.032309009539896023 0.013873277499020476 -0.032309009539896023 -0.0028851214220950386 -0.051540147041281063 -0.0032425184334380118 -0.036511599067903931 -0.0044220009331030164 -0.012902414253406026 0.0054198712762624319 0.0018672476581540563 0.013873277499020476 0.0077182277220530894 -0.0058867134431530958 -0.0024580833144700882 -0.0028851214220950386 0.011013451023027303 0.013873277499020476 -0.0051392951110998796 0.0068731135205323084 0.0075534094566637421 0.013873277499020476 0.031875215470790863
leaf_weight=10 10.000000000000002 36 525 11 139 15.000000000000002 310 30 167 61 1088 294 975 493 429 499 1211 2658 316 220 239 14.999999999999998 29 271 181 9.9999999999999982
leaf_count=10 10 36 509 11 139 15 310 30 167 61 1044 293 952 493 395 499 1157 2640 312 220 232 15 29 267 181 10
internal_value=-1.08746e-05 -6.53116e-05 -0.0029282 -0.0625022 -0.00211583 0.0138733 -0.00414363 0.000450676 0.00392844 -0.00209943 -0.00612563 -0.000778688 0.0031856 -0.00365026 0.0131183 -0.00258236 -0.00699034 -0.000849601 -0.00843306 0.00266282 0.00761708 -0.0299217 -0.00012705 0.0138733 0.0138733 0.0278119
internal_weight=10242 10222 1561 21 1540 169 1371 8661 2262 1366 1149 6399 2001 787 896 4398 1241 3157 841 530 1214 30 196 700 217 20
internal_count=10037 10017 1541 21 1520 169 1351 8476 2180 1322 1105 6296 1970 786 858 4326 1187 3139 821 530 1184 30 196 662 217 20
is_linear=0
shrinkage=0.05


Tree=136
num_leaves=26
num_cat=0
split_feature=4 6 7 14 28 17 8 8 0 1 4 1 5 2 8 23 6 12 3 8 7 23 4 18 18
split_gain=6.51151 8.93057 7.35555 19.1115 9.83716 9.25701 8.55789 6.47902 6.34112 9.28023 4.13046 4.0091 3.58281 2.78255 2.64435 2.6039 1.41891 1.40068 1.05284 0.931891 0.929572 0.826895 0.657886 0.618822 0.113251
threshold=-4.6249999999999991 402.50000000000006 1011.8500061035157 48.000000000000007 115.00000000000001 0.11250000074505807 695.50000000000011 859.00000000000011 30.150000572204593 54.500000000000007 -2.0549999475479122 70.500000000000014 -3.7949999570846553 4.7349998950958261 384.50000000000006 98.500000000000014 302.50000000000006 1.0000000180025095e-35 164.50000000000003 616.50000000000011 1010.5499877929689 112.50000000000001 -1.9950000047683714 3.7500000000000004 4.7500000000000009
decision_type=2 2 2 2 2 2 2 2 2 2 2 2 2 2 2 2 2 2 2 2 2 2 2 2 2
left_child=1 23 3 5 7 20 12 8 9 -4 -8 -3 13 -5 -13 22 -14 24 21 -7 -2 -17 -6 -1 -16
right_child=2 11 4 6 15 19 10 -9 -10 -11 -12 14 16 -15 17 18 -18 -19 -20 -21 -22 -23 -24 -25 -26
leaf_value=0.03075252901762723 0.0088914452652846063 -0.020084783647741591 -0.0070019858003217833 -0.014636751350301958 0.017120661829940029 0.039538081362843515 -0.062043007761239992 -0.031805475731380282 0.0088994170473392416 0.00025140699472813989 -0.02268665922941485 -0.010756749185648833 -0.0041036063962353016 -0.048025407145420716 0.0037679694592952714 0.017120661829940029 -0.013607285901904107 0.02111141947012837 0.037444266562278457 0.02295383463303248 -0.0041036063962353016 0.030047066708405814 0.0088994170473392416 0.04649818287445949 0.010972610178093117
leaf_weight=12.000000000000002 13.999999999999998 13.999999999999998 463 13.000000000000002 10.000000000000002 15.999999999999998 15.000000000000002 15.999999999999998 89 9271 11.999999999999998 10.999999999999998 31 11.999999999999998 10.000000000000002 19 75 11.999999999999998 12.999999999999998 18 35 14.999999999999998 21 12.999999999999998 11.999999999999998
leaf_count=12 14 14 463 13 10 16 15 16 89 9066 12 11 31 12 10 19 75 12 13 18 35 15 21 13 12
internal_value=3.11548e-05 0.013895 -8.349e-05 -0.00871437 0.000126255 0.0107123 -0.0189195 -1.39573e-05 3.78257e-05 -9.36023e-05 -0.0445513 0.00328257 -0.0136366 -0.0306633 0.0105524 0.0178128 -0.00962093 0.0174466 0.0253419 0.0307582 -0.00319706 0.0207145 0.00889942 0.0389403 0.00769777
internal_weight=10242 84 10158 241 9917 83 158 9839 9823 9734 27 59 131 25 45 78 106 34 47 34 49 34 31 25 22
internal_count=10037 84 9953 241 9712 83 158 9634 9618 9529 27 59 131 25 45 78 106 34 47 34 49 34 31 25 22
is_linear=0
shrinkage=0.05


Tree=137
num_leaves=30
num_cat=0
split_feature=4 6 7 14 28 17 8 7 5 7 23 8 4 26 4 1 5 4 8 23 7 12 4 7 8 23 4 18 9
split_gain=5.96571 7.99123 6.64359 17.0974 8.72055 8.42729 7.7492 5.87109 39.1275 21.2534 20.999 12.812 12.7651 8.23567 3.72774 3.66546 3.25304 2.55058 2.4314 2.38774 1.33638 1.29683 0.962839 0.845613 0.841031 0.760152 0.608986 0.558487 0.16039
threshold=-4.6249999999999991 402.50000000000006 1011.8500061035157 48.000000000000007 115.00000000000001 0.11250000074505807 695.50000000000011 1024.4500122070315 -2.6350001096725459 1023.2500000000001 36.500000000000007 194.50000000000003 -0.4849999994039535 29.44999980926514 -2.0549999475479122 70.500000000000014 -3.7949999570846553 -1.955000042915344 384.50000000000006 98.500000000000014 1009.6499938964845 1.0000000180025095e-35 -1.1249999999999998 1010.5499877929689 616.50000000000011 112.50000000000001 -1.9950000047683714 3.7500000000000004 -0.98295000195503224
decision_type=2 2 2 2 2 2 2 2 2 2 2 2 2 2 2 2 2 2 2 2 2 2 2 2 2 2 2 2 2
left_child=1 27 3 5 7 23 16 9 12 13 -11 -10 -9 -4 -8 -3 17 -5 -17 26 -18 28 25 -2 -7 -21 -6 -1 -20
right_child=2 15 4 6 19 24 14 8 11 10 -12 -13 -14 -15 -16 18 20 -19 21 22 -22 -23 -24 -25 -26 -27 -28 -29 -30
leaf_value=0.029214902843038234 0.0084468728197472434 -0.019080544050250735 -0.00056283254699501762 -0.048689960241317734 0.016190016878292714 0.037561177089810376 -0.058940857400496788 -0.026011249534785744 0.0026458305229536145 -0.032868999765524945 0.0083815035712993969 -0.011350708489168984 -0.10115169928624079 0.0083815035712993969 -0.021552325723071895 -0.010218911821191962 -0.019456798738489548 -0.01609025925397873 0.0034156459694107385 0.016190016878292714 -0.0060422808159051877 0.020128092276847968 0.035572053606693563 -0.0039196009965920568 0.021806143141455122 0.028544713656107584 0.0083815035712993969 0.044173273902672991 0.011989571377634994
leaf_weight=12.000000000000002 13.999999999999998 13.999999999999998 8277 10.000000000000002 10.000000000000002 15.999999999999998 15.000000000000002 10.000000000000002 469 31 629 251 12.999999999999998 159 11.999999999999998 10.999999999999998 24 14.999999999999998 11.999999999999995 19 82 11.999999999999998 12.999999999999998 35 18 14.999999999999998 21 12.999999999999998 10.000000000000005
leaf_count=12 14 14 8163 10 10 16 15 10 466 31 629 246 13 76 12 11 24 15 12 19 82 12 13 35 18 15 21 13 10
internal_value=3.16479e-05 0.0133017 -7.80869e-05 -0.00828064 0.000121249 0.0100939 -0.0179331 -1.07661e-05 -0.00428428 0.000338313 0.0083815 -0.00223352 -0.0684819 -0.000339315 -0.0423237 0.00326293 -0.012906 -0.0291301 0.0102142 0.0167738 -0.00907953 0.016825 0.0239985 -0.00317752 0.0292203 0.0195734 0.0083815 0.0369933 0.00731288
internal_weight=10242 84 10158 241 9917 83 158 9839 743 9096 660 720 23 8436 27 59 131 25 45 78 106 34 47 49 34 34 31 25 22
internal_count=10037 84 9953 241 9712 83 158 9634 735 8899 660 712 23 8239 27 59 131 25 45 78 106 34 47 49 34 34 31 25 22
is_linear=0
shrinkage=0.05


Tree=138
num_leaves=31
num_cat=0
split_feature=4 6 5 27 4 14 3 17 5 7 23 10 7 13 28 28 7 20 10 6 28 0 7 1 28 1 20 7 18 24
split_gain=5.46243 7.14752 6.07742 30.5131 54.4972 26.625 20.636 29.9254 17.284 15.5389 14.2162 8.65173 94.3203 93.1884 79.2366 56.8448 56.353 15.8736 12.1085 21.8929 33.9578 17.0293 17.024 14.5774 7.43312 3.35304 1.27004 1.44738 0.504035 0.0639531
threshold=-4.6249999999999991 402.50000000000006 -0.095000002533197389 13.650000095367433 2.5649999380111699 48.000000000000007 240.50000000000003 0.10050000250339509 0.2650000005960465 1020.5499877929689 50.500000000000007 -0.98295000195503224 1020.4500122070314 1.0000000180025095e-35 37.500000000000007 41.500000000000007 1024.049987792969 11.150000095367433 -0.37939999997615809 782.50000000000011 59.500000000000007 18.050000190734867 1023.4500122070314 86.500000000000014 32.500000000000007 70.500000000000014 8.1500000953674334 1013.7500000000001 3.7500000000000004 896.25000000000011
decision_type=2 2 2 2 2 2 2 2 2 2 2 2 2 2 2 2 2 2 2 2 2 2 2 2 2 2 2 2 2 2
left_child=1 28 11 6 5 8 7 10 -5 -9 -4 12 14 15 -2 -14 -15 -16 19 22 -21 24 -13 -23 -20 -3 -27 -28 -1 -29
right_child=2 25 3 4 -6 -7 -8 9 -10 -11 -12 18 13 16 17 -17 -18 -19 21 20 -22 23 -24 -25 -26 26 27 29 -30 -31
leaf_value=0.027754157781600949 -0.09547470680304937 -0.018126516363450459 -0.023148155376874827 0.016288127237277513 0.10774733831485113 0.0070152038799481016 0.0070152038799481016 -0.0033871179967761944 0.037751028571922085 0.0044881894841703471 -0.0062991324566530355 0.0046844088994931711 -0.099559884065506518 0.11210207172802514 0.018049179051962235 -0.025267011528977978 -0.039128048853440719 0.055455739078361814 -0.025981347970746194 -0.024647338530853574 0.00095861735991607073 -0.0041000494982388865 0.026306390503839573 0.0020494841356120414 -0.0098525230972131422 -0.005822723060846329 0.0042795958795717789 0.019193563508785379 0.04196460843086243 0.012125085443258285
leaf_weight=12.000000000000002 13.999999999999998 13.999999999999998 203 77 14.999999999999998 202 222 1214 133 1294 251 1281 51 14.000000000000002 92 52 10.999999999999998 41 114 162 608 2309 98 1654 46 9.9999999999999982 13.999999999999998 11.000000000000002 12.999999999999998 9.9999999999999982
leaf_count=12 14 14 203 56 15 195 211 1183 133 1247 251 1247 50 14 88 52 11 41 114 162 604 2279 95 1642 46 10 14 11 13 10
internal_value=3.96107e-05 0.0127376 -6.53933e-05 0.00158138 0.0141322 0.0107239 -0.00010179 -0.00146213 0.0255611 0.000676139 -0.0132744 -0.00097367 -0.00965402 -0.0410345 0.0176705 -0.0620528 0.0455608 0.0295805 -0.000593074 0.00244991 -0.00430376 -0.00217915 0.006221 -0.00153348 -0.0181716 0.00324353 0.009892 0.0143819 0.0351436 0.0191936
internal_weight=10242 84 10158 3611 427 412 3184 2962 210 2508 454 6547 275 128 147 103 25 133 6272 2149 770 4123 1379 3963 160 59 45 35 25 21
internal_count=10037 84 9953 3494 399 384 3095 2884 189 2430 454 6459 270 127 143 102 25 129 6189 2108 766 4081 1342 3921 160 59 45 35 25 21
is_linear=0
shrinkage=0.05


Tree=139
num_leaves=29
num_cat=0
split_feature=28 4 7 7 2 4 7 12 29 3 25 7 14 27 26 28 9 18 5 9 24 5 7 14 28 28 29 8
split_gain=5.48848 7.84707 5.60442 20.9817 54.1645 10.1914 28.0639 10.957 9.41551 14.1757 9.3294 9.0006 18.2739 7.90785 7.71289 5.33251 11.0885 4.0957 3.84993 2.90854 1.95918 1.31796 1.29618 0.577187 0.49488 0.438423 0.165246 0.103757
threshold=13.500000000000002 0.80500000715255748 1024.4500122070315 1024.2500000000002 1.4300000071525576 1.435000002384186 1025.6499633789065 1.0000000180025095e-35 24.550000190734867 15.500000000000002 9.9499998092651385 1023.4500122070314 48.000000000000007 7.4500000476837167 29.44999980926514 64.500000000000014 1.0000000180025095e-35 8.3499999046325701 -0.38499999046325678 -1.0000000180025095e-35 820.41500854492199 -1.0950000286102293 1025.1499633789065 33.000000000000007 8.5000000000000018 7.5000000000000009 11.250000000000002 33.500000000000007
decision_type=2 2 2 2 2 2 2 2 2 2 2 2 2 2 2 2 2 2 2 2 2 2 2 2 2 2 2 2
left_child=1 -1 3 8 -5 15 7 23 11 -10 -6 14 -13 -8 -2 -4 18 -3 -17 -12 -18 25 -9 -7 -23 -19 -26 -27
right_child=2 17 5 4 10 6 13 22 9 -11 19 12 -14 -15 -16 16 20 21 -20 -21 -22 24 -24 -25 26 27 -28 -29
leaf_value=-0.0045126251607894748 -0.00033869260032657011 -0.048753035316864653 -0.0045126251607894748 0.13586334936320782 -0.0045126251607894748 0.015978773718234151 0.033960853703320019 0.020053679563782428 0.013805737956941866 0.064639039710164076 0.040067265045486002 0.013805737956941866 -0.0044942581997164969 0.094164102524518969 0.010774652751853818 0.010947624784261908 0.05489782012999056 -0.017590896785259248 3.4362385612463422e-05 0.011277338673142484 0.024319005368108101 -0.032837164019050159 0.044925956353545189 -0.0045126251607894748 -0.024609055817127218 -0.0045126251607894748 -0.015728310360149902 -0.0098483730014413615
leaf_weight=82 8629 11.999999999999998 435 9.9999999999999982 21 15.999999999999998 12.000000000000002 11.000000000000002 15.999999999999998 15.999999999999998 19 265 201 9.9999999999999982 159 81 10.000000000000002 11.999999999999998 91 14.999999999999998 10.999999999999998 10.000000000000002 9.9999999999999982 46 10.000000000000002 11.000000000000002 10.999999999999998 9.9999999999999982
leaf_count=82 8525 12 427 10 21 16 12 11 10 12 19 265 201 10 76 81 10 12 91 15 11 10 10 46 10 11 11 10
internal_value=3.83325e-05 -0.00920847 0.000183215 0.000513236 0.0288219 -0.00402692 0.0111175 -0.0021908 0.000315082 0.02739 0.00935979 0.000221458 0.00699308 0.061326 -0.00013762 -0.00451263 0.00458135 -0.0219474 0.000393682 0.0270673 0.0388803 -0.0169213 0.0318976 -0.00451263 -0.0243243 -0.00996697 -0.0199572 -0.00561044
internal_weight=10242 158 10084 9351 65 733 105 83 9286 32 55 9254 466 22 8788 628 193 76 172 34 21 64 21 62 31 33 21 21
internal_count=10037 158 9879 9154 65 725 105 83 9089 22 55 9067 466 22 8601 620 193 76 172 34 21 64 21 62 31 33 21 21
is_linear=0
shrinkage=0.05


Tree=140
num_leaves=26
num_cat=0
split_feature=28 12 18 18 7 6 10 10 10 7 1 4 4 23 26 7 7 10 28 10 8 23 23 17 1
split_gain=5.90143 7.04476 5.79218 5.55701 5.49595 12.8875 21.4085 13.7455 11.621 18.0203 16.6363 12.1364 12.9782 8.17891 6.41899 5.8346 4.32522 4.0903 1.77082 2.1174 0.4162 0.389107 0.106998 0.0171527 0.0136178
threshold=13.500000000000002 1.0000000180025095e-35 8.3499999046325701 24.550000190734867 1018.1499938964845 392.50000000000006 -0.78654998540878285 -0.6035499870777129 -0.37939999997615809 1017.2500000000001 56.500000000000007 2.5649999380111699 -3.2050000429153438 59.500000000000007 8.8499999046325701 1019.9500122070314 1016.9500122070314 -0.91595000028610218 10.500000000000002 -0.6035499870777129 18.500000000000004 13.500000000000002 23.500000000000004 0.12049999833106996 90.500000000000014
decision_type=2 2 2 2 2 2 2 2 2 2 2 2 2 2 2 2 2 2 2 2 2 2 2 2 2
left_child=1 -1 -3 4 8 7 15 -6 9 10 -2 12 -10 -9 -8 -7 23 -11 19 22 -20 -21 -4 24 -5
right_child=3 2 18 16 5 6 14 13 11 17 -12 -13 -14 -15 -16 -17 -18 -19 20 21 -22 -23 -24 -25 -26
leaf_value=-0.0045880965520414064 -0.0045880965520414064 -0.050186157570435458 -0.016876211389899254 0.023102965138175266 0.0060415378335579445 0.0013071691849929512 -0.0045880965520414064 0.0013071691849929512 0.0045174486612050251 -0.0045880965520414064 0.0060415378335579445 0.0060415378335579445 -0.0045880965520414064 0.0060415378335579445 0.0013071691849929512 -0.0045880965520414064 0.0060415378335579445 0.0040464558796316549 -0.0045880965520414064 -0.032334163983822127 -0.012365805683657527 -0.023157860462864242 -0.012365805683657527 0.026605388628584997 0.025453859354768484
leaf_weight=58 269 12.999999999999998 13.999999999999998 11.000000000000002 651 202 336 1543 405 146 734 47 2194 502 1932 817 61 189 21 12.000000000000002 10.999999999999998 11.999999999999998 20 13.999999999999998 13.999999999999998
leaf_count=58 269 13 14 11 588 191 336 1511 405 146 734 47 2194 460 1890 798 61 189 21 12 11 12 20 14 14
internal_value=8.4503e-05 -0.00941258 -0.0189885 0.000236388 0.00011872 0.00107682 -0.00102481 0.00363915 -0.00132011 0.0024774 0.00597178 -0.00324039 -0.00392773 0.00130717 0.00130717 -0.0045881 0.0119644 -0.0045881 -0.0144822 -0.0196917 -0.00503993 -0.0310811 -0.0123658 0.0252042 0.0244195
internal_weight=10228 161 103 10067 9967 5983 3287 2696 3984 1338 1003 2646 2599 2045 2268 1019 100 335 90 58 32 24 34 39 25
internal_count=10019 161 103 9858 9758 5774 3215 2559 3984 1338 1003 2646 2599 1971 2226 989 100 335 90 58 32 24 34 39 25
is_linear=0
shrinkage=0.05


Tree=141
num_leaves=31
num_cat=0
split_feature=0 9 28 29 6 7 4 1 8 9 28 7 24 4 1 7 11 7 3 25 18 26 9 14 4 6 3 4 14 11
split_gain=5.4831 7.96222 10.8904 23.3583 4.91722 16.0372 16.3375 16.2055 15.8249 39.4347 9.26721 8.71827 7.12362 6.25849 6.04108 8.87945 8.86058 4.80102 4.05459 3.53962 2.01185 1.95952 1.40323 1.14642 0.831169 1.49066 0.757432 0.637657 0.56868 0.378803
threshold=18.050000190734867 0.91595000028610241 47.500000000000007 6.5499999523162851 362.50000000000006 1025.6499633789065 -3.2050000429153438 82.500000000000014 429.50000000000006 -1.0000000180025095e-35 89.500000000000014 1021.0499877929689 209.58499908447268 0.30500000715255743 74.500000000000014 1021.0499877929689 1.0000000180025095e-35 1010.5499877929689 217.50000000000003 10.949999809265138 8.1500000953674334 8.2500000000000018 -0.6035499870777129 33.000000000000007 1.1649999618530276 647.50000000000011 114.50000000000001 0.73500001430511486 48.000000000000007 1.0000000180025095e-35
decision_type=2 2 2 2 2 2 2 2 2 2 2 2 2 2 2 2 2 2 2 2 2 2 2 2 2 2 2 2 2 2
left_child=1 18 3 -3 5 6 7 17 11 -10 -9 -8 13 -7 15 -6 -16 -2 24 26 23 -18 -17 -5 -1 -26 -14 -21 -20 -30
right_child=4 2 -4 20 14 12 8 10 9 -11 -12 -13 19 -15 16 22 21 -19 28 27 -22 -23 -24 -25 25 -27 -28 -29 29 -31
leaf_value=-0.032952109724283217 0.034492323886264456 -0.082910831059728352 -0.0023820657922311878 -0.017541919134981817 0.00056118979116853956 0.02177536223006124 0.00056118979116853956 0.030528920831588598 0.0050251505463261553 0.096140656222899759 0.084481252431869505 0.0052963113516824624 0.01116827601061489 0.057022750824689862 -0.0023820657922311878 0.00056118979116853956 -0.0023820657922311878 0.00056118979116853956 -0.0023820657922311878 0.02177536223006124 -0.012074519504710803 0.00056118979116853956 -0.0023820657922311878 -0.028360798089085398 -0.0023820657922311878 -0.027257606616387001 0.00056118979116853956 0.01116827601061489 -0.0089041400579256275 -0.015501152933575214
leaf_weight=9.9999999999999982 10.999999999999998 13.999999999999998 35 11.999999999999998 1929 28 2647 39 57 14.999999999999998 9.9999999999999982 997 13.000000000000002 20 1815 387 219 56 182 10.000000000000002 72 1014 453 37 11.000000000000002 12.999999999999998 11.999999999999998 9.9999999999999982 68 32
leaf_count=10 11 14 35 12 1881 26 2574 39 57 15 10 947 13 15 1812 382 219 56 179 10 72 1014 433 37 11 13 12 10 68 32
internal_value=8.02215e-05 -0.00510293 -0.0141403 -0.021767 0.000338794 0.00170632 0.00120842 0.0196866 0.000631597 0.0240075 0.0415396 0.00056119 0.022222 0.0356207 -0.000583939 0.00056119 -0.00216966 0.00370451 -0.00238207 0.00792998 -0.0146925 0.00056119 -0.00238207 -0.0230093 -0.0208411 -0.0157948 0.00056119 0.0217754 -0.00238207 -0.0110152
internal_weight=10228 486 170 135 9742 3925 3832 116 3716 72 49 3644 93 48 5817 2769 3048 67 316 45 121 1233 840 49 34 24 25 20 282 100
internal_count=10019 483 170 135 9536 3795 3709 116 3593 72 49 3521 86 41 5741 2696 3045 67 313 45 121 1233 815 49 34 24 25 20 279 100
is_linear=0
shrinkage=0.05


Tree=142
num_leaves=28
num_cat=0
split_feature=28 12 22 22 7 6 10 9 7 8 3 25 12 9 28 1 26 7 7 26 28 9 8 23 23 17 1
split_gain=4.96143 6.47005 5.25268 4.93715 5.13532 11.2235 19.7556 12.9903 10.6585 24.6391 16.2382 10.3536 9.20333 8.28522 7.88122 7.02412 5.58012 4.64907 4.02847 3.10758 1.61127 1.95438 0.387836 0.367401 0.0973719 0.0154803 0.0122901
threshold=13.500000000000002 1.0000000180025095e-35 8.3499999046325701 24.550000190734867 1018.1499938964845 392.50000000000006 -0.78654998540878285 0.60354998707771312 1014.9500122070314 142.50000000000003 7.5000000000000009 13.949999809265138 0.81174999475479137 0.3793999999761582 41.500000000000007 48.500000000000007 8.8499999046325701 1019.9500122070314 1016.9500122070314 5.8500001430511483 10.500000000000002 0.78654998540878307 18.500000000000004 13.500000000000002 23.500000000000004 0.12049999833106996 90.500000000000014
decision_type=2 2 2 2 2 2 2 2 2 2 2 2 2 2 2 2 2 2 2 2 2 2 2 2 2 2 2
left_child=1 -1 -3 4 8 7 17 12 9 11 19 -2 -6 -12 -9 -11 -8 -7 25 -10 21 24 -22 -23 -4 26 -5
right_child=3 2 20 18 5 6 16 14 10 15 13 -13 -14 -15 -16 -17 -18 -19 -20 -21 22 23 -24 -25 -26 -27 -28
leaf_value=-0.0042212171400332465 -0.0042212171400332465 -0.047628147326982943 -0.015934320911765099 0.022066920182921664 0.0056741949595830229 0.001232570439945479 -0.0042212171400332465 0.001232570439945479 -0.0042212171400332465 -0.0042212171400332465 -0.0042212171400332465 0.0056741949595830229 0.001232570439945479 0.0013115722487445627 0.0056741949595830229 0.0056741949595830229 0.001232570439945479 -0.0042212171400332465 0.0056741949595830229 0.0056741949595830229 -0.0042212171400332465 -0.030627871678393877 -0.011608826040625492 -0.021745264468093717 -0.011608826040625492 0.025394222033875331 0.024300269463232587
leaf_weight=58 757 12.999999999999998 13.999999999999998 11.000000000000002 1087 202 336 758 45 175 1226 99 263 756 588 574 1932 817 61 352 21 12.000000000000002 10.999999999999998 11.999999999999998 20 13.999999999999998 13.999999999999998
leaf_count=58 757 13 14 11 1032 191 336 746 45 175 1226 99 250 756 531 574 1890 798 61 352 21 12 11 12 20 14 14
internal_value=6.31197e-05 -0.00864482 -0.0179189 0.000202384 9.14731e-05 0.0010176 -0.000943657 0.0034088 -0.00129935 0.00184926 -0.00342357 -0.00422122 0.00567419 -0.00422122 0.00123257 0.00567419 0.00123257 -0.00422122 0.0112569 0.00567419 -0.0136276 -0.0185969 -0.00462078 -0.0295419 -0.0116088 0.0240631 0.0233176
internal_weight=10228 161 103 10067 9967 5983 3287 2696 3984 1605 2379 856 1350 1982 1346 749 2268 1019 100 397 90 58 32 24 34 39 25
internal_count=10019 161 103 9858 9758 5774 3215 2559 3984 1605 2379 856 1282 1982 1277 749 2226 989 100 397 90 58 32 24 34 39 25
is_linear=0
shrinkage=0.05


Tree=143
num_leaves=25
num_cat=0
split_feature=26 1 0 29 12 1 1 3 18 29 0 17 0 1 23 28 0 10 26 23 9 8 8 2
split_gain=4.5479 4.85637 9.60047 8.63862 6.20561 12.7443 23.274 7.11682 13.3883 4.86102 4.70011 3.34762 2.4028 5.679 1.51855 1.29758 1.04424 0.700201 0.65002 0.441617 0.424823 0.268197 0.190523 0.118762
threshold=5.1499998569488534 51.500000000000007 27.750000000000004 14.650000095367433 1.0000000180025095e-35 63.500000000000007 79.500000000000014 290.50000000000006 12.250000000000002 20.750000000000004 30.050000190734867 0.13849999755620959 30.650000572204593 44.500000000000007 110.50000000000001 72.500000000000014 32.049999237060554 -0.98295000195503224 3.7500000000000004 100.50000000000001 0.78654998540878307 486.50000000000006 843.50000000000011 5.2950000762939462
decision_type=2 2 2 2 2 2 2 2 2 2 2 2 2 2 2 2 2 2 2 2 2 2 2 2
left_child=15 12 4 10 5 19 -7 8 -6 -9 11 -4 21 -14 -12 17 22 -1 -19 -3 23 -2 -15 -20
right_child=1 2 3 -5 7 6 -8 9 -10 -11 14 -13 13 16 -16 -17 -18 18 20 -21 -22 -23 -24 -25
leaf_value=-0.022000352293252947 -0.00012664179755443665 -0.0041464369000221097 0.0046754441506391495 0.041848604930074591 -0.0016316745088704534 0.0046754441506391495 -0.00058909886631097373 -0.0041464369000221097 0.0046754441506391495 0.0046754441506391495 0.014150075984737965 0.014150075984737965 -0.00012664179755443665 0.011974131698454063 0.024430820162791033 -0.0041464369000221097 0.034970262944698335 -0.018819203753681745 -0.0075667748650262755 0.0046754441506391495 -0.013535249090252305 -0.0041464369000221097 0.021010319739580157 -0.011417364418905762
leaf_weight=12.999999999999998 87 350 214 19 2792 1511 3284 834 467 18 19 30 62 14.000000000000002 18 24 9.9999999999999982 17 49 39 24 295 9.9999999999999982 28
leaf_count=13 87 345 214 19 2630 1486 3274 827 467 18 19 30 62 14 18 24 10 17 49 39 24 295 10 28
internal_value=3.79206e-05 0.000168708 0.000415738 0.00921929 0.0001316 0.00128208 0.00205873 -0.00131916 -0.00020403 -0.00414644 0.00701304 0.00467544 -0.00414644 0.00389315 0.0236247 -0.00846158 0.0213954 -0.0109871 -0.00977379 -0.00414644 -0.00825129 -0.00414644 0.0157392 -0.00756677
internal_weight=10228 10073 9595 300 9295 5184 4795 4111 3259 852 281 244 478 96 37 155 34 131 118 389 101 382 24 77
internal_count=10019 9864 9386 300 9086 5144 4760 3942 3097 845 281 244 478 96 37 155 34 131 118 384 101 382 24 77
is_linear=0
shrinkage=0.05


Tree=144
num_leaves=25
num_cat=0
split_feature=1 5 17 1 6 1 7 3 10 7 1 18 8 7 5 10 7 7 4 28 4 18 5 7
split_gain=4.28854 15.9211 9.78928 11.12 7.18872 7.60789 18.0513 17.6361 15.941 14.4068 10.0648 9.86357 6.70698 3.13039 4.47298 6.43529 4.52104 3.25947 2.60957 2.60118 2.39199 2.30456 2.1059 2.06173
threshold=51.500000000000007 3.3449999094009404 0.091499999165534987 67.500000000000014 1357.5000000000002 74.500000000000014 1026.549987792969 354.50000000000006 -0.98295000195503224 1021.0499877929689 79.500000000000014 3.3500000238418584 645.50000000000011 1018.3500061035157 -3.814999938011169 -0.6035499870777129 1015.1499938964845 1020.9500122070314 -0.88499999046325672 55.500000000000007 -1.2150000333786009 3.1499999761581425 -5.3550000190734854 1026.6499633789065
decision_type=2 2 2 2 2 2 2 2 2 2 2 2 2 2 2 2 2 2 2 2 2 2 2 2
left_child=1 13 3 -2 5 7 11 9 -9 -4 -8 -7 -3 14 21 20 -17 -15 23 -6 -16 22 -1 -19
right_child=2 12 4 -5 19 6 10 8 -10 -11 -12 -13 -14 17 15 16 -18 18 -20 -21 -22 -23 -24 -25
leaf_value=-0.017200094899710486 -0.01471752283342778 -0.014350026994943614 0.0045633593376609039 -0.070260489867492157 -0.01471752283342778 -0.0071243088344532558 0.014536265483126044 0.062926237708465615 0.011178408959961457 -0.0037491345297480925 0.067486904275470549 -0.00010406132672512827 -0.068816073296161795 0.022568464906592117 -0.0067874123249202977 -0.0015667996430573494 -0.027340345978736882 -0.00025790748072072997 -0.024109121616929768 -0.0071243088344532558 -0.034910380419704228 0.019296788517385723 0.0018778103163715491 0.017170148435980082
leaf_weight=17 16.000000000000004 10.000000000000002 1769 10.999999999999998 13.999999999999998 396 25 22 46 739 13.999999999999998 6636 12.999999999999998 19 9.9999999999999982 114 20 112 9.9999999999999982 51 31 15.999999999999998 97 20
leaf_count=17 16 10 1721 11 14 391 25 22 46 709 14 6510 13 19 10 114 20 112 10 51 31 16 97 20
internal_value=4.37462e-05 -0.00452537 0.000273164 -0.0297918 0.000356746 0.000468905 -0.000378593 0.00279525 0.0279204 0.00211402 0.0335442 -0.000566731 -0.0451352 -0.00252102 -0.00549844 -0.0107172 -0.0054136 0.00311942 0.000517085 -0.0147175 -0.0280511 0.00152688 -0.00096714 0.00238271
internal_weight=10228 489 9739 27 9712 9647 7071 2576 68 2508 39 7032 23 466 305 175 134 161 142 65 41 130 114 132
internal_count=10019 489 9530 27 9503 9438 6940 2498 68 2430 39 6901 23 466 305 175 134 161 142 65 41 130 114 132
is_linear=0
shrinkage=0.05


Tree=145
num_leaves=31
num_cat=0
split_feature=7 10 11 23 7 14 27 0 9 25 12 10 6 11 18 4 9 10 10 11 26 27 1 10 5 1 9 18 10 7
split_gain=6.50148 37.9169 41.2173 44.1084 18.2057 28.1025 68.2823 35.1734 44.3757 19.621 13.7198 12.1603 25.0723 14.5403 9.515 18.2979 16.4265 9.08184 8.92182 8.48403 8.11072 7.94887 7.60416 7.05616 8.38941 6.21907 14.9304 12.2517 23.993 14.0606
threshold=1024.549987792969 -0.98295000195503224 1.0000000180025095e-35 63.500000000000007 1023.4500122070314 48.000000000000007 9.6500000953674334 20.750000000000004 -1.0000000180025095e-35 11.150000095367433 -0.56175000965595234 -0.91595000028610218 902.50000000000011 1.0000000180025095e-35 5.0499999523162851 -0.25499999523162836 -1.0000000180025095e-35 -0.37939999997615809 1.0000000180025095e-35 0.87834998965263378 29.44999980926514 7.4500000476837167 85.500000000000014 -0.91595000028610218 -0.59499999880790699 74.500000000000014 -1.0000000180025095e-35 6.7500000000000009 -0.91595000028610218 1016.1499938964845
decision_type=2 2 2 2 2 2 2 2 2 2 2 2 2 2 2 2 2 2 2 2 2 2 2 2 2 2 2 2 2 2
left_child=4 2 10 -4 20 6 9 -8 -9 -6 -2 12 13 -3 15 -13 -17 -16 -7 -19 25 -15 -20 -22 -25 26 -1 28 -27 -29
right_child=1 11 3 -5 5 18 7 8 -10 -11 -12 14 -14 21 17 16 -18 19 22 -21 23 -23 -24 24 -26 27 -28 29 -30 -31
leaf_value=-0.0004933830143319638 -0.12428774365356987 0.012751515419222415 -0.062119958195835358 0.042890047207474712 0.007108793045947949 -0.016548355560128888 0.038069451870993087 0.076165940778938596 0.18638216455777487 0.033094876568305169 -0.049668162790211766 -0.004069298208983124 -0.017396659086484256 0.038308677747845646 0.020140431835471678 -0.060604344687804027 -0.01589984356623338 -0.004069298208983124 0.007108793045947949 0.032075023037545822 0.027980393213643269 0.092905621727307652 -0.0078890962121812135 0.034838443435728554 0.0052165705220713248 -0.026030810483946249 0.0052165705220713248 -0.0029191634413329786 -0.0034094594249708338 0.001500264110788081
leaf_weight=2245 14.000000000000002 32 20 20 206 90 33 12.000000000000002 11.999999999999998 73 10.999999999999998 158 36 15.000000000000002 58 27 86 214 61 17 44 11.999999999999998 95 24 90 130 397 1222 1192 3631
leaf_count=2222 14 25 20 13 206 90 33 12 12 73 11 158 36 15 58 27 86 214 61 17 19 12 95 12 45 122 389 1222 1144 3608
internal_value=-8.64386e-05 -0.00466825 -0.0410919 -0.00961496 0.000258744 0.00882851 0.0182296 0.0680973 0.114262 0.0080416 -0.0914551 -0.00105369 0.015487 0.0355516 -0.0038597 -0.0105902 -0.0265815 0.00245156 -0.00401203 -0.0019898 -0.000296978 0.062574 0.00322046 0.0109313 0.00521657 -0.000498189 0.00153194 -0.00136679 -0.00563395 -0.000204378
internal_weight=10277 720 65 40 9557 582 336 57 24 279 25 655 95 59 560 271 113 289 246 231 8975 27 156 158 114 8817 2642 6175 1322 4853
internal_count=10071 706 58 33 9365 582 336 57 24 279 25 648 88 52 560 271 113 289 246 231 8783 27 156 76 57 8707 2611 6096 1266 4830
is_linear=0
shrinkage=0.05


Tree=146
num_leaves=31
num_cat=0
split_feature=7 10 11 23 7 29 5 26 23 8 11 10 6 18 3 8 7 1 29 7 28 1 28 8 9 8 7 8 23 20
split_gain=5.73103 34.3083 37.1986 39.8078 16.0084 29.5646 56.1229 16.7182 14.0451 12.3821 11.5476 13.3795 25.5551 13.6112 21.0818 11.0531 10.5198 9.3937 8.46277 14.548 7.53436 7.17903 17.713 48.852 28.5149 12.0563 40.6815 17.5935 5.42355 5.2947
threshold=1024.549987792969 -0.98295000195503224 1.0000000180025095e-35 63.500000000000007 1023.4500122070314 11.150000095367433 -0.49500000476837153 18.44999980926514 27.500000000000004 336.50000000000006 -0.87834998965263356 -0.91595000028610218 902.50000000000011 12.750000000000002 176.50000000000003 103.50000000000001 1023.7500000000001 83.500000000000014 24.550000190734867 1018.8500061035157 59.500000000000007 74.500000000000014 35.500000000000007 401.50000000000006 -1.0000000180025095e-35 206.50000000000003 1015.0499877929689 172.50000000000003 85.500000000000014 10.550000190734865
decision_type=2 2 2 2 2 2 2 2 2 2 2 2 2 2 2 2 2 2 2 2 2 2 2 2 2 2 2 2 2 2
left_child=4 2 9 -4 18 7 16 8 -6 -2 -3 12 15 14 -13 -12 -7 -15 21 -20 -14 22 23 -1 -24 27 -27 -23 -10 -9
right_child=1 10 3 -5 5 6 -8 29 28 -11 11 13 20 17 -16 -17 -18 -19 19 -21 -22 25 24 -25 -26 26 -28 -29 -30 -31
leaf_value=-0.014276568665099885 -0.047184755043549964 -0.019697335224649681 -0.059013960063457493 0.040745544508099557 -0.049766465104543245 0.078674862059679898 0.15322286546230318 0.013981503920257926 0.0011765223155527499 -0.11807335700307574 0.079470907258135937 0.0040244084592617104 -0.048819744145624677 0.0040244084592617104 -0.018619902805140656 0.027500319047095746 0.026629304088127977 0.032956299185752873 0.011762671272680672 0.062802186561748394 0.0022615875206178147 -0.0010146608702751004 0.00017911014085991104 -0.10857112844785055 0.011762671272680672 0.011762671272680672 -0.014895099592139582 0.011762671272680672 0.013981503920257926 0.026629304088127977
leaf_weight=26 11.000000000000002 73 20 20 12.999999999999998 10.999999999999998 9.9999999999999982 29 415 13.999999999999998 13.999999999999998 211 10.999999999999998 66 180 38 22 41 20 15.999999999999998 21 5480 2305 14.999999999999998 343 159 492 119 33 49
leaf_count=26 11 73 20 13 13 11 10 29 415 14 14 211 11 66 180 31 22 41 13 11 21 5363 2249 15 340 159 489 118 33 49
internal_value=-8.84357e-05 -0.00439021 -0.0390373 -0.00913421 0.000235649 0.00827163 0.04817 0.00508865 0.0014665 -0.0868824 -0.000951947 0.00139928 0.0198581 -0.00171426 -0.00603847 0.0414924 0.0266293 0.0140873 -0.000285459 0.0239082 -0.0152976 -0.000382894 0.00177735 -0.0308354 0.00228231 -0.00131232 -0.00775256 -0.000563506 0.00295317 0.0264965
internal_weight=10277 720 65 40 9557 582 43 539 461 25 655 582 84 498 391 52 33 107 8975 36 32 8939 2689 41 2648 6250 651 5599 448 78
internal_count=10071 706 58 33 9365 582 43 539 461 25 648 575 77 498 391 45 33 107 8783 24 32 8759 2630 41 2589 6129 648 5481 448 78
is_linear=0
shrinkage=0.05


Tree=147
num_leaves=31
num_cat=0
split_feature=7 10 11 1 2 7 29 26 18 10 8 26 20 11 10 6 18 3 8 9 1 9 7 20 24 2 9 8 7 7
split_gain=5.20634 30.9674 33.5718 18.9936 27.7751 14.4168 44.1826 52.1791 49.2658 13.6742 11.1748 10.6766 11.1688 10.4245 12.0713 23.0635 12.1953 19.0784 9.97541 8.74995 7.26509 18.2049 42.2161 50.3236 25.4205 14.1083 11.9293 11.7734 41.677 29.419
threshold=1024.549987792969 -0.98295000195503224 1.0000000180025095e-35 76.500000000000014 1.794999957084656 1023.2500000000001 11.150000095367433 11.750000000000002 4.3500001430511483 -0.98295000195503224 336.50000000000006 18.44999980926514 10.550000190734865 -0.87834998965263356 -0.91595000028610218 902.50000000000011 12.750000000000002 176.50000000000003 103.50000000000001 0.91595000028610241 74.500000000000014 -1.0000000180025095e-35 1017.2500000000001 11.150000095367433 59.584999084472663 1.1800000071525576 -0.6035499870777129 206.50000000000003 1022.6499938964845 1014.9500122070314
decision_type=2 2 2 2 2 2 2 2 2 2 2 2 2 2 2 2 2 2 2 2 2 2 2 2 2 2 2 2 2 2
left_child=5 2 10 4 -4 20 9 -8 -9 -7 -2 -11 -13 -3 15 18 17 -16 -15 -18 21 25 23 -23 -24 -1 -27 -22 29 -29
right_child=1 13 3 -5 -6 6 7 8 -10 11 -12 12 -14 14 16 -17 19 -19 -20 -21 27 22 24 -25 -26 26 -28 28 -30 -31
leaf_value=0.024926612722421332 -0.044825517318465485 -0.018712468473368313 0.017376189033190406 0.047265535389835189 -0.08054740003177098 -0.043425007810195287 0.028853390908616657 0.065993705496276908 0.16396344689761891 0.0023129545318679901 -0.11216968894004822 0.011632272990352721 0.028853390908616657 0.075497362443378999 0.0038066490503463738 -0.014532738731941209 0.022751169224185023 -0.017688907805843177 0.026125302846163614 0.0038066490503463738 -0.0005106295800021731 0.016514810031630855 0.047752845234104564 0.094083848645289736 -0.0022719131066835309 0.0016987288652982734 -0.0065903098569907795 0.01445509313377521 -0.062384734029006773 -0.010973403381169602
leaf_weight=56 11.000000000000002 73 15.000000000000002 10.999999999999998 13.999999999999998 14.999999999999998 18 12.000000000000002 17 562 13.999999999999998 40 49 13.999999999999998 211 32 88 180 38 19 5504 69 28 30 273 1650 589 151 33 461
leaf_count=47 11 73 8 11 14 15 18 12 17 562 14 40 49 14 211 32 88 180 31 19 5386 69 28 30 263 1609 578 151 30 461
internal_value=-6.83553e-05 -0.00416849 -0.0370855 -0.0086775 -0.0298973 0.000240538 0.00708003 0.0539332 0.103134 0.00377357 -0.0825383 0.00486109 0.0209516 -0.000901914 0.00133206 0.0188652 -0.00162534 -0.00571846 0.0394178 0.0133318 -0.000310859 0.0018538 0.0116972 0.0400206 0.00238155 0.00013817 -0.000481818 -0.00125959 -0.00765072 -0.00469938
internal_weight=10277 720 65 40 29 9557 713 47 29 666 25 651 89 655 582 84 498 391 52 107 8844 2695 400 99 301 2295 2239 6149 645 612
internal_count=10071 706 58 33 22 9365 713 47 29 666 25 651 89 648 575 77 498 391 45 107 8652 2624 390 99 291 2234 2187 6028 642 612
is_linear=0
shrinkage=0.05


Tree=148
num_leaves=31
num_cat=0
split_feature=7 10 11 7 14 29 9 25 0 8 11 10 6 18 4 8 10 9 8 26 28 10 5 12 0 9 27 4 7 11
split_gain=4.75877 27.8857 30.2985 12.6433 21.6143 58.64 46.6257 16.44 10.6668 10.0853 9.36547 10.9509 20.8148 10.6189 17.2664 9.00281 8.36679 8.20094 7.25272 6.96022 6.79976 6.5981 7.57984 6.3845 5.6116 7.36753 5.52941 4.85593 12.4634 9.3163
threshold=1024.549987792969 -0.98295000195503224 1.0000000180025095e-35 1023.4500122070314 48.000000000000007 11.150000095367433 -1.0000000180025095e-35 11.150000095367433 21.150000572204593 336.50000000000006 -0.87834998965263356 -0.91595000028610218 902.50000000000011 12.750000000000002 -0.25499999523162836 103.50000000000001 1.0000000180025095e-35 0.91595000028610241 2.5000000000000004 29.44999980926514 59.500000000000007 -0.91595000028610218 -0.61500000953674305 1.0000000180025095e-35 18.050000190734867 0.91595000028610241 8.6500000953674334 -1.1850000023841856 1014.3500061035157 -0.87834998965263356
decision_type=2 2 2 2 2 2 2 2 2 2 2 2 2 2 2 2 2 2 2 2 2 2 2 2 2 2 2 2 2 2
left_child=3 2 9 19 5 7 -7 26 -4 -2 -3 12 15 14 -13 -12 -6 -15 -9 24 -14 -21 -23 -18 25 -1 -5 28 -26 -29
right_child=1 10 8 4 16 6 -8 18 -10 -11 11 13 20 17 -16 -17 23 -19 -20 21 -22 22 -24 -25 27 -27 -28 29 -30 -31
leaf_value=-0.003524466685170691 -0.042584240978414352 -0.017776845102134634 -0.045454224944114691 0.0058536701026052559 -0.01603936244526671 0.049481893748538147 0.15908266764420731 0.049481893748538147 0.0096725941256240577 -0.10656120351382666 0.071722493959324701 0.0034741944692790894 -0.045652119849215855 0.021613610747524284 -0.016372967958252164 0.024819037950548687 0.0058536701026052559 0.0034741944692790894 0.022548573117111684 0.026671359112316911 0.0028751451788204059 0.034316064315763388 0.0048647009225812237 -0.0071733962016014181 0.0042049953794381038 -0.016971614104161255 0.017442656334355797 0.0048647009225812237 -0.003524466685170691 -0.00019847018617324209
leaf_weight=204 11.000000000000002 73 12.999999999999998 199 90 12.000000000000002 12.999999999999998 10.999999999999998 27 13.999999999999998 13.999999999999998 203 10.999999999999998 88 188 38 55 19 74 44 21 22 92 101 591 122 27 772 1667 5461
leaf_count=202 11 73 13 199 90 12 13 11 20 14 14 203 11 88 188 31 55 19 74 19 21 11 46 101 591 122 27 772 1649 5371
internal_value=-7.50634e-05 -0.003995 -0.0352312 0.000220254 0.00736185 0.0156066 0.0892795 0.00968433 -0.00824362 -0.0784113 -0.000895219 0.00122224 0.0179219 -0.00159458 -0.00541401 0.0374469 -0.00389925 0.0123624 0.0290316 -0.000242856 -0.0138061 0.0101587 0.0048647 0.00310467 -0.00042925 -0.00686685 0.00585367 -0.000182087 -0.0021687 0.000537594
internal_weight=10277 720 65 9557 582 336 25 311 40 25 655 582 84 498 391 52 246 107 85 8975 32 158 114 156 8817 326 226 8491 2258 6233
internal_count=10071 706 58 9365 582 336 25 311 33 25 648 575 77 498 391 45 246 107 85 8783 32 76 57 156 8707 324 226 8383 2240 6143
is_linear=0
shrinkage=0.05


Tree=149
num_leaves=31
num_cat=0
split_feature=10 12 26 7 5 3 7 11 11 7 29 1 7 10 11 1 2 7 29 5 7 10 25 1 22 1 10 10 28 2
split_gain=4.64671 16.4902 28.7316 25.9638 15.8367 13.3213 24.4681 12.1074 7.41912 20.7521 11.1712 5.48144 4.63279 25.2131 27.3444 17.3728 24.2254 13.1837 32.4095 37.8978 20.2014 12.4759 10.2762 9.45517 9.16827 20.0977 11.6423 7.40501 6.83328 6.76355
threshold=0.98295000195503246 0.81174999475479137 21.399999618530277 1016.8500061035157 -2.0549999475479122 284.50000000000006 1016.9500122070314 1.0000000180025095e-35 1.0000000180025095e-35 1016.6499938964845 5.9500000476837167 86.500000000000014 1024.549987792969 -0.98295000195503224 1.0000000180025095e-35 76.500000000000014 1.794999957084656 1023.2500000000001 10.750000000000002 -0.49500000476837153 1023.6499938964845 -0.98295000195503224 11.150000095367433 72.500000000000014 5.0499999523162851 85.500000000000014 -0.37939999997615809 0.91595000028610241 73.500000000000014 3.7050000429153447
decision_type=2 2 2 2 2 2 2 2 2 2 2 2 2 2 2 2 2 2 2 2 2 2 2 2 2 2 2 2 2 2
left_child=12 2 5 -3 -5 8 -7 -8 9 -2 -10 -6 17 14 23 16 -16 -1 21 20 -20 -19 -23 -14 25 29 -26 -27 -28 -15
right_child=1 3 -4 4 11 6 7 -9 10 -11 -12 -13 13 24 15 -17 -18 18 19 -21 -22 22 -24 -25 26 27 28 -29 -30 -31
leaf_value=-0.00010560688698546769 0.017074953141537581 0.030138943504009932 0.058661708706303654 -0.099957750195806674 -0.044575606876363361 -0.073508662482102721 0.025939071648999265 -0.021358716267933873 -0.027971761060111663 -0.022251116527720941 0.015579592125987718 -0.00195208147845485 -0.11215077966451642 -0.00066726114815515616 0.016023749013741807 0.045671510696411136 -0.075428608485630586 -0.041071078628301623 0.077486547703544295 0.13252297201077454 0.024515283943407108 0.0018794199171752847 0.018017984740814664 -0.049384100834528606 0.018799226080006531 -0.022737525399167874 -0.00066726114815515616 -0.06353815893332164 0.032287155697122219 -0.018047117538351035
leaf_weight=8496 55 13.999999999999998 19 10.999999999999998 24 18 19 47 17 86 110 10.999999999999998 10.000000000000002 185 15.000000000000002 10.999999999999998 13.999999999999998 14.999999999999998 18 9.9999999999999982 24 498 123 14.999999999999998 107 43 175 14.999999999999998 15.999999999999998 56
leaf_count=8310 55 14 13 11 24 18 19 47 17 86 110 11 10 185 8 11 14 15 18 10 24 498 123 15 100 43 175 15 16 56
internal_value=-8.01497e-05 -0.00516176 -0.00122868 -0.0294813 -0.0476266 -0.0044614 -0.0218354 -0.00774269 0.000984185 -0.00691116 0.00974988 -0.0311796 0.000142293 -0.0038974 -0.0334696 -0.00783144 -0.0281257 0.000433482 0.0070906 0.045043 0.0245153 0.00398757 0.00507595 -0.0744908 -0.00067764 -0.00686349 0.00552896 -0.0332894 -0.000667261 -0.000667261
internal_weight=10277 431 371 60 46 352 84 66 268 141 127 35 9846 662 65 40 29 9184 688 52 42 636 621 25 597 299 298 58 191 241
internal_count=10071 425 365 60 46 352 84 66 268 141 127 35 9646 648 58 33 22 8998 688 52 42 636 621 25 590 299 291 58 191 241
is_linear=0
shrinkage=0.05


Tree=150
num_leaves=24
num_cat=0
split_feature=7 14 21 27 14 0 21 5 7 10 7 4 9 11 8 3 8 25 8 7 4 5 2
split_gain=5.53764 23.5114 14.8554 8.24815 6.32091 6.01822 4.3752 17.5855 4.77016 11.7739 17.9465 11.8629 10.9475 11.6857 10.1529 2.9842 4.70047 2.86212 2.52778 3.38799 1.28309 0.417406 0.218203
threshold=1012.0499877929689 48.000000000000007 13.050000190734865 2.4500000476837163 55.000000000000007 31.150000572204593 4.8500001430511483 -3.8950001001358028 1018.1499938964845 -0.37939999997615809 1017.2500000000001 2.5649999380111699 0.98295000195503246 0.87834998965263378 469.50000000000006 58.500000000000007 7.5000000000000009 10.550000190734865 583.50000000000011 1010.0499877929689 0.44499999284744268 -3.254999995231628 3.9550000429153447
decision_type=2 2 2 2 2 2 2 2 2 2 2 2 2 2 2 2 2 2 2 2 2 2 2
left_child=1 2 22 -3 15 6 7 -2 9 10 -8 -11 14 -14 -10 16 -5 -7 19 -4 -17 -20 -1
right_child=5 3 18 4 -6 17 8 -9 12 11 -12 -13 13 -15 -16 20 -18 -19 21 -21 -22 -23 -24
leaf_value=0.0061904164877804842 -0.0075768283763563609 -0.052026074216701093 0.025421833572909232 -0.0033576219041054098 -0.03324585357741535 0.011024477759302459 0.0060404710930817215 -0.075922162383794789 0.0024303983208015254 -0.0038056679720166499 -0.0075768283763563609 0.011024477759302459 -0.0075768283763563609 0.011024477759302459 -0.0032795793478395327 -0.0033576219041054098 -0.022287912966354843 0.03801685730616252 0.023965708034880018 0.060567303995291394 -0.01255745256319642 0.013300307942394275 -0.0033576219041054098
leaf_weight=10.999999999999998 35 15.999999999999998 16.000000000000004 26 11.999999999999998 17 971 9.9999999999999982 4973 2372 311 48 227 33 923 43 48 14.999999999999998 17.000000000000004 11.999999999999998 40 9.9999999999999982 50
leaf_count=11 35 16 16 26 12 17 971 10 4803 2372 311 48 217 33 890 43 48 15 17 12 40 10 50
internal_value=3.27639e-05 -0.00664864 0.0109989 -0.0177141 -0.0144656 0.00023519 0.000165236 -0.0153899 0.000236243 -0.00118207 0.00269207 -0.00323441 0.00108917 -0.00757683 0.00153652 -0.01133 -0.0186306 0.0218837 0.0299582 0.0404842 -0.00482102 0.0190424 -0.00335762
internal_weight=10236 301 116 185 169 9935 9903 45 9858 3702 1282 2420 6156 260 5896 157 74 32 55 28 83 27 61
internal_count=10023 301 116 185 169 9722 9690 45 9645 3702 1282 2420 5943 250 5693 157 74 32 55 28 83 27 61
is_linear=0
shrinkage=0.05


Tree=151
num_leaves=31
num_cat=0
split_feature=7 14 21 6 20 12 28 0 1 5 7 6 21 7 3 5 8 7 17 23 23 9 3 23 4 1 20 7 0 1
split_gain=5.13497 21.1209 13.5489 10.6916 9.96243 9.10983 6.64431 4.35917 7.65622 17.6888 14.2196 12.6516 9.2424 8.38709 7.43251 2.7101 2.30039 3.20655 2.15477 1.71409 1.02228 1.8779 0.904862 0.637606 0.512027 0.428088 0.390586 0.301472 0.196503 0.317811
threshold=1012.0499877929689 48.000000000000007 13.050000190734865 387.50000000000006 10.150000095367433 1.0000000180025095e-35 115.00000000000001 30.250000000000004 54.500000000000007 2.6049998998641972 1017.7500000000001 1382.5000000000002 4.8500001430511483 1021.6499938964845 41.500000000000007 -3.6550000905990596 613.50000000000011 1010.0499877929689 0.11150000244379045 98.500000000000014 88.500000000000014 -0.37939999997615809 164.50000000000003 112.50000000000001 -1.705000042915344 50.500000000000007 11.750000000000002 1009.5499877929689 29.550000190734867 43.500000000000007
decision_type=2 2 2 2 2 2 2 2 2 2 2 2 2 2 2 2 2 2 2 2 2 2 2 2 2 2 2 2 2 2
left_child=1 2 28 20 5 -5 7 8 9 10 -2 12 -10 -11 -13 -6 17 27 -17 24 21 -3 23 -21 -8 -18 -9 -4 -1 -30
right_child=6 3 16 4 15 -7 19 26 11 13 -12 14 -14 -15 -16 18 25 -19 -20 22 -22 -23 -24 -25 -26 -27 -28 -29 29 -31
leaf_value=-0.0032867303091723681 -0.012633764940514186 -0.015520479621075332 0.030984379947185503 -0.084414189415318627 -0.03743950648725481 -0.03743950648725481 0.014859790200930173 0.0039254216532633741 -0.018562512698913413 -0.0547519465478567 0.0039254216532633741 -0.070047786161303499 0.00051695783382356994 -0.0067504358477890498 -0.018562512698913413 -0.035137966594525748 0.022961078354945545 0.057538938025633493 -0.015520479621075332 0.014859790200930173 -0.0032867303091723681 -0.0067598132974506968 0.034247146953235975 0.026319186921630589 0.0078434524532656948 0.01257485503124094 0.0078434524532656948 0.018706924207508562 -0.00027245014702359239 0.0083080950991383622
leaf_weight=35 214 25 10.000000000000002 14 9.9999999999999982 10 10.000000000000002 56 32 26 235 10.000000000000002 9233 13.999999999999998 11.999999999999998 13.999999999999998 13.000000000000002 11.999999999999998 55 18 29 28 10.999999999999998 13.999999999999998 17 9.9999999999999982 33 9.9999999999999982 12.000000000000002 13.999999999999998
leaf_count=35 214 25 10 14 10 10 10 56 32 26 235 10 9020 14 12 14 13 12 55 18 29 28 11 14 17 10 33 10 12 14
internal_value=2.79451e-05 -0.00640596 0.0103203 -0.0168938 -0.0276187 -0.0558312 0.000222873 0.000113952 7.39085e-06 -0.0060905 -0.00325211 0.000328471 0.000418399 -0.0379514 -0.0375434 -0.0190478 0.0284364 0.0371056 -0.0155205 0.015573 -0.00342227 -0.0102329 0.0218761 0.0176236 0.00784345 0.016375 0.00784345 0.0248457 -0.00328673 0.00274183
internal_weight=10236 301 116 185 103 24 9935 9865 9776 489 449 9287 9265 40 22 79 55 32 69 70 82 53 43 32 27 23 89 20 61 26
internal_count=10023 301 116 185 103 24 9722 9652 9563 489 449 9074 9052 40 22 79 55 32 69 70 82 53 43 32 27 23 89 20 61 26
is_linear=0
shrinkage=0.05


Tree=152
num_leaves=31
num_cat=0
split_feature=7 1 7 10 7 10 8 0 10 1 1 3 4 27 9 27 11 25 3 11 3 6 11 28 26 7 9 3 11 4
split_gain=4.56932 15.2305 16.0473 11.9755 16.7265 45.6642 61.5837 22.8131 17.9475 21.608 16.2069 16.6424 22.4646 95.5553 13.2973 12.9968 12.7517 12.7337 12.7269 12.3101 12.2674 11.2222 16.3712 10.3298 11.1126 9.75726 13.2508 9.56651 9.55542 9.47709
threshold=1018.1499938964845 97.500000000000014 1019.8500061035157 -0.37939999997615809 1017.2500000000001 -0.98295000195503224 503.50000000000006 25.94999980926514 -0.91595000028610218 80.500000000000014 95.500000000000014 62.500000000000007 2.5649999380111699 11.250000000000002 0.78654998540878307 19.44999980926514 -1.0000000180025095e-35 16.800000190734867 32.500000000000007 -0.87834998965263356 38.500000000000007 67.500000000000014 0.60784998536109935 13.500000000000002 9.8499999046325701 1019.8500061035157 0.78654998540878307 354.50000000000006 0.60784998536109935 0.95499998331069957
decision_type=2 2 2 2 2 2 2 2 2 2 2 2 2 2 2 2 2 2 2 2 2 2 2 2 2 2 2 2 2 2
left_child=3 23 29 4 5 6 7 -1 9 19 11 17 14 -14 -13 16 -7 20 -19 -6 -5 22 -12 -2 28 26 -26 -27 -25 -3
right_child=1 2 -4 10 8 15 -8 -9 -10 -11 21 12 13 -15 -16 -17 -18 18 -20 -21 -22 -23 -24 24 25 27 -28 -29 -30 -31
leaf_value=-0.023343278327956796 -0.013785506449165895 -0.022140291666513996 -0.002551521858441885 -0.0047347438769587084 -0.055992626895507186 -0.0023355232633852602 0.16178900480270386 0.050170771070125124 0.0029719064878201279 -0.073333522414459909 0.016803016522455784 -0.01527149355795121 -0.030226930429538092 0.11549372673034669 -0.0034693664786865628 0.033959569465933426 0.0095834221265239418 0.064227409362792962 0.012586724196962405 -0.0078334969877386883 0.005095938611329791 -0.00090641100148393492 0.082911840758540412 -0.0002595820965183453 0.0093797482729899469 0.00094138975465256249 -0.0002595820965183453 0.022962446989957246 -0.0061555068241610908 -0.07436846592463553
leaf_weight=15.999999999999998 113 19 54 977 14.999999999999998 610 9.9999999999999982 31 189 17 63 603 30 18 395 33 355 14.999999999999998 26 115 470 74 10.999999999999998 587 930 3623 244 50 527 15.999999999999998
leaf_count=16 113 19 53 977 15 610 10 31 189 17 63 603 30 18 395 33 355 15 26 115 470 74 11 587 877 3464 244 50 527 16
internal_value=3.0921e-05 0.00088972 -0.0196443 -0.00126856 0.0024961 0.00559033 0.0491174 0.0251447 -0.00721941 -0.0203225 -0.00322107 -0.0041604 -0.00899334 0.0244183 -0.0106003 0.00310432 0.00204917 -0.000763061 0.0267151 -0.0133903 -0.00154164 0.0128618 0.02663 0.0011906 0.00147449 0.00250946 0.00647748 0.00124116 -0.00302862 -0.046016
internal_weight=10236 6163 89 4073 1391 1055 57 47 336 147 2682 2534 1046 48 998 998 965 1488 41 130 1447 148 74 6074 5961 4847 1174 3673 1114 35
internal_count=10023 5950 88 4073 1391 1055 57 47 336 147 2682 2534 1046 48 998 998 965 1488 41 130 1447 148 74 5862 5749 4635 1121 3514 1114 35
is_linear=0
shrinkage=0.05


Tree=153
num_leaves=31
num_cat=0
split_feature=7 14 21 6 20 12 28 2 1 18 9 10 3 26 5 10 7 12 2 8 5 8 23 23 9 8 3 23 0 5
split_gain=4.22019 18.0531 12.0713 9.67399 8.76415 8.37385 6.00527 4.17567 6.84489 18.7874 6.92454 6.15629 5.19145 4.12464 4.61827 9.79733 6.43571 3.73064 2.9855 2.13977 2.80737 1.73094 1.62636 0.889399 1.74441 0.731915 0.730193 0.627843 0.391122 0.333521
threshold=1012.0499877929689 48.000000000000007 13.050000190734865 387.50000000000006 10.150000095367433 1.0000000180025095e-35 115.00000000000001 6.0150001049041757 80.500000000000014 4.7500000000000009 0.60354998707771312 -1.0000000180025095e-35 41.500000000000007 6.8500001430511483 -4.1849999427795401 0.60354998707771312 1018.1499938964845 -0.56175000965595234 4.6549999713897714 583.50000000000011 -3.2949999570846553 672.50000000000011 98.500000000000014 88.500000000000014 -0.37939999997615809 282.50000000000006 164.50000000000003 112.50000000000001 28.349999427795414 -3.254999995231628
decision_type=2 2 2 2 2 2 2 2 2 2 2 2 2 2 2 2 2 2 2 2 2 2 2 2 2 2 2 2 2 2
left_child=1 2 -1 23 5 -5 7 13 10 11 17 -10 -11 25 15 -15 -16 -9 21 20 -4 -6 28 24 -3 -2 27 -24 -8 -21
right_child=6 3 19 4 18 -7 22 8 9 12 -12 -13 -14 14 16 -17 -18 -19 -20 29 -22 -23 26 -25 -26 -27 -28 -29 -30 -31
leaf_value=-0.0029255440113933637 -0.0023702055768356368 -0.014316951030768271 0.023730024980271561 -0.079701892020446918 -0.014316951030768271 -0.034919633876434319 0.0074449346312149113 -0.017334971204400064 -0.077473713342960049 -0.025266437273886468 -0.040519520984246188 -0.029613771805304803 -0.0023702055768356368 0.0074449346312149113 -0.00088143190193407908 -0.00088143190193407908 0.0012792475240833577 -0.0023702055768356368 -0.034919633876434319 0.021190242995234095 0.056147396158088336 -0.024618292453601295 0.014198845311855324 -0.0029255440113933637 -0.0061674035046719398 -0.00088143190193407908 0.032065802541646087 0.025678761622735431 0.014198845311855324 0.011927709110722808
leaf_weight=61 479 25 17.000000000000004 14 47 10 17.000000000000004 66 13.000000000000002 27 12.999999999999998 11.999999999999998 84 357 2349 329 5770 165 10.999999999999998 17.000000000000004 10.999999999999998 21 18 29 28 201 10.999999999999998 13.999999999999998 9.9999999999999982 9.9999999999999982
leaf_count=61 479 25 17 14 47 10 17 66 13 27 13 12 84 357 2349 329 5557 165 11 17 11 21 18 29 28 201 11 14 10 10
internal_value=2.33757e-05 -0.00580935 0.00965455 -0.0155056 -0.0257084 -0.0521698 0.000200089 9.65388e-05 -0.00504285 -0.0144443 -0.00237021 -0.0536027 -0.00562484 0.00030244 0.000607342 0.00454678 0.000274486 -0.00237021 -0.0176694 0.026781 0.0364654 -0.014317 0.0147933 -0.00292554 -0.00940926 -0.00237021 0.0209528 0.0171326 0.00744493 0.0167378
internal_weight=10236 301 116 185 103 24 9935 9865 380 136 244 25 111 9485 8805 686 8119 231 79 55 28 68 70 82 53 680 43 32 27 27
internal_count=10023 301 116 185 103 24 9722 9652 380 136 244 25 111 9272 8592 686 7906 231 79 55 28 68 70 82 53 680 43 32 27 27
is_linear=0
shrinkage=0.05


Tree=154
num_leaves=31
num_cat=0
split_feature=10 12 26 23 4 5 23 11 5 2 11 4 17 27 4 8 2 23 18 5 27 12 1 1 18 1 3 10 12 9
split_gain=4.10034 16.2694 25.4065 21.9822 15.6463 14.2307 13.1859 13.4389 12.1964 9.57592 4.53136 4.45593 24.1113 18.5967 65.1544 13.566 11.665 7.32526 8.69122 6.22873 15.9008 27.1547 24.0857 12.8867 11.7137 8.73772 6.45587 16.2872 61.3942 13.6877
threshold=0.98295000195503246 0.81174999475479137 21.399999618530277 45.500000000000007 0.20499999821186068 -4.0450000762939444 68.500000000000014 -0.87834998965263356 -2.1750000715255733 4.7049999237060556 -0.60784998536109913 1.7549999952316286 0.10050000250339509 11.250000000000002 2.5649999380111699 46.500000000000007 5.0699999332427987 44.500000000000007 9.4499998092651385 -0.095000002533197389 14.34999990463257 -0.56175000965595234 53.500000000000007 94.500000000000014 5.7500000000000009 90.500000000000014 336.50000000000006 -0.98295000195503224 0.81174999475479137 0.91595000028610241
decision_type=2 2 2 2 2 2 2 2 2 2 2 2 2 2 2 2 2 2 2 2 2 2 2 2 2 2 2 2 2 2
left_child=11 2 5 4 -3 9 7 -7 -5 -2 -11 19 15 16 -15 17 -14 18 -13 26 21 22 -21 24 -22 -23 27 28 -1 -29
right_child=1 3 -4 8 -6 6 -8 -9 -10 10 -12 12 13 14 -16 -17 -18 -19 -20 20 23 25 -24 -25 -26 -27 -28 29 -30 -31
leaf_value=-0.0042360424401302792 0.025757280920551226 -0.10889581306414167 0.055470223489560579 0.043929115273058421 -0.033000661011751559 -0.041156212304319657 0.020342038465397699 -0.0077358746768147295 -0.021794117086877427 -0.034367214739322652 0.0077980473995735268 -0.052874563137690227 0.0038160205785247761 0.010815901710920015 0.10979619456662074 -0.070807100584109633 -0.0090005460099617882 -0.0090005460099617882 -0.018574474191653794 -0.05781675722935925 0.0073566423080789842 0.0063793119275253095 -0.0057202227947038883 0.0073566423080789842 0.028529674675097164 -0.0015734991406698728 0.0026868992987900478 0.00033477443217565928 -0.085271524831100745 -0.0084704831083641432
leaf_weight=174 33 11.000000000000002 19 9.9999999999999982 14.999999999999998 35 35 214 24 10.000000000000002 9.9999999999999982 24 327 63 18 11.999999999999998 185 97 47 23 61 1351 627 71 162 464 1381 4213 27 493
leaf_count=167 33 11 13 10 15 35 35 214 24 10 10 24 320 63 18 12 185 97 47 23 38 1266 627 67 160 464 1375 4146 27 487
internal_value=1.86652e-05 -0.00484343 -0.000784055 -0.0289291 -0.0635376 -0.00395566 -0.00839427 -0.0124335 -0.00246375 0.0198286 -0.0101612 0.000224636 -0.00341909 0.0014461 0.0237075 -0.0194472 -0.00207573 -0.0157786 -0.0281484 0.000535966 0.00251657 0.00120567 -0.00756364 0.0135076 0.0212976 0.0043462 -0.000333069 -0.00118299 -0.0151214 -0.000587663
internal_weight=10236 416 356 60 26 337 284 249 34 53 20 9820 773 593 81 180 512 168 71 9047 2759 2465 650 294 223 1815 6288 4907 201 4706
internal_count=10023 410 350 60 26 337 284 249 34 53 20 9613 766 586 81 180 505 168 71 8847 2645 2380 650 265 198 1730 6202 4827 194 4633
is_linear=0
shrinkage=0.05


Tree=155
num_leaves=31
num_cat=0
split_feature=7 10 8 7 2 0 26 4 7 12 28 18 5 12 27 7 20 28 18 7 12 8 10 7 4 5 10 23 5 6
split_gain=4.42115 25.7974 32.1708 15.2804 29.3688 13.8328 12.1378 9.35658 11.3528 10.4011 10.0259 15.2391 14.2505 10.7949 7.19915 5.83446 5.5713 5.53102 5.97566 5.38514 14.0166 16.0099 12.5447 18.9727 15.5242 10.9951 3.624 3.04325 2.57812 1.83956
threshold=1024.4500122070315 -0.98295000195503224 336.50000000000006 1024.2500000000002 1.4300000071525576 21.050000190734867 15.550000190734865 1.4049999713897707 1025.6499633789065 1.0000000180025095e-35 64.500000000000014 5.0499999523162851 -1.455000042915344 0.81174999475479137 7.4500000476837167 1025.2500000000002 6.6499998569488534 13.500000000000002 8.3499999046325701 1018.2500000000001 1.0000000180025095e-35 581.50000000000011 -0.6035499870777129 1017.3500061035157 2.935000061988831 -3.6850000619888301 -1.0000000180025095e-35 15.500000000000002 0.69499999284744274 907.50000000000011
decision_type=2 2 2 2 2 2 2 2 2 2 2 2 2 2 2 2 2 2 2 2 2 2 2 2 2 2 2 2 2 2
left_child=3 2 5 17 -5 -2 -6 10 9 26 11 12 -3 16 -10 -13 -12 18 -1 22 21 -21 23 -19 -24 -22 -9 -20 -7 -4
right_child=1 7 29 4 6 28 -8 8 14 -11 13 15 -14 -15 -16 -17 -18 19 27 20 25 -23 24 -25 -26 -27 -28 -29 -30 -31
leaf_value=-0.043353463336825375 -0.048421542665788103 -0.072887782705947757 -0.066636619378219936 0.10310756647959352 -0.016794706958656511 -0.0016753279666105903 0.030243797309231015 0.0061311675359805428 0.017671853540973222 0.031849792718887326 -0.0010781534032531352 -0.010859443072206539 -0.016064348802638385 0.053916151144287806 0.076288895979523666 -0.0010781534032531352 0.014402666379710738 0.0078581462833564718 -0.017144816977759967 0.0053450501321949014 0.02425623085527193 -0.0046652554574309986 -0.0030604955126564254 -0.0046652554574309986 0.034338325847472463 -0.0015212216906410438 -0.018058195621415508 -0.0046652554574309986 0.028746356987036193 -0.094944251080354064
leaf_weight=11.999999999999998 13.999999999999998 11.999999999999998 11.000000000000002 9.9999999999999982 24 15.000000000000002 32 30 11.000000000000002 25 118 110 137 10.999999999999998 9.9999999999999982 145 71 750 52 2211 42 151 3085 250 28 2747 32 85 12.999999999999998 11.999999999999998
leaf_count=12 14 12 10 10 24 9 32 30 11 25 118 110 137 11 10 138 71 750 52 2182 42 151 3085 250 28 2584 32 85 13 12
internal_value=-9.28067e-05 -0.00371874 -0.0338717 0.000204413 0.0241789 -0.00784116 0.0100844 -0.000966004 0.0125889 0.00462434 -0.00338972 -0.00792221 -0.0206407 0.0057659 0.0455847 -0.00107815 0.0029635 3.63145e-05 -0.00952054 0.000190025 0.00126724 0.00410144 -0.00115905 0.00371299 -0.00272411 -0.00113303 -0.00635367 -0.00655707 0.012449 -0.0814058
internal_weight=10256 777 65 9479 66 42 56 712 108 87 604 404 149 200 21 255 189 9413 149 9264 5151 2362 4113 1000 3113 2789 62 137 28 23
internal_count=10050 763 58 9287 66 36 56 705 108 87 597 397 149 200 21 248 189 9221 149 9072 4959 2333 4113 1000 3113 2626 62 137 22 22
is_linear=0
shrinkage=0.05


Tree=156
num_leaves=31
num_cat=0
split_feature=1 8 28 3 7 17 7 24 28 3 8 6 7 7 7 7 2 28 9 8 3 26 5 25 21 18 25 7 17 18
split_gain=4.0422 19.255 17.9378 15.4006 17.3937 19.5145 11.892 11.7269 16.8286 41.8673 77.3983 16.6123 11.5313 10.5808 10.1083 16.6132 32.6907 14.6294 10.5697 10.4151 9.75681 9.57417 7.34596 7.17296 5.14657 4.34904 5.71907 4.10113 2.11828 1.89591
threshold=78.500000000000014 469.50000000000006 78.500000000000014 354.50000000000006 1018.3500061035157 0.11450000107288362 1026.4500122070315 49.584999084472663 42.500000000000007 330.50000000000006 344.50000000000006 827.50000000000011 1024.2500000000002 1022.3500061035157 1024.7500000000002 1024.2500000000002 1.044999957084656 64.500000000000014 -1.0000000180025095e-35 206.50000000000003 4.5000000000000009 26.85000038146973 0.2650000005960465 12.449999809265138 8.7500000000000018 3.4500000476837163 8.6500000953674334 1014.5499877929689 0.10549999773502351 5.1499998569488534
decision_type=2 2 2 2 2 2 2 2 2 2 2 2 2 2 2 2 2 2 2 2 2 2 2 2 2 2 2 2 2 2
left_child=3 6 29 7 25 -6 14 12 9 11 -11 -9 13 22 15 19 -17 18 -16 -2 27 -22 -1 -8 -19 -5 28 -10 -27 -3
right_child=1 2 -4 4 5 -7 23 8 20 10 -12 -13 -14 -15 17 16 -18 24 -20 -21 21 -23 -24 -25 -26 26 -28 -29 -30 -31
leaf_value=0.011437052024283662 -0.00031822287024114689 -0.075311579306920368 0.013389436031381289 -0.011539700537369671 0.017036332146209827 0.098415497633127069 0.010571511512001353 -0.0063242222253819085 -0.0054080785180513676 -0.0073355920563795063 -0.17399243008006704 -0.063361201492639685 0.011437052024283662 0.087309711575508125 -0.046254139875993139 0.099687715755267581 0.0096279594015019638 0.002393690766744172 -0.011582062100725515 -0.0098872386636794547 -1.6567328241247333e-05 0.011437052024283662 0.055709542085727065 0.063728940757838165 0.035023353689096197 0.0017987954991827303 0.045229147374629977 0.011437052024283662 0.018112225898287513 -0.047751077780356768
leaf_weight=12.000000000000002 5455 12 11.999999999999998 22 17.000000000000004 12.999999999999998 15.000000000000002 160 39 19.000000000000004 10.999999999999998 12.999999999999998 26 9.9999999999999982 25 10.999999999999998 120 9.9999999999999982 182 300 3403 150 11.999999999999998 10.999999999999998 22 15.999999999999998 11.999999999999998 111 22 13
leaf_count=12 5359 12 12 22 16 13 15 150 39 18 11 13 16 10 25 11 120 10 182 300 3393 72 12 11 22 16 12 111 22 13
internal_value=-9.38211e-05 -0.000898653 -0.0368603 0.00113044 0.0203138 0.0523006 -0.000682334 0.000637071 0.000300098 -0.013717 -0.0684431 -0.00632422 0.022574 0.0440985 -0.000825572 -0.000416269 0.0171902 -0.0109057 -0.0157695 -0.000817042 0.00106852 0.00053245 0.0260939 0.0330612 0.0205569 0.00698599 0.0151373 0.0114371 0.0056346 -0.0609801
internal_weight=10256 6188 37 4068 102 30 6151 3966 3906 203 30 173 60 34 6125 5886 131 239 207 5755 3703 3553 24 26 32 72 50 150 38 25
internal_count=10050 6092 37 3958 101 29 6055 3857 3807 192 29 163 50 34 6029 5790 131 239 207 5659 3615 3465 24 26 32 72 50 150 38 25
is_linear=0
shrinkage=0.05


Tree=157
num_leaves=31
num_cat=0
split_feature=1 8 28 3 7 17 7 24 28 3 8 6 7 7 7 7 2 28 9 8 3 12 26 26 21 20 7 11 5 18
split_gain=3.72281 17.3766 16.1889 13.7121 15.8059 17.6118 10.7332 10.0423 14.6408 38.1342 69.852 15.0238 10.5276 9.67242 9.17515 14.9934 29.5034 13.0402 9.53911 9.39967 9.11868 8.87005 8.68807 6.4736 4.75012 3.97414 3.4063 2.80306 2.63054 1.71106
threshold=78.500000000000014 469.50000000000006 78.500000000000014 354.50000000000006 1018.3500061035157 0.11450000107288362 1026.4500122070315 49.584999084472663 42.500000000000007 330.50000000000006 344.50000000000006 827.50000000000011 1024.2500000000002 1022.3500061035157 1024.7500000000002 1024.2500000000002 1.044999957084656 64.500000000000014 -1.0000000180025095e-35 206.50000000000003 4.5000000000000009 -0.56175000965595234 26.85000038146973 15.650000095367433 8.7500000000000018 12.050000190734865 1014.5499877929689 0.60784998536109935 -3.6550000905990596 5.1499998569488534
decision_type=2 2 2 2 2 2 2 2 2 2 2 2 2 2 2 2 2 2 2 2 2 2 2 2 2 2 2 2 2 2
left_child=3 6 29 7 25 -6 14 12 9 11 -11 -9 13 21 15 19 -17 18 -16 -2 26 -1 -22 -8 -19 27 -10 28 -5 -3
right_child=1 2 -4 4 5 -7 23 8 20 10 -12 -13 -14 -15 17 16 -18 24 -20 -21 22 -23 -24 -25 -26 -27 -28 -29 -30 -31
leaf_value=0.054326109588146203 -0.00030231172224229048 -0.071546000242233274 0.012719964577505986 0.0029974116351116787 0.016184515911428363 0.0934947247688587 0.010042935733993848 -0.0058636465939445413 -0.0051376750549444791 -0.006968812629470209 -0.1652928113937378 -0.060193141836386466 0.010621122562365713 0.082944227457046507 -0.043941432284191256 0.094703334028070629 0.0091465616389177756 0.0021672637965996946 -0.011002958948713738 -0.0093928764812493074 -1.5738937610573136e-05 0.010621122562365713 0.010621122562365713 0.060542494329539211 0.033272185718471355 0.035738372281193732 0.010621122562365713 0.018754679071867175 -0.023557363106654242 -0.045363524556159968
leaf_weight=14 5455 12 11.999999999999998 33 17.000000000000004 12.999999999999998 15.000000000000002 160 39 19.000000000000004 10.999999999999998 12.999999999999998 26 9.9999999999999982 25 10.999999999999998 120 9.9999999999999982 182 300 3403 10 150 10.999999999999998 22 9.9999999999999982 111 15.999999999999998 12.999999999999998 13
leaf_count=14 5359 12 12 33 16 13 15 150 39 18 11 13 16 10 25 11 120 10 182 300 3393 10 72 11 22 10 111 16 13 13
internal_value=-8.24426e-05 -0.000854824 -0.0350172 0.00109246 0.0191937 0.0496856 -0.000649328 0.000626921 0.000315089 -0.0127591 -0.0650209 -0.00586365 0.0209272 0.0416296 -0.000785408 -0.000395455 0.0163307 -0.010389 -0.014981 -0.00077619 0.00103182 0.0244152 0.000509101 0.0314081 0.0193156 0.00648868 0.0106211 0.00177099 -0.0045072 -0.0579311
internal_weight=10256 6188 37 4068 102 30 6151 3966 3906 203 30 173 60 34 6125 5886 131 239 207 5755 3703 24 3553 26 32 72 150 62 46 25
internal_count=10050 6092 37 3958 101 29 6055 3857 3807 192 29 163 50 34 6029 5790 131 239 207 5659 3615 24 3465 26 32 72 150 62 46 25
is_linear=0
shrinkage=0.05


Tree=158
num_leaves=31
num_cat=0
split_feature=10 12 26 7 1 3 7 12 7 7 11 4 9 27 5 1 9 3 5 23 5 6 3 3 27 27 7 3 10 7
split_gain=3.90682 14.0612 22.2772 21.6997 15.5205 14.0885 14.3589 10.5374 18.5886 16.7014 9.53026 9.52109 4.59024 25.6598 28.4278 17.3923 17.0722 12.2114 14.9253 12.8733 17.414 17.3037 10.8613 10.1628 15.6944 9.92271 7.27793 7.07669 12.7833 25.101
threshold=0.98295000195503246 0.81174999475479137 21.399999618530277 1016.8500061035157 86.500000000000014 284.50000000000006 1016.9500122070314 1.0000000180025095e-35 1014.3500061035157 1020.9500122070314 0.60784998536109935 -0.29500000178813929 0.60354998707771312 15.949999809265138 0.15500000119209292 89.500000000000014 -0.37939999997615809 200.50000000000003 5.1050000190734872 59.500000000000007 -0.80500000715255726 67.500000000000014 42.500000000000007 67.500000000000014 17.44999980926514 21.94999980926514 1017.6499938964845 221.50000000000003 -0.78654998540878285 1020.4500122070314
decision_type=2 2 2 2 2 2 2 2 2 2 2 2 2 2 2 2 2 2 2 2 2 2 2 2 2 2 2 2 2 2
left_child=12 2 5 -3 11 7 -7 8 -2 -9 -8 -5 13 27 16 26 22 23 19 20 -19 -21 -15 -14 -25 -18 -16 28 -1 -30
right_child=1 3 -4 4 -6 6 10 9 -10 -11 -12 -13 17 14 15 -17 25 18 -20 21 -22 -23 -24 24 -26 -27 -28 -29 29 -31
leaf_value=-0.005052731247049292 -0.062571090918320874 0.025394164824060036 0.050066748857498171 -0.10133215244859457 -0.0015556762711359906 -0.0630071371793747 0.0114352748522328 0.022940588513464852 -0.00061328799942698834 -0.010379332652082667 -0.026821033801974321 -0.042414988810196508 -0.00071720044466255111 0.078523939389448891 0.096431232094764716 0.013380486853711774 0.0048986723264183626 -0.00037081896527005093 -0.059120197842518485 0.028469260638930662 -0.010148209475024381 0.00085950609863876676 0.011016962744972924 0.0075775464861819524 0.052246938149134316 0.021172501084374937 0.047906749366837392 0.0039143243904578009 -0.0022120608172959129 0.0048986723264183626
leaf_weight=1361 12.999999999999998 13.999999999999998 20 11.999999999999998 12.999999999999998 17 27 37 176 40 41 16.000000000000004 540 13.000000000000002 9.9999999999999982 40 490 1015 11.999999999999998 69 826 227 10.999999999999998 309 21 94 34 900 2662 1196
leaf_count=1342 13 14 13 12 13 17 27 37 176 40 41 16 531 13 10 40 459 1015 12 63 812 204 11 296 18 87 34 880 2620 1184
internal_value=-7.07706e-05 -0.00475853 -0.00126092 -0.0283515 -0.0467036 -0.00418557 -0.0219063 0.00147705 -0.00487494 0.0170683 -0.011631 -0.0676652 0.000132381 0.000851726 0.00997768 0.0372424 0.00621084 -0.00149049 -0.0035138 -0.00320155 -0.00475763 0.00647665 0.0475832 0.00350731 0.0104201 0.00489867 0.058935 -0.000180331 -0.000886441 0.000583315
internal_weight=10256 426 371 55 41 351 85 266 189 77 68 28 9830 6811 692 84 608 3019 2149 2137 1841 296 24 870 330 584 44 6119 5219 3858
internal_count=10050 419 364 55 41 351 85 266 189 77 68 28 9631 6680 654 84 570 2951 2106 2094 1827 267 24 845 314 546 44 6026 5146 3804
is_linear=0
shrinkage=0.05


Tree=159
num_leaves=31
num_cat=0
split_feature=7 10 8 7 8 0 4 7 1 29 7 28 18 5 12 27 1 1 10 28 28 8 9 7 3 1 7 20 28 10
split_gain=3.78753 23.1001 25.6534 11.73 23.5926 11.467 8.41345 10.0985 9.44794 8.23043 14.0785 7.95066 13.0725 13.0028 9.69458 6.57178 6.36753 6.18992 17.062 72.2897 12.3647 37.9891 17.5838 10.8837 6.1276 5.2237 5.21953 4.74984 4.70722 1.91762
threshold=1024.4500122070315 -0.98295000195503224 336.50000000000006 1024.2500000000002 252.50000000000003 21.050000190734867 1.4049999713897707 1025.6499633789065 83.500000000000014 24.550000190734867 1018.8500061035157 64.500000000000014 5.0499999523162851 -1.455000042915344 0.81174999475479137 7.4500000476837167 91.500000000000014 74.500000000000014 -0.98295000195503224 45.500000000000007 37.500000000000007 401.50000000000006 -1.0000000180025095e-35 1020.8500061035157 187.50000000000003 76.500000000000014 1025.2500000000002 6.6499998569488534 52.500000000000007 -1.0000000180025095e-35
decision_type=2 2 2 2 2 2 2 2 2 2 2 2 2 2 2 2 2 2 2 2 2 2 2 2 2 2 2 2 2 2
left_child=3 2 5 9 16 -2 11 8 29 17 -11 12 13 -3 27 -9 -5 20 19 -19 21 -1 -22 -20 -18 -7 -14 -13 -10 -8
right_child=1 6 -4 4 -6 25 7 15 28 10 -12 14 26 -15 -16 -17 24 18 23 -21 22 -23 -24 -25 -26 -27 -28 -29 -30 -31
leaf_value=-0.0096811311282662647 -0.045653477204697479 -0.068850123137235639 -0.074397692343463079 -0.0094182822986372886 0.084633886069059375 -0.0076043651384465824 -3.5171569990260265e-05 0.01649156548082828 0.0013956942341544411 0.011787606679934485 0.060512927086914296 -0.001052611716236864 -0.0099976476886592062 -0.014571229108425716 0.050672498345375065 0.072496324367821219 0.053289446437900706 -0.093250218664224338 -0.0017479909526730147 0.0021563187274815784 0.00087681382091761453 -0.087463551847373741 0.011787606679934485 0.0029425581445224024 0.0041579748193422954 0.03661547875539823 -0.001052611716236864 0.0130445624596741 0.032301973275441147 -0.023505800719494405
leaf_weight=37 13.999999999999998 11.999999999999998 23 28 11.999999999999998 17.000000000000004 13.999999999999998 11.000000000000002 22 20 17 118 110 137 10.999999999999998 9.9999999999999982 11.000000000000002 26 4783 84 2414 17 347 1668 14.999999999999998 10.999999999999998 145 71 28 23
leaf_count=37 14 12 22 28 12 11 14 11 22 13 12 118 110 137 11 10 11 26 4713 81 2354 17 346 1622 15 11 138 71 28 23
internal_value=-6.15672e-05 -0.00341763 -0.0319508 0.000213531 0.0212189 -0.00870601 -0.000812777 0.0120408 0.00452913 6.62504e-05 0.0236018 -0.0031111 -0.00714734 -0.0189427 0.00504212 0.0431605 0.0071267 -2.66268e-05 -0.000868134 -0.0203943 0.0019347 -0.0217604 0.00239813 -0.000535181 0.0249444 0.00976772 -0.00105261 0.00238638 0.0187032 -0.014625
internal_weight=10256 777 65 9479 66 42 712 108 87 9413 37 604 404 149 200 21 54 9376 6561 110 2815 54 2761 6451 26 28 255 189 50 37
internal_count=10050 763 58 9287 66 36 705 108 87 9221 25 597 397 149 200 21 54 9196 6442 107 2754 54 2700 6335 26 22 248 189 50 37
is_linear=0
shrinkage=0.05


Tree=160
num_leaves=25
num_cat=0
split_feature=4 26 10 23 5 3 10 8 10 7 2 7 5 25 6 7 22 9 17 2 6 7 8 5
split_gain=3.85273 3.74521 3.31623 8.54568 6.68321 3.68894 25.6127 13.245 7.79858 82.4677 7.56988 3.55802 3.07689 3.05634 1.87958 1.1726 1.09915 0.652464 0.528977 0.464173 0.205434 0.09113 0.0743003 0.0615035
threshold=-4.8250000476837149 5.1499998569488534 0.98295000195503246 76.500000000000014 -4.3849999904632559 352.50000000000006 -0.98295000195503224 386.50000000000006 -0.98295000195503224 1015.5499877929689 3.3199999332427983 1016.2500000000001 3.554999947547913 12.550000190734865 407.50000000000006 1018.6499938964845 5.5499999523162851 0.78654998540878307 0.1134999990463257 5.5950000286102304 947.50000000000011 1016.5499877929689 629.50000000000011 -4.3849999904632559
decision_type=2 2 2 2 2 2 2 2 2 2 2 2 2 2 2 2 2 2 2 2 2 2 2 2
left_child=14 15 5 4 11 8 7 -7 9 -3 -10 -4 -6 -8 -1 17 -16 19 20 -2 -17 -21 -22 -19
right_child=1 2 3 -5 12 6 13 -9 10 -11 -12 -13 -14 -15 16 18 -18 23 -20 21 22 -23 -24 -25
leaf_value=0.028292093984782697 -0.0041088134980207204 0.08640475489485723 0.015469286970070157 0.035047387438161035 -0.0041088134980207204 -0.0022101813927292826 4.0150586951040343e-05 0.060249318458653736 0.0014606744727404073 -0.0041088134980207204 -0.0014969452336240489 -0.0041088134980207204 0.015469286970070157 0.015307403344527952 -0.0011586854672607251 -0.012590905576944348 0.01747869174513552 -0.010343270376324652 -0.0064732555013436548 -0.0076376103292408355 -0.024133785068988792 -0.013632803310950597 -0.01817882850766182 -0.015339350768110969
leaf_weight=15.999999999999998 59 26 28 13.999999999999998 321 11.999999999999998 517 29 4798 359 3940 13.999999999999998 32 35 17.000000000000004 10.000000000000002 9.9999999999999982 14.000000000000002 12.999999999999998 10.000000000000002 11.000000000000002 14.999999999999998 9.9999999999999982 10.999999999999998
leaf_count=16 59 26 28 14 315 10 517 29 4614 342 3931 14 32 34 17 10 10 14 13 10 11 15 10 11
internal_value=-0.000222814 -0.000285299 -0.00016797 -0.00410881 -0.00410881 1.88114e-05 0.00384018 0.0419685 -0.000229579 -0.00410881 0.000127072 0.0154693 -0.00410881 0.00100818 0.0147125 -0.00804966 0.00666529 -0.00526859 -0.0149391 -0.00410881 -0.0184893 -0.0111664 -0.0212981 -0.0125415
internal_weight=10321 10278 10125 409 395 9716 593 41 9123 385 8738 42 353 552 43 153 27 109 44 84 31 25 21 25
internal_count=10102 10059 9906 403 389 9503 590 39 8913 368 8545 42 347 551 43 153 27 109 44 84 31 25 21 25
is_linear=0
shrinkage=0.05


Tree=161
num_leaves=16
num_cat=0
split_feature=28 4 1 7 14 0 1 5 6 18 17 6 18 0 24
split_gain=3.67973 3.56146 5.0987 4.55554 9.64494 5.31496 6.2634 10.4614 10.1046 4.84688 3.22096 2.62426 1.90668 0.601314 0.0763704
threshold=141.00000000000003 -4.6249999999999991 70.500000000000014 1011.8500061035157 48.000000000000007 30.150000572204593 54.500000000000007 2.6049998998641972 1357.5000000000002 2.1499999761581425 0.11250000074505807 302.50000000000006 3.1499999761581425 29.849999427795414 279.58500671386724
decision_type=2 2 2 2 2 2 2 2 2 2 2 2 2 2 2
left_child=1 2 -1 4 10 6 7 -5 -8 -6 13 -11 -7 -3 -2
right_child=14 3 -4 5 9 12 8 -9 -10 11 -12 -13 -14 -15 -16
leaf_value=-0.016944900637163834 0.024276868700981131 -0.0038700079389704569 0.010453343253942222 -0.0035427717290516755 -0.046315565011040734 0.0050672921086233041 5.8149685169619217e-05 -0.029118304657326507 -0.029501745856270706 -0.0038700079389704569 0.010453343253942222 -0.015936030365992337 0.010453343253942222 0.0036143523684637694 0.018097451105713844
leaf_weight=17 10.000000000000002 25 66 438 10.999999999999998 62 9354 44 29 38 35 112 45 25 9.9999999999999982
leaf_count=17 10 25 66 438 11 62 9135 44 29 38 35 112 45 25 10
internal_value=-0.000238873 -0.000280473 0.010035 -0.000364265 -0.00708599 -0.000198446 -0.000318759 -0.00587747 -3.3211e-05 -0.0142796 0.00653961 -0.0119303 0.0104533 -0.00322464 0.0211872
internal_weight=10321 10301 83 10218 246 9972 9865 482 9383 161 85 150 107 50 20
internal_count=10102 10082 83 9999 246 9753 9646 482 9164 161 85 150 107 50 20
is_linear=0
shrinkage=0.05


Tree=162
num_leaves=29
num_cat=0
split_feature=26 10 23 5 4 27 4 3 5 1 3 12 12 6 5 7 3 18 5 5 5 28 26 10 9 5 4 6
split_gain=3.38263 3.36217 7.63373 6.05924 3.38813 20.4183 38.4277 7.40962 4.34961 14.1551 20.1072 14.8854 6.30636 25.6695 14.5944 3.26624 3.07501 5.48075 2.33032 4.11372 1.61671 1.11206 0.621496 0.432049 0.24331 0.0488218 0.0122214 0.007386
threshold=5.1499998569488534 0.98295000195503246 76.500000000000014 -4.3849999904632559 1.7549999952316286 12.949999809265138 2.5649999380111699 211.50000000000003 -0.095000002533197389 90.500000000000014 240.50000000000003 0.81174999475479137 -0.56175000965595234 667.50000000000011 -4.1849999427795401 1016.2500000000001 220.50000000000003 6.8500001430511483 3.554999947547913 5.3550000190734872 3.185000061988831 72.500000000000014 3.7500000000000004 -0.98295000195503224 0.78654998540878307 -4.3849999904632559 -1.3849999904632566 1007.5000000000001
decision_type=2 2 2 2 2 2 2 2 2 2 2 2 2 2 2 2 2 2 2 2 2 2 2 2 2 2 2 2
left_child=21 4 3 15 8 16 20 -8 12 10 -10 -11 13 -2 -14 -3 -6 -18 -5 -20 -7 22 27 -24 26 -26 -25 -1
right_child=1 2 -4 18 5 6 7 -9 9 11 -12 -13 14 -15 -16 -17 17 -19 19 -21 -22 -23 23 24 25 -27 -28 -29
leaf_value=-0.017176122665405268 0.005601124020030622 0.01471834084378796 0.033292110956140923 -0.0038554292685650097 -0.0038554292685650097 0.0083137126646364197 0.052025132050568391 0.11149284124374391 0.0027385560594317248 -0.0038554292685650097 0.021814226491639277 0.015065579485291473 0.0055178597497390321 -0.0038554292685650097 -0.0026826011378748714 -0.0038554292685650097 -0.0038554292685650097 0.0083137126646364197 0.01471834084378796 -0.0038554292685650097 0.032746255335708456 -0.0038554292685650097 -0.013342674446821965 -0.010026935720816255 -0.0098290144865001931 -0.013342674446821965 -0.0069452017237498194 -0.019097840487957003
leaf_weight=10.000000000000002 1457 28 13.999999999999998 321 498 54 11.000000000000002 9.9999999999999982 1896 618 149 104 638 483 3627 13.999999999999998 110 92 21 10.999999999999998 11.999999999999998 24 11.999999999999998 15.999999999999998 14.000000000000002 10.999999999999998 56 9.9999999999999982
leaf_count=10 1437 28 14 315 498 54 11 10 1811 618 135 87 638 480 3560 14 105 90 21 11 12 24 12 16 14 11 56 10
internal_value=-0.000221354 -0.000110318 -0.00385543 -0.00385543 7.83957e-05 -0.00306721 0.0204829 0.0803431 0.00035432 0.00200293 0.00412842 -0.00385543 -0.000380844 0.00198261 -0.0014559 0.0147183 -0.00385543 0.00348678 -0.00385543 0.0147183 0.00831371 -0.00760054 -0.010035 -0.00854837 -0.00726285 -0.0119174 -0.0069452 -0.018137
internal_weight=10321 10168 409 395 9759 787 87 21 8972 2767 2045 722 6205 1940 4265 42 700 202 353 32 66 153 129 109 97 25 72 20
internal_count=10102 9949 403 389 9546 780 87 21 8766 2651 1946 705 6115 1917 4198 42 693 195 347 32 66 153 129 109 97 25 72 20
is_linear=0
shrinkage=0.05


Tree=163
num_leaves=27
num_cat=0
split_feature=4 1 7 14 8 28 8 0 1 7 19 0 8 18 23 8 3 27 23 3 6 7 7 28 0 19
split_gain=3.29661 5.71509 3.97225 8.64387 5.61048 5.40595 5.26253 5.50176 6.56859 4.90413 4.42011 3.62035 3.5647 3.02567 2.81382 2.40211 1.99696 1.53708 1.22297 1.22167 1.12498 0.624052 0.608697 0.530408 0.255181 0.3289
threshold=-4.6249999999999991 70.500000000000014 1011.8500061035157 48.000000000000007 672.50000000000011 123.00000000000001 847.50000000000011 29.050000190734867 57.500000000000007 1010.6499938964845 0.56900000572204601 30.150000572204593 371.50000000000006 3.1499999761581425 88.500000000000014 7.5000000000000009 148.50000000000003 2.8500000238418584 112.50000000000001 60.500000000000007 402.50000000000006 1010.5499877929689 1009.6499938964845 87.500000000000014 31.750000000000004 0.57800000905990612
decision_type=2 2 2 2 2 2 2 2 2 2 2 2 2 2 2 2 2 2 2 2 2 2 2 2 2 2
left_child=1 -1 3 10 14 6 7 8 -4 -6 21 -8 -3 -9 15 -5 18 20 -7 -11 -14 -2 -16 -22 25 -12
right_child=2 12 5 4 9 16 11 13 -10 19 24 -13 17 -15 22 -17 -18 -19 -20 -21 23 -23 -24 -25 -26 -27
leaf_value=-0.016182800601510443 0.0074039598640341028 -0.011170425191521645 -0.0056101083603312925 -0.0096152165657443986 -0.057433006043235459 0.0082371879332112062 -0.047156700342893584 0.0034781503411415206 -6.8335879287262659e-05 -0.029358998239040365 0.01073673299767754 -0.0046105318423360587 0.02516743555199355 0.0082371879332112062 -0.0096152165657443986 -0.025794070311398673 0.036560564339160918 0.034335805848240857 0.02446245883519833 -0.0046439410187304022 0.0047497306019067759 -0.0035683638251679732 -0.0035683638251679732 0.017742320534972742 0.026664539426565173 0.021939248517155646
leaf_weight=17 12.999999999999998 9.9999999999999982 568 39 11.999999999999998 24 10.000000000000002 136 9122 10.000000000000002 11.000000000000002 9.9999999999999982 11.999999999999998 99 20 33 9.9999999999999982 15.999999999999998 12.999999999999998 9.9999999999999982 17.000000000000004 37 37 10.999999999999998 9.9999999999999982 13.999999999999998
leaf_count=17 13 10 568 39 12 24 10 136 8903 10 11 10 12 99 20 33 10 16 13 10 17 37 37 11 10 14
internal_value=-0.000255606 0.00966896 -0.000336065 -0.00661288 -0.013423 -0.000181531 -0.000261483 -0.000209851 -0.000393179 -0.0321633 0.00628624 -0.0258836 0.0163277 0.00734948 -0.00877421 -0.0156621 0.0167359 0.0212381 0.0113778 -0.0170015 0.0159991 -0.00325327 -0.00356836 0.0103172 0.0199141 0.017214
internal_weight=10321 83 10238 246 161 9992 9945 9925 9690 32 85 20 66 235 129 72 47 56 37 20 40 50 57 28 35 25
internal_count=10102 83 10019 246 161 9773 9726 9706 9471 32 85 20 66 235 129 72 47 56 37 20 40 50 57 28 35 25
is_linear=0
shrinkage=0.05


Tree=164
num_leaves=30
num_cat=0
split_feature=10 23 5 11 1 12 26 1 3 0 28 12 18 18 11 6 10 3 10 5 5 27 3 29 11 3 3 3 25
split_gain=3.227 13.947 29.2932 21.7845 12.0617 15.1547 10.4577 6.5547 6.50892 4.31311 3.3757 5.09851 4.37586 4.1613 3.56847 3.27495 14.1095 7.62415 7.35343 9.76583 6.0944 5.48156 2.05108 1.22739 1.32606 1.20977 0.113151 0.0116308 0.0111187
threshold=0.98295000195503246 32.500000000000007 3.554999947547913 -1.0000000180025095e-35 90.500000000000014 -0.56175000965595234 17.94999980926514 92.500000000000014 30.500000000000004 21.94999980926514 13.500000000000002 1.0000000180025095e-35 24.550000190734867 8.3499999046325701 -0.60784998536109913 372.50000000000006 -0.6035499870777129 173.50000000000003 -0.78654998540878285 -2.4550000429153438 -3.814999938011169 6.2500000000000009 308.50000000000006 11.949999809265138 0.60784998536109935 273.50000000000006 314.50000000000006 354.50000000000006 7.6499998569488534
decision_type=2 2 2 2 2 2 2 2 2 2 2 2 2 2 2 2 2 2 2 2 2 2 2 2 2 2 2 2 2
left_child=10 3 4 -2 5 9 22 -5 -7 -3 11 -1 15 -13 27 16 21 -18 19 -17 -20 -12 -6 24 -15 -8 -25 28 -14
right_child=1 2 -4 7 6 8 25 -9 -10 -11 12 13 14 23 -16 18 17 -19 20 -21 -22 -23 -24 26 -26 -27 -28 -29 -30
leaf_value=-0.0036379752691472929 -0.082129470152514317 0.0037653853786177938 0.067491451998551694 -0.014206427813347151 -0.013919834472129447 -0.00096038674525115444 0.052095512014168947 -0.048104400237401333 -0.014206427813347151 0.03033194819634611 9.2267328038901126e-05 -0.042226381829151741 0.020685494352470739 -0.011140767420442482 0.0052600237817390181 9.2267328038901126e-05 0.0044970658776896334 9.2267328038901126e-05 -0.0036379752691472929 -0.0036379752691472929 9.2267328038901126e-05 0.0052600237817390181 0.014617823166772723 -0.0036379752691472929 -0.02706205525852011 0.030079997827609381 -0.0072741117891447563 0.023550834199961495 0.022933589599349283
leaf_weight=57 13.999999999999998 50 14.999999999999998 28 17.000000000000004 93 13.000000000000002 14.999999999999998 120 22 70 12.999999999999998 11.000000000000002 32 59 653 1078 2060 918 830 3162 886 9.9999999999999982 9.9999999999999982 17 11.999999999999998 28 17 10.999999999999998
leaf_count=57 14 49 15 28 17 93 13 15 120 22 64 13 11 32 59 645 1046 2021 918 806 3116 828 10 10 17 7 28 17 11
internal_value=-0.000239421 -0.00459181 -0.000876325 -0.0275365 -0.0039194 -0.00795993 0.0182258 -0.0142064 -0.0142064 0.0118829 -5.98276e-05 -0.00733318 5.72321e-05 -0.0158405 0.0105695 -4.94472e-05 0.00102388 9.22673e-05 -0.000839344 -0.00363798 9.22673e-05 0.00526002 -0.00335033 -0.0118977 -0.0171276 0.0415281 -0.00515389 0.0225686 0.0218095
internal_weight=10321 409 352 57 337 285 52 43 213 72 9912 157 9755 100 98 9657 4094 3138 5563 1483 4080 956 27 87 49 25 38 39 22
internal_count=10102 403 346 57 331 284 47 43 213 71 9699 157 9542 100 98 9444 3959 3067 5485 1451 4034 892 27 87 49 20 38 39 22
is_linear=0
shrinkage=0.05


Tree=165
num_leaves=27
num_cat=0
split_feature=8 5 5 1 12 17 5 5 23 17 11 1 8 3 8 7 9 1 28 22 7 10 4 3 1 8
split_gain=4.6924 13.3253 16.354 18.2815 26.038 18.5426 12.28 10.5596 14.1286 8.80359 8.76392 8.34542 7.44908 30.9269 27.9175 25.3774 31.1017 21.6249 18.4496 11.875 10.1258 12.1253 7.39795 3.98695 3.32011 2.1355
threshold=591.50000000000011 3.6450001001358037 2.6950000524520878 69.500000000000014 0.81174999475479137 0.13749999552965167 -2.3449999094009395 -1.5549999475479124 84.500000000000014 0.091499999165534987 0.87834998965263378 53.500000000000007 386.50000000000006 351.50000000000006 382.50000000000006 1015.1499938964845 -1.0000000180025095e-35 70.500000000000014 37.500000000000007 8.2500000000000018 1015.9500122070314 0.60354998707771312 -4.4349999427795401 177.50000000000003 69.500000000000014 637.50000000000011
decision_type=2 2 2 2 2 2 2 2 2 2 2 2 2 2 2 2 2 2 2 2 2 2 2 2 2 2
left_child=9 2 3 4 5 -2 -6 10 -9 -1 -5 -3 14 15 20 16 -14 19 -17 -15 21 -11 -22 -13 25 -25
right_child=1 11 -4 7 6 -7 -8 8 -10 12 -12 23 13 17 -16 18 -18 -19 -20 -21 22 -23 -24 24 -26 -27
leaf_value=-0.034842551872134211 -0.0043307071708630776 -0.050679099716638268 0.054077730155908145 0.0037344057268152635 0.0016427633051267444 0.031872599773310327 0.039610335348468084 -0.058271972369402653 -0.0091598050185927645 -0.00019059423491715372 -0.042545443773269659 0.0069064259943034919 0.011847250947454244 -0.0043666656080045196 -0.017341530825513898 -0.017341530825513898 0.076519913118820462 0.09335745334625245 0.00070230131170117411 0.059166335562864936 -0.017341530825513898 -0.0092874058853004947 0.00090288257730971764 -0.0036466303009850287 -0.044742739200592047 -0.024329580069304663
leaf_weight=18 802 19 12.999999999999998 48 34 37 57 32 27 948 12.999999999999998 18 162 19.000000000000004 50 35 21 14.999999999999998 900 11.999999999999998 8.9999999999999982 597 6316 24 10.999999999999998 26
leaf_count=18 790 19 13 48 34 37 57 32 27 948 13 18 162 18 49 35 21 15 867 12 9 597 6149 24 11 26
internal_value=-0.000291566 -0.00328509 -0.00165865 -0.00234872 2.11851e-05 -0.00273414 0.0254246 -0.0207155 -0.0357969 9.02706e-05 -0.00612851 -0.020927 0.00015949 0.0038943 -0.000389414 0.00224113 0.0192687 0.0440737 -0.00109155 0.0202268 -7.68751e-05 -0.00370567 0.000809527 -0.0137714 -0.0198731 -0.0144018
internal_weight=10263 1161 1063 1050 930 839 91 120 59 9102 61 98 9084 1164 7920 1118 183 46 935 31 7870 1545 6325 79 61 50
internal_count=10049 1149 1051 1038 918 827 91 120 59 8900 61 98 8882 1130 7752 1085 183 45 902 30 7703 1545 6158 79 61 50
is_linear=0
shrinkage=0.05


Tree=166
num_leaves=31
num_cat=0
split_feature=10 12 7 26 3 7 12 7 7 7 11 8 1 12 17 7 10 7 0 7 7 7 12 17 1 1 28 1 8 2
split_gain=4.2614 12.4136 16.0195 14.4463 11.0867 13.8497 10.4158 16.0305 14.0513 10.1877 8.04837 4.85709 10.7038 25.2078 17.9018 14.2449 13.9821 15.7512 13.2728 10.6947 6.96052 13.1112 6.1953 19.3312 14.567 14.1809 20.7759 18.0015 17.4145 15.094
threshold=0.98295000195503246 0.81174999475479137 1016.8500061035157 21.399999618530277 284.50000000000006 1016.9500122070314 1.0000000180025095e-35 1014.3500061035157 1023.7500000000001 1020.0499877929689 1.0000000180025095e-35 591.50000000000011 69.500000000000014 0.81174999475479137 0.13749999552965167 1018.8500061035157 -0.91595000028610218 1011.1499938964845 27.750000000000004 1017.1499938964845 1019.4500122070314 1020.8500061035157 1.0000000180025095e-35 0.092500001192092909 97.500000000000014 79.500000000000014 37.500000000000007 63.500000000000007 336.50000000000006 5.3750000000000009
decision_type=2 2 2 2 2 2 2 2 2 2 2 2 2 2 2 2 2 2 2 2 2 2 2 2 2 2 2 2 2 2
left_child=11 3 -3 4 6 -6 7 -2 -8 -4 -7 22 13 14 18 16 -14 -18 -13 -16 -15 -22 25 -24 -25 26 28 -28 -1 -27
right_child=1 2 9 -5 5 10 8 -9 -10 -11 -12 12 15 20 19 -17 17 -19 -20 -21 21 -23 23 24 -26 29 27 -29 -30 -31
leaf_value=-0.0058337092303725729 -0.058834655468280497 0.02217594826450715 -0.0853450295329094 0.044663557782769203 -0.058772255107760435 0.020354216461676684 0.020354216461676684 -0.0012278849562041133 -0.019248946788518326 -0.028120639803154129 -0.019475020104127522 -0.010863893417345368 -0.051191644313243724 0.0077763078524731109 0.012528869836639134 -0.035004163507757514 -0.053666101023554805 0.013605922468896234 0.0014385062064774289 0.069093145926793428 0.056355206812581708 0.0058848563243042336 -0.099452855587005617 -0.0005699675475053645 -0.020300334126780704 0.00011172826211304002 -0.002363121555804812 0.0096412505681328642 -0.054256602444432006 -0.018997071827892391
leaf_weight=119 12.999999999999998 12.999999999999998 9.9999999999999982 15.999999999999998 18 15.999999999999998 52 170 23 35 47 478 12.999999999999998 40 25 58 9.9999999999999982 67 405 11.999999999999998 31 22 4.9999999999999991 3664 96 3023 418 1235 22 107
leaf_count=108 13 13 10 10 18 16 52 170 23 35 47 466 13 40 25 58 10 67 405 12 31 22 5 3503 95 3020 416 1218 21 107
internal_value=-0.000292013 -0.00526769 -0.0267135 -0.00176386 -0.00395512 -0.0200927 0.00111132 -0.00532017 0.0168042 -0.0408372 -0.00904138 -8.33886e-05 -0.00312084 -0.00128578 -0.0037935 -0.0156811 -0.0032284 0.0048693 -0.00522123 0.030279 0.0235218 0.0354053 0.000322467 -0.00120437 -0.00107372 0.00148992 0.00503417 0.00660566 -0.0133891 -0.000541512
internal_weight=10263 413 58 355 339 81 258 183 75 45 63 9850 1161 1013 920 148 90 77 883 37 93 53 8689 3765 3760 4924 1794 1653 141 3130
internal_count=10049 407 58 349 339 81 258 183 75 45 63 9642 1149 1001 908 148 90 77 871 37 93 53 8493 3603 3598 4890 1763 1634 129 3127
is_linear=0
shrinkage=0.05


Tree=167
num_leaves=31
num_cat=0
split_feature=11 4 3 8 1 3 21 7 5 18 9 7 28 17 0 23 9 7 23 1 8 0 5 25 10 29 0 17 3 4
split_gain=4.10282 14.8623 12.3687 26.2967 11.5885 16.9515 11.3639 8.7862 8.77857 5.98787 6.70124 7.27188 6.7371 6.61262 4.92696 4.87467 6.0051 15.5807 13.2408 5.61366 5.66295 4.77551 4.09367 3.73796 3.19991 2.429 1.45178 0.695243 0.0103169 0.0180938
threshold=0.87834998965263378 2.8499999046325688 58.500000000000007 645.50000000000011 89.500000000000014 7.5000000000000009 16.349999427795414 1014.3500061035157 -0.98500001430511464 24.550000190734867 0.98295000195503246 1018.7500000000001 42.500000000000007 0.11150000244379045 23.750000000000004 21.500000000000004 1.0000000180025095e-35 1014.9500122070314 69.500000000000014 80.500000000000014 84.500000000000014 18.550000190734867 1.9950000047683718 12.250000000000002 0.60354998707771312 9.1500000953674334 21.050000190734867 0.11250000074505807 354.50000000000006 -0.085000000894069658
decision_type=2 2 2 2 2 2 2 2 2 2 2 2 2 2 2 2 2 2 2 2 2 2 2 2 2 2 2 2 2 2
left_child=9 2 4 6 7 24 14 -2 -9 10 15 21 25 -14 -4 19 17 -17 -18 -1 -21 -12 -8 -23 -6 -13 -11 -7 29 -28
right_child=1 -3 3 -5 5 27 22 8 -10 26 11 12 13 -15 -16 16 18 -19 -20 20 -22 23 -24 -25 -26 -27 28 -29 -30 -31
leaf_value=-0.036794854061944146 -0.04481308919067184 -0.055607174660756514 0.0012720838276947147 0.069746568985283378 0.0042539693415164937 0.023394257517961356 0.010430247583723941 -0.0044749990150513902 -0.049806335602294319 0.0077429303187405958 -0.02589984705671668 -0.039087309298061194 -0.014799532810037461 0.0077429303187405958 0.010430247583723941 0.0040477184277280592 0.00041025694172506063 -0.0028392453722981027 0.0077429303187405958 -0.0037000132576633054 -0.041783513058908289 -0.0022820276024408249 0.027781392952367187 0.0077429303187405958 -0.028300598827708103 -0.019490121954004281 0.022241935382286707 0.037046018875006477 0.022540643811225891 0.019496197874347365
leaf_weight=13.999999999999998 14.999999999999998 10.999999999999998 684 15.999999999999998 13.000000000000002 12.999999999999998 75 367 10.999999999999998 12.999999999999998 14.999999999999998 21 79 45 48 1052 3010 3744 245 409 9.9999999999999982 114 62 23 18 64 11.999999999999998 33 14.999999999999998 12.000000000000002
leaf_count=14 15 11 678 16 13 13 75 367 11 13 15 21 79 32 48 1052 2954 3645 205 409 10 114 62 23 18 64 12 33 15 12
internal_value=-0.000274282 0.00227707 0.00274698 0.00622826 -0.0038082 0.013929 0.00505877 -0.00728344 -0.00579416 -0.000666003 -0.000765461 -0.0074373 -0.0134891 -0.0060567 0.00258518 -0.00048157 -0.000203623 -0.00132859 0.00145394 -0.00564958 -0.00460893 0.000884 0.0182753 0.00381654 -0.0146487 -0.0243318 0.0162513 0.0331879 0.021512 0.0208691
internal_weight=10263 1366 1355 885 470 77 869 393 378 8897 8845 361 209 124 732 8484 8051 4796 3255 433 419 152 137 137 31 85 52 46 39 24
internal_count=10049 1360 1349 879 470 77 863 393 378 8689 8637 348 196 111 726 8289 7856 4697 3159 433 419 152 137 137 31 85 52 46 39 24
is_linear=0
shrinkage=0.05


Tree=168
num_leaves=26
num_cat=0
split_feature=8 5 5 1 12 17 5 5 23 1 11 17 8 3 8 28 1 18 18 11 0 27 3 1 8
split_gain=3.88155 11.3171 14.0013 14.9707 21.4617 15.1026 10.3626 9.26781 11.7773 7.51424 7.36296 7.3529 6.51771 27.5033 25.4227 20.1921 19.4691 18.1024 10.6705 7.8581 13.9647 12.4464 3.465 2.87673 1.91208
threshold=591.50000000000011 3.6450001001358037 2.6950000524520878 69.500000000000014 0.81174999475479137 0.13749999552965167 -2.3449999094009395 -1.5549999475479124 84.500000000000014 53.500000000000007 0.87834998965263378 0.091499999165534987 386.50000000000006 351.50000000000006 382.50000000000006 37.500000000000007 70.500000000000014 9.5500001907348651 8.2500000000000018 -0.60784998536109913 19.650000572204593 11.949999809265138 177.50000000000003 69.500000000000014 637.50000000000011
decision_type=2 2 2 2 2 2 2 2 2 2 2 2 2 2 2 2 2 2 2 2 2 2 2 2 2
left_child=11 2 3 4 5 -2 -6 10 -9 -3 -5 -1 14 15 19 -14 18 -17 -15 20 -13 -21 -11 24 -24
right_child=1 9 -4 7 6 -7 -8 8 -10 22 -12 12 13 16 -16 17 -18 -19 -20 21 -22 -23 23 -25 -26
leaf_value=-0.031825292400187916 -0.0039074314892741432 -0.047459987433333149 0.050100370439199307 0.0039756042455943918 0.0012516756692682119 0.028765549309350349 0.03612946083017609 -0.053379011154174809 -0.0085392955414674895 0.0068384309609731036 -0.038444213225291325 -0.012919054769021511 -0.015831078480712728 -0.004392933139675541 -0.015831078480712728 0.0023080099625251301 0.088309587637583425 0.035413651029730951 0.055831889870266119 -0.00097050813696800066 -0.0010452836079853879 0.0038348047630053263 -0.0028568093664944174 -0.041276297786019073 -0.022427944181701884
leaf_weight=18 802 19 12.999999999999998 48 34 37 57 32 27 18 12.999999999999998 283 35 19.000000000000004 50 1040 14.999999999999998 43 11.999999999999998 3353 1981 2253 24 10.999999999999998 26
leaf_count=18 790 19 13 48 34 37 57 32 27 18 13 279 35 18 49 1007 15 43 12 3348 1904 2172 24 11 26
internal_value=-0.000247407 -0.00297003 -0.00147115 -0.00210965 3.49479e-05 -0.00246655 0.0230982 -0.0187303 -0.0328591 -0.0192283 -0.00506468 9.98755e-05 0.000163135 0.00365667 -0.000350308 0.00209768 0.041547 0.00362245 0.0189199 -4.33415e-05 -0.00252951 0.000960703 -0.0124384 -0.0181267 -0.0130338
internal_weight=10263 1161 1063 1050 930 839 91 120 59 98 61 9102 9084 1164 7920 1118 46 1083 31 7870 2264 5606 79 61 50
internal_count=10049 1149 1051 1038 918 827 91 120 59 98 61 8900 8882 1130 7752 1085 45 1050 30 7703 2183 5520 79 61 50
is_linear=0
shrinkage=0.05


Tree=169
num_leaves=31
num_cat=0
split_feature=10 12 7 23 5 11 11 1 0 5 1 3 28 7 25 27 7 2 8 5 5 1 1 12 19 1 1 5 2 1
split_gain=3.62933 11.2476 14.3149 14.221 23.1679 19.7127 10.2151 9.9506 8.53059 5.78529 4.8337 4.26351 10.3462 9.25039 9.33443 9.59235 7.20332 11.4506 5.21982 9.31306 13.018 12.346 6.7816 6.58972 16.6795 13.7298 9.71168 19.1879 15.0273 3.50796
threshold=0.98295000195503246 0.81174999475479137 1016.8500061035157 32.500000000000007 3.6450001001358037 1.0000000180025095e-35 -0.87834998965263356 86.500000000000014 21.94999980926514 -1.9350000023841856 92.500000000000014 4.5000000000000009 42.500000000000007 1016.3500061035157 8.0500001907348651 11.949999809265138 1021.5499877929689 1.735000014305115 591.50000000000011 3.6450001001358037 2.6950000524520878 69.500000000000014 53.500000000000007 1.0000000180025095e-35 0.53900000452995311 96.500000000000014 80.500000000000014 4.7950000762939462 5.4849998950958261 92.500000000000014
decision_type=2 2 2 2 2 2 2 2 2 2 2 2 2 2 2 2 2 2 2 2 2 2 2 2 2 2 2 2 2 2
left_child=11 3 -3 5 6 -2 -5 9 -8 -4 -7 12 16 -14 -15 -16 29 -18 23 20 21 -20 -21 26 -25 -26 27 -13 -28 -1
right_child=1 2 7 4 -6 10 8 -9 -10 -11 -12 18 13 14 15 -17 17 -19 19 22 -22 -23 -24 24 25 -27 28 -29 -30 -31
leaf_value=0.0026439530510683294 -0.077730876207351696 0.02096132733500921 -0.083930381201207674 -0.012542622851318165 0.07361654910174284 -0.012542622851318165 -0.0015313495320836356 0.0027314562350511554 0.019104123886832053 -0.038664971527517383 -0.049554001986980442 0.0029357114210255934 0.0047285208831714717 0.0047285208831714717 0.02313142724514726 0.069322426044023958 0.0047285208831714717 -0.065807109935717145 -0.00067369138750892005 -0.045086988963578878 0.047595353309924787 -0.017793777943588794 -0.011816526612243321 -0.092746987342834486 -0.00064602834294762396 -0.014779079773396417 9.4598385028470307e-05 0.025443184159696104 -0.022312954868274656 -0.012052356923113065
leaf_weight=237 13.999999999999998 12.999999999999998 9.9999999999999947 57 10.999999999999998 22 170 10.999999999999998 71 24.000000000000004 9.9999999999999982 1784 118 46 83 12.999999999999998 12.000000000000002 10.999999999999998 860 19 12.999999999999998 120 79 4.9999999999999991 3397 181 2646 100 77 49
leaf_count=234 14 13 10 57 11 22 164 11 71 24 10 1756 118 46 83 13 12 11 848 19 13 120 79 5 3239 177 2643 100 77 49
internal_value=-0.000248023 -0.00483989 -0.0252538 -0.00150466 0.00235653 -0.0274418 -0.000273874 -0.0386048 0.00454798 -0.0519783 -0.0125426 -5.54912e-05 0.00414574 0.0114959 0.0204356 0.0293865 -0.00203885 -0.0289589 -0.000313061 -0.00356191 -0.00211066 -0.00277003 -0.0182669 0.000119723 -0.0014885 -0.00136098 0.00137049 0.00413038 -0.000539034 0.000126054
internal_weight=10263 413 58 355 309 46 298 45 241 34 32 9850 569 260 142 96 309 23 9281 1091 993 980 98 8190 3583 3578 4607 1884 2723 286
internal_count=10049 407 58 349 303 46 292 45 235 34 32 9642 566 260 142 96 306 23 9076 1079 981 968 98 7997 3421 3416 4576 1856 2720 283
is_linear=0
shrinkage=0.05


Tree=170
num_leaves=31
num_cat=0
split_feature=4 11 1 1 7 11 7 7 7 2 2 24 29 3 1 4 10 5 0 18 7 0 11 18 10 11 5 12 10 7
split_gain=4.00529 12.6263 14.5756 11.1258 11.8109 26.3099 22.2956 18.0542 17.8474 10.9576 10.3739 7.29561 7.04983 8.89993 6.59444 6.2754 30.1767 19.3819 20.2179 10.784 8.63194 7.62523 7.44663 9.55042 7.41333 5.85178 5.84581 11.6091 11.0712 7.85928
threshold=-2.564999938011169 0.60784998536109935 81.500000000000014 89.500000000000014 1020.3500061035157 -0.87834998965263356 1019.8500061035157 1013.2500000000001 1022.6499938964845 3.5699999332427983 4.5950000286102304 364.58500671386724 11.550000190734865 60.500000000000007 68.500000000000014 -1.1850000023841856 -0.91595000028610218 -2.8950001001358028 22.150000572204593 5.7500000000000009 1023.9500122070314 29.44999980926514 1.0000000180025095e-35 9.5500001907348651 -1.0000000180025095e-35 -1.0000000180025095e-35 -4.3849999904632559 -0.56175000965595234 -0.98295000195503224 1015.5499877929689
decision_type=2 2 2 2 2 2 2 2 2 2 2 2 2 2 2 2 2 2 2 2 2 2 2 2 2 2 2 2 2 2
left_child=1 3 12 4 5 7 -7 -1 10 -5 -6 -10 13 14 -3 16 19 18 -18 20 25 -20 23 -19 -24 -2 27 -17 -29 -28
right_child=15 2 -4 9 8 6 -8 -9 11 -11 -12 -13 -14 -15 -16 26 17 22 21 -21 -22 -23 24 -25 -26 -27 29 28 -30 -31
leaf_value=-0.0096479550960843694 -0.089433262898371751 -0.020438346853513985 0.016835606779511039 0.0056746220961213113 0.035078186347548453 0.009931882804446665 -0.0264347192912322 -0.061319150030612946 0.038895591774157121 -0.046664673238992697 -0.010741863612617766 0.0011862264872297304 0.028153087876059791 -0.039322594659669058 -0.0028066478240310303 -0.0039158124687415164 -0.079432995319366456 -0.0015417456664946132 -0.010529919989411864 -0.015349013205721147 -0.030646983768221822 0.0061675980260752772 0.020078407323493041 0.023087570976552577 0.0015744826695881784 -0.043600518405437473 -0.0049073608735183058 0.0412650232274945 0.0075623397733842164 0.00024291182723881188
leaf_weight=73 13.000000000000002 85 57 20 105 503 46 22 13.999999999999998 20 13.999999999999998 153 10.999999999999998 28 141 253 9.9999999999999982 465 388 72 20 83 118 43 100 14.999999999999998 842 26 388 6159
leaf_count=73 13 85 57 20 105 474 46 22 14 20 14 153 11 28 141 253 10 445 388 72 20 83 112 43 100 15 842 26 388 6002
internal_value=-0.000125861 0.00247736 -0.0061016 0.00532523 0.00643578 0.00268077 0.00688477 -0.0216139 0.0148911 -0.020495 0.0296876 0.00434749 -0.0110353 -0.0127324 -0.00943804 -0.000499776 -0.00367442 -0.001297 -0.00908114 -0.0275874 -0.045945 -0.00758747 0.00386027 0.000543019 0.0115904 -0.06488 4.96184e-05 0.00452231 0.00967893 -0.000376504
internal_weight=10287 1292 322 970 930 644 549 95 286 40 119 167 265 254 226 8995 1327 1207 481 120 48 471 726 508 218 28 7668 667 414 7001
internal_count=10075 1263 322 941 901 615 520 95 286 40 119 167 265 254 226 8812 1301 1181 481 120 48 471 700 488 212 28 7511 667 414 6844
is_linear=0
shrinkage=0.05


Tree=171
num_leaves=31
num_cat=0
split_feature=0 9 28 18 7 17 4 0 25 7 10 10 4 21 4 6 23 5 16 6 7 16 29 10 5 14 4 11 11 29
split_gain=3.69094 7.30562 8.92003 6.31795 5.70699 9.69813 3.56701 3.22582 5.02541 3.80002 20.3076 12.2227 10.8408 5.59184 3.3405 2.58167 2.48277 1.66838 1.55528 1.3395 1.2164 1.00216 0.934847 0.81182 0.749176 0.40887 0.159565 0.0830972 0.0887969 0.0704163
threshold=18.44999980926514 0.91595000028610241 42.500000000000007 8.1500000953674334 1018.8500061035157 0.11749999970197679 2.245000004768372 29.849999427795414 10.84999990463257 1019.5499877929689 -0.78654998540878285 -0.37939999997615809 -1.0549999475479124 8.2500000000000018 2.5649999380111699 342.50000000000006 96.500000000000014 3.8149999380111699 0.27699999511241918 567.50000000000011 1022.7500000000001 0.27699999511241918 1.7500000000000002 -1.0000000180025095e-35 -2.5449999570846553 33.000000000000007 3.495000004768372 0.60784998536109935 0.87834998965263378 16.849999427795414
decision_type=2 2 2 2 2 2 2 2 2 2 2 2 2 2 2 2 2 2 2 2 2 2 2 2 2 2 2 2 2 2
left_child=1 6 3 4 5 -3 22 9 19 11 15 12 -2 -12 29 -11 21 -14 -6 -9 -5 -10 -1 -22 -15 26 -8 -21 -29 -13
right_child=7 2 -4 20 18 -7 25 8 16 10 13 14 17 24 -16 -17 -18 -19 -20 27 23 -23 -24 -25 -26 -27 -28 28 -30 -31
leaf_value=-0.027018009809156258 -0.0016730212809736467 -0.077169195963786186 -0.0016730212809736467 -0.0091995214526056444 -0.037121879580346025 -0.018253207349013086 -0.017027809175973137 0.012673367492132524 0.012673367492132524 0.0031123997033102079 -0.0016730212809736467 -0.0016730212809736467 0.0031123997033102079 0.00071968921116828059 0.0031123997033102079 -0.0016730212809736467 0.039210167899727824 -0.0016730212809736467 -0.018253207349013086 0.0031123997033102079 -0.0091995214526056444 0.026151835116056302 -0.0016730212809736467 -0.018253207349013086 0.0031123997033102079 -0.022952163395913026 -0.0086906979029828853 0.0078928835977213653 0.0031123997033102079 0.0031123997033102079
leaf_weight=11.999999999999998 318 13.000000000000002 59 64 10.999999999999998 9.9999999999999982 12 24 15.000000000000002 279 169 3285 1205 330 79 907 13.999999999999998 141 47 125 19 10.999999999999998 448 26 2567 19 11 15 10 42
leaf_count=12 311 13 59 64 11 10 12 24 15 248 169 3262 1192 330 79 872 14 141 47 125 19 11 446 26 2466 19 11 15 10 42
internal_value=-0.000118478 -0.00349335 -0.0108023 -0.016726 -0.0273069 -0.0483826 -0.00167302 0.000147307 0.00621683 7.97263e-06 0.00111031 -0.000916515 0.00281108 0.0031124 -0.00167302 -0.00167302 0.0222343 0.0031124 -0.0189493 0.0031124 -0.00919952 0.0130935 -0.00167302 -0.0174367 0.0031124 -0.0175243 -0.0130405 0.0031124 0.00789288 -0.00167302
internal_weight=10287 751 249 190 81 23 502 9536 214 9322 4252 5070 1664 3066 3406 1186 40 1346 58 174 109 26 460 45 2897 42 23 150 25 3327
internal_count=10075 749 249 190 81 23 500 9326 214 9112 4085 5027 1644 2965 3383 1120 40 1333 58 174 109 26 458 45 2796 42 23 150 25 3304
is_linear=0
shrinkage=0.05


Tree=172
num_leaves=31
num_cat=0
split_feature=4 11 1 1 7 11 7 7 7 2 2 24 29 5 4 4 10 5 0 22 28 4 11 4 0 22 8 5 1 8
split_gain=3.59762 11.2196 13.2716 10.0682 10.4722 23.6617 20.2716 16.2568 16.102 9.87497 9.32913 6.61705 6.18627 9.04471 6.27036 5.69919 26.7771 17.2935 18.271 9.57678 9.14373 7.14326 7.11322 7.51639 6.5646 6.13541 5.33096 5.18503 7.15383 26.5996
threshold=-2.564999938011169 0.60784998536109935 82.500000000000014 89.500000000000014 1020.3500061035157 -0.87834998965263356 1019.8500061035157 1013.2500000000001 1022.6499938964845 3.5699999332427983 4.5950000286102304 364.58500671386724 11.550000190734865 -3.3950001001358028 -2.9850000143051143 -1.1850000023841856 -0.91595000028610218 -2.8950001001358028 22.150000572204593 5.7500000000000009 56.500000000000007 -1.4350000023841856 -0.87834998965263356 -2.3950001001358028 29.44999980926514 9.5500001907348651 333.50000000000006 -4.3849999904632559 60.500000000000007 710.50000000000011
decision_type=2 2 2 2 2 2 2 2 2 2 2 2 2 2 2 2 2 2 2 2 2 2 2 2 2 2 2 2 2 2
left_child=1 3 12 4 5 7 -7 -1 10 -5 -6 -10 13 26 -15 16 19 18 -18 20 21 -2 23 -19 -20 -24 -3 -17 -29 -30
right_child=15 2 -4 9 8 6 -8 -9 11 -11 -12 -13 -14 14 -16 27 17 22 24 -21 -22 -23 25 -25 -26 -27 -28 28 29 -31
leaf_value=-0.0091379104523396457 -0.096910463138060121 0.0076058861583366989 0.018507404311094433 0.0053070519864559171 0.033210814785034883 0.0094392812967293016 -0.025237394371272433 -0.058169540898366415 0.036931917656745229 -0.044379387795925145 -0.010240754910877774 0.0010189930841424109 0.026742076602849094 -0.027843180301809507 -0.0024741916635045501 0.0042560856971391265 -0.075497334003448491 -0.035872753099020986 -0.0099287148165401341 -0.014497911332485578 -0.028914200805593284 -0.048230681984833532 0.0046626896066054198 -0.0017148936138445744 0.005564082168492893 0.022703359315458402 -0.010887957311430831 -0.0067741739631956115 -0.00017056292690568149 0.047821090036425096
leaf_weight=73 11.000000000000002 56 48 20 105 503 46 22 13.999999999999998 20 13.999999999999998 153 10.999999999999998 93 33 667 9.9999999999999982 18 388 72 26 10.999999999999998 503 153 83 52 81 409 6563 29
leaf_count=73 11 56 48 20 105 474 46 22 14 20 14 153 11 93 33 667 10 18 388 72 26 11 477 153 83 52 81 409 6406 29
internal_value=-0.000125425 0.00234176 -0.00574519 0.0050263 0.00608275 0.00254696 0.00653377 -0.0204926 0.0140445 -0.0195362 0.0280989 0.00402966 -0.00999382 -0.0115303 -0.0211989 -0.000479801 -0.00350519 -0.00126568 -0.00861849 -0.0260309 -0.0433305 -0.0675472 0.00360581 -0.00531046 -0.00719856 0.00635299 -0.002638 4.37636e-05 -0.000357553 4.05654e-05
internal_weight=10287 1292 322 970 930 644 549 95 286 40 119 167 274 263 126 8995 1327 1207 481 120 48 22 726 171 471 555 137 7668 7001 6592
internal_count=10075 1263 322 941 901 615 520 95 286 40 119 167 274 263 126 8812 1301 1181 481 120 48 22 700 171 471 529 137 7511 6844 6435
is_linear=0
shrinkage=0.05


Tree=173
num_leaves=29
num_cat=0
split_feature=8 10 12 8 8 7 29 5 23 29 1 28 7 9 24 1 2 21 24 7 10 6 23 7 4 29 8 7
split_gain=3.5297 3.3816 52.7906 102.995 80.5273 40.0928 35.1991 27.8244 27.5557 23.6157 16.4208 10.799 5.12766 16.9072 19.8349 19.7525 20.8337 10.6394 9.53821 8.09497 7.74905 15.0128 16.5625 12.6168 11.5426 47.4258 11.4719 0.926422
threshold=870.50000000000011 -0.98295000195503224 0.81174999475479137 427.50000000000006 382.50000000000006 1015.5499877929689 11.150000095367433 -0.55500000715255726 51.500000000000007 7.8500001430511483 61.500000000000007 68.500000000000014 1020.5499877929689 -0.6035499870777129 772.91500854492199 68.500000000000014 3.2949999570846562 8.0500001907348651 386.25000000000006 1025.6499633789065 -0.37939999997615809 92.500000000000014 57.500000000000007 1018.7500000000001 2.5649999380111699 5.4500000476837167 344.50000000000006 1014.1499938964845
decision_type=2 2 2 2 2 2 2 2 2 2 2 2 2 2 2 2 2 2 2 2 2 2 2 2 2 2 2 2
left_child=1 2 5 4 11 6 27 -6 10 -10 -7 -4 20 14 18 16 -15 -17 -14 -16 21 22 -3 -23 26 -26 -22 -1
right_child=-2 12 3 -5 7 8 -8 -9 9 -11 -12 -13 13 15 19 17 -18 -19 -20 -21 24 23 -24 -25 25 -27 -28 -29
leaf_value=0.0051328938454389553 -0.027218971836070222 0.0077655201285023847 -0.049101125129631579 0.070791775201048165 -0.20942082188346164 -0.092907629609107978 0.12349486102660497 -0.096960000287402759 -0.015651762375135856 0.01361885162225614 -0.022073628442982832 0.018929209699854257 0.046808266282081609 0.00061034820848863405 0.0025243152257059418 -0.011184829658002786 -0.026058994338382036 0.0022233855406661417 0.01474417629695245 -0.030831843477330714 -0.0034730397093253786 0.0028082188982756608 0.04333365049801375 -0.0063910511981341098 -0.0059259195734023499 0.061563240653938728 0.0037080816464461659 0.026160397448322992
leaf_weight=10.000000000000002 11.999999999999998 236 14.000000000000002 13.999999999999998 11.000000000000002 9.9999999999999982 11.999999999999998 10.999999999999998 95 195 45 9.9999999999999982 25 149 426 159 144 2129 321 19 3593 1285 38 525 94 36 658 10.999999999999998
leaf_count=10 12 236 14 14 11 10 12 11 88 181 45 10 25 142 426 159 144 2046 310 19 3537 1279 36 511 94 36 646 11
internal_value=-0.000117389 -8.5738e-05 -0.00438441 -0.0479538 -0.0840938 0.00253136 0.0551828 -0.15319 -0.00250486 0.00364901 -0.0349525 -0.0207552 0.000105664 0.00168632 0.00808172 -0.000273674 -0.0124968 0.00129161 0.0170609 0.00110012 -0.000718774 0.00179108 0.0126983 0.000139922 -0.00191269 0.0127634 -0.00236149 0.0161473
internal_weight=10287 10275 438 60 46 378 33 22 345 290 55 24 9837 3372 791 2581 293 2288 346 445 6465 2084 274 1810 4381 130 4251 21
internal_count=10075 10063 417 60 46 357 33 22 324 269 55 24 9646 3271 780 2491 286 2205 335 445 6375 2062 272 1790 4313 130 4183 21
is_linear=0
shrinkage=0.05


Tree=174
num_leaves=31
num_cat=0
split_feature=11 4 7 10 9 4 23 27 18 23 8 9 7 25 3 4 25 7 7 11 4 10 5 18 8 7 8 5 24 7
split_gain=3.20831 7.20427 7.46792 19.2039 15.2847 10.6633 8.28723 12.0376 6.98478 13.8676 9.46301 6.08881 9.55873 8.67485 7.39784 4.59391 9.55866 9.33603 25.4593 20.8334 7.08538 22.9463 13.9198 8.24676 5.1277 40.6029 25.5371 4.58344 4.41005 2.51702
threshold=0.87834998965263378 2.7849999666213994 1015.5499877929689 1.0000000180025095e-35 1.0000000180025095e-35 -0.8149999976158141 84.500000000000014 5.3500001430511483 6.5499999523162851 42.500000000000007 464.50000000000006 0.98295000195503246 1018.7500000000001 12.250000000000002 86.500000000000014 -2.4750000238418575 21.35000038146973 1014.9500122070314 1020.3500061035157 -0.87834998965263356 -1.1850000023841856 -0.91595000028610218 -2.8950001001358028 6.0499999523162851 339.50000000000006 1020.9500122070314 323.50000000000006 2.054999947547913 152.08499908447268 1019.8500061035157
decision_type=2 2 2 2 2 2 2 2 2 2 2 2 2 2 2 2 2 2 2 2 2 2 2 2 2 2 2 2 2 2
left_child=11 2 3 -2 5 -5 8 -8 10 -10 -4 15 13 -13 -14 16 17 19 -19 -1 21 23 -23 -17 26 -26 -22 28 -16 -29
right_child=1 -3 6 4 -6 -7 7 -9 9 -11 -12 12 14 -15 27 20 -18 18 -20 -21 24 22 -24 -25 25 -27 -28 29 -30 -31
leaf_value=-0.013097654154196128 0.010219807660446112 -0.032326881289482121 0.0021888211368445779 -0.025820217395408285 0.0049058712095887006 -0.07487789578735829 0.013965372721383549 0.070753967491063205 0.0021888211368445779 0.013965372721383549 -0.013523822587355972 -0.0025053356125491854 0.012093522235751152 0.028961189778951499 -0.015034893547029547 -0.039050851095663877 0.051356045007705686 -0.0097665059481223584 0.0081635920358797999 0.014391289276631736 0.0002702383132889465 -0.0096758062762615903 0.0027077362506647343 -0.012154749496594857 0.0027430085589989061 -0.019385258350751691 0.033635048960046522 -0.023079193842907748 -0.033909580476429994 0.00057112418736020721
leaf_weight=88 76 14.999999999999998 332 36 28 15.999999999999998 34 10.999999999999998 448 255 125 139 25 26 84 57 9.9999999999999982 400 392 318 5118 361 611 57 775 283 58 14.999999999999998 49 45
leaf_count=88 76 15 326 36 28 16 34 11 448 255 125 139 20 26 83 57 5 376 392 318 4995 361 591 57 764 276 55 15 48 39
internal_value=-0.000112057 0.00213502 0.00251483 -0.00777887 -0.0248776 -0.0409149 0.00384746 0.0249 0.00303077 0.006159 -0.00178135 -0.000459042 -0.00662637 0.00245303 -0.0134984 -0.000182061 0.0026746 0.00226825 -0.000892013 0.00843309 -0.000653489 -0.00438053 -0.0018915 -0.0256028 -4.21623e-06 -0.00317599 0.00064411 -0.0168134 -0.0219887 -0.00534146
internal_weight=10287 1376 1361 156 80 52 1205 45 1160 703 457 8911 383 165 218 8528 1208 1198 792 406 7320 1086 972 114 6234 1058 5176 193 133 60
internal_count=10075 1370 1355 156 80 52 1199 45 1154 703 451 8705 370 165 205 8335 1179 1174 768 406 7156 1066 952 114 6090 1040 5050 185 131 54
is_linear=0
shrinkage=0.05


Tree=175
num_leaves=17
num_cat=0
split_feature=8 1 7 5 7 29 26 23 8 8 18 0 7 10 1 25
split_gain=4.60277 4.34343 3.6027 14.6338 8.77535 23.5158 29.521 10.5384 6.24141 18.6561 8.91803 5.87866 5.07918 6.05805 4.93601 1.39657
threshold=870.50000000000011 99.500000000000014 1024.4500122070315 -2.6350001096725459 1023.2500000000001 10.750000000000002 11.750000000000002 36.500000000000007 2.5000000000000004 169.50000000000003 12.750000000000002 24.150000572204593 1022.8500061035157 -0.6035499870777129 97.500000000000014 12.250000000000002
decision_type=2 2 2 2 2 2 2 2 2 2 2 2 2 2 2 2
left_child=1 2 4 11 12 7 -7 -6 10 -10 -5 -4 14 -14 -1 -3
right_child=-2 15 3 8 5 6 -8 -9 9 -11 -12 -13 13 -15 -16 -17
leaf_value=4.899903200913192e-05 -0.034078984111547472 0.0099249761458486286 -0.062844873113291594 -0.012598737582411099 -0.02466140136574254 0.02003169466575476 0.069975154945212933 0.0043879445541962284 0.020380324909228434 -0.0046565921660929694 0.0040844572638738747 -0.012650974541902544 -0.015586412507030419 -0.0006331163715152363 -0.0084834744392038256 0.036350030004978183
leaf_weight=8375 9.9999999999999982 10.000000000000002 14.000000000000002 237 33 18 36 579 103 268 121 9.9999999999999982 118 159 173 9.9999999999999982
leaf_count=8180 10 10 14 237 33 18 36 579 97 263 121 10 112 159 172 10
internal_value=-0.000173655 -0.000140622 -0.00018607 -0.00351502 7.80441e-05 0.00561239 0.0372418 0.00282156 -0.00225031 0.00229436 -0.00696 -0.0419307 -0.000339619 -0.00700311 -0.000123687 0.0231375
internal_weight=10274 10264 10244 753 9491 666 54 612 729 371 358 24 8825 277 8548 20
internal_count=10061 10051 10031 742 9289 666 54 612 718 360 358 24 8623 271 8352 20
is_linear=0
shrinkage=0.05


Tree=176
num_leaves=25
num_cat=0
split_feature=8 8 2 25 8 5 11 29 7 25 17 3 8 3 8 0 29 0 7 11 26 18 7 25
split_gain=4.15291 3.38181 11.3224 7.14264 6.52811 11.5255 11.3698 44.7772 17.0773 11.0398 7.08821 7.15704 5.36988 17.781 17.4328 3.45884 3.36618 2.88448 2.56434 1.99465 1.96184 1.38305 0.769763 0.563268
threshold=870.50000000000011 730.50000000000011 2.7949999570846562 8.8499999046325701 618.50000000000011 -3.9350000619888301 -1.0000000180025095e-35 13.150000095367433 1017.6499938964845 9.7500000000000018 0.091499999165534987 13.500000000000002 386.50000000000006 351.50000000000006 382.50000000000006 27.050000190734867 10.050000190734865 28.94999980926514 1015.6499938964845 0.87834998965263378 16.349999427795414 3.1499999761581425 1014.6499938964845 11.150000095367433
decision_type=2 2 2 2 2 2 2 2 2 2 2 2 2 2 2 2 2 2 2 2 2 2 2 2
left_child=1 4 21 17 10 9 8 -8 -7 15 11 -1 14 -14 -12 -6 18 19 -5 -4 -18 -3 -19 -11
right_child=-2 2 3 16 5 6 7 -9 -10 23 12 -13 13 -15 -16 -17 20 22 -20 -21 -22 -23 -24 -25
leaf_value=-0.013258588469308458 -0.032375034689903263 0.027774458937346931 -0.016666589494122832 0.010356275570965783 -0.020785367598428445 -0.029854652680611861 -0.01503736566724051 0.031090891713628901 -0.0015615655856284624 0.027529539068539933 -0.00017135221259845571 -0.056400501572837436 0.0017915005282716672 0.030568575945549778 -0.013258588469308458 0.0048117973399743191 0.011319703005979787 -0.0047127438035726617 0.0019087213727447174 -0.0047127438035726617 0.02077723631001618 0.052951824367046353 0.0019087213727447174 0.041016151010990147
leaf_weight=13.000000000000002 9.9999999999999982 12.000000000000002 61 102 17 120 182 74 96 15.000000000000002 7852 11.999999999999998 1295 56 51 59 23 22 38 32 41 9.9999999999999982 65 15.999999999999998
leaf_count=13 10 12 61 102 17 120 182 74 88 15 7685 12 1259 55 50 59 23 22 38 32 41 10 65 16
internal_value=-0.0001692 -0.000137822 0.00433434 0.00233576 -0.000322008 -0.00547288 -0.00883166 -0.00170342 -0.0172799 0.00934342 -5.98714e-07 -0.0265884 7.12292e-05 0.00298433 -0.000426759 -0.000913884 0.00874129 -0.00492384 0.00439869 -0.0110457 0.0182407 0.0392187 0.00162024 0.0344904
internal_weight=10274 10264 406 384 9858 579 472 256 216 107 9279 25 9254 1351 7903 76 204 180 140 93 64 22 87 31
internal_count=10061 10051 406 384 9645 571 464 256 208 107 9074 25 9049 1314 7735 76 204 180 140 93 64 22 87 31
is_linear=0
shrinkage=0.05


Tree=177
num_leaves=17
num_cat=0
split_feature=1 8 7 5 7 29 26 10 8 8 18 1 1 28 18 25
split_gain=3.93497 3.7358 3.252 13.2204 7.72623 20.1235 30.6042 8.68088 5.60209 16.8843 8.04853 5.39313 4.87117 12.0702 9.54376 1.2604
threshold=99.500000000000014 870.50000000000011 1024.4500122070315 -2.6350001096725459 1023.2500000000001 11.150000095367433 11.750000000000002 -0.98295000195503224 2.5000000000000004 169.50000000000003 12.750000000000002 62.500000000000007 72.500000000000014 35.500000000000007 6.7500000000000009 12.250000000000002
decision_type=2 2 2 2 2 2 2 2 2 2 2 2 2 2 2 2
left_child=1 2 4 11 12 7 -7 -6 10 -10 -5 -4 13 -1 -14 -2
right_child=15 -3 3 8 5 6 -8 -9 9 -11 -12 -13 14 -15 -16 -17
leaf_value=-0.027963015305645329 0.0094372946396470044 -0.03075628370046616 -0.014090287592262024 -0.011960233254790432 -0.041232288662682887 0.019278232931798964 0.072343237393215534 0.0035873414758469699 0.01936987619123702 -0.0044484877371604543 0.0038888020136909301 -0.061659720998543957 -0.0044311476502905114 0.002043698290613339 5.4507145143070358e-05 0.03454109564423561
leaf_weight=34 10.000000000000002 9.9999999999999982 11.000000000000002 237 10.999999999999998 18 32 605 103 268 121 12.999999999999998 1566 2341 4884 9.9999999999999982
leaf_count=34 10 10 11 237 11 18 32 605 97 263 121 13 1448 2284 4857 10
internal_value=-0.000167376 -0.000210592 -0.000180774 -0.00334356 7.0156e-05 0.00526315 0.0357695 0.00278699 -0.00214146 0.00216416 -0.00660344 -0.0398571 -0.000321746 0.00161413 -0.00103457 0.0219892
internal_weight=10274 10254 10244 753 9491 666 50 616 729 371 358 24 8825 2375 6450 20
internal_count=10061 10041 10031 742 9289 666 50 616 718 360 358 24 8623 2318 6305 20
is_linear=0
shrinkage=0.05


Tree=178
num_leaves=18
num_cat=0
split_feature=1 8 7 10 4 25 8 10 12 10 2 0 28 0 27 4 25
split_gain=3.55274 3.37057 3.0358 16.209 15.1319 13.512 12.8997 12.4968 26.0751 38.692 34.3679 14.3689 14.2326 12.081 9.90764 7.35634 1.13751
threshold=99.500000000000014 870.50000000000011 1019.5499877929689 -0.37939999997615809 -1.0549999475479124 21.35000038146973 681.50000000000011 -0.78654998540878285 0.81174999475479137 -0.98295000195503224 1.3450000286102297 19.44999980926514 41.500000000000007 21.750000000000004 17.44999980926514 2.8499999046325688 12.250000000000002
decision_type=2 2 2 2 2 2 2 2 2 2 2 2 2 2 2 2 2
left_child=1 2 3 4 6 13 -1 8 10 -10 -4 12 -9 -5 -6 -13 -2
right_child=16 -3 7 5 14 -7 -8 11 9 -11 -12 15 -14 -15 -16 -17 -18
leaf_value=-0.019953906533734526 0.008965429840609428 -0.029218468219041827 0.021533686132021959 -0.0072834516283600079 0.0034121509963131354 0.049999756117661796 7.7893195067724554e-05 -0.009461499441920344 -0.059457230632719786 -0.0086234907842060518 -0.0038966833228187172 0.0039656913044852663 0.00047963902313991129 -0.0010915933604973582 0.015455926538977241 0.043203634520371757 0.032814040780067444
leaf_weight=118 10.000000000000002 9.9999999999999982 157 1179 1326 11.999999999999998 252 482 46 201 864 2610 415 2374 196 11.999999999999998 9.9999999999999982
leaf_count=111 10 10 135 1179 1322 6 252 482 46 187 839 2508 412 2356 184 12 10
internal_value=-0.000163259 -0.000204322 -0.000175999 -0.000982168 0.00275843 -0.00296736 -0.00631063 0.000743005 -0.00351285 -0.0180905 1.37653e-05 0.00227652 -0.00318599 -0.00314625 0.00496312 0.00414527 0.0208897
internal_weight=10274 10254 10244 5457 1892 3565 370 4787 1268 247 1021 3519 897 3553 1522 2622 20
internal_count=10061 10041 10031 5410 1869 3541 363 4621 1207 233 974 3414 894 3535 1506 2520 20
is_linear=0
shrinkage=0.05


Tree=179
num_leaves=15
num_cat=0
split_feature=1 8 4 1 1 18 8 7 28 11 1 8 2 25
split_gain=3.20401 3.04356 2.97253 5.13905 3.51457 10.1732 18.1185 9.95472 8.83102 28.1801 8.72965 2.19345 1.56903 1.02661
threshold=99.500000000000014 870.50000000000011 -4.6249999999999991 70.500000000000014 72.500000000000014 2.9500000476837163 220.50000000000003 1020.8500061035157 37.500000000000007 0.60784998536109935 71.500000000000014 371.50000000000006 5.9549999237060556 12.250000000000002
decision_type=2 2 2 2 2 2 2 2 2 2 2 2 2 2
left_child=1 2 3 -1 8 6 -6 -7 9 -4 -10 -5 -13 -2
right_child=13 -3 4 11 5 7 -8 -9 10 -11 -12 12 -14 -15
leaf_value=-0.016288407379761338 0.0085171585320495038 -0.02775754570960999 -0.0085513473214956504 -0.0052356548353352335 -0.0053285439227516761 -0.0017070295194381473 -0.026760388926841912 0.0023440441884830954 0.00097343837779971911 -0.071829181831134001 0.013224550170291748 0.030012656393505279 0.012815274816886005 0.031173339039087297
leaf_weight=15.999999999999998 10.000000000000002 9.9999999999999982 35 10.999999999999998 164 4866 113 2203 2606 19 154 21 36 9.9999999999999982
leaf_count=16 10 10 30 11 158 4782 112 2143 2555 19 148 21 36 10
internal_value=-0.000147778 -0.000186774 -0.00015986 0.00920725 -0.000237305 -0.000812871 -0.0102125 -0.000444543 0.00126522 -0.0187597 0.00165701 0.0152062 0.0191512 0.0198452
internal_weight=10274 10254 10244 84 10160 7346 277 7069 2814 54 2760 68 57 20
internal_count=10061 10041 10031 84 9947 7195 270 6925 2752 49 2703 68 57 20
is_linear=0
shrinkage=0.05


Tree=180
num_leaves=31
num_cat=0
split_feature=11 2 0 21 4 10 7 6 7 18 7 8 7 10 1 25 1 10 7 1 5 11 5 10 5 24 0 27 17 8
split_gain=3.15636 9.72755 15.0339 10.8229 6.95254 8.27839 12.666 8.37096 6.67905 5.17657 4.86836 15.2785 12.2806 15.4225 20.0651 10.2451 8.88936 7.76216 8.49007 6.16973 5.12417 5.09198 4.35837 4.23957 2.15918 1.7404 1.44502 0.898406 0.730711 0.332822
threshold=0.87834998965263378 1.794999957084656 26.650000572204593 16.349999427795414 2.7849999666213994 1.0000000180025095e-35 1015.9500122070314 947.50000000000011 1021.0499877929689 24.550000190734867 1014.9500122070314 142.50000000000003 1015.8500061035157 -1.0000000180025095e-35 83.500000000000014 13.949999809265138 48.500000000000007 0.78654998540878307 1024.4500122070315 91.500000000000014 3.0449999570846562 1.0000000180025095e-35 -3.6249999999999996 0.60354998707771312 -3.2949999570846553 145.41500091552737 20.94999980926514 12.34999990463257 0.11250000074505807 523.50000000000011
decision_type=2 2 2 2 2 2 2 2 2 2 2 2 2 2 2 2 2 2 2 2 2 2 2 2 2 2 2 2 2 2
left_child=9 2 8 4 5 7 -7 -3 -2 10 11 15 13 22 -15 21 24 19 -19 -14 -18 -1 -12 25 -13 -10 -11 -17 -25 -5
right_child=1 3 -4 29 -6 6 -8 -9 23 26 12 16 17 14 -16 27 20 18 -20 -21 -22 -23 -24 28 -26 -27 -28 -29 -30 -31
leaf_value=-0.0067934678628429127 0.0070109996700339619 0.0026522358981983353 0.065085820968334498 0.0070109996700339619 -0.03341909021632198 -0.022370440275214301 -0.0018813712790605763 -0.013043607455842635 0.021899948632344606 0.0071649108433976252 0.0071649108433976252 5.4514558481362962e-05 -0.0006504941055534392 -0.039083994797577987 -0.0078186359792900614 0.0010892575862459055 0.0071649108433976252 0.0040362627882696194 -0.008023150699410701 -0.0048455349213141737 -0.036807584166526797 0.0010892575862459055 -0.0057608144016622906 0.026059702170513028 -0.011718463581351061 0.0070109996700339619 0.020268028527498247 0.0071649108433976252 0.037067771181247149 0.0026522358981983353
leaf_weight=632 54 488 12.999999999999998 174 17 96 352 85 20 13.999999999999998 81 102 4344 76 158 55 559 1264 165 1098 9.9999999999999982 87 101 41 63 22 40 45 13.999999999999998 22
leaf_count=632 54 482 13 174 17 96 352 85 20 14 81 102 4198 76 158 55 559 1253 165 1059 10 87 101 41 63 22 40 45 14 22
internal_value=-0.000157679 0.00205088 0.0134916 0.000530392 -0.00170653 -0.0011785 -0.00627189 0.00265224 0.00904972 -0.00050483 -0.000599109 0.00194259 -0.00114079 -0.00948278 -0.0179732 -0.00275236 0.00716491 -0.000635734 0.00264382 -0.0014969 0.00716491 -0.0049864 0.00143347 0.0203755 -0.00444062 0.00841358 0.0149289 0.00716491 0.0295101 0.007011
internal_weight=10292 1398 164 1234 1038 1021 448 573 151 8894 8840 1553 7287 416 234 819 734 6871 1429 5442 569 719 182 97 165 42 54 100 55 196
internal_count=10090 1392 164 1228 1032 1015 448 567 151 8698 8644 1553 7091 416 234 819 734 6675 1418 5257 569 719 182 97 165 42 54 100 55 196
is_linear=0
shrinkage=0.05


Tree=181
num_leaves=31
num_cat=0
split_feature=7 10 8 23 7 8 7 23 4 8 28 27 6 4 17 24 3 1 12 1 1 28 24 1 5 0 3 28 8 10
split_gain=2.94179 13.865 19.101 12.0424 7.90181 20.4205 6.76077 5.50254 5.43467 8.98981 6.07286 22.1529 9.31266 5.77567 5.44066 7.64278 5.11529 4.51253 3.75564 13.5947 12.4504 16.9313 12.2058 12.1108 14.4052 10.7877 9.99718 10.7813 8.2233 8.21314
threshold=1024.4500122070315 -0.98295000195503224 347.50000000000006 63.500000000000007 1024.2500000000002 252.50000000000003 1025.4500122070315 71.500000000000014 1.4049999713897707 27.500000000000004 62.500000000000007 3.9500000476837163 937.50000000000011 1.8849999904632571 0.10050000250339509 452.91499328613287 211.50000000000003 79.500000000000014 1.0000000180025095e-35 58.500000000000007 77.500000000000014 37.500000000000007 75.415000915527358 97.500000000000014 0.75499999523162853 27.94999980926514 10.500000000000002 40.500000000000007 632.50000000000011 -0.91595000028610218
decision_type=2 2 2 2 2 2 2 2 2 2 2 2 2 2 2 2 2 2 2 2 2 2 2 2 2 2 2 2 2 2
left_child=4 2 3 6 18 7 -2 -6 10 17 11 -3 -13 -11 -12 -16 -5 -10 19 25 21 -21 -22 26 -25 28 27 -20 -1 -28
right_child=1 8 -4 16 5 -7 -8 -9 9 13 14 12 -14 -15 15 -17 -18 -19 23 20 22 -23 -24 24 -26 -27 29 -29 -30 -31
leaf_value=-0.0073658962927020738 -0.013569943755865094 -0.066273672580718992 -0.076781225204467785 0.034856429466834427 -0.0063700172337977333 0.083384878337383284 -0.065177433057264852 0.028469536957495351 -0.021629709543453324 0.059547848068177679 -0.0015320916857574701 -0.0018247375896834753 -0.031392150873254088 0.014765708034651149 0.030912489305024573 0.0040099216078295181 -0.0086999143872942258 0.0074897455925797569 -0.008474843522223335 -0.024086313727109329 0.011744853647335287 0.006769467407038131 -0.00067105324422300338 -0.0078045306216976418 -0.053181964644919269 -0.00012273772452893439 -0.0084809861493194121 0.010445887330962201 -0.024113524269502043 -0.00075702239929135886
leaf_weight=121 15.000000000000002 14.999999999999998 13.999999999999998 13.000000000000002 34 9.9999999999999982 10.999999999999998 17 18 12.000000000000002 58 326 29 18 33 132 13.999999999999998 51 96 46 211 1327 3200 73 23 278 385 349 118 3245
leaf_count=121 15 15 14 12 34 10 11 17 18 12 58 321 29 18 33 132 8 51 96 46 208 1307 3195 72 23 278 358 349 118 3111
internal_value=-0.000123254 -0.0031191 -0.0248374 -0.0111163 0.00011527 0.0180533 -0.0354039 0.00524317 -0.00101632 0.00982827 -0.0028268 -0.00675498 -0.0042401 0.0326786 0.00369079 0.00939044 0.0122717 -0.000106634 -2.51501e-07 0.000882894 0.00171528 0.0057357 9.69785e-05 -0.00112266 -0.0186762 -0.00681951 -0.000709126 0.00636411 -0.0146091 -0.00157623
internal_weight=10292 759 67 53 9533 61 26 51 692 99 593 370 355 30 223 165 27 69 9472 5301 4784 1373 3411 4171 96 517 4075 445 239 3630
internal_count=10090 747 60 46 9343 61 26 51 687 99 588 365 350 30 223 165 20 69 9282 5273 4756 1353 3403 4009 95 517 3914 445 239 3469
is_linear=0
shrinkage=0.05


Tree=182
num_leaves=31
num_cat=0
split_feature=11 2 0 17 3 10 23 7 7 3 7 10 8 7 9 10 23 1 11 7 11 5 18 17 8 5 9 18 9 4
split_gain=2.88154 8.06015 13.6234 8.73374 14.8221 8.04174 23.7786 6.14374 6.08525 4.77258 7.86917 34.8664 32.1088 19.0755 17.951 18.1336 15.2227 18.6286 14.5091 7.36884 8.84592 8.71358 8.46132 7.19751 7.48277 6.59335 5.1132 4.54121 4.4227 4.10694
threshold=0.87834998965263378 1.794999957084656 26.650000572204593 0.11549999937415124 214.50000000000003 -0.91595000028610218 50.500000000000007 1021.0499877929689 1013.3500061035157 10.500000000000002 1014.9500122070314 -0.98295000195503224 432.50000000000006 1016.2500000000001 0.78654998540878307 -0.37939999997615809 42.500000000000007 86.500000000000014 -0.87834998965263356 1023.7500000000001 0.60784998536109935 -1.5950000286102293 19.849999427795414 0.091499999165534987 473.50000000000006 -1.6050000190734861 1.0000000180025095e-35 13.150000095367433 1.0000000180025095e-35 -0.074999999254941926
decision_type=2 2 2 2 2 2 2 2 2 2 2 2 2 2 2 2 2 2 2 2 2 2 2 2 2 2 2 2 2 2
left_child=9 2 7 4 5 6 -3 -2 -7 19 11 12 -11 14 15 -12 17 -13 -18 20 22 29 25 -15 -25 -1 -24 -23 -5 -22
right_child=1 3 -4 28 -6 8 -8 -9 -10 10 13 16 -14 23 -16 -17 18 -19 -20 -21 21 27 26 24 -26 -27 -28 -29 -30 -31
leaf_value=0.0012541407008309826 0.0065062685874779994 -0.088379626969496416 0.061519564344332769 0.0065062685874779994 0.002064989851275198 -0.039612901067504515 -0.0096881358205185581 0.019261235256616951 -0.0048872748132301903 0.0099825627480943976 -0.0028776275138748257 -0.026203636478374499 0.1312942883372307 -0.034291891592147294 0.0051478502438078791 -0.025392174322067442 -0.0020744470148646196 -0.0020744470148646196 0.0084280465330442769 -0.020608541211395555 0.012633920880454081 0.021756660627822076 0.048276242355887705 6.1450308006830859e-05 -0.0047249017046485766 -0.020906727415110387 0.01206746024485582 0.066233400865034625 0.002064989851275198 -0.01706951681811076
leaf_weight=818 54 11.999999999999998 12.999999999999998 256 321 12.999999999999998 48 97 427 12.000000000000002 148 101 9.9999999999999982 15.999999999999998 129 226 249 175 717 33 111 12.000000000000002 12.999999999999998 5052 974 35 39 10.999999999999998 157 12.999999999999998
leaf_count=812 54 12 13 250 321 13 48 97 427 12 148 101 10 16 129 226 249 175 717 33 111 12 13 4893 943 35 39 11 157 13
internal_value=-0.000118998 0.00199122 0.0124054 0.00060717 -0.00237629 -0.00825484 -0.0254264 0.00817699 -0.00591326 -0.000450692 -0.000882425 0.00272933 0.0651243 -0.00157994 -0.0109353 -0.0164827 0.0016241 -0.00873184 0.00458295 0.00265659 0.00338639 0.0147626 0.00153853 -0.000801105 -0.000712182 0.000344844 0.0211197 0.0430281 0.00650627 0.00951985
internal_weight=10292 1398 164 1234 821 500 60 151 440 8894 7809 1264 22 6545 503 374 1242 276 966 1085 1052 147 905 6042 6026 853 52 23 413 124
internal_count=10090 1392 164 1228 821 500 60 151 440 8698 7619 1264 22 6355 503 374 1242 276 966 1079 1046 147 899 5852 5836 847 52 23 407 124
is_linear=0
shrinkage=0.05


Tree=183
num_leaves=29
num_cat=0
split_feature=11 4 3 8 21 1 3 1 3 18 23 1 6 12 1 11 11 1 0 28 27 4 1 0 8 8 1 3
split_gain=2.70732 7.20165 7.15386 21.9011 7.88549 7.19755 17.3608 5.49318 4.5003 4.44435 4.80283 4.27159 3.71764 17.9848 13.4569 6.60496 3.75007 3.71502 3.70008 3.57245 2.73093 2.25445 2.04425 1.28582 1.28125 0.874506 0.0172447 0.00872433
threshold=0.87834998965263378 2.7849999666213994 58.500000000000007 645.50000000000011 16.349999427795414 86.500000000000014 9.5000000000000018 92.500000000000014 49.500000000000007 24.550000190734867 21.500000000000004 80.500000000000014 512.50000000000011 -0.56175000965595234 87.500000000000014 -0.60784998536109913 -1.0000000180025095e-35 95.500000000000014 22.250000000000004 8.5000000000000018 6.8500001430511483 -4.0150001049041739 89.500000000000014 20.94999980926514 241.50000000000003 523.50000000000011 89.500000000000014 354.50000000000006
decision_type=2 2 2 2 2 2 2 2 2 2 2 2 2 2 2 2 2 2 2 2 2 2 2 2 2 2 2 2
left_child=9 2 5 4 17 8 7 -7 18 10 11 -1 13 14 -12 -14 -17 -4 -2 -13 -6 -15 -21 -11 -8 -10 -25 -28
right_child=1 -3 3 -5 20 6 24 -9 25 23 12 19 15 21 -16 16 -18 -19 -20 22 -22 -23 -24 26 -26 -27 27 -29
leaf_value=-0.029291544135452974 -0.02038747253076684 -0.030408844833864884 0.0029088112812338295 0.062959049316123131 0.0082858493764427707 -0.0025514728394337 0.033561769997080167 -0.041578492522239691 -0.014101612098636994 0.0066756613965238201 0.0066756613965238201 -0.025688630852260086 -0.00033861188041692567 0.0066756613965238201 -0.00033861188041692567 -0.002819122562617897 -0.00062291139474183262 -0.010072375125406931 -0.0022428325555035071 -0.002819122562617897 0.020301628111866938 -0.00033861188041692567 -0.0075370999380053637 0.017436362229860749 0.013647496774792673 -0.028531296622185481 0.018720186215180613 0.020518983261925833
leaf_weight=18 31 17 677 15.999999999999998 54 50 42 10.999999999999998 21 13.999999999999998 972 19 1122 70 660 667 2003 60 300 200 88 2869 240 12.999999999999998 9.9999999999999982 21 13.000000000000002 13.999999999999998
leaf_count=18 31 17 671 16 54 50 42 11 21 14 958 19 1077 70 652 656 2002 60 300 200 88 2752 240 13 10 21 13 14
internal_value=-0.000109456 0.00193598 0.00233414 0.00498599 0.00393074 -0.00254942 0.0085056 -0.00958913 -0.00589853 -0.000430966 -0.000518323 -0.00539826 -0.000239986 0.000720191 0.00520125 -0.00139741 -0.00281912 0.001852 -0.00394218 -0.00446127 0.0147197 -0.000338612 -0.00354463 0.0138696 0.0297321 -0.0213165 0.0189325 0.0196529
internal_weight=10292 1398 1381 895 879 486 113 61 373 8894 8840 477 8363 4571 1632 3792 2670 737 331 459 142 2939 440 54 52 42 40 27
internal_count=10090 1392 1375 889 873 486 113 61 373 8698 8644 477 8167 4432 1610 3735 2658 731 331 459 142 2822 440 54 52 42 40 27
is_linear=0
shrinkage=0.05


Tree=184
num_leaves=31
num_cat=0
split_feature=7 10 8 23 7 8 7 4 8 11 28 29 7 17 24 23 3 29 24 26 7 3 11 7 10 9 9 10 3 8
split_gain=2.72722 12.4752 17.0074 10.8309 7.1549 18.4238 5.89448 5.00267 8.04899 7.27624 5.44165 21.5223 5.71828 5.09764 6.87634 4.96411 4.68536 3.86539 9.11828 4.18456 4.61973 3.73448 6.31332 5.90981 3.12472 3.37993 2.16598 1.94612 1.68338 0.421044
threshold=1024.4500122070315 -0.98295000195503224 347.50000000000006 63.500000000000007 1024.2500000000002 252.50000000000003 1025.4500122070315 1.4049999713897707 27.500000000000004 0.87834998965263378 62.500000000000007 4.6499998569488534 1025.049987792969 0.10050000250339509 452.91499328613287 71.500000000000014 211.50000000000003 24.550000190734867 142.08499908447268 23.94999980926514 1021.6499938964845 11.500000000000002 0.87834998965263378 1013.5499877929689 0.78654998540878307 0.91595000028610241 0.3793999999761582 0.60354998707771312 181.50000000000003 103.50000000000001
decision_type=2 2 2 2 2 2 2 2 2 2 2 2 2 2 2 2 2 2 2 2 2 2 2 2 2 2 2 2 2 2
left_child=4 2 3 6 17 15 -2 10 24 29 11 28 -13 -12 -15 26 -5 19 -19 21 27 23 -23 -1 25 -9 -6 -21 -3 -10
right_child=1 7 -4 16 5 -7 -8 8 9 -11 13 12 -14 14 -16 -17 -18 18 -20 20 -22 22 -24 -25 -26 -27 -28 -29 -30 -31
leaf_value=-0.008195749780270831 -0.01330652351180712 -0.068259567022323595 -0.072622036082404001 0.033135119309792148 -0.017919398057791924 0.079232335984706886 -0.061494362896138979 0.019656462270388149 0.020857093930244441 0.065838293656706778 -0.0015232929936242043 -0.012342330474386569 -0.0015232929936242043 0.02939218052408912 0.0038741679892127373 0.027069952821030335 -0.0085506566933223182 0.045355549951394403 0.0079231747235925711 0.0079231747235925711 0.0023493240326149184 -0.0012641152691469362 0.0023493240326149184 0.0023493240326149184 -0.016662458693608644 -0.0066127084253821524 0.0073643104988150299 0.0023493240326149184 -0.040597803484309802 0.0063477137126028539
leaf_weight=133 15.000000000000002 11.000000000000002 13.999999999999998 13.000000000000002 18 9.9999999999999982 10.999999999999998 25 10.000000000000002 10.000000000000002 58 133 215 33 132 17 13.999999999999998 18 20 259 101 6731 1051 1126 20 24 15.999999999999998 33 10.999999999999998 9.9999999999999982
leaf_count=133 15 11 14 12 18 10 11 25 10 10 58 133 210 33 132 17 8 12 13 147 61 6725 1045 1126 20 24 16 20 11 10
internal_value=-0.000121922 -0.00300644 -0.0236074 -0.0106602 0.000107738 0.0171769 -0.0336937 -0.00101184 0.00939281 0.0310144 -0.00274887 -0.0064673 -0.00343526 0.00342072 0.00897777 0.0050092 0.0115203 -2.18785e-06 0.0159126 -6.62925e-05 0.00498449 -0.000285843 -0.00069458 0.0022406 -7.86405e-06 0.00678993 -0.00602118 0.00792317 -0.0544287 0.0136024
internal_weight=10292 759 67 53 9533 61 26 692 99 30 593 370 348 223 165 51 27 9472 38 9434 393 9041 7782 1259 69 49 34 292 22 20
internal_count=10090 747 60 46 9343 61 26 687 99 30 588 365 343 223 165 51 20 9282 25 9257 228 9029 7770 1259 69 49 34 167 22 20
is_linear=0
shrinkage=0.05


Tree=185
num_leaves=24
num_cat=0
split_feature=28 7 10 23 7 1 8 7 28 2 6 7 7 12 3 28 12 17 12 8 8 3 8
split_gain=3.02207 2.59706 11.0443 14.0402 7.57292 6.60849 6.28392 10.5253 13.584 9.03921 7.37645 5.79394 4.31517 4.07988 3.61307 9.30874 10.4647 5.93236 5.22737 4.52193 2.05199 0.701957 0.16326
threshold=141.00000000000003 1024.4500122070315 -0.98295000195503224 63.500000000000007 1026.549987792969 76.500000000000014 2.5000000000000004 1025.049987792969 34.500000000000007 5.4049999713897714 1112.5000000000002 1024.850036621094 1024.2500000000002 1.0000000180025095e-35 10.500000000000002 42.500000000000007 0.81174999475479137 0.091499999165534987 -0.56175000965595234 477.50000000000006 206.50000000000003 209.50000000000003 486.50000000000006
decision_type=2 2 2 2 2 2 2 2 2 2 2 2 2 2 2 2 2 2 2 2 2 2 2
left_child=1 12 3 5 -5 21 7 11 -9 10 -8 -4 14 -14 15 16 -1 -16 -17 -19 -11 -3 -2
right_child=22 2 6 4 -6 -7 9 8 -10 20 -12 -13 13 -15 17 18 -18 19 -20 -21 -22 -23 -24
leaf_value=-0.00057922222687741053 0.014274652302265163 -0.051844564351168534 -0.0088163662997872705 -0.020793847677608335 0.0094049102432415405 -0.020793847677608335 0.0094049102432415405 -0.019580184269103816 0.009343018686669249 -0.012473130039870736 -0.0029493651765643072 -0.029638479226411382 -0.018958822251962767 0.0094049102432415405 -0.029003453226242627 0.0025574910585097013 -0.036523853473010515 0.00029051747296329099 0.0094049102432415405 -0.0027326643582280827 -0.044504283964633941 -0.069707130302082407 0.023101870444687932
leaf_weight=566 10.000000000000002 11.000000000000002 105 12.999999999999998 19 13.999999999999998 162 55 155 10.000000000000002 141 49 13.999999999999998 53 18 174 21 6699 429 1517 9.9999999999999982 10.999999999999998 10.999999999999998
leaf_count=564 10 11 105 13 13 14 156 55 155 10 141 49 14 53 18 171 21 6537 429 1486 10 11 11
internal_value=-4.97769e-05 -8.86127e-05 -0.002911 -0.0221326 0.00196521 -0.0435529 -0.00100842 -0.00551304 0.00176789 0.00406798 0.00621694 -0.0154416 0.000135906 0.00940491 4.1685e-05 0.00261696 -0.00186515 -0.0003305 0.00698013 -0.000267682 -0.0284887 -0.0607758 0.0188984
internal_weight=10267 10246 755 68 32 36 687 364 210 323 303 154 9491 67 9424 1190 587 8234 603 8216 20 22 21
internal_count=10057 10036 743 62 26 36 681 364 210 317 297 154 9293 67 9226 1185 585 8041 600 8023 20 22 21
is_linear=0
shrinkage=0.05


Tree=186
num_leaves=19
num_cat=0
split_feature=28 28 4 7 7 4 29 3 0 11 10 25 6 4 28 10 24 8
split_gain=2.72538 2.3288 3.82015 2.64102 4.05017 4.02406 3.78665 3.3837 3.01863 2.71167 2.42964 3.31136 1.9412 1.48221 0.784371 1.00067 0.417618 0.147343
threshold=141.00000000000003 13.500000000000002 0.80500000715255748 1024.4500122070315 1024.2500000000002 -2.4750000238418575 24.550000190734867 10.500000000000002 24.349999427795414 -1.0000000180025095e-35 -0.37939999997615809 14.750000000000002 1802.5000000000002 1.4049999713897707 10.500000000000002 -0.6035499870777129 915.41500854492199 486.50000000000006
decision_type=2 2 2 2 2 2 2 2 2 2 2 2 2 2 2 2 2 2
left_child=1 2 -1 4 6 12 7 -3 13 -6 14 -12 -5 -7 15 -4 -10 -2
right_child=17 3 10 5 9 8 -8 -9 16 -11 11 -13 -14 -15 -16 -17 -18 -19
leaf_value=-0.0030321118684831878 0.013560919612646098 0.0025856807023819633 -0.0080577657281537558 0.008938041871299332 -0.0030321118684831878 -0.0030321118684831878 0.008938041871299332 -0.00028949978484392371 0.008938041871299332 0.008938041871299332 -0.045093134217537356 -0.0078187012960287666 -0.0030321118684831878 0.0029529650014080721 -0.0030321118684831878 -0.02498852411905924 0.0029529650014080721 0.021946776861494238
leaf_weight=77 10.000000000000002 1172 31.999999999999996 36 13.999999999999998 540 39 8065 34 53 13.000000000000002 10.999999999999998 17 106 13.999999999999998 12.000000000000002 10.999999999999998 10.999999999999998
leaf_count=77 10 1172 32 36 14 528 26 7880 34 53 13 11 17 106 14 12 11 11
internal_value=-4.05475e-05 -7.74278e-05 -0.00608144 1.72126e-05 0.000245519 -0.00284981 0.000151843 7.53061e-05 -0.00303211 0.00893804 -0.0146294 -0.028009 0.00893804 -0.00303211 -0.00909306 -0.0126752 0.00893804 0.0179535
internal_weight=10267 10246 159 10087 9343 744 9276 9237 691 67 82 24 53 646 58 44 45 21
internal_count=10057 10036 159 9877 9145 732 9078 9052 679 67 82 24 53 634 58 44 45 21
is_linear=0
shrinkage=0.05


Tree=187
num_leaves=29
num_cat=0
split_feature=28 7 10 11 11 3 12 10 28 12 7 1 4 1 7 18 3 11 16 9 26 3 12 11 10 18 24 10
split_gain=2.45972 2.16396 9.80422 12.9591 7.47936 5.08486 8.1248 6.85751 5.97214 4.86288 4.05825 9.20816 10.9601 8.5211 7.83383 9.43708 11.4976 7.52042 6.77788 4.82454 4.32175 4.53071 3.54743 2.74055 2.30262 2.03263 0.0705272 0.0192677
threshold=141.00000000000003 1024.4500122070315 -0.98295000195503224 1.0000000180025095e-35 0.87834998965263378 42.500000000000007 -0.56175000965595234 -0.91595000028610218 65.500000000000014 -0.56175000965595234 1023.1499938964845 87.500000000000014 -3.0249999761581416 67.500000000000014 1022.7500000000001 5.0499999523162851 101.50000000000001 -1.0000000180025095e-35 0.27699999511241918 -0.6035499870777129 24.250000000000004 68.500000000000014 1.0000000180025095e-35 -0.87834998965263356 0.60354998707771312 18.849999427795414 279.58500671386724 0.98295000195503246
decision_type=2 2 2 2 2 2 2 2 2 2 2 2 2 2 2 2 2 2 2 2 2 2 2 2 2 2 2 2
left_child=1 10 3 9 -5 6 24 23 -9 -3 14 13 -13 19 20 16 -16 -17 -14 -12 22 -22 -1 -7 -4 -8 -2 -15
right_child=26 2 5 4 -6 7 25 8 -10 -11 11 12 18 27 15 17 -18 -19 -20 -21 21 -23 -24 -25 -26 -27 -28 -29
leaf_value=0.00075438930326380106 0.019818591394207691 -0.06768641088690075 -0.0077832801339144889 0.0084910294024759508 -0.032504611409136228 -0.020900608054720438 -0.033225984036019354 -0.005223470795958824 0.0064165775460423907 -0.026012154894747903 2.9404004300503355e-05 -0.040823331558042103 -0.0081686905474919781 0.0084910294024759508 -0.046262974407652334 -0.0097460112894723269 -0.010249706441932854 0.0084910294024759508 0.0074225855607758552 -0.02549249919374352 0.0026078661476059682 0.0084910294024759508 -0.0013706024794469056 0.0084910294024759508 0.0084910294024759508 -0.0098833749142403782 0.014016804546117784 -0.016672961188193697
leaf_weight=4735 11.000000000000002 14.000000000000002 26 26 13.999999999999998 12.999999999999998 33 354 160 13.999999999999998 95 18 143 292 29 99 94 80 136 23 84 294 3356 70 18 12.999999999999998 9.9999999999999982 12.999999999999998
leaf_count=4715 11 14 26 20 14 13 33 354 160 14 95 18 143 292 29 99 86 80 136 23 48 166 3350 64 18 13 10 13
internal_value=-3.87402e-05 -7.37769e-05 -0.0026501 -0.0207605 -0.00249827 -0.000857513 -0.0119364 0.000812675 -0.00160011 -0.0468493 0.000131167 0.00373979 -0.00300832 0.00847782 -0.00016506 -0.00807813 -0.0187406 -0.000751383 -0.000568642 -0.0049452 0.000117116 0.00534275 -0.000127019 0.00849103 0.00342416 -0.0266292 0.0170558 0.00849103
internal_weight=10267 10246 755 68 40 687 90 597 514 28 9491 720 297 423 8771 302 123 179 279 118 8469 378 8091 83 44 46 21 305
internal_count=10057 10036 743 62 34 681 90 591 514 28 9293 720 297 423 8573 294 115 179 279 118 8279 214 8065 77 44 46 21 305
is_linear=0
shrinkage=0.05


Tree=188
num_leaves=20
num_cat=0
split_feature=28 28 29 9 25 7 7 1 23 1 7 7 2 28 17 11 10 8 28
split_gain=2.21633 1.95454 3.51277 2.25525 2.98589 2.19208 3.70883 8.64901 7.85962 7.51444 4.34576 4.74656 3.52538 2.39044 1.73674 0.903286 0.840521 0.128871 0.0458125
threshold=141.00000000000003 13.500000000000002 12.449999809265138 0.91595000028610241 14.750000000000002 1024.4500122070315 1023.1499938964845 87.500000000000014 71.500000000000014 67.500000000000014 1022.7500000000001 1020.8500061035157 0.93000000715255748 65.500000000000014 0.10649999976158143 0.60784998536109935 -0.91595000028610218 486.50000000000006 10.500000000000002
decision_type=2 2 2 2 2 2 2 2 2 2 2 2 2 2 2 2 2 2 2
left_child=1 2 3 15 -5 6 10 9 -9 -8 11 -3 14 -14 -7 18 -15 -2 -1
right_child=17 5 -4 4 -6 12 7 8 -10 -11 -12 -13 13 16 -16 -17 -18 -19 -20
leaf_value=-0.013001096367836 0.012095006257295605 -0.00031491379892425845 -0.0027638733904029938 -0.042769947648048395 -0.0081305349750397434 0.0026545739801271829 -0.0027638733904029938 -0.0027638733904029938 0.0080730213506573587 0.0080730213506573587 -0.0027638733904029938 0.0028638309705148902 -0.0027638733904029938 -5.4649705137905549e-05 0.0080730213506573587 -0.020858997000115259 0.0026545739801271829 0.019937623766335576 -0.0081305349750397434
leaf_weight=25 10.000000000000002 6906 72 13.000000000000002 10.999999999999998 31 118 271 26 305 302 1415 476 18 42 13.999999999999998 177 10.999999999999998 24
leaf_count=25 10 6780 72 13 11 31 118 271 26 305 294 1351 469 18 37 14 177 11 24
internal_value=-2.37432e-05 -5.70013e-05 -0.00555745 -0.0134972 -0.02654 2.97015e-05 0.0002377 0.00368523 -0.00276387 0.00807302 -5.01608e-05 0.000225637 -0.0025823 -0.00276387 0.00807302 -0.00852849 0.00265457 0.016203 -0.00813053
internal_weight=10267 10246 159 87 24 10087 9343 720 297 423 8623 8321 744 671 73 63 195 21 49
internal_count=10057 10036 159 87 24 9877 9145 720 297 423 8425 8131 732 664 68 63 195 21 49
is_linear=0
shrinkage=0.05


Tree=189
num_leaves=31
num_cat=0
split_feature=1 1 12 0 3 11 28 3 0 9 25 28 10 19 5 3 9 18 8 19 7 7 18 7 7 9 9 7 10 10
split_gain=2.11612 9.7782 14.8259 15.9097 16.3375 14.5865 27.58 22.1046 15.1744 13.2852 13.8805 11.9544 11.6602 11.4236 11.4214 9.95458 13.9713 9.60126 8.57421 7.26964 5.57986 5.37945 17.6875 7.48993 7.45657 16.0879 10.7307 7.33843 8.82206 6.55012
threshold=72.500000000000014 70.500000000000014 0.81174999475479137 23.750000000000004 243.50000000000003 -1.0000000180025095e-35 40.500000000000007 227.50000000000003 24.349999427795414 -0.91595000028610218 9.8499999046325701 37.500000000000007 -0.98295000195503224 0.57199999690055858 -0.55500000715255726 8.5000000000000018 -0.6035499870777129 9.5500001907348651 608.50000000000011 0.53900000452995311 1016.5499877929689 1026.4500122070315 4.3500001430511483 1024.7500000000002 1020.8500061035157 -0.91595000028610218 -0.91595000028610218 1025.1499633789065 0.98295000195503246 -1.0000000180025095e-35
decision_type=2 2 2 2 2 2 2 2 2 2 2 2 2 2 2 2 2 2 2 2 2 2 2 2 2 2 2 2 2 2
left_child=1 2 11 4 20 9 8 -8 -7 -3 -11 14 -5 -12 -1 17 -17 -13 -14 -2 -4 23 -23 24 26 -26 -21 29 -29 -25
right_child=19 5 3 12 -6 6 7 -9 -10 10 13 15 18 -15 -16 16 -18 -19 -20 21 -22 22 -24 27 25 -27 -28 28 -30 -31
leaf_value=-0.064908257254137416 -0.036468710577381512 -0.0069330360041931277 0.0063901320570151415 0.066258855909109113 -0.060500195374091473 -0.09994834288023409 0.00078729809384947287 0.060809528038782236 -0.024347537052744048 0.0053194818871193815 0.025105894822627307 0.0059611075661045367 0.0063901320570151415 0.065543953281256465 -0.017394458664339644 0.00094857235480201715 -0.0079588546121147265 0.041740552726246063 0.027564228766777339 -0.0096764208282610134 -0.011717032264842064 -0.018436761740041753 0.027873094793070447 0.01377405277453363 0.019531459271001951 0.0012052045350650041 -0.00060061139661074189 -0.0056504180983069294 0.036862874833437115 -0.018436761740041753
leaf_weight=16.000000000000004 13.999999999999998 32 42 11.999999999999998 11.999999999999998 10.000000000000002 157 17 9.9999999999999982 38 40 175 109 31 11.999999999999998 1322 660 21 83 350 49 20 55 15.999999999999998 128 1859 4688 199 12.999999999999998 77
leaf_count=16 14 32 42 12 12 10 156 17 10 38 33 172 109 27 6 1291 646 21 83 350 49 20 55 16 128 1801 4608 193 13 77
internal_value=-2.8117e-05 0.00113045 6.07668e-05 0.0103556 -0.00566317 0.00915468 0.000259977 0.00665154 -0.0553466 0.0213928 0.0297086 -0.00137192 0.0184434 0.0427619 -0.0338343 -0.000954585 -0.00201757 0.00979462 0.015455 -0.000472867 0.00156809 -0.000404813 0.0129181 -0.000541131 -0.000208101 0.00238576 -0.00123113 -0.00821174 -0.00304347 -0.0184368
internal_weight=10267 2848 2513 307 103 335 194 174 20 141 109 2206 204 71 28 2178 1982 196 192 7419 91 7405 75 7330 7025 1987 5038 305 212 93
internal_count=10057 2782 2459 307 103 323 193 173 20 130 98 2152 204 60 22 2130 1937 193 192 7275 91 7261 75 7186 6887 1929 4958 299 206 93
is_linear=0
shrinkage=0.05


Tree=190
num_leaves=30
num_cat=0
split_feature=0 1 1 5 9 7 6 7 27 12 1 5 1 25 7 0 7 28 10 29 23 28 25 9 1 7 6 7 5
split_gain=2.35493 4.72166 3.57518 5.48791 6.18325 5.09351 3.96573 3.34758 8.80321 4.07803 11.4061 13.532 9.492 6.63745 6.41654 3.7891 3.00839 2.88584 1.82635 1.09803 0.858333 0.83777 0.61706 0.55647 0.302139 0.128035 0.115163 0.101342 0.0888843
threshold=29.849999427795414 46.500000000000007 51.500000000000007 2.6049998998641972 -0.6035499870777129 1017.7500000000001 1392.5000000000002 1011.4500122070314 2.4500000476837163 1.0000000180025095e-35 97.500000000000014 0.75499999523162853 86.500000000000014 4.6499998569488534 1024.049987792969 25.349999427795414 1010.5499877929689 92.500000000000014 -1.0000000180025095e-35 8.5500001907348651 110.50000000000001 72.500000000000014 3.8500000238418584 -0.98295000195503224 52.500000000000007 1024.9500122070315 1252.5000000000002 1015.0499877929689 -2.4550000429153438
decision_type=2 2 2 2 2 2 2 2 2 2 2 2 2 2 2 2 2 2 2 2 2 2 2 2 2 2 2 2 2
left_child=2 -2 3 5 -5 6 18 8 -4 13 12 -12 -11 21 -15 19 -17 22 -1 -10 -19 -9 -3 25 26 -7 -24 -26 -25
right_child=1 17 7 4 -6 23 -8 9 15 10 11 -13 -14 14 -16 16 -18 20 -20 -21 -22 -23 24 28 27 -27 -28 -29 -30
leaf_value=-0.01106648986246817 0.0024604904454044417 0.0024604904454044417 -0.046935495562278308 0.00068821687251329399 -0.051608053308266857 -0.008649903225402036 -0.035637833630400045 -0.0092917590109674736 -0.025303045682375527 -0.00257140281605962 -0.0069052202558765804 -0.048764794706725158 0.0023992222525034152 0.0019671861221524697 -0.0031873083045468294 0.0024604904454044417 -0.0093707842270220471 0.017439139915507433 0.0024604904454044417 -0.0093707842270220471 0.034075504278435427 -0.0031873083045468294 0.017439139915507433 -0.0013807685315810345 0.0065657397563061333 -0.0016116220454153206 0.011653196676210925 0.01098612048304998 0.0024604904454044417
leaf_weight=98 109 12.999999999999998 12.999999999999998 10.000000000000002 12.999999999999998 12.000000000000002 13.999999999999998 172 16.000000000000004 2512 75 26 1555 4647 581 43 52 14.000000000000002 33 11.999999999999998 17 38 11.999999999999998 37 14.000000000000002 13.999999999999998 22 12.999999999999998 98
leaf_count=98 109 13 13 10 13 12 14 172 16 2390 74 26 1507 4619 569 43 52 14 33 12 17 38 12 37 14 14 22 13 98
internal_value=-7.94794e-05 0.00511075 -0.000189767 -0.00531612 -0.0288705 -0.00354569 -0.0103437 -1.66435e-05 -0.00780621 9.36398e-05 -0.0010831 -0.017681 -0.000670906 0.00099556 0.00134566 -0.0036706 0.00109374 0.0137182 -0.00764056 -0.0198353 0.0265252 -0.00772028 0.00835311 0.00246049 0.010671 -0.00486006 0.0138068 0.00672218 0.00246049
internal_weight=10285 214 10071 329 23 306 145 9742 136 9606 4168 101 4067 5438 5228 123 95 105 131 28 31 210 74 161 61 26 34 27 135
internal_count=10074 214 9860 329 23 306 145 9531 136 9395 3997 100 3897 5398 5188 123 95 105 131 28 31 210 74 161 61 26 34 27 135
is_linear=0
shrinkage=0.05


Tree=191
num_leaves=31
num_cat=0
split_feature=8 27 8 1 12 5 6 16 23 2 26 8 17 0 26 8 6 4 11 8 10 0 8 6 23 8 27 28 5 26
split_gain=2.26122 12.7051 7.20276 9.78263 20.3311 10.4504 8.13843 6.90327 12.4089 6.41431 5.54388 5.22518 4.04242 6.24799 3.28383 3.16586 13.2474 24.4748 13.7291 12.8924 6.78994 2.955 3.79754 3.79558 2.8567 2.33744 1.94431 1.88028 1.17996 1.03886
threshold=733.50000000000011 6.1499998569488534 618.50000000000011 69.500000000000014 0.81174999475479137 -3.9350000619888301 772.50000000000011 0.27699999511241918 86.500000000000014 3.8449999094009404 14.050000190734865 625.50000000000011 0.091499999165534987 25.550000190734867 16.349999427795414 386.50000000000006 537.50000000000011 -1.0049999952316282 -0.60784998536109913 371.50000000000006 -0.6035499870777129 29.750000000000004 796.50000000000011 1357.5000000000002 77.500000000000014 667.50000000000011 2.8500000238418584 65.500000000000014 -1.0000000180025095e-35 11.650000095367433
decision_type=2 2 2 2 2 2 2 2 2 2 2 2 2 2 2 2 2 2 2 2 2 2 2 2 2 2 2 2 2 2
left_child=2 14 12 4 5 10 -7 -5 11 28 -4 -9 13 -1 21 19 17 -17 -18 20 -14 22 29 -24 -6 -26 -16 -21 -3 -2
right_child=1 9 3 7 24 6 -8 8 -10 -11 -12 -13 15 -15 26 16 18 -19 -20 27 -22 -23 23 -25 25 -27 -28 -29 -30 -31
leaf_value=-0.051943830773234348 -0.0064891425802582701 0.054834989085793498 0.0039936432718953238 -0.052831897437572488 0.013336736671626569 0.002048234878158247 -0.013950598201486822 -0.0041174725122640242 0.021197850125677445 0.015486970153373006 0.038830031798436096 -0.033838100788041447 0.0028676205365299719 -0.0093361769381363566 0.0049438201028553152 0.0065117756694626468 0.0065117756694626468 0.037353846552471322 -0.0033854710423964762 -0.0093361769381363566 -0.00069671229841931925 0.0049438201028553152 -0.0085539877063770236 -0.038006328275570503 0.029451941864311017 0.060485518723726275 0.015486970153373006 0.0079859222902711347 0.03294072329998015 4.5404691362502594e-05
leaf_weight=10.000000000000002 62 15.999999999999998 94 14.999999999999998 9.9999999999999982 111 280 12.999999999999998 17 13.999999999999998 12.999999999999998 29 1709 18 15.999999999999998 169 269 75 808 36 6124 91 69 12.999999999999998 10.000000000000002 11.999999999999998 43 67 10.000000000000002 62
leaf_count=10 62 16 94 15 10 109 273 13 17 14 13 29 1639 18 16 161 251 75 799 36 6028 91 69 13 10 12 43 66 10 62
internal_value=-7.59232e-05 0.0036289 -0.000224281 -0.00551501 -0.00313731 -0.00561972 -0.00940873 -0.0225445 -0.0148443 0.0303471 0.0082261 -0.0294328 0.000119887 -0.0188496 0.000626858 0.000177265 0.00244363 0.0129632 6.03736e-05 -0.000199987 8.0952e-05 -0.00151349 -0.00485301 -0.0132233 0.0354951 0.0455671 0.0114011 -0.00933618 0.0464141 4.54047e-05
internal_weight=10285 396 9889 604 530 498 391 74 59 40 107 42 9285 28 356 9257 1321 244 1077 7936 7833 297 206 82 32 22 59 103 26 124
internal_count=10074 396 9678 595 521 489 382 74 59 40 107 42 9083 28 356 9055 1286 236 1050 7769 7667 297 206 82 32 22 59 102 26 124
is_linear=0
shrinkage=0.05


Tree=192
num_leaves=31
num_cat=0
split_feature=8 29 8 1 12 5 11 25 14 23 2 8 7 17 3 18 8 3 7 1 8 10 8 12 23 8 3 2 8 12
split_gain=2.09591 10.6711 6.51907 8.95797 18.3226 9.43151 7.74734 7.47842 6.17143 11.3109 4.94292 4.80644 3.9704 3.52955 6.09962 3.05303 2.91889 19.9137 16.2057 16.1145 12.3298 6.12792 2.86375 4.18862 2.57134 2.12076 1.97604 1.49326 1.25912 1.98085
threshold=733.50000000000011 10.050000190734865 618.50000000000011 69.500000000000014 0.81174999475479137 -3.9350000619888301 0.87834998965263378 9.7500000000000018 48.000000000000007 86.500000000000014 3.5149999856948857 625.50000000000011 1015.8500061035157 0.091499999165534987 13.500000000000002 4.8500001430511483 386.50000000000006 351.50000000000006 1015.4500122070314 70.500000000000014 371.50000000000006 -0.6035499870777129 826.50000000000011 -0.56175000965595234 77.500000000000014 667.50000000000011 38.500000000000007 2.8750000000000004 738.50000000000011 1.0000000180025095e-35
decision_type=2 2 2 2 2 2 2 2 2 2 2 2 2 2 2 2 2 2 2 2 2 2 2 2 2 2 2 2 2 2
left_child=2 12 13 4 5 7 -7 -4 9 11 15 -5 22 14 -1 27 20 18 -18 -19 21 -15 28 -24 -6 -26 -14 -3 29 -2
right_child=1 10 3 8 24 6 -8 -9 -10 -11 -12 -13 26 16 -16 -17 17 19 -20 -21 -22 -23 23 -25 25 -27 -28 -29 -30 -31
leaf_value=-0.0087324781583382957 -0.018528625819211202 0.034008905840825963 -0.00043604810202083034 -0.004031447734923756 0.01266990002244711 -0.012022840559465538 0.0071209364984598433 0.028991964831948283 -0.050190301723778252 0.020137957702664772 0.0078524917823489526 -0.032231511474602813 -0.0043584673348814251 0.0027242395029026031 -0.046878798057635625 0.047412744164466863 0.013004952891407007 0.0141037067062118 -0.0015891276891637704 0.074410916492342952 -0.0087324781583382957 -0.00066187666602295612 -0.021441258132457734 0.0078524917823489526 0.027959040203290483 0.057461244364579528 -0.01874642255084057 0.017464188900301023 0.0078524917823489526 0.0078524917823489526
leaf_weight=16.000000000000004 12.000000000000002 14.999999999999998 77 12.999999999999998 9.9999999999999982 328 63 30 14.999999999999998 17 47 29 75 1709 11.999999999999998 13.999999999999998 233 36 1036 15.999999999999998 103 6124 25 15.999999999999998 10.000000000000002 11.999999999999998 35 29 118 9.9999999999999982
leaf_count=16 12 15 77 13 10 319 63 30 15 17 47 29 75 1639 12 14 233 35 1002 16 102 6028 25 16 10 12 35 29 118 10
internal_value=-8.12059e-05 0.00348563 -0.000224038 -0.00525741 -0.00298213 -0.00533873 -0.00893829 0.0078148 -0.0215533 -0.0142727 0.0171497 -0.0282009 -0.0014447 0.000103389 -0.017622 0.0270759 0.000157003 0.00233318 0.00109048 0.0326598 -0.000205235 7.69045e-05 0.00310831 -0.00851341 0.0336925 0.0432482 -0.00893645 0.0206051 0.00651181 -0.00457813
internal_weight=10285 396 9889 604 530 498 391 107 74 59 105 42 291 9285 28 58 9257 1321 1269 52 7936 7833 181 41 32 22 110 44 140 22
internal_count=10074 396 9678 595 521 489 382 107 74 59 105 42 291 9083 28 58 9055 1286 1235 51 7769 7667 181 41 32 22 110 44 140 22
is_linear=0
shrinkage=0.05


Tree=193
num_leaves=20
num_cat=0
split_feature=28 26 11 3 1 3 0 21 9 7 7 7 8 26 5 17 5 8 7
split_gain=1.95128 1.92987 2.19335 6.82147 5.90333 6.81548 5.06537 5.1628 4.25616 4.2576 3.39513 5.48186 4.05462 3.04538 2.24215 0.150282 0.315782 0.124791 0.00964696
threshold=141.00000000000003 4.1499998569488534 0.87834998965263378 101.50000000000001 86.500000000000014 9.5000000000000018 23.750000000000004 16.349999427795414 0.98295000195503246 1018.7500000000001 1026.4500122070315 1024.7500000000002 235.50000000000003 13.750000000000002 -4.0950000286102286 0.09849999845027925 -3.6550000905990596 486.50000000000006 1015.8500061035157
decision_type=2 2 2 2 2 2 2 2 2 2 2 2 2 2 2 2 2 2 2
left_child=1 15 8 4 14 -6 7 -5 10 13 11 -3 -12 -10 -4 16 18 -2 -1
right_child=17 2 3 6 5 -7 -8 -9 9 -11 12 -13 -14 -15 -16 -17 -18 -19 -20
leaf_value=-0.010860531032085416 0.011099267899990078 2.8628062361464548e-05 0.0043796451562749484 -0.00012715451117099359 -0.0053170928037169773 0.0075133295357748559 0.0075133295357748559 0.004961939542273518 -0.0014828010182504337 -0.0053170928037169773 0.0075133295357748559 -0.0053170928037169773 -0.0053170928037169773 0.0075133295357748559 -0.0053170928037169773 -0.0060517017228099018 -0.019777155742049211 0.018816722929477694 -0.0092540391286079389
leaf_weight=10.000000000000002 10.000000000000002 7970 63 711 60 51 65 135 144 217 65 359 59 25 296 12.999999999999998 10.000000000000002 10.999999999999998 10.999999999999998
leaf_count=10 10 7791 63 704 60 51 65 135 144 204 65 353 53 25 296 13 10 11 11
internal_value=-8.39337e-05 -0.000115085 -7.00994e-05 0.00178302 -0.00310938 0.00707627 0.00430709 0.00241055 -0.00035963 -0.00531709 -0.000125034 -0.000247616 0.00751333 0.0026237 -0.00531709 -0.0105641 -0.0124564 0.0151417 -0.00925404
internal_weight=10285 10264 10220 1381 470 111 911 846 8839 386 8453 8329 124 169 359 44 31 21 21
internal_count=10074 10053 10009 1374 470 111 904 839 8635 373 8262 8144 118 169 359 44 31 21 21
is_linear=0
shrinkage=0.05


Tree=194
num_leaves=31
num_cat=0
split_feature=8 27 8 1 12 6 11 12 16 23 2 8 25 12 1 5 11 1 10 26 2 5 11 16 4 8 9 0 8 6
split_gain=1.88241 10.118 5.89366 8.21652 16.4881 8.84262 10.3714 6.25329 5.52056 10.2888 5.47913 4.41855 3.11712 3.09885 10.4178 12.1384 10.0529 8.87241 18.8367 9.96532 7.03037 18.5707 19.6462 9.49177 8.08393 7.8666 5.64716 2.88993 3.25514 3.03086
threshold=733.50000000000011 6.1499998569488534 618.50000000000011 69.500000000000014 0.81174999475479137 772.50000000000011 1.0000000180025095e-35 -0.56175000965595234 0.27699999511241918 86.500000000000014 3.8449999094009404 625.50000000000011 11.84999990463257 1.0000000180025095e-35 97.500000000000014 0.75499999523162853 -1.0000000180025095e-35 86.500000000000014 1.0000000180025095e-35 28.599999427795414 5.680000066757203 4.8949999809265146 -0.60784998536109913 0.27699999511241918 -2.6049998998641963 501.50000000000006 0.78654998540878307 29.750000000000004 792.50000000000011 1357.5000000000002
decision_type=2 2 2 2 2 2 2 2 2 2 2 2 2 2 2 2 2 2 2 2 2 2 2 2 2 2 2 2 2 2
left_child=2 12 13 4 5 6 -4 -7 -5 11 -3 -10 27 20 17 26 -17 19 -19 -15 21 23 -23 -1 -22 -26 -16 28 -2 -30
right_child=1 10 3 8 -6 7 -8 -9 9 -11 -12 -13 -14 14 15 16 -18 18 -20 -21 24 22 -24 -25 25 -27 -28 -29 29 -31
leaf_value=-0.001528465349536499 -0.000777650694031902 0.042131196019741211 -0.0017288810856971309 -0.047682217424735433 0.031978810677537696 -0.017781141066234001 0.024998102289565068 -0.004127864390283429 -0.0039438520303825639 0.019107614282299491 0.013893134641013728 -0.03069681996329672 0.0095379372296685531 -0.0032749673959521657 0.0073101355241158537 -0.070818752795457837 -0.0069126848783344005 -0.0032479922566547555 0.0077579342119131062 0.011075956810964273 -0.0039525967581453911 0.051160214762938652 0.0023342743184831408 0.0028261446318844918 -0.036471862248366786 -0.0039525967581453911 -0.020132318158683025 0.0038560304382200539 -0.0088377559550606947 -0.0352186103279774
leaf_weight=2297 109 26 91 14.999999999999998 32 133 47 227 12.999999999999998 17 13.999999999999998 29 77 2202 37 15.999999999999998 10.000000000000002 759 797 128 113 38 45 2749 42 13.999999999999998 38 90 67 12.999999999999998
leaf_count=2291 109 26 89 15 32 133 47 220 13 17 14 29 77 2156 36 16 10 722 786 61 113 38 45 2715 42 14 38 90 67 13
internal_value=-6.92505e-05 0.00331104 -0.000204612 -0.00499046 -0.00281138 -0.00504689 0.00571423 -0.00917199 -0.0205974 -0.0137114 0.0271542 -0.0269953 0.000632027 0.000106713 -0.000946247 -0.0167998 -0.0462395 -0.000534202 0.00238936 -0.00248659 0.000899116 0.00122974 0.0246883 0.000843874 -0.00913493 -0.0249749 -0.00659404 -0.00182588 -0.00541133 -0.0131246
internal_weight=10285 396 9889 604 530 498 138 360 74 59 40 42 356 9285 3987 101 26 3886 1556 2330 5298 5129 83 5046 169 56 75 279 189 80
internal_count=10074 396 9678 595 521 489 136 353 74 59 40 42 356 9083 3825 100 26 3725 1508 2217 5258 5089 83 5006 169 56 74 279 189 80
is_linear=0
shrinkage=0.05


Tree=195
num_leaves=31
num_cat=0
split_feature=7 10 6 23 9 23 0 4 27 27 12 10 7 5 11 7 11 11 5 0 27 5 7 2 26 10 2 12 10 7
split_gain=3.20098 14.1054 14.8466 14.6667 19.5861 61.4304 11.2448 30.9532 32.7644 21.3766 30.8659 16.1906 10.5193 10.4263 16.5405 20.0077 10.0198 8.05228 7.98244 7.89489 7.39794 7.20923 15.5656 13.2986 12.4709 8.29047 7.05839 6.11662 34.4552 36.142
threshold=1019.5499877929689 -0.37939999997615809 597.50000000000011 51.500000000000007 -1.0000000180025095e-35 71.500000000000014 21.849999427795414 2.5649999380111699 12.949999809265138 16.050000190734867 1.0000000180025095e-35 0.98295000195503246 1017.5499877929689 -3.7949999570846553 -1.0000000180025095e-35 1017.6499938964845 -0.60784998536109913 -0.87834998965263356 -2.2250000238418575 18.050000190734867 17.44999980926514 -3.195000052452087 1022.0499877929689 3.9550000429153447 14.050000190734865 -0.91595000028610218 5.3750000000000009 0.81174999475479137 -0.91595000028610218 1021.3500061035157
decision_type=2 2 2 2 2 2 2 2 2 2 2 2 2 2 2 2 2 2 2 2 2 2 2 2 2 2 2 2 2 2
left_child=1 2 3 20 -5 -6 11 9 -9 18 -11 16 -13 -4 15 -15 17 -3 -8 -18 -1 22 24 25 -2 -24 -16 -23 29 -29
right_child=21 6 13 4 5 -7 7 8 -10 10 -12 12 -14 14 26 -17 19 -19 -20 -21 -22 27 23 -25 -26 -27 -28 28 -30 -31
leaf_value=0.0026226053979364044 -0.0055009204533127548 -0.0054605599754187139 0.0026226053979364044 0.0087223293844524569 0.013638336427430522 0.090374542749486864 0.00066027051177452675 -0.0032604682544884779 0.099083435162901884 0.0076130487725934413 0.057323825419754594 -0.06711607582401484 -0.018593787905332206 -0.031251880505668198 0.0026226053979364044 -0.0011259271310908453 -0.024417835288002846 -0.021841232583559918 -0.0032604682544884779 -0.0032604682544884779 0.0087223293844524569 0.0026162322749625666 -0.045366116481668814 -0.076443594197432199 0.030118178717535117 -0.0016618978004650368 -0.017650511267400065 -0.072609363508320632 0.0021731932392123725 -0.011166725826582739
leaf_weight=497 161 163 419 209 141 32 1445 15.000000000000002 15.999999999999998 110 37 15.999999999999998 37 116 184 105 46 139 718 843 140 3639 17 11.999999999999998 29 30 43 31 753 105
leaf_count=497 161 163 419 203 135 29 1445 15 16 110 37 16 37 116 184 95 46 139 692 843 140 3532 17 12 29 30 43 31 707 99
internal_value=0.000306743 -0.000518983 0.0029813 0.00707329 0.0148221 0.0278323 -0.00236042 -0.000319099 0.0493112 -0.000985134 0.0174651 -0.00620184 -0.033242 -0.00182808 -0.00720172 -0.0169386 -0.00499854 -0.013 -0.00223904 -0.00326047 0.00262261 0.00125243 -0.00703062 -0.0294645 -6.43211e-05 -0.0174698 0.00227784 0.00170793 -0.0020101 -0.025172
internal_weight=10248 5471 1886 1019 382 173 3585 2341 31 2310 147 1244 53 867 448 221 1191 302 2163 889 637 4777 249 59 190 47 227 4528 889 136
internal_count=10038 5420 1861 1004 367 164 3559 2315 31 2284 147 1244 53 857 438 211 1191 302 2137 889 637 4618 249 59 190 47 227 4369 837 130
is_linear=0
shrinkage=0.05


Tree=196
num_leaves=31
num_cat=0
split_feature=7 10 6 23 9 23 4 18 5 4 10 23 1 26 5 23 18 5 7 2 26 10 21 28 7 10 7 7 10 9
split_gain=2.97197 12.7886 12.8565 13.1149 17.9533 55.441 10.3351 27.8133 12.5286 14.1179 11.966 15.9175 11.9317 10.0817 9.33469 12.5579 15.3415 6.50633 14.0479 12.002 11.2549 7.48215 5.88993 9.08065 7.90837 31.004 6.90177 23.6451 16.3618 6.48927
threshold=1019.5499877929689 -0.37939999997615809 597.50000000000011 51.500000000000007 -1.0000000180025095e-35 71.500000000000014 2.935000061988831 9.3499999046325701 -2.1450001001358028 -3.3850001096725459 0.60354998707771312 65.500000000000014 68.500000000000014 13.550000190734865 -3.7949999570846553 83.500000000000014 5.0499999523162851 -3.195000052452087 1022.0499877929689 3.9550000429153447 14.050000190734865 -0.91595000028610218 8.2500000000000018 41.500000000000007 1022.5499877929689 -0.98295000195503224 1021.4500122070314 1020.4500122070314 -0.98295000195503224 0.98295000195503246
decision_type=2 2 2 2 2 2 2 2 2 2 2 2 2 2 2 2 2 2 2 2 2 2 2 2 2 2 2 2 2 2
left_child=1 2 3 -1 -5 -6 8 -8 10 -10 13 -12 -11 -3 -4 16 -16 18 20 21 -2 -20 26 -24 25 -25 27 -19 -29 -26
right_child=17 6 14 4 5 -7 7 -9 9 12 11 -13 -14 -15 15 -17 -18 22 19 -21 -22 -23 23 24 29 -27 -28 28 -30 -31
leaf_value=0.0024820402055997929 -0.0052258745046991932 0.00076795091960701 0.0024820402055997929 0.0082176255425794667 0.012956419518318172 0.085855817550327632 -0.012842069566249848 0.071498782143873327 -0.034378975877798229 0.0067600882276580487 -0.0056336034992541433 0.026989671053030552 -0.0070694536318685157 0.011877087325168153 -0.0231509716750859 0.0024820402055997929 -0.0051466547961869866 -0.00092547758198283352 -0.043097810797831593 -0.072621414810419088 0.028612270257596314 -0.0015788028880100076 -0.00092547758198283352 0.040806961389540958 0.0013454095404634896 0.0045464975991322152 -0.00092547758198283352 -0.092247634042393084 -0.025011963492222861 0.023860730395159305
leaf_weight=637 161 902 419 209 141 32 23 17 43 179 906 39 1212 264 172 149 127 70 17 11.999999999999998 29 30 1069 61 1193 1755 284 10.999999999999998 51 34
leaf_count=637 161 902 419 203 135 29 23 17 42 164 906 39 1202 264 170 149 119 70 17 12 29 30 1027 61 1181 1650 284 11 51 34
internal_value=0.000278578 -0.000517063 0.00281583 0.00662371 0.0139532 0.0264407 -0.00227044 0.0230028 -0.00255561 -0.00616208 -0.000105734 -0.00428725 -0.00528981 0.00328323 -0.00165963 -0.00675308 -0.0127753 0.00118981 -0.00667909 -0.0279913 -6.1105e-05 -0.0165963 0.00162253 0.00219611 0.0036163 0.0057645 -0.00404706 -0.0136308 -0.0369409 0.00134541
internal_weight=10248 5471 1886 1019 382 173 3585 40 3545 1434 2111 945 1391 1166 867 448 299 4777 249 59 190 47 4528 4112 3043 1816 416 132 62 1227
internal_count=10038 5420 1861 1004 367 164 3559 40 3519 1408 2111 945 1366 1166 857 438 289 4618 249 59 190 47 4369 3953 2926 1711 416 132 62 1215
is_linear=0
shrinkage=0.05


Tree=197
num_leaves=31
num_cat=0
split_feature=7 10 4 25 5 3 4 5 1 4 23 9 8 28 5 10 11 1 10 6 1 23 11 0 28 18 24 11 28 7
split_gain=2.59599 11.6259 12.0387 10.93 10.7913 10.4104 16.188 12.2609 11.7272 11.653 10.1022 17.829 14.2913 9.64683 9.29108 8.5888 8.02735 6.96506 6.18645 17.2606 16.0354 11.9166 10.3062 16.5608 10.2196 18.444 11.3446 9.24953 8.36926 11.7751
threshold=1019.5499877929689 -0.37939999997615809 -1.0549999475479124 21.35000038146973 5.1949999332427987 60.500000000000007 -2.564999938011169 -3.5449999570846553 70.500000000000014 2.5649999380111699 51.500000000000007 -1.0000000180025095e-35 367.50000000000006 71.500000000000014 5.4549999237060556 0.60354998707771312 1.0000000180025095e-35 71.500000000000014 -0.78654998540878285 377.50000000000006 84.500000000000014 36.500000000000007 0.60784998536109935 20.44999980926514 41.500000000000007 7.0499999523162851 239.58499908447268 -0.60784998536109913 73.500000000000014 1023.1499938964845
decision_type=2 2 2 2 2 2 2 2 2 2 2 2 2 2 2 2 2 2 2 2 2 2 2 2 2 2 2 2 2 2
left_child=1 2 13 5 10 7 8 15 -7 -8 12 -12 -4 -1 -6 -3 -9 -15 19 20 22 -21 -2 -24 25 -20 -26 -27 29 -23
right_child=18 3 4 -5 14 6 9 16 -10 -11 11 -13 -14 17 -16 -17 -18 -19 24 21 -22 28 23 -25 26 27 -28 -29 -30 -31
leaf_value=-0.019898852035509087 0.010469430720261417 0.0017822885727374227 0.0028662247723522088 0.045482050379117331 -0.042054032485678121 -0.0085117880901088936 -0.0045278296910496538 0.010494889109608215 -0.037483225973142735 0.014684417565543968 0.0057778907097560984 0.020794897040771324 -0.034834710862308459 -0.0035581106246498073 -0.0010225826018565411 -0.0071832835793847576 -0.0005650607818731136 0.022754946710275753 -0.018805899826873994 -0.044931798036161229 0.00068298009526551219 -0.013402073211250191 0.014335532971381328 0.071478629697646415 0.015727973005688581 -0.0091042980295881482 0.0028278818880853262 0.00059730376769769565 0.00068298009526551219 -0.003450644227341839
leaf_weight=88 119 515 757 11.999999999999998 22 80 1608 383 62 83 431 250 26 247 37 555 287 28 145 19 197 417 32 21 183 94 2481 634 158 277
leaf_count=88 91 515 757 6 22 63 1605 383 62 83 424 239 26 240 37 555 287 28 138 19 184 416 32 21 158 94 2427 620 146 272
internal_value=0.000258468 -0.000485144 0.00269264 -0.00215691 0.00464289 -0.00231691 -0.00494645 0.000453176 -0.0211613 -0.00358483 0.00548781 0.00994144 0.00161434 -0.00548985 -0.0163224 -0.00286808 0.00575727 -0.000878963 0.00111011 -0.00192881 0.00713442 -0.00576846 0.0186375 0.0369771 0.0021755 -0.00251943 0.00371404 0.000597304 -0.0048951 -0.00758427
internal_weight=10248 5471 1886 3585 1523 3573 1833 1740 142 1691 1464 681 783 363 59 1070 670 275 4777 1240 369 871 172 53 3537 873 2664 728 852 694
internal_count=10038 5420 1861 3559 1505 3553 1813 1740 125 1688 1446 663 783 356 59 1070 670 268 4618 1181 328 853 144 53 3437 852 2585 714 834 688
is_linear=0
shrinkage=0.05


Tree=198
num_leaves=31
num_cat=0
split_feature=11 9 23 25 8 21 5 8 25 9 0 25 18 3 6 10 12 8 12 11 17 3 10 2 11 4 11 5 3 1
split_gain=2.32179 6.58582 6.89579 12.7982 9.10863 6.98356 8.5454 27.4713 5.34333 4.67226 4.9245 6.66707 6.01015 4.14257 2.76521 12.4382 13.7736 20.858 8.37532 18.7707 13.4709 8.7779 8.24242 7.6926 6.21359 5.96086 3.27526 2.96461 2.55213 2.28001
threshold=0.87834998965263378 0.98295000195503246 80.500000000000014 11.550000190734865 608.50000000000011 16.849999427795414 3.0449999570846562 46.500000000000007 12.150000095367433 0.98295000195503246 19.650000572204593 10.34999990463257 6.8500001430511483 26.500000000000004 512.50000000000011 -0.6035499870777129 -0.56175000965595234 323.50000000000006 -0.56175000965595234 1.0000000180025095e-35 0.10050000250339509 202.50000000000003 -0.98295000195503224 4.680000066757203 0.60784998536109935 -4.0150001049041739 1.0000000180025095e-35 3.3449999094009404 335.50000000000006 79.500000000000014
decision_type=2 2 2 2 2 2 2 2 2 2 2 2 2 2 2 2 2 2 2 2 2 2 2 2 2 2 2 2 2 2
left_child=9 2 5 -4 -5 6 13 -8 -3 14 29 28 -13 -2 15 16 17 -1 19 22 21 -20 -16 -21 -18 26 -17 -27 -12 -11
right_child=1 8 3 4 -6 -7 7 -9 -10 10 11 12 -14 -15 18 25 24 -19 20 23 -22 -23 -24 -25 -26 27 -28 -29 -30 -31
leaf_value=0.0090516016980661234 -0.0067544360171184151 0.010125644185641052 0.0068447208603838296 0.02562939281067424 0.079519875754009595 0.0068447208603838296 0.0027273400729353236 -0.056089873329318807 0.045404028679643361 -0.03336673999826114 -0.006598780778747467 0.0035833205069501317 0.029072855319827798 0.0016350058662745739 -0.029011002281364408 0.016952676541884159 0.00011147566195050556 0.044876558972401143 -0.0055493465738397363 0.00011147566195050556 0.00011147566195050556 -0.020371410625853709 -0.008483019204868469 -0.01072063198341627 0.011689922876755056 0.00011147566195050556 0.0014612855426476975 0.019605071174687353 0.0035833205069501317 -0.01065732861469899
leaf_weight=348 183 46 85 15.000000000000002 10.999999999999998 200 56 29 13.999999999999998 11.999999999999998 121 29 32 751 53 85 579 46 135 377 2315 140 632 196 127 3367 57 29 38 140
leaf_count=333 183 46 85 15 11 200 56 29 14 11 121 17 32 744 48 85 532 42 135 376 2273 140 625 196 127 3298 57 29 38 140
internal_value=0.000253566 0.00215343 0.00142243 0.0133534 0.0444141 0.000336015 -0.00139004 -0.016568 0.0183573 -4.45616e-05 -0.00552917 -0.000747385 0.0133053 -8.74988e-06 0.000195867 0.00101799 0.00574473 0.0132342 -0.000795034 -0.00426548 0.000111476 -0.0112102 -0.0100713 0.000111476 0.00156505 0.000111476 0.0107343 0.000111476 -0.00613867 -0.0124502
internal_weight=10248 1390 1330 111 26 1219 1019 85 60 8858 372 220 61 934 8486 4638 1100 394 3848 1258 2590 275 685 573 706 3538 142 3396 159 152
internal_count=10038 1383 1323 111 26 1212 1012 85 60 8655 359 208 49 927 8296 4503 1034 375 3793 1245 2548 275 673 572 659 3469 142 3327 159 151
is_linear=0
shrinkage=0.05


Tree=199
num_leaves=31
num_cat=0
split_feature=7 9 8 28 29 4 28 24 12 18 28 25 24 0 2 10 7 10 6 7 1 3 12 2 2 11 3 3 3 7
split_gain=2.42212 11.854 17.8304 20.6135 56.7083 39.9873 16.997 15.587 12.3486 10.3982 25.0859 20.0326 10.0286 9.76043 13.0176 11.254 8.19861 8.02665 12.962 12.841 13.0986 12.5067 10.5037 9.78267 7.00152 6.60234 6.39548 6.38151 11.3434 23.6481
threshold=1020.5499877929689 -0.6035499870777129 339.50000000000006 41.500000000000007 19.550000190734867 -0.4549999982118606 79.500000000000014 386.25000000000006 0.81174999475479137 8.4499998092651385 59.500000000000007 11.050000190734865 777.91500854492199 19.849999427795414 2.6250000000000004 -0.98295000195503224 1022.7500000000001 -0.6035499870777129 77.500000000000014 1017.2500000000001 54.500000000000007 20.500000000000004 -0.56175000965595234 5.2950000762939462 4.8750000000000009 -1.0000000180025095e-35 60.500000000000007 50.500000000000007 71.500000000000014 1015.1499938964845
decision_type=2 2 2 2 2 2 2 2 2 2 2 2 2 2 2 2 2 2 2 2 2 2 2 2 2 2 2 2 2 2
left_child=17 7 6 4 5 -4 13 8 -2 10 -5 -11 16 15 -15 -3 26 18 22 20 25 24 -1 -23 -21 -20 -9 -19 29 -29
right_child=1 2 3 9 -6 -7 -8 12 -10 11 -12 -13 -14 14 -16 -17 -18 27 19 21 -22 23 -24 -25 -26 -27 -28 28 -30 -31
leaf_value=0.033871248879126813 0.082063064208397485 -0.050572644919157028 -0.066455559024373972 -0.024369907985268759 -0.024369907985268759 -0.17884068489074709 0.044363709150449092 0.0063911280539771537 0.0259577302335052 0.0022939821071336569 0.0012723253186840309 0.071586468567450851 0.00057422816011173331 0.008372091699341137 0.00083507114866613469 -0.0018691254614187952 0.0063911280539771537 0.0010067257710281985 -0.014931171417900145 0.0090304119458085169 0.0090304119458085169 -0.0051183880193959516 0.0090304119458085169 -0.028524250923941025 -0.0083369707215972481 0.0090304119458085169 0.024847124488823279 0.004310305898749753 -0.0015414376140152144 -0.020726268625475913
leaf_weight=57 13 11.999999999999998 11.000000000000002 144 19 10.999999999999998 23 65 11 48 232 11.999999999999998 438 812 460 1025 117 1878 94 199 545 502 93 49 66 41 139 158 2740 234
leaf_count=55 13 12 11 144 18 11 23 65 11 48 220 12 438 733 458 1019 117 1874 94 188 545 495 93 49 66 41 129 158 2673 225
internal_value=0.000262156 0.00130853 -0.000207959 -0.009016 -0.0429112 -0.108541 0.00159369 0.00674891 0.046421 -0.0058286 -0.00891313 0.0135011 0.00549445 0.00116765 0.00410286 -0.00243271 0.012208 -0.000302533 0.00272671 0.00132173 0.00639624 -0.00290703 0.0167391 -0.00719985 0.00601879 -0.00762846 0.0187893 -0.00129777 -0.00267958 -0.010635
internal_weight=10248 3592 2809 477 41 22 2332 783 24 436 376 60 759 2309 1272 1037 321 6656 1646 1496 680 816 150 551 265 135 204 5010 3132 392
internal_count=10038 3482 2709 464 40 22 2245 773 24 424 364 60 749 2222 1191 1031 311 6556 1626 1478 680 798 148 544 254 135 194 4930 3056 383
is_linear=0
shrinkage=0.05


Tree=200
num_leaves=31
num_cat=0
split_feature=1 28 11 1 3 0 12 26 12 4 10 17 3 1 10 4 4 10 12 1 5 1 11 18 10 10 26 11 23 23
split_gain=2.92849 10.0294 21.2462 10.3265 14.8313 16.6148 9.53155 14.3573 9.3581 14.3433 12.2712 8.0653 7.13181 7.85841 6.32813 4.92956 4.474 20.8172 9.90817 10.7657 8.53307 10.3328 7.99647 5.61522 17.7941 6.98859 13.2986 8.56298 3.58279 3.40515
threshold=72.500000000000014 37.500000000000007 0.60784998536109935 70.500000000000014 185.50000000000003 22.349999427795414 1.0000000180025095e-35 22.750000000000004 0.81174999475479137 0.40500000119209295 1.0000000180025095e-35 0.12350000068545343 3.5000000000000004 62.500000000000007 -0.78654998540878285 -4.6249999999999991 -0.67500001192092884 -0.91595000028610218 0.81174999475479137 87.500000000000014 -2.9950000047683711 82.500000000000014 -0.87834998965263356 2.1499999761581425 -0.6035499870777129 -0.6035499870777129 12.84999990463257 -1.0000000180025095e-35 117.50000000000001 50.500000000000007
decision_type=2 2 2 2 2 2 2 2 2 2 2 2 2 2 2 2 2 2 2 2 2 2 2 2 2 2 2 2 2 2
left_child=1 2 29 8 6 -6 11 -8 12 10 -10 -5 13 -3 -14 -2 17 20 22 -20 -17 -22 -19 24 -18 26 -25 -27 -11 -1
right_child=15 3 -4 4 5 -7 7 -9 9 28 -12 -13 14 -15 -16 16 23 18 19 -21 21 -23 -24 25 -26 27 -28 -29 -30 -31
leaf_value=-0.038165027424693111 0.013911626646018952 0.0046423290425014717 -0.066174830351438785 0.0090713475711319391 0.0067014112364409909 0.052288192061659626 -0.0086739563569884267 0.040639844735463462 0.021453742809741008 -0.0086739563569884267 -0.0083248375200254982 0.049323809373059441 -0.0051087853153160313 0.040688685700297357 0.00086363567420020637 0.0016931947320699692 -0.076066077839244503 -0.0069628208068547946 -0.018474371465728494 0.0092194039558703283 -0.04563278088718653 -0.011992275266952459 0.0022049988876031504 -0.00039197319275945173 -0.0099974034167332679 -0.0035218343690731945 0.0096003301215371768 0.0010551714619522643 0.017579366839849033 -0.0086739563569884267
leaf_weight=14.999999999999998 59 54 18 112 41 39 99 14.999999999999998 177 69 43 13.999999999999998 638 21 1455 27 10.999999999999998 306 148 46 50 42 1068 929 23 1742 519 2472 12.999999999999998 25
leaf_count=15 59 54 18 109 40 38 99 8 177 69 43 14 621 21 1426 27 11 306 148 42 50 39 1047 929 23 1715 459 2439 13 18
internal_value=3.81708e-05 0.00140168 -0.0191774 0.00182949 0.0102807 0.028925 0.00406592 -0.00640969 0.000734601 0.00898057 0.0156334 0.0135438 -0.000414053 0.0147353 -0.000956911 -0.000483635 -0.000598673 -0.00286034 -0.00133023 -0.0119078 -0.0230218 -0.0302752 0.000163257 7.11722e-05 -0.0201876 0.000192825 0.00318952 -0.000836889 -0.00867396 -0.00867396
internal_weight=10290 2848 58 2790 320 80 240 114 2470 302 220 126 2168 75 2093 7442 7383 1687 1568 194 119 92 1374 5696 34 5662 1448 4214 82 40
internal_count=10077 2783 51 2732 308 78 230 107 2424 302 220 123 2122 75 2047 7294 7235 1659 1543 190 116 89 1353 5576 34 5542 1388 4154 82 33
is_linear=0
shrinkage=0.05


Tree=201
num_leaves=31
num_cat=0
split_feature=10 12 26 23 23 11 11 5 0 7 5 7 14 27 5 23 28 1 4 7 8 28 3 8 8 26 4 4 17 10
split_gain=2.67491 9.06704 14.0337 12.6953 9.55836 18.8393 11.1638 11.241 5.29219 4.94769 2.55752 2.46293 7.31831 9.90625 19.0069 44.0076 9.26861 6.26599 5.74975 5.21375 8.49328 17.6227 13.5753 7.98179 5.65872 4.53516 8.03161 6.789 4.07284 3.37668
threshold=0.98295000195503246 0.81174999475479137 21.399999618530277 39.500000000000007 32.500000000000007 1.0000000180025095e-35 -0.87834998965263356 1.5950000286102297 22.050000190734867 1021.5499877929689 -4.0450000762939444 1023.1499938964845 48.000000000000007 7.4500000476837167 0.15500000119209292 55.500000000000007 30.500000000000004 91.500000000000014 1.3049999475479128 1022.7500000000001 18.500000000000004 69.500000000000014 105.50000000000001 469.50000000000006 1.5000000000000002 23.94999980926514 1.2450000047683718 1.544999957084656 0.10050000250339509 0.78654998540878307
decision_type=2 2 2 2 2 2 2 2 2 2 2 2 2 2 2 2 2 2 2 2 2 2 2 2 2 2 2 2 2 2
left_child=11 2 4 -3 5 -2 10 -8 -7 -5 -6 19 13 -13 -15 -16 -14 28 -19 25 24 22 -22 -23 -21 29 -27 -28 -18 -1
right_child=1 3 -4 9 6 8 7 -9 -10 -11 -12 12 16 14 15 -17 17 18 -20 20 21 23 -24 -25 -26 26 27 -29 -30 -31
leaf_value=-0.00061942802828031558 -0.073511861264705658 -0.058710222088677044 0.040820038318634039 0.01038822056958452 0.017309278249740601 -0.044000255848680225 8.0720234763422853e-05 0.018752309908357592 -0.011318058053849554 -0.025745408402548898 -0.011318058053849554 0.0013382490773943762 -0.026181713315217122 0.006609378784716422 0.006609378784716422 0.064927595169568558 -0.013385757940370214 -0.013385757940370214 0.0013382490773943762 -0.0016702004849053116 -0.06299242873986563 0.023289672012344519 -0.017390279764053867 -0.013541491645371967 0.032826030254364015 0.0025798070153557453 0.038112631489833203 0.0087270344689226991 0.0013382490773943762 0.0021736592969535781
leaf_weight=6480 13.999999999999998 17 19 20 14.999999999999998 13.999999999999998 198 37 25 18 43 529 38 247 32 49 30 94 42 139 24 29 51 28 12.999999999999998 312 30 57 347 1299
leaf_count=6468 14 17 12 20 15 14 198 37 25 18 43 529 38 233 32 49 30 94 42 139 24 28 44 28 13 183 16 28 347 1299
internal_value=3.82528e-05 -0.00386972 -0.00101796 -0.022795 -0.00331542 -0.0228552 0.000219081 0.00555562 -0.0113181 -0.00672771 -0.0113181 0.000204549 0.00214085 0.00503126 0.0118805 0.0330507 -0.00235476 -0.000589803 -0.0100286 -0.000117633 -0.00677762 -0.0160562 -0.031983 0.00489998 0.00128014 0.00011365 0.00531263 0.01886 0.00133825 -0.000153016
internal_weight=10290 420 365 55 346 53 293 235 39 38 58 9870 1408 857 328 81 551 513 136 8462 284 132 75 57 152 8178 399 87 377 7779
internal_count=10077 413 358 55 346 53 293 235 39 38 58 9664 1394 843 314 81 551 513 136 8270 276 124 68 56 152 7994 227 44 377 7767
is_linear=0
shrinkage=0.05


Tree=202
num_leaves=31
num_cat=0
split_feature=1 28 11 1 10 8 17 12 8 5 5 18 11 9 4 8 3 28 3 18 8 4 8 9 4 26 12 12 23 10
split_gain=2.64072 8.52409 19.5053 9.01967 13.8307 15.8077 27.8258 8.32206 13.709 12.2123 9.97646 6.83967 13.0661 10.345 4.50219 5.82565 23.7341 39.6405 18.1226 10.1784 9.87813 17.2521 4.56501 13.9752 5.9788 3.83102 4.10688 3.68167 3.03513 2.73446
threshold=72.500000000000014 37.500000000000007 0.60784998536109935 70.500000000000014 -0.6035499870777129 443.50000000000006 0.12350000068545343 0.81174999475479137 429.50000000000006 3.6450001001358037 -2.3049999475479122 4.8500001430511483 1.0000000180025095e-35 -0.6035499870777129 -4.6249999999999991 339.50000000000006 351.50000000000006 41.500000000000007 20.500000000000004 2.9500000476837163 323.50000000000006 0.49500000476837164 269.50000000000006 -1.0000000180025095e-35 -2.564999938011169 18.150000572204593 1.0000000180025095e-35 1.0000000180025095e-35 50.500000000000007 1.0000000180025095e-35
decision_type=2 2 2 2 2 2 2 2 2 2 2 2 2 2 2 2 2 2 2 2 2 2 2 2 2 2 2 2 2 2
left_child=1 2 28 7 5 6 -5 11 10 -10 -9 13 -13 -3 -2 20 17 18 -17 -19 22 29 24 -24 -16 26 -6 -7 -1 -22
right_child=14 3 -4 4 25 27 -8 8 9 -11 -12 12 -14 -15 15 16 -18 19 -20 -21 21 -23 23 -25 -26 -27 -28 -29 -30 -31
leaf_value=-0.036394476468364398 0.013294898121128397 0.00012427126078547651 -0.062835115308148989 0.023583913827785772 0.0054977494619459248 0.015856584724546832 0.10616755882898968 0.024478312985350692 0.022639113218816093 -0.0077357155049131033 -0.0079607127628015424 0.00053158445062104318 0.011038718368123535 -0.0079607127628015424 0.0059318286299883845 -0.036156614369869763 0.06303442741433779 -0.020647156416242454 -0.11692528995600614 -0.00021597591505458509 0.012407352637242654 0.068846125581434797 -0.020034258636544542 0.010593958985912852 -0.00055652555200754481 0.018853944697632241 -0.0079607127628015424 -0.0079607127628015424 -0.0079607127628015424 -0.016870560209182175
leaf_weight=14.999999999999998 59 1062 18 68 91 22 11.999999999999998 24 156 42 80 393 355 358 376 15.000000000000002 11.999999999999998 76 10.999999999999998 308 29 13.999999999999998 101 59 6371 26 73 28 25 10.999999999999998
leaf_count=15 59 1033 18 60 91 22 12 24 156 42 80 386 355 348 373 12 12 76 11 307 26 14 100 59 6234 22 73 28 18 11
internal_value=3.32807e-05 0.00132807 -0.0176439 0.00172247 0.00962082 0.0221875 0.0359715 0.000699197 0.00847532 0.016196 -0.00622361 -0.000384008 0.00348546 -0.00242229 -0.000462225 -0.000572162 -0.0062765 -0.00830512 -0.0680536 -0.00425965 -0.000226345 0.0210756 -0.000392887 -0.0087401 -0.000194939 0.00102254 -0.00180439 0.000133282 -0.00796071 0.00435593
internal_weight=10290 2848 58 2790 320 130 80 2470 302 198 104 2168 748 1420 7442 7383 422 410 26 384 6961 54 6907 160 6747 190 164 50 40 40
internal_count=10077 2783 51 2732 308 122 72 2424 302 198 104 2122 741 1381 7294 7235 418 406 23 383 6817 51 6766 159 6607 186 164 50 33 37
is_linear=0
shrinkage=0.05


Tree=203
num_leaves=31
num_cat=0
split_feature=10 11 5 12 23 11 5 18 23 0 0 7 5 4 7 3 14 27 5 28 1 7 8 28 3 8 8 26 4 4
split_gain=2.31955 8.30096 11.4728 11.1968 14.6677 17.9774 17.1022 15.3733 11.4892 10.9323 6.80169 4.49906 3.7335 6.3401 2.20099 6.34377 6.92685 8.13464 17.203 8.01328 5.17244 4.6768 7.64101 15.4644 12.4714 7.10757 5.06897 4.02849 7.33491 6.12707
threshold=0.98295000195503246 -0.87834998965263356 -4.0450000762939444 0.81174999475479137 32.500000000000007 1.0000000180025095e-35 1.5950000286102297 12.449999809265138 39.500000000000007 22.150000572204593 22.050000190734867 1021.5499877929689 -2.754999995231628 0.79500001668930065 1023.1499938964845 353.50000000000006 48.000000000000007 7.4500000476837167 0.15500000119209292 30.500000000000004 91.500000000000014 1022.7500000000001 18.500000000000004 69.500000000000014 105.50000000000001 469.50000000000006 1.5000000000000002 23.94999980926514 1.2450000047683718 1.544999957084656
decision_type=2 2 2 2 2 2 2 2 2 2 2 2 2 2 2 2 2 2 2 2 2 2 2 2 2 2 2 2 2 2
left_child=14 2 -2 4 5 -3 9 -8 -5 -6 -7 -10 -4 -14 21 16 17 -16 -19 -18 -21 27 26 24 -24 -25 -23 -1 -29 -30
right_child=1 3 12 8 6 10 7 -9 11 -11 -12 -13 13 -15 15 -17 19 18 -20 20 -22 22 23 25 -26 -27 -28 28 29 -31
leaf_value=-0.00016136836825159887 0.016471640666325889 -0.069808440336159294 -0.056694849179341249 -0.055746886336847268 -0.0055834442997403479 -0.04177241485033717 0.0190387865468379 0.087840716947208755 0.010026209484785796 0.018838053356522499 -0.0065494683567601858 -0.024430312547418807 0.0016699779492158153 -0.044715562462806703 0.00090957199108102852 0.039827888662164863 -0.024844801386720256 0.0058360584091129257 0.030896721154244411 0.00090957199108102852 -0.009539762443626601 -0.0015863913667502163 -0.059879081199566524 0.021749069723140065 -0.016170357733818832 -0.012881864642675378 0.031062823304763211 0.0024142776993069624 0.03623482589920362 0.0083185090503671722
leaf_weight=7779 14.999999999999998 13.999999999999998 12.999999999999998 17 145 13.999999999999998 31 10.999999999999998 20 67 25 18 13.000000000000002 17 529 10.999999999999998 38 243 81 370 136 139 24 29 51 28 12.999999999999998 312 30 57
leaf_count=7767 15 14 13 17 138 14 31 11 20 67 25 18 13 17 529 11 38 229 81 370 136 139 24 28 44 28 13 183 16 28
internal_value=2.06219e-05 -0.00361851 -0.0211795 -0.000804869 0.00291712 -0.0210084 0.00790945 0.0370583 -0.0215803 0.00213467 -0.00654947 -0.0062953 -0.0343137 -0.0246152 0.000175479 0.00200592 0.00170811 0.00451978 0.0107625 -0.00270064 -0.00103764 -0.00012909 -0.00643681 -0.0152376 -0.0301571 0.00439342 0.00120598 8.99603e-05 0.00498992 0.0179448
internal_weight=10290 420 58 362 307 53 254 42 55 212 39 38 43 30 9870 1408 1397 853 324 544 506 8462 284 132 75 57 152 8178 399 87
internal_count=10077 413 58 355 300 53 247 42 55 205 39 38 43 30 9664 1394 1383 839 310 544 506 8270 276 124 68 56 152 7994 227 44
is_linear=0
shrinkage=0.05


Tree=204
num_leaves=31
num_cat=0
split_feature=1 28 11 1 10 4 5 12 8 2 5 8 27 17 25 7 9 3 22 10 12 1 11 8 7 9 22 4 0 26
split_gain=2.21336 7.16773 17.9201 8.05933 12.4709 14.9267 11.8711 7.41335 12.7847 10.9988 9.06496 6.54878 13.96 8.73863 6.11204 5.54576 14.6107 15.2171 14.4271 21.2392 14.0334 10.8874 9.54678 23.9908 9.6318 6.04992 5.2725 15.7858 22.8008 12.6391
threshold=72.500000000000014 37.500000000000007 0.60784998536109935 70.500000000000014 -0.6035499870777129 0.32500000298023229 -2.4350000619888301 0.81174999475479137 429.50000000000006 4.430000066757203 -2.5949999094009395 473.50000000000006 13.949999809265138 0.13650000095367434 7.8500001430511483 1020.8500061035157 -0.91595000028610218 49.500000000000007 3.4500000476837163 -0.6035499870777129 0.81174999475479137 78.500000000000014 1.0000000180025095e-35 70.500000000000014 1026.049987792969 -0.98295000195503224 6.7500000000000009 2.935000061988831 21.94999980926514 23.94999980926514
decision_type=2 2 2 2 2 2 2 2 2 2 2 2 2 2 2 2 2 2 2 2 2 2 2 2 2 2 2 2 2 2
left_child=1 2 -1 7 5 6 -5 11 10 -10 -9 12 -3 -13 -7 26 17 -17 19 21 25 -18 24 -24 -20 -19 -2 29 -29 -28
right_child=15 3 -4 4 -6 14 -8 8 9 -11 -12 13 -14 -15 -16 16 18 20 22 -21 -22 -23 23 -25 -26 -27 27 28 -30 -31
leaf_value=-0.0073120061052427132 -0.0044470313103214297 0.0023620467460095571 -0.059685291908681395 0.026109980183596518 0.00086879550185250606 0.014047446305101569 -0.0073120061052427132 0.031656816005706793 0.024696429829078836 0.00046451230606946512 -0.0073120061052427132 -0.0031699206499910941 0.048206884107168987 0.016978241534005584 0.057618498230973883 -0.013348870910704136 -0.018050999479368331 0.02169755343347788 -0.0014182614622469864 -0.0042157147250760285 0.0036613436580142551 -0.056151583883911373 0.0020118733767596989 0.023805336483542019 0.02775418956218095 0.056571249249908667 -0.0010358594686294964 0.0053047394829577417 0.084993801208642819 0.040957550870047682
leaf_weight=40 1088 715 18 49 190 10.999999999999998 40 14.999999999999998 122 76 89 1380 17 56 30 28 50 19 1163 174 34 30 629 158 29 36 3944 29 12.999999999999998 18
leaf_count=33 1016 703 18 47 186 11 34 15 122 76 89 1346 17 56 30 28 43 19 1117 169 34 30 622 158 27 36 3944 29 13 9
internal_value=2.03614e-05 0.00120576 -0.0161914 0.00156742 0.00903347 0.0209665 0.00946699 0.000600158 0.00793946 0.0153953 -0.00625528 -0.0004222 0.00342675 -0.0023842 0.0459287 -0.000433281 0.00157588 0.0187995 0.000673441 -0.0105447 0.0289135 -0.0323387 0.00211326 0.00638718 -0.000708529 0.044524 -0.00136053 -0.000521837 0.0299704 -0.000845077
internal_weight=10290 2848 58 2790 320 130 89 2470 302 198 104 2168 732 1436 41 7442 2350 117 2233 254 89 80 1979 787 1192 55 5092 4004 42 3962
internal_count=10077 2783 51 2732 308 122 81 2424 302 198 104 2122 720 1402 41 7294 2283 117 2166 242 89 73 1924 780 1144 55 5011 3995 42 3953
is_linear=0
shrinkage=0.05


Tree=205
num_leaves=31
num_cat=0
split_feature=7 27 5 27 3 8 3 10 7 5 0 4 7 10 5 28 9 11 10 3 3 7 23 24 18 25 9 9 25 23
split_gain=2.1821 8.53448 5.75392 23.6441 22.1382 16.3665 13.069 10.3297 10.9708 11.2567 11.2469 8.13244 6.73331 8.3104 6.9675 4.91276 4.08609 8.13066 4.64999 13.9565 20.9894 7.79436 6.02991 15.9069 7.86604 4.40264 1.65766 1.32003 2.26897 0.918613
threshold=1018.1499938964845 24.300000190734867 -2.1450001001358028 12.050000190734865 223.50000000000003 333.50000000000006 212.50000000000003 0.60354998707771312 1013.7500000000001 -3.2949999570846553 21.750000000000004 -2.9850000143051143 1017.3500061035157 -0.91595000028610218 -3.0549999475479122 13.500000000000002 0.98295000195503246 0.87834998965263378 -0.78654998540878285 221.50000000000003 284.50000000000006 1018.5499877929689 59.500000000000007 137.91500091552737 9.4499998092651385 7.8500001430511483 -0.37939999997615809 0.91595000028610241 14.750000000000002 44.500000000000007
decision_type=2 2 2 2 2 2 2 2 2 2 2 2 2 2 2 2 2 2 2 2 2 2 2 2 2 2 2 2 2 2
left_child=1 2 7 5 -5 6 -4 12 9 -9 -10 -7 13 -1 -14 27 18 -18 19 21 -21 -17 24 -24 -20 -19 -6 -2 -29 -3
right_child=15 29 3 4 26 11 -8 8 10 -11 -12 -13 14 -15 -16 16 17 25 22 20 -22 -23 23 -25 -26 -27 -28 28 -30 -31
leaf_value=0.0098197108025651347 -0.0071383687397676768 0.012410007495629162 -0.021338009558069471 0.0098197108025651347 0.0098197108025651347 -0.021306553361937403 -0.0044756170648210889 -0.023018952266154306 -0.016083397125528958 0.0082658564011138438 0.0015383741736684443 -0.0023617408329067793 0.00049234792501298035 0.0021030906272334203 -0.016271061576971196 0.016047284252050778 -0.0045460154202772189 0.0045434918565054735 -0.0037798049541782927 0.021128737130902367 -0.0021301945062125768 -0.0045460154202772189 0.025061356467468779 0.0029593563930240055 0.0020220054577740577 0.040010336836179106 -0.0023617408329067793 -0.03842147149145602 -0.0061733251670375473 0.026873699461038299
leaf_weight=154 88 19 306 254 26 60 184 129 110 37 512 276 190 1500 92 46 226 21 825 153 265 1016 85 1926 1489 14.999999999999998 259 10.000000000000002 11.999999999999998 26
leaf_count=154 88 19 306 254 26 60 184 129 110 37 512 276 190 1500 92 40 214 21 798 125 254 978 70 1846 1483 15 259 10 12 26
internal_value=6.03095e-08 -0.00088906 -0.00112739 -0.00377699 0.00436931 -0.0090928 -0.015006 0.000200334 -0.0046258 -0.0160458 -0.00157802 -0.00236174 0.00216469 0.00338225 -0.00497657 0.00059511 0.000784979 -0.00454602 0.00106308 -0.00135604 0.00638324 -0.0044022 0.00189089 0.00389355 0.000150458 0.0193213 -0.00236174 -0.00987701 -0.0208316 0.0207668
internal_weight=10311 4134 4089 1365 539 826 490 2724 788 166 622 336 1936 1654 282 6177 6067 262 5805 1480 418 1062 4325 2011 2314 36 285 110 22 45
internal_count=10088 4134 4089 1365 539 826 490 2724 788 166 622 336 1936 1654 282 5954 5844 250 5594 1397 379 1018 4197 1916 2281 36 285 110 22 45
is_linear=0
shrinkage=0.05


Tree=206
num_leaves=31
num_cat=0
split_feature=1 1 4 10 4 5 17 7 28 8 11 4 0 7 18 10 1 0 11 3 5 1 5 27 18 2 5 7 4 8
split_gain=2.7669 9.20675 11.7971 11.6416 8.10145 8.90262 24.5628 18.109 12.0219 16.2803 12.1136 5.16023 9.65156 4.9419 11.5482 34.5513 15.6059 11.7579 10.6388 10.3782 10.2022 5.67874 12.8697 46.5938 22.8918 22.5343 17.4007 18.1039 11.9813 14.2342
threshold=72.500000000000014 64.500000000000014 0.28499999642372137 -0.6035499870777129 -3.254999995231628 -2.4550000429153438 0.13350000232458117 1021.5499877929689 41.500000000000007 382.50000000000006 0.87834998965263378 1.3550000190734866 23.849999427795414 1020.8500061035157 3.4500000476837163 -0.6035499870777129 78.500000000000014 19.849999427795414 1.0000000180025095e-35 18.500000000000004 -2.1750000715255733 84.500000000000014 -0.23499999940395352 11.949999809265138 9.7500000000000018 6.0150001049041757 -2.6850000619888301 1014.7500000000001 -2.9850000143051143 87.500000000000014
decision_type=2 2 2 2 2 2 2 2 2 2 2 2 2 2 2 2 2 2 2 2 2 2 2 2 2 2 2 2 2 2
left_child=1 2 -1 11 -3 6 7 -6 9 -7 -10 12 -4 21 15 16 -15 -16 19 -19 -20 22 26 25 -25 -24 -2 -28 -23 -30
right_child=13 4 3 -5 5 8 -8 -9 10 -11 -12 -13 -14 14 17 -17 -18 18 20 -21 -22 28 23 24 -26 -27 27 -29 29 -31
leaf_value=0.00075777908630956549 -0.0017078041140265205 -0.0050752897569707233 -0.048223740840330723 0.0018608620149455112 0.016209341617519257 -0.013072892736879616 0.067117016762495041 -0.015384724154545552 0.0027151284127932482 -0.079457026893611671 0.027338019599793137 -0.008933516021009863 -0.014563851659758049 -0.019271913046052434 -0.0021862681289391674 -0.0025521763153155737 -0.063491105497814712 0.020205765092698558 0.0017190282474952427 0.0017190282474952427 0.016156829272752558 0.019576121300863298 -0.00072623119392770097 0.015508427177865144 0.064624376222491273 -0.044008931028656662 0.0081886150862976719 -0.017238766671208768 0.00040635170332551957 -0.01317879730185431
leaf_weight=1352 848 184 34 109 222 14.000000000000002 20 57 666 10.999999999999998 54 68 57 53 767 212 32 77 97 779 343 76 499 59 38 32 83 447 2814 207
leaf_count=1335 848 173 29 109 217 12 20 57 640 11 53 67 57 47 765 206 32 75 97 731 337 76 468 59 38 32 83 428 2780 206
internal_value=7.33806e-06 0.00133321 -0.0011419 -0.0107253 0.00459843 0.00630337 0.0135916 0.00975464 0.00337831 -0.0307076 0.00456185 -0.0193536 -0.0271401 -0.000498638 0.00139335 -0.00782479 -0.0359191 0.00272043 0.00562432 0.00237642 0.011943 -0.00137363 -0.0034461 0.00248633 0.0343515 -0.0033346 -0.0061497 -0.0132567 -3.12406e-05 -0.000524508
internal_weight=10311 2848 1620 268 1228 1044 299 279 745 25 720 159 91 7463 2360 297 85 2063 1296 856 440 5103 2006 628 97 531 1378 530 3097 3021
internal_count=10088 2780 1597 262 1183 1010 294 274 716 23 693 153 86 7308 2290 285 79 2005 1240 806 434 5018 1956 597 97 500 1359 511 3062 2986
is_linear=0
shrinkage=0.05


Tree=207
num_leaves=31
num_cat=0
split_feature=1 1 4 10 8 10 17 28 5 7 7 18 26 3 4 27 23 7 28 5 17 24 2 10 11 4 3 7 3 18
split_gain=2.51332 8.34504 10.6469 10.5066 7.74002 21.9058 15.8767 18.3686 17.8481 10.5615 8.79993 12.9809 12.2569 5.92887 7.19787 5.74774 5.4572 4.76998 8.09881 6.43588 5.88284 5.76127 5.18158 4.70456 4.70415 4.65711 8.40559 4.4888 11.4164 8.7802
threshold=72.500000000000014 64.500000000000014 0.28499999642372137 -0.6035499870777129 469.50000000000006 -1.0000000180025095e-35 0.12350000068545343 62.500000000000007 -2.4950000047683711 1021.5499877929689 1020.8500061035157 9.2500000000000018 8.2500000000000018 54.500000000000007 -3.254999995231628 11.949999809265138 75.500000000000014 1018.2500000000001 69.500000000000014 -3.2949999570846553 0.12350000068545343 547.08499145507824 3.2649999856948857 -0.78654998540878285 -0.60784998536109913 1.3550000190734866 348.50000000000006 1021.0499877929689 16.500000000000004 3.4500000476837163
decision_type=2 2 2 2 2 2 2 2 2 2 2 2 2 2 2 2 2 2 2 2 2 2 2 2 2 2 2 2 2 2
left_child=1 2 17 25 5 6 7 -3 -8 10 11 -6 -12 15 -15 -7 -11 19 22 24 -21 -20 -19 -18 -1 26 -4 -2 -29 -30
right_child=27 4 3 -5 9 13 8 -9 -10 16 12 -13 -14 14 -16 -17 23 18 21 20 -22 -23 -24 -25 -26 -27 -28 28 29 -31
leaf_value=0.010800276818994132 -0.0012675882870170493 0.0019376908051038999 -0.034363718776275282 0.0017678188746677575 -0.00071836807406865642 0.004671923851319512 0.10081462905957146 0.028077872046305026 0.035495656582461087 -0.024142989065618285 -0.004661546490776043 0.052135302623113 0.05734897472840899 -0.029261742729693653 -0.0011867029139348891 0.032992167274157207 -0.011558545499112373 0.0022254418772690104 0.019938331270164037 -0.011843264781742949 0.0042144998787091922 0.005126099524853431 -0.012123537773155783 0.019162019880281558 -0.0011391587150071493 -0.0084868403384462006 0.0011289624243297359 0.014833194139646367 -0.0076567127653892481 0.0017722360141906796
leaf_weight=110 5261 138 69 109 364 122 13.000000000000002 131 11.999999999999998 62 14.999999999999998 11.999999999999998 17 25 263 21 14.999999999999998 117 83 220 77 314 101 18 330 68 22 148 287 1767
leaf_count=110 5173 132 64 109 345 122 13 122 12 62 15 12 17 21 259 21 12 112 79 220 77 306 101 18 330 67 22 146 275 1714
internal_value=7.97287e-06 0.00127163 -0.0010848 -0.0101891 0.00438029 0.0076867 0.0182098 0.0146677 0.0563236 -0.000385415 0.00311065 0.000968451 0.0282815 0.000508501 -0.00362377 0.00883084 -0.0154001 0.00071989 0.00397103 -0.00199307 -0.00768014 0.00822286 -0.00377198 0.0010259 0.0018457 -0.0183859 -0.0257831 -0.00047426 0.00142115 0.000454754
internal_weight=10311 2848 1620 268 1228 725 294 269 25 503 408 376 32 431 288 143 95 1352 615 737 297 397 218 33 440 159 91 7463 2202 2054
internal_count=10088 2780 1597 262 1183 702 279 254 25 481 389 357 32 423 280 143 92 1335 598 737 297 385 213 30 440 153 86 7308 2135 1989
is_linear=0
shrinkage=0.05


Tree=208
num_leaves=31
num_cat=0
split_feature=1 1 4 12 10 12 8 5 17 5 11 27 12 28 24 28 4 5 8 3 3 25 5 1 4 6 8 12 9 3
split_gain=2.25273 7.46379 9.61856 12.0193 9.48218 8.8609 13.2922 15.5325 9.53616 8.89387 8.58668 7.78513 11.2311 10.6442 14.185 10.1463 4.20304 7.63373 4.16689 4.03086 3.68607 3.34038 4.9522 4.70635 3.24292 7.26285 7.18751 16.0748 34.2542 14.1906
threshold=72.500000000000014 64.500000000000014 0.28499999642372137 0.81174999475479137 -0.6035499870777129 1.0000000180025095e-35 579.50000000000011 4.8949999809265146 0.13650000095367434 1.544999957084656 0.87834998965263378 13.550000190734865 0.81174999475479137 59.500000000000007 534.58499145507824 47.500000000000007 1.3550000190734866 -2.8950001001358028 374.50000000000006 32.500000000000007 187.50000000000003 10.449999809265138 -0.64499998092651356 62.500000000000007 -4.0150001049041739 402.50000000000006 364.50000000000006 0.81174999475479137 -1.0000000180025095e-35 285.50000000000006
decision_type=2 2 2 2 2 2 2 2 2 2 2 2 2 2 2 2 2 2 2 2 2 2 2 2 2 2 2 2 2 2
left_child=1 2 3 21 16 6 7 9 10 -3 -8 13 -13 15 -15 -7 17 -4 -5 -20 -9 23 -23 -1 25 -2 -26 29 -29 -28
right_child=24 5 4 18 -6 11 8 20 -10 -11 -12 12 -14 14 -16 -17 -18 -19 19 -21 -22 22 -24 -25 26 -27 27 28 -30 -31
leaf_value=-0.0012791973292209389 0.02194071023975714 0.014353956661341344 0.0019458115189557987 -0.012781046455105147 0.0016794280534334601 -0.061588870056650862 -0.016561292834123786 0.027629542978186358 0.041523014605045316 0.00012802398404018327 0.012926905444174103 0.012874585988704945 0.065440761546293885 0.012874585988704945 -0.0034267583670083688 -0.010748601105105091 -0.0080624982783132609 -0.032425835251508814 0.003989910978291716 0.024295759013635509 0.05920427441596985 0.00018686543321748389 0.014133406662716506 -0.012825897462391709 -0.00026998172828367623 -0.00032145629464198027 -0.0051875080925944004 -0.014624270512299104 -0.11522522717714311 0.04487690885861715
leaf_weight=699 52 314 21 11.999999999999998 109 10.999999999999998 98 19 9.9999999999999982 169 33 12 12 100 341 91 68 70 35 81 18 346 78 101 6956 124 251 55 9.9999999999999982 14.999999999999998
leaf_count=699 52 306 21 12 109 11 98 19 10 168 33 12 12 85 320 91 67 65 35 81 18 342 65 101 6803 124 249 55 10 15
internal_value=6.00153e-06 0.00120236 -0.00102619 0.00068914 -0.00967962 0.00414229 0.00807599 0.0117681 -0.00554035 0.00937635 -0.00913297 -0.000443546 0.0274245 -0.00167528 0.00169144 -0.0162314 -0.0174666 -0.0244939 0.0152674 0.018169 0.0429902 -0.000835387 0.0027525 -0.00273697 -0.000450547 0.006256 -0.000612528 -0.00781117 -0.0301013 -0.00236433
internal_weight=10311 2848 1620 1352 268 1228 661 520 141 483 131 567 24 543 441 102 159 91 128 116 37 1224 424 800 7463 176 7287 331 65 266
internal_count=10088 2780 1597 1335 262 1183 652 511 141 474 131 531 24 507 405 102 153 86 128 116 37 1207 407 800 7308 176 7132 329 65 264
is_linear=0
shrinkage=0.05


Tree=209
num_leaves=31
num_cat=0
split_feature=1 1 4 12 12 8 5 7 27 7 9 8 17 5 11 3 9 7 7 12 9 1 22 8 7 3 23 8 9 5
split_gain=2.04882 6.77471 8.68075 10.8474 7.93689 11.9962 14.0181 9.3424 38.8298 16.9169 25.2365 15.9114 8.60639 8.11325 7.74948 7.46118 6.63542 4.18455 10.3525 26.6728 16.7088 13.3333 10.5472 14.9447 8.95512 8.38671 8.73222 5.66049 5.40031 23.391
threshold=72.500000000000014 64.500000000000014 0.28499999642372137 0.81174999475479137 1.0000000180025095e-35 579.50000000000011 4.8949999809265146 1022.1499938964845 13.550000190734865 1021.1499938964845 -0.37939999997615809 440.50000000000006 0.13650000095367434 -1.7949999570846555 0.87834998965263378 54.500000000000007 -0.78654998540878285 1021.0499877929689 1022.1499938964845 0.81174999475479137 -0.91595000028610218 86.500000000000014 3.4500000476837163 112.50000000000001 1026.350036621094 16.500000000000004 59.500000000000007 27.500000000000004 -0.6035499870777129 -3.0949999094009395
decision_type=2 2 2 2 2 2 2 2 2 2 2 2 2 2 2 2 2 2 2 2 2 2 2 2 2 2 2 2 2 2
left_child=1 2 3 -1 5 6 13 9 11 15 -11 -9 14 -3 -7 -6 -4 28 19 25 -20 -21 23 -22 -24 -19 -27 -23 29 -2
right_child=17 4 16 -5 7 12 -8 8 -10 10 -12 -13 -14 -15 -16 -17 -18 18 20 21 22 27 24 -25 -26 26 -28 -29 -30 -31
leaf_value=-0.00079361744247172575 0.0059397647887734434 0.01664906013242189 0.0024484594035173012 0.014504056623991346 0.010116797517754052 -0.015733228383196178 0.040840711585573251 0.015231453165844351 0.10682088732719422 -0.0040813376661390068 -0.07075261946090243 -0.031945900836338602 0.039446865171194084 0.0034830163094226579 0.012280560787202735 -0.0044253507777358651 -0.014511425659546388 0.02963640298306321 0.030861295417416841 -0.020713943420225277 -0.0062746911587616251 0.015473370310270563 -0.001108660590091871 -0.0300062764872564 0.018856858537863879 0.0051163142348165337 0.019592279928748485 -0.012318806217185089 -0.00041602474465622446 -0.010075662925889978
leaf_weight=1224 350 199 84 128 131 98 37 70 9.9999999999999982 40 22 24 9.9999999999999982 284 33 270 184 60 40 113 125 53 1168 80 59 322 154 28 4257 654
leaf_count=1207 350 191 84 128 131 98 37 63 10 37 22 24 10 283 33 244 178 60 40 113 125 46 1157 74 59 315 127 19 4180 643
internal_value=7.37631e-06 0.0011483 -0.000974877 0.000654683 0.00394924 0.00767219 0.0111797 -0.000390911 0.013151 -0.00343273 -0.0277389 0.00318617 -0.00526333 0.00890754 -0.00867632 0.000325326 -0.00919564 -0.00042802 0.00140203 0.00627032 -0.00101227 -0.00961605 -0.0019026 -0.0124008 -0.000148623 0.0120202 0.00979971 0.0058662 -0.00119399 -0.0044926
internal_weight=10311 2848 1620 1352 1228 661 520 567 104 463 62 94 141 483 131 401 268 7463 2202 730 1472 194 1432 205 1227 536 476 81 5261 1004
internal_count=10088 2780 1597 1335 1183 652 511 531 97 434 59 87 141 474 131 375 262 7308 2135 680 1455 178 1415 199 1216 502 442 65 5173 993
is_linear=0
shrinkage=0.05


Tree=210
num_leaves=28
num_cat=0
split_feature=1 1 9 29 12 7 22 0 24 11 23 22 9 11 5 4 0 3 8 8 8 4 4 7 1 0 5
split_gain=2.09653 2.47266 10.5423 15.3157 11.6001 7.57707 13.1067 9.36428 7.10847 6.35206 6.28039 4.28963 5.77869 2.86977 36.7396 14.3245 25.6206 12.4305 3.6104 15.23 18.2993 12.7087 10.042 12.9904 5.76654 2.68563 0.167368
threshold=99.500000000000014 93.500000000000014 -1.0000000180025095e-35 11.550000190734865 1.0000000180025095e-35 1021.1499938964845 12.550000190734865 20.849999427795414 137.91500091552737 -0.60784998536109913 67.500000000000014 21.150000572204593 -0.37939999997615809 -0.87834998965263356 4.7950000762939462 2.5649999380111699 21.94999980926514 20.500000000000004 448.50000000000006 386.50000000000006 382.50000000000006 0.41499999165534979 0.18500000238418582 1018.8500061035157 79.500000000000014 23.250000000000004 5.1949999332427987
decision_type=2 2 2 2 2 2 2 2 2 2 2 2 2 2 2 2 2 2 2 2 2 2 2 2 2 2 2
left_child=1 13 3 11 8 7 -7 -6 10 -10 -4 12 -3 14 15 17 -17 -1 19 20 -15 -21 24 -24 -20 -16 -27
right_child=-2 2 4 -5 5 6 -8 -9 9 -11 -12 -13 -14 18 25 16 -18 -19 22 21 -22 -23 23 -25 -26 26 -28
leaf_value=0.0065513591815278931 0.01660271084524299 0.0075649580826027338 0.0072071966322066333 0.056671585713047534 -0.023943426900639619 -0.0095996303235648707 0.019297340352620401 -0.0016747996074056054 0.003329182066301878 -0.0086128783783404779 0.048097926974296573 0.027138689243131217 -0.0196978995612321 0.00082895308334910941 0.030795774608850482 -0.020559667497873302 0.090020631660114647 -0.0067648567413872056 0.00053339790001953559 0.016980071353767567 -0.032292298088543163 -0.0092120730791959843 0.0020962923436608411 -0.02126764243663247 -0.021980809762367402 0.053737044831116978 0.062495480179786678
leaf_weight=215 19 77 154 15.999999999999998 145 197 49 70 124 205 9.9999999999999982 18 26 5884 15.999999999999998 10.000000000000002 10.999999999999998 948 1475 247 42 57 107 134 29 12.000000000000002 9.9999999999999982
leaf_count=215 19 77 154 16 141 190 49 68 124 205 8 18 26 5738 16 10 11 948 1440 235 41 57 106 134 29 12 10
internal_value=9.03498e-06 -2.16104e-05 -0.00227221 0.0106978 -0.00413478 -0.00983642 -0.00384373 -0.0166932 0.00119678 -0.00304217 0.00970053 0.00461862 0.000683072 0.000245368 -0.00201095 -0.00356411 0.0373633 -0.00430313 0.000591101 0.00115414 0.000594209 0.012069 -0.00141905 -0.0108944 9.92809e-05 0.0463824 0.0577182
internal_weight=10307 10288 1091 137 954 461 246 215 493 329 164 121 103 9197 1222 1184 21 1163 7975 6230 5926 304 1745 241 1504 38 22
internal_count=10097 10078 1076 137 939 448 239 209 491 329 162 121 103 9002 1222 1184 21 1163 7780 6071 5779 292 1709 240 1469 38 22
is_linear=0
shrinkage=0.05


Tree=211
num_leaves=24
num_cat=0
split_feature=1 1 9 29 12 7 7 18 6 11 10 7 28 11 5 4 6 10 11 0 7 7 29
split_gain=1.8917 2.20158 9.48957 13.8224 10.5405 6.91736 19.6557 8.28276 6.62605 4.58977 3.8892 4.55238 3.44677 2.75866 33.1575 12.9279 4.06874 12.4982 11.6965 2.42378 1.96339 0.69782 0.165177
threshold=99.500000000000014 93.500000000000014 -1.0000000180025095e-35 11.550000190734865 1.0000000180025095e-35 1019.2500000000001 1018.9500122070314 12.550000190734865 372.50000000000006 1.0000000180025095e-35 -1.0000000180025095e-35 1023.3500061035157 10.500000000000002 -0.87834998965263356 4.7950000762939462 2.5649999380111699 512.50000000000011 -0.78654998540878285 -1.0000000180025095e-35 23.250000000000004 1018.0499877929689 1020.5499877929689 11.250000000000002
decision_type=2 2 2 2 2 2 2 2 2 2 2 2 2 2 2 2 2 2 2 2 2 2 2
left_child=1 12 3 10 8 6 -6 -7 9 -4 -3 -12 21 14 15 -14 17 -15 -18 -16 -10 -1 -23
right_child=-2 2 4 -5 5 7 -8 -9 20 -11 11 -13 13 16 19 -17 18 -19 -20 -21 -22 22 -24
leaf_value=-0.023339632612008318 0.015772575621591196 -0.02039425846721445 0.0077170976422961772 0.053838005149737002 -0.0062110805512653501 -0.01033684863289998 -0.05122217715351976 0.0074185737620361836 -0.0051350773688465428 -0.0028242437212444289 0.013621667281840928 -0.010122356101594589 -0.0040879749387473848 0.0081612530454549422 0.02925598556175828 0.035495178898175557 -0.0044848141580106247 0.0006131694722610483 0.0006131694722610483 0.054832244156436484 -0.021764394672853609 -0.012847461551427842 -0.0066349575384249326
leaf_weight=12.999999999999998 19 13.999999999999998 254 15.999999999999998 79 259 35 88 30 174 80 27 1163 640 15.999999999999998 21 1316 3425 2549 22 35 18 13.999999999999998
leaf_count=13 19 14 252 16 79 246 35 88 30 174 80 27 1163 588 16 21 1259 3346 2542 22 35 18 14
internal_value=1.02906e-05 -1.88194e-05 -0.00214247 0.0101629 -0.00390959 -0.0093446 -0.0200303 -0.00583403 0.00117264 0.0034316 0.00438769 0.00763018 0.0002331 0.000300973 -0.0019104 -0.00338591 0.000641743 0.00174609 -0.000519756 0.0440633 -0.0137018 -0.0135709 -0.00960234
internal_weight=10307 10288 1091 137 954 461 114 347 493 428 121 107 9197 9152 1222 1184 7930 4065 3865 38 65 45 32
internal_count=10097 10078 1076 137 939 448 114 334 491 426 121 107 9002 8957 1222 1184 7735 3934 3801 38 65 45 32
is_linear=0
shrinkage=0.05


Tree=212
num_leaves=31
num_cat=0
split_feature=0 25 1 7 3 3 0 8 8 8 12 1 11 11 7 10 7 7 3 4 8 4 1 28 7 28 17 0 28 3
split_gain=1.77819 4.20372 1.88775 3.7983 5.65848 5.7278 5.07134 4.05797 3.0768 16.8701 80.994 13.3248 8.48168 5.36 9.8534 5.46272 4.96053 19.8046 2.86675 2.56596 1.92442 1.59928 1.37692 1.28756 1.057 0.825892 0.752203 0.629324 0.30879 0.195385
threshold=30.050000190734867 10.84999990463257 54.500000000000007 1017.7500000000001 173.50000000000003 191.50000000000003 28.94999980926514 653.50000000000011 386.50000000000006 382.50000000000006 0.81174999475479137 80.500000000000014 1.0000000180025095e-35 -0.60784998536109913 1024.049987792969 0.78654998540878307 1021.5499877929689 1022.2500000000001 111.50000000000001 -2.6550000905990596 799.50000000000011 -0.41499999165534968 46.500000000000007 37.500000000000007 1016.8500061035157 107.50000000000001 0.093499999493360533 23.550000190734867 69.500000000000014 37.500000000000007
decision_type=2 2 2 2 2 2 2 2 2 2 2 2 2 2 2 2 2 2 2 2 2 2 2 2 2 2 2 2 2 2
left_child=2 22 3 6 27 7 19 -6 9 13 -11 16 18 14 -4 -15 23 -18 -13 -1 -8 -21 -2 -10 -14 -3 -24 28 -5 -28
right_child=1 25 8 4 5 -7 20 -9 11 10 -12 12 24 15 -16 -17 17 -19 -20 21 -22 -23 26 -25 -26 -27 29 -29 -30 -31
leaf_value=-0.036380791291594508 0.0023519194705091812 0.012201572404630627 -0.001443511850469396 -0.0099495454691350474 -0.0081277475133538224 0.0023519194705091812 0.0023519194705091812 -0.049830634679113119 -0.019136022331536211 0.0023519194705091812 -0.14904344420541416 -0.061910844842592863 0.0023519194705091812 -0.00033528600872979918 -0.016288097213038196 0.0023519194705091812 -0.021860384783391262 0.0023519194705091812 -0.02802078566299035 -0.015899824065325613 -0.006795396274629187 -0.006795396274629187 0.0023519194705091812 0.0023519194705091812 -0.014989831335842611 0.028383434387414083 0.012201572404630627 0.0023519194705091812 -0.0013455842821655372 0.0072767459375699039
leaf_weight=11.999999999999998 102 11.000000000000002 2123 18 10.000000000000002 20 81 13.999999999999998 19 34 10.999999999999998 12.000000000000002 12.000000000000002 4080 118 1504 106 246 12.999999999999998 88 15.999999999999998 29 12.999999999999998 1323 9.9999999999999982 19 38 192 23 9.9999999999999982
leaf_count=12 102 11 2043 18 10 20 81 14 19 33 11 12 12 4004 118 1499 98 240 13 88 16 29 13 1289 10 19 38 192 23 10
internal_value=2.01904e-05 0.00477437 -7.05311e-05 -0.00305647 0.000868127 -0.0159611 -0.00786671 -0.0324544 8.57407e-05 -0.000335032 -0.0308616 0.0019878 -0.0243628 -0.00015948 -0.00222515 0.000669528 0.00235192 -0.003638 -0.044288 -0.0143615 0.000770751 -0.0121032 0.00235192 0.00235192 -0.00172048 0.0220512 0.00996532 0.00235192 -0.00504309 0.0122016
internal_weight=10307 193 10114 503 277 44 226 24 9611 7870 45 1741 47 7825 2241 5584 1694 352 25 129 97 117 163 1342 22 30 61 233 41 48
internal_count=10097 193 9904 503 277 44 226 24 9401 7708 44 1693 47 7664 2161 5503 1646 338 25 129 97 117 163 1308 22 30 61 233 41 48
is_linear=0
shrinkage=0.05


Tree=213
num_leaves=31
num_cat=0
split_feature=5 11 22 1 7 1 4 23 23 26 12 9 7 22 8 5 8 11 29 7 7 7 25 7 8 8 12 7 29 1
split_gain=1.86551 5.43153 7.08494 9.48972 6.23619 6.19347 5.85576 5.77532 4.77288 4.16948 3.03161 2.87103 2.69155 3.18072 2.42004 5.41311 4.18565 9.13191 26.0119 17.9113 14.4456 11.9792 5.83965 3.86133 3.69337 16.4159 72.2018 14.4112 26.0617 10.9655
threshold=-4.1849999427795401 0.60784998536109935 19.849999427795414 82.500000000000014 1013.6499938964845 83.500000000000014 -0.76499998569488514 46.500000000000007 40.500000000000007 6.9500000476837167 1.0000000180025095e-35 0.78654998540878307 1017.8500061035157 8.8499999046325701 751.00000000000011 -2.7949999570846553 586.50000000000011 -1.0000000180025095e-35 12.250000000000002 1019.9500122070314 1017.6499938964845 1015.9500122070314 14.050000190734865 1014.8500061035157 386.50000000000006 382.50000000000006 0.81174999475479137 1015.1499938964845 12.650000095367433 80.500000000000014
decision_type=2 2 2 2 2 2 2 2 2 2 2 2 2 2 2 2 2 2 2 2 2 2 2 2 2 2 2 2 2 2
left_child=1 2 3 4 7 6 -5 -1 11 -6 -7 -3 -10 -14 16 23 24 20 22 -20 21 -18 -19 -16 25 -2 -27 28 -26 -29
right_child=14 8 -4 5 9 10 -8 -9 12 -11 -12 -13 13 -15 15 -17 17 18 19 -21 -22 -23 -24 -25 27 26 -28 29 -30 -31
leaf_value=-0.03106359325741467 -0.00018661002194991246 -0.017552006062444139 0.015453565870929095 -0.036768619908640783 -0.0037855110196944549 -0.0082500392998903615 -3.8243271410465242e-05 -0.0010159042767608668 0.010403499760044118 0.0072943075500558827 0.00095343446591868999 0.004335555148355783 0.0097020850749686346 0.042336024157702927 0.013819000883294004 0.015901985617253828 -0.011843761982671267 -0.010429388201862941 0.031662590431189665 0.0041496054518151068 0.0023313433654012458 -0.040795151493016713 0.0041496054518151068 -0.0080633025124876041 0.01119813333999941 0.0075134867381665017 -0.14159127050502734 0.0016005756647197483 0.088394111767411243 -0.028206884395331144
leaf_weight=19 7129 23 72 30 85 203 17 101 123 258 160 21 14.000000000000002 15.999999999999998 28 74 149 278 93 74 138 47 11.999999999999998 72 123 31 10.999999999999998 862 11.999999999999998 32
leaf_count=19 6968 23 72 30 85 203 17 101 123 258 160 21 14 16 28 74 149 278 93 74 127 47 12 72 123 30 11 825 12 32
internal_value=4.7149e-05 0.00195277 0.000378365 -0.000864951 0.00404064 -0.00640468 -0.0234832 -0.00577346 0.00950509 0.00729431 -0.00419341 -0.00500756 0.0136787 0.0271069 -0.000190299 0.00565012 -0.000303327 -0.00377682 0.000815986 0.0165355 -0.010061 -0.0187862 -0.00823628 -0.00193626 3.17374e-05 -0.000370231 -0.0315378 0.00283302 0.01806 0.000533642
internal_weight=10307 1142 945 873 463 410 47 120 197 343 363 44 153 30 9165 174 8991 791 457 167 334 196 290 100 8200 7171 42 1029 135 894
internal_count=10097 1142 945 873 463 410 47 120 197 343 363 44 153 30 8955 174 8781 780 457 167 323 196 290 100 8001 7009 41 992 135 857
is_linear=0
shrinkage=0.05


Tree=214
num_leaves=31
num_cat=0
split_feature=5 7 3 4 25 1 18 9 7 23 25 1 7 9 12 25 18 7 7 8 8 1 12 23 1 26 7 12 4 5
split_gain=1.76417 4.17847 6.82084 10.8821 8.97646 7.99414 17.1012 7.9417 4.60969 8.79193 6.71687 3.06473 4.88491 5.56746 3.04617 2.9473 2.64316 2.28629 2.27362 2.19221 5.13957 6.58341 9.77143 7.64047 7.27914 4.41155 5.80851 5.54441 2.98638 2.89396
threshold=-4.1849999427795401 1013.6499938964845 26.500000000000004 -1.2150000333786009 9.2500000000000018 82.500000000000014 7.4500000476837167 -0.6035499870777129 1016.8500061035157 36.500000000000007 8.4499998092651385 70.500000000000014 1012.8500061035157 0.3793999999761582 1.0000000180025095e-35 4.8500001430511483 3.2500000000000004 1017.8500061035157 1010.5499877929689 733.50000000000011 629.50000000000011 69.500000000000014 0.81174999475479137 86.500000000000014 67.500000000000014 16.349999427795414 1014.8500061035157 -0.56175000965595234 -1.9950000047683714 -3.6550000905990596
decision_type=2 2 2 2 2 2 2 2 2 2 2 2 2 2 2 2 2 2 2 2 2 2 2 2 2 2 2 2 2 2
left_child=1 11 3 5 15 14 -7 17 10 -10 -5 16 18 -14 -3 -4 -1 -6 -13 20 -2 22 24 -23 -22 26 -21 29 -27 -28
right_child=19 2 4 8 7 6 -8 -9 9 -11 -12 12 13 -15 -16 -17 -18 -19 -20 25 21 23 -24 -25 -26 28 27 -29 -30 -31
leaf_value=-0.002767202089469518 -3.8673145308480608e-05 -0.0097767205977881411 -0.0064594717982055794 0.0031071094619698108 0.015616607781115838 -0.086863794326782234 -0.012952496503971312 0.05369433360664469 -0.021760388139797294 0.0041360863249569222 0.018418155910764285 0.020665014941583983 -0.032654664101345203 -0.00098710036229180255 0.010792161724357693 0.0084973387802304082 0.015577094850164872 0.039536246955394747 -0.0043557870224154053 0.0075560104403990013 -0.0076681414908723877 -0.039970552708421439 0.025029722108904806 -7.3630894933428089e-05 0.019328281269581232 0.0075560104403990013 -0.011769476506326881 0.00030634877142420236 0.027318450217616971 -0.041117331811359958
leaf_weight=72 8477 54 44 301 36 9.9999999999999982 36 19 46 114 94 10.999999999999998 35 23 27 131 27 9.9999999999999982 52 64 332 28 28 21 27 43 21 81 29 13.999999999999998
leaf_count=72 8275 54 44 301 36 10 36 19 46 114 94 11 35 23 27 131 27 10 52 64 324 28 28 21 27 43 21 81 29 14
internal_value=4.99656e-05 0.0019031 0.00338048 0.000829326 0.01063 -0.0123739 -0.0290202 0.0264964 0.0038506 -0.00330915 0.00675075 -0.00428845 -0.00962647 -0.0200968 -0.00292043 0.00473677 0.00223579 0.0156166 1.29244e-05 -0.000180944 -0.000310971 -0.00560516 -0.00341893 -0.0228719 -0.00563777 0.00441798 0.000233945 -0.0068792 0.0148781 -0.0235086
internal_weight=10307 1142 922 682 240 127 46 65 555 160 395 220 121 58 81 175 99 46 63 9165 8913 436 387 49 359 252 180 116 72 35
internal_count=10097 1142 922 682 240 127 46 65 555 160 395 220 121 58 81 175 99 46 63 8955 8703 428 379 49 351 252 180 116 72 35
is_linear=0
shrinkage=0.05


Tree=215
num_leaves=25
num_cat=0
split_feature=7 18 23 5 7 7 18 23 0 2 29 3 10 0 12 28 7 7 1 18 3 9 11 4
split_gain=1.82201 7.73371 8.73311 7.61128 6.32468 4.91642 7.97355 4.01649 3.05796 3.61527 2.99332 8.09766 2.27415 32.9801 28.0024 5.22567 3.93402 4.97318 1.70255 1.63489 1.3818 1.30137 1.2385 0.576204
threshold=1026.4500122070315 4.3500001430511483 63.500000000000007 -0.38499999046325678 1027.1499633789065 1025.7500000000002 7.0499999523162851 71.500000000000014 17.750000000000004 3.3199999332427983 24.550000190734867 15.500000000000002 -0.98295000195503224 24.150000572204593 0.81174999475479137 37.500000000000007 1025.2500000000002 1024.850036621094 75.500000000000014 3.4500000476837163 293.50000000000006 0.60354998707771312 -0.60784998536109913 -0.27500000596046442
decision_type=2 2 2 2 2 2 2 2 2 2 2 2 2 2 2 2 2 2 2 2 2 2 2 2
left_child=5 3 18 -2 7 10 8 -5 -7 22 12 -12 13 14 -1 -15 17 -14 -3 -18 23 -8 -10 -20
right_child=1 2 -4 4 -6 6 21 -9 9 -11 11 -13 16 15 -16 -17 19 -19 20 -21 -22 -23 -24 -25
leaf_value=-0.0081546160858434105 0.005019069946145753 0.005019069946145753 0.052037695303027126 -0.046802291639247227 0.005019069946145753 -0.045496310429139569 0.016872425228357316 -0.010734471334860876 -0.019495516390646232 -0.03101153584767459 0.0074326978358218625 0.043505636821774878 0.00017084680435501979 -0.004484018116676613 -0.053311928851707352 0.0074326978358218625 -0.0036572481752099361 -0.0090370284071309929 0.005019069946145753 0.0074326978358218625 0.030327411208536104 -0.0039551973653336372 -0.0062219178864324938 0.016284639574587343
leaf_weight=188 27 22 13.999999999999998 19 17 10.999999999999998 20 12.999999999999998 11.999999999999995 14.999999999999998 17 17 9262 27 42 127 34 149 13.999999999999995 116 10.999999999999998 11.999999999999998 26.000000000000004 20.000000000000004
leaf_count=181 26 22 14 19 12 11 14 13 12 15 10 13 9084 27 42 127 34 149 14 116 11 12 26 20
internal_value=2.77835e-05 0.00537266 0.0161219 -0.00608378 -0.0190544 -5.55064e-05 -0.0113166 -0.0321497 -0.0215059 -0.0165268 5.28274e-05 0.0148632 2.19363e-06 -0.0037706 -0.0164007 0.0074327 0.000153721 2.50628e-05 0.00861713 0.0074327 0.0156897 0.00906207 -0.0079795 0.0107012
internal_weight=10232 157 81 76 49 10075 96 32 64 53 9979 34 9945 384 230 154 9561 9411 67 150 45 32 38 34
internal_count=10024 151 81 70 44 9873 90 32 64 53 9783 23 9760 377 223 154 9383 9233 67 150 45 26 38 34
is_linear=0
shrinkage=0.05


Tree=216
num_leaves=25
num_cat=0
split_feature=7 5 7 10 8 4 1 12 4 7 1 5 1 26 25 5 7 10 5 5 10 18 11 4
split_gain=1.68048 2.9488 1.65202 19.7369 13.2689 8.43057 7.27568 6.46547 6.10068 10.3333 22.0254 8.42692 6.37935 6.54977 5.81823 7.21858 5.42387 20.3762 9.79656 8.09161 6.2731 25.5908 3.37957 3.31481
threshold=1027.1499633789065 -0.55500000715255726 1014.9500122070314 -0.98295000195503224 501.50000000000006 -2.945000052452087 87.500000000000014 1.0000000180025095e-35 -3.254999995231628 1020.3500061035157 88.500000000000014 0.37000000476837164 84.500000000000014 16.550000190734867 16.800000190734867 -1.814999997615814 1015.5499877929689 0.3793999999761582 -2.4950000047683711 -2.564999938011169 -0.98295000195503224 3.3500000238418584 -1.0000000180025095e-35 -2.6049998998641963
decision_type=2 2 2 2 2 2 2 2 2 2 2 2 2 2 2 2 2 2 2 2 2 2 2 2
left_child=2 -2 3 4 -1 6 7 -5 9 12 11 -11 13 -4 22 -16 17 19 -19 -10 21 -18 -7 -22
right_child=1 -3 8 5 -6 14 -8 -9 16 10 -12 -13 -14 -15 15 -17 20 18 -20 -21 23 -23 -24 -25
leaf_value=0.013252705335617064 -0.0068028088792094175 0.022821847739673797 -0.016946546714098076 0.001693598406400897 0.086636022410609512 -0.0034089942390269018 0.045932339752713845 0.016797852030425681 0.01109559126121323 0.0056112794563969231 -0.045832679930486175 0.037235254158552451 0.020613530576229097 0.0007706901517367977 0.048227486883600554 0.0055604499225553718 -0.046050059039973557 -0.013362196051109006 -0.045381966132360202 -0.0087021132020486721 0.0051053863067896423 -0.0017907109796148936 0.0029389167407798062 0.00037499566105634978
leaf_weight=14.000000000000002 13.999999999999998 21 224 232 10.999999999999998 915 11.999999999999998 102 121 111 19 26 14.999999999999998 68 11.999999999999998 57 36 71 36 90 391 352 272 7010
leaf_count=14 14 15 224 232 11 915 12 102 121 111 19 26 15 56 12 57 30 71 36 90 379 345 272 6845
internal_value=3.47246e-05 0.010972 -2.81621e-06 0.00145781 0.0455414 0.00076986 0.00768059 0.00630627 -0.000280113 -0.00586235 0.00461633 0.0116129 -0.011187 -0.0128206 -0.00113389 0.0129808 3.86953e-05 -0.00636192 -0.0241352 0.00265107 0.000300012 -0.00589725 -0.00195438 0.000624906
internal_weight=10232 35 10197 1627 25 1602 346 334 8570 463 156 137 307 292 1256 69 8107 318 107 211 7789 388 1187 7401
internal_count=10024 29 9995 1627 25 1602 346 334 8368 451 156 137 295 280 1256 69 7917 318 107 211 7599 375 1187 7224
is_linear=0
shrinkage=0.05


Tree=217
num_leaves=16
num_cat=0
split_feature=4 5 25 4 1 28 28 12 18 4 23 0 18 0 24
split_gain=1.4404 2.28527 2.03129 1.5579 4.46572 1.41955 1.28587 2.60052 2.07379 1.9736 5.13981 2.35373 0.652028 0.214803 0.0187094
threshold=3.2400000095367436 4.1449999809265146 7.8500001430511483 3.1250000000000004 82.500000000000014 141.00000000000003 13.500000000000002 -0.56175000965595234 8.3499999046325701 0.89499998092651378 50.500000000000007 19.550000190734867 13.250000000000002 18.050000190734867 279.58500671386724
decision_type=2 2 2 2 2 2 2 2 2 2 2 2 2 2 2
left_child=3 -2 13 5 -5 6 7 -1 -9 11 -11 -8 -6 -3 -7
right_child=1 2 -4 4 12 14 9 8 -10 10 -12 -13 -14 -15 -16
leaf_value=-0.0021614370391084981 -0.022071958450894609 -0.013830139420249242 0.017259268902919508 0.031405933325489362 -0.013259690701961514 0.014875269681215282 -0.0021614370391084981 -0.028805180237843443 -0.0076672864989463796 -0.00097942956092893631 0.0036726036224954367 -2.409895790227873e-05 0.0037225620104716379 -0.0043365993178807773 0.01181672528386116
leaf_weight=41 19 11.000000000000002 10.999999999999998 14.999999999999998 10.000000000000002 10.000000000000002 605 12.999999999999998 108 1190 1185 6978 12.999999999999998 12.999999999999998 9.9999999999999982
leaf_count=41 19 11 11 15 10 10 603 13 108 1181 1126 6840 13 13 10
internal_value=3.29884e-05 -0.00811153 -0.00053301 7.61996e-05 0.0101812 3.83308e-05 1.20311e-05 -0.00440679 -0.0099383 8.39179e-05 0.00134169 -0.000310017 -0.00366103 -0.00868781 0.013346
internal_weight=10232 54 35 10178 38 10140 10120 162 121 9958 2375 7583 23 24 20
internal_count=10024 54 35 9970 38 9932 9912 162 121 9750 2307 7443 23 24 20
is_linear=0
shrinkage=0.05


Tree=218
num_leaves=23
num_cat=0
split_feature=7 18 5 7 28 7 18 5 5 0 2 7 11 29 3 10 11 10 6 5 0 11
split_gain=1.5821 6.94715 7.19725 5.29962 5.08343 4.45613 7.22778 4.08547 3.58737 2.74796 3.36289 2.70638 6.77785 2.52924 7.48697 2.25213 6.96846 2.15593 1.18717 1.69497 1.16886 1.14632
threshold=1026.4500122070315 4.3500001430511483 -0.38499999046325678 1027.1499633789065 56.500000000000007 1025.7500000000002 7.0499999523162851 -2.2949999570846553 2.6950000524520878 17.750000000000004 3.3199999332427983 1025.6499633789065 0.60784998536109935 24.550000190734867 15.500000000000002 0.98295000195503246 -0.87834998965263356 -0.91595000028610218 37.500000000000007 -0.40500000119209284 20.150000572204593 -0.60784998536109913
decision_type=2 2 2 2 2 2 2 2 2 2 2 2 2 2 2 2 2 2 2 2 2 2
left_child=5 2 -2 8 18 11 9 -6 -4 -7 21 13 -13 15 -15 17 -17 -1 19 -3 -8 -11
right_child=1 4 3 -5 7 6 20 -9 -10 10 -12 12 -14 14 -16 16 -18 -19 -20 -21 -22 -23
leaf_value=-0.0018826144917352145 0.0046753255187273884 0.022079488692716476 -0.044373057589032934 0.0040201081072582922 0.022079488692716476 -0.04321172833442688 -0.00092245370615273714 0.060162070989608768 -0.010286383158885517 -0.018478431445736045 -0.029480767090154708 -0.0057321894968695502 0.042227952067668613 0.0067937995612442036 0.04135289564728737 -0.02098542053033324 -0.0011767933531066964 0.00039993463312779619 0.0046753255187273884 0.0092179273640877728 0.018189524055924267 -0.0059181442993576638
leaf_weight=1181 27 13.999999999999998 19 17 11.000000000000002 10.999999999999998 15.999999999999998 9.9999999999999982 12.999999999999998 11.999999999999995 14.999999999999998 17 13.000000000000002 17 17 51 343 8340 17 29 15.999999999999998 26.000000000000004
leaf_count=1148 26 14 19 12 11 11 15 10 13 12 15 17 13 10 13 51 336 8195 17 29 11 26
internal_value=2.98839e-05 0.00501046 -0.00584778 -0.0185402 0.0151984 -4.7729e-05 -0.0107687 0.0363709 -0.0305253 -0.0204698 -0.0157498 5.54089e-05 0.0150505 1.01929e-05 0.0136241 -3.64911e-05 -0.00374085 0.000116804 0.00778805 0.0137605 0.00863354 -0.0074761
internal_weight=10232 157 76 49 81 10075 96 21 32 64 53 9979 30 9949 34 9915 394 9521 60 43 32 38
internal_count=10024 151 70 44 81 9873 90 21 32 64 53 9783 30 9753 23 9730 387 9343 60 43 26 38
is_linear=0
shrinkage=0.05


Tree=219
num_leaves=31
num_cat=0
split_feature=11 4 23 29 4 5 18 25 9 23 0 25 9 23 17 2 1 18 10 5 18 2 1 4 1 3 18 4 5 1
split_gain=1.54867 8.35534 5.41655 17.8853 5.52481 13.0025 6.14755 4.26598 3.92885 3.92157 3.90994 4.47699 3.13961 12.4941 32.2068 12.3303 5.89575 6.89222 4.94617 14.4021 14.4258 12.158 4.75089 9.63849 8.54125 2.97888 2.79015 2.53163 2.09191 2.05357
threshold=0.87834998965263378 2.8499999046325688 80.500000000000014 13.34999990463257 0.14500000327825549 3.0449999570846562 4.0499999523162851 7.7500000000000009 0.98295000195503246 59.500000000000007 19.650000572204593 10.650000095367433 1.0000000180025095e-35 69.500000000000014 0.12350000068545343 1.7050000429153445 76.500000000000014 6.7500000000000009 -0.78654998540878285 -3.4850000143051143 4.9500000476837167 1.044999957084656 89.500000000000014 -1.9950000047683714 82.500000000000014 335.50000000000006 6.8500001430511483 -0.27500000596046442 3.7549999952316289 83.500000000000014
decision_type=2 2 2 2 2 2 2 2 2 2 2 2 2 2 2 2 2 2 2 2 2 2 2 2 2 2 2 2 2 2
left_child=8 2 4 28 5 27 9 -8 12 -6 29 25 18 16 15 -15 -14 -18 19 20 -1 -21 24 -24 -20 -12 -13 -2 -4 -10
right_child=1 -3 3 -5 6 -7 7 -9 10 -11 11 26 13 14 -16 -17 17 -19 22 21 -22 -23 23 -25 -26 -27 -28 -29 -30 -31
leaf_value=-0.0049535535822656969 0.00041965327624216247 -0.043958417996764185 0.0068876212860425187 0.070383685578902566 -0.026977697797119615 -0.051788359636870722 0.00056330499381551311 0.0068876212860425187 -0.023413656279444695 -0.0021606309133438534 -0.006210278346121631 0.0051602612025603454 0.0061123948001433857 0.030930440487595752 0.088527633135135356 0.0061123948001433857 -0.0056740648124119913 0.00075351468276325636 0.00086406506975758742 0.010732033507983116 0.018428374203138573 -0.0088822159999181836 -0.023139907548633907 0.0086755837438089768 -0.005201284477806766 0.0051602612025603454 0.030619603116065264 -0.0073201745065550015 0.030197803825140004 -0.0086111770251949063
leaf_weight=135 486 9.9999999999999982 84 11.999999999999998 20 12.999999999999998 270 269 29 78 136 22 176 51 12.999999999999998 185 490 2802 2579 88 129 773 26 282 749 42 15.999999999999998 135 9.9999999999999982 122
leaf_count=135 479 10 84 12 20 13 270 269 28 78 136 11 170 41 13 151 458 2789 2530 81 129 743 26 275 748 42 16 135 10 122
internal_value=2.69055e-05 0.00158029 0.001911 0.0127699 0.00100538 -0.00229893 0.00429413 0.00638858 -0.000216684 -0.00722534 -0.00528155 -0.000966519 2.56677e-06 0.00109153 0.01191 0.00768956 0.000314773 -0.000203203 -0.000847609 -0.00374489 0.00647171 -0.00687751 4.8828e-05 0.00598986 -0.000501003 -0.00429249 0.014613 -0.00126292 0.00688762 -0.011454
internal_weight=10232 1387 1377 106 1271 634 637 539 8845 98 367 216 8478 3717 249 236 3468 3292 4761 1125 264 861 3636 308 3328 178 38 621 94 151
internal_count=10024 1380 1370 106 1264 627 637 539 8644 98 355 205 8289 3622 205 192 3417 3247 4667 1088 264 824 3579 301 3278 178 27 614 94 150
is_linear=0
shrinkage=0.05


Tree=220
num_leaves=31
num_cat=0
split_feature=5 27 4 14 7 8 4 12 7 9 21 18 0 10 10 5 5 7 10 4 28 9 12 7 15 24 23 5 26 6
split_gain=1.73101 15.5871 27.7098 19.7624 11.9825 21.2634 14.5345 10.6304 13.4268 8.68632 10.7911 8.35444 8.67919 7.62598 7.59566 6.10099 5.38157 6.93549 16.0599 21.409 8.5212 12.9444 10.9911 4.08345 4.2891 3.891 3.23867 3.01686 6.58096 5.62889
threshold=-0.095000002533197389 12.150000095367433 2.5649999380111699 48.000000000000007 1017.8500061035157 295.50000000000006 0.35500000417232519 -0.56175000965595234 1020.3500061035157 1.0000000180025095e-35 6.7500000000000009 5.7500000000000009 21.849999427795414 -0.6035499870777129 -0.98295000195503224 3.9550000429153447 -0.74500000476837147 1026.9500122070315 -0.98295000195503224 0.2950000017881394 30.500000000000004 0.91595000028610241 -0.56175000965595234 1016.1499938964845 1.435000002384186 202.91500091552737 36.500000000000007 -0.90500000119209278 21.650000572204593 52.500000000000007
decision_type=2 2 2 2 2 2 2 2 2 2 2 2 2 2 2 2 2 2 2 2 2 2 2 2 2 2 2 2 2 2
left_child=16 4 3 11 5 6 25 8 13 26 -11 -3 -13 -6 -10 -8 27 18 19 -18 21 -20 -22 -7 -25 -2 -9 -1 29 -29
right_child=1 2 -4 -5 7 23 15 9 14 10 -12 12 -14 -15 -16 -17 17 -19 20 -21 22 -23 -24 24 -26 -27 -28 28 -30 -31
leaf_value=-4.5225557059315141e-05 -0.015352513302456251 0.011736307159227154 0.066632876582443712 0.0042608028215622056 -0.026797584326316917 0.0042608028215622056 -0.0037824888963119262 -0.01090734054764303 -0.028462163507938388 -0.031033536637651512 -5.5236653580780755e-05 0.018931617184361371 0.040158415047813263 -0.0079542260922530975 0.0032316536483003935 -0.019977493447044661 -0.0085056458216379652 0.032071493795284858 -0.00586984063939222 -0.10070457875728607 0.014998905863989182 -0.026568877867465479 -0.003380700734264234 -0.01939858050624791 0.0042608028215622056 -0.049223221635848691 0.0042608028215622056 0.012236102103762438 0.032023458792404695 -0.0057058562478050599
leaf_weight=5660 10.999999999999998 70 20 278 75 119 126 52 20 29 918 97 67 189 345 108 17.000000000000004 12.999999999999998 132 9.9999999999999982 99 93 456 38 24 37 976 85 22 90
leaf_count=5641 11 53 20 271 75 119 126 52 20 29 866 94 67 189 345 108 17 12 130 10 99 93 399 38 24 37 936 85 15 90
internal_value=0.000111788 0.000995697 0.00889635 0.00664102 -0.000374745 -0.00778643 -0.0163982 0.000943077 -0.00471779 0.00274596 -0.00100389 0.0192118 0.0261269 -0.0133075 0.00149501 -0.0112571 -0.000364651 -0.00415836 -0.00474199 -0.0426534 -0.00342967 -0.0116375 -0.000102176 0.0042608 -0.00878278 -0.0414612 0.0042608 0.000166481 0.00624902 0.00300881
internal_weight=10276 3599 532 512 3067 463 282 2604 629 1975 947 234 164 264 365 234 6677 820 807 27 780 225 555 181 62 48 1028 5857 197 175
internal_count=10071 3480 505 485 2975 463 282 2512 629 1883 895 214 161 264 365 234 6591 760 748 27 721 223 498 181 62 48 988 5831 190 175
is_linear=0
shrinkage=0.05


Tree=221
num_leaves=31
num_cat=0
split_feature=7 10 8 4 25 5 1 12 1 4 7 1 5 1 26 5 5 4 7 8 24 10 4 7 10 21 3 4 10 1
split_gain=1.64907 20.7021 20.3165 8.62488 8.14571 9.90805 7.54226 6.97749 8.41003 5.73175 9.26923 19.6604 9.15849 5.89559 5.78506 10.1885 4.8677 4.32382 10.3698 4.80517 4.36141 8.65516 6.03056 3.87573 17.5965 11.506 6.63711 4.02513 19.9834 6.05661
threshold=1014.9500122070314 -0.98295000195503224 501.50000000000006 -3.1450001001358028 16.800000190734867 -1.9950000047683714 87.500000000000014 1.0000000180025095e-35 63.500000000000007 -3.254999995231628 1020.3500061035157 88.500000000000014 0.37000000476837164 84.500000000000014 16.550000190734867 -2.6850000619888301 0.98000001907348644 -2.564999938011169 1016.8500061035157 5.5000000000000009 445.41499328613287 -0.78654998540878285 -2.8249999284744258 1015.4500122070314 0.3793999999761582 9.0500001907348651 164.50000000000003 -0.60500001907348622 -0.91595000028610218 91.500000000000014
decision_type=2 2 2 2 2 2 2 2 2 2 2 2 2 2 2 2 2 2 2 2 2 2 2 2 2 2 2 2 2 2
left_child=1 2 -1 6 -5 -6 7 8 -3 10 13 12 -12 14 15 -2 -14 18 19 -11 21 -20 -22 24 26 -26 -19 28 -25 -29
right_child=9 3 -4 4 5 -7 -8 -9 -10 17 11 -13 16 -15 -16 -17 -18 23 20 -21 22 -23 -24 27 25 -27 -28 29 -30 -31
leaf_value=0.0091244276199075897 -0.0084443483055539181 -0.023071524722437408 0.093114520112673446 -0.0018590375634403246 0.051572529474894206 0.0067328221161424718 0.051302534788846971 0.018744810626164756 0.006178996701846305 0.0038517393970063755 0.0043861483408322742 -0.042073688805103308 0.057146239067826947 0.018159241086858163 0.00094753805632618335 -0.030695824557310576 0.01615214494600271 0.013637522582203241 0.013148948248850057 -0.032734927922487264 5.4693862236172868e-05 0.049259769289117114 0.013148948248850057 -0.01467973429986434 -0.074494492411613475 -0.017608022919448556 -0.0068036561468978983 0.0016274841032956301 0.0003015121340110234 -0.0020998388981115818
leaf_weight=18.000000000000004 155 29 11.999999999999998 1248 14.999999999999998 58 9.9999999999999982 88 161 13.999999999999998 111 20 14.000000000000002 17 66 77 14.999999999999998 82 33 25 209 19 135 265 9.9999999999999982 80 77 4370 1391 1452
leaf_count=18 155 29 12 1248 15 58 10 88 161 14 111 20 14 17 54 77 15 82 33 25 198 19 130 259 10 80 77 4271 1348 1423
internal_value=0.000113128 0.00156714 0.0427205 0.000799836 -0.000909445 0.0153247 0.00863998 0.00710535 0.00171444 -0.000162793 -0.00550208 0.00429824 0.0109228 -0.01048 -0.0121138 -0.0158295 0.0359424 0.000147935 0.00499821 -0.0196013 0.00742089 0.0209171 0.00538075 -0.000125117 -0.00626181 -0.0239287 0.00373834 7.92208e-05 -0.00209585 0.000697894
internal_weight=10276 1639 30 1609 1321 73 288 278 190 8637 475 160 140 315 298 232 29 8162 435 39 396 52 344 7727 249 90 159 7478 1656 5822
internal_count=10071 1639 30 1609 1321 73 288 278 190 8432 463 160 140 303 286 232 29 7969 419 39 380 52 328 7550 249 90 159 7301 1607 5694
is_linear=0
shrinkage=0.05


Tree=222
num_leaves=31
num_cat=0
split_feature=5 11 18 4 7 1 8 7 7 5 7 8 11 0 4 0 4 6 28 1 11 9 9 17 18 28 9 6 5 2
split_gain=1.62872 28.3221 28.9746 5.4331 6.82388 13.9442 5.56943 7.51602 5.3241 4.15642 11.7316 3.89581 3.4395 2.52548 2.48636 29.1242 4.23802 6.85206 3.31345 4.63939 3.10013 10.4892 4.86004 2.39492 2.23131 1.88434 1.34621 0.333116 0.196837 0.0353833
threshold=4.7950000762939462 -0.87834998965263356 18.650000572204593 2.7150000333786015 1018.7500000000001 83.500000000000014 54.500000000000007 1021.9500122070314 1015.2500000000001 4.5850000381469735 1023.3500061035157 7.5000000000000009 1.0000000180025095e-35 23.250000000000004 2.5649999380111699 21.94999980926514 2.3950001001358037 752.50000000000011 62.500000000000007 75.500000000000014 -0.87834998965263356 0.78654998540878307 0.60354998707771312 0.10150000080466272 4.1499998569488534 55.500000000000007 -0.37939999997615809 462.50000000000006 5.1949999332427987 5.4549999237060556
decision_type=2 2 2 2 2 2 2 2 2 2 2 2 2 2 2 2 2 2 2 2 2 2 2 2 2 2 2 2 2 2
left_child=9 13 3 6 5 -5 7 -3 -8 14 11 23 26 29 16 18 20 27 24 -20 21 -1 -22 -11 -16 -6 -13 -18 -15 -2
right_child=1 2 -4 4 25 -7 8 -9 -10 10 -12 12 -14 28 15 -17 17 -19 19 -21 22 -23 -24 -25 -26 -27 -28 -29 -30 -31
leaf_value=-0.004439061876768317 0.029627216011285776 0.022032395072958687 0.067870783408482876 -0.082135678976774193 -0.015822532307356592 -0.0084964036113686029 -0.036859405537446342 -0.0031714116947114237 -0.0029164575904067004 -0.016080332547426222 0.034443697978097661 -0.011751568876206875 -0.047448463512895007 0.047739286621411636 -0.021302379323169592 0.081154109040896094 0.0052277112429146635 -0.048016032204031944 0.024985377726933131 0.00044213071636741433 0.0011879479689400564 0.0066806160312427101 -0.0014925361934392388 0.012674121682842574 -0.001977252170948659 0.0097564569157030864 -0.029070828526335604 -0.0067206861185176037 0.056795513890683651 0.025421070009469988
leaf_weight=1062 10.000000000000002 55 14.999999999999998 10.000000000000002 12.000000000000002 18 11.999999999999998 64 310 14.000000000000002 12.999999999999998 33 11.999999999999998 15.000000000000002 20 11.999999999999998 10.000000000000002 11.999999999999998 26 50 5674 265 2409 14.999999999999998 59 18 17 13.999999999999998 9.9999999999999982 9.9999999999999982
leaf_count=1062 10 55 15 10 12 18 12 64 310 14 13 33 12 15 20 12 10 12 26 50 5539 265 2339 15 59 18 17 14 10 10
internal_value=0.000106191 0.00273066 -0.000599393 -0.00265761 -0.0170439 -0.0347961 -0.00076554 0.00847741 -0.00418141 -4.47892e-05 -0.00998685 -0.0163341 -0.0234095 0.0407673 6.27708e-05 0.00611044 -4.41487e-05 -0.0171668 0.000300612 0.00775395 2.13578e-05 -0.00221848 0.000389075 -0.00120734 -0.00686969 -0.000475139 -0.0176401 -0.00174219 0.0513618 0.0275241
internal_weight=10276 559 514 499 58 28 441 119 322 9717 104 91 62 45 9613 167 9446 36 155 76 9410 1327 8083 29 79 30 50 24 25 20
internal_count=10071 559 514 499 58 28 441 119 322 9512 104 91 62 45 9408 167 9241 36 155 76 9205 1327 7878 29 79 30 50 24 25 20
is_linear=0
shrinkage=0.05


Tree=223
num_leaves=31
num_cat=0
split_feature=10 12 7 5 23 11 5 5 2 23 1 0 29 28 10 16 6 10 11 18 10 12 7 4 8 4 1 1 5 29
split_gain=1.60832 6.70564 13.1246 11.7525 7.69553 17.0758 14.2499 7.16882 8.12257 6.13844 3.40483 1.90246 3.33668 20.7375 4.58594 3.50391 2.39619 5.94986 11.6731 4.27398 3.62041 2.44712 10.5637 2.27943 2.16319 1.89617 1.55369 1.18616 1.4143 0.375364
threshold=0.98295000195503246 0.81174999475479137 1016.8500061035157 -2.0549999475479122 32.500000000000007 1.0000000180025095e-35 3.554999947547913 -4.1349999904632559 4.7049999237060556 63.500000000000007 92.500000000000014 18.349999427795414 5.5499999523162851 43.500000000000007 -0.6035499870777129 0.27699999511241918 222.50000000000003 0.78654998540878307 -0.60784998536109913 8.4499998092651385 0.3793999999761582 0.81174999475479137 1019.8500061035157 1.8049999475479128 137.50000000000003 1.5149999856948855 64.500000000000014 84.500000000000014 -0.10500000044703482 18.149999618530277
decision_type=2 2 2 2 2 2 2 2 2 2 2 2 2 2 2 2 2 2 2 2 2 2 2 2 2 2 2 2 2 2
left_child=11 4 -3 -4 5 -2 7 8 -6 -9 -7 12 13 -1 25 -14 17 21 -19 -20 23 29 -23 26 -22 -15 -18 -5 -29 -13
right_child=1 2 3 27 6 10 -8 9 -10 -11 -12 16 15 14 -16 -17 20 18 19 -21 24 22 -24 -25 -26 -27 -28 28 -30 -31
leaf_value=-0.067219987511634827 -0.068680066099533671 0.023717090647135463 -0.076639295352453549 -0.031649886667728423 0.031080597255911148 -0.0077088465502845871 0.051964771747589115 -0.0077088465502845871 -0.0077088465502845871 0.011619956336485653 -0.035623199893878056 0.00090564015531018798 -0.0049713571274754538 -0.036095672319555142 -0.0049713571274754538 -0.00095406162114155396 -0.00084098106843129522 0.00090564015531018798 0.0056337548265219086 0.015623927072377506 -0.00095406162114155396 0.020679565538816592 0.00090564015531018798 -0.00095406162114155396 0.00090564015531018798 -0.015689241896782603 0.00090564015531018798 -0.021411771713090798 0.0032079083472490292 0.011169222337551989
leaf_weight=13.999999999999998 12.999999999999998 13.999999999999998 10.999999999999998 9.9999999999999982 35 26 13.999999999999998 181 20 52 12.999999999999998 1286 157 9.9999999999999982 90 373 1433 160 192 242 2082 85 199 398 105 35 2950 13.999999999999996 10.000000000000004 52
leaf_count=14 13 14 11 10 35 26 14 176 20 52 13 1277 157 10 90 370 1409 155 192 242 2072 85 158 396 99 35 2850 14 10 52
internal_value=0.000100481 -0.00295637 -0.0185623 -0.0317159 -0.000355373 -0.0181214 0.00270367 0.000309035 0.0165456 -0.00352363 -0.00770885 0.000228482 -0.00232542 -0.00898865 -0.00497136 -0.000954062 0.0004173 0.00184944 0.00623148 0.0112043 -3.81554e-05 0.00090564 0.00580837 0.000811086 -0.000954062 -0.0213125 0.00090564 -0.0171819 -0.0111536 0.00090564
internal_weight=10276 413 59 45 354 52 302 288 55 233 39 9863 679 149 135 530 9184 2216 594 434 6968 1622 284 4781 2187 45 4383 34 24 1338
internal_count=10071 408 59 45 349 52 297 283 55 228 39 9663 676 149 135 527 8987 2161 589 434 6826 1572 243 4655 2171 45 4259 34 24 1329
is_linear=0
shrinkage=0.05


Tree=224
num_leaves=31
num_cat=0
split_feature=7 10 8 4 1 12 1 26 27 4 7 1 24 7 11 8 7 12 8 21 4 4 7 8 23 18 21 7 10 21
split_gain=1.52793 18.7107 18.3608 7.74899 6.78437 6.23328 7.57608 5.34591 7.68384 5.20878 8.47026 17.3448 8.76124 6.07567 5.41604 10.0844 10.506 8.79281 7.93654 4.27716 4.15272 3.87789 9.32168 8.20063 6.18074 6.23132 5.82908 3.50708 15.9562 9.84237
threshold=1014.9500122070314 -0.98295000195503224 501.50000000000006 -3.1450001001358028 87.500000000000014 1.0000000180025095e-35 63.500000000000007 18.650000572204593 16.050000190734867 -3.254999995231628 1020.0499877929689 88.500000000000014 831.25000000000011 1022.6499938964845 0.87834998965263378 339.50000000000006 1019.6499938964845 1.0000000180025095e-35 464.50000000000006 12.84999990463257 -0.1950000002980232 -2.564999938011169 1017.2500000000001 4.5000000000000009 73.500000000000014 5.1499998569488534 12.84999990463257 1015.4500122070314 0.3793999999761582 9.0500001907348651
decision_type=2 2 2 2 2 2 2 2 2 2 2 2 2 2 2 2 2 2 2 2 2 2 2 2 2 2 2 2 2 2
left_child=1 2 -1 4 5 6 -3 -5 -9 10 14 12 13 -12 15 17 -17 -2 -16 -14 -10 22 23 -11 26 -26 -24 28 -23 -30
right_child=9 3 -4 7 -6 -7 -8 8 20 21 11 -13 19 -15 18 16 -18 -19 -20 -21 -22 27 24 -25 25 -27 -28 -29 29 -31
leaf_value=0.0086729408966170398 0.0020725849767525991 -0.02188678801958931 0.088518235335747403 -0.0017277154936152323 0.04865132674574852 0.017734746928115122 0.0058756291128764428 0.004551843889070221 0.057592915404926628 0.022062746535700103 0.029354218028138503 -0.040004584640264518 -0.034877296984195713 0.0073509739865944487 0.011618742014057458 -0.014416088019776705 0.017411232985217462 -0.041784308090185129 -0.019293436295155324 0.00088519590687664124 0.019357636595294443 0.0035446217040525484 -0.0093692873440024988 -0.022607656070316326 0.010415374390625705 0.036431423077980682 0.0078163808907656777 5.3896716450252763e-05 -0.06956881925463676 -0.016955440386373085
leaf_weight=18.000000000000004 14.999999999999998 29 11.999999999999998 1230 9.9999999999999982 88 161 65 11.000000000000002 12.999999999999998 59 20 9.9999999999999982 29 56 121 33 48 33 51 14.999999999999998 159 76 49 156 27 114 7478 9.9999999999999982 80
leaf_count=18 15 29 12 1230 10 88 161 65 11 13 59 20 10 29 56 113 33 44 33 51 15 159 76 49 140 27 114 7301 10 80
internal_value=8.74887e-05 0.00148708 0.0406111 0.000757612 0.00818899 0.00673351 0.00163821 -0.000862553 0.0108314 -0.000178105 -0.00526799 0.0037164 0.00958499 0.0196795 -0.01023 -0.01449 -0.00759595 -0.0313422 0.000156923 -0.00497751 0.0341634 0.000118108 0.00471147 -0.0132413 0.00769557 0.0142538 0.00137895 -0.00014048 -0.00597803 -0.0228014
internal_weight=10276 1639 30 1609 288 278 190 1321 91 8637 475 169 149 88 306 217 154 63 89 61 26 8162 435 62 373 183 190 7727 249 90
internal_count=10071 1639 30 1609 288 278 190 1321 91 8432 463 169 149 88 294 205 146 59 89 61 26 7969 419 62 357 167 190 7550 249 90
is_linear=0
shrinkage=0.05


Tree=225
num_leaves=31
num_cat=0
split_feature=10 12 26 23 3 7 0 12 7 7 11 11 4 9 23 25 18 26 18 23 27 1 7 7 0 3 0 26 1 3
split_gain=1.9749 7.2901 13.76 11.7117 6.67048 6.42626 6.11777 5.91556 11.7243 10.99 5.44719 1.66492 7.0571 4.91096 4.48329 9.84779 4.04521 3.96274 2.89587 3.62821 3.40427 3.32091 3.14397 2.44003 1.90993 1.29524 0.816418 0.712221 0.0341396 0.0174175
threshold=0.98295000195503246 0.81174999475479137 21.399999618530277 39.500000000000007 285.50000000000006 1016.9500122070314 22.44999980926514 1.0000000180025095e-35 1021.3500061035157 1014.3500061035157 0.60784998536109935 0.87834998965263378 2.8499999046325688 0.98295000195503246 79.500000000000014 11.550000190734865 5.8500001430511483 13.550000190734865 24.550000190734867 21.500000000000004 22.60000038146973 80.500000000000014 1020.2500000000001 1017.4500122070314 18.44999980926514 56.500000000000007 21.050000190734867 7.5499999523162851 89.500000000000014 354.50000000000006
decision_type=2 2 2 2 2 2 2 2 2 2 2 2 2 2 2 2 2 2 2 2 2 2 2 2 2 2 2 2 2 2
left_child=11 2 4 -3 7 -6 25 9 -9 -2 -7 18 13 14 16 -16 -13 27 19 21 22 -1 -21 -23 -22 -5 -20 -15 -28 -30
right_child=1 3 -4 6 5 10 -8 8 -10 -11 -12 12 -14 17 15 -17 -18 -19 26 20 24 23 -24 -25 -26 -27 28 -29 29 -31
leaf_value=-0.025416821469035414 -0.048210529639170718 -0.05457558489459402 0.038674510944457285 -0.027175157822784964 -0.042885575618814023 0.0099177587293088447 0.024784670770168306 0.017827522918746629 -0.01008171365596354 -0.0005612035800004379 -0.019980364886876673 -0.0031248348572553205 -0.03997564665973187 -0.0022808540951121939 0.0059301669180415236 0.039207268662750726 0.002944965009366762 0.03854165256023407 0.0061288748538370318 -0.00078217092543301538 0.003057175599092808 -0.0092808720553019912 0.0012993444445767277 -0.0020983303602849523 0.0061288748538370318 -0.0063502924250704905 0.014151933416724206 0.012467385415220633 0.016226534864732193 0.018885251066901469
leaf_weight=18 12.999999999999998 17 21 16.000000000000004 17 25 11.999999999999998 34 40 175 39 444 9.9999999999999982 10.999999999999998 84 25 719 14.999999999999998 9.9999999999999982 4919 57 136 2874 318 159 13.999999999999998 11.999999999999998 32 14.000000000000002 10.999999999999998
leaf_count=18 13 17 14 16 17 25 12 34 40 175 39 437 10 11 84 25 719 15 10 4855 57 136 2742 318 159 14 12 32 14 11
internal_value=8.87736e-05 -0.00325671 -0.000614043 -0.0195606 -0.00301947 -0.0155598 -0.00538787 0.000857513 0.0128326 -0.0038561 -0.00830141 0.00023218 0.00187059 0.00218523 0.00153645 0.0112326 0.00062769 0.0164137 -2.52627e-05 -9.38528e-05 0.000157206 -0.00435387 -1.45237e-05 -0.00351877 0.00612887 -0.0174569 0.0123516 0.00869458 0.0163441 0.0173964
internal_weight=10291 423 364 59 343 81 42 262 74 188 64 9868 1340 1330 1272 109 1163 58 8528 8481 8009 472 7793 454 216 30 47 43 37 25
internal_count=10081 416 357 59 343 81 42 262 74 188 64 9665 1333 1323 1265 109 1156 58 8332 8285 7813 472 7597 454 216 30 47 43 37 25
is_linear=0
shrinkage=0.05


Tree=226
num_leaves=31
num_cat=0
split_feature=10 5 26 7 5 7 23 22 23 0 23 4 1 7 4 0 11 12 11 11 4 4 7 21 7 4 27 5 12 10
split_gain=1.68983 7.22231 10.4472 10.7728 8.02415 16.9686 9.82229 8.39111 7.89599 7.30396 6.49588 6.34971 6.21987 8.7136 4.98509 3.58459 3.18134 1.90794 1.55128 1.48225 6.472 5.34544 4.72434 4.33763 3.71747 2.667 47.9254 5.95405 8.68362 6.84717
threshold=0.98295000195503246 1.5950000286102297 16.849999427795414 1020.0499877929689 -2.314999938011169 1021.8500061035157 36.500000000000007 7.0499999523162851 34.500000000000007 22.650000572204593 42.500000000000007 0.40500000119209295 83.500000000000014 1016.6499938964845 0.23499999940395358 19.94999980926514 1.0000000180025095e-35 -0.56175000965595234 -1.0000000180025095e-35 0.87834998965263378 2.7849999666213994 1.435000002384186 1026.850036621094 16.349999427795414 1015.6499938964845 2.5649999380111699 11.250000000000002 5.1949999332427987 0.81174999475479137 0.60354998707771312
decision_type=2 2 2 2 2 2 2 2 2 2 2 2 2 2 2 2 2 2 2 2 2 2 2 2 2 2 2 2 2 2
left_child=19 4 3 -3 11 6 -6 16 18 -8 -9 12 13 -2 -14 -10 -7 -4 -5 25 21 22 24 -23 -21 -1 27 29 -29 -27
right_child=1 2 17 8 5 7 9 10 15 -11 -12 -13 14 -15 -16 -17 -18 -19 -20 20 -22 23 -24 -25 -26 26 -28 28 -30 -31
leaf_value=-0.00017267530792228723 0.0059656208431398544 0.018570841028732028 0.021004181355237961 -0.04467902802504025 -0.069689137259354966 -0.043581133782863601 -0.028817358237528613 -0.0042755301173306864 -0.014086136188894283 0.017180787175893785 0.024570668467786164 0.039903341978788379 0.013671322467801957 -0.027906503583280708 -0.022608856374228544 0.017859653402119875 -0.0066564350323590456 0.049599442950316833 -0.019748965802136809 -0.0064812892102163733 -0.029842148208990695 0.0064360780126025158 -0.025973791675642136 0.026724684539744081 0.0024042724076636548 -0.0013762125294038488 0.07551934231411328 -0.0057386968413303645 -0.059771015346050262 0.030340682989672615
leaf_weight=8285 37 11.999999999999998 10 13.000000000000002 12.999999999999998 10.000000000000002 63 13.999999999999998 12.999999999999998 9.9999999999999982 40 9.9999999999999982 68 39 10.999999999999998 20 13.999999999999998 14 11.999999999999998 133 15.999999999999998 117 15.999999999999998 34 1024 163 22 29 9.9999999999999982 19
leaf_count=8089 37 12 10 13 13 10 63 14 13 10 33 10 68 39 11 20 14 14 12 133 16 117 16 34 1017 163 22 29 10 19
internal_value=8.90124e-05 -0.0030056 0.00921723 -0.000543069 -0.00649784 -0.0143302 -0.029647 0.00255762 -0.011517 -0.0225162 0.0134907 0.00128703 -0.00120434 -0.0114161 0.00861965 0.00454033 -0.0220417 0.0376848 -0.0327126 0.000221666 0.00176759 0.00214958 0.0010097 0.0110044 0.00138286 -2.12443e-05 0.00514174 -0.00186417 -0.0195931 0.00193489
internal_weight=10291 423 94 70 329 164 86 78 58 73 54 165 155 76 79 33 24 24 25 9868 1340 1324 1173 151 1157 8528 243 221 39 182
internal_count=10081 416 94 70 322 157 86 71 58 73 47 165 155 76 79 33 24 24 25 9665 1333 1317 1166 151 1150 8332 243 221 39 182
is_linear=0
shrinkage=0.05


Tree=227
num_leaves=31
num_cat=0
split_feature=5 27 4 14 7 8 4 0 24 3 12 7 7 9 21 3 5 12 23 29 9 8 24 7 5 3 7 28 9 9
split_gain=1.33394 14.1262 24.13 19.4359 14.6698 24.2614 11.9454 9.57879 14.5234 9.09762 8.42253 13.9041 9.07271 6.96285 9.0529 5.60959 5.20309 6.36654 11.0596 8.50853 6.53888 6.0759 5.02237 4.85178 4.78281 4.40305 3.59822 3.47762 7.42327 6.23068
threshold=-0.095000002533197389 12.150000095367433 2.5649999380111699 48.000000000000007 1017.5499877929689 295.50000000000006 0.35500000417232519 21.849999427795414 266.25000000000006 212.50000000000003 -0.56175000965595234 1020.3500061035157 1018.4500122070314 1.0000000180025095e-35 6.7500000000000009 98.500000000000014 -0.74500000476837147 -0.56175000965595234 59.500000000000007 6.7500000000000009 0.78654998540878307 681.50000000000011 202.91500091552737 1023.7500000000001 -0.4549999982118606 78.500000000000014 1025.9500122070315 21.500000000000004 0.3793999999761582 0.91595000028610241
decision_type=2 2 2 2 2 2 2 2 2 2 2 2 2 2 2 2 2 2 2 2 2 2 2 2 2 2 2 2 2 2
left_child=16 4 3 7 5 6 22 -3 -9 -8 11 12 -6 26 -15 -7 -1 18 19 -18 25 27 -2 -13 -21 -20 -12 29 -29 -19
right_child=1 2 -4 -5 10 15 9 8 -10 -11 13 23 -14 14 -16 -17 17 21 20 24 -22 -23 -24 -25 -26 -27 -28 28 -30 -31
leaf_value=0.00018162858560154913 -0.014339317923242396 0.011417942634989506 0.060962163532773651 0.0040112447627887442 0.0040112447627887442 -0.034429921582341198 -0.022453019560601278 0.050334765748544175 0.021575294801581674 -0.0020345912409074447 0.0040112447627887442 0.0040112447627887442 -0.016040087350815229 -0.027784963895877202 0.0001267195651784206 0.0040112447627887442 -0.040598645912749427 -0.011870237761420162 0.040648821803430719 0.0097089288394216003 0.053825726990516368 0.023687857855111363 -0.053835890057186288 -0.0095148384092109545 -0.0082915897675700581 0.0097089288394216003 -0.0099814526294752723 -0.010721679981418398 0.001783018462389471 -0.035631302214460446
leaf_weight=5876 10.999999999999998 144 21 270 53 9.9999999999999982 130 55 34 94 994 292 245 30 918 155 13.999999999999998 42 11.999999999999998 61 12.999999999999998 15.999999999999998 30 70 73 29 59 319 189 32
leaf_count=5844 11 123 21 265 53 10 130 54 34 94 954 292 245 30 864 155 14 42 11 58 13 16 30 70 72 29 59 286 170 32
internal_value=8.54772e-05 0.000859072 0.00845032 0.00625798 -0.00042783 -0.00899664 -0.0184262 0.0188246 0.0317326 -0.0138846 0.000956833 -0.00394118 -0.0119398 0.00257237 -0.000756562 0.00401124 -0.000333418 -0.00411644 0.00355809 -0.00350883 0.0229267 -0.00670884 -0.0432392 0.00264331 0.000366227 0.0131294 0.00401124 -0.00754448 -0.00606934 -0.0176711
internal_weight=10291 3615 524 503 3091 430 265 233 89 224 2661 660 298 2001 948 165 6676 800 202 148 54 598 41 362 134 41 1053 582 508 74
internal_count=10081 3494 497 476 2997 430 265 211 88 224 2567 660 298 1907 894 165 6587 743 197 144 53 546 41 362 130 40 1013 530 456 74
is_linear=0
shrinkage=0.05


Tree=228
num_leaves=29
num_cat=0
split_feature=10 5 23 23 5 7 18 23 1 7 3 1 11 28 7 14 27 7 24 1 1 4 18 25 15 23 7 4
split_gain=1.53019 6.63505 12.4331 6.63507 7.14591 12.0103 9.86236 7.42007 5.34173 5.49198 4.25465 1.47702 10.9577 1.75252 2.12462 5.4462 5.00936 4.18601 13.8452 4.21366 1.86794 1.85139 1.50808 1.3929 1.24867 0.871014 0.258238 0.253008
threshold=0.98295000195503246 3.554999947547913 32.500000000000007 76.500000000000014 -2.314999938011169 1021.8500061035157 7.1499998569488534 64.500000000000014 79.500000000000014 1016.6499938964845 353.50000000000006 98.500000000000014 -0.60784998536109913 13.500000000000002 1018.1499938964845 48.000000000000007 11.949999809265138 1018.8500061035157 336.25000000000006 93.500000000000014 91.500000000000014 0.90500000119209301 8.3499999046325701 12.250000000000002 1.1500000357627871 15.500000000000002 1015.8500061035157 1.075000047683716
decision_type=2 2 2 2 2 2 2 2 2 2 2 2 2 2 2 2 2 2 2 2 2 2 2 2 2 2 2 2
left_child=11 3 -3 4 8 7 -7 -6 9 -2 -10 13 -13 21 15 16 -15 18 -16 -19 -17 25 -23 24 -14 -1 -25 -24
right_child=1 2 -4 -5 5 6 -8 -9 10 -11 -12 12 23 14 17 20 -18 19 -20 -21 -22 22 27 26 -26 -27 -28 -29
leaf_value=-0.014465506139554477 0.0098972824379681898 -0.012966548145050183 0.048442490924807159 0.02586769387125969 -0.027547644923313287 -0.020481830094275733 0.0098972824379681898 0.0098972824379681898 0.0095142129644077145 -0.034740068059828544 -0.016010632115955416 -0.035679264056185885 -0.0027210134887494714 -0.0001599182085452852 0.01374490469368914 -0.0024694373747227395 0.0059059462323236998 0.00094500972430833566 -0.0015800541558001245 -0.0024694373747227395 -0.00071064958465900799 -0.026973506464407992 -0.01270568491768484 0.019680075496435162 0.01632895265783494 -0.0024694373747227395 0.028957961810131869 -0.0055740342203838139
leaf_weight=19 11.000000000000002 15.999999999999998 17 17 102 35 60 11.999999999999998 116 18 19 11.999999999999998 13.000000000000002 1709 252 1539 425 4520 355 629 221 12.999999999999998 19 15.000000000000002 11.999999999999998 64 14.999999999999998 36
leaf_count=19 11 16 17 17 102 35 53 12 116 18 19 12 13 1709 241 1539 425 4340 355 617 221 13 19 15 12 64 15 36
internal_value=8.55506e-05 -0.00285926 0.0186684 -0.00468084 -0.00607313 -0.0122036 0.00092642 -0.0231453 0.00173947 -0.0177301 0.00592183 0.000211783 0.00761032 0.000161206 0.000244841 -0.000657164 0.00104814 0.000855058 0.0047822 0.000392099 -0.00246944 -0.00518372 -0.0116578 0.0170553 0.00833889 -0.00246944 0.024319 -0.0080377
internal_weight=10291 423 33 390 373 209 95 114 164 29 135 9868 67 9801 9650 3894 2134 5756 607 5149 1760 151 68 55 25 83 30 55
internal_count=10081 416 33 383 366 202 88 114 164 29 135 9665 67 9598 9447 3894 2134 5553 596 4957 1760 151 68 55 25 83 30 55
is_linear=0
shrinkage=0.05


Tree=229
num_leaves=31
num_cat=0
split_feature=10 5 7 23 26 0 7 7 7 12 18 1 18 7 11 12 7 1 11 28 7 14 27 2 7 3 9 12 18 3
split_gain=1.34644 6.27361 9.08619 15.08 8.66984 6.83732 10.8559 9.39819 8.90569 10.7623 7.0411 4.72666 3.28467 2.96199 2.99791 2.36844 1.35476 1.34862 9.90654 1.48823 1.93 4.94334 4.52094 4.21939 7.81213 4.71747 1.89589 1.57247 1.74741 1.27861
threshold=0.98295000195503246 1.5950000286102297 1019.9500122070314 39.500000000000007 15.449999809265138 21.94999980926514 1018.5499877929689 1016.3500061035157 1014.5499877929689 1.0000000180025095e-35 6.9500000476837167 81.500000000000014 13.34999990463257 1017.2500000000001 -1.0000000180025095e-35 1.0000000180025095e-35 1021.2500000000001 98.500000000000014 -0.60784998536109913 13.500000000000002 1018.1499938964845 48.000000000000007 11.949999809265138 3.4050000905990605 1018.8500061035157 185.50000000000003 0.78654998540878307 -0.56175000965595234 8.6500000953674334 200.50000000000003
decision_type=2 2 2 2 2 2 2 2 2 2 2 2 2 2 2 2 2 2 2 2 2 2 2 2 2 2 2 2 2 2
left_child=17 5 -3 16 -5 6 11 8 9 -7 15 -2 -10 -9 -15 -8 -4 19 -19 27 21 22 -21 24 -22 -25 -23 -1 -29 -18
right_child=1 2 3 4 -6 7 10 13 12 -11 -12 -13 -14 14 -16 -17 29 18 -20 20 23 26 -24 25 -26 -27 -28 28 -30 -31
leaf_value=-0.0022766247110655074 -0.055112775249613659 0.040649331609408063 -0.011693268890182178 -0.0024197115605189045 0.039560737013816835 -0.0048086578798228552 -0.016315679420164854 -0.0048086578798228552 0.02109036918442983 0.035065419621327344 -0.0048086578798228552 -0.018348970965427511 0.051130043395927971 0.030585416512829918 0.0022479468590712974 -0.038082095879045402 -0.020301578491926188 -0.033895301019462448 0.016246100048830904 -0.00015192227602519722 0.009051832850196834 -0.0022766247110655074 0.0056106489227043801 -0.0022766247110655074 0.001068319874409711 0.00033898053149425194 -0.00064044669892021871 -0.022577771642490439 -0.0060366840473143387 -0.045586081743240359
leaf_weight=32 18 18 11.999999999999998 19 25 18 11.999999999999998 22 26 17 121 17 13.999999999999998 13.999999999999998 28 22 10.000000000000002 11.999999999999998 55 1709 336 1369 425 1105 3481 834 391 19 100 9.9999999999999982
leaf_count=32 18 18 12 19 25 18 12 22 26 17 114 17 14 14 28 22 10 12 55 1709 325 1369 425 1099 3295 834 391 19 100 10
internal_value=7.74793e-05 -0.00268488 0.00870693 0.00114163 0.0201354 -0.00593968 -0.0121049 0.00248754 0.0154875 -0.00293162 -0.00642555 -0.0372561 0.0316043 -0.00480866 0.0116938 -0.0278227 -0.0249749 0.00019589 0.00726555 0.000147562 0.000224633 -0.000635068 0.000995731 0.000806231 0.00177109 -0.00109313 -0.00227662 -0.00477788 -0.0086777 -0.0329438
internal_weight=10291 423 94 76 44 329 190 139 75 35 155 35 40 64 42 34 32 9868 67 9801 9650 3894 2134 5756 3817 1939 1760 151 119 20
internal_count=10081 416 94 76 44 322 183 139 75 35 148 35 40 64 42 34 32 9665 67 9598 9447 3894 2134 5553 3620 1933 1760 151 119 20
is_linear=0
shrinkage=0.05


Tree=230
num_leaves=31
num_cat=0
split_feature=5 11 18 7 4 10 18 5 7 10 11 9 8 9 8 10 1 1 9 4 27 7 26 10 1 11 0 7 10 5
split_gain=2.06162 25.6396 24.3443 5.36561 8.24846 4.85178 6.43017 3.32094 10.3787 5.36375 2.9683 10.5416 12.9593 52.9839 15.5416 9.67616 13.5482 8.60655 3.38928 8.62386 14.7958 7.19295 5.51879 8.38759 6.95007 2.83854 2.51622 2.15867 1.25507 0.177122
threshold=4.7950000762939462 -0.87834998965263356 18.650000572204593 1015.2500000000001 1.9950000047683718 -0.6035499870777129 5.1499998569488534 4.5850000381469735 1023.3500061035157 0.60354998707771312 -0.87834998965263356 0.78654998540878307 452.50000000000006 -1.0000000180025095e-35 347.50000000000006 1.0000000180025095e-35 86.500000000000014 87.500000000000014 0.60354998707771312 0.59499999880790722 11.949999809265138 1014.7500000000001 22.150000572204593 1.0000000180025095e-35 82.500000000000014 1.0000000180025095e-35 23.250000000000004 1018.5499877929689 -0.91595000028610218 5.1949999332427987
decision_type=2 2 2 2 2 2 2 2 2 2 2 2 2 2 2 2 2 2 2 2 2 2 2 2 2 2 2 2 2 2
left_child=7 26 3 4 -3 6 -5 10 9 25 11 12 14 -14 -1 17 -17 -13 19 21 -21 -12 24 -24 -20 28 -2 -7 -9 -28
right_child=1 2 -4 5 -6 27 -8 8 -10 -11 18 15 13 -15 -16 16 -18 -19 22 20 -22 -23 23 -25 -26 -27 29 -29 -30 -31
leaf_value=-0.0053431031259540311 0.025520008057355881 0.0062605054250785266 0.060636594705283646 -0.014742234692186397 -0.045565642241169428 0.0090278284987866803 0.0076118069579419884 -0.029629236087203026 0.032872012848607628 0.011393586196936667 0.0045435192958491136 -0.019320255627439539 -6.9173483955079824e-05 0.099963399342128223 -0.02968000855277448 0.050216848362237214 0.008558830082039821 0.0056458306036746278 -0.0086162232343630404 0.00077012499742075738 0.012087863643899107 -0.00083310125250851642 0.0030003982606273353 0.022043688693905578 -0.00065751611871047529 -0.038461964232299257 0.045575620134671521 0.00010476724824143782 -0.011472080631748489 0.053928786871785477
leaf_weight=738 20 14.000000000000002 15.999999999999998 107 17 97 46 11.999999999999998 12.999999999999998 15.999999999999998 746 47 243 13.999999999999998 72 25 89 130 317 826 444 3744 97 68 2037 17 15.000000000000002 225 46 10.999999999999998
leaf_count=738 20 14 16 107 17 97 46 12 13 16 746 47 243 14 72 25 89 130 317 801 425 3644 51 42 2037 17 15 225 46 11
internal_value=0.000139565 0.00306772 -8.57995e-05 -0.00200588 -0.0221603 -0.000690535 -0.00802141 -3.11763e-05 -0.00891814 -0.0148882 6.47295e-05 -0.00210194 -0.00440252 0.00538007 -0.00750638 0.00633355 0.0176944 -0.000983582 0.000420126 0.00108914 0.00472688 6.02081e-05 -0.00110966 0.00773007 -0.00172927 -0.0204949 0.0388533 0.00279277 -0.0152287 0.0491097
internal_weight=10309 568 522 506 31 475 153 9741 104 91 9637 1358 1067 257 810 291 114 177 8279 5760 1270 4490 2519 165 2354 75 46 322 58 26
internal_count=10093 568 522 506 31 475 153 9525 104 91 9421 1358 1067 257 810 291 114 177 8063 5616 1226 4390 2447 93 2354 75 46 322 58 26
is_linear=0
shrinkage=0.05


Tree=231
num_leaves=31
num_cat=0
split_feature=5 11 18 7 2 10 18 5 7 10 11 9 10 23 3 7 1 10 1 9 10 5 1 10 7 11 5 0 28 10
split_gain=1.86395 23.1397 21.9708 4.84246 8.3271 4.37873 5.80323 2.99528 9.36678 4.84078 2.67194 9.51384 8.73274 13.4438 8.31207 10.8974 7.76741 6.81391 3.17316 9.12624 12.8922 10.2917 3.07729 8.58353 7.72108 2.56178 2.50073 2.27089 2.01946 1.1327
threshold=4.7950000762939462 -0.87834998965263356 18.650000572204593 1015.2500000000001 6.0150001049041757 -0.6035499870777129 5.1499998569488534 4.5850000381469735 1023.3500061035157 0.60354998707771312 -0.87834998965263356 0.78654998540878307 1.0000000180025095e-35 33.500000000000007 20.500000000000004 1014.7500000000001 87.500000000000014 0.98295000195503246 93.500000000000014 -0.37939999997615809 0.78654998540878307 0.58499997854232799 83.500000000000014 -1.0000000180025095e-35 1012.5499877929689 1.0000000180025095e-35 6.0450000762939462 23.250000000000004 117.50000000000001 -0.91595000028610218
decision_type=2 2 2 2 2 2 2 2 2 2 2 2 2 2 2 2 2 2 2 2 2 2 2 2 2 2 2 2 2 2
left_child=7 27 3 4 -3 6 -5 10 9 25 11 14 16 -14 15 -1 -13 -16 22 20 -20 -21 23 -12 -24 29 -6 -2 -7 -9
right_child=1 2 -4 5 26 28 -8 8 -10 -11 18 12 13 -15 17 -17 -18 -19 19 21 -22 -23 24 -25 -26 -27 -28 -29 -30 -31
leaf_value=-0.0085521930638192741 0.024244008064270021 0.016500813737511631 0.057604764029383665 -0.01400512305140565 -0.057030997872352586 0.0019084417562889853 0.0072312165335144691 -0.028147774469107392 0.031228411634667566 0.010823907097801566 0.0019728743665514263 -0.018354243089623273 0.0060834121487171556 0.044295606814557686 -0.0053032833766784486 0.016365824463119842 0.0053635388859905875 -0.02845774524365411 0.00013093555376666492 -0.00072937255743325607 0.041628951330979665 -0.013609919123035588 0.027208429497356218 -0.0024586699262614028 0.0017148935618988229 -0.03653886642526178 -0.022483502531593494 0.046654168849524398 0.023707546835595911 -0.010898476895754752
leaf_weight=77 20 10.000000000000002 15.999999999999998 107 10 311 46 11.999999999999998 12.999999999999998 15.999999999999998 2327 47 82 32 855 102 130 33 61 593 27 210 30 2060 2971 17 11 26 10.999999999999998 46
leaf_count=77 20 10 16 107 10 311 46 12 13 16 2231 47 82 32 855 102 130 33 61 579 27 210 30 2009 2916 17 11 26 11 46
internal_value=0.000130091 0.00291433 -8.15095e-05 -0.00190558 -0.0210523 -0.000656008 -0.00762034 -3.22587e-05 -0.00847223 -0.0141438 5.88233e-05 -0.00199684 0.00601687 0.0168096 -0.0041824 0.0056469 -0.000934403 -0.00616375 0.000396013 -0.00242271 0.0128633 -0.00409788 0.000735953 -0.000108042 0.00196974 -0.0194702 -0.0389347 0.0369106 0.00265313 -0.0144673
internal_weight=10309 568 522 506 31 475 153 9741 104 91 9637 1358 291 114 1067 179 177 888 8279 891 88 803 7388 4387 3001 75 21 46 322 58
internal_count=10093 568 522 506 31 475 153 9525 104 91 9421 1358 291 114 1067 179 177 888 8063 877 88 789 7186 4240 2946 75 21 46 322 58
is_linear=0
shrinkage=0.05


Tree=232
num_leaves=31
num_cat=0
split_feature=8 8 28 8 3 3 6 11 9 5 4 7 28 7 3 28 11 11 5 24 7 23 5 27 3 10 2 10 8 4
split_gain=1.79034 15.0747 58.9511 11.5685 7.50431 11.0525 6.73695 6.49603 45.6316 13.6022 7.17732 9.48331 6.83018 6.51552 6.15874 5.83307 5.04991 4.07133 4.06933 19.7631 9.7238 12.2741 6.59699 11.4024 8.30093 5.30601 18.0236 5.22748 4.57641 2.84751
threshold=386.50000000000006 382.50000000000006 55.500000000000007 440.50000000000006 351.50000000000006 297.50000000000006 1182.5000000000002 -0.87834998965263356 -1.0000000180025095e-35 2.245000004768372 0.18500000238418582 1018.8500061035157 40.500000000000007 1021.0499877929689 8.5000000000000018 105.50000000000001 0.60784998536109935 -1.0000000180025095e-35 3.554999947547913 266.25000000000006 1018.2500000000001 41.500000000000007 2.1049998998641972 19.44999980926514 219.50000000000003 -0.98295000195503224 1.5950000286102297 -0.6035499870777129 302.50000000000006 -0.8149999976158141
decision_type=2 2 2 2 2 2 2 2 2 2 2 2 2 2 2 2 2 2 2 2 2 2 2 2 2 2 2 2 2 2
left_child=1 18 -3 4 5 6 16 8 9 14 12 17 -9 -13 -5 -14 -2 -12 22 -20 21 -21 25 24 -24 26 -1 -27 -22 -8
right_child=3 2 -4 7 -6 -7 29 10 -10 -11 11 13 15 -15 -16 -17 -18 -19 19 20 28 -23 23 -25 -26 27 -28 -29 -30 -31
leaf_value=0.0088556025564283519 0.01924940841494923 -0.13618654847145081 -0.00011052352567322744 0.020871632001190275 0.045080228547255199 -0.031569864973425864 0.00058873397458228274 -0.032306044443976133 0.095075612834521706 0.034157541443904246 -0.0067341336041863544 -0.031123374592174187 -0.00015864618198898901 -0.0088791845911523181 -0.0045109755793349068 0.014524250250624518 0.0034058791774048192 0.012202900385155398 0.056514426627579863 -0.040331828981637959 0.0035667091479062406 -0.0029049911611584559 -0.0082230443097372711 0.03029504321854223 0.0098662592726431689 0.0031637383939542591 -0.024268687056081203 -0.00045783502982259922 0.017074054110063505 -0.031083047237585894
leaf_weight=77 157 9.9999999999999982 39 27 14.999999999999998 15.999999999999998 20.000000000000004 15.999999999999998 13.999999999999998 30 64 55 1430 82 208 71 74 51 17 25 602 177 594 22 71 1249 88 4927 70 10.999999999999998
leaf_count=64 151 10 39 27 15 16 20 16 14 30 63 55 1393 82 208 71 72 51 17 25 602 177 583 22 71 1195 80 4843 70 11
internal_value=0.000123587 -0.000233568 -0.0278811 0.00133922 0.0106319 0.00877315 0.0112368 9.75665e-06 0.00710049 0.00245274 -0.00110857 -0.00892268 0.000189493 -0.0178093 -0.00159468 0.000535881 0.014174 0.00166403 -6.24942e-05 0.00312077 0.00208222 -0.00753703 -0.000466064 -0.00512008 -0.00629171 3.81632e-05 -0.00881069 0.000274572 0.00497372 -0.0106496
internal_weight=10309 7968 49 2341 293 278 262 2048 279 265 1769 252 1517 137 235 1501 231 115 7919 891 874 202 7028 687 665 6341 165 6176 672 31
internal_count=10093 7798 49 2295 285 270 254 2010 279 265 1731 251 1480 137 235 1464 223 114 7749 891 874 202 6858 676 654 6182 144 6038 672 31
is_linear=0
shrinkage=0.05


Tree=233
num_leaves=31
num_cat=0
split_feature=8 8 28 8 3 3 6 11 10 5 4 7 28 7 5 12 28 11 5 24 7 12 23 5 27 3 10 2 10 11
split_gain=1.61578 13.6049 53.2034 10.4406 6.77264 9.97487 6.08009 5.86267 41.1826 12.276 6.47753 8.55868 6.16424 5.88026 5.84332 5.57356 5.26435 3.67437 3.67257 17.8362 8.77573 11.0966 11.0773 5.95378 10.2906 7.49159 4.78867 16.2663 4.7178 2.67347
threshold=386.50000000000006 382.50000000000006 55.500000000000007 440.50000000000006 351.50000000000006 297.50000000000006 1182.5000000000002 -0.87834998965263356 -0.98295000195503224 2.245000004768372 0.18500000238418582 1018.8500061035157 40.500000000000007 1021.0499877929689 -1.705000042915344 -0.56175000965595234 105.50000000000001 -1.0000000180025095e-35 3.554999947547913 266.25000000000006 1018.2500000000001 -0.56175000965595234 41.500000000000007 2.1049998998641972 19.44999980926514 219.50000000000003 -0.98295000195503224 1.5950000286102297 -0.6035499870777129 0.87834998965263378
decision_type=2 2 2 2 2 2 2 2 2 2 2 2 2 2 2 2 2 2 2 2 2 2 2 2 2 2 2 2 2 2
left_child=1 18 -3 4 5 6 15 8 -5 14 12 17 -9 -13 -10 -2 -14 -12 23 -20 22 -22 -21 26 25 -25 27 -1 -28 -4
right_child=3 2 29 7 -6 -7 -8 10 9 -11 11 13 16 -15 -16 -17 -18 -19 19 20 21 -23 -24 24 -26 -27 28 -29 -30 -31
leaf_value=0.0084128222924161264 0.027698493125312525 -0.12937722682952882 0.0086223836074134832 0.090321831830910276 0.04282621651887894 -0.02999137043952942 -0.010117157725354417 -0.030690741352736951 0.0060086030285896328 0.032449663728475568 -0.0063974269061873208 -0.029567205445332964 -0.00015071380241848107 -0.0084352253334278749 -0.0097774071462481526 0.0092273169731475375 0.013798037682279524 0.011592755236608141 0.053688703915652107 -0.038315238267183305 -0.0074703901813186913 0.0081100807768284319 -0.0027597415351077372 -0.0078118921241043726 0.028780291204086761 0.0093729460439775925 0.0030055514889242127 -0.023055252902188593 -0.00043494327511697128 -0.019741605253269276
leaf_weight=77 53 9.9999999999999982 27 13.999999999999998 14.999999999999998 15.999999999999998 31 15.999999999999998 123 30 64 55 1430 82 112 178 71 51 17 25 146 526 177 594 22 71 1249 88 4927 11.999999999999998
leaf_count=64 53 10 27 14 15 16 31 16 123 30 63 55 1393 82 112 170 71 51 17 25 146 526 177 583 22 71 1195 80 4843 12
internal_value=0.000117407 -0.000221889 -0.0264871 0.00127226 0.0101003 0.00833449 0.010675 9.26886e-06 0.00674546 0.00233011 -0.00105314 -0.00847655 0.000180019 -0.0169189 -0.00151494 0.0134653 0.000509087 0.00158083 -5.93695e-05 0.00296473 0.00197811 0.00472504 -0.00716017 -0.000442761 -0.00486407 -0.00597712 3.62551e-05 -0.00837015 0.000260843 -0.000104998
internal_weight=10309 7968 49 2341 293 278 262 2048 279 265 1769 252 1517 137 235 231 1501 115 7919 891 874 672 202 7028 687 665 6341 165 6176 39
internal_count=10093 7798 49 2295 285 270 254 2010 279 265 1731 251 1480 137 235 223 1464 114 7749 891 874 672 202 6858 676 654 6182 144 6038 39
is_linear=0
shrinkage=0.05


Tree=234
num_leaves=31
num_cat=0
split_feature=8 8 28 8 1 3 3 7 12 17 9 9 6 1 28 5 7 9 24 21 5 25 9 3 8 8 8 11 5 12
split_gain=1.45824 12.2784 48.016 9.42264 7.69971 6.11231 9.00232 5.74786 12.4746 15.3589 11.122 9.98753 5.48728 6.79901 4.61674 4.52663 3.51202 8.40176 9.55149 10.0112 7.6855 7.91699 6.46112 15.4342 8.66471 7.17178 10.5869 6.27126 6.03799 3.08275
threshold=386.50000000000006 382.50000000000006 55.500000000000007 440.50000000000006 79.500000000000014 351.50000000000006 297.50000000000006 1021.5499877929689 -0.56175000965595234 0.13650000095367434 -1.0000000180025095e-35 -0.37939999997615809 1182.5000000000002 73.500000000000014 78.500000000000014 -2.254999995231628 1020.8500061035157 -0.91595000028610218 789.58499145507824 12.949999809265138 -0.70499998331069935 10.949999809265138 -0.91595000028610218 47.500000000000007 367.50000000000006 339.50000000000006 142.50000000000003 1.0000000180025095e-35 3.3449999094009404 1.0000000180025095e-35
decision_type=2 2 2 2 2 2 2 2 2 2 2 2 2 2 2 2 2 2 2 2 2 2 2 2 2 2 2 2 2 2
left_child=1 16 -3 5 7 6 12 8 9 -5 -10 29 13 -2 -6 -13 22 18 19 -18 21 -19 23 -1 -25 26 -24 -22 -27 -9
right_child=3 2 -4 4 14 -7 -8 11 10 -11 -12 15 -14 -15 -16 -17 17 20 -20 -21 27 -23 25 24 -26 28 -28 -29 -30 -31
leaf_value=0.012413765904181298 0.019459563639894543 -0.12290836036205294 -9.9747328278728019e-05 -0.0070192387232111747 -0.036245825951514037 0.040684904952843992 -0.028491802141070367 0.0050282149657600956 0.0038659090523644325 0.018960613542003558 0.027810411004112197 -0.028328953613983649 -0.0096112996520053961 0.0017561063534398188 -0.0029398828793905287 -0.0086232663591063637 0.014300074328799567 0.001061736274174055 0.0024285074982686814 0.039771344526498408 -0.0040771128133095472 0.011630221277871083 -0.00078156833004597184 -0.014304526750004709 0.016948594346952936 -0.026202558978564213 0.0077263486282911674 0.0021904305323528742 0.015121942690827631 -0.0056921902310568843
leaf_weight=82 144 9.9999999999999982 39 512 23 14.999999999999998 15.999999999999998 152 988 64 51 51 31 87 19 68 17 505 105 54 894 273 4498 292 24 45 398 721 10.999999999999998 120
leaf_count=82 136 10 39 505 23 15 16 152 962 64 51 51 31 87 19 68 17 505 105 54 841 265 4420 286 24 40 390 709 11 115
internal_value=0.000111537 -0.000210795 -0.0251627 0.00120865 8.80541e-06 0.00959527 0.00791777 0.000452415 0.00176934 -0.00413259 0.00504124 -0.00498704 0.0101413 0.012792 -0.0211789 -0.0170686 -5.6401e-05 0.00146313 0.0120067 0.0261716 0.000687668 0.00477021 -0.000786058 -0.00691514 -0.0119309 -0.000293453 -8.99525e-05 -0.00127903 -0.0180852 0.000298624
internal_weight=10309 7968 49 2341 2048 293 278 2006 1615 576 1039 391 262 231 42 119 7919 2569 176 71 2393 778 5350 398 316 4952 4896 1615 56 272
internal_count=10093 7798 49 2295 2010 285 270 1968 1582 569 1013 386 254 223 42 119 7749 2496 176 71 2320 770 5253 392 310 4861 4810 1550 51 267
is_linear=0
shrinkage=0.05


Tree=235
num_leaves=30
num_cat=0
split_feature=28 4 8 4 6 8 1 23 21 2 17 10 5 12 10 2 6 5 28 8 8 8 26 11 4 12 23 23 1
split_gain=1.54868 1.33372 5.95345 8.92065 7.6289 6.54322 6.12978 8.58623 6.74067 5.68871 2.98371 2.91832 9.37576 11.5796 28.7928 15.7848 7.49114 7.77602 4.90077 4.16716 10.0005 8.95138 7.94805 7.66576 6.28906 3.82851 2.37046 1.96891 1.56769
threshold=141.00000000000003 0.89499998092651378 18.500000000000004 1.9149999618530276 1007.5000000000001 534.50000000000011 89.500000000000014 63.500000000000007 8.0500001907348651 5.0950000286102304 0.10050000250339509 -0.78654998540878285 -2.754999995231628 0.81174999475479137 -0.98295000195503224 2.1250000000000004 737.50000000000011 -3.9650000333786006 37.500000000000007 344.50000000000006 473.50000000000006 245.50000000000003 20.650000572204593 -0.87834998965263356 -2.6049998998641963 0.81174999475479137 50.500000000000007 24.500000000000004 60.500000000000007
decision_type=2 2 2 2 2 2 2 2 2 2 2 2 2 2 2 2 2 2 2 2 2 2 2 2 2 2 2 2 2
left_child=1 11 4 5 6 27 8 -8 -3 26 -11 12 16 15 -15 -14 18 -18 -1 21 23 24 -23 -21 -13 -22 -5 -4 -7
right_child=-2 2 3 9 -6 28 7 -9 -10 10 -12 19 13 14 -16 -17 17 -19 -20 20 25 22 -24 -25 -26 -27 -28 -29 -30
leaf_value=0.0022032949533443225 0.014362859312031004 -0.0058019968474944455 -0.012978124831958364 -0.0042085615046517522 -0.042393948137760165 -0.0058639296194220461 -0.0069208021371463578 0.0070233789904521633 0.0035330973256141002 -0.03088744663529926 -0.008587559584476467 0.0058876555686303601 0.0029017217262318246 -0.068678017224495611 -0.0088858761280775061 -0.011162774280831737 0.0022032949533443225 -0.010750066401875195 0.0070233789904521633 -0.012734078111991818 -0.001351478666789453 -0.012690342253347534 0.0070233789904521633 0.0070233789904521633 -0.00089738501641120768 0.0070233789904521633 0.0070233789904521633 0.0070233789904521633 -0.025790525285097274
leaf_weight=96 18 246 24 36 10.999999999999998 41 544 77 904 18 90 374 449 24 125 359 221 170 198 56 992 252 38 308 3933 128 73 445 12.999999999999998
leaf_count=96 18 246 24 36 11 41 542 76 877 18 90 371 426 24 115 352 221 170 192 56 972 252 27 303 3873 128 72 417 13
internal_value=-0.000290356 -0.000316101 0.000682212 0.00445203 -0.000883255 0.00702338 -0.000625425 -0.00462843 0.0015362 -0.00417125 -0.0123042 -0.000642107 -0.00251255 -0.00570906 -0.0185168 -0.00334723 0.00195323 -0.00261679 0.00702338 -0.000137048 0.00216664 -0.000880722 -0.0093836 0.00702338 -0.000308203 -0.000296229 0.00388708 0.00702338 -0.0106611
internal_weight=10263 10245 2522 740 1782 523 1771 621 1150 217 108 7723 1642 957 149 808 685 391 294 6081 1484 4597 290 364 4307 1120 109 469 54
internal_count=10059 10041 2463 711 1752 495 1741 618 1123 216 108 7578 1596 917 139 778 679 391 288 5982 1459 4523 279 359 4244 1100 108 441 54
is_linear=0
shrinkage=0.05


Tree=236
num_leaves=31
num_cat=0
split_feature=7 10 1 7 28 7 9 7 22 5 12 9 7 25 27 14 7 28 9 3 23 1 4 21 12 5 3 24 12 28
split_gain=1.4321 7.29561 8.1646 5.69068 5.26311 6.09423 6.34133 5.5824 5.32831 5.66554 5.12532 4.46841 4.25089 15.1199 7.35905 17.1029 6.95889 5.0469 8.34444 2.89178 2.03909 2.00576 6.84513 14.7858 6.11486 15.7791 8.00946 5.8081 8.75414 6.02755
threshold=1024.4500122070315 -0.98295000195503224 79.500000000000014 1027.850036621094 64.500000000000014 1025.2500000000002 -0.37939999997615809 1024.850036621094 2.9500000476837163 0.58499997854232799 0.81174999475479137 0.3793999999761582 1023.1499938964845 14.150000095367433 7.4500000476837167 48.000000000000007 1023.3500061035157 55.500000000000007 1.0000000180025095e-35 47.500000000000007 82.500000000000014 86.500000000000014 -2.9850000143051143 17.150000572204593 0.81174999475479137 -0.5349999964237212 76.500000000000014 49.584999084472663 -0.56175000965595234 59.500000000000007
decision_type=2 2 2 2 2 2 2 2 2 2 2 2 2 2 2 2 2 2 2 2 2 2 2 2 2 2 2 2 2 2
left_child=12 2 3 -2 5 6 -3 -8 9 -7 11 20 21 14 17 16 -16 18 -14 -19 -6 27 23 -23 25 -24 -26 28 -1 -29
right_child=1 4 -4 -5 10 8 7 -9 -10 -11 -12 -13 13 -15 15 -17 -18 19 -20 -21 -22 22 24 -25 26 -27 -28 29 -30 -31
leaf_value=0.037684058498304626 -0.040852642217368791 0.0010285935501484361 0.0084515020065009591 -0.0017953377503615161 0.0010285935501484361 -0.0083616986312185539 -0.0064657519703955743 -0.023509969537873279 0.0010285935501484361 -0.037954424335621295 0.037486334393421812 0.024576095378269321 -0.035474255681037903 0.048911151610728766 0.013336855476565511 0.0030688747244194715 0.025696203694806904 -0.0048642086224591997 -0.0048642086224591997 0.0030688747244194715 0.015311886109411716 -0.0040451997399537105 0.001970700896325635 0.044902239745931216 -0.0066220493786329146 -0.0062248941775910217 0.0093158067461044155 -0.0032537894832673202 0.0063306152763849743 0.00016073945172425899
leaf_weight=26 33 31 20 12.999999999999998 152 18 116 82 220 20 11.999999999999998 23 27 18 36 180 85 32 82 236 25 36 1871 27 102 856 347 2078 40 3419
leaf_count=26 33 31 20 7 152 18 116 82 215 20 12 23 27 18 36 180 85 32 82 236 25 36 1863 27 84 856 315 2029 40 3333
internal_value=-0.000247256 -0.00232841 -0.0182189 -0.0298147 -0.000828026 -0.00369059 -0.00964346 -0.0135245 0.00102859 -0.017752 0.00574778 0.00384347 -7.96325e-05 0.00368203 0.00248126 0.00831105 0.0236048 -0.0021733 -0.0112445 0.00151611 0.0011494 -0.000377078 0.000612084 0.0169323 0.000288353 -0.00060188 0.00569518 -0.000953008 0.0137913 -0.00113004
internal_weight=10263 765 66 46 699 487 229 198 258 38 212 200 9498 696 678 301 121 377 109 268 177 8802 3239 63 3176 2727 449 5563 66 5497
internal_count=10059 754 60 40 694 482 229 198 253 38 212 200 9305 696 678 301 121 377 109 268 177 8609 3181 63 3118 2719 399 5428 66 5362
is_linear=0
shrinkage=0.05


Tree=237
num_leaves=31
num_cat=0
split_feature=0 1 8 7 10 5 10 10 5 10 7 1 0 10 3 28 18 1 5 28 18 11 5 8 5 5 8 1 12 25
split_gain=1.49457 3.18221 2.22993 1.47884 7.14443 7.23063 14.4916 10.8804 8.47508 6.08474 12.8558 5.8951 4.89197 4.72168 10.321 16.5336 12.9424 9.10649 8.77413 7.07324 7.864 6.14571 5.28538 3.70004 3.1683 6.19216 3.12231 2.41933 1.96586 1.71252
threshold=30.050000190734867 46.500000000000007 733.50000000000011 1019.5499877929689 -0.37939999997615809 -2.314999938011169 0.98295000195503246 0.78654998540878307 0.45499999821186071 0.60354998707771312 1015.8500061035157 58.500000000000007 27.150000572204593 -0.78654998540878285 187.50000000000003 58.500000000000007 8.7500000000000018 65.500000000000014 -0.50499999523162831 36.500000000000007 5.3500001430511483 -0.60784998536109913 1.1549999713897707 523.50000000000011 5.1949999332427987 5.5350000858306894 815.00000000000011 93.500000000000014 1.0000000180025095e-35 5.2500000000000009
decision_type=2 2 2 2 2 2 2 2 2 2 2 2 2 2 2 2 2 2 2 2 2 2 2 2 2 2 2 2 2 2
left_child=3 -2 -3 4 11 9 7 -7 -8 23 -11 12 28 14 15 16 -5 18 -16 20 -15 -22 -17 -6 29 -26 -14 -19 -1 -13
right_child=1 2 -4 13 5 6 8 -9 -10 10 -12 24 26 19 17 22 -18 27 -20 -21 21 -23 -24 -25 25 -27 -28 -29 -30 -31
leaf_value=-0.019511714390116848 0.0019149779595520272 0.021541671113421521 0.0053532581068933584 -0.021293966328278961 0.0019149779595520272 -0.0061375492860912843 -0.047422998710986111 0.0019149779595520272 -0.0050128918337194548 -0.0097964565796357372 0.0019149779595520272 -0.003532228680311539 0.0019149779595520272 -0.026910506660009131 -0.044552448598874944 0.0019149779595520272 -0.0061895824382425281 0.0019149779595520272 -0.0062393434656604031 0.0019149779595520272 -0.012868627066838376 -0.00078974000502968949 -0.0061895824382425281 -0.0062057079491852274 -0.028444753670030173 0.0019149779595520272 -0.0081423676185253032 -0.021079090236508776 -0.0081423676185253032 0.0019149779595520272
leaf_weight=72 103 36 52 240 898 1185 31 268 19 410 492 262 151 34 18 211 101 521 88 2877 114 509 54 144 27 35 46 21 13.999999999999998 1230
leaf_count=72 103 36 52 232 898 1161 31 268 19 410 492 262 151 34 18 199 100 490 82 2790 114 497 54 144 27 35 46 20 14 1208
internal_value=-0.000234274 0.00414732 0.0119758 -0.000317364 -0.000894088 -0.00223625 -0.00484064 -0.00392989 -0.0313072 -0.000222674 -0.00325348 0.00162439 -0.00533933 0.000319104 -0.00231678 -0.00700887 -0.0142941 0.00191498 -0.0127453 0.00125442 -0.00349446 -0.00221654 0.00191498 0.00191498 0.00191498 -0.010402 -0.00099588 0.00191498 -0.0152889 0.00191498
internal_weight=10263 191 88 10072 5284 3447 1503 1453 50 1944 902 1837 283 4788 1254 606 341 648 106 3534 657 623 265 1042 1554 62 197 542 86 1492
internal_count=10059 191 88 9868 5238 3423 1479 1429 50 1944 902 1815 283 4630 1195 585 332 610 100 3435 645 611 253 1042 1532 62 197 510 86 1470
is_linear=0
shrinkage=0.05


Tree=238
num_leaves=23
num_cat=0
split_feature=0 17 18 26 7 27 0 1 7 5 9 6 3 21 10 3 3 7 7 23 3 24
split_gain=1.3136 3.20055 1.63142 2.95634 1.59069 5.28335 2.48851 1.78137 8.24525 3.70548 5.5218 2.53692 5.84353 1.65788 1.85157 1.53343 2.18795 1.41918 1.38772 1.22201 0.565787 0.214997
threshold=28.94999980926514 0.12550000101327899 3.1499999761581425 12.050000190734865 1011.4500122070314 2.4500000476837163 25.349999427795414 54.500000000000007 1017.7500000000001 2.5449999570846562 -0.78654998540878285 1342.5000000000002 45.500000000000007 4.8500001430511483 -0.37939999997615809 103.50000000000001 48.500000000000007 1016.6499938964845 1010.5499877929689 98.500000000000014 32.500000000000007 792.91500854492199
decision_type=2 2 2 2 2 2 2 2 2 2 2 2 2 2 2 2 2 2 2 2 2 2
left_child=4 2 -2 -4 5 -1 20 8 15 -10 -11 13 -13 -9 -15 16 -6 -17 -8 -20 -7 -3
right_child=1 21 3 -5 7 6 18 11 9 10 -12 12 -14 14 -16 17 -18 -19 19 -21 -22 -23
leaf_value=-0.037309316080063583 0.001220553019350616 0.027370715476572507 0.0038743046546487209 0.011911745357194581 -0.014610377763723318 -0.0076126471161842325 0.001220553019350616 -0.0065707640488430101 0.001220553019350616 0.001220553019350616 -0.026059676014307528 -0.039434829230109852 -0.0065707640488430101 0.00096232013352187142 -0.00050360787495750347 0.001220553019350616 -0.036874473782686087 -0.017777627317367921 -0.00748143930643521 0.001220553019350616 -0.019948977091911416 0.017002571746706965
leaf_weight=11.999999999999998 213 10.000000000000002 78 69 73 12.000000000000002 49 28 226 14.999999999999998 31 14.999999999999998 22 3395 5893 20 12.999999999999998 13.999999999999998 34 15.999999999999998 14.999999999999998 9.9999999999999982
leaf_count=12 213 10 78 69 73 12 49 28 226 15 31 15 22 3277 5807 20 13 14 34 16 15 10
internal_value=-0.000166389 0.00271842 0.00163685 0.00652806 -0.000277309 -0.00560783 -0.00258864 -0.000201823 -0.00350391 0.00122055 -0.0129722 -6.34272e-05 -0.01313 -1.15312e-05 3.22261e-05 -0.014422 -0.0179759 -0.00543281 0.00108096 -0.0071116 -0.0160438 0.0221866
internal_weight=10263 380 360 147 9883 138 126 9745 392 272 46 9353 37 9316 9288 120 86 34 99 50 27 20
internal_count=10059 380 360 147 9679 138 126 9541 392 272 46 9149 37 9112 9084 120 86 34 99 50 27 20
is_linear=0
shrinkage=0.05


Tree=239
num_leaves=26
num_cat=0
split_feature=28 4 0 8 23 1 0 7 10 1 3 10 1 25 11 5 12 8 5 2 9 28 25 7 1
split_gain=1.45463 1.26821 5.60575 5.57709 7.20725 6.18139 5.98749 5.52757 16.4927 5.12567 4.05336 3.4875 3.307 4.32398 6.72958 5.10548 4.08557 10.3397 6.76788 1.92453 1.82373 2.31611 1.04046 0.912836 0.279593
threshold=137.00000000000003 0.89499998092651378 17.849999427795414 1.0000000180025095e-35 24.500000000000004 65.500000000000014 22.550000190734867 1015.3500061035157 0.60354998707771312 90.500000000000014 264.50000000000006 -0.6035499870777129 89.500000000000014 8.1500000953674334 -0.60784998536109913 -0.70499998331069935 -0.56175000965595234 386.50000000000006 3.1049998998641972 5.7950000762939462 0.78654998540878307 26.500000000000004 9.0500001907348651 1021.7500000000001 67.500000000000014
decision_type=2 2 2 2 2 2 2 2 2 2 2 2 2 2 2 2 2 2 2 2 2 2 2 2 2
left_child=1 2 10 6 22 11 7 8 -3 -9 -1 -6 16 14 -14 -15 18 -18 -4 -7 -12 -22 23 -5 -2
right_child=24 3 12 4 5 19 -8 9 -10 -11 20 -13 13 15 -16 -17 17 -19 -20 -21 21 -23 -24 -25 -26
leaf_value=-0.041163317452777515 0.01556254704793294 -0.0053196926982226698 0.0020910058009361958 -0.014359416923702246 -0.0061285783446551161 0.0052346976509853082 0.0052346976509853082 0.0010255019094837156 -0.068339223414659506 -0.0051391998390329496 -0.0065002193256704886 0.0052346976509853082 0.0012510870206011396 0.0052346976509853082 -0.0051800721672448889 0.0012510870206011396 -0.0038039281972891618 0.0015692188145083213 -0.0065002193256704886 -0.0058405163975905131 -0.031658810377120976 -0.0079247162748987861 -0.0061285783446551161 -0.030389178544282913 0.0060606949715293016
leaf_weight=10.999999999999998 15.000000000000002 77 1696 11.000000000000002 97 571 77 1027 11.999999999999998 502 40 55 259 483 524 503 2487 1399 265 67 17 26 9.9999999999999982 15.999999999999998 15.999999999999998
leaf_count=11 15 77 1676 11 91 548 77 1000 12 499 39 55 259 478 524 459 2450 1361 265 67 17 26 10 16 16
internal_value=-0.000156205 -0.00018897 -0.000507339 0.000784314 0.00415046 0.00516062 -0.000858049 -0.00170357 -0.0138167 -0.000998488 -0.0126429 -0.00484975 -0.000357557 0.00153665 -0.00123735 0.00373952 -0.000930644 -0.00186954 0.000929911 0.0052347 -0.00886307 -0.017308 -0.0174178 -0.0225903 0.0106584
internal_weight=10263 10232 7710 2522 827 790 1695 1618 89 1529 94 152 7616 1769 783 986 5847 3886 1961 638 83 43 37 27 31
internal_count=10059 10028 7565 2463 798 761 1665 1588 89 1499 93 146 7472 1720 783 937 5752 3811 1941 615 82 43 37 27 31
is_linear=0
shrinkage=0.05


Tree=240
num_leaves=25
num_cat=0
split_feature=2 4 18 28 18 7 3 21 10 3 4 23 4 4 12 18 0 1 8 1 23 4 17 29
split_gain=2.09467 4.05997 1.55708 1.40483 2.2673 1.43466 7.80946 4.12429 3.27463 5.04096 5.40851 5.23269 4.7849 5.91638 4.42642 2.56982 2.54349 1.37114 1.1905 1.10462 0.97981 0.568443 0.393463 0.137655
threshold=0.56999999284744274 -0.4549999982118606 21.150000572204593 13.500000000000002 8.2500000000000018 1020.5499877929689 42.500000000000007 8.2500000000000018 -1.0000000180025095e-35 50.500000000000007 1.9450000524520876 41.500000000000007 -1.0249999761581419 1.7549999952316286 0.81174999475479137 10.84999990463257 19.150000572204593 81.500000000000014 550.50000000000011 83.500000000000014 13.500000000000002 1.1349999904632571 0.14350000023841861 12.550000190734865
decision_type=2 2 2 2 2 2 2 2 2 2 2 2 2 2 2 2 2 2 2 2 2 2 2 2
left_child=1 -1 17 4 -2 8 15 19 12 11 -11 -10 14 -14 -5 -7 -9 18 -3 -8 21 23 -19 -6
right_child=3 2 -4 5 20 6 7 16 9 10 -12 -13 13 -15 -16 -17 -18 22 -20 -21 -22 -23 -24 -25
leaf_value=0.024613450726737148 -0.02397812187139477 0.0096713562512958737 0.017053877307464268 -0.0023711348805973212 -0.013385500992074736 -0.0023711348805973212 -0.0023711348805973212 -4.1149842734919401e-05 -0.0023711348805973212 -0.0023711348805973212 0.0022888351951274822 0.0022888351951274822 0.0022888351951274822 -0.0023711348805973212 0.0022888351951274822 0.0022888351951274822 0.0022888351951274822 0.0022888351951274822 0.0022888351951274822 -4.1149842734919401e-05 -0.0023711348805973212 -0.0060773393121021958 0.0096713562512958737 -0.0083499145561030923
leaf_weight=23 13.999999999999998 31 18 646 19 416 172 543 595 1944 217 897 1842 235 80 151 1978 168 10.999999999999998 133 84 11.999999999999998 18 13.999999999999998
leaf_count=14 14 29 17 632 19 412 172 543 595 1897 217 895 1818 234 80 151 1893 160 11 133 84 12 10 14
internal_value=0.000170467 0.00452442 0.00264618 5.32522e-05 -0.00486696 0.00012469 0.000957101 0.00212422 -0.00031279 -0.0012992 -0.00237113 0.000984454 0.00097274 0.00219497 -0.00237113 -0.00237113 0.00228884 0.00228884 0.00967136 -0.00237113 -0.00279288 -0.00978354 0.00228884 -0.0133855
internal_weight=10261 269 246 9992 143 9849 3393 2826 6456 3653 2161 1492 2803 2077 726 567 2521 228 42 305 129 45 186 33
internal_count=10056 241 227 9815 143 9672 3304 2741 6368 3604 2114 1490 2764 2052 712 563 2436 210 40 305 129 45 170 33
is_linear=0
shrinkage=0.05


Tree=241
num_leaves=19
num_cat=0
split_feature=2 5 25 25 28 11 3 1 3 3 6 17 18 12 9 10 3 6
split_gain=1.80561 2.79511 2.11216 1.25318 1.22021 1.24549 2.46896 2.59786 2.43729 3.10577 2.61705 1.06774 0.717572 0.648319 0.354543 0.182329 0.0501318 0.0105702
threshold=0.56999999284744274 -0.40500000119209284 21.050000190734867 3.3500000238418584 13.500000000000002 0.87834998965263378 58.500000000000007 86.500000000000014 11.500000000000002 40.500000000000007 827.50000000000011 0.10050000250339509 21.150000572204593 -0.56175000965595234 0.91595000028610241 -0.91595000028610218 30.500000000000004 597.50000000000011
decision_type=2 2 2 2 2 2 2 2 2 2 2 2 2 2 2 2 2 2
left_child=1 -1 12 15 13 8 7 -7 10 -10 -6 -8 -3 -5 -4 -2 17 -17
right_child=3 2 14 4 5 6 11 -9 9 -11 -12 -13 -14 -15 -16 16 -18 -19
leaf_value=0.023230309515363642 -0.0040511234970346767 0.0021222939346171254 0.018124532327055933 -0.001949557014405487 0.0021222939346171254 -0.001949557014405487 -0.001949557014405487 0.0021222939346171254 -0.001949557014405487 7.4330995995215761e-05 -0.001949557014405487 0.0021222939346171254 0.0076650915313774218 -0.0040511234970346767 0.0091106864623725411 -0.0074096250161528564 -0.012536938531467548 -0.0096556992185386752
leaf_weight=18 11.999999999999998 189 20 24 916 348 72 113 1173 6147 214 820 18 119 24 10.000000000000002 12.999999999999998 10.999999999999998
leaf_count=18 12 184 10 24 910 348 72 113 1165 5991 214 813 17 119 12 10 13 11
internal_value=0.000155517 0.0041979 0.00283302 4.66895e-05 8.47702e-05 0.000152009 0.00156046 -0.0016613 -7.35088e-05 -0.00040715 0.00208778 0.00212229 0.00212229 -0.00405112 0.0132079 -0.00818702 -0.0100967 -0.00858614
internal_weight=10261 269 251 9992 9946 9803 1353 461 8450 7320 1130 892 207 143 44 46 34 21
internal_count=10056 241 223 9815 9769 9626 1346 461 8280 7156 1124 885 201 143 22 46 34 21
is_linear=0
shrinkage=0.05


Tree=242
num_leaves=18
num_cat=0
split_feature=2 4 5 18 25 28 7 3 21 3 14 12 18 7 28 27 5
split_gain=1.56518 3.62991 2.90337 1.19566 1.12695 1.1209 1.19846 6.74761 3.43884 3.02674 3.52329 3.43185 1.23984 0.635051 0.154129 0.217329 0.0915575
threshold=0.56999999284744274 -0.4549999982118606 -0.40500000119209284 21.150000572204593 3.3500000238418584 13.500000000000002 1020.5499877929689 42.500000000000007 8.2500000000000018 49.500000000000007 55.000000000000007 0.81174999475479137 10.84999990463257 1018.6499938964845 57.500000000000007 6.5499999523162851 -4.4849998950958243
decision_type=2 2 2 2 2 2 2 2 2 2 2 2 2 2 2 2 2
left_child=1 -1 -3 -4 14 13 9 12 -9 10 -7 -11 -8 -6 15 16 -2
right_child=4 2 3 -5 5 6 7 8 -10 11 -12 -13 -14 -15 -16 -17 -18
leaf_value=0.022907211145629054 -0.0098686138367795398 0.022068794257938864 0.0019794785771912828 0.015817928810914358 -0.0018456641903523757 0.0019794785771912828 -0.0018456641903523757 -0.0018456641903523757 0.0019794785771912828 -0.0017445805121339795 -0.0018456641903523757 0.0019794785771912828 0.0019794785771912828 -0.0038389606965026691 -0.0038389606965026691 -0.0066737839234160268 -0.016449133455753322
leaf_weight=23 9.9999999999999982 18 210 18 38 2062 409 305 2521 3339 415 601 151 105 11.999999999999998 13.999999999999998 10.000000000000002
leaf_count=14 10 18 192 17 38 2050 405 305 2436 3270 415 594 151 105 12 14 10
internal_value=0.000148325 0.00391195 0.00213598 0.00197948 4.70027e-05 8.31147e-05 0.000147632 0.000908702 0.00197948 -0.000253954 0.00111559 -0.00111496 -0.00184566 -0.00383896 -0.00776104 -0.00950861 -0.0130634
internal_weight=10261 269 246 228 9992 9946 9803 3386 2826 6417 2477 3940 560 143 46 34 20
internal_count=10056 241 227 209 9815 9769 9626 3297 2741 6329 2465 3864 556 143 46 34 20
is_linear=0
shrinkage=0.05


Tree=243
num_leaves=24
num_cat=0
split_feature=2 4 18 1 8 28 18 7 3 21 10 3 23 4 4 4 7 18 0 23 1 4 29
split_gain=1.33681 3.31472 1.25432 1.12672 1.05235 1.0297 2.06032 1.14257 6.76251 3.20461 3.05227 4.30229 4.46485 4.28592 4.69358 4.20843 2.61634 1.6039 1.5972 0.845276 0.812291 0.531335 0.120101
threshold=0.56999999284744274 -0.4549999982118606 21.150000572204593 81.500000000000014 550.50000000000011 13.500000000000002 8.2500000000000018 1020.5499877929689 42.500000000000007 8.2500000000000018 -1.0000000180025095e-35 50.500000000000007 41.500000000000007 -1.0249999761581419 1.7549999952316286 1.9450000524520876 1019.5499877929689 10.84999990463257 19.150000572204593 13.500000000000002 83.500000000000014 1.1349999904632571 12.550000190734865
decision_type=2 2 2 2 2 2 2 2 2 2 2 2 2 2 2 2 2 2 2 2 2 2 2
left_child=1 -1 3 4 -3 6 -2 10 17 20 13 12 -12 16 -15 -13 -7 -9 -11 21 -10 22 -8
right_child=5 2 -4 -5 -6 7 19 8 9 18 11 15 -14 14 -16 -17 -18 -19 -20 -21 -22 -23 -24
leaf_value=0.021761850300042528 -0.022392216723944463 0.0084255452827293412 0.015027032275166777 0.0018240582902919037 0.0018240582902919037 -0.0020374914277270398 -0.012294667337535457 -0.0020374914277270398 -0.0020374914277270398 -0.00010671656871756794 -0.0020374914277270398 -0.0020374914277270398 0.0018240582902919037 0.0018240582902919037 -0.0020374914277270398 0.0018240582902919037 0.0018240582902919037 0.0018240582902919037 0.0018240582902919037 -0.0020374914277270398 -0.00010671656871756794 -0.0054665147098157951 -0.0075379144932542531
leaf_weight=23 13.999999999999998 31 18 186 10.999999999999998 610 19 416 172 543 595 1944 897 1842 235 217 116 151 1978 84 133 11.999999999999998 13.999999999999998
leaf_count=14 14 29 17 170 11 597 19 412 172 543 595 1897 895 1818 234 217 115 151 1893 84 133 12 14
internal_value=0.000131757 0.00361 0.00191288 0.00182406 0.00842555 3.81171e-05 -0.00417426 9.92776e-05 0.000842134 0.00182406 -0.000291136 -0.00124346 0.000920988 0.000949981 0.00182406 -0.00203749 -0.00203749 -0.00203749 0.00182406 -0.00219712 -0.00203749 -0.00889554 -0.0122947
internal_weight=10261 269 246 228 42 9992 143 9849 3393 2826 6456 3653 1492 2803 2077 2161 726 567 2521 129 305 45 33
internal_count=10056 241 227 210 40 9815 143 9672 3304 2741 6368 3604 1490 2764 2052 2114 712 563 2436 129 305 45 33
is_linear=0
shrinkage=0.05


Tree=244
num_leaves=20
num_cat=0
split_feature=2 4 5 25 11 7 9 2 9 7 23 4 11 14 18 23 10 7 9
split_gain=1.15172 3.01871 2.61334 1.00998 1.14747 2.23076 2.63357 2.03828 1.76449 3.74811 1.39523 2.71306 1.70811 1.38885 0.944617 0.289205 0.158527 0.0569836 0.0524204
threshold=0.56999999284744274 -0.4549999982118606 -0.40500000119209284 3.3500000238418584 0.87834998965263378 1015.5499877929689 1.0000000180025095e-35 5.6549999713897714 0.98295000195503246 1018.6499938964845 19.500000000000004 0.89499998092651378 -1.0000000180025095e-35 55.000000000000007 21.150000572204593 25.500000000000004 -0.91595000028610218 1019.0499877929689 0.78654998540878307
decision_type=2 2 2 2 2 2 2 2 2 2 2 2 2 2 2 2 2 2 2
left_child=1 -1 -3 16 8 6 -6 13 10 15 12 -12 -5 -7 -4 -10 -2 18 -18
right_child=3 2 14 4 5 7 -8 -9 9 -11 11 -13 -14 -15 -16 -17 17 -19 -20
leaf_value=0.020673757597156193 -0.0036428217149678923 0.020745788721574676 0.0016936507799751596 -0.0015444292021264663 -0.0036428217149678923 0.0016936507799751596 0.0016936507799751596 -0.0036428217149678923 -0.0036428217149678923 -0.0036428217149678923 -0.00038159817727928796 0.0016936507799751596 -0.0036428217149678923 -0.00097458546749636631 0.014275680751436287 0.0016936507799751596 -0.0050108960270881641 -0.01210798245367848 -0.0098260724773773789
leaf_weight=23 11.999999999999998 18 210 133 87 864 71 34 46 213 5996 1887 187 315 18 113 10.000000000000002 10.999999999999998 12.999999999999998
leaf_count=14 12 18 192 133 87 857 71 34 46 202 5896 1828 187 315 17 113 10 11 13
internal_value=0.000122869 0.00335135 0.00173177 3.59529e-05 7.01395e-05 0.00141326 -0.00364282 0.00169365 -0.000144603 -0.00351264 8.13512e-06 0.000139517 -0.00322838 0.00169365 0.00169365 0.00169365 -0.00735578 -0.00914811 -0.00773252
internal_weight=10261 269 246 9992 9946 1371 158 1213 8575 372 8203 7883 320 1179 228 159 46 34 23
internal_count=10056 241 227 9815 9769 1364 158 1206 8405 361 8044 7724 320 1172 209 159 46 34 23
is_linear=0
shrinkage=0.05


Tree=245
num_leaves=23
num_cat=0
split_feature=28 7 10 8 23 8 7 7 28 18 3 7 7 12 3 4 10 11 7 4 8 5
split_gain=1.28011 1.18866 5.57925 11.2286 6.56364 4.62408 5.3402 7.34346 5.74522 3.93164 11.0695 3.46602 2.54697 2.54093 2.42543 2.01567 9.67835 10.3074 8.0234 4.39452 5.32545 3.00166
threshold=141.00000000000003 1024.4500122070315 -0.98295000195503224 347.50000000000006 63.500000000000007 2.5000000000000004 1025.049987792969 1024.850036621094 36.500000000000007 2.1499999761581425 176.50000000000003 1024.2500000000002 1025.4500122070315 1.0000000180025095e-35 48.500000000000007 -1.1850000023841856 -0.78654998540878285 -1.0000000180025095e-35 1020.3500061035157 -0.85500001907348622 477.50000000000006 -4.3849999904632559
decision_type=2 2 2 2 2 2 2 2 2 2 2 2 2 2 2 2 2 2 2 2 2 2
left_child=1 11 3 4 12 6 7 -4 -8 10 -7 15 -3 -13 -11 16 17 -1 -18 20 -17 -21
right_child=-2 2 5 -5 -6 9 8 -9 -10 14 -12 13 -14 -15 -16 19 18 -19 -20 21 -22 -23
leaf_value=-0.019670501097125988 0.013473693446980585 -0.0078248302851404439 -0.0041298344710542422 -0.050627544171669904 0.0068008921913656614 0.00068695730371405171 -0.011250932716569906 -0.027504785824567082 0.0063777404906065682 0.00068695730371405171 -0.041887354105710983 -0.018136802361502002 -0.039216464261213946 0.0068008921913656614 0.0068008921913656614 0.0068008921913656614 -0.0017480528623050056 -5.7005642200679043e-05 0.0051121353132087925 0.0038075809538505772 -0.0046563392092104795 -2.032181182466779e-05
leaf_weight=136 18 14.000000000000002 112 17 25 67 67 48 149 49 17 14.999999999999998 11.999999999999998 51 194 311 1623 132 578 560 106 5991
leaf_count=131 18 14 112 17 19 67 67 48 149 49 17 15 12 51 188 303 1587 132 568 560 102 5859
internal_value=0.000151431 0.000128091 -0.00176004 -0.0154359 -0.00370533 -0.000437202 -0.00421888 -0.0111423 0.000909587 0.00391115 -0.00542698 0.00028128 -0.0223133 0.00680089 0.00680089 0.00018872 -0.00103888 -0.0100101 5.34868e-05 0.0006237 0.00560058 0.000306899
internal_weight=10292 10274 771 68 51 703 376 160 216 327 84 9503 26 66 243 9437 2469 268 2201 6968 417 6551
internal_count=10085 10067 759 62 45 697 376 160 216 321 84 9308 26 66 237 9242 2418 263 2155 6824 405 6419
is_linear=0
shrinkage=0.05


Tree=246
num_leaves=30
num_cat=0
split_feature=28 5 12 23 8 9 4 9 27 7 10 7 28 8 4 25 1 12 4 4 23 6 1 2 4 10 11 9 4
split_gain=1.15322 1.1731 9.31739 9.77579 12.7419 8.03936 5.82054 5.16011 3.73973 5.39467 3.25563 7.78446 11.8012 11.4291 7.42603 7.54735 5.17796 5.07053 3.86723 5.1548 10.5493 4.46882 4.24384 3.20106 2.54212 2.39414 2.33229 2.18154 0.0114521
threshold=141.00000000000003 3.554999947547913 -0.56175000965595234 96.500000000000014 356.50000000000006 0.78654998540878307 0.21499999612569812 -0.91595000028610218 6.1499998569488534 1018.9500122070314 -0.6035499870777129 1020.2500000000001 67.500000000000014 287.50000000000006 -0.92500001192092884 7.6499998569488534 72.500000000000014 1.0000000180025095e-35 1.9450000524520876 0.66500002145767223 59.500000000000007 912.50000000000011 86.500000000000014 5.4049999713897714 1.9950000047683718 1.0000000180025095e-35 1.0000000180025095e-35 -0.37939999997615809 1.8849999904632571
decision_type=2 2 2 2 2 2 2 2 2 2 2 2 2 2 2 2 2 2 2 2 2 2 2 2 2 2 2 2 2
left_child=1 10 3 4 26 6 7 -4 9 -7 11 14 13 -13 17 -16 -14 -1 19 22 -21 25 -12 -5 -8 -20 -3 -6 -10
right_child=-2 2 5 23 27 8 24 -9 28 -11 18 12 16 -15 15 -17 -18 -19 21 20 -22 -23 -24 -25 -26 -27 -28 -29 -30
leaf_value=-0.0083471950029704953 0.01280000882430209 -0.011259723746710842 0.0061646843230566727 0.0064665520816816566 -0.039074715599417692 -0.026295540406293162 0.0064665520816816566 -0.015708687119435388 -0.0016372373327612874 -0.0034225920415209502 -0.0012647307870753263 0.00021314291093781578 0.0064665520816816566 -0.010943876454296632 0.00036222749002428668 0.0064665520816816566 0.001212789847542018 0.0055214915205317652 -0.0027298729146423284 -0.0058031181614333315 0.0042205723038294535 -0.02404580662647883 0.0018144601161940313 -0.0028332907870146362 0.00077563163527087425 0.0064665520816816566 -0.0028332907870146362 -0.020067897243783453 0.0064665520816816566
leaf_weight=183 18 85 52 62 36 37 423 56 12.000000000000002 85 2918 602 198 371 528 641 39 103 80 1129 342 11.999999999999998 1815 33 242 92 60 26 11.999999999999998
leaf_count=180 18 85 52 62 36 37 423 56 12 85 2870 544 179 368 528 627 39 103 80 1117 323 12 1786 33 242 90 60 26 12
internal_value=0.000155249 0.000133095 0.0015879 -0.00603137 -0.0121331 0.00409174 0.00612414 -0.00517706 -0.00666886 -0.0103595 -6.31183e-05 0.00140488 -0.00155841 -0.00404097 0.0038692 0.00563602 0.00646655 -0.00335253 -0.00067555 -0.000887415 -0.00347266 0.00646655 -8.39297e-05 0.00646655 0.00646655 0.00646655 -0.0040214 -0.0311041 0.00646655
internal_weight=10292 10274 1221 302 207 919 773 108 146 122 9053 2665 1210 973 1455 1169 237 286 6388 6204 1471 184 4733 95 665 172 145 62 24
internal_count=10085 10067 1221 302 207 919 773 108 146 122 8846 2568 1130 912 1438 1155 218 283 6278 6096 1440 182 4656 95 665 170 145 62 24
is_linear=0
shrinkage=0.05


Tree=247
num_leaves=31
num_cat=0
split_feature=5 27 18 11 17 7 23 10 7 1 11 10 6 12 5 10 29 2 8 8 7 7 12 5 23 5 10 27 5 5
split_gain=1.19517 14.9635 12.5468 11.6478 12.6487 9.92383 14.1639 11.6247 10.9695 7.94304 4.06711 2.97395 7.37556 7.26189 18.1447 31.8764 7.70836 9.70128 6.72993 3.87896 2.3198 6.6479 6.8609 9.47105 6.30004 5.60246 7.8283 9.12977 7.99358 5.09354
threshold=3.554999947547913 12.949999809265138 18.050000190734867 -0.87834998965263356 0.10050000250339509 1015.2500000000001 42.500000000000007 -0.6035499870777129 1021.2500000000001 79.500000000000014 0.87834998965263378 -0.6035499870777129 37.500000000000007 0.81174999475479137 -1.6449999809265134 -0.98295000195503224 3.9500000476837163 1.794999957084656 382.50000000000006 27.500000000000004 1020.2500000000001 1022.2500000000001 1.0000000180025095e-35 -3.2949999570846553 20.500000000000004 -2.3449999094009395 0.98295000195503246 23.650000572204593 -2.2250000238418575 -2.814999938011169
decision_type=2 2 2 2 2 2 2 2 2 2 2 2 2 2 2 2 2 2 2 2 2 2 2 2 2 2 2 2 2 2
left_child=11 3 -3 4 -2 6 -5 8 -7 -8 -9 12 19 16 -15 -16 18 -18 -14 -1 25 24 -23 -24 -22 29 27 -27 -28 -13
right_child=1 2 -4 5 -6 7 9 10 -10 -11 -12 20 13 14 15 -17 17 -19 -20 -21 21 22 23 -25 -26 26 28 -29 -30 -31
leaf_value=0.0099922476150303349 -0.032298024495442709 0.014331035461316014 0.062130843930774261 -0.071735854853283279 0.014331035461316014 -0.018390841382202171 0.014331035461316014 0.0028333996922463777 0.00036246154730038417 -0.022815946931950749 0.014331035461316014 -0.00058848060403953936 -0.03192637046689497 0.0088412668387809982 -0.066045053647114688 -0.0070889910830505267 0.0079284521775267458 0.00041917664502806275 -0.0066195767855288428 0.035644479805196173 -0.0084369075070135306 0.0010907429322994219 -0.050804440933279696 -0.0057375250070509252 0.0047384120280575199 -0.0034179835068302946 -0.062650120630860326 0.017647977201443798 -0.012908769004224314 0.0062014000436296937
leaf_weight=56 14.999999999999998 33 18 10.999999999999998 80 137 17 655 181 36 38 2059 34 85 26 194 583 1640 27 20 100 684 11.999999999999998 409 979 1739 9.9999999999999982 53 42 319
leaf_count=54 15 33 18 11 80 137 17 655 181 36 38 2059 34 85 26 177 537 1608 27 20 100 684 12 409 914 1694 10 53 42 319
internal_value=0.000184417 0.00165302 0.0281647 0.000497381 0.014331 -0.00101073 -0.0201045 0.000197975 -0.00771679 -0.00938853 0.00382986 -1.3264e-05 0.00139037 0.000939699 -0.00630678 -0.0140565 0.00190738 0.00238855 -0.0156277 0.0167428 -0.000597198 0.000725724 -0.00200021 -0.00702209 0.00351734 -0.00128153 -0.00334989 -0.00279494 -0.0224744 0.000322357
internal_weight=10292 1221 51 1170 95 1075 64 1011 318 53 693 9071 2665 2589 305 220 2284 2223 61 76 6406 2184 1105 421 1079 4222 1844 1792 52 2378
internal_count=10085 1221 51 1170 95 1075 64 1011 318 53 693 8864 2568 2494 288 203 2206 2145 61 74 6296 2119 1105 421 1014 4177 1799 1747 52 2378
is_linear=0
shrinkage=0.05


Tree=248
num_leaves=31
num_cat=0
split_feature=1 28 11 4 18 5 8 27 8 18 25 23 28 8 1 4 10 2 3 3 5 8 11 28 6 12 4 23 23 11
split_gain=1.18999 4.03665 15.2235 7.09415 4.59475 15.7831 7.78267 5.43965 4.76352 3.42415 5.86793 6.56315 5.0448 5.14782 5.35362 4.13011 6.01458 4.04258 5.56752 3.47912 5.12936 3.62519 3.26698 3.02397 7.96143 5.67616 4.72074 2.23522 2.15078 1.67055
threshold=72.500000000000014 37.500000000000007 0.60784998536109935 -0.054999999701976769 9.5500001907348651 -1.7549999952316282 386.50000000000006 11.949999809265138 501.50000000000006 6.7500000000000009 18.150000572204593 59.500000000000007 33.500000000000007 1.0000000180025095e-35 89.500000000000014 2.5649999380111699 -1.0000000180025095e-35 2.0699999332427983 17.500000000000004 154.50000000000003 -3.1450001001358028 4.5000000000000009 -0.60784998536109913 62.500000000000007 647.50000000000011 -0.56175000965595234 -3.0949999094009395 100.50000000000001 53.500000000000007 0.60784998536109935
decision_type=2 2 2 2 2 2 2 2 2 2 2 2 2 2 2 2 2 2 2 2 2 2 2 2 2 2 2 2 2 2
left_child=1 2 -1 -4 23 6 7 -6 -8 12 15 -12 13 14 -2 17 -17 18 -11 20 -14 -22 -16 24 -3 27 -27 -25 -21 -19
right_child=9 4 3 -5 5 -7 8 -9 -10 10 11 -13 19 -15 22 16 -18 29 -20 28 21 -23 -24 25 -26 26 -28 -29 -30 -31
leaf_value=-0.0054037078690464604 -0.0064679968310707827 -0.00052403130022356562 -0.020698710689321154 -0.080256052017211921 0.0060342608931216795 0.0048328242008475967 0.060148734236136085 0.039038687330835008 0.024149318685864701 0.0087198892581678428 0.0087198892581678428 0.040431291759014137 -0.00066459321961270335 -0.0053809239691156325 -0.014178712026181598 -0.00066459321961270335 0.0087198892581678428 -0.00066459321961270335 0.0011758255390329198 -0.0053809239691156325 -0.00066459321961270335 -0.0053809239691156325 -0.037327240811926975 -0.00052403130022356562 -0.0054037078690464604 -0.00052403130022356562 0.0048328242008475967 0.0048328242008475967 -0.00066459321961270335 0.00069733134497348926
leaf_weight=37 62 150 10.000000000000002 9.9999999999999982 47 86 20 17 17 151 33 20 229 64 27 73 69 2394 1643 113 202 482 35 706 364 326 1026 53 893 933
leaf_count=31 62 143 10 10 47 86 20 17 17 151 27 13 229 64 27 73 69 2387 1631 108 176 455 35 706 359 307 1001 53 838 933
internal_value=0.000184493 0.00104929 -0.0121237 -0.0504774 0.00131632 0.00888878 0.0253543 0.0148011 0.0436085 -0.000149754 0.000526323 0.0170802 -0.00185551 -0.00967211 -0.0168572 0.000359621 0.00871989 0.000126377 0.00205926 -0.00108973 -0.00381205 -0.00538092 -0.0272464 0.000776867 -0.00266233 0.00161426 0.00367538 -0.000524031 -0.000664593 -0.000664593
internal_weight=10292 2869 57 20 2812 187 101 64 37 7423 5316 53 2107 188 124 5263 142 5121 1794 1919 913 684 62 2625 514 2111 1352 759 1006 3327
internal_count=10085 2807 51 20 2756 187 101 64 37 7278 5284 40 1994 188 124 5244 142 5102 1782 1806 860 631 62 2569 502 2067 1308 759 946 3320
is_linear=0
shrinkage=0.05


Tree=249
num_leaves=19
num_cat=0
split_feature=18 7 23 4 0 23 17 12 8 7 9 18 5 27 28 11 3 7
split_gain=1.14799 2.18065 1.24988 1.25676 3.05946 2.67571 5.06025 2.51842 4.59875 4.20522 2.40991 1.75814 1.74016 1.09114 0.919696 0.17861 0.0377981 0.0101001
threshold=24.44999980926514 1016.9500122070314 11.500000000000002 0.89499998092651378 19.550000190734867 50.500000000000007 0.10050000250339509 0.81174999475479137 386.50000000000006 1019.0499877929689 0.78654998540878307 9.8499999046325701 2.8649998903274541 12.550000190734865 10.500000000000002 -0.60784998536109913 354.50000000000006 1015.4500122070314
decision_type=2 2 2 2 2 2 2 2 2 2 2 2 2 2 2 2 2 2
left_child=2 16 14 4 11 6 13 9 -9 -6 -7 -4 -8 -5 -1 -13 17 -2
right_child=1 -3 3 5 7 10 12 8 -10 -11 -12 15 -14 -15 -16 -17 -18 -19
leaf_value=-0.017741004322819852 0.012840214658242003 0.0026537018149073418 -0.0042731840736348614 -0.0042731840736348614 -0.00057940643151538677 0.0026537018149073418 -0.0013940291771831661 -0.0016537630557518458 0.0026537018149073418 0.0020868109705478614 0.001064747368599785 -0.002963473564693354 0.001064747368599785 -0.0016042183525175385 -0.0042731840736348614 -0.0016537630557518458 0.01686836130478803 0.014953826516866685
leaf_weight=17 13.000000000000002 73 293 185 3598 953 726 610 261 2511 314 67 258 74 23 289 17 9.9999999999999982
leaf_count=17 13 73 291 185 3573 917 717 563 261 2443 294 67 258 74 23 289 17 10
internal_value=0.00017557 0.00518747 0.000119932 0.000154732 -0.00016457 0.00112523 -0.000524207 0.000140749 -0.00165376 0.000516497 0.0026537 -0.00344828 0.00106475 -0.00427318 -0.0087011 -0.00165376 0.0150806 0.0137592
internal_weight=10292 113 10179 10139 7629 2510 1243 6980 871 6109 1267 649 984 259 40 356 40 23
internal_count=10085 113 9972 9932 7487 2445 1234 6840 824 6016 1211 647 975 259 40 356 40 23
is_linear=0
shrinkage=0.05


Tree=250
num_leaves=26
num_cat=0
split_feature=28 7 5 11 28 7 23 1 27 1 4 7 1 26 4 7 7 0 28 1 17 9 4 17 1
split_gain=1.2973 1.34126 6.3659 2.68831 3.11832 1.70047 10.1907 16.8322 6.68161 4.32587 4.10529 6.16685 13.7136 4.56242 2.48496 6.08883 2.17973 1.3302 1.32223 1.20852 1.03019 0.684763 0.283865 0.0421942 0.0294127
threshold=137.00000000000003 1011.6499938964845 -0.70499998331069935 0.60784998536109935 118.50000000000001 1014.9500122070314 42.500000000000007 85.500000000000014 9.6500000953674334 64.500000000000014 -3.254999995231628 1020.3500061035157 88.500000000000014 16.550000190734867 -2.6049998998641963 1016.6499938964845 1015.5499877929689 30.150000572204593 73.500000000000014 82.500000000000014 0.11250000074505807 0.78654998540878307 -1.6549999713897703 0.1134999990463257 60.500000000000007
decision_type=2 2 2 2 2 2 2 2 2 2 2 2 2 2 2 2 2 2 2 2 2 2 2 2 2
left_child=1 2 3 4 18 6 7 8 -3 17 11 13 -13 -7 15 -12 -16 -8 -1 -11 -5 -9 24 -6 -2
right_child=22 5 -4 20 23 10 9 21 -10 19 14 12 -14 -15 16 -17 -18 -19 -20 -21 -22 -23 -24 -25 -26
leaf_value=-0.017642247304320336 0.015075628662651231 -0.055319998661677042 -0.040864801000465051 -0.010257280044830763 -0.001945521898597032 -0.011934762155561119 0.00021386939993570076 -0.0042566494188802546 -0.016143843136393492 0.0049267025429598193 -0.016822950216010213 0.0049267025429598193 -0.036749873980879783 0.0027892009424629501 -0.0041703865307425028 0.0049267025429598193 9.5196945320366949e-05 0.0049267025429598193 -0.0059362766375689185 0.00021386939993570076 0.0049267025429598193 0.00021386939993570076 0.0049267025429598193 0.0049267025429598193 0.011419207264076581
leaf_weight=32 11.000000000000002 11.999999999999998 10.999999999999998 12.999999999999998 10.000000000000002 245 237 121 117 403 33 142 20 67 312 371 7471 82 98 207 45 211 11.999999999999998 19 10.999999999999998
leaf_count=32 11 12 11 13 10 245 237 121 117 403 33 142 20 56 312 358 7275 82 98 207 45 211 12 19 11
internal_value=6.75056e-05 3.52533e-05 -0.00375692 -0.00187588 -0.00534093 0.000121276 0.00174468 -0.00433277 -0.0197881 0.00476051 -0.000139263 -0.00466335 0.00325131 -0.00877289 0.000122666 0.00394607 -7.57991e-05 0.000213869 -0.00881775 0.0049267 0.0049267 0.000213869 0.00981815 0.0049267 0.0132474
internal_weight=10313 10279 228 217 159 10051 1390 461 129 929 8661 474 162 312 8187 404 7783 319 130 610 58 332 34 29 22
internal_count=10093 10059 228 217 159 9831 1390 461 129 929 8441 463 162 301 7978 391 7587 319 130 610 58 332 34 29 22
is_linear=0
shrinkage=0.05


Tree=251
num_leaves=20
num_cat=0
split_feature=4 2 28 4 18 8 9 4 6 9 10 5 12 5 23 28 18 4 1
split_gain=1.1619 1.19896 1.16725 0.853962 5.81174 3.87402 4.89131 1.80439 2.36292 4.42224 1.65237 1.17557 8.09465 5.46552 0.995843 0.396295 0.304412 0.259526 0.026545
threshold=-4.8250000476837149 5.9549999237060556 137.00000000000003 2.5649999380111699 4.6499998569488534 129.50000000000003 0.91595000028610241 2.3950001001358037 782.50000000000011 1.0000000180025095e-35 -1.0000000180025095e-35 3.554999947547913 -0.56175000965595234 3.1049998998641972 50.500000000000007 89.500000000000014 14.250000000000002 -1.6549999713897703 60.500000000000007
decision_type=2 2 2 2 2 2 2 2 2 2 2 2 2 2 2 2 2 2 2
left_child=1 -1 3 7 5 6 -5 11 16 -10 14 13 -13 -2 -6 -3 -9 18 -4
right_child=2 15 17 4 10 -7 -8 8 9 -11 -12 12 -14 -15 -16 -17 -18 -19 -20
leaf_value=0.023719479143619538 6.7468245914539096e-07 -0.0015702760363637933 0.014321847056800667 -0.03714158336321513 -0.0021815192113896452 -0.0021815192113896452 -0.0040990379624417988 -0.0039066133639690552 -0.010864402304252558 -0.045976866104386074 0.0046627821986065616 -0.0051792365111049303 0.0046627821986065616 -0.0086835182278190513 0.0046627821986065616 0.010758069157600404 0.0046627821986065616 0.0046627821986065616 0.01084824712439017
leaf_weight=9.9999999999999982 8777 16.000000000000004 11.000000000000002 21 68 37 24 22 12.000000000000002 10.999999999999998 78 299 667 185 30 10.999999999999998 10.999999999999998 11.999999999999998 10.999999999999998
leaf_count=10 8557 16 11 21 68 37 24 22 12 11 78 299 667 185 30 11 11 12 11
internal_value=8.54964e-05 0.00892998 5.36508e-05 2.29473e-05 0.00286308 -0.00902582 -0.0195189 -5.04456e-05 -0.00900039 -0.0213029 0.00466278 3.75114e-08 0.00165725 -0.000178591 -0.00218152 0.00345238 -0.000425914 0.00930262 0.012585
internal_weight=10313 37 10276 10242 258 82 45 9984 56 23 176 9928 966 8962 98 27 33 34 22
internal_count=10093 37 10056 10022 258 82 45 9764 56 23 176 9708 966 8742 98 27 33 34 22
is_linear=0
shrinkage=0.05


Tree=252
num_leaves=27
num_cat=0
split_feature=4 7 11 19 8 8 5 8 2 27 7 10 8 23 27 1 4 8 7 10 10 11 2 2 5 12
split_gain=1.04676 1.30966 2.78168 1.9425 1.93515 3.71992 3.21802 2.43404 2.14231 2.07752 1.87515 10.3646 10.9986 7.55335 16.0513 15.5897 5.53338 4.7479 2.87941 9.69797 2.35239 2.20033 1.08206 0.405113 0.391722 0.357656
threshold=-4.8250000476837149 1011.6499938964845 0.60784998536109935 0.56900000572204601 672.50000000000011 738.50000000000011 -1.5349999666213987 473.50000000000006 4.3450000286102304 2.6499999761581425 1014.9500122070314 -0.98295000195503224 501.50000000000006 42.500000000000007 16.050000190734867 79.500000000000014 -4.4349999427795401 452.50000000000006 1016.2500000000001 -1.0000000180025095e-35 0.78654998540878307 1.0000000180025095e-35 5.9549999237060556 3.8750000000000004 -4.8550000190734854 1.0000000180025095e-35
decision_type=2 2 2 2 2 2 2 2 2 2 2 2 2 2 2 2 2 2 2 2 2 2 2 2 2 2
left_child=22 2 4 -4 7 6 -6 8 -2 -9 11 12 -3 15 -15 -13 17 -12 19 -18 -20 -19 -1 -5 -25 -24
right_child=1 10 3 23 5 -7 -8 9 -10 -11 16 13 -14 14 -16 -17 18 21 20 -21 -22 -23 25 24 -26 -27
leaf_value=0.022533505707979202 -0.0035779592033256501 0.007878021739031139 -0.0097444497048854838 0.020305484339284401 -0.013215205143205823 0.0075643152337182655 -0.049372121393680558 -0.003835209620107586 -0.020010826024892077 0.018295471411884614 -0.048631774187088014 -0.029794996772677853 0.070701997049830184 0.0025799176792208702 0.038632842060178522 -0.00072962310821817584 0.0035588328465432461 0.0089395631274039079 -0.00019757922776428993 -0.0075804219092492769 0.0019425506145013555 -0.019444862504800164 -0.0014917622982466125 0.014679702444118448 0.0035349083898056823 0.010220165550708772
leaf_weight=9.9999999999999982 68 19.000000000000004 12.999999999999998 11.999999999999998 15.999999999999998 10.999999999999998 10.000000000000002 24 28 19 9.9999999999999982 52 10.999999999999998 876 32 409 337 11.000000000000002 6191 465 1620 18 16.000000000000004 9.9999999999999982 14.000000000000002 10.999999999999998
leaf_count=10 68 19 13 12 16 11 10 24 28 19 10 52 11 876 32 409 337 11 5985 465 1606 18 16 10 14 11
internal_value=8.86498e-05 5.84232e-05 -0.00371427 0.00682208 -0.00664768 -0.0168096 -0.0271217 -0.0039427 -0.00837088 0.00594346 0.000142878 0.00184125 0.0309135 0.00120417 0.00385051 -0.00400815 -0.000131743 -0.0189228 -4.66563e-05 -0.00289971 0.000246283 -0.00867836 0.00848348 0.0128044 0.00905392 0.00327976
internal_weight=10313 10276 225 49 176 37 26 139 96 43 10051 1399 30 1369 908 461 8652 39 8613 802 7811 29 37 36 24 27
internal_count=10093 10056 225 49 176 37 26 139 96 43 9831 1399 30 1369 908 461 8432 39 8393 802 7591 29 37 36 24 27
is_linear=0
shrinkage=0.05


Tree=253
num_leaves=24
num_cat=0
split_feature=28 4 18 8 5 10 10 4 7 10 23 8 7 7 18 3 7 0 11 7 21 5 5
split_gain=1.01273 0.879679 5.72694 3.6915 3.8957 2.79186 2.20057 1.59231 2.5518 1.19131 7.8207 7.07931 3.80574 2.7616 5.28075 3.74343 0.897895 0.654243 0.786119 0.17811 0.0947013 0.030372 0.0035844
threshold=141.00000000000003 2.5649999380111699 4.6499998569488534 129.50000000000003 4.5850000381469735 -1.0000000180025095e-35 1.0000000180025095e-35 2.3950001001358037 1018.0499877929689 0.3793999999761582 18.500000000000004 142.50000000000003 1017.8500061035157 1015.7500000000001 3.1499999761581425 68.500000000000014 1017.0499877929689 20.150000572204593 0.87834998965263378 1015.3500061035157 9.6500000953674334 5.8949999809265146 1.4149999618530276
decision_type=2 2 2 2 2 2 2 2 2 2 2 2 2 2 2 2 2 2 2 2 2 2 2
left_child=1 7 3 4 6 16 -3 9 -9 13 12 -12 -11 14 -1 -15 19 18 -10 -4 -19 -5 -2
right_child=22 2 5 21 -6 -7 -8 8 17 10 11 -13 -14 15 -16 -17 -18 20 -20 -21 -22 -23 -24
leaf_value=-0.0031039636028147052 0.010655338913202283 -0.0013485587103979531 -0.0013485587103979531 -0.0013485587103979531 -0.046059899255633356 0.0056935912705310407 -0.02698645809522042 -0.027830894327221009 -0.018547196415337648 -0.047099074992266572 -0.00088306603733782094 0.0056935912705310407 -0.013139488375534051 -0.0020906672425777179 0.0043463301615700349 0.00085495817475447875 -0.0013485587103979531 -0.00018043775111436838 -0.0026941319533474589 0.0056935912705310407 0.0056935912705310407 -0.0099685572211941093 0.011994069516658783
leaf_weight=315 10.000000000000002 22 13.000000000000002 22 9.9999999999999982 78 12.999999999999998 12.999999999999998 11 10.999999999999998 3578 85 33 1578 971 3408 68 10.000000000000002 10 17 11.999999999999998 14.999999999999998 9.9999999999999982
leaf_count=315 10 22 13 22 10 78 13 13 11 11 3544 80 33 1543 971 3262 68 10 10 17 12 15 10
internal_value=8.43192e-05 6.24783e-05 0.00294525 -0.00839071 -0.0185372 0.00569359 -0.0106736 -1.16377e-05 -0.00841929 3.55442e-05 -0.000675065 -0.000423362 -0.0216294 0.000455543 0.00252141 -7.72915e-05 -0.00134856 -0.00255066 -0.00886325 0.00569359 0.00347498 -0.00134856 0.0113247
internal_weight=10313 10293 258 82 45 176 35 10035 56 9979 3707 3663 44 6272 1286 4986 98 43 21 30 22 37 20
internal_count=10093 10073 258 82 45 176 35 9815 56 9759 3668 3624 44 6091 1286 4805 98 43 21 30 22 37 20
is_linear=0
shrinkage=0.05


Tree=254
num_leaves=26
num_cat=0
split_feature=4 27 5 7 10 28 7 8 7 4 7 10 8 7 0 23 1 7 10 7 4 0 2 23 21
split_gain=0.931766 13.889 6.49751 6.18614 5.43004 4.1433 3.44165 2.1723 1.56547 1.42928 2.31522 1.1121 16.1352 8.05341 11.6263 7.992 2.85138 2.73843 11.4499 4.50294 1.3178 0.582005 0.726944 0.156167 0.0895881
threshold=2.5649999380111699 12.949999809265138 5.1949999332427987 1017.0499877929689 0.60354998707771312 58.500000000000007 1015.2500000000001 129.50000000000003 1018.5499877929689 2.3950001001358037 1018.0499877929689 0.3793999999761582 172.50000000000003 1016.1499938964845 21.750000000000004 19.500000000000004 98.500000000000014 1015.7500000000001 -0.98295000195503224 1016.4500122070314 0.40500000119209295 20.150000572204593 3.5699999332427983 48.500000000000007 9.6500000953674334
decision_type=2 2 2 2 2 2 2 2 2 2 2 2 2 2 2 2 2 2 2 2 2 2 2 2 2
left_child=9 2 3 6 7 -4 -2 -5 -7 11 -11 16 13 14 -13 -15 17 18 -1 -19 -18 22 -12 -22 -23
right_child=1 -3 5 4 -6 8 -8 -9 -10 10 21 12 -14 15 -16 -17 20 19 -20 -21 23 24 -24 -25 -26
leaf_value=0.03023858557636332 -0.0014100978911543887 0.045420251083042887 -0.046073099970817571 -0.0069926598386293093 0.022651252536339192 -0.018349120403198818 0.022651252536339192 0.0098280516189887465 0.0041682786809710357 -0.026439349866436365 -0.0024947685912227284 -0.019976981523275723 0.057258460298180582 -0.017125452988751469 -0.0027864633257039463 0.00088515472894368284 -2.8721709968522193e-05 -0.0060628744659849774 0.0016405318569417836 0.00023722321409037008 0.017015151686500751 -0.00017141599208116525 -0.018395499251782892 0.025326221665510764 0.0062364879064261917
leaf_weight=36 14.999999999999998 18 9.9999999999999982 116 19 19 25 23 12.999999999999998 12.999999999999998 11.000000000000002 113 11.999999999999998 63 759 2760 9.9999999999999982 302 1260 4661 10.000000000000002 10.000000000000002 9.9999999999999982 12.999999999999998 11.999999999999998
leaf_count=36 15 18 10 116 19 19 25 23 13 13 11 113 12 63 759 2721 10 302 1260 4480 10 10 10 13 12
internal_value=9.23603e-05 0.00305932 -0.000117746 0.0036713 -0.00077551 -0.0179804 0.0212362 -0.00420938 -0.00920143 1.62313e-05 -0.00794943 6.08435e-05 -0.00062614 -0.000814127 -0.00501413 0.000483218 0.000465587 0.0003883 0.00243492 -0.00014614 0.0151244 -0.00235945 -0.00831334 0.0217127 0.0033238
internal_weight=10313 258 240 198 158 42 40 139 32 10055 56 9999 3707 3695 872 2823 6292 6259 1296 4963 33 43 21 23 22
internal_count=10093 258 240 198 158 42 40 139 32 9835 56 9779 3668 3656 872 2784 6111 6078 1296 4782 33 43 21 23 22
is_linear=0
shrinkage=0.05


Tree=255
num_leaves=24
num_cat=0
split_feature=7 1 0 3 7 10 7 2 26 7 11 18 29 7 7 10 0 10 3 21 3 29 3
split_gain=1.54307 4.2887 5.31291 3.98243 5.1687 4.80449 2.99036 5.95103 3.52212 2.59012 7.23659 2.38947 2.29744 8.03956 2.16153 7.5243 2.15292 1.66943 1.20646 1.50648 1.02442 0.912201 0.47013
threshold=1026.4500122070315 75.500000000000014 19.44999980926514 173.50000000000003 1027.1499633789065 -0.98295000195503224 1025.7500000000002 3.7350000143051152 17.550000190734867 1025.6499633789065 0.87834998965263378 5.3500001430511483 24.550000190734867 1018.8500061035157 1024.7500000000002 0.91595000028610241 17.44999980926514 -0.91595000028610218 35.500000000000007 11.34999990463257 202.50000000000003 4.6499998569488534 293.50000000000006
decision_type=2 2 2 2 2 2 2 2 2 2 2 2 2 2 2 2 2 2 2 2 2 2 2
left_child=6 3 11 18 5 -5 9 8 16 12 -11 -3 14 -14 17 -16 -8 -1 -2 -20 -18 -7 -13
right_child=1 2 -4 4 -6 21 7 -9 -10 10 -12 22 13 -15 15 -17 20 -19 19 -21 -22 -23 -24
leaf_value=-0.0015872434924262266 -0.0033737113388876121 -0.0066694075679954367 0.045560730605696639 -0.049438895420594653 0.0084292324988738364 -0.018795920598010218 -0.022778580036032035 -0.041496957838535312 0.012407271564006806 -0.0066247838756276507 0.041305688449314669 0.011883193112033253 0.0062919898043479992 0.041887876917334171 -0.00013323420652122081 -0.01860678087366556 -0.0091405759543873553 0.00043389282462047511 0.0056490236168934248 0.027517884517354624 0.0012675098774386296 0.0011379799043590372 0.025149103550409731
leaf_weight=1162 11.999999999999998 17 11.999999999999998 10.999999999999998 23 12.000000000000002 14.999999999999998 11.999999999999998 24 18 13.999999999999998 17.000000000000004 20 17 274 69 43 8461 18 13.999999999999998 9.9999999999999982 10.999999999999998 10.999999999999998
leaf_count=1130 12 17 12 11 18 12 15 12 17 18 14 17 13 12 274 69 43 8301 18 13 10 11 11
internal_value=0.000131411 0.00503457 0.0160001 -0.00115387 -0.009877 -0.0222606 5.50029e-05 -0.00837983 -0.0040602 0.000142419 0.0143448 0.00811721 9.69852e-05 0.0125332 5.08144e-05 -0.00384949 -0.00987225 0.000189836 0.0101466 0.0152167 -0.00502275 -0.00926232 0.0170948
internal_weight=10297 158 57 101 57 34 10139 104 92 10035 32 45 10003 37 9966 343 68 9623 44 32 53 23 28
internal_count=10080 152 57 95 52 34 9928 97 85 9831 32 45 9799 25 9774 343 68 9431 43 31 53 23 28
is_linear=0
shrinkage=0.05


Tree=256
num_leaves=27
num_cat=0
split_feature=7 1 4 0 1 7 7 2 26 7 4 3 7 18 5 18 7 5 8 7 0 8 3 6 3 24
split_gain=1.39356 3.87056 5.29042 4.7949 4.54745 5.58133 2.68133 5.37914 3.16752 2.33823 5.00775 2.36056 2.19741 2.15649 2.01592 12.3331 5.11732 4.81077 5.03425 3.76813 1.99466 1.66846 0.962294 0.780781 0.424292 0.255779
threshold=1026.4500122070315 75.500000000000014 -0.30500000715255732 19.44999980926514 64.500000000000014 1027.049987792969 1025.7500000000002 3.7350000143051152 17.550000190734867 1025.6499633789065 1.4950000047683718 212.50000000000003 1027.850036621094 5.3500001430511483 4.7950000762939462 18.650000572204593 1015.2500000000001 4.6649999618530282 269.50000000000006 1024.4500122070315 17.44999980926514 216.50000000000003 166.50000000000003 1832.5000000000002 293.50000000000006 386.25000000000006
decision_type=2 2 2 2 2 2 2 2 2 2 2 2 2 2 2 2 2 2 2 2 2 2 2 2 2 2
left_child=6 2 23 13 12 21 9 8 20 14 11 -11 -4 -3 17 16 -16 19 -19 -1 -8 -6 -22 25 -15 -2
right_child=1 3 4 -5 5 -7 7 -9 -10 10 -12 -13 -14 24 15 -17 -18 18 -20 -21 22 -23 -24 -25 -26 -27
leaf_value=0.00023356395130808596 0.024472681308786069 -0.0063359370783847915 -0.038863536821944364 0.043282694581042357 0.0007744178319206603 0.033706944882869724 -0.021625864274793075 -0.039422110219796497 0.011786907864734531 0.015295660377226086 0.040956926481290297 -0.018269660808145998 -0.011320331146319709 0.01128903340329142 -0.018354691897208491 0.044968395373400527 0.0029111661330980792 -0.0029893368005570846 -0.031822792060362801 -0.0045526490628267175 -0.0094850745605858603 -0.026391259133815764 0.0012227872037328781 0.0052841997760183675 0.023891648639586163 0.013645312581211329
leaf_weight=8964 12.000000000000002 17 14.000000000000002 11.999999999999998 13.000000000000002 9.9999999999999982 14.999999999999998 11.999999999999998 24 11.000000000000002 10.999999999999998 9.9999999999999982 14.999999999999998 17.000000000000004 30 17 496 41 24 431 37 9.9999999999999982 15.999999999999998 17 10.999999999999998 9.9999999999999982
leaf_count=8760 11 17 14 12 13 10 15 12 17 11 11 10 10 17 30 17 496 41 24 431 37 10 16 17 11 10
internal_value=0.00012327 0.00478285 -0.00109617 0.0152001 -0.0101721 0.00252195 5.06576e-05 -0.00793644 -0.00382962 0.000133434 0.0136276 -0.000687826 -0.0246171 0.00771135 9.02655e-05 0.00305297 0.00169828 -7.97922e-05 -0.0136355 1.39942e-05 -0.00934133 -0.0110367 -0.00466392 0.0133322 0.0162401 0.0195512
internal_weight=10297 158 101 57 62 33 10139 104 92 10035 32 21 29 45 10003 543 526 9460 65 9395 68 23 53 39 28 22
internal_count=10080 152 95 57 57 33 9928 97 85 9831 32 21 24 45 9799 543 526 9256 65 9191 68 23 53 38 28 21
is_linear=0
shrinkage=0.05


Tree=257
num_leaves=25
num_cat=0
split_feature=7 1 4 1 7 17 28 7 2 26 7 11 7 29 7 5 5 11 8 4 28 6 1 24
split_gain=1.25763 3.49318 4.77461 4.10407 5.03715 3.72684 3.30813 2.41366 4.85788 2.85438 2.11025 6.39221 1.98316 1.89797 7.41479 1.87443 4.31153 3.41769 1.50579 1.36944 1.10653 0.704655 0.689363 0.23084
threshold=1026.4500122070315 75.500000000000014 -0.30500000715255732 64.500000000000014 1027.049987792969 0.1094999983906746 42.500000000000007 1025.7500000000002 3.7350000143051152 17.550000190734867 1025.6499633789065 0.87834998965263378 1027.850036621094 24.550000190734867 1018.8500061035157 4.7950000762939462 4.6649999618530282 -0.87834998965263356 216.50000000000003 0.69499999284744274 44.500000000000007 1832.5000000000002 82.500000000000014 386.25000000000006
decision_type=2 2 2 2 2 2 2 2 2 2 2 2 2 2 2 2 2 2 2 2 2 2 2 2
left_child=7 2 21 12 18 22 -7 10 9 19 13 -12 -4 15 -15 16 -1 -17 -5 20 -9 23 -3 -2
right_child=1 5 3 4 -6 6 -8 8 -10 -11 11 -13 -14 14 -16 17 -18 -19 -20 -21 -22 -23 -24 -25
leaf_value=-3.1683761988126183e-05 0.023249049019068477 -0.0064923371351324009 -0.03692036005003111 0.00073569694605584313 0.032021597549319269 0.013314214551905991 0.045392025985683392 -0.017653104742722855 -0.037451004857818292 0.011197562407081326 -0.0067620749171409342 0.038285364317042492 -0.010754314561684927 0.0057164656619037102 0.039781805785263288 0.0057164656619037102 -0.01295375900844542 0.00065189605043786711 -0.025071696490049363 -0.020538984159297863 -0.0014216825410368898 0.0050199899165069353 0.0099869623102925038 0.012963047167286277
leaf_weight=9358 12.000000000000002 15.000000000000002 14.000000000000002 13.000000000000002 9.9999999999999982 18.000000000000004 12.999999999999998 13.999999999999998 11.999999999999998 24 18 13.999999999999998 14.999999999999998 20 17 42 65 501 9.9999999999999982 11.999999999999998 42 17 10.999999999999998 9.9999999999999982
leaf_count=9166 11 15 14 13 10 18 13 14 12 17 18 14 10 13 12 42 65 501 10 12 42 17 11 10
internal_value=0.000117206 0.0045437 -0.00104136 -0.00966349 0.00239585 0.0144401 0.0261488 4.82261e-05 -0.00752974 -0.00362696 0.000126762 0.0129462 -0.0233862 8.57522e-05 0.0113891 4.3787e-05 -0.00012082 0.00290032 -0.0104849 -0.00885915 -0.00547954 0.0126656 0.000479674 0.0185736
internal_weight=10297 158 101 62 33 57 31 10139 104 92 10035 32 29 10003 37 9966 9423 543 23 68 56 39 26 22
internal_count=10080 152 95 57 33 57 31 9928 97 85 9831 32 24 9799 25 9774 9231 543 23 68 56 38 26 21
is_linear=0
shrinkage=0.05


Tree=258
num_leaves=31
num_cat=0
split_feature=11 7 23 29 7 8 4 3 18 23 18 7 23 1 7 10 29 7 3 10 4 7 4 1 4 1 7 10 0 1
split_gain=1.1809 4.54112 3.75583 14.2506 2.79837 8.96238 8.56917 3.6731 5.51243 3.19182 2.27948 2.42813 6.88807 13.6792 6.25204 8.42584 11.0234 5.45777 4.68136 3.71235 3.6856 11.9093 4.86258 3.58334 3.00595 1.752 1.11167 0.914173 0.73646 0.317475
threshold=0.87834998965263378 1013.0499877929689 80.500000000000014 13.34999990463257 1015.9500122070314 4.5000000000000009 -3.2050000429153438 9.5000000000000018 6.5499999523162851 53.500000000000007 24.550000190734867 1014.9500122070314 42.500000000000007 79.500000000000014 1015.8500061035157 0.91595000028610241 8.3499999046325701 1013.6499938964845 33.500000000000007 1.0000000180025095e-35 -3.0949999094009395 1020.2500000000001 -2.564999938011169 87.500000000000014 -3.1450001001358028 80.500000000000014 1017.2500000000001 -0.6035499870777129 20.94999980926514 82.500000000000014
decision_type=2 2 2 2 2 2 2 2 2 2 2 2 2 2 2 2 2 2 2 2 2 2 2 2 2 2 2 2 2 2
left_child=10 -2 4 26 5 25 -7 9 -9 -6 11 12 13 19 15 18 -17 24 -13 -1 21 -16 -22 -15 -14 -3 -4 -28 -12 -19
right_child=1 2 3 -5 7 6 -8 8 -10 -11 28 14 17 23 20 16 -18 29 -20 -21 22 -23 -24 -25 -26 -27 27 -29 -30 -31
leaf_value=-0.0063652198811593869 -0.025027410383336248 -0.014206828037276865 0.0057924807664393122 0.059983670596893017 -0.010823942244025348 0.0018647812694932025 -0.037400991701041213 -0.0013878185888416821 0.0057924807664393122 0.0057924807664393122 0.0051936086615492587 0.003697127461552339 0.0051936086615492587 -0.0087302188843625186 -0.012039729213407225 -0.045958115035218412 -0.0060684013938487966 0.0051936086615492587 -0.0085035561748268342 -0.036708599080642064 0.0051936086615492587 0.0044341946210479368 -0.00018780455636606096 0.00012429533238643328 0.00012429533238643328 0.0057924807664393122 0.0057924807664393122 0.019892571045568699 0.014475574265969427 0.00012429533238643328
leaf_weight=13.999999999999998 15.999999999999998 10.999999999999998 53 12.999999999999998 93 24 33 458 581 17 11.999999999999998 139 154 116 243 29 43 379 181 36 281 200 6194 281 427 66 18 27 38 120
leaf_count=14 16 11 53 13 93 24 33 452 581 17 12 139 154 116 220 29 43 379 181 36 277 200 6010 281 427 66 18 27 38 120
internal_value=0.000114117 0.0014584 0.00176239 0.0105859 0.000999017 -0.00583879 -0.020868 0.00179646 0.00271631 -0.0068919 -9.91648e-05 -0.000159399 0.001654 -0.00356584 -0.000538203 -0.00668104 -0.0221351 0.00381443 -0.00320388 -0.0282125 -0.000190126 -0.00460229 0.000111741 -0.000461735 0.000124295 0.00528676 0.00579248 0.014069 0.0105466 0.00519361
internal_weight=10297 1410 1394 111 1283 134 57 1149 1039 110 8887 8837 1527 447 7310 392 72 1080 320 50 6918 443 6475 397 581 77 98 45 50 499
internal_count=10080 1404 1388 111 1277 134 57 1143 1033 110 8676 8626 1527 447 7099 392 72 1080 320 50 6707 420 6287 397 581 77 98 45 50 499
is_linear=0
shrinkage=0.05


Tree=259
num_leaves=24
num_cat=0
split_feature=7 23 10 24 22 4 7 2 0 3 7 4 3 7 9 7 9 7 27 7 22 0 4
split_gain=1.1367 3.40049 4.7557 4.4719 3.56427 2.41504 2.20638 4.39035 2.36251 2.80983 1.90506 4.44618 2.08246 1.82673 8.48489 5.87533 4.62585 1.81397 8.37417 2.12553 0.643014 0.361198 0.765287
threshold=1026.4500122070315 69.500000000000014 -0.98295000195503224 684.58499145507824 2.9500000476837163 -1.0049999952316282 1025.7500000000002 3.7350000143051152 17.650000572204593 202.50000000000003 1025.6499633789065 1.4950000047683718 212.50000000000003 1024.7500000000002 -0.37939999997615809 1025.1499633789065 -0.78654998540878285 1023.2500000000001 16.050000190734867 1022.7500000000001 7.0499999523162851 19.650000572204593 -0.27500000596046442
decision_type=2 2 2 2 2 2 2 2 2 2 2 2 2 2 2 2 2 2 2 2 2 2 2
left_child=6 2 -2 -3 5 -4 10 8 -8 20 13 12 -12 17 16 -16 -15 19 -19 -1 -10 22 -6
right_child=1 3 4 -5 21 -7 7 -9 9 -11 11 -13 -14 14 15 -17 -18 18 -20 -21 -22 -23 -24
leaf_value=0.00016931588776892688 -0.018503772556781772 0.043665473736249474 0.0011230640621493475 0.011197090846600179 0.0011230640621493475 -0.022702043340541423 -0.019558711113421706 -0.035636332382758457 -0.0087464546830188939 0.015449825344099243 0.013832917436957354 0.038060735233805404 -0.017693301830440763 -0.0013885116210358192 -0.018184305432106498 -0.0017665005082057581 0.018132828358771665 0.0012782076092624822 0.023967882445038752 -0.0038118402435851914 0.0048677931116385895 0.011197090846600179 0.0091508918960535434
leaf_weight=8519 25 13.000000000000002 14.000000000000002 11.999999999999998 19 15.999999999999998 18 11.999999999999998 41 22 11.000000000000002 10.999999999999998 9.9999999999999982 71 102 117 53 749 43 349 10.999999999999998 24 35
leaf_count=8323 19 13 14 12 19 16 18 12 41 17 11 11 10 71 102 117 53 749 43 341 9 24 35
internal_value=0.000119534 0.00432783 0.00114761 0.0212466 0.00569654 -0.00895096 5.39543e-05 -0.00719131 -0.00348109 0.000470774 0.000129042 0.0123093 -0.00117957 9.00772e-05 -0.0034957 -0.00941315 0.00695529 0.000217398 0.0025101 1.26376e-05 -0.00586652 0.0111971 0.00710469
internal_weight=10297 158 133 25 108 30 10139 104 92 74 10035 32 21 10003 343 219 124 9660 792 8868 52 78 54
internal_count=10080 152 127 25 108 30 9928 97 85 67 9831 32 21 9799 343 219 124 9456 792 8664 50 78 54
is_linear=0
shrinkage=0.05


Tree=260
num_leaves=31
num_cat=0
split_feature=1 7 4 5 3 1 8 23 3 5 28 18 9 7 5 1 9 5 7 5 7 0 11 4 24 11 2 1 25 6
split_gain=1.16525 4.35263 2.23365 1.29717 4.9684 12.5714 25.0569 9.13924 6.58594 4.07281 5.36424 9.30269 6.79664 5.35968 6.13327 4.70506 8.64049 6.52723 7.08808 6.20892 4.78943 3.85048 3.50792 3.43355 2.97068 2.42004 2.54203 1.19122 1.15529 0.635821
threshold=98.500000000000014 1018.7500000000001 0.55500000715255748 -0.095000002533197389 240.50000000000003 66.500000000000014 241.50000000000003 60.500000000000007 234.50000000000003 -0.74500000476837147 61.500000000000007 3.2500000000000004 -0.6035499870777129 1018.4500122070314 -0.61500000953674305 88.500000000000014 -0.37939999997615809 -0.84499999880790699 1019.3500061035157 -1.6850000023841856 1021.0499877929689 27.849999427795414 0.60784998536109935 0.89499998092651378 209.58499908447268 1.0000000180025095e-35 1.6549999713897707 88.500000000000014 12.250000000000002 52.500000000000007
decision_type=2 2 2 2 2 2 2 2 2 2 2 2 2 2 2 2 2 2 2 2 2 2 2 2 2 2 2 2 2 2
left_child=3 2 28 9 8 -6 7 -7 21 15 11 23 -13 -12 -15 17 22 19 -19 -1 -18 24 -17 -11 -5 26 -10 -27 -2 -4
right_child=1 -3 29 4 5 6 -8 -9 25 10 13 12 -14 14 -16 16 20 18 -20 -21 -22 -23 -24 -25 -26 27 -28 -29 -30 -31
leaf_value=-0.0001091634850502844 -0.0028571847619281872 -0.016772180969516437 0.034651428664272475 0.004908716170038508 -0.036625076271593573 0.00031971962830914754 0.076786827442881012 0.018971065877183797 -0.014791257723289375 -0.020929034927570485 -0.0012097896350772982 -0.020929034927570485 -0.0035119185686516515 -0.0012097896350772982 0.01709747685476987 0.00652960266917944 0.00039724407459609215 -0.012343554273247719 0.028247909316498981 -0.0055627348454531716 0.0083066857602772833 0.027760843932628634 0.026395163353532553 -0.057395008274100046 -3.8315189887452762e-05 0.0041697055833148098 -0.045638629726388241 -0.01552541203906431 0.017710339580662548 0.017231322014704349
leaf_weight=3614 18.000000000000004 14.999999999999998 11.000000000000002 340 15.999999999999998 218 12.999999999999998 94 17.000000000000004 12.000000000000002 73 22 561 26 99 40 1250 14.999999999999998 38 610 226 12.999999999999998 50 10.999999999999998 2824 14.000000000000002 10.999999999999998 17 10.999999999999998 9.9999999999999982
leaf_count=3602 18 15 11 327 10 210 13 82 13 12 73 22 527 18 79 40 1249 15 32 605 220 13 50 11 2753 14 9 17 11 10
internal_value=0.000177074 0.00685047 0.0139373 0.000134648 0.000902384 0.00664283 0.00877295 0.00593904 0.000297472 -0.0002785 -0.00361502 -0.00594952 -0.00471905 0.00352994 0.0107392 0.000180608 0.00252542 -0.000677933 0.0167598 -0.000896729 0.00160831 0.000604864 0.017566 -0.037139 0.000493287 -0.0162548 -0.0269099 -0.00663084 0.00494429 0.0263561
internal_weight=10289 65 50 10224 3577 341 325 312 3236 6647 804 606 583 198 125 5843 1566 4277 53 4224 1476 3177 90 23 3164 59 28 31 29 21
internal_count=10081 65 50 10016 3461 315 305 292 3146 6555 742 572 549 170 97 5813 1559 4254 47 4207 1469 3093 90 23 3080 53 22 31 29 21
is_linear=0
shrinkage=0.05


Tree=261
num_leaves=31
num_cat=0
split_feature=1 14 29 5 1 24 4 19 12 18 10 1 12 5 23 6 5 28 18 9 1 9 5 5 26 26 12 11 12 10
split_gain=1.05352 3.60529 3.47503 1.18908 4.68629 9.04167 15.8339 12.572 7.78448 6.71977 6.22645 6.15697 5.57467 4.80723 7.9312 6.63087 3.82506 4.63218 8.34722 6.3269 4.24631 7.79804 5.89083 5.60355 5.53623 4.18428 3.72003 6.45005 3.62953 3.26915
threshold=98.500000000000014 48.000000000000007 11.550000190734865 -0.095000002533197389 90.500000000000014 209.58499908447268 0.79500001668930065 0.55099999904632579 0.81174999475479137 4.1499998569488534 -1.0000000180025095e-35 79.500000000000014 -0.56175000965595234 3.4650000333786015 71.500000000000014 102.50000000000001 -0.74500000476837147 61.500000000000007 3.2500000000000004 -0.6035499870777129 88.500000000000014 -0.37939999997615809 -0.84499999880790699 -1.6850000023841856 16.150000572204593 16.849999427795414 -0.56175000965595234 1.0000000180025095e-35 0.81174999475479137 -0.37939999997615809
decision_type=2 2 2 2 2 2 2 2 2 2 2 2 2 2 2 2 2 2 2 2 2 2 2 2 2 2 2 2 2 2
left_child=3 -2 -3 16 5 6 -5 11 13 -8 -10 -7 -9 15 -15 -6 20 18 28 -20 22 -22 23 -1 -24 -23 27 -19 -18 -28
right_child=1 2 -4 4 8 7 9 12 10 -11 -12 -13 -14 14 -16 -17 17 26 19 -21 21 25 24 -25 -26 -27 29 -29 -30 -31
leaf_value=-0.000103705258943043 0.018466144034755418 -0.025253843573423536 0.0066891324188239239 0.0052699598184112141 0.0026295947237236867 -0.003037242104657582 0.0052699598184112141 -0.0020911432523659998 -0.017141942121088504 0.026446214471112141 0.014957624048668336 -0.015179534968976156 0.0037587848716832705 -0.0017671039952272243 0.030544772651046517 -0.0093432190747940094 -0.019865573347232813 -0.0012717059113542062 -0.019865573347232813 -0.0033363226945171674 0.016687724077039296 0.00065594818492621589 -0.0032608774405988778 -0.0052845983151689965 0.029535264401666581 0.0096559009558710093 0.013381959903889743 0.033528101226935787 -0.05462267063558101 -0.0012717059113542062
leaf_weight=3614 32 12.999999999999998 20 160 157 162 21 552 18 140 94 166 1553 91 24 439 11 12.999999999999998 22 561 90 1333 22 610 31 143 39 24 12 122
leaf_count=3602 32 13 20 156 157 162 15 552 13 139 80 166 1467 91 24 439 11 13 22 527 90 1333 22 605 25 136 32 24 12 101
internal_value=0.000162553 0.00650795 -0.00508788 0.000122212 0.000857264 0.0018466 0.00973395 0.000805974 -0.00245334 0.0221696 0.00979877 -0.00829923 0.00222474 -0.00438335 0.00497624 -0.00618931 -0.000273348 -0.0035068 -0.00567616 -0.0045106 0.000171577 0.00239915 -0.000644036 -0.000851893 0.0159218 0.00152789 0.00313274 0.017429 -0.0352206 -0.000152734
internal_weight=10289 65 33 10224 3577 2754 321 2433 823 161 112 328 2105 711 115 596 6647 804 606 583 5843 1566 4277 4224 53 1476 198 37 23 161
internal_count=10081 65 33 10016 3461 2657 310 2347 804 154 93 328 2019 711 115 596 6555 742 572 549 5813 1559 4254 4207 47 1469 170 37 23 133
is_linear=0
shrinkage=0.05


Tree=262
num_leaves=25
num_cat=0
split_feature=26 1 14 11 23 26 8 7 18 3 4 24 11 10 3 23 8 5 7 4 2 10 7 7
split_gain=0.965226 0.950239 3.21974 1.05804 3.62494 7.1989 5.54748 3.6162 3.88414 2.19777 2.08153 9.47897 7.34812 3.97677 2.29486 8.95161 6.88164 1.04753 0.861389 0.34035 0.408113 0.164048 0.0580662 0.0668161
threshold=4.1499998569488534 98.500000000000014 48.000000000000007 0.87834998965263378 80.500000000000014 14.34999990463257 608.50000000000011 1015.9500122070314 6.7500000000000009 189.50000000000003 2.5649999380111699 501.25000000000006 -0.87834998965263356 0.60354998707771312 199.50000000000003 59.500000000000007 2.5000000000000004 3.7549999952316289 1017.3500061035157 0.55500000715255748 1.294999957084656 -0.91595000028610218 1019.0499877929689 1015.8500061035157
decision_type=2 2 2 2 2 2 2 2 2 2 2 2 2 2 2 2 2 2 2 2 2 2 2 2
left_child=21 3 19 10 7 17 -7 9 -9 -5 14 12 -12 -13 16 -16 -2 -6 -4 -3 -21 -1 23 -23
right_child=1 2 18 4 5 6 -8 8 -10 -11 11 13 -14 -15 15 -17 -18 -19 -20 20 -22 22 -24 -25
leaf_value=-0.0034926733733843147 0.0029261468351559051 0.009894460868090392 0.0070250816772114925 -0.0034926733733843147 0.0054260677943493039 0.01918918916278849 0.06073121265931563 -0.0017403643660593275 0.0042580007707863649 0.0054260677943493039 0.052679181098937988 -0.002581790765960071 0.014028276350588027 0.014028276350588027 -0.0027861569826144613 0.0031361836445016156 -0.0008641712551324481 0.01918918916278849 -0.0034926733733843147 0.028479380905628196 0.014802696462720633 -0.010238686514397459 -0.012222271766513587 -0.0048437350514260215
leaf_weight=11.999999999999998 1837 9.9999999999999982 11.999999999999998 94 70 16.000000000000004 10.999999999999998 459 655 59 17 173 20 26 2424 866 3440 11.999999999999998 21 10.000000000000002 11.999999999999998 12.000000000000002 9.9999999999999982 10.999999999999998
leaf_count=12 1806 10 12 94 70 16 11 454 655 59 17 173 20 26 2398 797 3363 12 21 10 12 12 10 11
internal_value=0.000144672 0.00017677 0.00620303 0.000138288 0.00142765 0.0101772 0.0329523 0.000674923 0.0017865 -0.00349267 -6.32527e-05 0.00456912 0.0278083 0.000248278 -0.000190863 -0.00122727 0.000455293 0.00542607 -0.00349267 0.0175428 0.0210194 -0.00716212 -0.00904146 -0.00765849
internal_weight=10289 10244 65 10179 1376 109 27 1267 1114 153 8803 236 37 199 8567 3290 5277 82 33 32 22 45 33 23
internal_count=10081 10036 65 9971 1371 109 27 1262 1109 153 8600 236 37 199 8364 3195 5169 82 33 32 22 45 33 23
is_linear=0
shrinkage=0.05


Tree=263
num_leaves=23
num_cat=0
split_feature=0 25 1 12 5 8 6 3 8 10 1 1 8 4 8 11 4 1 26 8 3 4
split_gain=0.927818 2.67047 1.68958 2.60547 3.42035 2.31657 1.68741 2.59747 1.96316 4.62072 6.39312 4.12411 2.33407 1.51048 1.12466 1.0998 0.744355 0.474912 0.456228 0.272745 0.264613 0.140768
threshold=29.849999427795414 10.84999990463257 54.500000000000007 1.0000000180025095e-35 4.4349999427795419 796.50000000000011 1382.5000000000002 49.500000000000007 386.50000000000006 -0.98295000195503224 78.500000000000014 80.500000000000014 323.50000000000006 1.4950000047683718 713.50000000000011 1.0000000180025095e-35 -1.0549999475479124 46.500000000000007 11.949999809265138 483.50000000000006 14.500000000000002 -0.8149999976158141
decision_type=2 2 2 2 2 2 2 2 2 2 2 2 2 2 2 2 2 2 2 2 2 2
left_child=2 17 3 4 5 15 8 -8 9 10 -4 13 -11 -10 19 -1 -7 -2 21 -3 -5 -19
right_child=1 14 6 20 -6 16 7 -9 11 12 -12 -13 -14 -15 -16 -17 -18 18 -20 -21 -22 -23
leaf_value=-0.0054792739512212292 0.0017433550814134127 0.016405707225203511 -0.0062629589697927052 -0.0083130576289617095 -0.026830439795466034 -0.0066095069534360222 -0.031347921067693574 -0.0062629589697927052 0.0017433550814134127 -0.00012912917393553727 0.0017433550814134127 -0.0062629589697927052 0.0017433550814134127 -0.0062629589697927052 0.0084832054193231792 0.00035594394861686009 -0.021700264005498453 0.00543209954046128 0.0084832054193231792 0.026275301139269559 0.0017433550814134127 0.0017433550814134127
leaf_weight=161 105 14.000000000000002 157 12.999999999999998 17 12.999999999999998 12.000000000000002 12.999999999999998 1617 7345 90 49 272 36 11.999999999999998 162 22 19 26 13.999999999999998 101 19
leaf_count=161 105 14 136 13 17 13 12 13 1575 7203 90 49 269 36 12 162 22 19 26 14 101 19
internal_value=0.000128838 0.00342624 6.04696e-05 -0.0028064 -0.00491719 -0.00387662 0.000206638 -0.0127665 0.000240542 -9.27656e-05 -0.00626296 0.00174336 0.000126284 0.00174336 0.0152231 -0.00255263 -0.0160951 0.00174336 0.00641245 0.0213405 0.00174336 0.00238099
internal_weight=10289 209 10080 489 375 358 9591 25 9566 7864 247 1702 7617 1653 40 323 35 169 64 28 114 38
internal_count=10081 209 9872 489 375 358 9383 25 9358 7698 226 1660 7472 1611 40 323 35 169 64 28 114 38
is_linear=0
shrinkage=0.05


Tree=264
num_leaves=31
num_cat=0
split_feature=5 27 1 5 18 7 1 8 17 10 12 26 28 28 5 1 26 9 23 4 7 10 4 1 28 12 9 10 10 5
split_gain=0.930015 7.41919 12.8877 14.0701 9.31404 7.61486 28.2526 10.0476 10.8926 6.70547 6.14821 5.86818 5.10977 4.81977 3.54171 5.36981 12.2242 8.81625 6.33019 5.08694 5.12092 7.90125 14.2877 7.2987 3.73675 3.08702 4.84914 2.76209 3.57593 2.4419
threshold=-0.095000002533197389 12.150000095367433 87.500000000000014 0.50499999523162853 8.2500000000000018 1017.5499877929689 79.500000000000014 46.500000000000007 0.11050000041723253 -0.37939999997615809 0.81174999475479137 16.94999980926514 29.500000000000004 73.500000000000014 -0.74500000476837147 95.500000000000014 12.150000095367433 -1.0000000180025095e-35 49.500000000000007 1.6050000190734866 1026.9500122070315 -0.98295000195503224 0.2950000017881394 65.500000000000014 38.500000000000007 0.81174999475479137 0.78654998540878307 0.91595000028610241 0.98295000195503246 -1.6850000023841856
decision_type=2 2 2 2 2 2 2 2 2 2 2 2 2 2 2 2 2 2 2 2 2 2 2 2 2 2 2 2 2 2
left_child=14 5 3 -3 -5 6 -2 10 -9 11 -8 13 -6 -7 15 29 -17 -18 -19 20 21 22 -16 -23 -21 -4 -27 -11 -29 -1
right_child=1 2 25 4 12 9 7 8 -10 27 -12 -13 -14 -15 19 16 17 18 -20 24 -22 23 -24 -25 -26 26 -28 28 -30 -31
leaf_value=0.00038226707403078713 0.003029565084578001 0.003029565084578001 0.003029565084578001 0.013700006665506713 0.026754094049041995 -0.0066050880057145923 -0.0036891223436792972 -0.073660783682550704 -0.02516803911039189 0.003029565084578001 -0.027538256602994624 0.003029565084578001 0.054055084288120274 -0.00055121233040042396 -0.0011628221371211111 -0.0048725139050056106 0.056283313035964969 0.0077142360438925348 0.03570954439416528 0.00010191262598432926 0.025761030055582525 0.011112559330020403 -0.075187497247349133 -0.0054408820447576743 0.030065973103046418 0.003029565084578001 0.02252199471357369 -0.0059617364600334059 0.003029565084578001 -0.0023080501458095904
leaf_weight=4577 219 71 228 72 33 630 88 13.999999999999998 67 1224 39 270 32 231 16.000000000000004 115 12.999999999999998 105 25 23 13.999999999999998 74 10.999999999999998 665 19 34 62 196 88 1034
leaf_count=4565 219 64 228 72 33 630 88 14 67 1199 39 209 32 231 16 115 13 105 24 23 13 64 11 614 19 30 43 196 88 1017
internal_value=0.000128878 0.00077713 0.00622777 0.0164855 0.0260871 -0.000168644 -0.00636335 -0.0197892 -0.0335495 0.000833682 -0.0110129 -0.00207659 0.0398082 -0.00413199 -0.000219711 0.000210801 0.00726387 0.0170239 0.0130979 -0.00329352 -0.00420624 -0.00475395 -0.031321 -0.0037833 0.0136571 0.00302957 0.0139432 0.00301639 -0.00190147 -0.000113507
internal_weight=10289 3598 532 208 137 3066 427 208 81 2639 127 1131 65 861 6691 5869 258 143 130 822 780 766 27 739 42 324 96 1508 284 5611
internal_count=10081 3482 502 201 137 2980 427 208 81 2553 127 1070 65 861 6599 5839 257 142 129 760 718 705 27 678 42 301 73 1483 284 5582
is_linear=0
shrinkage=0.05


Tree=265
num_leaves=18
num_cat=0
split_feature=7 6 7 10 7 5 7 10 0 10 7 6 3 1 26 10 28
split_gain=1.53243 2.97747 1.00126 6.52593 2.23594 1.68178 1.1701 5.05183 5.42393 3.46273 1.4161 10.5789 1.32333 1.13565 0.549817 0.1901 0.138793
threshold=1027.1499633789065 1227.5000000000002 1026.7500000000002 -0.98295000195503224 1026.549987792969 -0.15500000119209287 1024.7500000000002 0.91595000028610241 19.94999980926514 -0.98295000195503224 1023.4500122070314 432.50000000000006 11.500000000000002 73.500000000000014 15.750000000000002 -0.91595000028610218 67.500000000000014
decision_type=2 2 2 2 2 2 2 2 2 2 2 2 2 2 2 2 2
left_child=2 -2 4 -4 6 16 10 9 -9 -8 12 -12 -1 -6 -15 -7 -5
right_child=1 -3 3 5 13 15 7 8 -10 -11 11 -13 -14 14 -16 -17 -18
leaf_value=0.0015878136557081974 0.025561401423285991 -0.0040312518091762768 -0.036038577343736382 0.0097123466245830035 -0.00024437389590523459 -0.0017524703498929734 -0.019465794502979236 -0.023459469496559068 -0.0006223970576404379 0.0013826220194384496 0.0088605642782534823 -0.0036526136357011548 -0.00016124290135219332 0.011887203725442908 0.027363103043965321 -0.011501833684742451 0.018042809069156646
leaf_weight=1257 17 17 13.999999999999998 10.000000000000002 10.999999999999998 10.000000000000002 21 52 52 386 330 346 7743 12.000000000000002 10.999999999999998 9.9999999999999982 9.9999999999999982
leaf_count=1252 12 17 14 10 11 10 21 52 52 379 330 346 7547 12 11 10 10
internal_value=0.000167586 0.0107651 0.000132519 -0.00665799 0.000168395 0.00362521 0.000125671 -0.00220616 -0.0120409 0.000306905 0.000248818 0.00245589 8.3042e-05 0.0129692 0.0192887 -0.00662715 0.0138776
internal_weight=10309 34 10275 54 10221 40 10187 511 104 407 9676 676 9000 34 23 20 20
internal_count=10096 29 10067 54 10013 40 9979 504 104 400 9475 676 8799 34 23 20 20
is_linear=0
shrinkage=0.05


Tree=266
num_leaves=27
num_cat=0
split_feature=7 6 3 7 7 11 7 27 0 8 8 6 1 3 10 10 3 12 23 23 1 4 0 9 28 2
split_gain=1.38301 2.68716 0.906988 4.38387 10.1189 10.3854 7.31924 7.06818 7.52226 6.52732 3.83018 14.6466 6.88832 3.58131 25.1043 7.86374 7.67812 6.34362 5.25598 4.94002 3.91284 11.8961 4.78458 2.23511 2.19064 1.64948
threshold=1027.1499633789065 1227.5000000000002 332.50000000000006 1021.8500061035157 1022.3500061035157 1.0000000180025095e-35 1021.7500000000001 16.050000190734867 20.44999980926514 360.50000000000006 259.50000000000006 447.50000000000006 87.500000000000014 273.50000000000006 -0.98295000195503224 -0.37939999997615809 256.50000000000006 -0.56175000965595234 59.500000000000007 61.500000000000007 97.500000000000014 0.94499999284744274 17.349999427795414 0.3793999999761582 30.500000000000004 1.485000014305115
decision_type=2 2 2 2 2 2 2 2 2 2 2 2 2 2 2 2 2 2 2 2 2 2 2 2 2 2
left_child=2 -2 13 6 5 -5 10 9 -9 -6 12 -12 -4 16 -15 17 20 -16 -17 24 22 -22 -1 -21 -18 -7
right_child=1 -3 3 4 7 25 -8 8 -10 -11 11 -13 -14 14 15 18 19 -19 -20 23 21 -23 -24 -25 -26 -27
leaf_value=-0.024917783808747405 0.0242833311066908 -0.0038296889732865728 -0.0048909819151589096 0.059859223225537474 -0.0019394289638387831 0.022160017788410185 -0.038576564347992344 0.0052654713458052116 0.044044740936335397 -0.045013400912284854 0.056831336819699832 0.0032107914090387735 0.0026946604989990328 -0.061529619991779333 0.015377510600772344 -0.0072573991020327688 -0.0018497417256105365 -0.00027691069996131244 0.0064175683073699474 0.015340643649849679 0.0017703370013574171 -0.038824315945832778 0.00020482933921064537 0.032955428897853821 0.010760987583740519 -0.0017033962798970088
leaf_weight=19 17 17 492 17 73 15.000000000000002 11.999999999999998 27 17 9.9999999999999982 13.999999999999998 141 764 18 95 491 57 203 82 12.999999999999998 59 26 7498 31 87 13.999999999999998
leaf_count=19 12 17 492 17 73 11 10 27 16 10 14 138 762 18 89 488 56 202 81 13 59 26 7324 30 78 14
internal_value=0.000159207 0.0102268 0.000125893 0.00122136 0.00873692 0.0288296 0.000307659 0.00145928 0.01766 -0.00712906 0.000638354 0.00805394 -0.000276785 -7.55541e-05 -0.00308214 -0.00187427 0.00026756 0.00471359 -0.00530042 0.0102495 2.07038e-05 -0.0106469 0.000141329 0.024912 0.00576924 0.0106397
internal_weight=10309 34 10275 1596 173 46 1423 127 44 83 1411 155 1256 8679 889 871 7790 298 573 188 7602 85 7517 44 144 29
internal_count=10096 29 10067 1584 168 42 1416 126 43 83 1406 152 1254 8483 878 860 7605 291 569 177 7428 85 7343 43 134 25
is_linear=0
shrinkage=0.05


Tree=267
num_leaves=18
num_cat=0
split_feature=7 5 7 10 7 5 1 5 10 17 3 8 7 1 26 10 28
split_gain=1.24847 1.85868 0.924367 5.87193 2.03714 1.509 1.15068 2.87336 5.96045 2.10496 2.68588 1.84395 1.44708 1.02934 0.502411 0.164633 0.132569
threshold=1027.1499633789065 -0.55500000715255726 1026.7500000000002 -0.98295000195503224 1026.549987792969 -0.15500000119209287 53.500000000000007 2.5449999570846562 -0.6035499870777129 0.091499999165534987 13.500000000000002 323.50000000000006 1017.7500000000001 73.500000000000014 15.750000000000002 -0.91595000028610218 67.500000000000014
decision_type=2 2 2 2 2 2 2 2 2 2 2 2 2 2 2 2 2
left_child=2 -2 4 -4 6 16 7 12 -9 10 -8 -11 -1 -6 -15 -7 -5
right_child=1 -3 3 5 13 15 9 8 -10 11 -12 -13 -14 14 -16 -17 -18
leaf_value=-0.0030378144611881847 -0.0034417240818341572 0.02010274686311421 -0.034275641611644196 0.0089888976141810385 -0.00020847760818221356 -0.0018268151488155121 -0.0068415087701688753 -0.030387841116475023 0.015850524343550203 -9.2481831155461362e-05 -0.032715996446010351 0.0015683233053209471 0.0023718510728630987 0.011312621711598086 0.026106319542635571 -0.010899672284722328 0.017130426913499832
leaf_weight=361 14.999999999999998 19 13.999999999999998 10.000000000000002 10.999999999999998 10.000000000000002 14.000000000000002 23 9.9999999999999982 7422 11.999999999999998 2157 188 12.000000000000002 10.999999999999998 9.9999999999999982 9.9999999999999982
leaf_count=361 15 14 14 10 11 10 14 23 10 7268 12 2103 188 12 11 10 10
internal_value=0.000150088 0.00971548 0.000118436 -0.00640612 0.000152907 0.00334821 0.000112127 -0.00204666 -0.0163762 0.000242936 -0.0139645 0.000281498 -0.00118532 0.0123714 0.0183879 -0.00636324 0.0130597
internal_weight=10309 34 10275 54 10221 40 10187 582 33 9605 26 9579 549 34 23 20 20
internal_count=10096 29 10067 54 10013 40 9979 582 33 9397 26 9371 549 34 23 20 20
is_linear=0
shrinkage=0.05


Tree=268
num_leaves=27
num_cat=0
split_feature=7 5 3 7 7 11 7 27 8 8 8 9 1 3 8 3 8 29 3 9 15 28 23 27 11 2
split_gain=1.1266 1.67746 0.841638 3.92529 9.13694 9.35439 6.61799 6.35337 7.02313 5.91484 3.50288 10.3059 6.26423 3.21565 20.8797 7.12814 12.1888 9.21858 6.40202 5.33656 7.91392 7.09794 5.27398 3.54341 2.29206 1.4979
threshold=1027.1499633789065 -0.55500000715255726 332.50000000000006 1021.8500061035157 1022.3500061035157 1.0000000180025095e-35 1021.7500000000001 16.050000190734867 203.50000000000003 360.50000000000006 259.50000000000006 1.0000000180025095e-35 88.500000000000014 273.50000000000006 347.50000000000006 240.50000000000003 29.500000000000004 10.750000000000002 234.50000000000003 0.91595000028610241 1.435000002384186 31.500000000000004 60.500000000000007 15.949999809265138 -0.60784998536109913 1.7050000429153445
decision_type=2 2 2 2 2 2 2 2 2 2 2 2 2 2 2 2 2 2 2 2 2 2 2 2 2 2
left_child=2 -2 13 6 5 -5 10 9 -9 -6 12 -12 -4 15 19 18 22 -18 23 20 -15 -21 -17 -1 -20 -7
right_child=1 -3 3 4 7 25 -8 8 -10 -11 11 -13 -14 14 -16 16 17 -19 24 21 -22 -23 -24 -25 -26 -27
leaf_value=-0.00021035508547981904 -0.0032696377858519553 0.01909760919056441 -0.0041058915130843133 0.056822041202993959 -0.0018378336837336627 0.018353468365967272 -0.036670791295667492 0.0049731056777166703 0.044666700661182404 -0.042841148078441624 0.0031847652609703009 0.044443479925394061 0.0029825460656279432 -0.0024323534700014787 -0.056233200016948919 -0.0011955639438822267 0.018552070118638932 0.069202517514879061 -0.024883327225688846 -0.011433206329048011 0.011021542587289428 0.0084511950404183682 0.015023146586409256 0.0043075389874954236 -0.0069300373422447594 -0.0055539756268262871
leaf_weight=6929 14.999999999999998 19 574 17 73 19.000000000000004 11.999999999999998 29 14.999999999999998 9.9999999999999982 138 17 682 444 18 199 49 10.999999999999998 32 226 145 56 67 463 40 9.9999999999999982
leaf_count=6809 15 14 574 17 73 15 10 28 15 10 135 17 680 436 18 192 40 10 26 226 142 56 62 426 40 10
internal_value=0.000143192 0.00922971 0.000113124 0.00116839 0.00828001 0.0273728 0.000303796 0.0013645 0.0167242 -0.00677799 0.00061825 0.00770991 -0.000256915 -8.093e-05 -0.00292989 0.000244196 0.00748133 0.027838 -7.18955e-05 -0.00182833 0.000879726 -0.00748453 0.0028896 7.26245e-05 -0.0149093 0.0101095
internal_weight=10309 34 10275 1596 173 46 1423 127 44 83 1411 155 1256 8679 889 7790 326 60 7464 871 589 282 266 7392 72 29
internal_count=10096 29 10067 1584 168 42 1416 126 43 83 1406 152 1254 8483 878 7605 304 50 7301 860 578 282 254 7235 66 25
is_linear=0
shrinkage=0.05


Tree=269
num_leaves=27
num_cat=0
split_feature=7 6 7 10 1 7 1 10 18 5 11 6 4 7 6 8 25 28 6 27 23 1 4 28 10 7
split_gain=1.01684 2.07126 0.852275 4.73127 8.84085 4.29949 6.69012 6.61957 3.54758 5.19911 4.96101 2.29559 1.67731 1.28258 9.21138 30.707 11.0195 5.92791 8.79163 1.13897 5.4836 1.93169 10.6179 1.44399 0.495995 0.355978
threshold=1027.1499633789065 1227.5000000000002 1024.7500000000002 -0.98295000195503224 79.500000000000014 1025.1499633789065 72.500000000000014 1.0000000180025095e-35 3.4500000476837163 0.58499997854232799 0.87834998965263378 167.50000000000003 1.1050000190734866 1023.4500122070314 432.50000000000006 231.50000000000003 13.34999990463257 62.500000000000007 877.50000000000011 23.650000572204593 44.500000000000007 97.500000000000014 1.2649999856948855 13.500000000000002 -0.78654998540878285 1019.0499877929689
decision_type=2 2 2 2 2 2 2 2 2 2 2 2 2 2 2 2 2 2 2 2 2 2 2 2 2 2
left_child=2 -2 13 4 12 6 11 -8 9 -7 -10 -5 -4 19 15 16 -15 18 -16 21 -21 23 -23 -1 -19 -22
right_child=1 -3 3 5 -6 8 7 -9 10 -11 -12 -13 -14 14 17 -17 -18 24 -20 20 25 22 -24 -25 -26 -27
leaf_value=-0.0071699075311805836 0.021109146580976599 -0.0035727054209393617 -0.023879738940912131 0.02181865977389472 0.01757158786058426 -0.00016097772602384209 0.010116004198789597 -0.022969185248822781 0.0031468952819523111 -0.015853362829970696 0.025681311933806652 -0.0004147405501605724 -0.048937072266231889 0.0035495555649681086 -0.0047593013089346258 0.090432700785723602 0.050551247825989354 -0.0033086834602023291 -0.034532309220782646 0.0021862375143276856 0.021878413731853168 -0.00048940897133108402 -0.039544881423935301 0.00014489543314972155 0.0024590205357479301 0.01342470247298479
leaf_weight=68 17 17 17.000000000000004 13.999999999999998 11.999999999999998 36 19 74 256 65 27 68 10.999999999999998 306 171 10.999999999999998 12.999999999999998 19 29 97 33 134 20 8628 127 20
leaf_count=68 12 17 17 14 12 36 19 74 249 65 27 68 11 306 171 11 13 19 29 97 33 133 20 8428 127 20
internal_value=0.000135652 0.00876822 0.000107087 -0.00172313 -0.0183351 -0.000534441 -0.00703004 -0.0162098 0.00242579 -0.00561878 0.00529682 0.00338121 -0.0337237 0.000220388 0.00232084 0.00829724 0.00546499 -0.0033792 -0.00907639 6.26209e-05 0.00438308 -1.06073e-05 -0.00556155 8.7696e-05 0.00245902 0.0186883
internal_weight=10309 34 10275 599 40 559 175 93 384 101 283 82 28 9676 676 330 319 346 200 9000 150 8850 154 8696 146 53
internal_count=10096 29 10067 592 40 552 175 93 377 101 276 82 28 9475 676 330 319 346 200 8799 150 8649 153 8496 146 53
is_linear=0
shrinkage=0.05


Tree=270
num_leaves=27
num_cat=0
split_feature=1 0 8 7 27 8 25 7 23 1 4 7 7 5 9 8 4 8 8 5 1 4 2 4 22 22
split_gain=1.12577 2.00391 2.64507 1.6246 4.55686 2.24551 1.74658 1.63587 6.43075 10.0648 3.4475 6.23215 3.21784 1.21062 4.44358 0.91349 1.27762 1.08504 1.80946 1.4124 0.78882 0.69607 0.471204 0.242636 0.15782 0.0206754
threshold=51.500000000000007 28.94999980926514 721.50000000000011 1011.4500122070314 2.4500000476837163 384.50000000000006 13.650000095367433 1014.9500122070314 42.500000000000007 85.500000000000014 -3.254999995231628 1020.0499877929689 1015.5499877929689 2.5449999570846562 -0.6035499870777129 866.50000000000011 1.1050000190734866 700.50000000000011 697.50000000000011 -5.2299997806549063 65.500000000000014 -2.2450000047683711 3.5949999094009404 -1.2549999952316282 3.6499999761581425 5.0499999523162851
decision_type=2 2 2 2 2 2 2 2 2 2 2 2 2 2 2 2 2 2 2 2 2 2 2 2 2 2
left_child=13 3 21 4 -2 6 -6 8 9 -5 11 -9 -12 15 -15 16 17 18 -1 -19 -10 22 -3 -23 -4 -26
right_child=1 2 24 7 5 -7 -8 10 20 -11 12 -13 -14 14 -16 -17 -18 19 -20 -21 -22 23 -24 -25 25 -27
leaf_value=-0.0026458936443349984 -0.036187123511494564 0.026687364007479383 0.0030689524847073903 -0.015327329747563612 -0.011095923396265682 0.0030689524847073903 0.0030689524847073903 -0.0083725162204868146 -2.3013455605906329e-05 -2.3013455605906329e-05 -0.0050327366777853169 0.0030689524847073903 0.00044454712454194858 0.0096393231612940597 -0.031824412462966786 -0.015837883475151929 0.016418317109346391 -0.010218384578114465 -0.023315303637222812 0.0037642946218631353 0.0030689524847073903 0.0030689524847073903 0.014598363088934044 0.013434721690136939 0.0076955614544983401 0.010672284699976445
leaf_weight=283 10.999999999999998 13.999999999999998 75 126 68 29 20 304 116 329 278 151 7566 12.000000000000002 13.999999999999998 10.999999999999998 9.9999999999999982 21 10.999999999999998 129 596 10.000000000000002 19 9.9999999999999982 14.000000000000002 9.9999999999999982
leaf_count=283 11 14 75 126 68 29 20 291 116 329 278 151 7369 12 14 11 10 21 11 129 596 10 19 10 14 10
internal_value=0.000148362 0.000266051 0.0059621 0.000175807 -0.00541947 -0.00252678 -0.00719867 0.000251467 0.00200429 -0.00311498 4.98578e-06 -0.0042263 0.000250426 -0.00218768 -0.0126873 -0.00160061 -0.00125565 -0.00165371 -0.00341924 0.00180672 0.00306895 0.0152662 0.019727 0.00790581 0.00306895 0.00893586
internal_weight=10237 9746 152 9594 128 117 88 9466 1167 455 8299 455 7844 491 26 465 454 444 294 150 712 53 33 20 99 24
internal_count=10027 9536 152 9384 128 117 88 9256 1167 455 8089 442 7647 491 26 465 454 444 294 150 712 53 33 20 99 24
is_linear=0
shrinkage=0.05


Tree=271
num_leaves=31
num_cat=0
split_feature=8 18 25 9 1 6 18 12 17 17 1 7 7 5 8 8 28 18 5 7 7 28 2 1 8 7 7 12 5 10
split_gain=1.06401 3.79849 10.6737 6.87408 14.2101 5.14848 4.75554 2.85319 3.64829 3.4225 3.11918 2.68935 2.37094 1.60614 1.59734 12.0551 47.4862 6.66927 8.41539 7.66513 17.9208 34.2526 7.2807 6.29725 6.15403 2.93823 8.57828 9.99426 9.48457 2.91249
threshold=595.50000000000011 4.8500001430511483 11.150000095367433 -0.37939999997615809 62.500000000000007 842.50000000000011 5.0499999523162851 -0.56175000965595234 0.097500000149011626 0.12949999421834948 70.500000000000014 1017.3500061035157 1015.6499938964845 -3.814999938011169 386.50000000000006 382.50000000000006 55.500000000000007 10.650000095367433 -2.4550000429153438 1021.5499877929689 1022.2500000000001 56.500000000000007 3.0949999094009404 71.500000000000014 443.50000000000006 1021.0499877929689 1022.1499938964845 0.81174999475479137 -2.814999938011169 -0.98295000195503224
decision_type=2 2 2 2 2 2 2 2 2 2 2 2 2 2 2 2 2 2 2 2 2 2 2 2 2 2 2 2 2 2
left_child=14 3 -3 7 -5 6 -4 9 -9 12 -10 -6 -2 -7 15 25 -17 19 -19 22 21 -21 -16 -22 -24 29 27 -27 -28 -1
right_child=1 2 5 4 11 13 -8 8 10 -11 -12 -13 -14 -15 17 16 -18 18 -20 20 23 -23 24 -25 -26 26 28 -29 -30 -31
leaf_value=-0.0094365424501699074 -0.0033956868233311886 0.00090243657481409796 0.027708686938997182 0.00090243657481409796 -0.06683139999707538 0.026480138497917277 0.066784365610642868 -0.023831200699011484 0.00090243657481409796 0.00090243657481409796 -0.010650595004465115 -0.031722708493471148 -0.012334524971888737 0.01192489630624375 0.010681270418599653 -0.11615853905677796 0.0011453435971634461 0.041927335423847231 0.010681270418599653 -0.079365845566446144 -0.0036435714723317609 -0.0035114433591092089 0.0060247205796908586 0.010681270418599653 -0.0015595724014837136 0.0097997723442073848 -0.023140402826141906 -0.0038497836631722752 0.00037611613320857271 -0.00026567338852058963
leaf_weight=88 148 163 10 28 12.000000000000002 19 11 14.999999999999998 457 37 59 9.9999999999999982 141 21 169 10.999999999999998 40 26 23 22 201 46 140 59 514 526 44 180 1678 5339
leaf_count=80 148 163 10 28 12 19 11 15 448 37 59 10 141 21 158 11 39 26 23 22 200 45 140 56 494 499 44 165 1658 5245
internal_value=0.000153469 -0.00129293 0.00453781 -0.00273294 -0.0207539 0.0229474 0.0429951 -0.00168154 0.000578973 -0.00536353 0.000902437 -0.0508729 -0.00769381 0.0124223 0.000333117 7.51187e-05 -0.0241555 0.0020329 0.0200987 0.0012638 -0.00519951 -0.0280526 0.00383971 0.000777446 0.00136817 0.00023244 0.0016782 0.00631972 -0.000224771 -0.000414381
internal_weight=10237 1131 224 907 50 61 21 857 531 326 516 22 289 40 9106 7906 51 1200 49 1151 328 68 823 260 654 7855 2428 706 1722 5427
internal_count=10027 1122 224 898 50 61 21 848 522 326 507 22 289 40 8905 7741 50 1164 49 1115 323 67 792 256 634 7691 2366 664 1702 5325
is_linear=0
shrinkage=0.05


Tree=272
num_leaves=31
num_cat=0
split_feature=1 0 8 7 27 8 7 23 1 7 10 4 25 10 3 11 4 4 8 6 24 7 3 7 3 7 1 28 11 18
split_gain=0.943358 1.73323 2.41418 1.3785 4.08916 2.06668 1.72327 5.33683 9.43682 3.57305 11.4463 2.33144 1.59706 1.07415 2.54286 2.31652 1.94148 1.74626 2.08649 1.47593 1.41964 1.1785 0.854253 0.743037 1.35293 0.726683 0.625331 0.556582 0.489326 0.297113
threshold=51.500000000000007 28.94999980926514 710.50000000000011 1011.4500122070314 2.4500000476837163 384.50000000000006 1015.0499877929689 42.500000000000007 85.500000000000014 1015.8500061035157 -1.0000000180025095e-35 -4.2049999237060538 13.650000095367433 -0.6035499870777129 136.50000000000003 1.0000000180025095e-35 1.0049999952316286 -1.2150000333786009 721.50000000000011 612.50000000000011 772.91500854492199 1020.1499938964845 39.500000000000007 1009.6499938964845 170.50000000000003 1012.9500122070314 65.500000000000014 95.500000000000014 0.60784998536109935 3.4500000476837163
decision_type=2 2 2 2 2 2 2 2 2 2 2 2 2 2 2 2 2 2 2 2 2 2 2 2 2 2 2 2 2 2
left_child=13 3 22 4 -2 12 7 8 -5 10 -8 -11 -6 14 15 17 21 20 -19 27 -1 -16 -3 -21 25 -25 -9 -15 -17 -4
right_child=1 2 29 6 5 -7 9 26 -10 11 -12 -13 -14 19 16 28 -18 18 -20 23 -22 -23 -24 24 -26 -27 -28 -29 -30 -31
leaf_value=0.0058171745753497822 -0.034121808849952438 0.0065962399065028878 0.0028689016154214283 -0.013884846887389279 -0.010529918563278284 0.0028689016154214283 0.0028689016154214283 0.00014346377510925952 0.00014346377510925952 -0.0084224820336593047 -0.011355450869575635 0.00032109324108463001 0.0028689016154214283 0.0052621947333577153 -0.01387363457586616 0.013253129387031432 0.0022423318028450012 -0.027958793658763172 -0.0042287257880988449 -0.013002300147826856 -0.015004795349457048 -0.034441851136776121 0.021176171937474498 0.0032189347886673689 0.0052621947333577153 -0.003308775693745835 0.0028689016154214283 0.018796981527255133 0.00079799348798890914 0.0088674397189886529
leaf_weight=32 10.999999999999998 15.999999999999998 83 138 68 29 182 116 342 77 256 7730 20 10.000000000000002 15.000000000000002 23 9.9999999999999982 15.999999999999998 22 12.999999999999998 10.999999999999998 12.999999999999998 27 53 30 218 625 12.999999999999998 11.999999999999998 26
leaf_count=32 11 16 83 138 68 29 182 116 342 77 256 7520 20 10 15 23 10 16 22 13 11 13 27 53 30 218 625 13 12 26
internal_value=0.000154428 0.000262161 0.00555957 0.000178233 -0.00497585 -0.00223563 0.000247927 0.002001 -0.00258197 -1.16851e-05 -0.00440608 0.000234856 -0.00679316 -0.001984 -0.00544353 -0.00176619 -0.0166691 -0.00641081 -0.0142203 -0.000403087 0.000490624 -0.0234232 0.0157511 -0.00129863 -0.000793156 -0.00203214 0.0028689 0.011823 0.0089828 0.0028689
internal_weight=10237 9746 152 9594 128 117 9466 1221 480 8245 438 7807 88 491 154 116 38 81 38 337 43 28 43 314 301 271 741 23 35 109
internal_count=10027 9536 152 9384 128 117 9256 1221 480 8035 438 7597 88 491 154 116 38 81 38 337 43 28 43 314 301 271 741 23 35 109
is_linear=0
shrinkage=0.05


Tree=273
num_leaves=31
num_cat=0
split_feature=8 1 7 7 9 17 12 25 7 0 7 18 8 17 8 8 8 12 18 5 7 7 5 2 1 8 0 6 5 24
split_gain=0.965137 3.23295 7.05399 5.70147 5.65719 5.234 6.58087 5.02514 4.8639 4.69886 6.20475 3.53556 3.20874 2.6021 1.61397 1.51652 10.8498 38.305 5.76163 7.71298 6.89341 16.2757 15.9646 6.58967 5.73775 5.70265 3.8728 2.80021 2.66301 11.9336
threshold=595.50000000000011 69.500000000000014 1018.6499938964845 1011.1499938964845 -0.6035499870777129 0.13650000095367434 -0.56175000965595234 10.34999990463257 1017.1499938964845 27.94999980926514 1017.5499877929689 3.7500000000000004 643.50000000000011 0.097500000149011626 672.50000000000011 386.50000000000006 382.50000000000006 0.81174999475479137 10.650000095367433 -2.4550000429153438 1021.5499877929689 1022.2500000000001 -1.5049999952316282 3.0949999094009404 71.500000000000014 473.50000000000006 24.849999427795414 777.50000000000011 3.554999947547913 266.25000000000006
decision_type=2 2 2 2 2 2 2 2 2 2 2 2 2 2 2 2 2 2 2 2 2 2 2 2 2 2 2 2 2 2
left_child=15 5 3 -3 -5 6 9 13 -7 10 -2 -11 -4 -8 -9 16 28 26 20 27 23 22 -22 -17 -23 -25 -18 -20 -1 -30
right_child=1 2 12 4 -6 8 7 14 -10 11 -12 -13 -14 -15 -16 18 17 -19 19 -21 21 24 -24 25 -26 -27 -28 -29 29 -31
leaf_value=-9.5578181915192002e-05 -0.026322654843853235 -0.033901120088994506 -0.012147267742289438 0.013719383415512064 -0.021880583598145417 0.0086497000407518756 -0.019402336093940237 0.0032906093426189591 0.04324361040041997 -0.0043843914621423839 -0.007149367609777503 0.0086497000407518756 -0.036055548683456749 -0.00043943761472181277 0.0086497000407518756 0.010027522264290004 -0.017382161971181632 -0.10553753653710539 0.057517394423484781 0.010027522264290004 -0.048809436519907136 -0.0034085990051363614 -0.00016622167951878042 0.0056887000502737388 0.010027522264290004 -0.0019696250958542937 0.013890522998884658 0.024602102328624045 0.045613166445400567 0.0020325774503166007
leaf_weight=6978 57 9.9999999999999982 36 55 13.999999999999998 24 19 76 12.999999999999998 152 94 25 23 378 155 169 18 10.999999999999998 12.000000000000002 23 37 201 31 201 59 453 22 13.999999999999998 15.999999999999998 861
leaf_count=6814 57 10 36 55 14 24 19 69 13 152 94 25 23 378 153 158 17 11 12 23 37 200 30 201 56 433 22 14 16 861
internal_value=0.000161836 -0.00121572 -0.00838661 0.00138262 0.0064962 -0.000219165 -0.000933307 0.00206475 0.0182327 -0.00667349 -0.0131528 -0.00114595 -0.0214674 -0.00134698 0.0079282 0.000332934 8.15476e-05 -0.0229059 0.00198915 0.0187807 0.00127431 -0.00485501 -0.0266339 0.0037171 0.000840989 0.00134988 -0.000182185 0.0397938 0.000230798 0.00282766
internal_weight=10237 1131 138 79 69 993 956 628 37 328 151 177 59 397 231 9106 7906 51 1200 49 1151 328 68 823 260 654 40 26 7855 877
internal_count=10027 1122 138 79 69 984 947 619 37 328 151 177 59 397 222 8905 7741 50 1164 49 1115 323 67 792 256 634 39 26 7691 877
is_linear=0
shrinkage=0.05


Tree=274
num_leaves=31
num_cat=0
split_feature=7 10 8 4 11 11 11 5 10 5 10 5 2 4 7 1 24 8 11 1 11 11 8 21 9 3 28 24 18 7
split_gain=0.868458 9.32926 13.2058 5.0866 5.50432 5.81791 9.43358 3.90448 9.13294 12.8027 7.69744 8.73761 4.53918 2.73767 5.33224 12.9556 8.8491 4.96343 4.09598 9.16583 11.0512 6.56485 5.8958 2.76672 2.55729 2.3712 6.01275 4.86602 5.75345 4.42048
threshold=1014.9500122070314 -0.98295000195503224 501.50000000000006 -2.945000052452087 0.87834998965263378 -0.87834998965263356 -1.0000000180025095e-35 -3.0949999094009395 0.60354998707771312 4.5200002193450937 0.60354998707771312 -4.0950000286102286 5.5150001049041757 -3.254999995231628 1020.0499877929689 87.500000000000014 831.25000000000011 235.50000000000003 0.87834998965263378 71.500000000000014 1.0000000180025095e-35 1.0000000180025095e-35 464.50000000000006 13.250000000000002 -0.98295000195503224 4.5000000000000009 42.500000000000007 145.41500091552737 15.700000286102297 1018.1499938964845
decision_type=2 2 2 2 2 2 2 2 2 2 2 2 2 2 2 2 2 2 2 2 2 2 2 2 2 2 2 2 2 2
left_child=1 2 -1 4 5 24 -7 10 12 -10 -5 -12 -9 14 18 16 17 -16 19 21 -21 -2 -20 -18 -3 26 -15 -28 -29 -27
right_child=13 3 -4 7 -6 6 -8 8 9 -11 11 -13 -14 25 15 -17 23 -19 22 20 -22 -23 -24 -25 -26 29 27 28 -30 -31
leaf_value=0.0022123948616140027 0.0034965221798617624 0.013219933733344078 0.07252132601358674 0.00058162837231066076 -0.021446365103646017 0.021887399556866863 0.0021466306322290339 -0.00083688467833351737 0.0086860230879093978 0.067045755311846741 -0.0026266730842845784 -0.02221163040958345 -0.034930937439203266 -0.0014138268143869936 0.034274814192737854 -0.029922735393047337 -0.025248877589519211 0.0092891830384083419 0.011274813506419637 -0.051718119703806367 -0.011663913395365372 -0.019400109269696736 -0.015628995141014457 0.00049151292879064134 -0.010116902906533883 -0.0020210878806864105 0.040920524920026465 0.0043042399841518985 0.024515800857420413 0.00069285570709311597
leaf_weight=17.000000000000004 98 14.999999999999998 10.999999999999998 444 17 114 129 411 156 9.9999999999999982 140 96 9.9999999999999982 260 35 25 12.999999999999998 46 56 26 51 46 32 53 54 2047 11.999999999999998 160 34 5619
leaf_count=17 85 15 11 444 17 114 129 411 156 10 140 96 10 257 35 25 13 46 56 26 51 46 32 53 54 2047 12 160 34 5425
internal_value=0.000161851 0.00122243 0.0298338 0.000720475 0.00625981 0.00776944 0.0114077 -0.000717916 0.00226952 0.0122017 -0.00329678 -0.0105934 -0.00164672 -3.81235e-05 -0.00370343 0.00335272 0.00901181 0.0200854 -0.00763112 -0.0112637 -0.0251887 -0.00381768 0.00149161 -0.00457856 -0.00504368 0.000178676 0.00364163 0.0100223 0.00811108 -3.18302e-05
internal_weight=10237 1624 28 1596 329 312 243 1267 587 166 680 236 421 8613 481 172 147 81 309 221 77 144 88 66 69 8132 466 206 194 7666
internal_count=10027 1624 28 1596 329 312 243 1267 587 166 680 236 421 8403 468 172 147 81 296 208 77 131 88 66 69 7935 463 206 194 7472
is_linear=0
shrinkage=0.05


Tree=275
num_leaves=31
num_cat=0
split_feature=10 7 8 12 28 26 28 6 18 1 1 18 23 11 26 2 0 10 17 7 0 7 8 7 1 7 4 29 25 18
split_gain=1.45742 10.1585 9.80084 8.94561 15.023 14.9101 16.99 16.7172 16.2023 10.278 9.51669 8.37121 7.33448 7.08114 6.86486 6.59837 5.00482 5.22371 4.42559 2.03006 6.69768 5.00191 9.62937 4.70589 5.25095 12.4711 5.41556 4.81071 9.35176 3.72424
threshold=-0.91595000028610218 1017.2500000000001 672.50000000000011 0.81174999475479137 42.500000000000007 10.84999990463257 29.500000000000004 507.50000000000006 4.1499998569488534 76.500000000000014 66.500000000000014 5.7500000000000009 68.500000000000014 -0.87834998965263356 12.84999990463257 3.2350000143051152 24.44999980926514 -0.98295000195503224 0.11250000074505807 1020.2500000000001 19.849999427795414 1019.8500061035157 2.5000000000000004 1022.3500061035157 69.500000000000014 1020.7500000000001 -3.3850001096725459 10.449999809265138 13.84999990463257 4.6499998569488534
decision_type=2 2 2 2 2 2 2 2 2 2 2 2 2 2 2 2 2 2 2 2 2 2 2 2 2 2 2 2 2 2
left_child=1 2 14 5 -5 6 -3 8 -7 10 -6 -11 -9 -8 16 -16 17 -1 -18 21 -21 -2 29 24 25 -22 -26 -25 -29 -23
right_child=19 3 -4 4 9 7 13 12 -10 11 -12 -13 -14 -15 15 -17 18 -19 -20 20 23 22 -24 27 26 -27 -28 28 -30 -31
leaf_value=-0.028335841212953839 0.0001714886125673207 -0.065650328764548668 -0.039778680745512246 -0.058327689438181764 -0.011798947392246472 0.0057419131376347451 -0.026334840346799167 -0.0030115706933086499 0.024879246938209504 -0.033623976488004199 0.020874856990308333 -0.0078003192764468671 0.0057419131376347451 -0.0046019063818775602 0.069415694326162319 0.023312146587892442 0.0091992459468189756 0.0047707506758160895 0.023312146587892442 -0.00185482187719733 0.031519252012173336 -0.020772652994645271 -0.015483084852005252 0.00055502756809605439 0.019944271631538869 0.0043026065284217851 0.0027265953947356969 0.007219072943087438 0.054122555597374833 0.0022718231222953337
leaf_weight=13.999999999999998 5296 12.999999999999998 9.9999999999999982 17 52 61 43 225 156 28 39 43 133 292 10.000000000000002 9.9999999999999982 77 80 11.999999999999998 1089 60 19 153 874 48 141 941 56 11.999999999999998 227
leaf_count=14 5259 13 10 17 52 41 43 217 150 22 39 43 118 292 10 10 77 80 12 1079 53 16 153 874 48 135 863 56 12 220
internal_value=0.000102977 -0.00145093 0.00854499 -0.00338299 -0.0136126 -0.00139914 -0.00956784 0.0035447 0.0144954 -0.00892026 0.00220411 -0.0231783 -0.00301157 -0.00739151 0.0109255 0.0387385 0.00788579 -0.000160018 0.0163836 0.000332159 0.00133537 -0.000235239 -0.00563381 0.00296488 0.00505956 0.012427 0.00356224 0.000555028 0.0138831 0.000491965
internal_weight=10231 1315 213 1102 179 923 348 575 217 162 91 71 358 335 203 20 183 94 89 8916 3221 5695 399 2132 1190 201 989 942 68 246
internal_count=10028 1260 213 1047 173 874 348 526 191 156 91 65 335 335 203 20 183 94 89 8768 3120 5648 389 2041 1099 188 911 942 68 236
is_linear=0
shrinkage=0.05


Tree=276
num_leaves=31
num_cat=0
split_feature=10 7 8 7 12 5 7 5 26 28 5 7 4 28 17 23 10 23 16 7 17 7 0 7 4 21 12 18 7 1
split_gain=1.44521 9.48578 8.93816 8.47109 11.7757 15.9072 14.6472 11.6086 10.6949 16.2443 10.1545 9.63256 7.79769 6.26342 28.0868 16.1334 6.0498 3.91895 3.25164 3.0937 2.59495 1.78522 5.9682 4.51422 8.8017 6.8507 5.85129 5.30864 4.36287 4.73898
threshold=-0.91595000028610218 1017.2500000000001 670.50000000000011 1018.2500000000001 0.81174999475479137 -2.4350000619888301 1021.3500061035157 -2.5449999570846553 10.650000095367433 29.500000000000004 -1.8849999904632566 1017.7500000000001 -0.83499997854232777 39.500000000000007 0.11250000074505807 71.500000000000014 -0.98295000195503224 54.500000000000007 0.27699999511241918 1014.7500000000001 0.1134999990463257 1020.2500000000001 19.849999427795414 1019.8500061035157 -1.8450000286102293 13.250000000000002 0.81174999475479137 4.3500001430511483 1022.3500061035157 69.500000000000014
decision_type=2 2 2 2 2 2 2 2 2 2 2 2 2 2 2 2 2 2 2 2 2 2 2 2 2 2 2 2 2 2
left_child=1 2 13 7 8 16 -7 12 9 -5 -10 17 -3 18 -15 -16 -6 -9 19 -1 -14 23 -23 -2 25 -25 -27 -26 29 -24
right_child=21 3 -4 4 5 6 -8 11 10 -11 -12 -13 20 14 15 -17 -18 -19 -20 -21 -22 22 28 24 27 26 -28 -29 -30 -31
leaf_value=-0.001013431249063803 0.00016291414736863518 -0.039259991262640272 -0.031981940051684012 -0.062367812028298011 0.04345891051567518 -0.052397631133596106 -0.012516756555197215 -0.038924182516833147 -0.0016608210983059678 -0.0048185083993572608 0.0096778728435436903 -0.072698627257098761 -0.0077133918812291495 0.0083224080897048563 0.037983895550222364 0.1158100074529648 5.8026915593516263e-05 -0.0074657434872774922 0.0083224080897048563 -0.02110937715374998 0.0091743034918023193 -0.0017620808246281558 0.011805629379125266 -0.047295387873524115 -0.017585245654621023 0.00091916878882329915 -0.029559721205160924 0.00055150670653873887 0.00051275238541256113 0.0033841241307001509
leaf_weight=12.999999999999998 5296 13.999999999999998 12.999999999999998 12.999999999999998 12.999999999999998 30 99 18 178 216 375 11.999999999999998 45 104 13.000000000000002 9.9999999999999982 21 22 32 28 46 1089 201 19 47 32 15.999999999999998 285 942 989
leaf_count=13 5259 14 13 13 13 30 93 18 163 216 341 12 45 104 13 10 21 22 32 28 46 1079 188 19 44 32 16 278 942 911
internal_value=8.03853e-05 -0.001467 0.00819228 -0.00333399 -0.00154716 -0.0137724 -0.0217914 -0.0140891 0.00100107 -0.0080855 0.00476386 -0.0334089 -0.00452119 0.0108036 0.017512 0.0676454 0.0166525 -0.021622 -0.000867212 -0.0103493 0.000823245 0.000308605 0.00124937 -0.000223477 -0.00535212 -0.0218831 -0.0118241 -0.00201605 0.00278759 0.00480658
internal_weight=10231 1315 213 1102 945 163 129 157 782 229 553 52 105 200 127 23 34 40 73 41 91 8916 3221 5695 399 67 48 332 2132 1190
internal_count=10028 1260 213 1047 890 157 123 157 733 229 504 52 105 200 127 23 34 40 73 41 91 8768 3120 5648 389 67 48 322 2041 1099
is_linear=0
shrinkage=0.05


Tree=277
num_leaves=31
num_cat=0
split_feature=10 4 12 28 5 5 26 9 8 5 2 23 10 4 18 5 4 3 23 18 25 11 0 18 5 24 4 2 9 29
split_gain=1.34348 7.56978 8.4801 13.9932 8.6449 10.7872 8.35815 15.7539 17.4979 10.0584 9.23615 8.32317 6.4571 6.38934 6.38207 4.89635 7.64883 1.67664 4.73085 7.63497 7.19027 5.24179 7.13693 7.80314 4.82608 7.79867 5.5718 3.68484 5.23095 5.90319
threshold=-0.91595000028610218 -1.0549999475479124 0.81174999475479137 42.500000000000007 -1.455000042915344 3.4050000905990605 10.84999990463257 1.0000000180025095e-35 276.50000000000006 -2.7250000238418575 1.3750000000000002 57.500000000000007 -0.98295000195503224 -2.3950001001358028 6.5499999523162851 -2.254999995231628 -1.4350000023841856 204.50000000000003 59.500000000000007 7.0499999523162851 14.84999990463257 -0.60784998536109913 21.849999427795414 10.750000000000002 -0.5349999964237212 792.91500854492199 2.0749999284744267 2.3750000000000004 0.91595000028610241 11.250000000000002
decision_type=2 2 2 2 2 2 2 2 2 2 2 2 2 2 2 2 2 2 2 2 2 2 2 2 2 2 2 2 2 2
left_child=1 13 6 -4 12 -6 9 10 -9 -3 -8 -11 -5 -1 15 16 -15 27 21 -20 -21 22 23 -19 25 -23 -26 28 29 -2
right_child=17 2 3 4 5 -7 7 8 -10 11 -12 -13 -14 14 -16 -17 -18 18 19 20 -22 24 -24 -25 26 -27 -28 -29 -30 -31
leaf_value=0.011918231450787669 0.0017781863031078853 0.0012484219332690779 -0.053495203396853278 0.039262806111946706 -0.027474307959321244 0.003731458324539247 0.019365976192057134 0.014477253366408847 0.082615698799490933 -0.021462897635781422 0.0012484219332690779 -0.0024856140722449012 -0.002899081177920813 -0.075311386314305381 -0.0053578491652829215 -0.01639682889485744 -0.02340306393336505 -0.017763247788774177 0.0007738794485828255 0.0069551041654808245 0.031378249741262861 0.0007738794485828255 0.0007738794485828255 -0.0043594295380295902 -0.0065290750964339898 -0.020682215678442101 0.0007738794485828255 0.00017422660431871945 0.012694635685127145 0.0094638015438653789
leaf_weight=24 742 214 17 15.999999999999998 58 53 72 163 9.9999999999999982 104 302 130 21 11.000000000000002 67 33 20 153 487 185 36 1310 122 374 532 44 194 4352 133 252
leaf_count=24 716 214 17 16 52 53 58 147 10 104 283 130 21 11 67 33 20 153 457 185 30 1305 122 367 523 44 194 4314 122 236
internal_value=7.09821e-05 -0.00142095 -3.42375e-05 -0.0105323 -0.00559742 -0.0125743 0.00170665 0.00585389 0.0184159 -0.00335705 0.00124842 -0.01092 0.0153331 -0.0117989 -0.016144 -0.0274358 -0.0418221 0.000291023 -0.000574673 0.00306729 0.0109335 -0.00151953 -0.00544252 -0.00825086 -0.000295478 0.000773879 -0.0036865 0.000834078 0.00338215 0.00213611
internal_weight=10231 1315 1160 165 148 111 995 547 173 448 374 234 37 155 131 64 31 8916 3437 708 221 2729 649 527 2080 1354 726 5479 1127 994
internal_count=10028 1260 1105 159 142 105 946 498 157 448 341 234 37 155 131 64 31 8768 3380 672 215 2708 642 520 2066 1349 717 5388 1074 952
is_linear=0
shrinkage=0.05


Tree=278
num_leaves=19
num_cat=0
split_feature=1 25 18 7 11 3 7 5 4 3 5 4 3 7 9 0 1 23
split_gain=0.942162 0.855882 0.815499 1.87033 0.833927 2.79216 6.84433 3.64931 1.81369 1.6035 2.8126 3.91942 2.33871 2.10098 2.08859 1.78204 1.21222 0.0649886
threshold=99.500000000000014 12.250000000000002 24.44999980926514 1016.9500122070314 0.87834998965263378 60.500000000000007 1014.3500061035157 -0.80500000715255726 2.7849999666213994 348.50000000000006 -2.6350001096725459 0.12499999627470972 337.50000000000006 1016.2500000000001 0.98295000195503246 18.550000190734867 95.500000000000014 10.500000000000002
decision_type=2 2 2 2 2 2 2 2 2 2 2 2 2 2 2 2 2 2
left_child=2 -2 4 17 9 6 -6 -8 16 12 13 -12 14 -11 -1 -14 -7 -4
right_child=1 -3 3 -5 5 8 7 -9 -10 10 11 -13 15 -15 -16 -17 -18 -19
leaf_value=-3.2763325744474618e-05 0.0010240268893539903 0.021235145702958109 0.01196960904880574 0.0021644352608769209 -0.036500769161752294 0.0021644352608769209 -0.00031685539934561311 -0.03086449244990945 -0.014496926103149439 -0.0045029605143942454 0.0021644352608769209 -0.011988009609491894 -0.010132641701160797 0.0021644352608769209 -0.0042415794293420442 0.0021644352608769209 -0.0055589961134554708 0.016162141991986168
leaf_weight=7395 11.000000000000002 9.9999999999999982 19 73 13.999999999999998 781 438 9.9999999999999982 18 191 58 142 42 289 307 347 68 18
leaf_count=7218 11 10 19 73 14 775 438 10 18 191 57 140 42 288 295 343 68 18
internal_value=6.85796e-05 0.0106484 4.6819e-05 0.00432869 1.84817e-07 0.00116736 -0.00207454 -0.000998722 0.00216444 -0.000176668 -0.00250866 -0.00749033 1.93219e-05 -0.00043296 -0.000200526 0.00216444 0.00216444 0.0140092
internal_weight=10231 21 10210 110 10100 1329 462 448 867 8771 680 200 8091 480 7702 389 849 37
internal_count=10028 21 10007 110 9897 1323 462 448 861 8574 676 197 7898 479 7513 385 843 37
is_linear=0
shrinkage=0.05


Tree=279
num_leaves=31
num_cat=0
split_feature=10 7 4 29 12 26 28 28 1 5 4 11 16 18 2 5 5 28 4 27 10 7 23 1 7 2 10 3 1 3
split_gain=1.26815 8.84072 7.35333 12.3587 9.62059 14.0872 12.8121 11.1785 10.7039 7.44653 6.22708 8.6928 4.34933 3.35115 3.39387 3.64218 3.34322 3.66836 1.59353 11.6203 7.11122 5.51231 7.80487 4.47052 3.31108 3.11815 2.86622 2.2794 6.23084 7.517
threshold=-0.91595000028610218 1017.1499938964845 -0.60500001907348622 24.550000190734867 0.81174999475479137 10.84999990463257 29.500000000000004 42.500000000000007 73.500000000000014 -1.455000042915344 -2.3950001001358028 -1.0000000180025095e-35 0.27699999511241918 13.250000000000002 1.3199999928474428 -2.6850000619888301 -3.504999995231628 37.500000000000007 2.0249999761581425 11.250000000000002 1.0000000180025095e-35 1017.5499877929689 33.500000000000007 83.500000000000014 1016.7500000000001 3.3199999332427983 -1.0000000180025095e-35 204.50000000000003 80.500000000000014 256.50000000000006
decision_type=2 2 2 2 2 2 2 2 2 2 2 2 2 2 2 2 2 2 2 2 2 2 2 2 2 2 2 2 2 2
left_child=1 12 3 10 5 6 -4 -6 -7 -9 -3 -12 13 14 -1 -16 -14 -18 27 21 -21 22 -20 25 -24 -23 -25 -2 -29 -30
right_child=18 2 4 -5 7 8 -8 9 -10 -11 11 -13 16 -15 15 -17 17 -19 19 20 -22 23 24 26 -26 -27 -28 28 29 -31
leaf_value=0.0033401451597823749 0.00075202879036673806 0.011323957882511121 -0.06019503582607616 0.039083992689847948 -0.050761404392473841 -0.00012287737116655555 -0.0051331193748362751 0.014176161377690732 0.01448393396788341 -0.014362663813032365 -0.028678614457021467 -0.0080965320315127352 0.0097521223022409217 0.0096566639617270411 -0.003672294882802496 -0.023473121087637643 0.012461407429405618 0.04804872900247574 -0.047971134757002196 0.014794942604434425 0.048258929926416151 0.0068138908919146554 -0.0096417373932975656 0.0032043645634131945 0.014794942604434425 -0.0072819072066872305 0.014794942604434425 -0.0067565461086249445 -0.0050834623772303411 0.0013505691841211437
leaf_weight=31 5434 24 10.999999999999998 11.999999999999998 17 208 267 30 232 96 80 143 53 20 31 31 14.000000000000002 14.999999999999998 11.999999999999998 17 23 63 60 81 13.999999999999998 104 72 402 583 2051
leaf_count=31 5343 24 11 8 17 181 267 30 214 92 80 141 53 20 31 31 14 15 12 17 23 62 60 81 14 104 72 391 559 2030
internal_value=7.8536e-05 -0.00137097 -0.00308161 -0.0104684 -0.000859571 0.00149914 -0.00731183 -0.0127026 0.00706607 -0.00756771 -0.0128758 -0.0154802 0.00845426 0.00209317 -0.00297637 -0.0106847 0.0172202 0.0308686 0.00029232 0.00320531 0.0289178 0.00067206 -0.0105662 0.00369235 -0.00450055 -0.00196433 0.00986663 0.000138932 -0.000958423 -7.3516e-05
internal_weight=10231 1315 1120 259 861 718 278 143 440 126 247 223 195 113 93 62 82 29 8916 446 40 406 86 320 74 167 153 8470 3036 2634
internal_count=10028 1260 1065 253 812 673 278 139 395 122 245 221 195 113 93 62 82 29 8768 445 40 405 86 319 74 166 153 8323 2980 2589
is_linear=0
shrinkage=0.05


Tree=280
num_leaves=31
num_cat=0
split_feature=3 23 27 14 28 11 1 5 10 18 7 8 1 3 27 24 7 3 10 12 9 4 23 8 1 8 7 3 9 28
split_gain=1.16824 5.19342 6.98029 6.42076 8.91628 6.35222 6.76136 9.05746 6.78997 12.2411 5.67669 4.12494 11.0824 3.96451 7.7291 8.40789 6.85613 6.04138 9.37285 5.77069 8.85104 5.95133 5.27808 16.0843 4.85151 4.73778 6.81835 4.59039 4.94184 3.88825
threshold=204.50000000000003 59.500000000000007 7.4500000476837167 33.000000000000007 44.500000000000007 -0.60784998536109913 73.500000000000014 -1.2450000047683714 0.60354998707771312 9.3499999046325701 1020.3500061035157 323.50000000000006 73.500000000000014 186.50000000000003 12.949999809265138 266.25000000000006 1014.7500000000001 171.50000000000003 -0.6035499870777129 -0.56175000965595234 1.0000000180025095e-35 0.9350000023841859 79.500000000000014 1.0000000180025095e-35 88.500000000000014 252.50000000000003 1020.7500000000001 161.50000000000003 -0.78654998540878285 79.500000000000014
decision_type=2 2 2 2 2 2 2 2 2 2 2 2 2 2 2 2 2 2 2 2 2 2 2 2 2 2 2 2 2 2
left_child=13 5 -3 4 -4 6 7 -2 9 -8 -10 -5 -13 17 16 24 -15 27 25 21 -21 -18 23 -20 -16 -19 -27 -1 29 -29
right_child=1 2 3 11 -6 -7 8 -9 10 -11 -12 12 -14 14 15 -17 19 18 22 20 -22 -23 -24 -25 -26 26 -28 28 -30 -31
leaf_value=0.00019270260807438552 -0.00078163772821426369 0.0004559746707573037 0.017929581462901561 0.0042174071548450485 0.067156407778913338 -0.00038163682287552589 -0.016477605031671384 -0.068077492602169512 -0.018505123271675344 0.0004559746707573037 -0.0023175808528645174 0.0042174071548450485 0.017929581462901561 -0.02315913742909638 0.056617106144365506 0.010153284499993781 0.0028781691703479739 -0.045055025617281599 -0.0011339778204923305 0.009416666094424023 -0.0041593592374892614 -0.015899367759335939 0.00527680886271816 -0.02733329106932101 0.025228628306486058 -0.029246057306484483 -0.00090599242724816913 -0.017706897738389672 0.018253598003758347 0.0078501784688104759
leaf_weight=4889 10.000000000000002 592 20.000000000000004 285 10.999999999999998 2346 113 9.9999999999999982 136 355 90 48 20 26 19.000000000000004 53 100 14.999999999999998 105 403 171 73 149 69 9.9999999999999982 41 44 22 74 46
leaf_count=4782 10 543 20 274 10 2324 113 10 136 348 90 45 20 26 19 53 100 14 105 401 166 73 149 69 10 41 40 22 74 46
internal_value=3.88515e-05 -0.000625467 0.00255036 0.00797884 0.0297963 -0.00163841 -0.00576781 -0.0344296 -0.00494182 -0.00150501 -0.0120588 0.00606286 0.0172302 0.00046383 0.00362945 0.0182255 0.0020811 -3.24305e-05 -0.00577145 0.00295961 0.00537224 -0.0050453 -0.00163017 -0.00754476 0.040304 -0.0191478 -0.0145759 0.000450099 0.00931213 -0.000418287
internal_weight=10345 4036 976 384 31 3060 714 20 694 468 226 353 68 6309 855 82 773 5454 423 747 574 173 323 174 29 100 85 5031 142 68
internal_count=10133 3943 912 369 30 3031 707 20 687 461 226 339 65 6190 848 82 766 5342 418 740 567 173 323 174 29 95 81 4924 142 68
is_linear=0
shrinkage=0.05


Tree=281
num_leaves=31
num_cat=0
split_feature=5 8 7 1 28 12 7 10 18 23 2 7 12 8 10 18 28 12 24 1 3 27 11 1 3 8 8 27 27 3
split_gain=1.06761 3.99472 3.49664 3.0792 8.03694 5.72344 11.2067 8.80636 7.63056 5.11924 5.11283 5.0947 4.76342 12.6876 20.5173 9.36158 8.43799 7.11652 3.53511 2.93023 2.75866 10.1234 7.61943 4.69275 3.67319 7.90833 7.28816 0.860022 0.528417 0.042958
threshold=-1.205000042915344 740.50000000000011 1010.7500000000001 84.500000000000014 85.500000000000014 -0.56175000965595234 1013.4500122070314 0.78654998540878307 2.5499999523162846 51.500000000000007 1.485000014305115 1024.549987792969 -0.56175000965595234 386.50000000000006 -0.98295000195503224 4.0499999523162851 37.500000000000007 0.81174999475479137 247.91500091552737 52.500000000000007 56.500000000000007 12.050000190734865 0.60784998536109935 92.500000000000014 204.50000000000003 347.50000000000006 2.5000000000000004 6.4500000476837167 16.050000190734867 117.50000000000001
decision_type=2 2 2 2 2 2 2 2 2 2 2 2 2 2 2 2 2 2 2 2 2 2 2 2 2 2 2 2 2 2
left_child=3 2 -2 10 5 6 7 -5 -7 -8 18 -10 15 14 -14 19 -17 -15 28 -12 21 22 -4 -23 26 -26 -22 29 -1 -3
right_child=1 27 20 4 -6 8 9 -9 11 -11 12 -13 13 17 -16 16 -18 -19 -20 -21 24 23 -24 -25 25 -27 -28 -29 -30 -31
leaf_value=0.025635507838292548 -0.030147902444005018 0.0058993626013398156 -0.010655282640036297 -0.006453704719360057 0.046703110709786416 -0.040064174458384519 -0.0021127237498330632 -0.065852255125840517 0.0041525851690612792 0.015043249785741595 -0.0011094204324219271 -0.017765090252376266 -0.046173536104540669 -1.5435823060047363e-05 -0.0048489958317875651 -5.1268203096071359e-06 0.0080785998038927481 0.0092267955572371222 0.0092267955572371222 -0.010278146745412149 0.0048904834073979254 -0.0021574586883864621 -0.048470316777626671 0.019899037215662631 -0.0012277694921051085 -0.019192073606915536 -0.00090174722796726523 0.023071384905396324 0.041516282930970198 0.010533907674252989
leaf_weight=11.000000000000002 9.9999999999999982 10.000000000000002 119 13.000000000000002 9.9999999999999982 9.9999999999999982 581 11.999999999999998 1472 47 214 27 31 827 966 199 614 152 11.999999999999998 147 824 66 14.999999999999998 38 2223 63 1593 19 9.9999999999999982 9.9999999999999982
leaf_count=11 10 10 115 13 10 10 581 12 1472 44 214 27 31 827 966 199 602 152 12 147 797 59 15 36 2135 63 1524 19 10 10
internal_value=4.01728e-05 -0.000486014 -0.000611573 0.000530494 0.00198193 0.00177508 -0.00213566 -0.034965 0.0034674 -0.000828758 -0.000459929 0.0037578 -0.000665038 -0.00216374 -0.00613391 0.00185747 0.00483269 0.00187943 0.0191186 -0.00484295 -0.000551795 -0.00580362 -0.0148883 0.00590165 -0.000286021 -0.00172285 0.00107293 0.0154536 0.0331978 0.00821664
internal_weight=10345 4990 4951 5355 2172 2162 653 25 1509 628 3183 1499 3150 1976 997 1174 813 979 33 361 4941 238 134 104 4703 2286 2417 39 21 20
internal_count=10133 4793 4754 5340 2169 2159 650 25 1509 625 3171 1499 3138 1976 997 1162 801 979 33 361 4744 225 130 95 4519 2198 2321 39 21 20
is_linear=0
shrinkage=0.05


Tree=282
num_leaves=31
num_cat=0
split_feature=5 12 10 4 28 3 23 6 5 3 1 9 9 28 12 23 0 1 4 10 5 29 12 27 23 28 9 4 12 27
split_gain=0.956369 3.81014 10.9088 8.86566 7.46056 4.32469 3.75888 3.74788 4.40528 4.94583 4.27241 10.9571 7.61009 3.90232 15.4516 3.82718 3.19969 2.94793 2.88249 2.72964 7.97071 10.2907 12.2871 7.381 6.84339 6.75855 6.26458 5.17672 4.73004 3.99808
threshold=-1.6850000023841856 0.81174999475479137 0.3793999999761582 -1.7549999952316282 42.500000000000007 32.500000000000007 54.500000000000007 752.50000000000011 -3.7949999570846553 14.500000000000002 72.500000000000014 1.0000000180025095e-35 -0.78654998540878285 89.500000000000014 -0.56175000965595234 70.500000000000014 22.349999427795414 84.500000000000014 -1.2549999952316282 0.78654998540878307 3.554999947547913 5.6499998569488534 1.0000000180025095e-35 15.449999809265138 34.500000000000007 63.500000000000007 -0.37939999997615809 1.294999957084656 -0.56175000965595234 6.2500000000000009
decision_type=2 2 2 2 2 2 2 2 2 2 2 2 2 2 2 2 2 2 2 2 2 2 2 2 2 2 2 2 2 2
left_child=1 7 5 6 -5 -3 -4 10 -9 15 11 12 -1 17 -15 -10 -6 -12 -11 -2 23 -22 -23 24 25 -21 28 -28 -25 -26
right_child=19 2 3 4 16 -7 -8 8 9 18 13 -13 -14 14 -16 -17 -18 -19 -20 20 21 22 -24 26 29 -27 27 -29 -30 -31
leaf_value=-0.0007250673615647711 -0.0009440166968537082 0.0011737640076144428 -0.052902923388914613 -0.030383845604956151 -0.0013837177165052189 0.017765887705091802 -0.015392021615715588 -0.0007250673615647711 -0.028895948712109917 -0.0061555287672614648 -0.0007250673615647711 0.048735849825399268 0.0098658725144999404 0.038282089398519417 0.0049307181348611593 -0.0072952086834803878 0.016872825792857579 0.0015055962240980902 -0.0007250673615647711 -0.035355935941139859 0.0010571535341376956 0.013889786408158106 0.054120063093992379 0.0026622658673052988 -0.0083995422019736664 -0.0083995422019736664 0.0023580927012586701 0.027356584166938609 0.042013582445326304 0.0013142919145653796
leaf_weight=250 4529 54 11.000000000000002 15.999999999999998 56 144 17 467 37 403 1059 13.999999999999998 269 37 61 46 42 1664 105 30 90 43 26 11.999999999999998 113 54 192 22 21 461
leaf_count=250 4342 54 11 16 56 144 17 467 37 403 1057 14 260 37 61 46 42 1664 104 30 90 43 26 12 113 54 186 21 21 455
internal_value=3.45055e-05 0.000556062 0.00565619 -0.00491949 0.00127218 0.0132408 -0.0301284 0.000163034 -0.00243165 -0.00560857 0.00098151 0.00508698 0.00390955 0.000205822 0.0100084 -0.0169245 0.00644052 -0.00014697 -0.00375971 -0.000408627 0.0018703 0.0121949 0.0267224 5.63669e-05 -0.00271018 -0.0160395 0.00742637 0.00429944 0.027704 -0.000759547
internal_weight=10345 4752 340 142 114 198 28 4412 1058 591 3354 533 519 2821 98 83 98 2723 508 5593 1064 159 69 905 658 84 247 214 33 574
internal_count=10133 4740 340 142 114 198 28 4400 1057 590 3343 524 510 2819 98 83 98 2721 507 5393 1051 159 69 892 652 84 240 207 33 568
is_linear=0
shrinkage=0.05


Tree=283
num_leaves=31
num_cat=0
split_feature=3 23 27 14 28 11 10 18 10 7 1 8 1 6 4 3 27 24 7 3 10 12 9 4 10 8 1 8 7 3
split_gain=0.930426 4.83768 6.27367 5.66248 8.15077 5.33857 6.02416 9.54143 9.25161 6.22456 6.51433 4.30156 9.98021 4.20689 3.67042 3.32041 6.46412 7.44984 6.22816 5.31507 8.40532 5.30083 8.08216 5.42479 4.97086 7.4096 4.4126 4.28155 6.15356 4.16008
threshold=204.50000000000003 59.500000000000007 7.4500000476837167 33.000000000000007 44.500000000000007 -0.60784998536109913 0.60354998707771312 9.3499999046325701 -0.37939999997615809 1020.3500061035157 77.500000000000014 323.50000000000006 73.500000000000014 457.50000000000006 1.5549999475479128 186.50000000000003 12.949999809265138 266.25000000000006 1014.7500000000001 171.50000000000003 -0.6035499870777129 -0.56175000965595234 1.0000000180025095e-35 0.9350000023841859 -1.0000000180025095e-35 1.0000000180025095e-35 88.500000000000014 252.50000000000003 1020.7500000000001 161.50000000000003
decision_type=2 2 2 2 2 2 2 2 2 2 2 2 2 2 2 2 2 2 2 2 2 2 2 2 2 2 2 2 2 2
left_child=15 5 -3 4 -4 6 7 8 -2 10 -8 14 -13 -11 -5 19 18 26 -17 29 27 23 -23 -20 -22 -26 -18 -21 -29 -1
right_child=1 2 3 11 -6 -7 9 -9 -10 13 -12 12 -14 -15 -16 16 17 -19 21 20 24 22 -24 -25 25 -27 -28 28 -30 -31
leaf_value=0.00015668898860591988 -0.0072478821954579239 0.00047491583607367694 0.01697709177194234 0.0040536526973458586 0.06390717625617981 -0.00039432223951183019 -0.05552546409043399 0.00047491583607367694 -0.029397951946670161 0.00047491583607367694 -0.015440838901477672 0.0040536526973458586 0.01697709177194234 -0.024945326686343729 0.01697709177194234 -0.022172183598964834 0.053116003463142797 0.0092665013122959113 0.0026144300350133564 -0.042729294200738274 0.0083917805679388103 0.0088987812385131742 -0.0040741763746894198 -0.015313204187797767 0.0058270792231067195 -0.012510668997272429 0.023376065290528627 -0.027691466043271669 -0.00076840480958873577 0.0088381654517331598
leaf_weight=4889 53 592 20.000000000000004 237 10.999999999999998 2346 10.999999999999998 369 61 74 129 48 20 17 48 26 19.000000000000004 53 100 14.999999999999998 91 403 171 73 90 142 9.9999999999999982 41 44 142
leaf_count=4782 53 543 20 226 10 2324 11 362 61 74 129 45 20 17 48 26 19 53 100 14 91 401 166 73 90 142 10 41 40 142
internal_value=2.40272e-05 -0.00056883 0.0024963 0.00763239 0.0281211 -0.00154647 -0.00533208 -0.00215593 -0.0149707 -0.0119731 -0.0185903 0.0058331 0.0169771 -0.0017928 0.00405365 0.000403291 0.00330037 0.0166486 0.00188438 -5.08715e-05 -0.00543387 0.00272169 0.00503402 -0.00495041 -0.00151215 -0.00539689 0.0374856 -0.018101 -0.0137548 0.000401724
internal_weight=10345 4036 976 384 31 3060 714 483 114 231 140 353 68 91 285 6309 855 82 773 5454 423 747 574 173 323 232 29 100 85 5031
internal_count=10133 3943 912 369 30 3031 707 476 114 231 140 339 65 91 274 6190 848 82 766 5342 418 740 567 173 323 232 29 95 81 4924
is_linear=0
shrinkage=0.05


Tree=284
num_leaves=31
num_cat=0
split_feature=3 23 27 1 8 15 11 1 3 10 18 7 8 24 3 28 27 1 8 0 7 6 26 1 9 9 3 11 3 6
split_gain=0.834635 4.18442 5.65122 5.2815 41.3432 5.52316 4.64887 5.90844 8.36006 5.63784 9.78558 4.87853 3.03499 4.46997 12.0618 3.90311 6.70132 3.44404 5.74534 5.89078 10.8052 7.95847 3.37088 5.07382 3.44334 5.85456 4.32449 3.24088 2.97947 6.69836
threshold=204.50000000000003 59.500000000000007 7.4500000476837167 73.500000000000014 323.50000000000006 1.7099999785423281 -0.60784998536109913 73.500000000000014 340.50000000000006 0.60354998707771312 9.3499999046325701 1020.3500061035157 2.5000000000000004 215.41500091552737 197.50000000000003 62.500000000000007 4.6499998569488534 80.500000000000014 397.50000000000006 24.550000190734867 1016.6499938964845 352.50000000000006 28.599999427795414 68.500000000000014 -1.0000000180025095e-35 -0.37939999997615809 1.5000000000000002 1.0000000180025095e-35 208.50000000000003 927.50000000000011
decision_type=2 2 2 2 2 2 2 2 2 2 2 2 2 2 2 2 2 2 2 2 2 2 2 2 2 2 2 2 2 2
left_child=12 6 -3 -4 5 -5 7 8 -2 10 -9 -11 13 14 -1 16 -15 22 19 20 -19 -21 24 -24 25 -14 -26 -20 -8 -30
right_child=1 2 3 4 -6 -7 28 9 -10 11 -12 -13 17 15 -16 -17 -18 18 27 21 -22 -23 23 -25 26 -27 -28 -29 29 -31
leaf_value=0.0051456693536010793 -0.064102116711437687 0.00043020344186321213 0.0038130507661531701 0.0040742276211468767 0.080909144878387462 0.026439598743473333 -0.0080829673223667044 -0.014600532244173892 0.00043020344186321213 -0.016671346762279212 0.00043020344186321213 -0.0016648896374843189 0.00025128440272871952 -0.027434229359708052 0.048638043197227976 0.004440122813034391 0.0003483883699246129 -0.017024206776315203 -0.034133739899034087 0.027741483132060814 -0.0010042289975495035 0.0025603491787219339 0.0043450309052013329 0.022323608880295703 -0.014849809613078833 -0.0069763382945564533 0.0043450309052013329 -0.0036214679479599 0.00022145780857670702 -0.040792484134435654
leaf_weight=256 10.000000000000002 592 81 252 20 31 119 113 9.9999999999999982 136 355 90 2535 22 17 327 1617 130 23 38 553 58 69 46 30 315 259 13.999999999999998 2217 9.9999999999999982
leaf_count=231 10 543 73 246 20 30 119 113 10 136 348 90 2528 22 17 322 1612 130 23 38 545 58 36 23 28 310 253 14 2195 10
internal_value=2.09926e-05 -0.000540518 0.00231016 0.0071959 0.011434 0.00652414 -0.00144975 -0.00498238 -0.0317754 -0.00421025 -0.00107856 -0.0106953 0.000380202 0.00185876 0.00785399 0.00102626 -2.45327e-05 -0.000433186 -0.00333768 -0.00242333 -0.00405342 0.00917412 0.000295169 0.00870292 -1.28565e-05 -0.000547558 0.00434503 -0.0225886 -0.000374606 3.7291e-05
internal_weight=10345 4036 976 384 303 283 3060 714 20 694 468 226 6309 2239 273 1966 1639 4070 816 779 683 96 3254 115 3139 2850 289 37 2346 2227
internal_count=10133 3943 912 369 296 276 3031 707 20 687 461 226 6190 2204 248 1956 1634 3986 808 771 675 96 3178 59 3119 2838 281 37 2324 2205
is_linear=0
shrinkage=0.05


Tree=285
num_leaves=31
num_cat=0
split_feature=5 11 23 10 29 12 1 21 10 10 9 17 0 4 0 5 8 4 17 1 11 7 10 7 9 4 4 7 2 7
split_gain=1.60185 11.9482 15.5083 9.47539 9.63747 12.1328 5.16237 4.07755 4.00789 7.21261 3.41008 3.35614 3.13551 2.87365 9.71156 3.26112 7.81038 7.52892 4.00074 3.45575 2.52368 2.29159 1.94288 4.99479 10.2618 7.65344 3.7102 5.02529 3.80021 1.91433
threshold=3.554999947547913 -0.87834998965263356 65.500000000000014 0.78654998540878307 5.6499998569488534 1.0000000180025095e-35 88.500000000000014 8.0500001907348651 -0.98295000195503224 -0.6035499870777129 -0.78654998540878285 0.11749999970197679 25.050000190734867 2.7150000333786015 21.050000190734867 3.1049998998641972 469.50000000000006 0.2950000017881394 0.10050000250339509 81.500000000000014 0.60784998536109935 1024.549987792969 -0.37939999997615809 1020.2500000000001 -0.6035499870777129 -0.92500001192092884 0.66500002145767223 1019.5499877929689 2.9850000143051152 1019.7500000000001
decision_type=2 2 2 2 2 2 2 2 2 2 2 2 2 2 2 2 2 2 2 2 2 2 2 2 2 2 2 2 2 2
left_child=13 2 7 6 29 -6 8 -2 12 -10 11 -8 -3 15 -15 22 17 19 -19 -17 -7 -12 23 25 -25 -1 28 -28 -24 -5
right_child=1 3 -4 4 5 20 10 -9 9 -11 21 -13 -14 14 -16 16 -18 18 -20 -21 -22 -23 26 24 -26 -27 27 -29 -30 -31
leaf_value=-0.0029662173088911134 -0.028811202759000783 0.0039720303628460636 0.036654201543556073 0.012589542800003345 0.012589542800003345 0.03983094758457608 0.010549539099964832 0.0058442630965648036 -0.011340235366638439 -0.00081018990236931046 -0.001838084215181203 0.042106225539993665 0.036588473799638449 -0.0044142970553366469 0.042349867084447074 -0.018831694151124206 0.036531516015529633 -0.01907485786941834 0.00085802043213951008 -0.051072933457114479 0.071158764064311958 0.016585389613395646 0.0017952525797670206 0.008251731026521476 -0.0033220565403926784 0.0043077548947109481 -0.0067969909262614939 -0.00053933089518457434 -0.0012888723789342351 -0.0033638833141492182
leaf_weight=486 11.999999999999998 28 53 17 45 18 36 29 236 523 86 10.999999999999998 9.9999999999999982 32 17 34 9.9999999999999982 32 118 10.999999999999998 10.000000000000002 21 1692 228 1197 1413 537 797 2438 71
leaf_count=478 12 28 53 17 45 18 36 29 236 523 86 11 10 32 17 34 10 32 118 11 10 21 1645 217 1111 1397 537 773 2420 71
internal_value=-3.73051e-05 0.00167437 0.0187917 0.000227396 0.0114448 0.0248761 -0.00167167 -0.0042988 -0.003291 -0.00408435 0.00670889 0.0179351 0.0125553 -0.000265604 0.01181 -0.0003314 -0.00656543 -0.00877553 -0.00339433 -0.0267129 0.0510195 0.00177774 -0.000185977 0.000767199 -0.00147025 0.00244617 -0.000765837 -0.00305834 -2.53519e-05 0.000302944
internal_weight=10248 1206 94 1112 161 73 951 41 797 759 154 47 38 9042 49 8993 205 195 150 45 28 107 8788 3324 1425 1899 5464 1334 4130 88
internal_count=10038 1206 94 1112 161 73 951 41 797 759 154 47 38 8832 49 8783 205 195 150 45 28 107 8578 3203 1328 1875 5375 1310 4065 88
is_linear=0
shrinkage=0.05


Tree=286
num_leaves=31
num_cat=0
split_feature=5 11 23 10 7 18 7 10 7 11 9 27 21 3 18 4 0 5 8 4 9 3 3 10 6 7 8 4 23 2
split_gain=1.43738 10.7903 13.9962 8.49722 8.71044 6.07346 4.50385 5.09548 6.43822 4.94426 4.73932 4.03761 3.67999 3.13434 3.08902 2.60297 10.6586 3.42752 7.29899 6.26844 4.06733 2.6406 2.33805 1.80195 6.14355 5.10728 2.55026 2.28463 4.54491 3.52577
threshold=3.554999947547913 -0.87834998965263356 65.500000000000014 0.78654998540878307 1019.7500000000001 16.349999427795414 1022.6499938964845 -0.6035499870777129 1016.6499938964845 0.87834998965263378 -0.91595000028610218 6.1499998569488534 8.0500001907348651 192.50000000000003 4.9500000476837167 2.5649999380111699 21.94999980926514 3.1049998998641972 469.50000000000006 0.2950000017881394 -0.37939999997615809 175.50000000000003 177.50000000000003 -0.6035499870777129 37.500000000000007 1020.2500000000001 27.500000000000004 0.66500002145767223 59.500000000000007 3.5149999856948857
decision_type=2 2 2 2 2 2 2 2 2 2 2 2 2 2 2 2 2 2 2 2 2 2 2 2 2 2 2 2 2 2
left_child=15 2 12 6 5 -5 7 8 -3 -9 22 -6 -2 -13 -12 17 -17 23 19 21 -21 -19 -8 24 26 -26 -1 29 -29 -25
right_child=1 3 -4 4 11 -7 10 9 -10 -11 14 13 -14 -15 -16 16 -18 18 -20 20 -22 -23 -24 27 25 -27 -28 28 -30 -31
leaf_value=0.0094684762939472103 -0.027370642420525355 0.012132907535747759 0.03482149153385522 0.014135189317166806 -0.0033737667873668092 0.055465101264417171 0.012205378600844632 -0.0024100004793284665 -0.013650046881612171 0.014772405575596446 -0.0064238068295451693 0.027896890640258788 0.0055520502159950033 0.0056778678990478705 0.0064664932137922099 0.00032944279476342835 0.054596252603964369 -0.012993056547235361 0.034704939424991608 0.010836883394845896 -0.0088683453722086802 -0.037222983343931641 0.038730486854910852 0.0011602165525799886 0.0025939042674586218 -0.0019123015275932286 0.03031801094301045 -0.0038415914636771801 0.0025239424403948676 -0.0016079434047110688
leaf_weight=55 11.999999999999998 28 53 20 70 15.999999999999998 27 466 179 46 78 25 29 30 115 51 10.999999999999998 22 9.9999999999999982 35 104 23 11.999999999999998 2548 1358 1171 20 1168 369 2097
leaf_count=52 12 28 53 20 70 16 27 466 179 46 78 25 29 30 115 51 11 22 10 35 104 23 12 2469 1342 1090 20 1155 351 2097
internal_value=-3.60626e-05 0.00158536 0.0178521 0.000210287 0.0108329 0.032504 -0.00158808 -0.00354265 -0.0101625 -0.000866269 0.0044694 0.00459167 -0.00408386 0.0147295 0.00125694 -0.000252324 0.00995743 -0.000322814 -0.00689662 -0.00915757 -0.0039066 -0.0253772 0.020367 -0.000177661 0.000925631 0.000507401 0.0150284 -0.000642392 -0.00231337 -8.94781e-05
internal_weight=10248 1206 94 1112 161 36 951 719 207 512 232 125 41 55 193 9042 62 8980 194 184 139 45 39 8786 2604 2529 75 6182 1537 4645
internal_count=10038 1206 94 1112 161 36 951 719 207 512 232 125 41 55 193 8832 62 8770 194 184 139 45 39 8576 2504 2432 72 6072 1506 4566
is_linear=0
shrinkage=0.05


Tree=287
num_leaves=31
num_cat=0
split_feature=5 11 23 8 8 24 17 7 7 9 7 23 21 7 4 0 5 8 4 21 1 7 12 1 6 29 1 1 4 7
split_gain=1.29369 9.74126 12.6316 7.07329 8.46897 7.64318 5.64334 5.42304 5.23489 4.21102 3.44877 16.2182 3.32119 3.28114 2.34918 9.61938 3.09334 6.58734 5.65727 3.92511 3.01935 1.71374 1.63802 10.1874 9.26956 7.25755 7.237 4.28616 1.54403 1.30691
threshold=3.554999947547913 -0.87834998965263356 65.500000000000014 46.500000000000007 84.500000000000014 215.41500091552737 0.10649999976158143 1021.5499877929689 1018.5499877929689 -0.91595000028610218 1015.2500000000001 41.500000000000007 8.0500001907348651 1019.7500000000001 2.5649999380111699 21.94999980926514 3.1049998998641972 469.50000000000006 0.2950000017881394 6.8500001430511483 81.500000000000014 1018.9500122070314 -0.56175000965595234 87.500000000000014 772.50000000000011 23.650000572204593 96.500000000000014 86.500000000000014 0.43500000238418585 1017.2500000000001
decision_type=2 2 2 2 2 2 2 2 2 2 2 2 2 2 2 2 2 2 2 2 2 2 2 2 2 2 2 2 2 2
left_child=14 2 12 5 6 -3 -5 8 -6 -9 11 -7 -2 -12 16 29 22 18 20 -20 -18 -4 23 24 -1 27 -25 -24 -8 -16
right_child=1 3 21 4 7 10 28 9 -10 -11 13 -13 -14 -15 15 -17 17 -19 19 -21 -22 -23 25 26 -26 -27 -28 -29 -30 -31
leaf_value=0.0050526080525296405 -0.026002110649521154 0.039945587515830994 0.016461372065047424 -0.04512971945934826 0.0016404422272190259 -0.062322409044612538 -0.022804836605985961 0.016313459982343934 -0.01055882828923442 0.00059763131051506163 0.012969500470010317 0.0041843606319955807 0.0052744478762053468 0.0026754867879634089 0.013324964811493242 0.0518664379011501 -0.016741605012622826 0.032969691902399061 -0.025495639919406839 -0.00047061689552073643 -0.046878408843820746 0.037944527515550941 -0.001812613124182731 -0.0055255377839187048 -0.002936015901757837 0.036695291904302749 0.0080720644604942177 0.00088762359135737445 -0.0015835823115776294 -0.0046104863852363181
leaf_weight=1363 11.999999999999998 14.999999999999998 11.999999999999998 18 154 10.999999999999998 14.999999999999998 57 205 169 106 55 29 287 13.999999999999998 10.999999999999998 34 9.9999999999999982 18 121 10.999999999999998 41 3578 730 495 12.999999999999998 113 2494 20 37
leaf_count=1336 12 15 12 18 154 11 15 57 205 169 106 55 29 287 14 11 34 10 18 121 11 41 3456 722 494 13 112 2443 20 37
internal_value=-3.45407e-05 0.0015037 0.0169595 0.000197181 -0.00324004 0.00482365 -0.0223789 -0.00150609 -0.00532572 0.00456136 0.00367587 -0.0069001 -0.00387967 0.00545199 -0.000239707 0.00945955 -0.000306673 -0.00655179 -0.00869969 -0.00371127 -0.0241084 0.0330804 -0.000168778 0.000855934 0.00292431 -0.000623625 -0.00370285 -0.000703524 -0.0106784 0.000312971
internal_weight=10248 1206 94 1112 638 474 53 585 359 226 459 66 41 393 9042 62 8980 194 184 139 45 53 8786 2701 1858 6085 843 6072 35 51
internal_count=10038 1206 94 1112 638 474 53 585 359 226 459 66 41 393 8832 62 8770 194 184 139 45 53 8576 2664 1830 5912 834 5899 35 51
is_linear=0
shrinkage=0.05


Tree=288
num_leaves=31
num_cat=0
split_feature=1 28 11 4 4 9 25 7 7 5 9 3 1 18 26 7 7 8 28 3 23 13 4 8 11 29 4 3 5 3
split_gain=1.29867 3.21547 9.59935 8.42441 3.42649 10.2661 5.12388 4.36446 7.37941 11.9898 11.2793 6.84077 4.33057 2.92244 7.24636 3.59705 10.9017 12.7828 4.90311 5.7736 4.57445 3.47859 3.25359 6.6238 2.86681 2.85625 2.77133 2.64282 2.37787 1.71244
threshold=72.500000000000014 37.500000000000007 0.60784998536109935 -0.1649999991059303 -2.9850000143051143 -0.78654998540878285 8.6500000953674334 1021.0499877929689 1018.3500061035157 3.1049998998641972 1.0000000180025095e-35 42.500000000000007 70.500000000000014 6.7500000000000009 25.349999427795414 1023.2500000000001 1022.6499938964845 235.50000000000003 43.500000000000007 310.50000000000006 55.500000000000007 1.0000000180025095e-35 -2.945000052452087 134.50000000000003 1.0000000180025095e-35 18.750000000000004 -3.814999938011169 82.500000000000014 -3.1149998903274532 41.500000000000007
decision_type=2 2 2 2 2 2 2 2 2 2 2 2 2 2 2 2 2 2 2 2 2 2 2 2 2 2 2 2 2 2
left_child=1 2 -1 -4 5 24 -7 8 10 -10 -6 -9 -13 15 22 16 18 20 19 -2 -18 -19 23 29 26 28 -3 -20 -24 -15
right_child=13 4 3 -5 7 6 -8 11 9 -11 -12 12 -14 14 -16 -17 17 21 27 -21 -22 -23 25 -25 -26 -27 -28 -29 -30 -31
leaf_value=-0.004772258448785721 -0.015484895269860919 0.0080386386252939701 -0.0084122962225228522 -0.073313811421394356 -0.00016784835195649599 0.0080448199863894839 0.051266140739123028 -0.004772258448785721 0.013260457169558397 -0.001095321959597763 0.034536578688008988 0.00017736945127034388 0.012808741978664377 0.0077611485977881938 0.024748340181152649 -0.00085640397105212266 -0.028218683316594079 -0.029460334890921199 -0.0044260960444328524 -0.0047836193859809228 -0.00085640397105212266 -0.064114921887715656 -0.00085640397105212266 0.012426724838886079 -0.004772258448785721 0.012396995648741723 -0.0029421072264691856 -0.00085640397105212266 0.00060497921467829398 -0.00085640397105212266
leaf_weight=39 159 82 10.000000000000002 9.9999999999999982 957 16.000000000000004 11.999999999999998 147 374 238 24 481 79 58 30 559 21 14 522 112 55 15 1404 76 164 45 192 648 3634 71
leaf_count=32 142 82 10 10 955 16 12 147 355 238 24 471 75 58 18 559 21 14 505 109 49 14 1404 76 164 45 170 579 3613 71
internal_value=-3.28137e-05 0.000879577 -0.0106705 -0.0408631 0.00112594 -0.00278372 0.0265682 0.00191808 0.0033691 0.00767765 0.00068119 -0.00135134 0.0019593 -0.000380046 0.000244127 -0.00195694 -0.00358877 -0.019143 -0.00245539 -0.00851552 -0.00836645 -0.0473851 0.000105109 0.00628085 -0.0046601 -0.000143961 0.000344101 -0.00105172 -0.000255978 -0.000856404
internal_weight=10248 2825 59 20 2766 466 28 2300 1593 612 981 707 560 7423 5318 2105 1546 105 1441 271 76 29 5288 205 438 5083 274 1170 5038 129
internal_count=10038 2761 52 20 2709 444 28 2265 1572 593 979 693 546 7277 5285 1992 1433 98 1335 251 70 28 5267 205 416 5062 252 1084 5017 129
is_linear=0
shrinkage=0.05


Tree=289
num_leaves=31
num_cat=0
split_feature=5 11 23 10 29 12 1 10 28 10 21 23 21 11 5 4 29 5 8 4 4 1 1 3 10 7 7 5 1 5
split_gain=1.16942 8.80139 11.4182 7.07414 7.63279 10.0605 4.14873 3.6614 6.62576 5.91429 3.00407 2.52014 4.0854 2.45244 2.37313 2.02742 6.37208 2.79222 5.95826 5.11095 3.64682 2.73019 1.82276 1.7624 1.67685 6.55329 16.3922 10.3706 1.81382 8.50974
threshold=3.554999947547913 -0.87834998965263356 65.500000000000014 0.78654998540878307 5.6499998569488534 1.0000000180025095e-35 88.500000000000014 -0.98295000195503224 75.500000000000014 -0.6035499870777129 8.0500001907348651 65.500000000000014 15.250000000000002 0.60784998536109935 5.1949999332427987 2.5649999380111699 6.0499999523162851 3.1049998998641972 469.50000000000006 0.2950000017881394 0.55500000715255748 81.500000000000014 82.500000000000014 203.50000000000003 0.98295000195503246 1016.2500000000001 1017.2500000000001 -4.0450000762939444 91.500000000000014 0.58499997854232799
decision_type=2 2 2 2 2 2 2 2 2 2 2 2 2 2 2 2 2 2 2 2 2 2 2 2 2 2 2 2 2 2
left_child=15 2 10 6 22 -6 7 8 -3 -9 -2 14 -13 -7 -8 17 -17 24 19 21 -21 -19 23 -5 28 27 -27 -26 -1 -30
right_child=1 3 -4 4 5 13 11 9 -10 -11 -12 12 -14 -15 -16 16 -18 18 -20 20 -22 -23 -24 -25 25 26 -28 -29 29 -31
leaf_value=0.00034148726017805252 -0.024732254111828902 -0.0010856808542653365 0.031447610526152379 0.0017623551810781156 0.010898486005312878 0.034653641863001718 -0.0098066294244868128 -0.010233941780461464 0.044950743155045943 -0.00069862060005893229 0.0050136433209790367 0.007917270772683789 0.042052324041724209 0.06553613275289534 0.00572662974026222 0.00052588330771850074 0.03990235729859426 -0.01590731177917298 0.031363114416599273 0.019760246773560843 -0.0063420165056032284 -0.044564737515016037 0.004370819637824752 -0.025336206067974373 0.027373491786420345 -0.040185420576370125 -0.0027842412599258953 -0.0070982110608990004 0.00044920339583018906 -0.0083060929175397553
leaf_weight=6822 11.999999999999998 27 53 12.000000000000002 45 18 37 236 10.999999999999998 523 29 71 9.9999999999999982 10.000000000000002 36 49 12.999999999999998 34 9.9999999999999982 14.999999999999998 124 10.999999999999998 64 11.999999999999998 40 33 261 48 1223 359
leaf_count=6655 12 27 53 12 45 18 37 236 11 523 29 71 10 10 36 49 13 34 10 15 124 11 64 12 40 33 254 48 1187 359
internal_value=-3.32488e-05 0.00142924 0.0161206 0.000187353 0.00987976 0.0218328 -0.00145353 -0.0029052 0.0122407 -0.00366349 -0.00369247 0.00605935 0.0121315 0.0456831 -0.000678215 -0.000228313 0.00878224 -0.000290524 -0.0062239 -0.00826667 -0.00352523 -0.0229125 -3.58381e-05 -0.0117869 -0.000159511 -0.00339942 -0.00698233 0.00857074 -1.22424e-05 -0.00153762
internal_weight=10248 1206 94 1112 161 73 951 797 38 759 41 154 81 28 73 9042 62 8980 194 184 139 45 88 24 8786 382 294 88 8404 1582
internal_count=10038 1206 94 1112 161 73 951 797 38 759 41 154 81 28 73 8832 62 8770 194 184 139 45 88 24 8576 375 287 88 8201 1546
is_linear=0
shrinkage=0.05


Tree=290
num_leaves=24
num_cat=0
split_feature=5 11 28 27 7 1 4 7 5 3 12 12 10 0 6 5 5 10 27 25 10 0 0
split_gain=0.820925 0.791131 0.690008 1.32033 1.35789 0.836068 0.779709 0.674471 6.98913 6.9083 9.89968 5.69713 12.2409 6.28702 2.98307 2.45471 6.00025 7.39037 4.05042 3.2168 2.39874 1.47995 0.246038
threshold=-6.4549999237060538 0.60784998536109935 115.00000000000001 2.6499999761581425 1010.7500000000001 72.500000000000014 -0.44499999284744257 1020.8500061035157 -3.1149998903274532 34.500000000000007 1.0000000180025095e-35 0.81174999475479137 -0.91595000028610218 19.849999427795414 777.50000000000011 -2.1450001001358028 -0.90500000119209278 0.98295000195503246 12.150000095367433 4.7500000000000009 0.60354998707771312 24.550000190734867 26.750000000000004
decision_type=2 2 2 2 2 2 2 2 2 2 2 2 2 2 2 2 2 2 2 2 2 2 2
left_child=1 22 7 -4 -5 -6 -7 15 9 10 -9 13 -13 -10 -11 19 17 -17 -18 21 -21 -2 -1
right_child=2 -3 3 4 5 6 -8 8 11 14 -12 12 -14 -15 -16 16 18 -19 -20 20 -22 -23 -24
leaf_value=-0.014898848752765093 -0.0080473411389915591 0.0053170074149966242 0.0020641752913445467 0.023308956737701711 0.0051676667759797471 0.0073964233721198966 0.025194087699055675 0.0020641752913445467 -0.0023379088341911251 0.0020641752913445467 -0.037044116213531576 -0.01693753750951146 0.0007194495387154139 0.0020641752913445467 -0.019399084589060617 -0.003763989065877619 -0.0012197828728874416 -0.03374818134165946 0.0020641752913445467 0.0020641752913445467 -0.00072107408815089103 -0.0016842343750852673 -0.0059480162869606709
leaf_weight=17.000000000000004 145 9.9999999999999982 20 12.999999999999998 58 16.000000000000004 9.9999999999999982 23 815 61 41 128 421 1711 17 960 1651 21 689 2188 1093 117 13.999999999999998
leaf_count=17 145 10 20 13 58 16 10 23 813 61 41 121 407 1650 17 953 1576 21 658 2176 1093 117 14
internal_value=0.000149107 -0.00691177 0.000177494 0.00399516 0.00827116 0.00594388 0.0142417 0.000133187 0.000730583 -0.0101145 -0.0222895 0.0012314 -0.0033973 0.00206418 -0.000124797 -0.0001468 -0.00112344 -0.00440585 0.000252654 0.000768642 0.00119438 -0.00456285 -0.0108565
internal_weight=10239 41 10198 117 97 84 26 10081 3217 142 64 3075 549 2526 78 6864 3321 981 2340 3543 3281 262 31
internal_count=10030 41 9989 117 97 84 26 9872 3133 142 64 2991 528 2463 78 6739 3208 974 2234 3531 3269 262 31
is_linear=0
shrinkage=0.05


Tree=291
num_leaves=22
num_cat=0
split_feature=5 11 4 27 5 9 0 10 18 4 6 5 4 23 5 10 17 10 8 0 18
split_gain=0.746569 0.713995 0.698552 5.31173 4.67174 5.52618 3.23669 3.13425 1.38787 1.11436 1.64725 2.52193 1.49571 1.47008 0.678159 3.26381 1.68762 0.573352 0.343241 0.222049 0.213612
threshold=-6.4549999237060538 0.60784998536109935 2.5649999380111699 12.949999809265138 5.1949999332427987 -1.0000000180025095e-35 19.250000000000004 -1.0000000180025095e-35 3.9500000476837163 2.3950001001358037 752.50000000000011 4.3650000095367441 2.2849999666213994 44.500000000000007 -4.1849999427795401 -0.91595000028610218 0.091499999165534987 0.3793999999761582 137.50000000000003 26.750000000000004 14.250000000000002
decision_type=2 2 2 2 2 2 2 2 2 2 2 2 2 2 2 2 2 2 2 2 2
left_child=1 19 9 4 6 18 8 -8 -4 12 20 -12 14 -14 15 -2 -16 -15 -6 -1 -11
right_child=2 -3 3 -5 5 -7 7 -9 -10 10 11 -13 13 17 16 -17 -18 -19 -20 -21 -22
leaf_value=-0.014153906001764183 0.0083376321568759491 0.0050511568784713749 -0.019650293852795254 0.028205492778828268 0.0062579916045069671 -0.038622201258937519 0.0034151672266759048 0.014475846709132476 -0.00067905300925187291 -0.0021312417953999502 -0.034840958091345693 -0.0074425610504298412 -0.0018387066114595849 0.010953945492541318 -0.017370399313845805 0.00024831605302989851 3.2797348965499731e-06 0.025745130479335788 -0.0051863743776553554 -0.0056506157320524962 0.0067127706652337863
leaf_weight=17.000000000000004 143 9.9999999999999982 10.999999999999998 19 10.000000000000002 14.999999999999998 69 39 78 18.000000000000004 11.000000000000002 14.999999999999998 19 19.000000000000004 13.999999999999998 974 8704 9.9999999999999982 19 13.999999999999998 10.999999999999998
leaf_count=17 143 10 11 19 10 15 69 39 78 18 11 15 19 19 14 974 8496 9 19 14 11
internal_value=0.000167333 -0.00656618 0.000194405 0.00275284 0.000746201 -0.013984 0.00403619 0.00985415 -0.00302381 0.00012747 -0.00696987 -0.0161085 0.000166968 0.00897168 0.000123996 0.00128392 -2.46202e-05 0.0160544 -0.00124004 -0.0103137 0.00122338
internal_weight=10239 41 10198 260 241 44 197 108 89 9938 55 26 9883 48 9835 1117 8718 29 29 31 29
internal_count=10030 41 9989 260 241 44 197 108 89 9729 55 26 9674 47 9627 1117 8510 28 29 31 29
is_linear=0
shrinkage=0.05


Tree=292
num_leaves=31
num_cat=0
split_feature=7 5 28 12 7 12 10 7 5 18 0 6 8 27 24 7 7 18 7 4 11 7 5 11 23 5 7 1 11 2
split_gain=0.679822 6.28876 6.52851 11.496 5.84315 5.28671 10.949 29.2352 14.3386 11.609 9.43506 10.8403 10.3603 5.12158 4.81821 4.60208 4.4562 2.9287 4.03527 1.88387 7.11688 7.05156 7.56423 7.43219 6.33671 5.77796 5.55203 5.28665 9.73456 11.238
threshold=1020.8500061035157 -3.1149998903274532 58.500000000000007 1.0000000180025095e-35 1022.5499877929689 0.81174999475479137 -0.91595000028610218 1021.3500061035157 -0.55500000715255726 5.0499999523162851 19.849999427795414 337.50000000000006 206.50000000000003 3.9500000476837163 777.91500854492199 1022.6499938964845 1022.7500000000001 9.4499998092651385 1023.3500061035157 -1.2150000333786009 -0.87834998965263356 1014.9500122070314 -0.84499999880790699 0.87834998965263378 42.500000000000007 -1.6850000023841856 1014.3500061035157 75.500000000000014 -1.0000000180025095e-35 5.0150001049041757
decision_type=2 2 2 2 2 2 2 2 2 2 2 2 2 2 2 2 2 2 2 2 2 2 2 2 2 2 2 2 2 2
left_child=19 2 3 -2 -5 10 7 8 -7 -9 17 12 -12 -4 15 -8 -13 18 -3 20 26 23 25 24 -22 -23 -1 28 -21 -30
right_child=1 5 13 4 -6 6 14 9 -10 -11 11 16 -14 -15 -16 -17 -18 -19 -20 27 21 22 -24 -25 -26 -27 -28 -29 29 -31
leaf_value=-0.0037740209824856253 -0.0087679648075989526 -0.011170802711173185 -0.0087679648075989526 -0.066761333761470656 -0.024644664097577335 -0.10934672084721649 -0.0011209287372748219 -0.029050701090267729 -0.026621790379285817 0.0060535127403757855 0.010194149261486559 0.0057245779897151829 0.057386205097039546 0.017326543689705431 -0.008310017322020774 0.011284612371772529 0.0010448206059967347 0.0010448206059967347 -0.0017257428092284392 -0.001066849187595263 -0.019879807823378108 -0.0030705674792893666 0.0062573555483188678 -0.019443875629334681 0.0069747931364893241 -0.014902113875458865 -0.01949906170537526 -0.00048634477978285655 0.012486052183125464 -0.0033138616341136353
leaf_weight=155 42 158 36 13.999999999999998 20 11.000000000000002 186 35 9.9999999999999982 72 377 583 11.999999999999998 30 110 125 739 293 364 604 23 701 190 31 489 121 88 4060 404 156
leaf_count=155 42 157 36 14 20 11 172 28 10 72 355 555 10 30 110 125 730 292 364 589 23 701 148 31 489 119 88 3994 404 156
internal_value=0.000160627 0.000762554 -0.00952484 -0.0195156 -0.0419868 0.00123761 -0.00320942 -0.0160153 -0.0699539 -0.00542917 0.00220413 0.00431315 0.0116499 0.00197966 0.000684043 0.00386522 0.00215428 -0.0022235 -0.00449631 -0.000115134 -0.00151109 -0.000267555 -0.00273392 0.00432906 0.00576843 -0.00481219 -0.00946869 0.000365327 0.00333593 0.00808465
internal_weight=10239 3217 142 76 34 3075 549 128 21 107 2526 1711 389 66 421 311 1322 815 522 7022 1798 1555 1012 543 512 822 243 5224 1164 560
internal_count=10030 3133 142 76 34 2991 528 121 21 100 2463 1650 365 66 407 297 1285 813 521 6897 1754 1511 968 543 512 820 243 5143 1149 560
is_linear=0
shrinkage=0.05


Tree=293
num_leaves=31
num_cat=0
split_feature=8 8 23 7 7 8 10 7 9 7 3 3 0 5 23 18 5 0 25 1 6 5 7 1 11 11 11 3 3 6
split_gain=0.693305 6.8251 9.12226 5.42736 4.263 4.06993 4.70836 3.69695 9.4874 10.3425 5.34103 4.03459 4.00282 6.08216 3.95034 7.86982 5.57632 3.42061 3.18803 3.11047 2.85119 2.66881 8.3932 8.43013 13.8227 9.93789 7.98053 12.9173 9.27128 6.52649
threshold=33.500000000000007 20.500000000000004 55.500000000000007 1020.0499877929689 1020.0499877929689 51.500000000000007 -0.91595000028610218 1013.7500000000001 1.0000000180025095e-35 1013.2500000000001 19.500000000000004 201.50000000000003 20.650000572204593 -3.4850000143051143 59.500000000000007 7.0499999523162851 -0.5349999964237212 24.050000190734867 13.34999990463257 86.500000000000014 337.50000000000006 -2.754999995231628 1021.4500122070314 69.500000000000014 -1.0000000180025095e-35 -1.0000000180025095e-35 0.60784998536109935 62.500000000000007 290.50000000000006 792.50000000000011
decision_type=2 2 2 2 2 2 2 2 2 2 2 2 2 2 2 2 2 2 2 2 2 2 2 2 2 2 2 2 2 2
left_child=1 7 3 -3 -4 6 -2 8 9 10 -1 12 20 -14 16 -16 -13 -11 -6 -10 -9 29 23 25 -25 -23 28 -28 -24 -7
right_child=5 2 4 -5 18 21 -8 11 19 17 -12 14 13 -15 15 -17 -18 -19 -20 -21 -22 22 26 24 -26 -27 27 -29 -30 -31
leaf_value=-0.022401142913609919 -0.039678788422183559 0.011154990047050109 0.045521466041866104 -0.011580264602994753 0.013775626271308506 0.0047777412185787405 -0.0057961174014559483 0.00053790314802418726 -0.0073574707155296612 -0.064434981793165189 -0.0010549039863373922 0.00042791551006759391 0.00062241463534708913 0.0055815633434601235 0.00085995535986317726 0.011965596401917182 -0.0045387658043198036 -0.028306994234260759 0.036005779224283559 0.0052624902084547412 -0.0080689128769496597 -0.0051078788209950642 -0.0018228761180487539 -1.2437919243932404e-05 -0.011949815408757957 0.00618512286852435 0.042477272547505524 0.0062234756160137713 0.018674443005584181 -0.0017326210952828944
leaf_weight=43 10.999999999999998 63 19 45 25 800 151 329 67 10.000000000000002 92 1431 687 1114 343 184 934 19 17 180 136 372 685 470 501 409 27 273 60 742
leaf_count=43 11 63 19 45 25 795 145 328 67 10 92 1424 687 1077 319 177 921 19 10 180 136 341 641 452 501 409 27 267 57 742
internal_value=0.000148945 0.000513345 0.0104123 0.00168197 0.0258693 -0.000315601 -0.00809679 0.000212945 -0.00435082 -0.0136737 -0.00785408 0.000576595 0.00215638 0.00322419 -0.000661232 0.00325347 -0.00153356 -0.0407649 0.016979 0.00183926 -0.00197936 -2.50839e-05 -0.000945809 -0.00306114 -0.00617168 0.000806126 0.00260066 0.00948632 -0.000172085 0.001645
internal_weight=10239 5738 169 108 61 4501 162 5569 411 164 135 5158 2266 1801 2892 527 2365 29 42 247 465 4339 2797 1752 971 781 1045 300 745 1542
internal_count=10030 5642 162 108 54 4388 156 5480 411 164 135 5069 2228 1764 2841 496 2345 29 35 247 464 4232 2695 1703 953 750 992 294 698 1537
is_linear=0
shrinkage=0.05


Tree=294
num_leaves=31
num_cat=0
split_feature=4 17 23 18 11 4 7 23 1 27 1 0 11 24 18 28 0 28 3 7 10 10 7 27 3 6 27 7 8 3
split_gain=0.756558 8.78439 3.62723 6.97725 3.12841 6.54787 2.4196 2.10131 1.9787 4.83114 1.95661 1.46087 3.80614 4.39433 3.24814 7.26919 2.96941 2.59863 2.1296 1.97422 8.32096 5.94642 5.3199 4.64059 2.11307 3.9154 5.80326 4.24633 1.4435 1.30105
threshold=1.6250000000000002 0.10050000250339509 41.500000000000007 9.4499998092651385 -0.87834998965263356 2.5649999380111699 1025.6499633789065 37.500000000000007 92.500000000000014 11.949999809265138 91.500000000000014 19.849999427795414 -0.60784998536109913 367.91499328613287 6.6499998569488534 34.500000000000007 18.250000000000004 42.500000000000007 290.50000000000006 1020.4500122070314 -0.78654998540878285 -0.6035499870777129 1022.6499938964845 9.2500000000000018 47.500000000000007 52.500000000000007 16.550000190734867 1019.3500061035157 46.500000000000007 352.50000000000006
decision_type=2 2 2 2 2 2 2 2 2 2 2 2 2 2 2 2 2 2 2 2 2 2 2 2 2 2 2 2 2 2
left_child=11 2 3 7 5 10 8 -2 9 -6 -3 12 13 17 15 16 -14 18 -1 24 29 22 -22 -23 25 26 -13 -27 -4 -21
right_child=1 4 28 -5 6 -7 -8 -9 -10 -11 -12 19 14 -15 -16 -17 -18 -19 -20 20 21 23 -24 -25 -26 27 -28 -29 -30 -31
leaf_value=-0.016629122678357831 -0.047253459029727503 -0.0017882847048410738 -0.0017882847048410738 -0.0093904514169976631 0.0020780668900156184 0.041255547193919911 0.024552426086022303 -0.023090894342579295 -0.0017882847048410738 0.014946244221372421 0.021180965304374695 0.010021060608943658 -0.025635321500245487 -0.0284720127958627 -0.00054123303493465913 -0.0028234020270854598 -0.0098334288416590757 -0.00054123303493465913 -0.0054761345921516685 -0.00054123303493465913 0.018977391506355686 0.0010297114035425386 0.00075078268325136561 0.0074564887975914944 -0.00054123303493465913 0.00016687716207418215 0.051234381347894667 0.008137275762495828 -0.0093904514169976631 0.0212850301281402
leaf_weight=44 18.000000000000004 18.000000000000004 121 49 514 17 12.999999999999998 9.9999999999999982 94 85 9.9999999999999982 19.000000000000004 50 21 919 295 53 106 140 785 113 1046 62 384 2854 2177 9.9999999999999982 181 11.999999999999998 19
leaf_count=44 18 18 121 49 500 17 13 10 94 85 10 17 50 21 918 292 53 99 140 735 98 1035 62 364 2780 2166 10 180 12 19
internal_value=0.000132395 0.00146785 -0.00757228 -0.0162086 0.00399571 0.016778 0.00318098 -0.0367913 0.00278007 0.0039041 0.0019166 -5.92874e-06 -0.00136597 -0.00638559 -0.000541233 -0.00510557 -0.0168435 -0.00478623 -0.008523 0.000283502 0.00146825 0.00382016 0.01252 0.0027555 -0.000261061 0.00100326 0.0192634 0.000778685 -0.00257231 -0.000541233
internal_weight=10239 961 210 77 751 45 706 28 693 599 28 9278 1628 311 1317 398 103 290 184 7650 2409 1605 175 1430 5241 2387 29 2358 133 804
internal_count=10030 947 210 77 737 45 692 28 679 585 28 9083 1617 304 1313 395 103 283 184 7466 2313 1559 160 1399 5153 2373 27 2346 133 754
is_linear=0
shrinkage=0.05


Tree=295
num_leaves=31
num_cat=0
split_feature=4 8 25 8 4 23 5 17 6 1 23 3 5 1 21 0 26 0 9 8 18 11 8 8 8 26 26 16 9 8
split_gain=0.988087 3.53675 7.4771 6.15799 4.89151 4.42682 4.92618 3.01761 2.83304 2.75135 5.02449 5.45133 4.01796 4.00283 5.751 2.40222 2.19076 2.18468 2.12816 18.5576 3.4824 7.10319 2.86117 2.14747 3.69536 1.96828 1.95702 1.80848 1.8012 1.74822
threshold=1.1050000190734866 18.500000000000004 9.9499998092651385 97.500000000000014 1.4550000429153445 26.500000000000004 4.0050001144409189 0.10050000250339509 1007.5000000000001 89.500000000000014 63.500000000000007 271.00000000000006 -0.80500000715255726 78.500000000000014 8.0500001907348651 20.94999980926514 18.94999980926514 19.650000572204593 1.0000000180025095e-35 323.50000000000006 19.849999427795414 -0.87834998965263356 252.50000000000003 386.50000000000006 432.50000000000006 8.0500001907348651 6.8500001430511483 0.27699999511241918 -0.37939999997615809 107.50000000000001
decision_type=2 2 2 2 2 2 2 2 2 2 2 2 2 2 2 2 2 2 2 2 2 2 2 2 2 2 2 2 2 2
left_child=17 8 5 4 16 -3 7 -7 9 13 12 -12 -11 15 -15 -2 -4 27 20 22 23 -22 26 -19 -25 -24 -20 -1 -23 -8
right_child=1 2 3 -5 -6 6 29 -9 -10 10 11 -13 -14 14 -16 -17 -18 18 19 -21 21 28 25 24 -26 -27 -28 -29 -30 -31
leaf_value=-0.0052537789014972932 -0.0077655116886941808 -0.018111476109459481 0.026223261654376981 0.0072538200605957032 0.013704659870065944 -0.0073936036976708754 -0.0079925677009359195 0.0072538200605957032 -0.025815848464315588 0.0026287917630874163 0.0026299982331693173 0.042170139774680142 -0.0080114289128869701 -0.005033334077682433 0.0054329125361362836 0.0049608193900591386 0.054266575574874881 -0.0013823891182189901 -0.0013823891182189901 0.063109758313900477 0.032671470319231351 0.021256275266847192 0.0023125883927869219 0.0038188412143381513 -0.00045403805544761084 0.019990372937172651 0.001172010446206846 -0.0013823891182189901 0.0038188412143381513 -0.00035640459172227372
leaf_weight=405 163 29 13.000000000000002 83 38 37 44 129 10.999999999999998 68 42 10.999999999999998 319 172 554 48 14.999999999999998 2583 330 11.999999999999998 24 17 31 222 1994 32 2016 578 58 186
leaf_count=404 161 29 13 70 30 37 44 129 11 67 42 11 318 172 531 48 10 2530 330 12 24 17 31 217 1956 32 1952 575 58 186
internal_value=-0.000185923 0.000823216 0.00412434 0.0137622 0.0253891 0.000745407 0.00212634 0.00725382 -0.000541946 -0.000340048 -0.00360156 0.0108364 -0.00557886 0.00119151 0.00295331 -0.00487042 0.0412465 -0.000424411 -0.00012716 0.00108555 -0.000726584 0.00855576 0.000776591 -0.000918073 0.000317485 0.0112918 0.000494214 -0.00263762 0.00381884 -0.00268659
internal_weight=10264 1962 574 149 66 425 396 166 1388 1377 440 53 387 937 726 211 28 8302 7319 2421 4898 99 2409 4799 2216 63 2346 983 75 230
internal_count=10047 1909 548 123 53 425 396 166 1361 1350 438 53 385 912 703 209 23 8138 7159 2357 4802 99 2345 4703 2173 63 2282 979 75 230
is_linear=0
shrinkage=0.05


Tree=296
num_leaves=31
num_cat=0
split_feature=7 10 8 7 10 9 14 11 10 27 7 4 4 11 11 1 7 1 25 3 10 8 1 0 11 3 23 18 29 9
split_gain=0.990251 9.32902 7.51662 3.19521 12.3088 5.62581 4.25888 3.66056 6.35651 5.75383 6.77497 3.5798 2.80334 4.0712 9.18719 7.74195 2.50512 2.49347 2.39443 5.16031 2.81623 5.75903 2.38641 1.97663 1.74638 4.09633 4.44798 5.66575 3.27659 3.04925
threshold=1015.0499877929689 -0.98295000195503224 501.50000000000006 1015.6499938964845 0.3793999999761582 -0.78654998540878285 48.000000000000007 -1.0000000180025095e-35 0.91595000028610241 12.949999809265138 1015.2500000000001 0.41499999165534979 -2.945000052452087 -0.87834998965263356 -1.0000000180025095e-35 75.500000000000014 1015.3500061035157 66.500000000000014 16.800000190734867 45.500000000000007 0.60354998707771312 3.5000000000000004 86.500000000000014 19.650000572204593 0.87834998965263378 9.5000000000000018 84.500000000000014 4.8500001430511483 10.050000190734865 0.98295000195503246
decision_type=2 2 2 2 2 2 2 2 2 2 2 2 2 2 2 2 2 2 2 2 2 2 2 2 2 2 2 2 2 2
left_child=1 2 -1 4 5 6 -2 8 16 10 -9 -10 13 -3 15 -15 -6 -16 20 -20 22 -22 -14 -7 -5 28 29 -28 -26 -27
right_child=3 12 -4 24 7 23 -8 9 11 -11 -12 -13 18 14 17 -17 -18 -19 19 -21 21 -23 -24 -25 25 26 27 -29 -30 -31
leaf_value=0.0087092527571846438 -0.0028615371293586791 -0.0064998988791451079 0.061753649129108946 -0.00050308168501994187 0.029227719679474823 -0.0093174236593767997 -0.030539250249663991 -0.065764475720269347 -0.011816367022938241 -0.0062933036409642392 -0.022902740510525529 -0.048775461018085484 -0.0013549901733931114 0.0043992844380197991 -0.012722998267660539 0.029096300441485187 -0.0030801670004924134 0.0023873708425172138 0.035972478772912708 0.0038168943537692582 -0.0022134557020610682 -0.019954901371362077 0.0038168943537692582 0.0092689399748040295 -0.019572561093278835 0.0012904225858504121 0.010283926908926513 0.051579223442822703 -0.0017145543647486541 0.010283926908926513
leaf_weight=17.000000000000004 61 68 10.999999999999998 7028 10 15.999999999999998 18 13.999999999999998 19.000000000000004 23 27 9.9999999999999982 574 62 36 65 15 113 13.999999999999998 51 334 53 279 135 37 1008 31 9.9999999999999982 84 41
leaf_count=17 61 68 11 6817 10 16 18 14 19 23 27 10 574 62 36 65 15 113 14 51 334 53 279 135 37 1002 31 10 84 41
internal_value=-0.000182093 0.000929225 0.0295481 -0.000399128 -0.00509209 0.00164334 -0.00916785 -0.0182205 -0.00863316 -0.0263097 -0.0375385 -0.0245609 0.000443277 0.00445863 0.00715855 0.0170395 0.00984299 -0.00126346 -0.000615175 0.00873932 -0.00110553 -0.00464316 0.000499466 0.00729952 -0.000200907 0.00155276 0.00252165 0.0186777 -0.00717527 0.00189019
internal_weight=10264 1677 28 8587 348 230 79 118 54 64 41 29 1649 344 276 127 25 149 1305 65 1240 387 853 151 8239 1211 1090 41 121 1049
internal_count=10047 1677 28 8370 348 230 79 118 54 64 41 29 1649 344 276 127 25 149 1305 65 1240 387 853 151 8022 1205 1084 41 121 1043
is_linear=0
shrinkage=0.05


Tree=297
num_leaves=31
num_cat=0
split_feature=4 8 7 26 7 3 23 11 10 1 1 21 28 3 4 7 5 29 14 29 4 16 7 8 3 7 10 29 10 25
split_gain=0.95279 3.2169 6.80522 8.57714 7.44149 5.24642 4.34881 4.02949 2.91108 2.57544 4.18103 5.10846 5.03206 5.81422 3.92535 3.0433 2.71816 6.89306 2.53168 2.38102 2.31801 2.07645 2.91257 1.85313 1.44801 1.29272 8.42647 6.95504 3.74629 13.3355
threshold=1.1050000190734866 18.500000000000004 1017.6499938964845 11.050000190734865 1019.4500122070314 212.50000000000003 30.500000000000004 -0.60784998536109913 -0.91595000028610218 78.500000000000014 89.500000000000014 8.0500001907348651 66.500000000000014 248.50000000000003 1.7150000333786013 1019.7500000000001 3.8149999380111699 5.9500000476837167 55.000000000000007 5.0499999523162851 1.9950000047683718 0.20700000226497653 1021.9500122070314 51.500000000000007 208.50000000000003 1015.0499877929689 -0.98295000195503224 11.050000190734865 0.60354998707771312 13.949999809265138
decision_type=2 2 2 2 2 2 2 2 2 2 2 2 2 2 2 2 2 2 2 2 2 2 2 2 2 2 2 2 2 2
left_child=25 9 5 6 -5 8 -4 -6 -3 16 11 14 13 -12 -11 -13 21 18 -18 -8 -7 22 -2 -10 -23 26 27 -1 -28 -30
right_child=1 2 3 4 7 20 19 -9 23 10 12 15 -14 -15 -16 -17 17 -19 -20 -21 -22 24 -24 -25 -26 -27 28 -29 29 -31
leaf_value=0.0013027863147167056 -0.024246348875264327 -0.034587163850665091 -0.018954420812427999 0.044471998277463412 0.022587166463531424 -0.0022587022255174819 -0.0023654197997529992 0.0078303403623406053 0.010334743044804782 0.00018471400075348657 -0.010276939916128124 0.010373220975895454 0.018392922827973963 0.0015810502421421309 -0.01164560513338074 0.0025083248733826524 0.0016107747822230603 0.041223925948143003 -0.024177315613875788 0.0076171652795892445 0.02327443393878639 0.014704871792346239 -0.0087858024042586202 -0.013001070542489751 -0.0057985458134358096 -0.00070703591673354873 0.0019351830562586336 0.051269588271776835 -0.0075820565841966826 0.015610666150537631
leaf_weight=13.000000000000002 42 13.999999999999998 25 19 57 20 112 116 9.9999999999999982 72 220 184 25 195 100 371 46 9.9999999999999982 11.999999999999998 128 15.999999999999998 9.9999999999999982 39 57 62 6736 1106 14.999999999999998 357 75
leaf_count=13 40 14 25 19 36 20 112 111 10 72 220 184 25 193 100 348 46 10 12 128 16 10 39 57 62 6572 1106 15 357 75
internal_value=-0.000172013 0.000818938 0.00396725 0.00672193 0.0147693 -0.00679245 0.000891357 0.0115072 -0.013851 -0.000483031 0.000454232 0.00278251 -0.00339272 -0.00470511 -0.00474636 0.00511579 -0.00543229 0.0028854 -0.00372469 0.00295863 0.00908936 -0.00912903 -0.0146208 -0.00951811 -0.00295085 -0.000406203 0.000887802 0.0280707 0.000392925 -0.00355554
internal_weight=10264 1962 574 457 192 117 265 173 81 1388 1167 727 440 415 172 555 221 68 58 240 36 153 81 67 72 8302 1566 28 1538 432
internal_count=10047 1909 548 431 166 117 265 147 81 1361 1142 704 438 413 172 532 219 68 58 240 36 151 79 67 72 8138 1566 28 1538 432
is_linear=0
shrinkage=0.05


Tree=298
num_leaves=31
num_cat=0
split_feature=4 8 7 26 7 3 12 23 0 6 1 7 24 18 26 10 29 4 1 0 9 8 18 12 8 7 7 7 26 26
split_gain=0.871475 2.85362 6.12027 7.67829 6.74139 4.7349 4.12779 3.9248 3.41094 2.40085 2.27919 4.74559 8.34989 3.37256 5.24244 2.61553 2.14887 2.09201 2.03145 1.91561 1.92742 16.7739 3.00712 4.96711 2.59545 2.08223 6.30802 2.23783 1.86745 1.78254
threshold=1.1050000190734866 18.500000000000004 1017.6499938964845 11.050000190734865 1019.4500122070314 212.50000000000003 -0.56175000965595234 30.500000000000004 20.94999980926514 1007.5000000000001 89.500000000000014 1019.5499877929689 84.58499908447267 7.6499998569488534 25.349999427795414 -1.0000000180025095e-35 5.0499999523162851 1.9950000047683718 86.500000000000014 19.650000572204593 1.0000000180025095e-35 323.50000000000006 19.849999427795414 1.0000000180025095e-35 252.50000000000003 1015.0499877929689 1013.6499938964845 1023.1499938964845 6.8500001430511483 8.0500001907348651
decision_type=2 2 2 2 2 2 2 2 2 2 2 2 2 2 2 2 2 2 2 2 2 2 2 2 2 2 2 2 2 2
left_child=19 9 5 7 -5 8 -6 -4 -3 10 13 12 -12 18 -15 -13 -9 -7 -2 -1 22 24 25 -24 28 26 -21 -27 -22 -26
right_child=1 2 3 4 6 17 -8 16 -10 -11 11 15 -14 14 -16 -17 -18 -19 -20 20 21 -23 23 -25 29 27 -28 -29 -30 -31
leaf_value=-0.0024583299273653342 -0.0018784101602921353 -0.037762080753842991 -0.018006699457764626 0.042248398143994184 0.0074121247202366819 -0.0021457670768722892 0.016992615407539737 -0.0022471487877607746 -0.0088795972994758169 -0.02370678945021196 0.020764992487273135 -0.0053404407376157386 -0.01198068939733009 0.0026002915277153898 0.039087468385696413 0.0053385576632084151 0.0072363069550192456 0.022110712435096505 -0.01198068939733009 -0.0012829388735232034 -0.0012829388735232034 0.060014775682551175 0.017280183937768208 0.003545869426326172 0.0022228137019180481 -0.0012829388735232034 0.003545869426326172 0.0016431184660265739 0.0011559904774075553 0.019045829540118575
leaf_weight=983 267 11.999999999999998 25 19 38 20 135 112 69 10.999999999999998 21 91 173 633 9.9999999999999982 155 128 15.999999999999998 27 608 330 11.999999999999998 76 23 31 3076 454 661 2016 32
leaf_count=979 253 12 25 19 33 20 114 112 69 11 21 91 173 627 5 153 128 16 27 608 330 12 76 23 31 2983 454 658 1952 32
internal_value=-0.000161919 0.000785803 0.00375103 0.00636339 0.0139775 -0.00645283 0.0108726 0.000846789 -0.0131585 -0.00044045 -0.000254589 -0.00322309 -0.00907039 0.00113937 0.00316774 0.0013882 0.00281069 0.00863489 -0.00329684 -0.000385893 -0.000107548 0.00104655 -0.000678001 0.00794768 0.000752815 -0.000855943 0.00110988 -0.00128294 0.000483869 0.0107678
internal_weight=10264 1962 574 457 192 117 173 265 81 1388 1377 440 194 937 643 246 240 36 294 8302 7319 2421 4898 99 2409 4799 1062 3737 2346 63
internal_count=10047 1909 548 431 166 117 147 265 81 1361 1350 438 194 912 632 244 240 36 280 8138 7159 2357 4802 99 2345 4703 1062 3641 2282 63
is_linear=0
shrinkage=0.05


end of trees

feature_importances:
Column_7=1058
Column_26=640
Column_10=609
Column_1=583
Column_5=560
Column_8=541
Column_4=448
Column_3=386
Column_9=334
Column_11=326
Column_23=314
Column_28=308
Column_12=271
Column_18=267
Column_0=249
Column_25=240
Column_2=198
Column_6=188
Column_17=170
Column_27=146
Column_24=112
Column_29=108
Column_21=80
Column_14=60
Column_20=46
Column_22=37
Column_16=13
Column_19=11
Column_15=8
Column_13=4

parameters:
[boosting: gbdt]
[objective: regression]
[metric: l1]
[tree_learner: serial]
[device_type: cpu]
[data_sample_strategy: bagging]
[data: ]
[valid: ]
[num_iterations: 300]
[learning_rate: 0.05]
[num_leaves: 31]
[num_threads: 0]
[seed: 42]
[deterministic: 0]
[force_col_wise: 0]
[force_row_wise: 0]
[histogram_pool_size: -1]
[max_depth: 6]
[min_data_in_leaf: 10]
[min_sum_hessian_in_leaf: 0.001]
[bagging_fraction: 0.9]
[pos_bagging_fraction: 1]
[neg_bagging_fraction: 1]
[bagging_freq: 5]
[bagging_seed: 400]
[bagging_by_query: 0]
[feature_fraction: 0.9]
[feature_fraction_bynode: 1]
[feature_fraction_seed: 30056]
[extra_trees: 0]
[extra_seed: 12879]
[early_stopping_round: 0]
[early_stopping_min_delta: 0]
[first_metric_only: 0]
[max_delta_step: 0]
[lambda_l1: 0]
[lambda_l2: 0]
[linear_lambda: 0]
[min_gain_to_split: 0]
[drop_rate: 0.1]
[max_drop: 50]
[skip_drop: 0.5]
[xgboost_dart_mode: 0]
[uniform_drop: 0]
[drop_seed: 17869]
[top_rate: 0.2]
[other_rate: 0.1]
[min_data_per_group: 100]
[max_cat_threshold: 32]
[cat_l2: 10]
[cat_smooth: 10]
[max_cat_to_onehot: 4]
[top_k: 20]
[monotone_constraints: 1,0,-1,0,0,0,-1,0,0,0,0,0,0,0,-1,1,1,1,1,1,1,1,1,1,-1,1,1,1,1,1]
[monotone_constraints_method: basic]
[monotone_penalty: 0]
[feature_contri: ]
[forcedsplits_filename: ]
[refit_decay_rate: 0.9]
[cegb_tradeoff: 1]
[cegb_penalty_split: 0]
[cegb_penalty_feature_lazy: ]
[cegb_penalty_feature_coupled: ]
[path_smooth: 0]
[interaction_constraints: ]
[verbosity: -1]
[saved_feature_importance_type: 0]
[use_quantized_grad: 0]
[num_grad_quant_bins: 4]
[quant_train_renew_leaf: 0]
[stochastic_rounding: 1]
[linear_tree: 0]
[max_bin: 255]
[max_bin_by_feature: ]
[min_data_in_bin: 3]
[bin_construct_sample_cnt: 200000]
[data_random_seed: 175]
[is_enable_sparse: 1]
[enable_bundle: 1]
[use_missing: 1]
[zero_as_missing: 0]
[feature_pre_filter: 1]
[pre_partition: 0]
[two_round: 0]
[header: 0]
[label_column: ]
[weight_column: ]
[group_column: ]
[ignore_column: ]
[categorical_feature: ]
[forcedbins_filename: ]
[precise_float_parser: 0]
[parser_config_file: ]
[objective_seed: 16083]
[num_class: 1]
[is_unbalance: 0]
[scale_pos_weight: 1]
[sigmoid: 1]
[boost_from_average: 1]
[reg_sqrt: 0]
[alpha: 0.9]
[fair_c: 1]
[poisson_max_delta_step: 0.7]
[tweedie_variance_power: 1.5]
[lambdarank_truncation_level: 30]
[lambdarank_norm: 1]
[label_gain: ]
[lambdarank_position_bias_regularization: 0]
[eval_at: ]
[multi_error_top_k: 1]
[auc_mu_weights: ]
[num_machines: 1]
[local_listen_port: 12400]
[time_out: 120]
[machine_list_filename: ]
[machines: ]
[gpu_platform_id: -1]
[gpu_device_id: -1]
[gpu_device_id_list: ]
[gpu_use_dp: 0]
[num_gpu: 1]

end of parameters

pandas_categorical:null
