tree
version=v4
num_class=1
num_tree_per_iteration=1
label_index=0
max_feature_idx=29
objective=regression
feature_names=Column_0 Column_1 Column_2 Column_3 Column_4 Column_5 Column_6 Column_7 Column_8 Column_9 Column_10 Column_11 Column_12 Column_13 Column_14 Column_15 Column_16 Column_17 Column_18 Column_19 Column_20 Column_21 Column_22 Column_23 Column_24 Column_25 Column_26 Column_27 Column_28 Column_29
monotone_constraints=1 0 -1 0 0 0 -1 0 0 0 0 0 0 0 -1 1 1 1 1 1 1 1 1 1 -1 1 1 1 1 1
feature_infos=[13.300000190734863:33.799999237060547] [27:100] [0:7.809999942779541] [0:359] [-5.5399999618530273:4.0500001907348633] [-7.4200000762939453:7.440000057220459] [10:2015] [1009.0999755859375:1028] [0:888] [-1:1] [-1:1] [-0.9749000072479248:0.9749000072479248] [-0.90100002288818359:1] [0:1] [22:58] [1.0199999809265137:2.380000114440918] [0.079999998211860657:1] [0.087999999523162842:0.17499999701976776] [0.40000000596046448:29] [0.53200000524520874:0.66200000047683716] [3:26.600000381469727] [3.4000000953674316:38.099998474121094] [0.40000000596046448:29] [2:151] [15:1854.1700439453125] [3:26.600000381469727] [3.4000000953674316:38.099998474121094] [0.40000000596046448:29] [2:151] [0.40000000596046448:35.200000762939453]
tree_sizes=2699 2801 2800 2830 2811 2821 2822 2829 2814 2823 2847 2817 2843 2849 2842 2830 2838 2837 2833 2841 2847 2823 2826 2840 2848 2851 2866 2856 2865 2845 2860 2858 2866 2850 2860 2847 2851 2868 2857 2882 2865 2869 2880 2888 2871 2880 2881 2863 2848 2861 2877 2863 2455 2891 2891 2878 2881 2862 2863 2867 2905 2840 2896 2887 2864 2851 2878 2844 2824 2823 2375 2506 2259 2766 2742 2848 2765 2143 2853 2870 2864 2760 2869 2860 2862 2885 2842 2860 2871 2848 1591 2888 2375 2853 2672 2455 1751 2876 2882 2610 2849 2689 2862 2585 2864 2833 2857 2902 2685 2853 2894 2874 2721 2871 2467 2077 2353 2860 2621 2878 2826 2861 2668 2537 2838 2630 2632 2583 2831 2538 2845 2861 1568 2865 2838 2050 2866 2005 1777 2122 2873 2328 2897 2781 2857 2877 2899 2853 2863 2878 2211 2581 2881 1854 2517 2862 2873 2887 2874 2839 2861 1993 2832 1582 2866 2121 2341 2718 2889 2856 2626 1863 2372 2859 2353 2266 2860 2881 2550 2526 2861 2844 2891 2894 2870 2840 2846 2229 2817 1913 2612 2675 2878 2709 2792 2914 2911 2849 2881 2877 1671 1474 1722 2866 2921 2803 2882 2926 2906 2892 2870 2887 2883 2854 2838 2923 2916 2865 2881 2188 1719 1757 2916 2924 1933 2775 2715 2279 2491 2606 2884 2823 2889 2891 2863 2861 2889 2896 2888 2733 2452 2639 1652 1700 2910 2013 2098 2843 2921 1931 1524 1243 1747 1317 1847 2831 2881 2874 2870 2908 2895 2905 2885 2881 2910 2252 2150 2727 2881 2372 2870 2865 2515 2848 2891 2847 2884 2873 2875 2857 2861 2930 2899 2887 2896 2885 2861 2911 2900 2861 2878 2891 1584 2597 1950 2904 2902 2928 2881 1697

Tree=0
num_leaves=31
num_cat=0
split_feature=25 25 25 25 25 25 25 10 25 25 26 25 25 12 10 25 10 6 7 2 4 8 25 2 8 25 2 25 2 25
split_gain=140675 31565.9 26330.1 6389.39 5237.94 4751.23 2519.27 1144.69 1123.4 916.452 887.432 564.863 497.783 453.431 427.765 390.573 313.453 288.386 277.434 265.969 234.104 190.721 184.82 172.042 171.757 165.961 162.001 160.05 157.045 167.526
threshold=11.550000190734865 14.84999990463257 8.1500000953674334 18.550000190734867 9.8499999046325701 6.6499998569488534 13.34999990463257 -0.98295000195503224 5.3500001430511483 16.300000190734867 26.85000038146973 10.34999990463257 9.2500000000000018 1.0000000180025095e-35 0.98295000195503246 7.0499999523162851 -0.37939999997615809 737.50000000000011 1021.2500000000001 2.6800000667572026 -0.76499998569488514 12.500000000000002 13.84999990463257 1.794999957084656 2.5000000000000004 4.2500000000000009 2.2350000143051152 14.250000000000002 1.485000014305115 8.6500000953674334
decision_type=2 2 2 2 2 2 2 2 2 2 2 2 2 2 2 2 2 2 2 2 2 2 2 2 2 2 2 2 2 2
left_child=2 6 5 9 12 8 19 -5 25 18 26 -6 28 16 17 -7 -8 -11 -3 -2 -12 -13 -15 -23 -17 -1 -9 -18 -4 -30
right_child=1 3 4 7 11 15 13 10 -10 14 20 21 -14 22 -16 24 27 -19 -20 -21 -22 23 -24 -25 -26 -27 -28 -29 29 -31
leaf_value=10.460696327363324 10.898349760908458 11.040282639049387 10.729956931106917 11.180734839424556 10.775306230114639 10.619821503947177 11.023042388898185 11.270186919806095 10.582539127226966 11.15316842011058 11.321165965413256 10.804802488626134 10.747711204398222 10.924347370889466 11.089587821783976 10.653833732277391 10.945775123431837 11.089587821783976 11.089587821783976 10.868446570272807 11.407981031095325 10.850099574702952 10.960203229356221 10.821326979034989 10.681781784801105 10.516994205425947 11.181712129590938 11.00154223112453 10.690820833542872 10.718223405577323
leaf_weight=181 1663 785 311 91 1114 555 222 102 1228 711 181 1492 1585 325 75 1191 306 75 180 1345 136 229 459 1164 1021 473 105 222 946 1359
leaf_count=181 570 264 150 35 549 482 74 34 1187 237 63 699 791 115 25 746 104 25 60 495 58 84 157 507 567 473 35 74 502 682
internal_value=10.8089 10.9895 10.7107 11.1345 10.7646 10.6156 10.9116 11.2739 10.5543 11.0876 11.3058 10.8055 10.7256 10.9637 11.1251 10.6573 10.9915 11.1419 11.0541 10.885 11.3584 10.8172 10.9371 10.8305 10.6667 10.5014 11.2253 10.9692 10.7122 10.707
internal_weight=19832 6983 12849 2441 8200 4649 4542 615 1882 1826 524 3999 4201 1534 861 2767 750 786 965 3008 317 2885 784 1393 2212 654 207 528 2616 2305
internal_count=10025 2425 7600 836 3964 3636 1589 225 1841 611 190 1839 2125 524 287 1795 252 262 324 1065 121 1290 272 591 1313 654 69 178 1334 1184
is_linear=0
shrinkage=1


Tree=1
num_leaves=31
num_cat=0
split_feature=25 25 25 25 25 25 25 10 25 26 25 25 25 25 5 10 7 28 2 4 25 18 8 25 8 8 25 2 18 7
split_gain=126773 28391.6 23789.1 5740.92 4727.27 4297.37 2283.34 1065.31 925.274 800.907 800.744 512.557 448.592 445.934 427.661 400.126 255.271 227.221 223.074 211.279 209.522 201.599 175.289 168.221 155.075 151.326 149.78 146.206 139.109 124.016
threshold=11.550000190734865 14.84999990463257 8.1500000953674334 18.550000190734867 9.8499999046325701 6.5499999523162851 13.150000095367433 -0.98295000195503224 5.3500001430511483 26.85000038146973 16.300000190734867 10.34999990463257 7.0499999523162851 9.2500000000000018 -1.2849999666213987 0.98295000195503246 1021.2500000000001 58.500000000000007 2.6800000667572026 -0.76499998569488514 13.84999990463257 3.1499999761581425 12.500000000000002 10.949999809265138 6.5000000000000009 1.5000000000000002 4.2500000000000009 2.2350000143051152 4.4500000476837167 1016.6499938964845
decision_type=2 2 2 2 2 2 2 2 2 2 2 2 2 2 2 2 2 2 2 2 2 2 2 2 2 2 2 2 2 2
left_child=2 6 5 10 13 8 18 -5 26 27 16 -6 -7 25 17 21 29 -8 -2 -11 28 -12 -13 -24 -14 -4 -1 -9 -16 -3
right_child=1 3 4 7 11 12 14 9 -10 19 15 22 24 -15 20 -17 -18 -19 -20 -21 -22 -23 23 -25 -26 -27 -28 -29 -30 -31
leaf_value=-0.33090774275321327 0.082884206200000005 0.24215978601704471 -0.10426071501662625 0.35265386201533577 -0.032028328772982055 -0.18197918894054654 0.10656279432552387 0.438108315187342 -0.21734092000775182 0.48653840439095686 0.2662292867172002 -0.0040068837933881513 -0.1471208258876554 -0.058243602366195496 0.10656279432552387 0.2662292867172002 0.2662292867172002 0.15976835613820092 0.054762968690252968 0.56901272605447206 0.17763886708533053 0.32507058227129582 0.0060275843435292726 0.038978149077144475 -0.12050399233747465 -0.080197635918214993 -0.27742475384637622 0.35405726296561107 0.15485472051720872 0.20312293101187354
leaf_weight=181 1533 345 1267 91 1114 666 316 102 1117 181 78 1492 1219 1585 176 75 180 201 1306 136 687 708 818 575 993 1349 473 105 323 440
leaf_count=181 525 115 653 35 549 586 117 34 1083 63 26 699 760 791 61 25 60 67 482 58 229 236 359 232 553 681 473 35 108 149
internal_value=-0.000165114 0.171315 -0.0933589 0.308841 -0.0421322 -0.183714 0.097405 0.440967 -0.244995 0.47197 0.26434 -0.00322148 -0.146004 -0.0791719 0.143178 0.299394 0.233065 0.106563 0.0699478 0.521922 0.159728 0.316004 0.00790186 0.020657 -0.135172 -0.091852 -0.292227 0.395474 0.135069 0.219699
internal_weight=19832 6983 12849 2441 8200 4649 4542 615 1771 524 1826 3999 2878 4201 1703 861 965 517 2839 317 1186 786 2885 1393 2212 2616 654 207 499 785
internal_count=10025 2425 7600 836 3964 3636 1589 225 1737 190 611 1839 1899 2125 582 287 324 184 1007 121 398 262 1290 591 1313 1334 654 69 169 264
is_linear=0
shrinkage=0.05


Tree=2
num_leaves=31
num_cat=0
split_feature=25 25 25 25 25 25 25 10 26 25 25 25 25 25 5 10 7 28 2 4 25 18 8 10 25 2 12 3 25 7
split_gain=114212 25569.2 21475 5155.29 4695.09 3488.61 2038.56 991.881 722.819 700.553 632.188 544.997 479.979 463.188 401.035 374.964 235.295 205.935 201.324 190.721 190.392 187.289 180.577 160.345 143.429 139.947 135.907 132.03 114.603 112.29
threshold=11.550000190734865 14.84999990463257 8.0500001907348651 18.550000190734867 9.8499999046325701 6.3500001430511483 13.150000095367433 -0.98295000195503224 26.85000038146973 16.300000190734867 5.0499999523162851 7.0499999523162851 9.2500000000000018 10.34999990463257 -1.2849999666213987 0.98295000195503246 1021.2500000000001 58.500000000000007 2.6800000667572026 0.61500000953674328 14.050000190734865 3.1499999761581425 1.5000000000000002 -0.6035499870777129 8.7500000000000018 1.794999957084656 1.0000000180025095e-35 230.50000000000003 12.150000095367433 1016.6499938964845
decision_type=2 2 2 2 2 2 2 2 2 2 2 2 2 2 2 2 2 2 2 2 2 2 2 2 2 2 2 2 2 2
left_child=2 6 5 9 12 10 18 -5 27 16 -1 -7 22 -6 17 21 29 -8 -2 -10 -16 -11 24 25 -4 -15 -22 -9 -20 -3
right_child=1 3 4 7 13 11 14 8 19 15 -12 -13 -14 23 20 -17 -18 -19 28 -21 26 -23 -24 -25 -26 -27 -28 -29 -30 -31
leaf_value=-0.28500559966215927 0.078739996221395242 0.23005178810893626 -0.11078686782744616 0.33456373926579447 -0.030426912499956212 -0.17768921410044036 0.10104724081101801 0.34746384482452841 0.48423305393494281 0.2526426638521303 -0.21691974693492516 -0.13150496668938008 -0.055331422362699868 0.036924575837678414 0.13401229816755614 0.2526426638521303 0.2526426638521303 0.15177993620212993 0.036924575837678414 0.62557341135465183 0.19271987767621446 0.30881704583679892 -0.0772888668328022 0.00010991658699191162 -0.084117113190506576 0.0084621759057274832 0.15420340804316424 0.43217245875925259 0.065382409855104157 0.19271987767621446
leaf_weight=534 1533 345 780 91 1114 960 316 138 291 78 943 1909 1585 272 667 75 180 201 615 26 312 708 1485 2066 654 547 207 69 691 440
leaf_count=534 525 115 423 35 549 873 117 46 109 26 916 1148 791 99 225 25 60 67 232 12 104 236 749 946 327 245 69 23 250 149
internal_value=-0.000228918 0.162535 -0.0886854 0.293046 -0.0424727 -0.179101 0.0923942 0.418252 0.448371 0.250876 -0.241536 -0.146959 -0.077482 -0.0030425 0.135644 0.283663 0.221622 0.101047 0.0664505 0.495826 0.151684 0.300042 -0.0895096 0.00753159 -0.102165 0.0262534 0.174395 0.3757 0.0520248 0.208685
internal_weight=19832 6983 12849 2441 8503 4346 4542 615 524 1826 1477 2869 4504 3999 1703 861 965 517 2839 317 1186 786 2919 2885 1434 819 519 207 1306 785
internal_count=10025 2425 7600 836 4129 3471 1589 225 190 611 1450 2021 2290 1839 582 287 324 184 1007 121 398 262 1499 1290 750 344 173 69 482 264
is_linear=0
shrinkage=0.05


Tree=3
num_leaves=31
num_cat=0
split_feature=25 25 25 25 25 25 25 10 25 26 25 25 5 10 25 6 8 25 24 4 25 25 5 24 6 10 25 25 25 12
split_gain=102886 23026 19402.5 4627.98 3877.47 3506.24 1828.82 923.989 772.262 652.344 614.655 613.167 458.359 393.074 369.626 297.524 212.549 208.508 202.551 184.16 172.731 163.918 155.68 154.196 141.758 134.757 133.873 132.739 123.845 116.651
threshold=11.550000190734865 14.84999990463257 8.1500000953674334 18.550000190734867 10.150000095367433 6.5499999523162851 12.949999809265138 -0.98295000195503224 5.5499999523162851 26.85000038146973 15.750000000000002 9.2500000000000018 -1.3049999475479124 0.98295000195503246 7.6499998569488534 637.50000000000011 12.500000000000002 13.84999990463257 215.41500091552737 -0.76499998569488514 10.949999809265138 4.2500000000000009 -3.0949999094009395 367.91499328613287 452.50000000000006 0.91595000028610241 8.6500000953674334 7.0499999523162851 12.150000095367433 0.81174999475479137
decision_type=2 2 2 2 2 2 2 2 2 2 2 2 2 2 2 2 2 2 2 2 2 2 2 2 2 2 2 2 2 2
left_child=2 6 5 10 11 8 28 -5 21 23 -3 18 -8 15 27 -12 22 29 -4 -11 24 -1 -6 -9 -18 -13 -20 -7 -2 -14
right_child=1 3 4 7 16 14 12 9 -10 19 13 25 17 -15 -16 -17 20 -19 26 -21 -22 -23 -24 -25 -26 -27 -28 -29 -30 -31
leaf_value=-0.30011207319754923 0.047792922856454909 0.19567857911086983 -0.065111378287962762 0.31738254891335055 -0.031468687877933638 -0.16399576710509109 0.092221113599829999 0.39522714696378791 -0.19190603767706815 0.43799981491341777 0.28250468223813979 -0.041950010892159946 0.13090823364350224 0.22680537180466698 -0.11002271746318093 0.22680537180466698 0.01953470984342115 0.16017607517864396 -0.10191275495296495 0.51499940156936652 0.034974994339197089 -0.24581485813567558 -0.0016478156117081351 0.31738254891335055 -0.01172084084802147 -0.065111378287962762 -0.079339547942238534 -0.13545425615785689 0.069804645455720044 0.092221113599829999
leaf_weight=181 1137 582 445 91 262 666 640 117 991 181 945 1956 516 110 1163 189 369 690 901 136 575 599 1532 90 599 291 1270 1049 1459 100
leaf_count=181 414 194 214 35 134 586 225 39 957 63 315 971 172 39 635 63 147 230 480 58 232 599 716 30 281 149 640 678 512 36
internal_value=-0.000288239 0.154194 -0.0842443 0.278045 -0.0379809 -0.165845 0.0876334 0.396675 -0.221198 0.425953 0.23809 -0.0664625 0.124278 0.257932 -0.131782 0.270731 0.00352509 0.141299 -0.0829172 0.471034 0.0171317 -0.258415 -0.00817779 0.356915 0.00409443 -0.0473056 -0.0899162 -0.146538 0.0601639 0.120155
internal_weight=19832 6983 12849 2441 8200 4649 4542 615 1771 524 1826 4863 1946 1244 2878 1134 3337 1306 2616 317 1543 780 1794 207 968 2247 2171 1715 2596 616
internal_count=10025 2425 7600 836 3964 3636 1589 225 1737 190 611 2454 663 417 1899 378 1510 438 1334 121 660 780 850 69 428 1120 1120 1264 926 208
is_linear=0
shrinkage=0.05


Tree=4
num_leaves=31
num_cat=0
split_feature=25 25 25 25 25 25 25 10 26 25 25 25 25 12 10 25 10 7 25 24 18 10 4 28 24 8 25 25 2 7
split_gain=92689 20684.3 17513.6 4157.1 3507 3175.19 1654.53 860.843 591.168 561.906 523.118 520.325 392.926 377.283 335.398 317.969 249.612 214.234 193.049 171.839 169.603 168.036 166.204 141.459 140.949 138.282 128.659 122.003 117.534 98.9528
threshold=11.550000190734865 14.84999990463257 8.1500000953674334 18.550000190734867 9.8499999046325701 6.3500001430511483 13.34999990463257 -0.98295000195503224 26.85000038146973 16.300000190734867 7.0499999523162851 5.0499999523162851 10.449999809265138 1.0000000180025095e-35 0.98295000195503246 9.2500000000000018 -0.37939999997615809 1021.2500000000001 12.150000095367433 215.41500091552737 3.1499999761581425 -0.78654998540878285 -0.76499998569488514 58.500000000000007 367.91499328613287 2.5000000000000004 14.250000000000002 8.6500000953674334 2.3199999332427983 1016.6499938964845
decision_type=2 2 2 2 2 2 2 2 2 2 2 2 2 2 2 2 2 2 2 2 2 2 2 2 2 2 2 2 2 2
left_child=2 6 5 9 15 11 18 -5 24 17 -7 -1 -6 16 20 19 -8 29 28 -4 -11 -14 -10 -15 -9 -12 -18 -21 -2 -3
right_child=1 3 4 7 12 10 13 8 22 14 25 -13 21 23 -16 -17 26 -19 -20 27 -22 -23 -24 -25 -26 -27 -28 -29 -30 -31
leaf_value=-0.25754436207621284 0.05846484604134166 0.20713630593341331 -0.064492714713150059 0.30095501350282661 -0.022258334020055049 -0.16017758626490833 0.17343743773361853 0.37546578676272663 0.41609982864632794 0.22738691528637489 -0.12755388576978399 -0.1957753006625656 0.033131122270314443 0.093556387459111517 0.22738691528637489 -0.05030295762506664 0.10872317782414505 0.22738691528637489 0.071526413799956931 -0.096812275577135232 0.27955779712752438 0.0034371531905800774 0.4892494320869446 0.12851145974722114 0.30095501350282661 -0.10247684716302666 0.15872311592102051 -0.075372570492033886 0.033131122270314443 0.17343743773361853
leaf_weight=534 435 345 445 91 1550 960 222 117 181 78 1191 943 475 457 75 1585 306 180 1871 901 708 1974 136 327 90 1021 222 1270 702 440
leaf_count=534 151 115 214 35 751 873 74 39 63 26 746 916 194 163 25 791 104 60 651 480 236 894 58 109 30 567 74 640 263 149
internal_value=-0.000338985 0.146288 -0.0800259 0.263672 -0.0360722 -0.157552 0.0832026 0.376105 0.404567 0.225805 -0.129356 -0.218108 -0.00255779 0.125461 0.255169 -0.0679751 0.150813 0.199605 0.0616521 -0.0786825 0.271116 0.0099109 0.447483 0.101208 0.338846 -0.115979 0.129746 -0.0854808 0.0454033 0.187
internal_weight=19832 6983 12849 2441 8200 4649 4542 615 524 1826 3172 1477 3999 1534 861 4201 750 965 3008 2616 786 2449 317 784 207 2212 528 2171 1137 785
internal_count=10025 2425 7600 836 3964 3636 1589 225 190 611 2186 1450 1839 524 287 2125 252 324 1065 1334 262 1088 121 272 69 1313 178 1120 414 264
is_linear=0
shrinkage=0.05


Tree=5
num_leaves=31
num_cat=0
split_feature=25 25 25 25 25 25 25 7 25 25 24 25 25 26 25 25 4 10 10 2 8 26 6 25 28 8 8 10 6 18
split_gain=82142.8 17649.6 15826.7 3551.06 3439.25 2634.8 1544.51 778.185 716.429 525.335 481.104 343.164 332.806 317.23 315.105 309.823 172.428 170.812 165.004 161.632 160.933 146.872 129.08 111.987 105.673 103.178 89.331 84.068 83.472 80.3882
threshold=11.550000190734865 14.84999990463257 8.0500001907348651 9.8499999046325701 19.250000000000004 6.1499998569488534 12.949999809265138 1022.8500061035157 15.949999809265138 7.0499999523162851 80.415000915527358 10.449999809265138 9.2500000000000018 20.750000000000004 13.84999990463257 4.8500001430511483 -0.67500001192092884 0.3793999999761582 0.3793999999761582 2.6250000000000004 1.5000000000000002 30.300000190734867 402.50000000000006 8.7500000000000018 74.500000000000014 2.5000000000000004 2.5000000000000004 0.91595000028610241 537.50000000000011 3.5499999523162846
decision_type=2 2 2 2 2 2 2 2 2 2 2 2 2 2 2 2 2 2 2 2 2 2 2 2 2 2 2 2 2 2
left_child=2 6 5 12 8 15 19 16 -3 26 -10 -5 20 -12 22 -1 -6 -13 29 -2 23 -18 -8 -4 -21 -11 -7 -14 -22 -16
right_child=1 4 3 11 7 9 14 -9 10 25 13 17 27 -15 18 -17 21 -19 -20 24 28 -23 -24 -25 -26 -27 -28 -29 -30 -31
leaf_value=-0.24970989152616252 0.06622505946661135 0.18035363803724616 -0.094570519881458329 -0.020241394005957751 0.38819252365264134 -0.16636610587324902 0.10960418343441417 0.3020382833739621 0.3020382833739621 -0.12343954273550087 0.21138646131528144 0.021191005737153823 -0.042120318212762187 0.24994904050867051 0.12605029615775618 -0.19697176633068991 0.4334489723421493 -0.0052127883889786239 0.11249551619048961 0.031349050176565037 -0.061975582430824898 0.55876159350077315 0.083512303686231748 -0.071867141809041912 0.053648847120601806 -0.10018547463693826 -0.13855516409387394 -0.061975582430824898 -0.076347483408012687 0.16302397096784071
leaf_weight=431 1305 714 787 1540 201 703 581 50 159 1032 340 1415 1338 834 189 787 106 1062 485 579 428 30 358 656 672 887 490 207 1069 324
leaf_count=431 448 238 427 744 71 683 196 19 53 654 115 596 666 278 63 769 42 501 167 225 211 15 125 327 241 498 417 107 544 108
internal_value=-0.0005768 0.138178 -0.0754795 -0.0358516 0.246613 -0.153289 0.0794346 0.383306 0.220771 -0.128889 0.242419 -0.00170724 -0.0664331 0.230902 0.11311 -0.215634 0.417612 0.00981582 0.132671 0.0539145 -0.0763067 0.461091 0.0923195 -0.0882217 0.0410726 -0.112691 -0.154943 -0.0476445 -0.0648214 0.152446
internal_weight=19759 6927 12832 8502 2434 4330 4493 387 2047 3112 1333 4017 4485 1174 1937 1218 337 2477 998 2556 2940 136 939 1443 1251 1919 1193 1545 1497 513
internal_count=9979 2404 7575 4123 831 3452 1573 147 684 2252 446 1841 2282 393 659 1200 128 1097 338 914 1509 57 321 754 466 1152 1100 773 755 171
is_linear=0
shrinkage=0.05


Tree=6
num_leaves=31
num_cat=0
split_feature=25 25 25 25 25 25 25 7 9 25 21 11 25 25 25 12 28 2 9 1 0 28 24 8 25 26 28 11 26 25
split_gain=74019.8 15895.4 14284.8 3206.05 3070.19 2377.91 1395.7 728.601 667.603 474.115 459.852 450.051 341.206 279.615 262.656 262.411 254.51 227.068 218.97 187.113 185.501 169.613 155.554 150.191 135.397 128.896 123.642 122.866 118.599 99.9349
threshold=11.550000190734865 14.84999990463257 8.0500001907348651 9.9499998092651385 19.250000000000004 6.1499998569488534 13.449999809265138 1022.8500061035157 1.0000000180025095e-35 7.0499999523162851 14.449999809265138 1.0000000180025095e-35 9.2500000000000018 4.8500001430511483 10.449999809265138 1.0000000180025095e-35 59.500000000000007 2.6250000000000004 -0.37939999997615809 83.500000000000014 19.650000572204593 58.500000000000007 215.41500091552737 12.500000000000002 8.6500000953674334 30.44999980926514 74.500000000000014 -0.87834998965263356 28.599999427795414 12.750000000000002
decision_type=2 2 2 2 2 2 2 2 2 2 2 2 2 2 2 2 2 2 2 2 2 2 2 2 2 2 2 2 2 2
left_child=2 6 5 12 8 13 17 18 10 -7 27 20 22 -1 -5 19 -12 29 28 -8 -10 -17 -4 -16 -24 -20 -19 -3 -6 -2
right_child=1 4 3 14 7 9 15 -9 11 -11 16 -13 -14 -15 23 21 -18 26 25 -21 -22 -23 24 -25 -26 -27 -28 -29 -30 -31
leaf_value=-0.23722438759704201 0.060338580673064836 0.18348921135300109 -0.058316353460646557 -0.01783463996922155 0.28638841576919488 -0.14719616963097956 0.15469492845789246 0.28638841576919488 0.23604140785378469 -0.10705649623294994 0.18348921135300109 0.18022267386230112 -0.044232725801591453 -0.18712317336166073 -0.0025838337656750813 0.086087308735930734 0.23029953740001508 0.029706615873072391 0.4198973655700684 0.11481303286723135 0.28638841576919488 0.12649025539757827 -0.089839607931766319 0.022053988424185027 -0.068399848969227225 0.54537640015284228 0.055509247556356701 0.15469492845789246 0.37995519072921191 0.086087308735930734
leaf_weight=431 1071 141 550 1390 39 1193 282 50 213 1919 238 171 1695 787 1280 442 612 687 139 419 291 297 1095 1197 1295 24 759 381 135 536
leaf_count=431 369 47 268 669 13 1100 94 19 71 1152 81 57 848 769 597 157 204 261 56 141 97 99 589 500 652 12 270 127 47 182
internal_value=-0.000599589 0.131116 -0.0717024 -0.0340543 0.234022 -0.145625 0.0753682 0.363172 0.209605 -0.122444 0.189577 0.250314 -0.0620993 -0.204852 -0.000439315 0.115945 0.212283 0.0562293 0.396731 0.13786 0.274095 0.0951571 -0.0724 0.00932229 -0.0784833 0.438373 0.0418543 0.154695 0.357722 0.0691642
internal_weight=19759 6927 12832 8502 2434 4330 4493 387 2047 3112 1372 675 4635 1218 3867 1440 850 3053 337 701 504 739 2940 2477 2390 163 1446 522 174 1607
internal_count=9979 2404 7575 4123 831 3452 1573 147 684 2252 459 225 2357 1200 1766 491 285 1082 128 235 168 256 1509 1097 1241 68 531 174 60 551
is_linear=0
shrinkage=0.05


Tree=7
num_leaves=31
num_cat=0
split_feature=25 25 25 25 25 25 25 7 25 25 10 6 5 25 25 25 7 8 27 12 10 5 2 24 10 8 0 8 12 8
split_gain=66713.6 14301.1 12900.9 2888.64 2737.66 2146.06 1269.64 682.239 619.738 427.889 328.343 374.796 299.926 288.232 267.458 255.459 193.306 169.659 145.481 138.622 163.442 136.009 134.426 134.307 99.2976 98.8425 95.5787 95.161 101.225 93.118
threshold=11.550000190734865 14.84999990463257 8.0500001907348651 9.8499999046325701 19.250000000000004 6.1499998569488534 12.949999809265138 1022.8500061035157 16.300000190734867 7.0499999523162851 0.98295000195503246 387.50000000000006 -1.3049999475479124 10.34999990463257 8.8499999046325701 5.0499999523162851 1021.2500000000001 4.5000000000000009 19.250000000000004 1.0000000180025095e-35 -0.37939999997615809 -0.25499999523162836 2.6250000000000004 75.415000915527358 -0.78654998540878285 291.50000000000006 25.650000572204593 2.5000000000000004 0.81174999475479137 2.5000000000000004
decision_type=2 2 2 2 2 2 2 2 2 2 2 2 2 2 2 2 2 2 2 2 2 2 2 2 2 2 2 2 2 2
left_child=2 6 5 14 8 15 22 18 16 -7 11 -10 26 -5 17 -1 -3 -4 21 20 -14 -6 -2 -15 -21 -25 -8 28 -16 -11
right_child=1 4 3 13 7 9 12 -9 10 29 -12 -13 19 23 27 -17 -18 -19 -20 24 -22 -23 -24 25 -26 -27 -28 -29 -30 -31
leaf_value=-0.22061170854962861 0.059666025057663413 0.15782312128519149 -0.08532948421871675 -0.023180947316647865 0.33307947505051927 -0.1398363591839262 0.075274331360674143 0.27151365847884462 0.26031838294562942 -0.11191474075118701 0.19756738473732338 0.19756738473732338 0.14682065952602505 0.028180931994732497 -0.061092621570611197 -0.17444422547393224 0.19756738473732338 -0.061092621570611197 0.46901337473016042 0.075274331360674143 0.11278131663050216 0.40060917290163717 0.036727893409925216 -0.0040405776188628647 0.1101742896768782 0.015488329566258972 0.11956691121667383 -0.039364669137344301 -0.030708534588351523 -0.089823375944690753
leaf_weight=532 1305 772 967 1111 157 1193 495 50 654 1032 78 345 213 316 1021 686 198 1057 38 144 557 142 1251 1742 405 848 123 1278 162 887
leaf_count=532 448 259 517 546 54 1100 175 19 218 654 26 115 71 128 517 668 66 532 19 51 186 55 466 813 135 354 41 639 77 498
internal_value=-0.000590718 0.124455 -0.0680932 -0.0323153 0.222064 -0.138344 0.0715773 0.34402 0.199007 -0.116322 0.225117 0.238063 0.102109 -0.00151983 -0.0598972 -0.194609 0.170018 -0.073361 0.376862 0.115598 0.129285 0.36515 0.0484393 0.00676148 0.0964014 0.00279573 0.0752743 -0.0488242 -0.0590434 -0.101704
internal_weight=19759 6927 12832 8502 2434 4330 4493 387 2047 3112 1077 999 1937 4017 4485 1218 970 2024 337 1319 770 299 2556 2906 549 2590 618 2461 1183 1919
internal_count=9979 2404 7575 4123 831 3452 1573 147 684 2252 359 333 659 1841 2282 1200 325 1049 128 443 257 109 914 1295 186 1167 216 1233 594 1152
is_linear=0
shrinkage=0.05


Tree=8
num_leaves=31
num_cat=0
split_feature=25 25 25 25 25 25 25 7 9 20 25 11 28 5 8 25 5 9 25 25 10 2 12 10 2 28 26 26 0 10
split_gain=60184.8 14303.8 10670.2 2617 2442.81 1432.54 1335.07 639.478 578.185 429.184 411.28 398.892 283.1 280.34 219.684 207.088 187.8 187.561 185.982 175.675 172.569 169.146 129.838 139.248 128.454 123.819 112.145 103.709 95.4348 95.4209
threshold=11.150000095367433 14.84999990463257 7.6499998569488534 9.8499999046325701 19.250000000000004 12.949999809265138 6.0499999523162851 1022.8500061035157 1.0000000180025095e-35 12.449999809265138 8.8499999046325701 1.0000000180025095e-35 63.500000000000007 -1.3049999475479124 3.5000000000000004 4.4500000476837167 -0.054999999701976769 -0.37939999997615809 6.7500000000000009 10.34999990463257 -0.6035499870777129 2.6250000000000004 1.0000000180025095e-35 -0.37939999997615809 1.7649999856948855 79.500000000000014 30.44999980926514 28.599999427795414 25.650000572204593 -0.78654998540878285
decision_type=2 2 2 2 2 2 2 2 2 2 2 2 2 2 2 2 2 2 2 2 2 2 2 2 2 2 2 2 2 2
left_child=2 5 6 10 8 21 15 17 9 16 14 20 -11 28 -4 -1 -3 27 -8 -5 -10 -2 23 -15 -21 -23 -19 -6 -7 -24
right_child=1 4 3 19 7 13 18 -9 11 12 -12 -13 -14 22 -16 -17 -18 26 -20 24 -22 25 29 -25 -26 -27 -28 -29 -30 -31
leaf_value=-0.23040826233671458 0.05424002789788776 0.13689440106130374 -0.088245001689741004 -0.022021899694404178 0.25736671090763136 0.06953611888408158 -0.13956537392288285 0.25736671090763136 0.25736671090763136 0.17199359789115937 -0.046433762034529209 0.16077359545300579 0.22515878738501136 0.13689440106130374 -0.060707815824423805 -0.17735802319830016 0.17199359789115937 0.37932540358399319 -0.11070283209920594 0.021135690333909447 0.22110607812633623 0.021135690333909447 0.06953611888408158 0.10714225039233854 -0.0050068658565684959 0.042590349595070305 0.49636704921722413 0.34275279221711341 0.11358856553953839 0.10466557270214882
leaf_weight=233 1503 360 1423 1111 39 495 913 50 150 214 2461 171 429 213 1475 874 369 139 1436 633 354 906 144 557 1709 711 24 135 123 405
leaf_count=233 524 120 776 546 13 175 879 19 50 73 1233 57 143 71 752 856 123 56 1005 269 118 361 51 186 796 259 12 47 41 135
internal_value=-0.000606298 0.111067 -0.0687952 -0.0395927 0.210656 0.063133 -0.143255 0.325857 0.188876 0.170237 -0.0614649 0.226761 0.200014 0.0969075 -0.0742294 -0.188524 0.143974 0.358019 -0.121921 -0.00564758 0.24915 0.0421647 0.109929 0.123175 0.00212009 0.0309407 0.396559 0.321916 0.0695361 0.0913504
internal_weight=19759 7491 12268 8812 2434 5057 3456 387 2047 1372 5359 675 643 1937 2898 1107 729 337 2349 3453 504 3120 1319 770 2342 1617 163 174 618 549
internal_count=9979 2634 7345 4372 831 1803 2973 147 684 459 2761 225 216 659 1528 1089 243 128 1884 1611 168 1144 443 257 1065 620 68 60 216 186
is_linear=0
shrinkage=0.05


Tree=9
num_leaves=31
num_cat=0
split_feature=25 25 25 25 25 25 25 7 9 20 25 11 28 5 8 25 5 9 25 25 10 2 1 25 2 28 1 29 27 8
split_gain=54261.6 12867.7 9630.04 2362.02 2174.21 1289.92 1204.9 599.14 543.461 389.696 371.181 367.435 264.069 260.789 198.264 188.161 173.038 170.128 167.849 158.589 154.496 152.398 124.121 123 116.2 114.252 108.018 91.9072 88.5599 86.8556
threshold=11.150000095367433 14.84999990463257 7.6499998569488534 9.8499999046325701 19.250000000000004 12.949999809265138 6.0499999523162851 1022.8500061035157 1.0000000180025095e-35 12.449999809265138 8.8499999046325701 1.0000000180025095e-35 59.500000000000007 -1.3049999475479124 3.5000000000000004 4.2500000000000009 -0.054999999701976769 -1.0000000180025095e-35 6.7500000000000009 10.34999990463257 -0.6035499870777129 2.6250000000000004 86.500000000000014 14.050000190734865 1.794999957084656 79.500000000000014 86.500000000000014 12.949999809265138 5.8500001430511483 2.5000000000000004
decision_type=2 2 2 2 2 2 2 2 2 2 2 2 2 2 2 2 2 2 2 2 2 2 2 2 2 2 2 2 2 2
left_child=2 5 6 10 8 21 15 17 9 16 14 20 -11 -7 -4 -1 -3 -6 -8 -5 -10 -2 -19 27 -21 -23 -17 -15 -16 -12
right_child=1 4 3 19 7 13 18 -9 11 12 29 -13 -14 23 28 26 -18 22 -20 24 -22 25 -24 -25 -26 -27 -28 -29 -30 -31
leaf_value=-0.22603403036820824 0.051528027626646759 0.12992404328066248 -0.083832748834297685 -0.020920804561711817 0.31067129993438725 0.066039326059774556 -0.13258710769938484 0.24395287597536122 0.24395287597536122 0.16294046739146228 -0.053875136603652451 0.15273491304520279 0.21198640367036226 0.080781021503175066 -0.072555477654783984 -0.15561654232786676 0.16294046739146228 0.47484067390704976 -0.10516769367589261 0.02003608807156522 0.21005077550640217 0.02003608807156522 0.3583363528604861 0.12347133748819641 -0.0048564423140322896 0.04047011525268214 -0.19021342392115631 0.10785445148115014 -0.057314979255998502 -0.035074747788409397
leaf_weight=179 1503 360 1423 1111 200 618 913 50 150 178 1183 171 465 579 954 541 369 29 1436 646 354 906 108 521 1696 711 387 219 521 1278
leaf_count=179 524 120 776 546 70 216 879 19 50 61 594 57 155 196 495 523 123 14 1005 275 118 361 44 174 790 259 387 73 257 639
internal_value=-0.000608308 0.105427 -0.0653549 -0.0376123 0.199885 0.0599633 -0.136092 0.308568 0.179337 0.161267 -0.0583916 0.216067 0.18964 0.0920126 -0.0705179 -0.179098 0.13624 0.340074 -0.115825 -0.00536313 0.237555 0.0400661 0.382998 0.104575 0.00201714 0.0294122 -0.170044 0.0922376 -0.0576724 -0.0441121
internal_weight=19759 7491 12268 8812 2434 5057 3456 387 2047 1372 5359 675 643 1937 2898 1107 729 337 2349 3453 504 3120 137 1319 2342 1617 928 798 1475 2461
internal_count=9979 2634 7345 4372 831 1803 2973 147 684 459 2761 225 216 659 1528 1089 243 128 1884 1611 168 1144 58 443 1065 620 910 269 752 1233
is_linear=0
shrinkage=0.05


Tree=10
num_leaves=31
num_cat=0
split_feature=25 25 25 25 26 25 25 24 26 6 25 25 25 9 8 25 25 8 9 17 6 7 24 28 25 2 25 25 27 3
split_gain=50074.8 11558.6 8801.64 2150.55 2044.36 1550.38 1121.5 657.164 471.836 385.527 338.34 293.569 289.273 234.768 168.557 164.942 160.124 150.601 139.96 134.406 132.145 129.209 123.424 119.427 117.801 110.676 109.187 106.817 97.9916 76.7929
threshold=11.150000095367433 15.250000000000002 7.6499998569488534 9.8499999046325701 27.400000572204593 13.84999990463257 6.0499999523162851 80.415000915527358 20.650000572204593 1017.5000000000001 9.2500000000000018 12.150000095367433 17.250000000000004 -1.0000000180025095e-35 1.5000000000000002 4.4500000476837167 6.6499998569488534 26.500000000000004 1.0000000180025095e-35 0.11450000107288362 397.50000000000006 1016.1499938964845 376.25000000000006 58.500000000000007 13.34999990463257 2.1250000000000004 8.6500000953674334 10.34999990463257 5.8500001430511483 57.500000000000007
decision_type=2 2 2 2 2 2 2 2 2 2 2 2 2 2 2 2 2 2 2 2 2 2 2 2 2 2 2 2 2 2
left_child=2 5 6 10 7 11 15 -3 13 22 14 25 -10 -9 26 -1 -8 21 23 29 24 -5 -6 -19 -13 -2 -4 -23 -16 -7
right_child=1 4 3 17 9 19 16 8 12 -11 -12 20 -14 -15 28 -17 -18 18 -20 -21 -22 27 -24 -25 -26 -27 -28 -29 -30 -31
leaf_value=-0.20722396388465977 0.043051703765097919 0.2449050318629129 -0.082986961006470267 -0.030863754354018863 0.36858540829396091 0.078178260035107749 -0.12915508259708683 0.15862004081595082 0.15862004081595082 0.2449050318629129 -0.036591293574910269 0.05711260589877705 0.20571445497987223 0.12798498706874933 -0.065483033908217136 -0.16072851639858363 -0.10147430423277828 -0.030863754354018863 0.018908757427805425 0.12798498706874933 0.043064613722094115 -0.026277933631811225 0.30332252252186448 0.0034239687476300138 0.078178260035107749 0.020958197729998393 -0.060107155348627997 0.00033832182421584124 -0.050354790562150489 0.10578866727543945
leaf_weight=243 457 187 1137 277 149 145 768 447 477 27 1577 1082 645 170 1157 887 1634 169 285 543 1026 570 141 1062 321 1199 780 1113 747 491
leaf_count=243 162 64 632 142 62 52 749 149 159 11 788 369 215 59 597 872 1176 88 114 181 368 285 49 474 107 467 390 521 374 165
internal_value=-0.00121642 0.100712 -0.0628942 -0.0363245 0.195757 0.0602126 -0.129649 0.176392 0.166524 0.313418 -0.0560764 0.0456348 0.185837 0.131403 -0.0641183 -0.170727 -0.110325 -0.0056511 0.00618267 0.110722 0.0567022 -0.0148042 0.336854 -0.00308416 0.0666752 0.0294013 -0.0745842 -0.0086761 -0.0535809 0.0951097
internal_weight=19913 7507 12406 8874 2243 5264 3532 1926 1739 317 5398 4085 1122 617 3821 1130 2402 3476 1516 1179 2429 1960 290 1231 1403 1656 1917 1683 1904 636
internal_count=10084 2639 7445 4405 768 1871 3040 646 582 122 2781 1473 374 208 1993 1115 1925 1624 676 398 844 948 111 562 476 629 1022 806 971 217
is_linear=0
shrinkage=0.05


Tree=11
num_leaves=31
num_cat=0
split_feature=26 26 26 26 26 29 24 26 7 20 7 5 7 24 26 26 5 9 26 6 27 0 26 26 7 13 0 29 4 8
split_gain=39100.6 9125.98 7749.23 2266.48 1930.87 1343.25 1242.64 706.197 682.716 644.624 493.276 482.452 377.82 375.057 352.922 340.844 328.918 284.412 254.496 254.143 235.881 232.851 230.036 197.953 186.872 167.768 124.189 117.222 116.351 95.5818
threshold=15.34999990463257 20.150000572204593 11.050000190734865 25.349999427795414 7.6499998569488534 8.0500001907348651 283.75000000000006 13.550000190734865 1017.3500061035157 14.84999990463257 1022.8500061035157 -3.1450001001358028 1022.7500000000001 206.25000000000003 18.050000190734867 20.650000572204593 -1.5549999475479124 0.60354998707771312 8.7500000000000018 607.50000000000011 14.949999809265138 25.750000000000004 28.050000190734867 6.4500000476837167 1018.7500000000001 1.0000000180025095e-35 24.650000572204593 9.9499998092651385 0.6850000023841859 18.500000000000004
decision_type=2 2 2 2 2 2 2 2 2 2 2 2 2 2 2 2 2 2 2 2 2 2 2 2 2 2 2 2 2 2
left_child=2 5 4 9 23 14 17 21 11 12 22 25 15 -6 26 -3 -10 19 -15 -4 -18 -8 29 -1 -19 -7 -2 -11 -24 -5
right_child=1 3 6 10 13 8 7 -9 16 27 -12 -13 -14 18 -16 -17 20 24 -20 -21 -22 -23 28 -25 -26 -27 -28 -29 -30 -31
leaf_value=-0.18085808297151765 0.017215707457912011 0.11476014692814483 0.017215707457912011 0.22150057970992917 -0.062321899347560543 0.049977543650301118 -0.05873280657715782 -0.014507344311772113 0.049977543650301118 0.16752345339961489 0.20819472969706776 0.11476014692814483 0.11476014692814483 -0.1208509904154746 0.049977543650301118 0.16752345339961489 0.055287753530437994 0.017215707457912011 -0.08618071186136117 -0.014507344311772113 0.096614431570093917 -0.032727039977933747 0.30970839266955114 -0.14003640175154755 -0.014507344311772113 0.11476014692814483 0.033596625554106564 0.20819472969706776 0.42303115653991696 0.28428690050744443
leaf_weight=518 1453 153 1048 123 1021 155 2402 1834 807 138 48 597 379 697 469 760 630 299 2200 239 764 738 241 696 788 78 298 249 25 66
leaf_count=518 646 51 432 43 585 65 1238 856 294 46 18 204 127 644 162 255 226 121 1441 116 255 354 90 676 373 26 106 83 11 22
internal_value=-0.00114152 0.0896444 -0.055213 0.17559 -0.102358 0.0539307 -0.0222861 -0.0364912 0.0755734 0.147698 0.268692 0.114216 0.130742 -0.0852859 0.0243816 0.152123 0.0610012 0.00747655 -0.0945222 0.0172157 0.0779374 -0.0509467 0.290391 -0.157455 -0.0121318 0.0499775 0.0172157 0.204305 0.320359 0.248215
internal_weight=19913 7433 12480 2182 5132 5251 7348 4974 3031 1679 503 830 1292 3918 2220 913 2201 2374 2897 1287 1394 3140 455 1214 1087 233 1751 387 266 189
internal_count=10084 2730 7354 746 3864 1984 3490 2448 1070 562 184 295 433 2670 914 306 775 1042 2085 548 481 1592 166 1194 494 91 752 129 101 65
is_linear=0
shrinkage=0.05


Tree=12
num_leaves=31
num_cat=0
split_feature=25 25 25 25 25 25 25 10 5 24 10 25 6 25 25 11 8 8 10 9 0 10 7 8 7 6 5 4 25 27
split_gain=41045.8 9398.6 7239.42 1839.65 1735.16 1320.95 918.622 558.48 386.505 354.171 301.55 277.65 257.383 218.441 206.833 155.456 151.758 142.192 157.286 137.586 123.673 121.426 117.034 112.766 108.635 94.7767 94.0347 93.8753 88.5228 88.0432
threshold=11.150000095367433 15.750000000000002 7.6499998569488534 13.84999990463257 9.8499999046325701 21.050000190734867 5.5499999523162851 0.98295000195503246 -0.84499999880790699 80.415000915527358 -0.91595000028610218 9.2500000000000018 432.50000000000006 6.6499998569488534 13.34999990463257 -1.0000000180025095e-35 1.5000000000000002 26.500000000000004 -0.98295000195503224 -0.37939999997615809 24.849999427795414 -1.0000000180025095e-35 1012.9500122070314 13.500000000000002 1016.1499938964845 547.50000000000011 3.0449999570846562 1.0249999761581423 10.34999990463257 5.8500001430511483
decision_type=2 2 2 2 2 2 2 2 2 2 2 2 2 2 2 2 2 2 2 2 2 2 2 2 2 2 2 2 2 2
left_child=2 3 6 12 11 7 -1 9 -7 -3 -11 16 14 -8 23 22 26 24 -19 21 -14 -17 -5 -2 -6 -20 -4 -10 -26 -18
right_child=1 5 4 15 17 8 13 -9 27 10 -12 -13 20 -15 -16 19 29 18 25 -21 -22 -23 -24 -25 28 -27 -28 -29 -30 -31
leaf_value=-0.16495407661505507 0.040043772046996814 0.22530543110137341 -0.072146183360682903 0.073323208740586204 -0.027943259500357111 0.22530543110137341 -0.1209374983405464 0.12416699449967433 0.30031013203482343 0.12416699449967433 0.17862727893792729 -0.032939163820561765 0.01711671200009493 -0.092170679040317005 0.073323208740586204 0.12416699449967433 -0.059559204964838158 -0.027943259500357111 0.01711671200009493 0.073323208740586204 0.040043772046996814 0.08555195144053257 0.12416699449967433 0.059478049675337402 -0.024431071318604315 -0.0012800104292620836 -0.045407279370970804 0.39161701202392579 -0.00020099778129130949 -0.045407279370970804
leaf_weight=791 1460 187 1674 54 277 57 1107 107 234 84 1146 1577 1084 1634 339 213 1157 116 562 429 720 267 612 482 570 838 243 32 1113 747
leaf_count=791 519 64 901 18 142 21 1073 38 90 28 382 788 410 1176 113 71 597 62 227 148 263 89 204 168 285 387 121 13 521 374
internal_value=-0.00110396 0.0911784 -0.056945 0.0592194 -0.0328484 0.189115 -0.117487 0.169648 0.280963 0.180824 0.17054 -0.0505904 0.0415194 -0.103789 0.0526808 0.105127 -0.0578754 -0.00529613 0.00620252 0.0916812 0.0274067 0.110131 0.123479 0.0456329 -0.01419 0.011343 -0.0678061 0.311294 -0.00840726 -0.0478769
internal_weight=19913 7507 12406 5660 8874 1847 3532 1524 323 1417 1230 5398 4085 2741 2281 1575 3821 3476 1516 909 1804 480 666 1942 1960 1400 1917 266 1683 1904
internal_count=10084 2639 7445 2003 4405 636 3040 512 124 474 410 2781 1473 2249 800 530 1993 1624 676 308 673 160 222 687 948 614 1022 103 806 971
is_linear=0
shrinkage=0.05


Tree=13
num_leaves=31
num_cat=0
split_feature=25 25 25 25 25 25 26 10 24 5 28 25 25 25 6 25 11 10 9 23 10 7 10 0 24 24 20 26 1 28
split_gain=37034.4 7630.74 7154.64 1417.33 1404.56 1341.02 1184.58 507.719 327.023 326.542 226.785 223.368 209.709 209.001 190.832 172.572 140.569 139.109 125.35 117.236 116.684 111.254 108.191 106.301 99.7688 97.5334 84.4397 75.1708 73.5509 72.5598
threshold=11.550000190734865 15.750000000000002 8.1500000953674334 13.84999990463257 10.150000095367433 6.3500001430511483 27.400000572204593 0.98295000195503246 80.415000915527358 -0.84499999880790699 36.500000000000007 9.2500000000000018 5.3500001430511483 7.1499998569488534 427.50000000000006 13.34999990463257 -1.0000000180025095e-35 -1.0000000180025095e-35 -0.37939999997615809 56.500000000000007 -1.0000000180025095e-35 1012.9500122070314 -0.98295000195503224 24.849999427795414 206.25000000000003 342.08500671386724 9.0500001907348651 5.0499999523162851 48.500000000000007 89.500000000000014
decision_type=2 2 2 2 2 2 2 2 2 2 2 2 2 2 2 2 2 2 2 2 2 2 2 2 2 2 2 2 2 2
left_child=2 3 5 14 11 12 7 8 -3 -8 -10 24 27 -7 15 -2 21 22 20 -13 -18 -5 26 -16 -4 -11 -6 -1 -24 -19
right_child=1 6 4 16 17 13 9 -9 10 25 -12 19 -14 -15 23 -17 18 29 -20 -21 -22 -23 28 -25 -26 -27 -28 -29 -30 -31
leaf_value=-0.19328612811373969 0.045661574182866593 0.21407297411457293 -0.03910891229558907 0.071500881453615314 -0.018872130940355312 -0.099675691616785134 0.21407297411457293 0.11989604901928069 0.11989604901928069 0.31859021538856047 0.17019146919905484 -0.03910891229558907 -0.12250566571087079 -0.07287224358961028 0.020590185726219873 0.071500881453615314 0.11989604901928069 -0.0089927174558115577 0.071500881453615314 -0.018872130940355312 0.081274354748065103 0.11989604901928069 -0.015335146999442495 0.041200813802135021 -0.054868894005557681 0.26118640153586464 0.020590185726219873 -0.15165526471458948 0.020590185726219873 0.020590185726219873
leaf_weight=137 1690 187 396 54 82 1097 21 107 144 149 1092 975 828 2158 924 339 213 1859 429 1282 267 612 143 573 2217 147 53 520 1034 184
leaf_count=137 586 64 191 18 45 960 9 38 48 62 364 496 807 1273 341 113 71 881 148 629 89 204 67 205 1145 51 21 520 429 72
internal_value=-0.00102397 0.0921213 -0.0509409 0.0605909 -0.0227442 -0.0998688 0.179201 0.160975 0.171918 0.267171 0.162041 -0.0398938 -0.139243 -0.0819055 0.0429762 0.0529675 0.100026 0.00214953 0.0872397 -0.028372 0.104997 0.117477 0.0148543 0.0294341 -0.0498458 0.290082 -0.0188721 -0.160336 0.0198286 -0.00600941
internal_weight=19913 6948 12965 5101 8225 4740 1847 1530 1423 317 1236 4870 1485 3255 3526 2029 1575 3355 909 2257 480 666 1312 1497 2613 296 135 657 1177 2043
internal_count=10084 2411 7673 1775 3976 3697 636 514 476 122 412 2461 1464 2233 1245 699 530 1515 308 1125 160 222 562 546 1336 113 66 657 496 953
is_linear=0
shrinkage=0.05


Tree=14
num_leaves=31
num_cat=0
split_feature=25 25 25 25 25 25 25 10 18 25 25 5 10 29 25 24 21 8 28 5 10 2 25 23 17 25 8 12 25 13
split_gain=33416.4 7556.22 5931.98 1461.97 1395.42 766.837 748.692 554.546 278.934 273.829 232.466 223.998 210.361 195.799 176.166 165.004 144.003 143.435 142.774 126.487 126.131 124.239 114.916 103.376 97.6156 75.5351 71.7041 81.3546 68.9554 68.6619
threshold=11.150000095367433 14.84999990463257 7.6499998569488534 18.550000190734867 9.8499999046325701 13.84999990463257 5.5499999523162851 -0.98295000195503224 21.44999980926514 16.300000190734867 8.6500000953674334 -1.8849999904632566 0.98295000195503246 13.050000190734865 6.6499998569488534 342.08500671386724 11.84999990463257 1.5000000000000002 70.500000000000014 -0.38499999046325678 0.91595000028610241 1.6250000000000002 20.300000190734867 71.500000000000014 0.11250000074505807 4.2500000000000009 2.5000000000000004 0.81174999475479137 12.150000095367433 1.0000000180025095e-35
decision_type=2 2 2 2 2 2 2 2 2 2 2 2 2 2 2 2 2 2 2 2 2 2 2 2 2 2 2 2 2 2
left_child=2 5 6 8 10 11 25 -5 9 29 17 18 -11 16 -8 19 -13 -4 -2 -9 -7 -6 -17 24 -23 -1 27 -12 -20 -3
right_child=1 3 4 7 21 20 14 15 -10 12 26 13 -14 -15 -16 22 -18 -19 28 -21 -22 23 -24 -25 -26 -27 -28 -29 -30 -31
leaf_value=-0.17717322130672267 0.015470567551988069 0.10062988320976554 -0.067849684947329195 0.17691490922809408 0.013050815661846413 0.095921167240038019 -0.109191209804721 0.24727157902594943 0.17691490922809408 0.15197093867076186 -0.046944013752481632 0.020784173997234645 0.12814058133973646 0.062645008531038146 -0.083357530241351091 0.17691490922809408 0.049085533626063022 -0.046944013752481632 0.027785469096847738 0.30288087031420541 0.062645008531038146 -0.025143262703239844 0.24578757469470683 0.0016103657605037874 -0.0073949050274910687 -0.14053323496329159 -0.029143937069464276 -0.025143262703239844 0.056276379279431459 0.12814058133973646
leaf_weight=183 849 689 1137 85 759 819 1107 93 81 759 1304 693 81 522 1634 99 1279 1178 391 170 138 784 156 824 1109 608 1605 174 351 252
leaf_count=183 328 232 632 32 333 273 1073 31 27 253 658 254 27 180 1176 33 446 605 148 69 51 391 54 363 537 608 802 84 117 84
internal_value=-0.000969742 0.0822956 -0.0513545 0.154039 -0.029542 0.0472207 -0.106157 0.221704 0.132126 0.127027 -0.0454526 0.0377827 0.147778 0.0471343 -0.0937909 0.247707 0.0391399 -0.0574267 0.0231236 0.275495 0.0875073 -0.00483394 0.219049 -0.00983008 -0.0164002 -0.14901 -0.0364613 -0.0444074 0.0401004 0.108504
internal_weight=19913 7507 12406 2465 8874 5042 3532 603 1862 1781 5398 4085 840 2494 2741 518 1972 2315 1591 263 957 3476 255 2717 1893 791 3083 1478 742 941
internal_count=10084 2639 7445 842 4405 1797 3040 219 623 596 2781 1473 280 880 2249 187 700 1237 593 100 324 1624 87 1291 928 791 1544 742 265 316
is_linear=0
shrinkage=0.05


Tree=15
num_leaves=31
num_cat=0
split_feature=26 26 26 7 26 26 26 24 27 7 26 10 24 11 27 9 26 6 0 28 26 23 1 7 4 0 7 9 26 5
split_gain=26132 6347.99 5174.73 1311.94 1297.35 1184.2 1033.14 1007.66 731.715 554.634 486.921 369.8 311.844 301.699 230.305 207.531 189.864 169.211 155.006 152.413 148.895 135.736 133.077 119.262 118.331 106.165 93.8339 93.2303 84.2774 71.6287
threshold=15.34999990463257 20.650000572204593 11.150000095367433 1022.9500122070314 7.6499998569488534 27.400000572204593 17.250000000000004 293.75000000000006 11.449999809265138 1019.5499877929689 12.84999990463257 0.98295000195503246 339.58500671386724 0.60784998536109935 15.050000190734865 0.60354998707771312 22.94999980926514 602.50000000000011 23.250000000000004 73.500000000000014 6.3500001430511483 44.500000000000007 88.500000000000014 1018.9500122070314 1.0249999761581423 25.849999427795414 1013.4500122070314 0.78654998540878307 9.9499998092651385 -1.3650000095367429
decision_type=2 2 2 2 2 2 2 2 2 2 2 2 2 2 2 2 2 2 2 2 2 2 2 2 2 2 2 2 2 2
left_child=2 6 4 5 20 13 8 15 26 11 25 21 22 16 -11 17 -3 -4 28 -12 -1 -8 -6 29 -7 -9 -2 -16 -14 -17
right_child=1 3 7 -5 12 24 9 10 -10 14 19 -13 18 -15 27 23 -18 -19 -20 -21 -22 -23 -24 -25 -26 -27 -28 -29 -30 -31
leaf_value=-0.14866902932796711 0.031863896060633362 0.1434860038530259 0.0148506484436461 0.10027652425089473 -0.049314613227313141 0.24875690453761334 0.048877143677620631 -0.049314613227313141 0.048877143677620631 0.048877143677620631 -0.027764780864781693 0.048877143677620631 -0.097978522882459673 0.10261187108166248 0.10027652425089473 -0.010122146049947661 0.18723561205762498 -0.010122146049947661 -0.066091484810592224 -0.010122146049947661 -0.1128703006254733 0.10027652425089473 -0.066091484810592224 -0.010122146049947661 0.34996972084045413 -0.03149714894140513 0.0148506484436461 0.06948359626790937 -0.078477842373812681 0.0148506484436461
leaf_weight=493 205 525 1097 313 801 296 126 1724 1007 1053 1474 68 788 249 207 171 470 252 962 1180 707 1030 893 721 32 448 1821 132 602 174
leaf_count=493 71 175 448 107 437 112 42 893 349 380 735 25 703 83 71 81 159 122 625 530 683 344 585 339 13 213 794 44 404 61
internal_value=0.000265534 0.0738066 -0.0441053 0.153259 -0.0819208 0.174117 0.0472944 -0.0167085 0.0274359 0.0703184 -0.029903 0.0948705 -0.0683794 0.151834 0.0488771 0.00965866 0.164152 0.0148506 -0.0801599 -0.0155353 -0.127578 0.100277 -0.052023 -0.00855396 0.258631 -0.047459 0.0148506 0.09009 -0.0908642 0.0148506
internal_weight=20021 7534 12487 1885 5246 1572 5649 7241 3033 2616 4826 1224 4046 1244 1392 2415 995 1349 2352 2654 1200 1156 1694 1066 328 2172 2026 339 1390 345
internal_count=10121 2769 7352 649 3930 542 2120 3422 1214 906 2371 411 2754 417 495 1051 334 570 1732 1265 1176 386 1022 481 125 1106 865 115 1107 142
is_linear=0
shrinkage=0.05


Tree=16
num_leaves=31
num_cat=0
split_feature=25 25 25 25 25 25 25 10 10 25 24 5 5 29 6 25 25 10 25 8 17 25 23 5 28 6 11 26 8 25
split_gain=27940.6 5965.83 5346.25 1047.22 1042.19 955.54 826.966 348.589 324.329 216.986 181.463 166.972 166.91 166.269 163.705 155.299 141.838 140.483 179.035 135.297 126.595 117.247 113.856 105.18 101.12 88.9093 77.5588 72.5736 71.7865 68.3316
threshold=11.550000190734865 15.449999809265138 8.1500000953674334 18.550000190734867 10.150000095367433 6.5499999523162851 13.84999990463257 -0.98295000195503224 -0.37939999997615809 5.5499999523162851 209.58499908447268 -0.38499999046325678 -2.0149999856948848 5.4500000476837167 767.50000000000011 8.6500000953674334 12.949999809265138 0.98295000195503246 16.800000190734867 12.500000000000002 0.11450000107288362 7.6499998569488534 47.500000000000007 -1.814999997615814 70.500000000000014 462.50000000000006 0.60784998536109935 5.0499999523162851 1.5000000000000002 10.949999809265138
decision_type=2 2 2 2 2 2 2 2 2 2 2 2 2 2 2 2 2 2 2 2 2 2 2 2 2 2 2 2 2 2
left_child=2 6 5 8 10 9 12 -5 14 27 -4 -9 24 -13 -3 -12 26 18 -10 -6 23 28 -17 -8 -2 -21 -14 -1 -7 -27
right_child=1 3 4 7 19 21 20 11 17 -11 15 13 16 -15 -16 22 -18 -19 -20 25 -22 -23 -24 -25 -26 29 -28 -29 -30 -31
leaf_value=-0.16691038312641443 0.018395427911194862 0.16555142277886581 -0.015747931277640726 0.16555142277886581 -0.0070560508735375508 -0.086320307211513958 0.059909663293579878 0.19107084234720445 0.10413494610741539 -0.0992281129052872 -0.052403046511988377 0.16555142277886581 0.029346301102184516 0.26046891765318059 0.10032504013953099 -0.042632102808056363 0.059909663293579878 0.10032504013953099 0.14739986367609312 0.018395427911194862 0.098788993329637587 -0.056279385246466952 -0.027092281165290957 0.082950896302875332 0.040289821799007669 -0.0096968236501785727 0.04820933029846837 -0.12729507623431841 -0.066427839182488943 0.010257663583886962
leaf_weight=141 595 339 884 82 1789 909 157 241 531 993 927 42 1179 276 60 899 750 110 435 566 648 1199 2147 608 552 597 469 642 841 413
leaf_count=141 224 113 435 32 848 720 59 82 177 963 493 14 422 106 20 456 254 39 145 224 216 655 1070 203 192 280 159 642 569 168
internal_value=0.000271255 0.0801806 -0.0433897 0.150467 -0.0190328 -0.0857733 0.0501836 0.203824 0.127278 -0.114747 -0.0338499 0.222461 0.0372915 0.24625 0.165551 -0.0384366 0.0447949 0.113001 0.123618 0.00235407 0.0825278 -0.068324 -0.0328612 0.0687537 0.0216043 0.013036 0.036509 -0.134429 -0.0765763 0.0021199
internal_weight=20021 7074 12947 2116 8222 4725 4958 641 1475 1776 4857 559 3545 318 399 3973 2398 1076 966 3365 1413 2949 3046 765 1147 1576 1648 783 1750 1010
internal_count=10121 2457 7664 728 3974 3690 1729 234 494 1746 2454 202 1251 120 133 2019 835 361 322 1520 478 1944 1526 262 416 672 581 783 1289 448
is_linear=0
shrinkage=0.05


Tree=17
num_leaves=31
num_cat=0
split_feature=25 25 25 25 25 25 25 10 5 10 11 7 2 7 7 25 20 25 4 12 2 25 25 2 29 20 26 4 1 9
split_gain=25139.1 5979.93 4378.24 1185.23 1006.08 557.924 542.251 345.211 248.829 208.183 290.206 207.883 199.343 187.523 193.622 175.476 157.448 125.008 124.217 98.0504 96.1539 96.0824 86.0837 73.1686 73.1004 66.5031 65.4977 51.6931 50.3161 49.3934
threshold=11.150000095367433 14.84999990463257 7.6499998569488534 18.550000190734867 9.8499999046325701 12.949999809265138 5.5499999523162851 -0.98295000195503224 -1.3049999475479124 -0.37939999997615809 1.0000000180025095e-35 1021.1499938964845 1.544999957084656 1021.1499938964845 1015.0499877929689 8.6500000953674334 16.050000190734867 6.6499998569488534 1.2450000047683718 1.0000000180025095e-35 1.1250000000000002 10.34999990463257 12.150000095367433 1.794999957084656 8.3499999046325701 8.7500000000000018 5.0499999523162851 -0.27500000596046442 77.500000000000014 0.78654998540878307
decision_type=2 2 2 2 2 2 2 2 2 2 2 2 2 2 2 2 2 2 2 2 2 2 2 2 2 2 2 2 2 2
left_child=2 5 6 9 12 20 26 -5 -7 10 -3 16 29 14 -11 -14 -9 28 -13 24 -2 -6 -22 -23 -10 -17 -1 -12 -8 -4
right_child=1 3 4 7 21 8 17 11 19 13 27 18 15 -15 -16 25 -18 -19 -20 -21 22 23 -24 -25 -26 -27 -28 -29 -30 -31
leaf_value=-0.15856487421279258 0.044380320866852008 0.15368156796563165 -0.021343995769169576 0.15368156796563165 -0.016086566747506012 0.044380320866852008 -0.082629733691877927 0.18048679393920464 0.061176001043231398 0.12663974636565142 0.1234516406300092 0.2389162063598633 -0.05452855919757843 0.14547346527116342 0.087314943915543217 -0.044514355391090374 0.25304568190323679 -0.071751560990341134 0.35527038276195527 0.057757589796335086 0.016012256175593535 0.013726069345562728 0.033628654241018865 -0.0039251787076806438 0.087314943915543217 -0.03219339701819051 -0.12093032354784904 0.087314943915543217 -0.1008559503191347 -0.03219339701819051
leaf_weight=141 381 336 589 82 1121 661 334 351 270 366 99 81 1907 228 773 1135 95 1636 32 518 1519 668 1276 1667 509 1429 642 87 773 315
leaf_count=141 129 112 287 32 552 233 306 117 90 122 33 34 1032 76 260 578 38 1182 13 175 583 286 452 779 170 711 642 29 764 163
internal_value=0.000216606 0.0713593 -0.0439072 0.134275 -0.0251011 0.040355 -0.0910079 0.193024 0.0613475 0.114339 0.141201 0.21129 -0.0386336 0.104082 0.0957968 -0.0430428 0.195942 -0.0805318 0.271866 0.0746165 0.0274132 -0.00405435 0.0240547 0.00172215 0.0858269 -0.0345002 -0.127707 0.0878197 -0.0935079 -0.021344
internal_weight=20021 7664 12357 2530 8831 5134 3526 641 1958 1889 522 559 5375 1367 1139 4471 446 2743 113 1297 3176 3456 2795 2335 779 2564 783 186 1107 904
internal_count=10121 2698 7423 866 4388 1832 3035 234 668 632 174 202 2771 458 382 2321 155 2252 47 435 1164 1617 1035 1065 260 1289 783 62 1070 450
is_linear=0
shrinkage=0.05


Tree=18
num_leaves=31
num_cat=0
split_feature=25 25 25 25 25 25 25 10 10 2 7 25 11 5 7 7 20 6 17 29 25 9 25 4 10 20 10 7 28 20
split_gain=22641.7 4849.32 4383.28 851.54 834.62 777.147 688.152 293.336 291.371 192.402 187.614 155.177 149.322 148.233 142.613 168.368 142.097 136.604 136.056 123.883 122.363 119.981 113.59 112.106 110.965 100.097 96.6208 96.1913 89.3334 82.9244
threshold=11.550000190734865 15.750000000000002 8.1500000953674334 10.150000095367433 13.84999990463257 6.4500000476837167 18.550000190734867 -0.98295000195503224 -0.37939999997615809 1.544999957084656 1021.1499938964845 4.8500001430511483 -1.0000000180025095e-35 -2.0149999856948848 1015.0499877929689 1020.2500000000001 16.050000190734867 862.50000000000011 0.1225000023841858 13.050000190734865 8.6500000953674334 -0.37939999997615809 7.0499999523162851 1.2450000047683718 -1.0000000180025095e-35 8.7500000000000018 -1.0000000180025095e-35 1012.9500122070314 70.500000000000014 9.9499998092651385
decision_type=2 2 2 2 2 2 2 2 2 2 2 2 2 2 2 2 2 2 2 2 2 2 2 2 2 2 2 2 2 2
left_child=2 4 5 9 13 11 8 -8 17 -4 16 -1 27 28 18 -16 -9 -3 -10 29 -11 26 -7 -12 -5 -22 -14 -6 -2 -15
right_child=1 6 3 24 12 22 7 10 14 20 23 -13 21 19 15 -17 -18 -19 -20 -21 25 -23 -24 -25 -26 -27 -28 -29 -30 -31
leaf_value=-0.13141520843083485 0.016551956737102004 0.15096776318038685 -0.014042926558518576 0.013607047843984955 0.055104465481350451 -0.078767804689615181 0.15096776318038685 0.17146245679284774 0.093936226118890631 -0.047227998934479369 0.22697040063363538 -0.096300296172247099 0.093936226118890631 0.02358300054586062 0.093936226118890631 0.13084522628475548 0.24039339667872378 0.093936226118890631 0.15096776318038685 0.055104465481350451 -0.038606120343374614 0.055104465481350451 -0.057139039625673994 0.33750686347484593 -0.0049841035611023089 -0.024414662212077276 0.06126018294558902 0.093936226118890631 0.036912833549676165 0.044602715106073824
leaf_weight=429 595 273 717 1322 63 826 82 351 51 956 81 1180 213 930 401 309 95 42 174 552 1397 441 2290 32 2043 1787 291 630 552 916
leaf_count=429 224 91 351 567 21 743 32 117 17 507 34 1155 71 329 136 103 38 14 58 191 709 154 1363 13 953 887 97 210 192 315
internal_value=0.000236679 0.0721706 -0.0390667 -0.0170122 0.0471652 -0.0774438 0.140707 0.182828 0.119108 -0.0304056 0.200725 -0.105663 0.0766824 0.0335265 0.10475 0.0939362 0.186145 0.150968 0.139439 0.0405977 -0.0347864 0.0637529 -0.0628725 0.258273 0.00231976 -0.0299842 0.0822224 0.0939362 0.018743 0.034101
internal_weight=20021 7074 12947 8222 5183 4725 1891 641 1250 4857 559 1609 1638 3545 935 710 446 315 225 2398 4140 945 3116 113 3365 3184 504 693 1147 1846
internal_count=10121 2457 7664 3974 1804 3690 653 234 419 2454 202 1584 553 1251 314 239 155 105 75 835 2103 322 2106 47 1520 1596 168 231 416 644
is_linear=0
shrinkage=0.05


Tree=19
num_leaves=31
num_cat=0
split_feature=25 25 25 25 25 25 25 10 5 5 10 7 25 10 23 20 7 6 4 25 25 3 12 2 23 10 10 9 10 20
split_gain=20407.3 4828.89 3590.29 938.515 811.443 462.343 447.357 304.125 223.91 187.027 182.413 169.322 161.183 158.57 153.801 128.242 124.773 130.057 101.213 99.039 90.3598 89.8153 86.7806 86.0158 78.1327 77.3358 97.5223 62.8181 61.0732 57.2176
threshold=11.150000095367433 14.84999990463257 7.6499998569488534 18.550000190734867 9.8499999046325701 12.949999809265138 5.5499999523162851 -0.98295000195503224 -1.3049999475479124 -1.955000042915344 -0.6035499870777129 1021.1499938964845 15.949999809265138 -0.37939999997615809 47.500000000000007 16.050000190734867 1021.6499938964845 377.50000000000006 0.6850000023841859 7.0499999523162851 8.6500000953674334 28.500000000000004 1.0000000180025095e-35 1.1250000000000002 54.500000000000007 -0.37939999997615809 -0.98295000195503224 0.78654998540878307 0.3793999999761582 12.34999990463257
decision_type=2 2 2 2 2 2 2 2 2 2 2 2 2 2 2 2 2 2 2 2 2 2 2 2 2 2 2 2 2 2
left_child=2 5 6 9 10 23 -1 -5 -7 -3 16 15 -11 -14 -12 -9 -4 -18 -13 27 -16 29 28 -2 -25 26 -23 -8 -10 -6
right_child=1 3 4 7 21 8 19 11 22 12 14 18 13 -15 20 -17 17 -19 -20 -21 -22 25 -24 24 -26 -27 -28 -29 -30 -31
leaf_value=-0.11554507899977087 0.04009795803768107 0.078632714377373306 -0.019154600181631076 0.13810091779556616 -0.019154600181631076 0.04009795803768107 -0.073462697260728169 0.16288933618116244 0.078632714377373306 0.090205896228449461 -0.052369882439682908 0.2143152762062942 0.13810091779556616 0.10857007361643051 -0.042253418289441957 0.22837373181393272 -0.019154600181631076 -0.052369882439682908 0.31749041641459752 -0.06100465576023574 -0.024284962950814906 -0.019154600181631076 0.052374729469533587 0.012367986308505212 0.027505051290807471 -0.0054913549403355008 0.012367986308505212 -0.094087159815553711 0.05708891784257078 0.012367986308505212
leaf_weight=783 381 357 1044 82 532 661 1095 351 450 582 1583 79 267 683 874 95 122 322 34 1091 1430 65 518 938 1857 1916 842 557 329 101
leaf_count=783 129 121 520 32 269 233 987 117 150 194 856 33 89 228 450 38 58 172 14 708 715 36 175 360 675 905 363 557 110 44
internal_value=0.00019616 0.0642947 -0.0395587 0.120832 -0.0225287 0.0364336 -0.082211 0.17311 0.0555435 0.103092 -0.034682 0.190689 0.110926 0.12362 -0.040381 0.176838 -0.0197947 -0.0456861 0.245359 -0.0726957 -0.032137 -0.00362723 0.0682358 0.0246524 0.0214426 0.000202557 0.0122307 -0.0804166 0.0786327 -0.0191546
internal_weight=20021 7664 12357 2530 8831 5134 3526 641 1958 1889 5375 559 1532 950 3887 446 1488 444 113 2743 2304 3456 1297 3176 2795 2823 907 1652 779 633
internal_count=10121 2698 7423 866 4388 1832 3035 234 668 632 2771 202 511 317 2021 155 750 230 47 2252 1165 1617 435 1164 1035 1304 399 1544 260 313
is_linear=0
shrinkage=0.05


Tree=20
num_leaves=31
num_cat=0
split_feature=25 25 25 25 25 25 25 10 6 24 8 6 11 25 5 5 8 3 26 25 27 8 23 5 25 9 0 5 0 3
split_gain=18243.3 4256.3 3043.47 1003.51 629.232 528.371 426.95 314.096 355.753 263.07 164.099 171.596 115.542 114.638 111.356 110.732 104.46 102.602 101.991 99.4426 91.7517 89.2948 88.681 82.4154 79.1291 77.6461 77.1957 76.8042 61.4782 49.9502
threshold=12.150000095367433 8.1500000953674334 15.750000000000002 10.34999990463257 6.3500001430511483 21.899999618530277 13.84999990463257 0.98295000195503246 1017.5000000000001 84.58499908447267 2.5000000000000004 497.50000000000006 -1.0000000180025095e-35 4.7500000000000009 0.69499999284744274 -0.29500000178813929 1.5000000000000002 30.500000000000004 12.949999809265138 10.949999809265138 22.150000572204593 575.00000000000011 44.500000000000007 -1.9950000047683714 9.2500000000000018 0.60354998707771312 24.849999427795414 -2.814999938011169 23.94999980926514 26.500000000000004
decision_type=2 2 2 2 2 2 2 2 2 2 2 2 2 2 2 2 2 2 2 2 2 2 2 2 2 2 2 2 2 2
left_child=1 4 6 10 13 7 15 8 9 -4 18 -12 17 -1 -7 20 27 -8 -3 29 26 -14 -17 -21 -13 -25 -2 -6 -15 -5
right_child=2 3 5 19 16 14 12 -9 -10 -11 11 24 21 28 -16 22 -18 -19 -20 23 -22 -23 -24 25 -26 -27 -28 -29 -30 -31
leaf_value=-0.12099402095040968 0.021263367249686513 -0.040800362741634212 0.16104137793371426 -0.0092389413803173476 -0.077251101202870723 0.18682422271141641 0.052483125902124006 0.087613629685142511 0.087613629685142511 0.12366118498232173 -0.0092389413803173476 -0.036666039749253088 0.052483125902124006 -0.09624008445128851 0.28550812585013258 0.021263367249686513 -0.047442753447593827 0.087613629685142511 -0.022810280054377408 0.0068438108614844607 0.051704550890615153 0.087613629685142511 0.052483125902124006 0.021263367249686513 -0.018177833033006515 0.0068438108614844607 0.036628242014755175 -0.057932073804032473 -0.077251101202870723 0.003319095375168456
leaf_weight=372 773 1510 207 296 614 156 123 108 71 1305 866 1025 801 843 35 183 1424 567 1072 890 318 129 715 1035 884 199 448 1152 263 1604
leaf_count=372 278 774 73 147 526 58 41 38 26 440 420 523 274 843 14 66 901 189 539 365 106 43 244 389 437 86 154 765 237 720
internal_value=5.7838e-05 -0.031 0.0735268 -0.0115865 -0.0700142 0.126079 0.0491484 0.117175 0.125423 0.133274 -0.0257599 -0.0173186 0.0690426 -0.0969834 0.204908 0.0359237 -0.0575188 0.084545 -0.0348322 0.00728203 0.0277823 0.0575408 0.0498765 0.0147161 -0.0271167 0.0212634 0.0215519 -0.0656435 -0.0889075 -0.00102848
internal_weight=19988 14049 5939 9381 4668 1882 4057 1691 1583 1512 5357 2775 1620 1478 191 2437 3190 690 2582 4024 1539 930 898 2124 1909 1234 1221 1766 1106 1900
internal_count=10088 8044 2044 4400 3644 649 1395 577 539 513 2693 1380 547 1452 72 848 2192 230 1313 1707 538 317 310 840 960 475 432 1291 1080 867
is_linear=0
shrinkage=0.05


Tree=21
num_leaves=31
num_cat=0
split_feature=25 25 25 25 25 25 25 12 10 6 2 25 2 25 1 7 17 11 7 25 3 9 27 3 9 10 26 20 29 4
split_gain=16418.4 3844.44 2723.04 901.526 568.426 499.921 388.713 257.919 225.832 172.64 167.919 140.694 137.797 132.461 122.881 111.686 115.865 105.503 99.4384 98.537 94.4415 83.7782 81.7875 86.5903 80.4214 89.8077 77.8121 76.1603 65.9212 61.5817
threshold=12.150000095367433 8.1500000953674334 15.750000000000002 10.150000095367433 6.0499999523162851 18.550000190734867 13.84999990463257 1.0000000180025095e-35 -0.37939999997615809 862.50000000000011 1.544999957084656 7.0499999523162851 1.6250000000000002 21.050000190734867 80.500000000000014 1015.0499877929689 0.1225000023841858 -1.0000000180025095e-35 1020.2500000000001 8.8499999046325701 30.500000000000004 0.3793999999761582 22.150000572204593 283.50000000000006 -0.37939999997615809 -1.0000000180025095e-35 5.1499998569488534 8.7500000000000018 28.500000000000004 1.0249999761581423
decision_type=2 2 2 2 2 2 2 2 2 2 2 2 2 2 2 2 2 2 2 2 2 2 2 2 2 2 2 2 2 2
left_child=1 4 6 10 26 8 22 28 9 -4 -3 -6 -5 21 -14 16 -10 20 -17 -12 -8 -9 23 -2 25 -19 -1 -21 -7 -15
right_child=2 3 5 12 11 7 17 13 15 -11 19 -13 14 29 -16 18 -18 24 -20 27 -22 -23 -24 -25 -26 -27 -28 -29 -30 -31
leaf_value=-0.13014577422172399 0.036047055260219271 -0.010233922255752256 0.1288340891160229 0.020160146847348584 -0.069832411526065119 0.1288340891160229 0.04986322403515181 0.1288340891160229 0.083065353730070457 0.083065353730070457 -0.038734486476381808 -0.049135578409270533 0.0087947433672154168 0.19196545438563573 -0.010224070354842241 0.083065353730070457 0.1288340891160229 0.083065353730070457 0.11168801892212249 -0.031331871292898585 0.083065353730070457 0.17187994020073505 0.04986322403515181 0.020160146847348584 0.04986322403515181 0.050888893613753483 -0.092192855902887727 -0.020015514115853211 0.19852927625179292 0.26305564335414344
leaf_weight=157 1657 725 279 1013 1292 143 123 72 54 48 1538 2253 1951 235 1504 387 174 213 321 1097 567 78 369 411 429 288 966 1553 56 35
leaf_count=157 578 355 93 412 1201 50 41 24 18 16 796 1340 822 91 689 131 58 71 107 557 189 26 123 147 150 96 946 769 21 14
internal_value=4.31746e-05 -0.0294204 0.0697407 -0.01097 -0.066499 0.119449 0.0466813 0.15626 0.101409 0.128834 -0.0257515 -0.0566787 0.00528365 0.180252 0.000515642 0.0886083 0.119818 0.0656638 0.0830654 -0.0297971 0.0804774 0.142579 0.0340627 0.0300371 0.054673 0.0709404 -0.0974988 -0.0239293 0.128834 0.201181
internal_weight=19988 14049 5939 9381 4668 1882 4057 619 1263 327 4913 3545 4468 420 3455 936 228 1620 708 4188 690 150 2437 2068 930 501 1123 2650 199 270
internal_count=10088 8044 2044 4400 3644 649 1395 226 423 109 2477 2541 1923 155 1511 314 76 547 238 2122 230 50 848 725 317 167 1103 1326 71 105
is_linear=0
shrinkage=0.05


Tree=22
num_leaves=31
num_cat=0
split_feature=25 25 25 25 25 25 25 5 9 5 7 2 8 25 10 24 6 26 8 9 17 27 2 26 0 3 9 10 7 8
split_gain=14800.3 3092.57 2892.86 584.359 536.596 513.005 361.159 274.74 186.12 182.011 179.995 160.849 127.844 126.976 118.235 111.581 95.3031 93.5803 85.0739 84.6992 84.3969 76.4731 72.7662 70.2255 70.2584 65.6222 64.9158 64.0752 62.5524 62.5172
threshold=11.550000190734865 15.250000000000002 8.1500000953674334 18.550000190734867 9.9499998092651385 6.0499999523162851 13.449999809265138 -0.10500000044703482 1.0000000180025095e-35 -1.9350000023841856 1015.0499877929689 1.794999957084656 1.0000000180025095e-35 7.0499999523162851 -0.98295000195503224 372.91499328613287 452.50000000000006 28.050000190734867 558.50000000000011 0.91595000028610241 0.1225000023841858 12.949999809265138 2.6800000667572026 5.1499998569488534 23.94999980926514 189.50000000000003 0.60354998707771312 -0.98295000195503224 1021.1499938964845 1.5000000000000002
decision_type=2 2 2 2 2 2 2 2 2 2 2 2 2 2 2 2 2 2 2 2 2 2 2 2 2 2 2 2 2 2
left_child=2 6 5 8 11 23 22 14 10 -8 20 -4 -6 -7 -5 28 -14 -16 -12 -10 -3 25 26 -1 -25 -11 -2 -18 -9 -13
right_child=1 3 4 7 12 13 9 15 19 21 18 29 16 -15 17 -17 27 -19 -20 -21 -22 -23 -24 24 -26 -27 -28 -29 -30 -31
leaf_value=-0.12363848481208656 0.039704321057864068 0.083029422607987818 -0.013195636285254747 0.11921090698251553 -0.0098565981744489425 -0.066340791182044681 0.039704321057864068 0.1823318507220294 0.11921090698251553 0.060929454672419982 0.070775461436062906 -0.038567035449021285 0.01335448190246967 -0.04667879922494881 0.12636417073588219 0.14364239885693506 -0.013195636285254747 0.18070655940235525 0.11679631074269613 0.072410531616722701 0.11921090698251553 0.070775461436062906 0.01675816161531845 -0.095746879079990369 -0.073234318578370039 0.039704321057864068 0.024479600113292768 0.003541621162593365 0.24630655638779264 -0.025313843795720326
leaf_weight=157 1078 198 891 58 1874 1292 416 74 408 438 660 1484 673 2253 186 84 98 138 111 99 192 650 1387 739 227 160 617 1250 79 2017
leaf_count=157 370 66 438 24 892 1201 149 28 136 146 222 762 275 1340 62 28 51 52 37 33 64 217 510 739 207 55 213 562 32 1020
internal_value=7.90312e-06 0.058402 -0.031693 0.106165 -0.0139601 -0.063174 0.0353861 0.147654 0.0907683 0.0541574 0.0797312 -0.0259417 -0.00044953 -0.0538447 0.121416 0.189944 0.0082733 0.14951 0.0707755 0.116043 0.108093 0.0650643 0.0252512 -0.0926239 -0.0875832 0.0510834 0.032201 -0.00132399 0.215365 -0.031047
internal_weight=19988 7033 12955 2287 8287 4668 4746 619 1668 1664 1161 4392 3895 3545 382 237 2021 324 771 507 390 1248 3082 1123 966 598 1695 1348 153 3501
internal_count=10088 2444 7644 784 4000 3644 1660 226 558 567 389 2220 1780 2541 138 88 888 114 259 169 130 418 1093 1103 946 201 583 613 60 1782
is_linear=0
shrinkage=0.05


Tree=23
num_leaves=31
num_cat=0
split_feature=26 26 26 7 26 26 24 29 5 7 0 24 24 9 5 26 6 23 24 4 0 23 26 1 9 24 28 7 26 26
split_gain=11127.6 2762.69 2094.18 639.245 693.418 618.281 487.879 424.718 238.392 298.12 216.263 206.514 181.02 179.76 165.45 123.262 119.104 111.691 101.977 98.5188 89.5434 75.6452 75.2315 69.6754 55.6301 42.7479 41.2535 40.8673 37.0932 32.1611
threshold=15.150000095367433 20.150000572204593 11.150000095367433 1022.8500061035157 25.899999618530277 7.6499998569488534 283.75000000000006 7.7500000000000009 -2.2949999570846553 1019.6499938964845 25.44999980926514 84.58499908447267 352.91499328613287 1.0000000180025095e-35 -1.9350000023841856 12.750000000000002 452.50000000000006 70.500000000000014 42.915000915527351 1.2450000047683718 23.250000000000004 32.500000000000007 5.1499998569488534 88.500000000000014 0.60354998707771312 348.75000000000006 75.500000000000014 1016.5499877929689 28.050000190734867 10.050000190734865
decision_type=2 2 2 2 2 2 2 2 2 2 2 2 2 2 2 2 2 2 2 2 2 2 2 2 2 2 2 2 2 2
left_child=2 7 5 4 11 22 16 17 26 21 15 -3 23 -11 -13 -8 24 -2 -5 28 29 -10 -1 -7 -4 -24 -9 -28 -6 -14
right_child=1 3 6 18 19 12 10 8 9 13 -12 14 20 -15 -16 -17 -18 -19 -20 -21 -22 -23 25 -25 -26 -27 27 -29 -30 -31
leaf_value=-0.11745656406044201 0.0084032348764896941 0.13086685880081692 0.0084032348764896941 0.20186480769404658 0.13153520737375532 -0.032809100700132765 -0.032809100700132765 0.024929454225114712 0.024929454225114712 0.024929454225114712 -0.0068684963531973585 0.060986579577210057 -0.06476274627184328 0.050608470928010942 0.095111845102575088 -0.018302253176392499 -0.0068684963531973585 0.024929454225114712 0.060986579577210057 0.24240374128992964 -0.04320454235924201 0.060986579577210057 -0.066927775077148297 -0.04320454235924201 0.00076736926164616768 -0.087950698388907733 0.060986579577210057 0.041104015949967342 0.16999818805740913 -0.052564685293658535
leaf_weight=157 1309 71 906 27 84 813 1576 627 65 808 1165 213 838 899 1107 1971 361 888 416 41 943 795 379 928 982 668 135 63 247 506
leaf_count=157 574 26 373 9 30 440 818 244 23 299 527 71 732 304 369 974 165 338 142 16 612 269 358 608 451 664 45 23 93 334
internal_value=-1.16644e-05 0.0466472 -0.0298407 0.0940269 0.108657 -0.0537421 -0.0118761 0.0279463 0.039039 0.0471833 -0.021021 0.0924405 -0.0443449 0.0340954 0.0867406 -0.027326 0.00728405 0.0108199 0.0609866 0.169293 -0.0536 0.0609866 -0.0851805 -0.0328091 0.00840323 -0.0803407 0.0249295 0.0572786 0.160237 -0.0619248
internal_weight=19988 7795 12193 2206 1763 5232 6961 5589 3392 2567 4712 1391 4028 1707 1320 3547 2249 2197 443 372 2287 860 1204 1741 1888 1047 825 198 331 1344
internal_count=10088 2875 7213 756 605 3905 3308 2119 1207 895 2319 466 2726 603 440 1792 989 912 151 139 1678 292 1179 1048 824 1022 312 68 123 1066
is_linear=0
shrinkage=0.05


Tree=24
num_leaves=31
num_cat=0
split_feature=25 25 25 25 25 25 25 5 5 18 9 7 27 2 8 10 29 2 8 8 6 17 4 5 12 2 1 4 4 8
split_gain=12114.4 3017.52 2021.08 523.635 399.584 332.675 275.631 240.418 180.604 174.102 121.395 138.886 117.753 107.278 103.428 102.341 100.484 96.8031 114.402 96.4258 91.8931 89.9214 84.8815 81.0494 71.3022 62.7993 54.344 47.4622 45.9431 45.0034
threshold=10.949999809265138 14.84999990463257 7.6499998569488534 18.550000190734867 9.2500000000000018 12.949999809265138 5.5499999523162851 -0.10500000044703482 -0.88499999046325672 21.44999980926514 1.0000000180025095e-35 1015.0499877929689 20.44999980926514 1.1800000071525576 1.5000000000000002 -0.98295000195503224 5.4500000476837167 1.9300000071525576 49.500000000000007 1.5000000000000002 792.50000000000011 0.11250000074505807 1.2450000047683718 2.6049998998641972 1.0000000180025095e-35 2.1800000667572026 57.500000000000007 1.044999957084656 1.9450000524520876 1.0000000180025095e-35
decision_type=2 2 2 2 2 2 2 2 2 2 2 2 2 2 2 2 2 2 2 2 2 2 2 2 2 2 2 2 2 2
left_child=2 5 6 9 14 17 -1 12 27 10 11 -3 15 -6 23 -5 -9 -2 -19 25 -16 -15 -18 -4 -10 -8 -21 -7 -28 -23
right_child=1 3 4 7 13 8 19 16 24 -11 -12 -13 -14 21 20 -17 22 18 -20 26 -22 29 -24 -25 -26 -27 28 -29 -30 -31
leaf_value=-0.090187256349814685 0.03050178967238043 0.090662320635797058 -0.041494443118949176 0.1062968859135103 0.0076141418840342812 0.03050178967238043 -0.049897593780396848 0.1062968859135103 0.059848865851954258 0.1062968859135103 0.090662320635797058 0.059848865851954258 0.19823716981070383 -0.019834602410423119 -0.019834602410423119 0.13633536285299672 0.1713571140565068 0.0076141418840342812 0.021605096408061703 -0.069625663404981483 -0.037810010721892197 -0.012358785947784608 0.25703848157610215 -0.019834602410423119 0.038648185186573994 -0.07202649471333547 -0.041494443118949176 0.059848865851954258 -0.073359753203883812 -0.0021086011876925909
leaf_weight=786 974 405 1635 44 568 809 468 36 674 84 570 822 35 1874 1162 303 166 1081 1536 203 754 1023 35 292 414 1018 900 75 103 1139
leaf_count=786 346 135 877 17 257 282 335 12 225 28 190 276 14 925 587 107 62 435 576 180 387 504 14 147 140 962 647 25 87 523
internal_value=-5.13698e-05 0.0472874 -0.0320591 0.0929154 -0.0188509 0.0267823 -0.064138 0.132805 0.0432822 0.0797884 0.0750278 0.0660588 0.108261 -0.00891537 -0.0307538 0.106297 0.172366 0.0177214 0.0127084 -0.0565323 -0.0225277 -0.0118313 0.186277 -0.038933 0.0571671 -0.0650572 -0.046028 0.0305018 -0.0414944 -0.00488297
internal_weight=19988 8063 11925 2500 8447 5563 3478 619 1972 1881 1797 1227 382 4604 3843 347 237 3591 2617 2692 1916 4036 201 1927 1088 1486 1206 884 1003 2162
internal_count=10088 2884 7204 855 4207 2029 2997 226 672 629 601 411 138 2209 1998 124 88 1357 1011 2211 974 1952 76 1024 365 1297 914 307 734 1027
is_linear=0
shrinkage=0.05


Tree=25
num_leaves=31
num_cat=0
split_feature=25 25 25 25 25 25 9 7 25 1 8 6 2 2 25 17 9 6 25 1 8 25 25 20 9 4 23 25 8 6
split_gain=10505.7 2548.16 1737.61 606.955 434.929 330.427 262.653 270.21 221.403 208.795 129.686 131.54 125.635 123.192 114.891 107.925 100.964 82.6245 63.2991 58.7196 56.7034 56.3371 56.2076 52.6395 48.6039 46.2324 44.9884 38.1319 36.8728 35.1891
threshold=12.150000095367433 8.0500001907348651 15.449999809265138 9.9499998092651385 21.050000190734867 5.5499999523162851 1.0000000180025095e-35 1015.0499877929689 13.84999990463257 61.500000000000007 1.0000000180025095e-35 452.50000000000006 1.794999957084656 1.1250000000000002 7.0499999523162851 0.11450000107288362 0.91595000028610241 397.50000000000006 8.7500000000000018 74.500000000000014 1.5000000000000002 10.949999809265138 16.800000190734867 8.7500000000000018 0.78654998540878307 1.0249999761581423 88.500000000000014 3.6499999761581425 1.5000000000000002 827.50000000000011
decision_type=2 2 2 2 2 2 2 2 2 2 2 2 2 2 2 2 2 2 2 2 2 2 2 2 2 2 2 2 2 2
left_child=1 5 8 12 6 27 7 22 17 -6 13 -12 -3 -5 20 -10 -8 24 -14 -9 -7 -13 -4 -20 -2 -11 -19 -1 -16 -30
right_child=2 3 4 10 9 14 16 19 15 25 11 21 18 -15 28 -17 -18 26 23 -21 -22 -23 -24 -25 -26 -27 -28 -29 29 -31
leaf_value=-0.12007343115078078 0.038896664677110428 -0.010330608815018181 0.082094133911710804 0.015763162008831533 0.11317395355925863 -0.067346720518733166 0.11317395355925863 0.093266106090662673 0.038896664677110428 0.15884242066345763 0.015763162008831533 -0.0086068271907425598 -0.03292188653114652 -0.010330608815018181 -0.047597572838491385 0.063933955920614793 0.065971695697098445 0.015763162008831533 -0.027385814628016581 0.063933955920614793 -0.050216790971637719 0.0080691884285244882 0.11317395355925863 -0.018772566410406623 0.024969608865012274 0.22229457944631578 0.024969608865012274 -0.081885861591239215 -0.03292188653114652 -0.0499849108979106
leaf_weight=72 870 987 165 434 30 937 420 326 722 279 905 899 1404 1825 1039 639 114 789 1006 476 706 945 231 1260 519 32 217 710 579 304
leaf_count=72 299 488 55 177 12 919 140 111 247 107 357 429 743 860 662 213 38 290 512 161 615 368 77 627 173 13 73 710 313 186
internal_value=-0.00070847 -0.024175 0.0557013 -0.00987527 0.0924475 -0.0559685 0.0822854 0.0692858 0.0354204 0.144063 0.00220755 0.00950137 -0.0228688 -0.00666838 -0.0495122 0.051524 0.111449 0.0262693 -0.0272145 0.063934 -0.0592204 0.000375215 0.106272 -0.0218497 0.0341761 0.165371 0.0157632 -0.0854019 -0.0412132 -0.0337009
internal_weight=19841 14012 5829 9665 2073 4347 1732 1198 3756 341 5008 2749 4657 2259 3565 1361 534 2395 3670 802 1643 1844 396 2266 1389 311 1006 782 1922 883
internal_count=10047 8038 2009 4561 714 3477 582 404 1295 132 2191 1154 2370 1037 2695 460 178 835 1882 272 1534 797 132 1139 472 120 363 782 1161 499
is_linear=0
shrinkage=0.05


Tree=26
num_leaves=31
num_cat=0
split_feature=25 25 25 25 5 25 25 25 29 22 8 6 2 2 7 11 5 8 7 25 17 25 23 25 5 20 1 25 27 7
split_gain=9426.01 2298.21 1542.72 551.321 350.18 458.995 300.48 250.941 157.601 141.032 121.428 120.551 115.638 114.392 113.879 91.5151 89.8728 79.9397 72.3561 61.7748 58.6399 58.1729 55.2083 51.0683 49.8137 49.0601 48.8368 55.9884 48.6799 47.4487
threshold=12.150000095367433 8.0500001907348651 15.750000000000002 9.9499998092651385 -1.814999997615814 21.050000190734867 6.0499999523162851 13.84999990463257 28.500000000000004 21.44999980926514 1.0000000180025095e-35 452.50000000000006 1.794999957084656 1.544999957084656 1022.8500061035157 -1.0000000180025095e-35 -0.29500000178813929 1.5000000000000002 1020.1499938964845 7.5499999523162851 0.11450000107288362 8.7500000000000018 41.500000000000007 10.949999809265138 0.81499999761581432 8.7500000000000018 86.500000000000014 4.2500000000000009 4.2500000000000009 1012.9500122070314
decision_type=2 2 2 2 2 2 2 2 2 2 2 2 2 2 2 2 2 2 2 2 2 2 2 2 2 2 2 2 2 2
left_child=1 6 7 12 8 9 26 16 -4 14 13 -12 -3 -5 -6 29 18 19 -2 -8 -17 -14 -18 -13 -7 -23 27 -1 -19 -9
right_child=2 3 4 10 5 24 17 15 -10 -11 11 23 21 -15 -16 20 22 28 -20 -21 -22 25 -24 -25 -26 -27 -28 -29 -30 -31
leaf_value=-0.096947821761880604 0.029997379323625041 -0.0097635542639920459 0.062668382944663009 0.012077383643817044 0.089109001382155356 0.15136572385995128 -0.05893708887303474 0.037784592113361576 0.16773274946212768 0.12295338481338254 0.014920343067817827 -0.0081764857884542037 -0.031216721660847033 -0.0097635542639920459 0.062668382944663009 0.037784592113361576 0.014920343067817827 -0.047296967453402047 0.014920343067817827 -0.039507029495438578 0.056694344791967971 -0.025968320833289284 0.037784592113361576 0.0076492995612256615 0.22386540449582615 -0.01782537499263975 -0.088195386109873652 -0.060379481091161716 -0.031216721660847033 0.062668382944663009
leaf_weight=126 843 987 303 653 1085 267 1195 57 50 72 905 899 1404 1606 63 497 166 618 678 622 429 1006 708 945 26 1260 448 547 791 585
leaf_count=126 291 488 105 274 362 103 1071 19 19 24 357 429 743 763 21 172 60 441 242 351 143 512 242 368 11 627 448 527 513 195
internal_value=-0.00068192 -0.0229099 0.0527505 -0.00932958 0.0902369 0.101604 -0.0531039 0.0350999 0.0626684 0.0881076 0.00218617 0.00924394 -0.0217133 -0.0064025 0.0829846 0.0506497 0.0249195 -0.0453547 0.0175774 -0.0522857 0.0404948 -0.0258872 0.0376968 0.000378256 0.157799 -0.0207199 -0.0754042 -0.0668895 -0.0364167 0.0626684
internal_weight=19841 14012 5829 9665 1866 1513 4347 3963 353 1220 5008 2749 4657 2259 1148 1568 2395 3226 1521 1817 926 3670 874 1844 293 2266 1121 673 1409 642
internal_count=10047 8038 2009 4561 645 521 3477 1364 124 407 2191 1154 2370 1037 383 529 835 2376 533 1422 315 1882 302 797 114 1139 1101 653 954 214
is_linear=0
shrinkage=0.05


Tree=27
num_leaves=31
num_cat=0
split_feature=25 25 25 25 25 9 7 25 6 25 5 9 2 23 2 5 20 9 8 10 8 12 2 17 4 20 5 18 23 25
split_gain=8477.12 2154.5 1519.46 398.868 292.281 231.847 260.271 229.997 196.108 191.904 133.911 113.867 95.6475 94.4429 90.6468 85.5702 83.512 80.1202 73.541 71.4422 65.4852 63.0393 55.3806 52.5224 47.437 51.8114 42.9332 37.1568 35.2702 32.9154
threshold=10.949999809265138 14.84999990463257 7.6499998569488534 21.050000190734867 9.2500000000000018 1.0000000180025095e-35 1015.0499877929689 12.949999809265138 772.50000000000011 5.5499999523162851 -1.3049999475479124 0.91595000028610241 2.1250000000000004 68.500000000000014 1.1800000071525576 -2.2949999570846553 12.449999809265138 0.78654998540878307 546.50000000000011 0.91595000028610241 1.5000000000000002 1.0000000180025095e-35 2.1800000667572026 0.11250000074505807 2.1950000524520878 5.5499999523162851 0.81499999761581432 3.8500000238418584 58.500000000000007 3.6499999761581425
decision_type=2 2 2 2 2 2 2 2 2 2 2 2 2 2 2 2 2 2 2 2 2 2 2 2 2 2 2 2 2 2
left_child=2 7 9 5 15 6 16 12 26 29 -9 -7 -2 -14 -6 -4 -3 27 -8 23 22 -12 -11 -16 25 -22 -5 -17 -13 -1
right_child=1 3 4 8 14 11 18 10 -10 20 21 28 13 -15 19 17 -18 -19 -20 -21 24 -23 -24 -25 -26 -27 -28 -29 -30 -31
leaf_value=-0.10939255944556661 0.025116242585267748 0.066491454588210028 -0.035548870060019382 0.14527329855443891 0.0058800144158725033 0.099121651517850323 0.049929084746064382 0.025116242585267748 0.099121651517850323 -0.041610201592225241 0.049929084746064382 0.049929084746064382 0.0058800144158725033 0.016938929117533717 -0.013522680931038278 -0.032166012609171048 0.099121651517850323 -0.03570074647834659 0.086890371734241273 -0.016850643095086191 -0.063097302986972678 0.031487609009750228 -0.06243280149540123 -0.0021966532855886563 -0.063097302986972678 -0.03570074647834659 0.21267213271214414 -0.016850643095086191 0.087956110447172137 -0.073913039970146102
leaf_weight=72 1151 237 1494 259 574 489 838 647 56 463 740 84 1124 1323 1589 437 255 628 159 550 88 517 1029 1879 92 997 26 1271 63 710
leaf_count=72 407 79 788 100 259 163 284 228 21 332 247 28 458 496 781 232 85 332 53 277 86 175 977 889 87 725 11 644 21 710
internal_value=-0.000680661 0.0392143 -0.0274543 0.0780501 -0.0160044 0.0699947 0.059201 0.0218081 0.128249 -0.0553971 0.035861 0.095265 0.0143715 0.00876162 -0.00749771 -0.0262036 0.0897122 -0.0202267 0.0499291 -0.0102733 -0.0490149 0.0461211 -0.0559711 -0.00676982 -0.040197 -0.0370552 0.151422 -0.0168506 0.0543906 -0.0771797
internal_weight=19841 7968 11873 2466 8422 2125 1489 5502 341 3451 1904 636 3598 2447 4592 3830 492 2336 997 4018 2669 1257 1492 3468 1177 1085 285 1708 147 782
internal_count=10047 2856 7191 845 4202 713 501 2011 132 2989 650 212 1361 954 2206 1996 164 1208 337 1947 2207 422 1309 1670 898 811 111 876 49 782
is_linear=0
shrinkage=0.05


Tree=28
num_leaves=31
num_cat=0
split_feature=25 25 25 25 5 25 25 25 29 24 6 8 10 8 5 10 21 27 9 27 0 2 25 5 8 25 5 11 6 25
split_gain=7623.94 1611.84 1605.87 386.037 334.382 421.879 230.039 173.106 170.04 154.164 131.024 118.919 105.342 96.6774 96.2503 93.6648 85.8461 82.0657 69.4958 61.5064 59.9784 48.4976 47.781 40.3225 37.3386 36.321 33.465 31.3899 30.9179 29.7062
threshold=11.550000190734865 15.34999990463257 7.6499998569488534 9.7500000000000018 -1.814999997615814 21.050000190734867 13.84999990463257 5.5499999523162851 28.500000000000004 69.58499908447267 427.50000000000006 2.5000000000000004 -0.91595000028610218 15.500000000000002 -0.40500000119209284 -0.98295000195503224 13.84999990463257 6.3500001430511483 0.60354998707771312 12.750000000000002 24.550000190734867 1.4550000429153445 6.3500001430511483 0.81499999761581432 710.50000000000011 8.8499999046325701 -1.814999997615814 -0.87834998965263356 672.50000000000011 3.6499999761581425
decision_type=2 2 2 2 2 2 2 2 2 2 2 2 2 2 2 2 2 2 2 2 2 2 2 2 2 2 2 2 2 2
left_child=2 6 7 11 8 9 10 29 -3 -6 18 14 -11 21 -4 -15 26 25 27 -16 22 -5 -9 -7 -12 -13 -8 -2 -17 -1
right_child=1 4 3 13 5 23 16 20 -10 12 24 17 -14 15 19 28 -18 -19 -20 -21 -22 -23 -24 -25 -26 -27 -28 -29 -30 -31
leaf_value=-0.10392293102211424 0.018084601888301435 0.051390685489630661 -0.032702034321952081 0.0051644732353699017 0.10965801229033106 0.13681033916687699 0.031166446500218214 -0.059945816709754435 0.15397108221054079 0.051390685489630661 0.0090304497938072242 -0.029674905819704264 0.077139305241772815 -0.011802294712233716 -0.026780947747419178 0.0090304497938072242 0.051390685489630661 -0.011802294712233716 0.018084601888301435 -0.011802294712233716 -0.032702034321952081 -0.011802294712233716 -0.045542860743797035 0.20203852378405057 0.018084601888301435 -0.017620240214943801 0.041278565994924438 0.031166446500218214 -0.00070684056961637255 -0.07021738740786071
leaf_weight=72 163 390 1340 501 114 267 135 577 50 132 1316 1012 1178 175 876 945 585 979 862 310 430 1789 1662 26 186 650 557 995 857 710
leaf_count=72 63 134 723 223 38 103 51 577 19 44 486 524 393 87 451 393 195 491 296 153 319 875 1311 11 64 323 186 338 394 710
internal_value=-0.000674818 0.0415085 -0.0234476 -0.0127716 0.0774091 0.0879599 0.0253723 -0.0526325 0.0513907 0.0767175 0.0187806 -0.021963 0.0712691 -0.00164163 -0.0297191 0.00645838 0.0435523 -0.0145446 0.0271388 -0.0178077 -0.0465709 -0.00863453 -0.0499141 0.142599 0.00903045 -0.0234382 0.0311664 0.0311664 0.00903045 -0.0733207
internal_weight=19841 6956 12885 9434 2157 1717 4799 3451 440 1424 3522 5167 1310 4267 2526 1977 1277 2641 2020 1186 2669 2290 2239 293 1502 1662 692 1158 1802 782
internal_count=10047 2421 7626 4637 742 589 1679 2989 153 475 1247 2665 437 1972 1327 874 432 1338 697 604 2207 1098 1888 114 550 847 237 401 787 782
is_linear=0
shrinkage=0.05


Tree=29
num_leaves=31
num_cat=0
split_feature=25 25 25 9 28 10 25 25 1 5 25 25 25 28 1 11 2 5 9 17 4 9 18 28 17 7 11 6 27 1
split_gain=6862.95 1724.32 1243.38 376.269 337.44 306.19 252.702 233.833 223.403 172.866 163.366 156.238 139.746 119.75 92.75 92.7293 79.708 77.8855 71.7205 62.6238 59.9793 57.3046 53.3523 52.6783 49.2166 47.8151 47.073 44.0436 32.2546 31.1385
threshold=10.949999809265138 14.550000190734865 7.6499998569488534 1.0000000180025095e-35 62.500000000000007 -0.6035499870777129 16.550000190734867 9.2500000000000018 79.500000000000014 -1.9350000023841856 17.750000000000004 5.5499999523162851 13.449999809265138 85.500000000000014 75.500000000000014 0.60784998536109935 1.1800000071525576 -2.2949999570846553 0.78654998540878307 0.11250000074505807 1.3949999809265139 0.78654998540878307 3.1499999761581425 36.500000000000007 0.14350000023841861 1022.0499877929689 -0.87834998965263356 432.50000000000006 6.8500001430511483 82.500000000000014
decision_type=2 2 2 2 2 2 2 2 2 2 2 2 2 2 2 2 2 2 2 2 2 2 2 2 2 2 2 2 2 2
left_child=2 9 11 4 -3 8 -6 17 -5 13 23 -1 15 -2 -8 20 -9 -4 28 -18 -11 27 -17 -7 -12 -10 -15 -13 -19 -29
right_child=1 3 7 5 6 10 14 16 25 12 24 21 -14 26 -16 22 19 18 -20 -21 -22 -23 -24 -25 -26 -27 -28 29 -30 -31
leaf_value=-0.069654676138335245 0.005270075997020081 0.042489455728995464 -0.032182859907116508 0.24854758076551484 0.056960700057172221 0.042489455728995464 0.10887370324876321 0.005270075997020081 0.13239829942404507 0.018771872681943649 0.10029245451092722 -0.032182859907116508 0.042489455728995464 0.019063727698754085 0.075624060752209135 0.005270075997020081 -0.015122446013058842 -0.026098177138816826 -0.032182859907116508 -0.0035496709842381784 0.005270075997020081 -0.055778672238216878 0.030830027404266349 0.076601036211744467 0.16112142956775169 0.070874495995350381 0.042489455728995464 -0.041428326737462468 -0.015122446013058842 -0.056948104157945247
leaf_weight=782 1436 601 1494 41 720 207 418 574 166 1535 120 823 797 196 243 128 1863 785 628 2155 385 767 491 201 46 39 198 833 923 246
leaf_count=782 567 207 788 16 240 69 144 259 60 566 40 595 268 69 81 45 920 409 332 1027 146 707 170 67 20 13 68 683 467 222
internal_value=-0.000633019 0.0352632 -0.0247231 0.0668458 0.0550605 0.0953318 0.0714319 -0.0143655 0.142003 0.0181331 0.0753299 -0.0500002 0.0249073 0.00578399 0.0942874 0.0191706 -0.00675679 -0.0234881 -0.0177849 -0.00938951 0.0134948 -0.0442415 0.03083 0.0583154 0.117149 0.120694 0.0328574 -0.0395891 -0.0151224 -0.0462803
internal_weight=19841 7968 11873 2802 1982 820 1381 8422 246 5166 574 3451 3336 1830 661 2539 4592 3830 2336 4018 1920 2669 619 408 166 205 394 1902 1708 1079
internal_count=10047 2856 7191 957 672 285 465 4202 89 1899 196 2989 1195 704 225 927 2206 1996 1208 1947 712 2207 215 136 60 73 137 1500 876 905
is_linear=0
shrinkage=0.05


Tree=30
num_leaves=31
num_cat=0
split_feature=25 25 25 9 28 25 1 25 26 5 25 25 8 28 9 8 6 5 3 8 6 8 9 27 11 12 0 26 27 1
split_gain=6418.46 1357.71 1224.51 259.994 247.405 239.852 214.41 235.498 203.305 195.01 185.677 182.436 151.01 116.682 95.2724 91.5526 83.6771 76.4765 69.901 66.5091 64.0588 61.4801 54.0219 53.647 45.5732 45.5433 44.7268 41.7075 40.1819 39.7729
threshold=11.150000095367433 15.250000000000002 7.8500001430511483 1.0000000180025095e-35 62.500000000000007 10.150000095367433 75.500000000000014 17.750000000000004 28.599999427795414 -1.5049999952316282 13.449999809265138 6.0499999523162851 1.0000000180025095e-35 70.500000000000014 0.60354998707771312 790.50000000000011 407.50000000000006 -0.40500000119209284 26.500000000000004 1.5000000000000002 1122.5000000000002 212.50000000000003 0.91595000028610241 12.750000000000002 0.60784998536109935 1.0000000180025095e-35 29.349999427795414 5.0499999523162851 6.2500000000000009 85.500000000000014
decision_type=2 2 2 2 2 2 2 2 2 2 2 2 2 2 2 2 2 2 2 2 2 2 2 2 2 2 2 2 2 2
left_child=2 9 11 4 -3 12 -5 22 15 13 14 27 17 -2 21 -6 -15 -4 -7 -13 -14 -11 -8 -19 -20 -12 -18 -1 -9 -29
right_child=1 3 5 6 8 18 7 28 -10 10 25 19 20 16 -16 -17 26 23 24 -21 -22 -23 -24 -25 -26 -27 -28 29 -30 -31
leaf_value=-0.087984459929996067 0.0066472836414711196 0.04499980720514523 -0.028882622167038147 0.23615921497344972 0.058657483863049975 -0.0088802937198223207 0.074203510678142584 0.092347245812007595 0.12291092773278554 0.032642284117081144 0.04499980720514523 -0.046045483317308296 -0.0088802937198223207 0.04499980720514523 0.0066472836414711196 0.093013428925794617 0.015985510766044132 -0.023133540414143092 0.0066472836414711196 -0.030439112900990058 -0.028882622167038147 0.012872328153037925 0.04499980720514523 -0.0088802937198223207 -0.0088802937198223207 0.032642284117081144 0.030492658985594681 -0.050896696651994436 0.1304888618437581 -0.070149216907364989
leaf_weight=144 1267 449 1433 25 846 440 327 57 168 848 659 1497 2565 276 579 78 538 998 1946 1255 382 472 99 296 414 549 120 528 241 448
leaf_count=144 477 156 761 9 282 219 109 19 60 290 220 1244 1285 94 210 26 195 512 867 877 194 178 33 146 201 185 40 510 90 448
internal_value=-0.000305318 0.0358517 -0.0225572 0.0680307 0.0562851 -0.011913 0.0921961 0.087225 0.0723152 0.0219689 0.0300352 -0.0458522 -0.0178222 0.0105824 0.0202848 0.0631159 0.0253237 -0.0263019 6.16609e-05 -0.0389285 -0.00997565 0.0278133 0.0633745 -0.016163 0.00411639 0.0449998 0.0159855 -0.0628649 0.12132 -0.0591588
internal_weight=19944 7598 12346 2290 1541 8474 749 724 1092 5308 3107 3872 5674 2201 1899 924 934 2727 2800 2752 2947 1320 426 1294 2360 1208 658 1120 298 976
internal_count=10081 2673 7408 784 524 4185 260 251 368 1889 1083 3223 2898 806 678 308 329 1419 1287 2121 1479 468 142 658 1068 405 235 1102 109 958
is_linear=0
shrinkage=0.05


Tree=31
num_leaves=31
num_cat=0
split_feature=5 29 23 29 17 7 2 17 27 17 11 23 8 1 3 2 8 1 1 20 17 27 5 18 28 10 21 18 23 3
split_gain=1597.19 885.505 836.817 366.556 364.75 332.153 299.452 241.957 236.608 310.738 204.736 184.683 192.923 174.327 149.648 144.635 132.795 132.04 105.138 94.9699 94.5802 89.8348 87.62 74.6861 69.7799 67.1632 68.1233 62.2064 62.0669 57.4555
threshold=-2.2949999570846553 11.150000095367433 51.500000000000007 24.550000190734867 0.1134999990463257 1015.0499877929689 0.56999999284744274 0.13749999552965167 12.150000095367433 0.10050000250339509 -0.87834998965263356 51.500000000000007 371.50000000000006 84.500000000000014 16.500000000000004 1.9049999713897707 735.50000000000011 49.500000000000007 69.500000000000014 10.250000000000002 0.1225000023841858 22.349999427795414 -0.98500001430511464 19.849999427795414 91.500000000000014 0.98295000195503246 9.2500000000000018 5.3500001430511483 52.500000000000007 268.50000000000006
decision_type=2 2 2 2 2 2 2 2 2 2 2 2 2 2 2 2 2 2 2 2 2 2 2 2 2 2 2 2 2 2
left_child=2 4 14 5 8 17 20 -7 9 28 -6 21 15 -11 18 -13 -14 -4 -1 -19 -3 -8 24 -20 -12 26 -16 -5 -2 -22
right_child=1 6 3 27 10 7 11 -9 -10 13 22 12 16 -15 25 -17 -18 19 23 -21 29 -23 -24 -25 -26 -27 -28 -29 -30 -31
leaf_value=-0.1644169757763545 -0.055044692121344635 0.057736877685129431 -0.016988912685654868 0.069797042608261112 0.0031741025002413451 -0.022047129875910312 0.01684493499498619 0.056488467634782796 0.0031741025002413451 -0.0048541365765077428 0.0031741025002413451 0.057736877685129431 0.027915509515876149 -0.022682753107805501 -0.049158822746290361 0.027915509515876149 0.057736877685129431 0.001228585133018593 -0.057471391836854617 0.030960649275548865 0.099623041822738262 0.027915509515876149 0.01684493499498619 -0.026199249571308175 0.01684493499498619 -0.076672701974709837 -0.022856854461671818 0.17342142973627364 -0.028135695221101487 0.18332118529539843
leaf_weight=21 367 99 312 30 612 2195 1030 91 1197 2276 1045 407 833 1130 309 336 136 432 1018 710 97 456 2613 235 102 75 1211 28 515 26
leaf_count=16 251 35 174 10 307 1173 463 34 530 1169 493 144 323 672 291 125 46 232 781 264 40 156 1127 146 35 49 686 11 289 9
internal_value=-0.000339627 0.00968707 -0.0203073 -0.0049113 0.00208107 -0.00684567 0.0316088 -0.0187293 -0.00650603 -0.0128824 0.0128542 0.0277107 0.0389861 -0.00603298 -0.0406886 0.0577369 0.0279155 0.0118379 -0.0534658 0.0197135 0.0877631 0.0168449 0.0168449 -0.0516063 0.0031741 -0.0304829 -0.0282038 0.119823 -0.0393325 0.117315
internal_weight=19944 13277 6667 3798 9857 3740 3420 2286 5485 4288 4372 3198 1712 3406 2869 743 969 1454 1274 1142 222 1486 3760 1253 1147 1595 1520 58 882 123
internal_count=10081 6214 3867 1898 4873 1877 1341 1207 2911 2381 1962 1257 638 1841 1969 269 369 670 943 496 84 619 1655 927 528 1026 977 21 540 49
is_linear=0
shrinkage=0.05


Tree=32
num_leaves=31
num_cat=0
split_feature=25 25 25 25 25 5 26 25 24 5 8 29 11 5 14 8 25 27 2 23 5 8 3 0 7 7 8 2 9 11
split_gain=5533.88 1382.04 814.478 264.166 259.66 210.299 211.824 123.437 115.308 85.7829 84.7732 84.4503 84.3638 83.254 82.8428 61.6362 60.3436 59.4322 56.457 50.4972 46.5363 43.5384 36.9174 36.6443 35.5913 34.4758 31.7703 30.1613 28.4995 27.6011
threshold=12.150000095367433 8.4499998092651385 15.750000000000002 10.449999809265138 6.6499998569488534 -1.705000042915344 28.050000190734867 13.84999990463257 69.58499908447267 -0.10500000044703482 1.5000000000000002 28.500000000000004 -1.0000000180025095e-35 -0.29500000178813929 48.000000000000007 15.500000000000002 5.0499999523162851 22.150000572204593 1.1250000000000002 56.500000000000007 0.64499998092651378 581.50000000000011 31.500000000000004 24.849999427795414 1019.9500122070314 1025.549987792969 339.50000000000006 1.9300000071525576 0.60354998707771312 -1.0000000180025095e-35
decision_type=2 2 2 2 2 2 2 2 2 2 2 2 2 2 2 2 2 2 2 2 2 2 2 2 2 2 2 2 2 2
left_child=1 4 7 14 16 11 8 13 -7 -10 27 -4 22 17 29 18 -1 23 -5 -16 -8 -14 -9 -2 -12 -17 -26 -6 -15 -3
right_child=2 3 5 15 10 6 20 12 9 -11 24 -13 21 28 19 25 -18 -19 -20 -21 -22 -23 -24 -25 26 -27 -28 -29 -30 -31
leaf_value=-0.066487127462618895 0.011440989768892662 -0.0035634891607202014 0.047614710710617528 0.011440989768892662 -0.028962472548305015 0.091838525299535012 0.10737543629191595 0.029440511835675937 0.047614710710617528 0.074218974750194899 -0.021320442043834556 0.12987303708990414 0.029440511835675937 0.029440511835675937 -0.021320442043834556 0.011440989768892662 -0.046719344180783412 0.029440511835675937 -0.0035634891607202014 -0.012458409315737847 0.16447980403900148 0.047614710710617528 0.047614710710617528 0.020440750802284302 -0.021617866897677685 -0.0035634891607202014 -0.04082636967052572 -0.04082636967052572 0.012672508454308014 -0.0098524011806277612
leaf_weight=541 789 419 316 353 702 128 237 126 491 608 958 48 825 561 1414 1707 1348 318 1455 1131 42 129 546 462 362 71 379 1009 302 2167
leaf_count=541 282 193 109 135 401 44 89 42 164 203 573 18 282 195 719 674 1312 106 658 562 17 43 182 159 202 36 221 735 103 1081
internal_value=-0.000243872 -0.0173724 0.0402544 -0.00513103 -0.0375099 0.0675562 0.0766471 0.0276733 0.0677053 0.0616301 -0.029272 0.0476147 0.0383382 0.0205428 -0.0124076 0.00528066 -0.0523807 0.0134603 -0.00122774 -0.0188119 0.115972 0.0294405 0.0476147 0.011441 -0.0213607 0.011441 -0.0322786 -0.0371279 0.0294405 -0.00610495
internal_weight=19944 14016 5928 8717 5299 1870 1506 4058 1227 1099 3410 364 1626 2432 5131 3586 1889 1569 1808 2545 279 954 672 1251 1699 1778 741 1711 863 2586
internal_count=10081 8043 2038 4058 3985 644 517 1394 411 367 2132 127 549 845 2555 1503 1853 547 793 1281 106 325 224 441 996 710 423 1136 298 1274
is_linear=0
shrinkage=0.05


Tree=33
num_leaves=31
num_cat=0
split_feature=25 25 25 25 25 18 5 25 5 0 7 28 17 10 10 26 1 2 25 25 6 27 10 10 24 4 20 28 7 6
split_gain=4982.53 1245.1 725.344 237.823 237.263 201.839 202.398 189.623 112.151 117.161 98.5335 79.1228 84.6285 65.4326 65.3284 65.1568 64.7225 77.1982 64.0134 63.0765 61.6893 52.0163 46.136 43.6171 41.3025 39.3397 33.9704 33.69 32.966 31.0068
threshold=12.150000095367433 8.4499998092651385 15.750000000000002 10.34999990463257 6.8500001430511483 22.150000572204593 -0.35500000417232508 17.550000190734867 -1.3450000286102293 27.94999980926514 1018.8500061035157 74.500000000000014 0.12650000303983691 -0.78654998540878285 -0.6035499870777129 12.84999990463257 80.500000000000014 1.6250000000000002 5.0499999523162851 12.84999990463257 367.50000000000006 11.949999809265138 -0.37939999997615809 -0.98295000195503224 172.91500091552737 1.3550000190734866 8.7500000000000018 64.500000000000014 1024.4500122070315 1357.5000000000002
decision_type=2 2 2 2 2 2 2 2 2 2 2 2 2 2 2 2 2 2 2 2 2 2 2 2 2 2 2 2 2 2
left_child=1 4 8 14 18 6 11 22 9 27 25 -4 -13 -6 28 -16 23 -18 -1 -12 -9 -21 -8 -5 -7 -10 -17 -2 -3 -25
right_child=2 3 5 16 13 24 7 20 10 -11 19 12 -14 -15 15 26 17 -19 -20 21 -22 -23 -24 29 -26 -27 -28 -29 -30 -31
leaf_value=-0.063162771451274927 0.010871058636750777 -0.0042011621488903519 0.045157377809387972 -0.0042011621488903519 -0.02021668178713849 0.19568281173706056 0.072842530752038476 0.10759194691452795 0.045157377809387972 0.045157377809387972 0.011609890133914879 0.058503285233476338 0.096287895421512795 -0.031444790413600814 -0.02021668178713849 -0.014471985848824895 0.010871058636750777 -0.0042011621488903519 -0.043322652650764785 0.024224419809808457 0.078798474191309337 0.044163071604854616 0.045157377809387972 0.010871058636750777 0.11271444241205851 0.010980831397076448 -0.0042011621488903519 0.02334768020439159 -0.02021668178713849 -0.0042011621488903519
leaf_weight=541 764 1145 619 104 768 30 57 276 574 216 504 96 183 2354 1786 697 660 1350 1636 805 273 551 306 1778 30 96 1007 548 65 125
leaf_count=541 280 566 213 50 436 10 19 102 194 72 176 32 63 1445 905 352 266 612 1563 271 93 184 102 719 10 34 498 183 35 55
internal_value=-0.000216452 -0.0164694 0.0382115 -0.00485025 -0.0355831 0.0639761 0.0609853 0.0775922 0.0263387 0.0156429 0.0327985 0.0451574 0.0718492 -0.0267482 -0.0124854 -0.0160002 0.00408303 -0.00225891 -0.0482531 0.0267128 0.0961311 0.0323263 0.0495539 0.0104345 0.154199 0.0451574 -0.00872729 0.0108711 -0.00420116 0.0108711
internal_weight=19944 14016 5928 8717 5299 1870 1810 912 4058 1528 2530 898 279 3122 4700 3490 4017 2010 2177 1860 549 1356 363 2007 60 670 1704 1312 1210 1903
internal_count=10081 8043 2038 4058 3985 644 624 316 1394 535 859 308 95 1881 2356 1755 1702 878 2104 631 195 455 121 824 20 228 850 463 601 774
is_linear=0
shrinkage=0.05


Tree=34
num_leaves=31
num_cat=0
split_feature=25 25 25 9 10 28 20 1 25 25 28 5 29 20 8 0 1 17 5 8 10 10 6 7 27 25 1 8 27 6
split_gain=4482.56 950.069 867.423 272.557 232.909 209.649 189.562 177.757 164.944 129.991 126.594 106.399 115.673 99.5774 96.0464 90.3467 79.1376 64.049 63.3176 56.4132 74.2527 51.4721 47.3774 43.2554 39.7563 33.7208 33.5577 32.8866 32.5673 32.1095
threshold=11.150000095367433 14.550000190734865 7.8500001430511483 1.0000000180025095e-35 -0.6035499870777129 62.500000000000007 12.150000095367433 79.500000000000014 9.7500000000000018 6.0499999523162851 31.500000000000004 -1.9350000023841856 13.050000190734865 9.6500000953674334 2.5000000000000004 29.44999980926514 74.500000000000014 0.14350000023841861 -0.10500000044703482 26.500000000000004 -0.98295000195503224 -0.6035499870777129 1122.5000000000002 1022.0499877929689 12.750000000000002 4.2500000000000009 85.500000000000014 799.50000000000011 12.449999809265138 32.500000000000007
decision_type=2 2 2 2 2 2 2 2 2 2 2 2 2 2 2 2 2 2 2 2 2 2 2 2 2 2 2 2 2 2
left_child=2 11 9 5 7 -3 27 -5 14 25 -6 15 13 28 18 -2 -8 -12 -4 29 -21 -11 -16 -9 -20 -1 -27 -7 -13 -10
right_child=1 3 8 4 10 6 16 23 19 21 17 12 -14 -15 22 -17 -18 -19 24 20 -22 -23 -24 -25 -26 26 -28 -29 -30 -31
leaf_value=-0.07186759146861732 0.005579106654595112 0.034510508728770602 -0.024150744020973992 0.22106095177786692 0.034510508728770602 0.045326167950801577 0.090822734080966402 0.11058663595681904 0.005579106654595112 -0.024150744020973992 0.069792236387729648 0.005579106654595112 0.034510508728770602 0.025354444895803498 -0.0089566016750818444 0.034510508728770602 0.060886537367050797 0.13309154086642797 -0.020515818610034067 -0.0089566016750818444 0.005579106654595112 -0.037535616142210654 -0.024150744020973992 0.054051615226836436 -0.0089566016750818444 -0.042691427336396727 -0.059508536617999409 0.060886537367050797 0.015466775775199304 -0.0089566016750818444
leaf_weight=192 1580 587 1296 35 237 667 398 174 165 940 357 537 727 1242 2077 114 258 45 811 137 1484 1812 350 42 252 507 421 57 541 1902
leaf_count=192 594 202 694 14 79 224 135 62 69 650 119 202 251 428 1043 38 86 19 418 72 659 1471 178 14 123 489 421 19 187 929
internal_value=-0.000231143 0.0299851 -0.0188269 0.0527611 0.07572 0.042373 0.0561418 0.116531 -0.00986816 -0.0384333 0.0596892 0.0162599 0.0218449 0.0161984 -0.0159917 0.00621416 0.0764469 0.076878 -0.0231762 -0.0019215 0.00506152 -0.0325889 -0.00900852 0.0995937 -0.0118617 -0.052794 -0.0488477 0.0453262 0.00557911 -0.00739779
internal_weight=19944 7598 12346 2857 890 1967 1380 251 8474 3872 639 4741 3047 2320 4786 1694 656 402 2359 3688 1621 2752 2427 216 1063 1120 928 724 1078 2067
internal_count=10081 2673 7408 973 307 666 464 90 4185 3223 217 1700 1068 817 2456 632 221 138 1235 1729 731 2121 1221 76 541 1102 910 243 389 998
is_linear=0
shrinkage=0.05


Tree=35
num_leaves=31
num_cat=0
split_feature=25 25 25 22 26 25 5 2 7 25 25 28 25 9 10 10 11 9 24 9 9 20 6 14 27 10 21 27 5 1
split_gain=4054.11 982.197 710.091 216.831 220.1 176.635 160.078 150.18 147.061 145.991 110.281 92.6514 91.5057 74.1827 71.7685 65.4926 49.0764 45.0532 43.5092 42.4874 36.2365 35.6687 34.8538 33.3949 34.2041 33.256 29.6576 26.3463 23.3943 22.0905
threshold=10.949999809265138 14.84999990463257 7.6499998569488534 22.150000572204593 20.650000572204593 18.250000000000004 -1.9350000023841856 0.95500001311302196 1022.8500061035157 9.2500000000000018 13.449999809265138 85.500000000000014 5.5499999523162851 0.60354998707771312 0.91595000028610241 0.98295000195503246 -0.87834998965263356 -0.37939999997615809 172.91500091552737 0.78654998540878307 -0.91595000028610218 12.34999990463257 437.50000000000006 48.000000000000007 6.1499998569488534 -0.98295000195503224 15.750000000000002 14.949999809265138 2.6049998998641972 82.500000000000014
decision_type=2 2 2 2 2 2 2 2 2 2 2 2 2 2 2 2 2 2 2 2 2 2 2 2 2 2 2 2 2 2
left_child=2 6 12 4 17 21 11 -4 -7 23 13 -2 -1 15 25 -8 -13 20 -5 22 -3 -6 -14 24 -9 -11 -15 -12 -25 -24
right_child=1 3 7 18 5 8 10 9 -10 14 27 16 19 26 -16 -17 -18 -19 -20 -21 -22 -23 29 28 -26 -27 -28 -29 -30 -31
leaf_value=-0.052692265320339805 0.0045880632636766481 0.03473411446600138 0.0045880632636766481 0.19011349995930993 0.048665057521192448 0.09700521475612911 0.02473498320066312 -0.019371510330982701 0.066141076622693848 -0.013125732771481147 0.02557073111073508 0.01627067673774021 -0.02397078513676397 0.0045880632636766481 -0.013125732771481147 0.0045880632636766481 0.03473411446600138 0.03473411446600138 0.10495755672454835 -0.042895636375156435 0.048665057521192448 0.062750606225596542 -0.031110064210834228 -0.02397078513676397 -0.013125732771481147 -0.0039976506224400068 0.02557073111073508 0.03473411446600138 -0.019371510330982701 -0.042895636375156435
leaf_weight=763 1489 207 602 30 498 578 1741 850 45 125 559 208 847 549 584 157 217 397 30 773 258 450 863 1705 815 3511 112 497 231 238
leaf_count=763 582 69 279 10 166 210 623 437 17 66 188 73 607 202 295 64 74 134 10 705 86 150 706 908 422 1677 40 166 116 216
internal_value=0.000105838 0.0275807 -0.0184045 0.0536356 0.05132 0.062596 0.0158326 -0.0105516 0.0832774 -0.0125834 0.0220262 0.00458806 -0.03739 0.0164073 -0.00627297 0.0215013 0.0279533 0.0347341 0.147536 -0.033099 0.0486651 0.0490047 -0.029163 -0.0199785 -0.0147722 -0.00399765 0.00458806 0.0347341 -0.0239708 -0.0352331
internal_weight=19929 8022 11907 2493 2433 1571 5529 8423 623 7821 3615 1914 3484 2559 4220 1898 425 862 60 2721 465 948 1948 3601 1665 3636 661 1056 1936 1101
internal_count=10061 2864 7197 852 832 543 2012 4200 227 3921 1283 729 2997 929 2038 687 147 289 20 2234 155 316 1529 1883 859 1743 242 354 1024 922
is_linear=0
shrinkage=0.05


Tree=36
num_leaves=31
num_cat=0
split_feature=25 25 25 2 5 25 10 18 25 12 5 8 25 23 28 17 1 8 28 8 23 10 17 1 25 0 8 5 0 20
split_gain=3629.33 894.115 544.039 204.699 201.138 175.001 149.081 148.221 133.235 117.703 104.853 85.3399 82.8238 76.4553 71.9525 67.0115 65.4543 76.5116 59.6995 62.0694 58.2493 54.5779 52.2333 41.9953 41.9732 41.2332 36.6962 28.2358 27.7002 26.6901
threshold=12.150000095367433 8.1500000953674334 15.949999809265138 1.6250000000000002 -0.35500000417232508 9.8499999046325701 -0.37939999997615809 22.150000572204593 6.6499998569488534 1.0000000180025095e-35 -0.1950000002980232 245.50000000000003 13.84999990463257 54.500000000000007 66.500000000000014 0.11150000244379045 51.500000000000007 4.5000000000000009 74.500000000000014 616.50000000000011 41.500000000000007 -0.6035499870777129 0.11450000107288362 78.500000000000014 4.4500000476837167 24.849999427795414 1.5000000000000002 -1.814999997615814 24.150000572204593 8.7500000000000018
decision_type=2 2 2 2 2 2 2 2 2 2 2 2 2 2 2 2 2 2 2 2 2 2 2 2 2 2 2 2 2 2
left_child=1 8 10 21 7 29 11 18 24 -8 12 23 25 -7 -13 -11 -12 20 -4 -20 -18 -3 27 -6 -1 -2 -10 -14 -26 -5
right_child=2 3 4 5 6 13 9 -9 26 15 16 14 22 -15 -16 -17 17 -19 19 -21 -22 -23 -24 -25 28 -27 -28 -29 -30 -31
leaf_value=-0.061759456051355702 0.0095892031934080579 0.0095892031934080579 0.039623334306307871 -0.018296536221806017 0.17081095264071511 -0.0090610411311689548 0.039623334306307871 0.15076325496037801 -0.03025115164632531 0.039623334306307871 0.0095892031934080579 0.039623334306307871 0.019210483802259228 0.00055790786370105432 0.092195845842361457 0.092370867658898514 0.0095892031934080579 0.039623334306307871 0.087273237873346385 0.051836751447014155 0.031313338719087334 0.00055790786370105432 0.039623334306307871 0.11036725921945259 -0.043050769506577845 0.019210483802259228 -0.018779484253320704 0.029416909054283548 -0.033423157326606404 -0.011958723316458524
leaf_weight=236 1173 674 589 1615 42 1547 213 30 1465 78 36 36 186 2547 200 212 147 682 156 117 573 1104 483 91 1332 471 1330 377 295 1892
leaf_count=236 411 285 203 835 16 733 71 10 1001 26 14 12 68 1088 69 75 53 230 54 39 191 504 161 34 1318 162 811 126 269 956
internal_value=3.41555e-05 -0.0137899 0.0329683 -0.00489682 0.0562103 -0.00847339 0.0732867 0.0396233 -0.0316963 0.0555794 0.0230364 0.0974243 0.01721 -0.00145158 0.0793732 0.0777845 0.0339354 0.0365089 0.0396233 0.0640502 0.0227547 0.0095892 0.0282091 0.129455 -0.042054 0.0102118 -0.0247924 0.0192105 -0.0391956 -0.0166705
internal_weight=19929 14037 5892 9379 1764 7601 872 892 4658 503 4128 369 2690 4094 236 290 1438 1402 862 273 720 1778 1046 133 1863 1644 2795 563 1627 3507
internal_count=10061 8036 2025 4401 609 3612 303 306 3635 172 1416 131 928 1821 81 101 488 474 296 93 244 789 355 50 1823 573 1812 194 1587 1791
is_linear=0
shrinkage=0.05


Tree=37
num_leaves=31
num_cat=0
split_feature=26 26 26 7 29 10 26 5 11 8 11 10 10 20 7 26 8 1 4 9 12 18 5 2 7 8 10 6 10 17
split_gain=2682 711.815 529.486 327.719 263.094 173.593 152.351 139.922 132.657 126.499 113.376 105.634 100.79 87.4868 84.9048 80.7341 78.8873 65.1528 61.5409 58.4774 53.7386 50.3204 46.8162 41.7437 41.3678 36.9134 36.734 32.8975 23.6971 22.599
threshold=16.250000000000004 11.150000095367433 20.650000572204593 1022.7500000000001 10.550000190734865 -0.6035499870777129 7.6499998569488534 -2.0149999856948848 -1.0000000180025095e-35 489.50000000000006 0.60784998536109935 0.91595000028610241 -0.37939999997615809 12.34999990463257 1020.2500000000001 12.84999990463257 735.50000000000011 77.500000000000014 -1.955000042915344 0.60354998707771312 0.81174999475479137 3.1499999761581425 0.50499999523162853 2.1250000000000004 1022.3500061035157 616.50000000000011 -0.6035499870777129 547.50000000000011 -0.6035499870777129 0.13749999552965167
decision_type=2 2 2 2 2 2 2 2 2 2 2 2 2 2 2 2 2 2 2 2 2 2 2 2 2 2 2 2 2 2
left_child=1 6 7 5 11 9 27 25 18 17 16 15 14 22 -8 26 -10 -4 -9 -15 -14 -12 -7 -6 -17 -2 -3 28 -1 -27
right_child=2 4 3 -5 23 13 12 8 10 -11 21 -13 20 19 -16 24 -18 -19 -20 -21 -22 -23 -24 -25 -26 29 -28 -29 -30 -31
leaf_value=-0.032257261763583595 0.0078597480690371629 -0.0068104994551978874 0.17095241681584772 0.034177237421419239 0.0078597480690371629 0.034177237421419239 -0.0149470744552056 0.0078597480690371629 0.0078597480690371629 0.060314876238505045 0.0078597480690371629 -0.0149470744552056 -0.032257261763583595 0.060135076688481615 -0.032257261763583595 -0.00036202424021560198 0.034177237421419239 0.10479878907203675 0.034177237421419239 0.099551202958090279 -0.0149470744552056 0.034177237421419239 0.053220552572117379 -0.00036202424021560198 -0.0068104994551978874 0.012690612169482361 -0.0149470744552056 -0.051518664973688302 -0.043130237634376116 0.034177237421419239
leaf_weight=213 1153 447 53 349 1001 186 1287 131 934 135 99 1002 1945 539 513 2322 81 125 940 114 322 706 327 1248 1099 123 1521 542 421 51
leaf_count=187 425 220 24 119 385 62 786 56 353 45 35 519 1413 182 361 1028 27 46 317 42 200 241 109 547 542 44 766 542 421 17
internal_value=1.46129e-05 -0.0120899 0.0278094 0.0502859 -0.00327042 0.0637521 -0.0266237 0.0180686 0.0243842 0.0968142 0.0158862 -0.0085838 -0.0220405 0.054877 -0.0149471 -0.00509697 0.00785975 0.124496 0.0341772 0.0670163 -0.0291392 0.0301701 0.0394248 0.00785975 -0.000455237 0.00785975 -0.0131658 -0.042474 -0.0347418 0.0328897
internal_weight=19929 13883 6046 1828 8640 1479 5243 4218 2891 313 1820 6391 4067 1166 1800 5389 1015 178 1071 653 2267 805 513 2249 3421 1327 1968 1176 634 174
internal_count=10061 7917 2144 629 4007 510 3910 1515 1029 115 656 3075 2760 395 1147 2556 380 70 373 224 1613 276 171 932 1570 486 986 1150 608 61
is_linear=0
shrinkage=0.05


Tree=38
num_leaves=31
num_cat=0
split_feature=25 25 25 9 10 28 26 1 5 10 7 25 29 8 28 28 20 21 25 5 17 9 27 11 8 1 7 9 11 1
split_gain=2959.58 689.94 528.271 190.017 200.061 162.003 144.503 133.685 133.163 110.215 152.378 99.274 92.5538 85.9547 84.1963 81.842 76.6111 74.0928 69.0717 52.3963 46.3798 45.284 44.6575 38.7533 37.9114 40.8205 36.6848 33.8872 25.7883 24.5522
threshold=10.949999809265138 14.84999990463257 7.6499998569488534 1.0000000180025095e-35 -0.6035499870777129 62.500000000000007 28.599999427795414 77.500000000000014 -1.9350000023841856 -0.6035499870777129 1021.8500061035157 9.7500000000000018 13.050000190734865 140.50000000000003 31.500000000000004 85.500000000000014 12.449999809265138 11.84999990463257 5.3500001430511483 -0.38499999046325678 0.14350000023841861 -0.37939999997615809 7.4500000476837167 -0.87834998965263356 1.5000000000000002 57.500000000000007 1022.0499877929689 -0.6035499870777129 0.60784998536109935 68.500000000000014
decision_type=2 2 2 2 2 2 2 2 2 2 2 2 2 2 2 2 2 2 2 2 2 2 2 2 2 2 2 2 2 2
left_child=2 8 18 5 7 -3 16 -5 15 10 28 19 17 -12 -6 -2 -7 27 -1 -11 -16 -13 -19 -17 -20 -26 -9 -10 -4 -30
right_child=1 3 9 4 14 6 -8 26 12 11 13 21 -14 -15 20 23 -18 22 24 -21 -22 -23 -24 -25 25 -27 -28 -29 29 -31
leaf_value=-0.047026263006019836 0.003863508161378139 0.029504116685669702 0.003863508161378139 0.19731574564269094 0.029504116685669702 0.039364976895384887 0.090830786777346323 0.098172225321040432 0.012147281750027189 -0.020582676859170576 0.003863508161378139 0.0029413940631912664 0.029504116685669702 -0.020582676859170576 0.057301317128751965 0.014874701181756165 0.060050367821929275 0.012147281750027189 -0.034100587836827241 -0.0111015128922691 0.11303090538297381 -0.01089156523258375 0.022164070337002809 0.029504116685669702 -0.037925005666909407 -0.020582676859170576 0.040564605864611546 0.003863508161378139 0.0021536723987171146 -0.020582676859170576
leaf_weight=638 1489 471 1186 33 198 567 178 170 245 2199 241 1090 802 484 336 208 465 640 1550 1522 42 1294 1266 217 217 1079 33 662 165 242
leaf_count=638 582 163 558 13 66 189 64 61 85 1156 107 506 276 253 112 73 155 235 1354 780 18 633 441 74 195 810 11 246 79 128
internal_value=3.38405e-05 0.0235087 -0.0157817 0.0453458 0.0652073 0.0357519 0.0492258 0.10398 0.0136624 -0.00900831 0.00027372 -0.0125326 0.0193214 -0.0199408 0.0493212 0.00386351 0.0420498 0.014824 -0.032157 -0.0176361 0.0634935 -0.00456693 0.0204311 0.0258859 -0.0288237 -0.0225127 0.0888074 0.00386351 0.00386351 -0.0129172
internal_weight=19929 8022 11907 2493 812 1681 1210 236 5529 8423 2318 6105 3615 725 576 1914 1032 2813 3484 3721 378 2384 1906 425 2846 1296 203 907 1593 407
internal_count=10061 2864 7197 852 281 571 408 85 2012 4200 1125 3075 1283 360 196 729 344 1007 2997 1936 130 1139 676 147 2359 1005 72 331 765 207
is_linear=0
shrinkage=0.05


Tree=39
num_leaves=31
num_cat=0
split_feature=25 25 25 18 5 25 2 25 5 0 1 25 9 11 25 2 11 6 6 9 12 11 10 10 3 7 24 3 5 9
split_gain=2646.61 557.257 513.607 179.03 154.124 193.469 132.318 114.83 107.775 68.7827 68.5738 65.7151 63.1448 62.5899 62.4972 49.3067 46.7007 37.8554 36.3481 35.6873 35.6048 33.7021 32.6476 31.3926 31.2359 30.5817 29.8816 29.6965 26.2033 23.2123
threshold=11.150000095367433 14.84999990463257 7.6499998569488534 22.150000572204593 -0.35500000417232508 17.550000190734867 1.1800000071525576 9.7500000000000018 -1.5349999666213987 29.44999980926514 90.500000000000014 13.050000190734865 0.60354998707771312 0.60784998536109935 5.3500001430511483 1.4049999713897707 -0.60784998536109913 367.50000000000006 362.50000000000006 0.78654998540878307 1.0000000180025095e-35 1.0000000180025095e-35 0.91595000028610241 0.78654998540878307 1.5000000000000002 1022.0499877929689 172.91500091552737 227.50000000000003 4.2349998950958261 0.78654998540878307
decision_type=2 2 2 2 2 2 2 2 2 2 2 2 2 2 2 2 2 2 2 2 2 2 2 2 2 2 2 2 2 2
left_child=2 8 14 4 10 16 29 23 9 18 24 13 -12 15 -1 -10 -6 -7 -2 21 -13 -16 -9 25 -3 -8 -5 -23 -25 -4
right_child=1 3 6 26 5 17 7 22 11 -11 12 20 -14 -15 19 -17 -18 -19 -20 -21 -22 27 -24 28 -26 -27 -28 -29 -30 -31
leaf_value=-0.044674949831297175 0.014632780071958978 0.084254073045263209 0.0045155236368190051 0.16325327714284263 0.053765329264459163 0.084254073045263209 -0.0099829201455679736 -0.0028022143249862687 0.02073426278863736 0.028206993988589481 0.079128575606608964 0.028206993988589481 0.028206993988589481 0.02073426278863736 -0.019205643928896753 0.0045155236368190051 0.028206993988589481 0.060811038221820261 0.0045155236368190051 -0.036017670010362955 0.02073426278863736 -0.036017670010362955 -0.0090812593945841565 -0.019205643928896753 0.028206993988589481 -0.019205643928896753 0.092682329018910728 -0.019205643928896753 -0.0090812593945841565 -0.0028022143249862687
leaf_weight=638 945 8.9999999999999982 710 30 210 298 2699 2810 389 126 127 749 84 384 1020 829 402 271 1087 805 558 668 476 1031 1032 838 30 353 64 257
leaf_count=638 340 4 318 10 70 109 1380 1319 132 42 43 250 28 132 755 310 134 93 409 737 189 599 238 557 351 435 10 268 29 132
internal_value=-1.52125e-05 0.0232914 -0.0142603 0.0426445 0.0405403 0.0534975 -0.00788021 -0.01012 0.0137695 0.00530307 0.0283179 0.0200502 0.0567124 0.0132615 -0.0305311 0.00652456 0.0339842 0.0744855 0.00451552 -0.0273604 0.028207 -0.023843 -0.00297103 -0.0151915 0.028207 -0.0126261 0.127968 -0.0304088 -0.0192056 0.00451552
internal_weight=19929 7560 12369 2493 2433 1181 8885 7918 5067 2158 1252 2909 211 1602 3484 1218 612 569 2032 2846 1307 2041 3286 4632 1041 3537 60 1021 1095 967
internal_count=10061 2656 7405 852 832 406 4408 3958 1804 791 426 1013 71 574 2997 442 204 202 749 2359 439 1622 1557 2401 355 1815 20 867 586 450
is_linear=0
shrinkage=0.05


Tree=40
num_leaves=31
num_cat=0
split_feature=25 25 25 5 25 6 8 11 10 2 25 29 20 25 3 9 8 9 6 5 5 23 28 2 8 7 25 0 28 7
split_gain=2363.54 572.679 386.107 227.751 145.238 124.931 126.279 120.505 173.583 102.516 76.9823 73.2909 66.4054 51.4137 47.7537 44.9822 43.1416 39.0363 38.2976 38.1642 30.1569 25.5014 19.1048 17.0185 15.8084 22.8595 12.4539 8.17688 7.45188 6.61903
threshold=10.750000000000002 14.050000190734865 7.5499999523162851 -1.8849999904632566 21.050000190734867 442.50000000000006 13.500000000000002 -1.0000000180025095e-35 -0.37939999997615809 1.0149999856948855 8.6500000953674334 28.500000000000004 11.949999809265138 4.7500000000000009 26.500000000000004 0.78654998540878307 710.50000000000011 0.78654998540878307 397.50000000000006 0.64499998092651378 2.5449999570846562 51.500000000000007 79.500000000000014 1.1250000000000002 1.5000000000000002 1021.6499938964845 3.3500000238418584 26.44999980926514 50.500000000000007 1022.5499877929689
decision_type=2 2 2 2 2 2 2 2 2 2 2 2 2 2 2 2 2 2 2 2 2 2 2 2 2 2 2 2 2 2
left_child=2 5 13 11 7 6 20 8 -5 -4 24 -3 -9 26 27 18 -7 -16 -15 22 23 -20 -6 -2 -11 -26 -1 -12 -28 -17
right_child=1 3 9 4 19 16 -8 12 -10 10 14 -13 -14 15 17 29 -18 -19 21 -21 -22 -23 -24 -25 25 -27 28 -29 -30 -31
leaf_value=-0.073762933073974232 0.019429754619155408 0.022834072189766928 0.0019540496135498882 0.059235330200542551 0.060220008141157647 0.0019540496135498882 0.022834072189766928 0.022834072189766928 0.032406546167841707 -0.019749849390364879 -0.013567749036850164 0.10859820103645326 0.041558010702916988 -0.019749849390364879 -0.004730327635527015 -0.037789470370164502 0.009098600056748965 -0.013567749036850164 -0.037789470370164502 0.12303242538033464 0.022834072189766928 -0.024844900693696395 0.09044134259223939 0.009098600056748965 -0.013567749036850164 -0.019749849390364879 -0.052729571108915366 -0.004730327635527015 -0.037789470370164502 -0.021446855606571322
leaf_weight=41 478 611 658 423 151 2083 799 558 695 1124 832 50 573 764 3245 757 318 811 422 41 88 892 80 1675 693 439 147 234 170 62
leaf_count=41 162 214 313 141 59 826 284 186 232 630 421 19 191 571 1579 739 110 403 396 17 31 763 29 635 353 234 147 115 170 49
internal_value=-0.000374754 0.0193363 -0.0154282 0.0361857 0.0440676 0.0094824 0.0162432 0.039894 0.0515349 -0.00954364 -0.0114147 0.0228341 0.0283868 -0.0299561 -0.00802513 -0.027747 0.00195405 -0.00530768 -0.0238356 0.0785767 0.0090986 -0.029713 0.0706863 0.0090986 -0.0191104 -0.0137726 -0.0478319 -0.0135677 -0.0444781 -0.0376713
internal_weight=19914 8623 11291 3182 2521 5441 3040 2249 1118 8036 7378 661 1131 3255 5122 2897 2401 4056 2078 272 2241 1314 231 2153 2256 1132 358 1066 317 819
internal_count=10060 3136 6924 1088 855 2048 1112 750 373 4048 3735 233 377 2876 2518 2518 936 1982 1730 105 828 1159 88 797 1217 587 358 536 317 788
is_linear=0
shrinkage=0.05


Tree=41
num_leaves=31
num_cat=0
split_feature=25 25 25 5 18 7 25 6 8 8 6 29 5 0 3 7 26 8 25 25 0 6 1 1 10 10 25 5 7 1
split_gain=2125.86 590.874 301.231 211.152 147.184 173.749 194.639 106.861 131.111 89.3105 140.112 81.9345 70.2109 78.6066 50.858 47.3621 38.5399 37.0953 35.6558 32.6232 28.9565 27.7017 26.0916 15.8324 15.66 8.80899 8.26596 6.09824 4.12782 3.31938
threshold=10.449999809265138 13.84999990463257 7.1499998569488534 -1.8849999904632566 22.150000572204593 1022.7500000000001 17.550000190734867 412.50000000000006 12.500000000000002 1.0000000180025095e-35 502.50000000000006 28.500000000000004 -2.6350001096725459 22.250000000000004 196.50000000000003 1022.7500000000001 10.84999990463257 710.50000000000011 4.4500000476837167 12.949999809265138 24.150000572204593 337.50000000000006 80.500000000000014 80.500000000000014 0.60354998707771312 -0.37939999997615809 3.3500000238418584 -4.3050000667572013 1022.7500000000001 60.500000000000007
decision_type=2 2 2 2 2 2 2 2 2 2 2 2 2 2 2 2 2 2 2 2 2 2 2 2 2 2 2 2 2 2
left_child=2 7 18 11 5 6 -5 8 19 12 -11 -3 -4 14 -14 16 -12 -9 26 28 21 -20 -6 -23 -21 -17 -1 -28 -2 -22
right_child=1 3 9 4 22 -7 -8 17 -10 10 15 -13 13 -15 -16 25 -18 -19 20 24 29 23 -24 -25 -26 -27 27 -29 -30 -31
leaf_value=-0.07007478475570679 0.0069184179443450627 0.020273888542346383 -0.021077989772026368 0.033624182981583699 0.14567076076160779 0.020273888542346383 0.063924773931133994 0.00034159113490942334 0.020273888542346383 0.00034159113490942334 -0.021077989772026368 0.10316829180717468 -0.0075418469949273788 0.00034159113490942334 -0.020755106564239612 -0.021077989772026368 -0.0065953108713637243 0.0069184179443450627 -0.026520663828395342 0.013570258794262392 -0.026520663828395342 -0.031976897981196448 0.082795695102576061 -0.039411966169491587 0.020273888542346383 -0.0065953108713637243 -0.05626820020087353 -0.039411966169491587 0.013570258794262392 -0.021077989772026368
leaf_weight=41 1277 686 941 1544 33 293 807 2468 839 1351 471 50 896 412 1626 331 1602 357 821 282 117 397 33 649 186 223 77 113 668 323
leaf_count=41 523 239 566 515 11 98 283 1011 302 668 272 19 458 199 873 181 801 127 746 94 116 371 11 648 62 108 77 113 251 276
internal_value=-0.00037115 0.0166936 -0.0160104 0.0332329 0.0404812 0.0386402 0.0440251 0.00731487 0.0134952 -0.0111707 -0.00590802 0.0202739 -0.0165733 -0.0117707 -0.0154253 -0.0135322 -0.00970815 0.000341591 -0.0309853 0.00691842 -0.02911 -0.0319633 0.114233 -0.0374331 0.0202221 -0.021078 -0.049714 -0.0453203 0.00691842 -0.021078
internal_weight=19914 9523 10391 3446 2710 2644 2351 6077 3252 7853 3978 736 3875 2934 2522 2627 2073 2825 2538 2413 2307 1867 66 1046 468 554 231 190 1945 440
internal_count=10060 3546 6514 1176 918 896 798 2370 1232 4126 2030 258 2096 1530 1331 1362 1073 1138 2388 930 2157 1765 22 1019 156 289 231 190 774 392
is_linear=0
shrinkage=0.05


Tree=42
num_leaves=31
num_cat=0
split_feature=25 25 5 25 29 25 18 26 28 27 9 25 5 9 12 10 6 8 23 7 25 5 23 8 5 6 0 6 9 6
split_gain=1906.93 481.318 248.299 275.916 166.972 118.519 104.832 101.138 100.037 84.9858 82.5885 76.1611 64.2633 65.537 62.4459 64.0621 54.2253 44.1617 32.6361 32.48 30.937 30.1111 26.9957 23.9727 26.3209 20.968 20.7146 21.9634 20.4314 18.4491
threshold=12.150000095367433 8.1500000953674334 -1.9350000023841856 15.949999809265138 28.500000000000004 10.449999809265138 22.150000572204593 28.050000190734867 78.500000000000014 14.949999809265138 0.78654998540878307 7.0499999523162851 -2.0949999094009395 0.78654998540878307 -0.56175000965595234 0.3793999999761582 387.50000000000006 15.500000000000002 110.50000000000001 1022.7500000000001 4.4500000476837167 -3.1149998903274532 76.500000000000014 1.5000000000000002 4.305000066757203 572.50000000000011 26.150000572204593 902.50000000000011 0.91595000028610241 372.50000000000006
decision_type=2 2 2 2 2 2 2 2 2 2 2 2 2 2 2 2 2 2 2 2 2 2 2 2 2 2 2 2 2 2
left_child=1 11 4 9 8 12 7 16 -2 14 -11 20 26 -14 -4 -16 -5 19 -10 -7 -1 -13 -9 29 -25 -19 -3 -28 -23 -22
right_child=2 5 3 6 -6 17 -8 22 18 10 -12 21 13 -15 15 -17 -18 25 -20 -21 23 28 -24 24 -26 -27 27 -29 -30 -31
leaf_value=-0.047190305948644491 0.0064603071485420799 -0.013801117984330076 0.0064603071485420799 0.048626017938370465 0.09800987696647645 -0.0026120734257986502 0.11996511220932007 0.054781204670903354 0.026530596259839209 0.034010356090042708 0.023090291387465902 -0.023367646841894893 -0.0026120734257986502 -0.013801117984330076 0.023090291387465902 0.0064603071485420799 0.034010356090042708 0.0064603071485420799 0.052235092057509258 0.0064603071485420799 -0.026964041400640817 -0.013801117984330076 0.082383980373374813 -0.023367646841894893 -0.037570265439031927 -0.001354087195563369 -0.0026120734257986502 -0.0092524484149242824 -0.023367646841894893 -0.037570265439031927
leaf_weight=231 973 1664 424 716 50 1275 48 116 393 615 486 532 2663 778 980 532 387 747 36 531 652 1394 165 813 182 1049 320 338 284 540
leaf_count=231 351 847 149 241 19 570 16 45 131 206 162 369 1324 389 333 182 129 279 12 226 630 764 61 733 178 434 156 169 184 540
internal_value=-0.00040021 -0.0104649 0.0233855 0.0292295 0.00646031 -0.00394602 0.0473223 0.0448028 0.00646031 0.0206985 0.0317897 -0.0236562 -0.00839292 -0.00401976 0.0143909 0.0200169 0.0379807 0.00316878 0.0318614 -0.00261207 -0.0297883 -0.016947 0.0715817 -0.0279502 -0.0233676 0.00646031 -0.0138011 -0.00470378 -0.0138011 -0.0327914
internal_weight=19914 13993 5921 4469 1452 9365 1432 1384 1402 3037 1101 4628 5763 3441 1936 1512 1103 3602 429 1806 2418 2210 281 2187 995 1796 2322 658 1678 1192
internal_count=10060 8023 2037 1524 513 4394 492 476 494 1032 368 3629 2885 1713 664 515 370 1509 143 796 2312 1317 106 2081 911 713 1172 325 948 1170
is_linear=0
shrinkage=0.05


Tree=43
num_leaves=31
num_cat=0
split_feature=25 25 25 5 11 10 6 6 17 2 8 25 1 25 29 20 2 8 7 10 8 23 17 9 5 9 2 9 10 7
split_gain=1711.54 403.47 282.496 180.229 131.7 231.889 119.829 101.627 87.7248 86.7876 82.8339 68.0539 64.9588 62.3997 50.8559 43.6528 41.1144 42.5509 39.2644 29.6126 25.8976 21.2927 20.883 16.9839 14.7614 14.7003 14.1697 12.6346 11.6511 13.5504
threshold=10.750000000000002 13.84999990463257 7.5499999523162851 -1.8849999904632566 -1.0000000180025095e-35 -0.37939999997615809 412.50000000000006 137.50000000000003 0.14350000023841861 1.0149999856948855 12.500000000000002 21.050000190734867 70.500000000000014 8.6500000953674334 28.500000000000004 8.7500000000000018 3.1250000000000004 142.50000000000003 1017.0499877929689 -0.98295000195503224 710.50000000000011 58.500000000000007 0.094499997794628157 0.78654998540878307 -3.9350000619888301 0.78654998540878307 1.794999957084656 1.0000000180025095e-35 -0.78654998540878285 1020.5499877929689
decision_type=2 2 2 2 2 2 2 2 2 2 2 2 2 2 2 2 2 2 2 2 2 2 2 2 2 2 2 2 2 2
left_child=2 6 16 14 5 12 10 8 -6 -4 21 -7 -5 28 -3 26 23 19 -9 -18 -8 -2 -19 -1 -21 -17 -15 -23 29 -11
right_child=1 3 9 4 7 11 20 18 -10 13 -12 -13 -14 15 -16 25 17 22 -20 24 -22 27 -24 -25 -26 -27 -28 -29 -30 -31
leaf_value=-0.016917030525840246 0.0081908605436771895 0.01857914986384927 0.0015712437702185764 0.045745447278022766 0.035246401282583738 0.025862055973510142 0.0015712437702185764 0.030912920698723669 0.094581887310939958 -0.011905058934358054 0.01857914986384927 0.070901045297321524 0.085258441539886209 -0.008051377274953175 0.093109381735324862 -0.0041976956155482968 -0.11773536747152157 -0.052338666362421848 0.01857914986384927 -0.042214407589524355 0.0081908605436771895 0.01857914986384927 -0.023798815310845003 -0.023798815310845003 -0.030825751353812183 -0.008051377274953175 -0.011905058934358054 0.013385005203763229 -0.016917030525840246 -0.016917030525840246
leaf_weight=753 1546 686 658 145 462 716 2119 207 72 269 742 95 368 262 50 2679 10.999999999999998 70 645 470 297 205 864 366 721 500 1681 268 1755 232
leaf_count=557 583 239 313 49 154 239 846 69 32 134 265 34 126 124 19 1297 11 70 215 469 103 69 739 335 695 250 847 94 952 131
internal_value=-0.000410486 0.0163629 -0.0132204 0.0296194 0.0365027 0.0477802 0.00753891 0.0257296 0.0432467 -0.00818697 0.0148105 0.0311379 0.0740901 -0.00996664 0.0185791 -0.00691494 -0.0256471 -0.0297144 0.0185791 -0.0360742 0.00157124 0.00819086 -0.0237988 -0.0178832 -0.03532 -0.0041977 -0.0119051 0.0185791 -0.0168952 -0.0119051
internal_weight=19914 8623 11291 3446 2710 1324 5177 1386 534 8036 2761 811 513 7378 736 5122 3255 2136 852 1202 2416 2019 934 1119 1191 3179 1943 473 2256 501
internal_count=10060 3136 6924 1176 918 448 1960 470 186 4048 1011 273 175 3735 258 2518 2876 1984 284 1175 949 746 809 892 1164 1547 971 163 1217 265
is_linear=0
shrinkage=0.05


Tree=44
num_leaves=31
num_cat=0
split_feature=25 25 25 5 11 10 20 1 6 9 2 25 1 3 25 29 10 9 28 26 1 6 1 0 20 9 0 4 28 1
split_gain=1529.85 410.18 218.97 172.078 119.805 210.921 97.5051 99.9222 87.8096 88.1513 77.5747 61.8133 58.6254 55.9999 57.202 40.7811 40.1609 30.2807 28.9939 28.6952 28.6056 33.821 33.2531 27.5729 22.2966 15.6064 13.2929 7.71554 6.57203 6.06994
threshold=10.449999809265138 13.84999990463257 7.1499998569488534 -1.9350000023841856 -1.0000000180025095e-35 -0.37939999997615809 11.949999809265138 88.500000000000014 392.50000000000006 0.60354998707771312 1.544999957084656 21.050000190734867 70.500000000000014 25.500000000000004 8.6500000953674334 28.500000000000004 0.98295000195503246 0.60354998707771312 81.500000000000014 5.0499999523162851 80.500000000000014 372.50000000000006 57.500000000000007 26.44999980926514 8.7500000000000018 0.78654998540878307 22.050000190734867 -0.8149999976158141 56.500000000000007 70.500000000000014
decision_type=2 2 2 2 2 2 2 2 2 2 2 2 2 2 2 2 2 2 2 2 2 2 2 2 2 2 2 2 2 2
left_child=2 8 19 15 5 12 27 -8 9 16 17 -7 -5 23 26 -3 -2 -4 -10 28 22 25 -21 -12 -16 -22 -15 -6 -1 -20
right_child=1 3 10 4 6 11 7 -9 18 -11 13 -13 -14 14 24 -17 -18 -19 29 20 21 -23 -24 -25 -26 -27 -28 -29 -30 -31
leaf_value=-0.061047568628864901 0.017049998987980829 0.017049998987980829 0.0001953160749471425 0.043458176296332786 0.027760929262354274 0.024442209166854165 0.027760929262354274 0.062116715293310878 0.0001953160749471425 0.0061130467797762163 -0.017996921661518513 0.067355994676288819 0.080995518706091077 -0.017996921661518513 -0.010895961594067756 0.088453915536403666 0.0061130467797762163 -0.0058176117025350608 0.0061130467797762163 -0.037218332210549376 -0.017996921661518513 -0.037218332210549376 -0.017996921661518513 -0.0058176117025350608 -0.0058176117025350608 -0.029609084828581725 -0.011690023293919482 0.017049998987980829 -0.038617276324742086 0.0031541814273616793
leaf_weight=62 1679 665 799 145 300 719 414 279 1976 1248 1122 95 368 940 1228 50 232 556 651 178 412 664 722 280 1889 431 1039 411 69 291
leaf_count=62 622 232 393 49 100 240 138 101 816 481 640 34 126 568 611 19 94 289 235 177 352 663 641 142 931 424 552 137 69 122
internal_value=-0.000409313 0.014067 -0.0136763 0.0278472 0.0345035 0.0452755 0.0243223 0.0384719 0.00625278 0.0120308 -0.00955002 0.0294506 0.0703855 -0.0118305 -0.00928154 0.01705 0.01705 0.000195316 0.000195316 -0.0264438 -0.0252035 -0.0294158 -0.0181502 -0.0179969 -0.00581761 -0.022757 -0.0159743 0.01705 -0.0492331 0.00611305
internal_weight=19914 9523 10391 3446 2731 1327 1404 693 6077 3159 7853 814 513 6498 5096 715 1911 1355 2918 2538 2407 1507 900 1402 3117 843 1979 711 131 942
internal_count=10060 3546 6514 1176 925 449 476 239 2370 1197 4126 274 175 3444 2662 251 716 682 1173 2388 2257 1439 818 782 1542 776 1120 237 131 357
is_linear=0
shrinkage=0.05


Tree=45
num_leaves=31
num_cat=0
split_feature=25 25 5 25 2 9 9 9 20 1 29 25 25 25 7 6 14 1 9 11 10 14 1 7 8 20 1 8 25 8
split_gain=1337.33 373.508 204.902 175.132 142.312 119.638 192.509 137.076 190.277 86.2471 81.8844 70.7001 66.7347 61.0107 54.0899 49.6696 49.3132 41.896 54.5701 40.9349 39.6671 36.1029 34.9463 33.3034 29.6987 25.5386 21.9207 21.0257 20.7649 21.5487
threshold=12.150000095367433 8.1500000953674334 -0.35500000417232508 17.550000190734867 1.6250000000000002 1.0000000180025095e-35 0.78654998540878307 -1.0000000180025095e-35 11.150000095367433 79.500000000000014 13.449999809265138 6.3500001430511483 12.650000095367433 16.800000190734867 1024.549987792969 367.50000000000006 48.000000000000007 87.500000000000014 -1.0000000180025095e-35 -1.0000000180025095e-35 -0.6035499870777129 48.000000000000007 86.500000000000014 1017.6499938964845 1.0000000180025095e-35 9.4499998092651385 75.500000000000014 208.50000000000003 3.6499999761581425 142.50000000000003
decision_type=2 2 2 2 2 2 2 2 2 2 2 2 2 2 2 2 2 2 2 2 2 2 2 2 2 2 2 2 2 2
left_child=1 11 5 10 -3 7 12 8 -2 14 17 28 -7 -10 25 20 22 18 -4 -14 27 -19 -11 -8 -13 -6 -17 -5 -1 -30
right_child=2 4 3 15 9 6 23 -9 13 16 -12 24 19 -15 -16 26 -18 21 -20 -21 -22 -23 -24 -25 -26 -27 -28 -29 29 -31
leaf_value=-0.054821813066800444 0.0056024493675117387 0.0056024493675117387 0.012510333831342403 0.10654991188167054 -0.0064236153386901702 0.010929243479456221 0.036543307633235537 0.0056024493675117387 0.02640828448081959 -0.0069469612761799571 0.039749196840727009 -0.020427844288196027 0.069838517876686879 0.053716055431751286 -0.011563032262290225 0.054671532749137455 -0.011563032262290225 0.023871131481831537 0.029318244540812888 0.040037446333329202 0.055899417074641015 0.0056024493675117387 -0.00024990924936270158 0.0056024493675117387 -0.011563032262290225 -0.00024990924936270158 0.039749196840727009 0.055601303886484224 -0.032948872080298862 -0.022591058561228155
leaf_weight=75 893 1812 538 81 1820 112 87 323 657 713 281 1743 216 297 239 204 2170 285 430 247 191 311 734 561 1442 1883 48 27 865 555
leaf_count=75 305 804 185 33 866 39 29 133 221 351 94 1285 72 101 126 70 1084 95 145 83 68 106 329 187 911 829 16 9 865 532
internal_value=-0.000343452 -0.00867577 0.0198807 0.0310748 -0.0029148 0.0119758 0.0245036 0.00560245 0.0192441 -0.00610227 0.0236875 -0.0202113 0.0455625 0.0349098 -0.000985748 0.0558109 -0.011563 0.0188873 0.0253086 0.0539403 0.0695939 0.00845806 -0.00233089 0.00581702 -0.0160009 -0.000249909 0.0397492 0.0938128 -0.0291812 -0.027827
internal_weight=19840 14051 5789 2396 9371 3393 1223 2170 1847 7559 1845 4680 575 954 3942 551 3617 1564 968 463 299 596 1447 648 3185 3703 252 108 1495 1420
internal_count=10048 8057 1991 821 4389 1170 410 760 627 3585 625 3668 194 322 1821 196 1764 531 330 155 110 201 680 216 2196 1695 86 42 1472 1397
is_linear=0
shrinkage=0.05


Tree=46
num_leaves=31
num_cat=0
split_feature=25 5 25 25 29 25 8 9 29 6 28 9 5 8 27 2 7 27 7 20 8 1 23 5 3 10 26 7 1 26
split_gain=1193.17 289.115 224.45 224.287 140.364 111.163 91.8836 90.2702 82.1039 78.8857 68.7288 60.5554 57.6291 51.9858 50.7919 48.9879 47.9417 45.3521 43.9638 37.4761 34.4259 30.8601 38.3674 30.7273 30.243 28.5224 27.0529 21.9758 20.5643 20.1798
threshold=10.750000000000002 -1.9350000023841856 7.8500001430511483 14.050000190734865 28.500000000000004 21.050000190734867 1.5000000000000002 1.0000000180025095e-35 13.050000190734865 502.50000000000006 81.500000000000014 0.91595000028610241 -0.49500000476837153 790.50000000000011 12.250000000000002 3.1250000000000004 1022.4500122070314 6.1499998569488534 1021.1499938964845 7.8500001430511483 142.50000000000003 68.500000000000014 76.500000000000014 -3.9350000619888301 199.50000000000003 -0.98295000195503224 17.750000000000004 1025.2500000000002 75.500000000000014 5.1499998569488534
decision_type=2 2 2 2 2 2 2 2 2 2 2 2 2 2 2 2 2 2 2 2 2 2 2 2 2 2 2 2 2 2
left_child=2 4 15 8 10 7 12 13 16 -8 -2 -9 -4 -5 24 -1 26 23 28 -18 25 -7 -23 -12 -14 -17 -3 29 -11 -22
right_child=1 3 6 5 -6 21 9 11 -10 18 17 -13 14 -15 -16 20 19 -19 -20 -21 27 22 -24 -25 -26 -27 -28 -29 -30 -31
leaf_value=-0.013420062564127278 0.0013587034166279814 0.0013587034166279814 -0.013352253349966909 0.021275806853556657 0.088636893224208924 0.044072544475565703 0.0013587034166279814 0.044072544475565703 0.021275806853556657 -0.0032282472386868447 0.029037844366263405 0.021275806853556657 -0.0044401970885054962 0.044072544475565703 0.0013587034166279814 -0.10715256283680599 0.0013587034166279814 0.044997798320418447 -0.013352253349966909 0.014309416773369447 -0.041918621177099789 0.056062399214646952 0.10260089039802552 0.01003368403429125 -0.013352253349966909 -0.029723809919960334 0.014309416773369447 -0.06550466830913837 -0.013352253349966909 -0.01924181329580197
leaf_weight=1431 1871 1342 1895 1387 47 86 1245 609 661 1267 118 204 640 57 473 11.999999999999998 196 102 860 971 106 127 68 443 698 1344 241 26 351 962
leaf_count=1061 740 518 984 463 18 29 588 203 230 612 40 68 320 19 223 12 78 34 441 345 106 51 29 157 361 1261 81 25 182 769
internal_value=-0.000376534 0.0137426 -0.0110252 0.0198355 0.0013587 0.0310905 -0.00593413 0.0273983 0.0114611 -0.00038621 0.0013587 0.0408116 -0.0115075 0.0212758 -0.00405073 -0.0207704 0.00734303 0.0187087 -0.0078152 0.0143094 -0.0250636 0.0607468 0.0722912 0.0130779 -0.0102391 -0.030409 0.00165948 -0.0192418 -0.00322825 -0.0192418
internal_weight=19840 8530 11310 5949 2581 2538 7429 2257 3411 3723 2534 813 3706 1444 1811 3881 2750 663 2478 1167 2450 281 195 561 1338 1356 1583 1094 1618 1068
internal_count=10048 3103 6945 2114 989 862 3711 753 1252 1823 971 271 1888 482 904 3234 1022 231 1235 423 2173 109 80 197 681 1273 599 900 794 875
is_linear=0
shrinkage=0.05


Tree=47
num_leaves=31
num_cat=0
split_feature=25 25 25 9 10 7 8 6 20 1 6 8 28 8 7 12 27 7 28 8 17 7 25 1 1 6 27 2 0 25
split_gain=1061.63 238.865 204.809 197.545 202.014 108.152 102.609 103.499 90.3583 79.5268 78.4608 75.7822 61.3438 52.8934 41.5596 42.8063 48.4367 39.1223 35.3749 29.9748 29.1104 26.3892 25.0722 24.3828 26.8654 23.3239 21.0126 16.7024 13.855 10.663
threshold=10.750000000000002 14.050000190734865 7.1499998569488534 1.0000000180025095e-35 -0.6035499870777129 1015.0499877929689 1.5000000000000002 502.50000000000006 12.250000000000002 77.500000000000014 442.50000000000006 12.500000000000002 31.500000000000004 815.00000000000011 1023.4500122070314 0.81174999475479137 10.949999809265138 1022.7500000000001 42.500000000000007 710.50000000000011 0.14350000023841861 1022.0499877929689 4.7500000000000009 80.500000000000014 57.500000000000007 372.50000000000006 13.949999809265138 0.51499998569488536 18.550000190734867 3.3500000238418584
decision_type=2 2 2 2 2 2 2 2 2 2 2 2 2 2 2 2 2 2 2 2 2 2 2 2 2 2 2 2 2 2
left_child=2 10 22 5 9 8 14 -8 13 -5 11 -2 -6 -3 15 27 -17 18 -9 -12 -14 -11 29 24 -24 -25 -10 -4 -16 -1
right_child=1 3 6 4 12 -7 7 17 26 21 19 -13 20 -15 28 16 -18 -19 -20 -21 -22 -23 23 25 -26 -27 -28 -29 -30 -31
leaf_value=-0.057619213925467594 0.0066391968965414027 0.015205131227731955 0.0012772254804789621 0.14900403567722867 0.015205131227731955 0.015205131227731955 0.0012772254804789621 -0.014749563686199126 0.046620375548720991 0.074599530366048869 0.0012772254804789621 0.015205131227731955 0.036895123965541524 0.036351681672748069 -0.014443247165606432 -0.014749563686199126 0.0012772254804789621 -0.014749563686199126 -0.0037481630440449592 0.0066391968965414027 0.079884329438209542 0.024452164371808371 -0.027778287965628718 -0.018356518074199343 -0.014749563686199126 -0.027778287965628718 0.074779928198047727 -0.014749563686199126 0.0012772254804789621 -0.031649772489873267
leaf_weight=45 2148 213 77 35 339 1569 1519 66 189 209 2057 852 375 54 148 324 304 572 2219 314 44 30 171 781 688 577 102 2998 496 325
leaf_count=45 792 71 35 14 113 540 732 36 63 74 817 304 125 18 77 176 149 296 1132 109 19 10 171 711 596 576 34 1649 239 325
internal_value=-0.000359571 0.0129585 -0.0104041 0.0238685 0.0418189 0.0152051 -0.00673989 -0.00133501 0.0372179 0.0786132 0.00654172 0.0120012 0.0285186 0.0162126 -0.0121808 -0.0142196 -0.00163229 -0.00877355 -0.00539777 0.00127723 0.0414095 0.0683049 -0.0227592 -0.0207484 -0.0147496 -0.0249297 0.0564907 -0.0147496 -0.000457655 -0.0348082
internal_weight=19840 8530 11310 3159 1032 2127 8723 4376 558 274 5371 3000 758 267 4347 3703 628 2857 2285 2371 419 239 2587 2217 859 1358 291 3075 644 370
internal_count=10048 3103 6945 1081 355 726 4521 2196 186 98 2022 1096 257 89 2325 2009 325 1464 1168 926 144 84 2424 2054 767 1287 97 1684 316 370
is_linear=0
shrinkage=0.05


Tree=48
num_leaves=31
num_cat=0
split_feature=25 25 5 25 2 9 9 28 1 1 1 10 26 5 25 25 8 6 6 1 14 10 9 5 9 4 1 1 5 8
split_gain=951.143 280.062 185.679 129.985 120.472 106.52 164.516 116.488 75.7441 73.9673 87.7286 68.8017 66.9188 56.4661 53.8559 52.9845 47.4692 45.9766 39.5108 37.7031 37.5564 31.4605 30.6692 25.5535 28.1771 21.4865 21.2748 19.7234 17.822 22.0639
threshold=12.150000095367433 8.1500000953674334 -0.35500000417232508 17.550000190734867 1.6250000000000002 1.0000000180025095e-35 0.78654998540878307 70.500000000000014 79.500000000000014 82.500000000000014 51.500000000000007 -0.78654998540878285 22.500000000000004 5.3550000190734872 12.650000095367433 6.3500001430511483 4.5000000000000009 1147.5000000000002 367.50000000000006 80.500000000000014 33.000000000000007 -0.6035499870777129 0.98295000195503246 -3.1149998903274532 0.91595000028610241 -2.3049999475479122 98.500000000000014 75.500000000000014 5.1949999332427987 17.500000000000004
decision_type=2 2 2 2 2 2 2 2 2 2 2 2 2 2 2 2 2 2 2 2 2 2 2 2 2 2 2 2 2 2
left_child=1 15 5 9 -3 7 14 -2 17 10 -4 -11 16 -12 -7 28 -9 -6 21 -16 -10 -5 -13 -17 -25 -14 -8 -20 29 -1
right_child=2 4 3 18 8 6 26 12 20 11 13 22 25 -15 19 23 -18 -19 27 -21 -22 -23 -24 24 -26 -27 -28 -29 -30 -31
leaf_value=-0.029985396957188045 0.0046610966859381708 0.0046610966859381708 0.0046610966859381708 0.082538657221529227 -0.00037654444496958497 0.009587364151541676 0.0046610966859381708 0.033734239082891547 -0.00037654444496958497 0.034831769684923984 0.034831769684923984 0.0046610966859381708 0.071396504176987549 0.0046610966859381708 0.10556220257723775 -0.01942931755476239 0.01279068347183266 -0.0098804730879215267 0.047900912930754144 0.044675303787129736 -0.0098804730879215267 0.048774197994102361 0.034831769684923984 -0.0098804730879215267 -0.01942931755476239 0.034173682252211228 0.033137935761249425 0.034831769684923984 -0.044226012339370444 -0.01942931755476239
leaf_weight=708 1026 1812 35 108 3436 112 582 99 512 72 830 764 72 87 27 882 889 506 204 436 3105 191 57 1908 395 84 66 48 113 674
leaf_count=708 376 804 14 42 1582 39 194 33 235 24 280 258 26 30 9 690 297 239 70 146 1529 68 19 1213 293 28 22 16 113 651
internal_value=-0.000353336 -0.00738034 0.0167025 0.0273586 -0.0023918 0.00917763 0.0212242 0.0046611 -0.00541419 0.0209943 0.0306905 0.0106576 0.0209203 0.0348318 0.0406998 -0.0173691 0.016115 -0.00059137 0.0486692 0.0482259 -0.00988047 0.0609701 0.00576033 -0.0137242 -0.0108998 0.0513534 0.0046611 0.0348318 -0.0251344 -0.0235734
internal_weight=19840 14051 5789 2396 9371 3393 1223 2170 7559 1845 952 893 1144 917 575 4680 988 3942 551 463 3617 299 821 3185 2303 156 648 252 1495 1382
internal_count=10048 8057 1991 821 4389 1170 410 760 3585 625 324 301 384 310 194 3668 330 1821 196 155 1764 110 277 2196 1506 54 216 86 1472 1359
is_linear=0
shrinkage=0.05


Tree=49
num_leaves=31
num_cat=0
split_feature=25 25 25 9 10 28 8 20 6 1 24 1 26 28 5 27 7 28 17 7 25 1 1 6 9 9 6 7 20 17
split_gain=857.141 217.007 145.942 142.415 204.776 105.64 89.0793 81.5901 80.2112 70.253 69.4243 62.357 57.2131 48.3019 42.9584 45.3167 31.6444 30.7149 24.8975 23.2137 22.3136 23.1689 25.3621 22.2239 19.6469 19.5585 19.4522 16.05 13.8823 10.6853
threshold=10.449999809265138 13.84999990463257 7.1499998569488534 1.0000000180025095e-35 -0.6035499870777129 62.500000000000007 2.5000000000000004 12.150000095367433 502.50000000000006 77.500000000000014 75.415000915527358 74.500000000000014 23.050000190734867 78.500000000000014 -0.49500000476837153 7.9500000476837167 1022.7500000000001 42.500000000000007 0.11150000244379045 1021.3500061035157 4.4500000476837167 80.500000000000014 57.500000000000007 372.50000000000006 0.78654998540878307 0.91595000028610241 312.50000000000006 1022.0499877929689 8.3499999046325701 0.11450000107288362
decision_type=2 2 2 2 2 2 2 2 2 2 2 2 2 2 2 2 2 2 2 2 2 2 2 2 2 2 2 2 2 2
left_child=2 10 20 5 9 -3 14 19 -8 -5 24 -9 29 26 -4 28 17 -10 -14 -7 -1 22 -22 -23 -2 -17 -12 -11 -16 -6
right_child=1 3 6 4 12 7 8 11 16 27 13 -13 18 -15 15 25 -18 -19 -20 -21 21 23 -24 -25 -26 -27 -28 -29 -30 -31
leaf_value=-0.034932724109337648 0.0126989650825012 0.0126989650825012 -0.013724971497303543 0.13764558723994666 0.0126989650825012 0.019232762457027382 0.00012267421657532614 0.052815886048387876 -0.013724971497303543 0.068125624327283155 0.0038114466095959705 0.02903036549355455 0.026488688590762605 0.0075002190026166151 -0.013724971497303543 0.00012267421657532614 -0.013724971497303543 -0.0043710824106673492 0.050748980194330218 0.02903036549355455 -0.027003217293323712 -0.017223985801400492 -0.013724971497303543 -0.027003217293323712 0.0075002190026166151 -0.006801148640364108 0.00012267421657532614 0.036064394501348337 -0.006801148640364108 0.023384598528759348
leaf_weight=245 526 741 2044 35 303 756 1338 395 66 209 1629 309 96 1466 454 674 532 2034 200 94 176 822 718 626 425 253 1973 48 419 234
leaf_count=245 186 260 1155 14 101 252 657 134 36 74 629 103 32 553 250 332 276 1050 71 33 176 752 626 625 157 135 824 16 216 78
internal_value=-0.000381836 0.0105275 -0.0102822 0.0205851 0.0351582 0.0134415 -0.00687432 0.0257666 -0.00162119 0.0711882 0.00481282 0.038828 0.0225282 0.00230147 -0.0122996 -0.00572478 -0.00886484 -0.00552273 0.0401779 0.0192328 -0.0205756 -0.0190737 -0.013725 -0.0230133 0.012699 0.000122674 0.000122674 0.0621375 -0.013725 0.0127995
internal_weight=19840 9439 10401 3420 1125 2295 7814 1554 3970 292 6019 704 833 5068 3844 1800 2632 2100 296 850 2587 2342 894 1448 951 927 3602 257 873 537
internal_count=10048 3517 6531 1168 386 782 4107 522 2019 104 2349 237 282 2006 2088 933 1362 1086 103 285 2424 2179 802 1377 343 467 1453 90 466 179
is_linear=0
shrinkage=0.05


Tree=50
num_leaves=31
num_cat=0
split_feature=25 5 25 25 29 10 11 10 9 0 7 6 10 11 2 25 5 18 5 25 8 27 25 6 11 4 8 6 25 5
split_gain=731.708 252.617 158.852 150.216 110.175 84.0315 76.8684 147.34 63.1491 62.0942 61.9233 49.9372 123.397 46.5235 46.3653 44.0979 34.8833 32.6386 32.3452 32.2099 30.5492 36.7067 26.9995 25.789 24.6431 15.6733 12.6365 11.9676 11.908 10.9875
threshold=10.750000000000002 -1.9350000023841856 13.449999809265138 7.6499998569488534 28.500000000000004 -0.6035499870777129 -1.0000000180025095e-35 -0.37939999997615809 -0.37939999997615809 29.44999980926514 1021.7500000000001 127.50000000000001 -0.6035499870777129 0.60784998536109935 1.1549999713897707 21.050000190734867 4.8450000286102304 3.1499999761581425 -2.6350001096725459 8.9499998092651385 735.50000000000011 12.949999809265138 5.5499999523162851 342.50000000000006 1.0000000180025095e-35 1.575000047683716 728.50000000000011 157.50000000000003 3.3500000238418584 -1.955000042915344
decision_type=2 2 2 2 2 2 2 2 2 2 2 2 2 2 2 2 2 2 2 2 2 2 2 2 2 2 2 2 2 2
left_child=3 4 13 22 9 10 7 14 19 -2 -5 12 -8 20 -4 -9 -10 -15 -6 29 21 -3 28 -12 25 -24 -11 -26 -1 -7
right_child=1 2 6 5 18 8 11 15 16 26 23 -13 -14 17 -16 -17 -18 -19 -20 -21 -22 -23 24 -25 27 -27 -28 -29 -30 -31
leaf_value=-0.051616890515599936 0.00088460836332572015 0.00088460836332572015 0.10016487199068069 0.00088460836332572015 0.039006696508519428 -0.011214393086212143 0.10602928793430329 0.017152149195572102 -0.011214393086212143 0.039006696508519428 0.00088460836332572015 0.016153491577645587 0.023805034097187736 0.00088460836332572015 0.049456375677903147 0.053132547202863194 0.00088460836332572015 0.016153491577645587 0.11693357982887671 0.00088460836332572015 0.016153491577645587 0.011915551259320367 -0.011214393086212143 -0.011214393086212143 -0.011214393086212143 -0.020420728234058463 0.01956952480333192 -0.020420728234058463 -0.024234163105845731 -0.004336553391135047
leaf_weight=42 2420 1306 50 1507 27 545 50 822 3063 78 153 1070 522 126 458 95 114 545 26 1596 66 810 1107 458 300 217 84 1083 726 416
leaf_count=42 937 508 19 730 9 278 21 274 1586 26 70 359 179 44 154 34 54 195 11 770 22 294 826 242 235 187 28 971 726 211
internal_value=-0.000465923 0.0105712 0.0164498 -0.00880199 0.000884608 -0.00497148 0.0243493 0.0328463 -0.00825861 0.000884608 0.000884608 0.0169752 0.0309925 0.00795773 0.0544474 0.0208797 -0.0112144 0.0161535 0.0771288 -0.00219591 0.00427367 0.00267665 -0.0174573 -0.0112144 -0.0151098 -0.0112144 0.0380635 -0.0198311 -0.0257317 -0.00955772
internal_weight=19882 8555 5920 11327 2635 7852 3067 1425 5734 2582 2118 1642 572 2853 508 917 3177 671 53 2557 2182 2116 3475 611 2707 1324 162 1383 768 961
internal_count=10042 3114 2103 6928 1011 3941 1040 481 2899 991 1042 559 200 1063 173 308 1640 239 20 1259 824 802 2987 312 2219 1013 54 1206 768 489
is_linear=0
shrinkage=0.05


Tree=51
num_leaves=31
num_cat=0
split_feature=25 5 25 25 29 28 24 7 11 10 1 7 26 10 18 1 6 7 6 7 7 7 3 10 4 5 5 10 1 1
split_gain=653.134 195.433 188.137 115.936 111.64 82.9676 74.9248 181.218 91.3339 61.0998 56.4467 55.6174 55.457 48.6507 88.9216 53.7331 41.8888 55.6277 35.2844 34.9844 33.4091 26.693 25.8719 27.4881 25.3962 28.595 25.1114 20.0214 17.8391 14.7792
threshold=10.449999809265138 -1.8849999904632566 13.449999809265138 7.5499999523162851 28.500000000000004 81.500000000000014 59.584999084472663 1025.9500122070315 -0.60784998536109913 -0.6035499870777129 63.500000000000007 1021.1499938964845 13.650000095367433 -0.6035499870777129 4.1499998569488534 70.500000000000014 612.50000000000011 1011.8500061035157 377.50000000000006 1017.0499877929689 1011.1499938964845 1025.549987792969 37.500000000000007 -0.98295000195503224 2.3950001001358037 5.2550001144409189 3.0449999570846562 -0.6035499870777129 89.500000000000014 74.500000000000014
decision_type=2 2 2 2 2 2 2 2 2 2 2 2 2 2 2 2 2 2 2 2 2 2 2 2 2 2 2 2 2 2
left_child=3 4 13 22 5 -2 7 27 20 11 -6 -5 26 14 -3 -15 17 -7 -13 -10 -8 -17 23 -1 28 -26 -11 -4 -24 -9
right_child=1 2 6 9 10 16 8 29 19 12 -12 18 -14 15 -16 21 -18 -19 -20 -21 -22 -23 24 -25 25 -27 -28 -29 -30 -31
leaf_value=-0.011233472954032762 -5.5549727360099112e-05 -5.5549727360099112e-05 0.050062886630738539 -5.5549727360099112e-05 0.03660574320621901 0.017056230006078775 0.014451943692108763 0.095413732528686526 0.030496530167326549 -0.011233472954032762 0.12217713799969904 -5.5549727360099112e-05 -5.5549727360099112e-05 0.014451943692108763 0.014451943692108763 -5.5549727360099112e-05 0.0082550727413007782 0.03660574320621901 -0.011233472954032762 0.014451943692108763 0.031045068078899549 0.014451943692108763 -0.011233472954032762 -0.027048554036019315 -0.020863596496500953 -0.066205078578657581 -0.0056445113406964308 0.031045068078899549 -0.019720512776870529 0.14390333638046726
leaf_weight=81 2179 227 143 1290 24 208 30 30 345 3436 29 211 1200 351 738 1877 307 315 469 1486 745 177 1452 883 153 45 528 228 662 33
leaf_count=59 875 97 52 631 8 73 10 10 115 1793 12 106 588 126 270 756 117 106 250 500 254 63 1200 842 150 45 267 79 577 11
internal_value=-0.000483573 0.00901691 0.0140104 -0.00912801 -5.55497e-05 -5.55497e-05 0.0230293 0.0422642 0.019826 -0.00555231 0.073267 -5.55497e-05 -0.0085007 0.00587456 0.0144519 0.0020558 0.0165657 0.0258574 -0.0112335 0.0144519 0.0310451 -5.55497e-05 -0.0169146 -0.0237959 -0.0140455 -0.0311685 -0.0112335 0.0310451 -0.0124417 0.120813
internal_weight=19882 9472 6410 10410 3062 3009 3040 434 2606 7134 53 1970 5164 3370 965 2405 830 523 680 1831 775 2054 3276 964 2312 198 3964 371 2114 63
internal_count=10042 3534 2343 6508 1191 1171 1031 152 879 3635 20 987 2648 1312 367 945 296 179 356 615 264 819 2873 901 1972 195 2060 131 1777 21
is_linear=0
shrinkage=0.05


Tree=52
num_leaves=26
num_cat=0
split_feature=26 26 7 24 10 6 1 8 9 10 8 5 6 10 20 9 6 8 28 11 8 9 17 26 7
split_gain=455.82 160.121 188.187 149.948 100.735 146.013 97.7168 66.9072 61.2979 59.8702 64.5976 68.1863 48.3222 45.513 49.4174 39.0674 37.0351 36.3449 23.6818 23.4306 12.8801 11.6533 6.31668 3.88429 3.02071
threshold=13.750000000000002 20.650000572204593 1022.8500061035157 209.58499908447268 0.98295000195503246 542.50000000000011 80.500000000000014 569.00000000000011 0.78654998540878307 -0.6035499870777129 489.50000000000006 -1.6050000190734861 132.50000000000003 0.98295000195503246 12.34999990463257 0.78654998540878307 1147.5000000000002 674.50000000000011 73.500000000000014 0.60784998536109935 618.50000000000011 -0.37939999997615809 0.097500000149011626 10.150000095367433 1017.0499877929689
decision_type=2 2 2 2 2 2 2 2 2 2 2 2 2 2 2 2 2 2 2 2 2 2 2 2 2
left_child=3 4 9 15 5 8 16 12 -2 10 11 -3 24 14 -11 -1 22 -7 21 -14 -12 -18 -5 -20 -8
right_child=1 2 -4 6 -6 17 7 -9 -10 13 20 -13 19 -15 -16 -17 18 -19 23 -21 -22 -23 -24 -25 -26
leaf_value=-0.00030879271371512602 0.012343424877216456 0.1578374791145325 0.012343424877216456 -0.012505930368498487 -0.00030879271371512602 -0.00030879271371512602 -0.012443982207623083 -0.11332306894991134 0.0060173160817506652 0.013024226648399865 0.040996502836545309 0.060112412967326417 -0.021740773827435889 0.071804688539769915 0.034378048355936712 -0.005903343442372761 -0.029049220080732515 0.0060173160817506652 -0.022503074581806819 -0.012544308286428611 0.012343424877216456 -0.073480828528408898 -0.005903343442372761 -0.012505930368498487 -0.005903343442372761
leaf_weight=1672 3461 20 361 186 414 2331 108 18 1180 492 72 166 2311 54 603 863 190 452 78 989 72 15.999999999999998 3124 247 402
leaf_count=837 1304 9 123 132 180 985 70 9 460 164 24 63 1679 18 208 507 151 160 62 671 24 10 1854 124 214
internal_value=-0.000509154 0.00726457 0.0205383 -0.00788216 0.0041485 0.00710049 -0.0114979 -0.0171515 0.0123434 0.0323846 0.0511559 0.0706205 -0.0166972 0.0269933 0.0247835 -0.000308793 -0.00590334 -0.000308793 -0.0191085 -0.0189846 0.0260141 -0.0325002 -0.00590334 -0.0125059 -0.00590334
internal_weight=19882 9678 1840 10204 7838 7424 7669 3828 4641 1479 330 186 3810 1149 1095 2535 3841 2783 531 3300 144 206 3310 325 510
internal_count=10042 3722 633 6320 3089 2909 4976 2643 1764 510 120 72 2634 390 372 1344 2333 1145 347 2350 48 161 1986 186 284
is_linear=0
shrinkage=0.05


Tree=53
num_leaves=31
num_cat=0
split_feature=25 5 25 25 23 11 10 24 8 29 27 6 1 1 1 9 12 28 27 9 25 2 4 3 10 26 27 4 5 26
split_gain=513.764 184.743 158.883 91.2974 89.5981 70.5269 125.902 100.171 65.6926 59.5323 51.9929 46.5658 43.7105 42.7249 38.574 36.2167 36.021 33.8869 31.9205 30.8597 27.8973 27.8268 20.0714 16.0677 15.7693 13.2376 12.5402 10.9692 10.9573 9.71275
threshold=10.34999990463257 -1.8849999904632566 13.449999809265138 7.5499999523162851 120.50000000000001 -1.0000000180025095e-35 -0.37939999997615809 27.914999961853031 2.5000000000000004 28.500000000000004 12.250000000000002 792.50000000000011 70.500000000000014 70.500000000000014 74.500000000000014 0.78654998540878307 0.81174999475479137 81.500000000000014 22.150000572204593 0.78654998540878307 21.050000190734867 5.7650001049041757 2.3950001001358037 38.500000000000007 -0.98295000195503224 14.550000190734865 7.4500000476837167 -1.2849999666213987 -4.1349999904632559 18.44999980926514
decision_type=2 2 2 2 2 2 2 2 2 2 2 2 2 2 2 2 2 2 2 2 2 2 2 2 2 2 2 2 2 2
left_child=3 4 10 19 9 6 13 18 16 17 12 -10 -3 -4 -8 -12 25 -2 -7 21 -9 23 -23 24 -1 -5 -18 -19 -13 -14
right_child=1 2 5 8 -6 7 14 20 11 -11 15 28 29 -15 -16 -17 26 27 -20 -21 -22 22 -24 -25 -26 -27 -28 -29 -30 -31
leaf_value=-0.010250047139092026 -0.00045838401774695586 0.0068783536320535191 0.026710100452366631 -0.010250047139092026 0.067547814518797641 0.044143866465953842 0.036113511260211201 0.013071329649302001 -0.00045838401774695586 0.033544715250525339 0.013071329649302001 -0.0053398736599796276 -0.00045838401774695586 0.058376273188447014 0.013071329649302001 0.0068783536320535191 -0.010250047139092026 0.015816415641711226 0.10707214938269721 -0.02329188327501969 0.043462808670975815 -0.019826912473627303 -0.051534377279189914 -0.010250047139092026 -0.018799027844164984 -0.00045838401774695586 -0.00045838401774695586 0.0060760947430806428 -0.010250047139092026 0.0068783536320535191
leaf_weight=60 2295 555 152 2510 51 29 221 1471 2157 53 943 185 1374 356 693 413 78 659 36 889 82 215 65 1506 541 354 399 163 1038 339
leaf_count=40 934 210 52 1322 17 11 76 493 1080 20 343 89 594 121 231 163 46 229 12 854 35 202 65 1212 500 177 201 66 529 118
internal_value=-0.000503662 0.00757926 0.0123921 -0.00849603 -0.000458384 0.0208216 0.0289452 0.013682 -0.00516008 -0.000458384 0.00532109 -0.000458384 0.000690292 0.0489014 0.0178536 0.0130664 -0.0101345 -0.000458384 0.0752164 -0.01534 0.0130713 -0.0123785 -0.0271876 -0.0104105 -0.018431 -0.01025 -0.000458384 0.0126106 -0.0102214 -0.000458384
internal_weight=19882 9885 6664 9997 3221 3040 1422 1618 6721 3170 3624 3380 2268 508 914 1356 3341 3117 65 3276 1553 2387 280 2107 601 2864 477 822 1223 1713
internal_count=10042 3725 2459 6317 1266 1031 480 551 3444 1249 1428 1698 922 173 307 506 1746 1229 23 2873 528 2019 267 1752 540 1499 247 295 618 712
is_linear=0
shrinkage=0.05


Tree=54
num_leaves=31
num_cat=0
split_feature=25 5 25 9 9 8 7 23 0 6 26 7 26 2 18 2 1 1 7 7 23 10 20 9 5 1 7 8 17 7
split_gain=453.22 165.229 149.81 88.8062 116.937 85.8788 79.4859 72.3103 62.3529 61.9664 53.2915 45.8776 42.019 38.8964 32.5117 32.414 26.6335 26.2507 41.6613 25.2397 25.2358 24.1874 18.0699 17.1043 16.9387 15.6581 15.4018 14.7452 13.351 12.5273
threshold=12.150000095367433 -0.35500000417232508 8.1500000953674334 1.0000000180025095e-35 0.78654998540878307 1.0000000180025095e-35 1026.850036621094 29.500000000000004 28.550000190734867 452.50000000000006 27.400000572204593 1019.4500122070314 13.84999990463257 0.87500000000000011 13.550000190734865 3.1250000000000004 80.500000000000014 74.500000000000014 1021.8500061035157 1017.6499938964845 110.50000000000001 -0.98295000195503224 3.6499999761581425 0.78654998540878307 2.4550000429153447 88.500000000000014 1024.4500122070315 20.500000000000004 0.13849999755620959 1021.7500000000001
decision_type=2 2 2 2 2 2 2 2 2 2 2 2 2 2 2 2 2 2 2 2 2 2 2 2 2 2 2 2 2 2
left_child=2 3 15 8 12 13 7 -3 -2 -7 11 -9 -5 -4 -14 23 22 18 -11 -6 28 -18 -17 -1 -15 -19 -24 -23 -10 -12
right_child=1 6 5 4 19 9 -8 10 20 17 29 -13 14 24 -16 16 21 25 -20 -21 -22 27 26 -25 -26 -27 -28 -29 -30 -31
leaf_value=-0.0072430430926886339 0.0028747150143451452 0.0028747150143451452 0.0028747150143451452 0.0028747150143451452 0.028672285315891107 0.0028747150143451452 0.087019268671671549 0.031095278360324465 0.018855071653853413 -0.00043098666835991798 0.038970515196714767 0.014853025233309331 0.031020206554807452 -0.0072430430926886339 0.060854761004447935 -0.054741166710853578 -0.09177437027295432 -0.0072430430926886339 -0.0072430430926886339 0.0028747150143451452 0.072935800419913405 -0.023214690051480424 -0.011929461342027969 -0.011929461342027969 -0.0021841640391717441 -0.00043098666835991798 -0.033335314026440771 -0.011929461342027969 0.048271826571888395 0.066537845907387913
leaf_weight=1248 1983 129 388 83 96 1581 45 636 135 1844 174 1374 382 3121 120 25 11.999999999999998 863 592 549 36 1078 1295 648 720 255 66 296 54 54
leaf_count=813 698 43 168 30 32 688 15 215 45 840 65 465 128 1528 40 25 12 427 279 183 12 994 1006 488 348 115 56 243 18 23
internal_value=-0.000533964 0.0111577 -0.00540827 0.00411935 0.0164699 -0.0017606 0.02119 0.0199385 0.00287472 0.00258482 0.022591 0.0199924 0.0326799 -0.00703695 0.038152 -0.0127255 -0.0161713 -0.00373669 -0.000543978 0.00287472 0.034568 -0.0210961 -0.0119295 -0.00768761 -0.00724304 -0.00724304 -0.0119295 -0.0204788 0.0272599 0.0454996
internal_weight=19882 5850 14032 3438 1230 9364 2412 2367 2208 5135 2238 2010 585 4229 502 4668 2772 3554 2436 645 225 1386 1386 1896 3841 1118 1361 1374 189 228
internal_count=10042 2012 8030 1186 413 4393 826 811 773 2349 768 680 198 2044 168 3637 2336 1661 1119 215 75 1249 1087 1301 1876 542 1062 1237 63 88
is_linear=0
shrinkage=0.05


Tree=55
num_leaves=31
num_cat=0
split_feature=25 8 9 10 9 6 28 7 26 26 19 25 5 0 11 5 8 29 0 27 2 19 27 1 7 7 5 28 6 1
split_gain=422.379 142.385 161.868 257.635 126.198 155.551 108.747 97.692 78.7435 76.0812 67.7577 64.7694 54.119 47.8901 46.5634 46.2147 35.5907 33.1143 30.3423 41.1568 29.1984 26.3373 21.0869 19.9715 21.7237 18.0196 21.05 16.3919 15.914 13.0132
threshold=12.150000095367433 730.50000000000011 1.0000000180025095e-35 -0.6035499870777129 0.78654998540878307 432.50000000000006 62.500000000000007 1025.9500122070315 23.050000190734867 28.599999427795414 0.53700000047683727 8.3499999046325701 -3.8950001001358028 29.050000190734867 -1.0000000180025095e-35 -1.5049999952316282 2.5000000000000004 9.7500000000000018 21.94999980926514 11.250000000000002 1.1800000071525576 0.56749999523162853 22.60000038146973 97.500000000000014 1014.5499877929689 1019.4500122070314 -0.25499999523162836 73.500000000000014 802.50000000000011 86.500000000000014
decision_type=2 2 2 2 2 2 2 2 2 2 2 2 2 2 2 2 2 2 2 2 2 2 2 2 2 2 2 2 2 2
left_child=4 2 6 7 5 16 -2 14 22 13 12 27 -7 -8 -4 -13 20 -3 23 -20 -1 -10 -5 24 29 26 -25 -12 -26 -6
right_child=1 17 3 8 18 10 9 -9 21 -11 11 15 -14 -15 -16 -17 -18 -19 19 -21 -22 -23 -24 25 28 -27 -28 -29 -30 -31
leaf_value=0.0025117032414211284 0.0025117032414211284 0.022039007279607989 0.058505184630783962 0.0025117032414211284 -0.050758779934350996 -0.041197995908463042 0.0087806332178283573 0.1267193451905862 0.019217147668778391 0.045253649034368043 -0.01758059983458166 -0.0094918543759571743 -0.17457248091697694 0.028104845899388855 0.026668787524464051 -0.0027939285226933467 0.0025117032414211284 0.05950857526377628 -0.009991046453379825 0.0025117032414211284 -0.0027939285226933467 0.043958261340129673 0.014264313221074543 -0.021749256586744675 -0.014112734528626157 -0.018510324367374747 -0.087018878857294729 -0.0094918543759571743 -0.035187631805843493 -0.021374139719339741
leaf_weight=609 1226 90 258 987 69 28 1887 39 102 176 1551 2500 9.9999999999999982 102 207 1957 1966 171 213 179 2066 205 462 21 1903 53 30 653 94 83
leaf_count=272 445 30 88 333 56 28 636 13 34 63 1236 1185 10 34 73 922 979 57 193 83 1154 73 154 19 1228 30 15 470 49 83
internal_value=-0.000722251 0.0104822 0.00881462 0.0191968 -0.00545881 -0.00316493 0.0025117 0.050708 0.0101526 0.0137442 -0.00809956 -0.00771975 -0.0746762 0.010956 0.0443329 -0.00425262 0.0025117 0.046588 -0.0152935 -0.00245483 -0.00279393 0.0331553 0.00527897 -0.0175273 -0.0164917 -0.0389264 -0.0601432 -0.0147311 -0.0151047 -0.0347132
internal_weight=19897 5912 5651 2260 13985 11340 3391 504 1756 2165 6699 6661 38 1989 465 4457 4641 261 2645 392 2675 307 1449 2253 2149 104 51 2204 1997 152
internal_count=10045 2033 1946 768 8012 6256 1178 174 594 733 3851 3813 38 670 161 2107 2405 87 1756 276 1426 107 487 1480 1416 64 34 1706 1277 139
is_linear=0
shrinkage=0.05


Tree=56
num_leaves=31
num_cat=0
split_feature=10 25 7 26 6 10 9 6 12 20 11 3 23 7 7 17 7 8 18 18 11 11 11 0 27 7 18 3 11 9
split_gain=398.905 448.561 274.634 205.718 162.68 210.55 141.122 176.256 106.399 99.9737 86.942 81.4689 80.2912 79.5934 143.21 62.4213 60.673 50.428 48.2073 46.3244 42.6544 31.6202 31.5103 27.7345 44.2033 21.9518 77.3565 21.0238 21.8884 20.738
threshold=0.98295000195503246 12.150000095367433 1019.0499877929689 19.750000000000004 552.50000000000011 -0.6035499870777129 0.78654998540878307 432.50000000000006 0.81174999475479137 14.150000095367433 0.60784998536109935 285.50000000000006 48.500000000000007 1016.6499938964845 1017.2500000000001 0.091499999165534987 1025.549987792969 420.50000000000006 7.2500000000000009 7.1499998569488534 1.0000000180025095e-35 -1.0000000180025095e-35 -0.60784998536109913 21.94999980926514 11.250000000000002 1014.1499938964845 14.449999809265138 200.50000000000003 -0.60784998536109913 0.60354998707771312
decision_type=2 2 2 2 2 2 2 2 2 2 2 2 2 2 2 2 2 2 2 2 2 2 2 2 2 2 2 2 2 2
left_child=1 6 11 12 5 8 7 29 10 -7 -3 13 20 25 -15 17 -17 -9 -5 -14 -4 -13 -6 27 -25 26 -2 -8 -29 -1
right_child=2 4 3 18 22 9 23 15 -10 -11 -12 21 19 14 -16 16 -18 -19 -20 -21 -22 -23 -24 24 -26 -27 -28 28 -30 -31
leaf_value=0.0042463267287546546 -0.16028858934129989 0.06292048579865947 -0.070655183730838456 0.025199936439351339 0.011397664313160428 0.011397664313160428 -0.0094458178668406362 -0.16131614392453975 0.011397664313160428 0.033813875913439505 0.019277535495804809 -0.14796250831513177 -0.024826027177598166 -0.21735877771126597 -0.062089460693738045 -0.0057657667942885042 -0.035209385026246313 -0.038725325307320951 0.10449177357885574 0.018064659945702111 -0.027169038745707252 -0.080079993734072 0.0042463267287546546 -0.0094458178668406362 0.0042463267287546546 -0.022051328201490195 -0.012397949645916622 -0.030244421950742808 -0.016464349386462383 -0.0013600819325518762
leaf_weight=3454 13.999999999999998 449 107 41 528 2702 580 10.999999999999998 111 516 153 42 138 19 68 6256 180 27 36 99 108 29 1161 213 179 97 24 370 1303 882
leaf_count=1726 14 153 63 14 179 908 366 11 43 178 51 16 62 14 43 3565 104 27 12 40 57 23 410 193 83 55 12 229 885 509
internal_value=-0.000677527 0.000792126 -0.0347817 -0.0132729 0.0126559 0.018549 -0.00416323 -0.00163029 0.0431325 0.0131021 0.0518285 -0.0736151 -0.0261421 -0.0587048 -0.0959989 -0.00696649 -0.00658924 -0.0708614 0.0622714 -0.00607063 -0.0482675 -0.120236 0.00424633 -0.0145153 -0.00224073 -0.0346709 -0.066884 -0.0166509 -0.0195119 0.00424633
internal_weight=19897 19075 822 529 5620 3931 13455 10810 713 3218 602 293 452 222 87 6474 6436 38 77 237 215 71 1689 2645 392 135 38 2253 1673 4336
internal_count=10045 9620 425 248 1922 1333 7698 5942 247 1086 204 177 222 138 57 3707 3669 38 26 102 120 39 589 1756 276 81 26 1480 1114 2235
is_linear=0
shrinkage=0.05


Tree=57
num_leaves=31
num_cat=0
split_feature=10 25 7 26 6 10 25 12 20 11 3 23 7 7 5 9 18 18 11 9 11 6 11 3 12 7 5 6 8 8
split_gain=359.301 392.814 248.115 185.506 149.545 189.681 129.428 98.197 90.9966 78.4651 73.5257 72.5162 71.8331 129.247 68.1515 87.6836 43.5071 41.9927 38.5924 28.8475 28.5372 28.3236 28.2023 27.7911 20.2015 59.0158 20.1138 20.0224 26.2539 19.7543
threshold=0.98295000195503246 12.150000095367433 1019.0499877929689 19.750000000000004 552.50000000000011 -0.6035499870777129 8.1500000953674334 0.81174999475479137 14.150000095367433 0.60784998536109935 285.50000000000006 48.500000000000007 1016.6499938964845 1017.2500000000001 -2.0149999856948848 0.78654998540878307 7.2500000000000009 7.1499998569488534 1.0000000180025095e-35 0.91595000028610241 -1.0000000180025095e-35 532.50000000000011 -0.60784998536109913 39.500000000000007 1.0000000180025095e-35 1014.4500122070314 -0.085000000894069658 452.50000000000006 157.50000000000003 119.50000000000001
decision_type=2 2 2 2 2 2 2 2 2 2 2 2 2 2 2 2 2 2 2 2 2 2 2 2 2 2 2 2 2 2
left_child=1 6 10 11 5 7 19 9 -7 -3 12 18 24 -14 27 -16 -5 -13 -4 21 -12 -1 -6 -23 25 -2 -10 28 -8 -9
right_child=2 4 3 16 22 8 14 29 26 -11 20 17 13 -15 15 -17 -18 -19 -20 -21 -22 23 -24 -25 -26 -27 -28 -29 -30 -31
leaf_value=-0.005557548849223575 -0.12960709200965034 0.059774461043438566 -0.067122424749013421 0.023939940478743579 0.010746589983595988 0.010746589983595988 -0.0024557829107844497 0.066843927403291079 0.025264240532642469 0.018313658773119936 -0.14056438810768582 -0.023584725567396138 -0.20649084386072661 -0.058984987810254103 0.0039707662201238251 -0.005557548849223575 0.099267179436153846 0.017178887803763209 -0.025776022579011005 -0.019424343226865065 -0.076075992911275286 -0.02200285152795263 0.0039707662201238251 -0.0094694453243566318 -0.01286550040428455 -0.024564542277501183 0.046330989154410508 -0.005557548849223575 0.0039707662201238251 0.010746589983595988
leaf_weight=1927 18 449 107 41 528 2702 993 24 348 153 42 138 19 68 4232 1119 36 99 108 790 29 623 1161 1232 65 52 168 2227 312 87
leaf_count=1400 16 153 63 14 179 908 473 12 118 51 16 62 14 43 1938 547 12 40 57 673 23 519 410 964 36 29 60 1059 125 31
internal_value=-0.000656461 0.00073833 -0.0330234 -0.0125794 0.0118404 0.0175224 -0.00389889 0.0408558 0.0123525 0.0492371 -0.0699343 -0.0248001 -0.0557696 -0.0911989 -0.000380721 0.00317913 0.0591579 -0.00572514 -0.0458269 -0.0107344 -0.114224 -0.00891918 0.00397077 -0.0133813 -0.0329373 -0.0515755 0.0321232 -0.00555755 0.000645983 0.0107466
internal_weight=19897 19075 822 529 5620 3931 13455 713 3218 602 293 452 222 87 8883 5351 77 237 215 4572 71 3782 1689 1855 135 70 516 3532 1305 111
internal_count=10045 9620 425 248 1922 1333 7698 247 1086 204 177 222 138 57 4142 2485 26 102 120 3556 39 2883 589 1483 81 45 178 1657 598 43
is_linear=0
shrinkage=0.05


Tree=58
num_leaves=31
num_cat=0
split_feature=10 25 7 26 6 10 9 6 12 11 25 3 23 7 7 17 7 8 18 18 11 3 0 27 11 11 29 3 15 7
split_gain=322.852 345.147 224.165 167.275 137.426 169.638 120.858 153.424 92.2441 70.8148 67.158 66.357 65.4984 64.8293 116.646 54.8889 55.5174 45.8338 39.2651 38.0725 34.9188 25.9196 25.8744 38.4487 25.7549 25.4542 21.9348 19.0024 19.9851 18.3544
threshold=0.98295000195503246 12.150000095367433 1019.0499877929689 19.750000000000004 552.50000000000011 -0.6035499870777129 0.78654998540878307 432.50000000000006 0.81174999475479137 0.60784998536109935 16.800000190734867 285.50000000000006 48.500000000000007 1016.6499938964845 1017.2500000000001 0.091499999165534987 1025.549987792969 420.50000000000006 7.2500000000000009 7.1499998569488534 1.0000000180025095e-35 32.500000000000007 21.94999980926514 11.250000000000002 -1.0000000180025095e-35 -0.60784998536109913 13.34999990463257 200.50000000000003 1.7099999785423281 1014.1499938964845
decision_type=2 2 2 2 2 2 2 2 2 2 2 2 2 2 2 2 2 2 2 2 2 2 2 2 2 2 2 2 2 2
left_child=1 6 11 12 5 8 7 -1 9 -3 26 13 20 29 -15 17 -17 -9 -5 -14 -4 -12 27 -24 -13 -6 -7 -8 -29 -2
right_child=2 4 3 18 25 10 22 15 -10 -11 21 24 19 14 -16 16 -18 -19 -20 -21 -22 -23 23 -25 -26 -27 -28 28 -30 -31
leaf_value=0.0036800787612016627 -0.060745997550456149 0.056785738176120683 -0.063766303296401122 0.022742942230003636 0.010106507048122972 0.010106507048122972 -0.0083801831163627417 -0.15259870290756228 0.010106507048122972 0.017397976457293518 0.064119474447908859 -0.1335361707778204 -0.022405489715005181 -0.19616630171474658 -0.056035739753176189 -0.0052550473350411126 -0.033419942506071595 -0.036177590431009682 0.094303826491038009 0.016337104286256642 -0.024453273694805079 0.023587641764984089 -0.0083801831163627417 0.0036800787612016627 -0.072272193740154131 0.0036800787612016627 0.018080651922990371 -0.021968622504987229 -0.010423397189794632 -0.019751199718910397
leaf_weight=4336 38 449 107 41 528 2011 580 10.999999999999998 111 153 42 42 138 19 68 6256 180 27 36 99 108 648 213 179 29 1161 517 1106 567 97
leaf_count=2235 26 153 63 14 179 676 366 11 43 51 14 16 62 14 43 3565 104 27 12 40 57 222 193 83 23 410 174 724 390 55
internal_value=-0.000672046 0.000650106 -0.0313534 -0.0119211 0.0110568 0.0165329 -0.00369666 -0.00135261 0.0385992 0.0467752 0.0116438 -0.0664376 -0.0235258 -0.0529811 -0.086639 -0.00639651 -0.00604275 -0.0663124 0.0562 -0.0053973 -0.0435092 0.0260548 -0.0132767 -0.0014209 -0.108513 0.00368008 0.0101065 -0.0153395 -0.0180558 -0.0312905
internal_weight=19897 19075 822 529 5620 3931 13455 10810 713 602 3218 293 452 222 87 6474 6436 38 77 237 215 690 2645 392 71 1689 2528 2253 1673 135
internal_count=10045 9620 425 248 1922 1333 7698 5942 247 204 1086 177 222 138 57 3707 3669 38 26 102 120 236 1756 276 39 589 850 1480 1114 81
is_linear=0
shrinkage=0.05


Tree=59
num_leaves=31
num_cat=0
split_feature=10 25 7 26 25 7 25 3 23 7 7 5 1 1 27 8 18 18 4 10 11 24 11 27 24 5 2 12 7 4
split_gain=290.398 314.691 202.534 150.831 137.867 79.4526 61.7113 59.8872 59.1638 58.5085 105.273 57.3021 50.2722 48.7428 45.6206 35.4738 35.4368 34.5243 34.1938 43.6291 31.5963 30.7869 23.2438 21.7564 21.4386 19.6354 25.6338 18.5774 51.5735 18.1796
threshold=0.98295000195503246 9.2500000000000018 1019.0499877929689 19.750000000000004 14.050000190734865 1022.0499877929689 17.550000190734867 285.50000000000006 48.500000000000007 1016.6499938964845 1017.2500000000001 -1.5349999666213987 81.500000000000014 64.500000000000014 11.750000000000002 469.50000000000006 7.2500000000000009 7.1499998569488534 0.86500000953674328 -0.6035499870777129 1.0000000180025095e-35 133.75000000000003 -1.0000000180025095e-35 7.2500000000000009 75.415000915527358 -3.6850000619888301 6.4849998950958261 1.0000000180025095e-35 1014.4500122070314 0.49500000476837164
decision_type=2 2 2 2 2 2 2 2 2 2 2 2 2 2 2 2 2 2 2 2 2 2 2 2 2 2 2 2 2 2
left_child=1 12 7 8 11 6 14 9 20 27 -11 24 13 23 -6 -8 -5 -10 -13 -20 -4 -14 -9 29 -3 -23 -27 28 -2 -1
right_child=2 4 3 16 5 -7 15 22 17 10 -12 18 21 -15 -16 -17 -18 -19 19 -21 -22 25 -24 -25 -26 26 -28 -29 -30 -31
leaf_value=-0.011787028179889993 -0.12054493559731379 0.0085027007136216914 -0.060577988607164859 0.021605797293709546 0.0085027007136216914 0.0085027007136216914 0.038038007090227643 -0.1268593659713155 -0.021285215028278209 -0.1863579913189537 -0.053233950475559511 0.0085027007136216914 -0.0011236548614467852 -0.0011236548614467852 0.022026726535454618 0.022026726535454618 0.089588630199432376 0.015537111518440351 0.0085027007136216914 -0.0011236548614467852 -0.02319726782187179 -0.020604453517813835 -0.068658584510457935 -0.0011236548614467852 -0.0011236548614467852 -0.010866770892856493 -0.060771079476063077 -0.010477838103587812 -0.022348755250613278 -0.029786263386200291
leaf_weight=877 18 193 107 41 1086 370 570 42 138 19 68 3067 505 2107 735 321 36 99 511 1394 108 748 29 157 3743 2498 26 65 52 167
leaf_count=563 16 71 63 14 362 128 205 16 62 14 43 1283 289 1338 245 107 12 40 210 579 57 639 23 87 1613 1734 26 36 29 141
internal_value=-0.000668723 0.000585217 -0.0297672 -0.0112962 0.00552196 0.0146371 0.0192733 -0.0631157 -0.0223158 -0.050332 -0.082307 0.00236829 -0.00776927 -0.00326883 0.0139975 0.0300559 0.05339 -0.0050862 0.00599385 0.000673161 -0.0413083 -0.0117109 -0.103087 -0.0118072 -0.00112365 -0.0134894 -0.0113808 -0.029726 -0.0475992 -0.0146662
internal_weight=19897 19075 822 529 11990 3082 2712 293 452 222 87 8908 7085 3308 1821 891 77 237 4972 1905 215 3777 71 1201 3936 3272 2524 135 70 1044
internal_count=10045 9620 425 248 4803 1047 919 177 222 138 57 3756 4817 2129 607 312 26 102 2072 789 120 2688 39 791 1684 2399 1760 81 45 704
is_linear=0
shrinkage=0.05


Tree=60
num_leaves=31
num_cat=0
split_feature=25 5 27 10 18 28 1 12 6 2 12 17 10 1 7 10 17 9 9 25 7 0 5 10 20 10 6 8 8 18
split_gain=261.702 138.544 88.3735 148.542 99.6305 74.4076 71.647 79.3197 65.2653 59.7113 43.1368 42.5564 42.0051 37.7632 64.8494 63.6195 36.6487 35.2883 29.5491 27.4518 25.5745 24.6976 24.4063 30.0777 47.299 24.8749 23.8545 20.0016 15.2163 16.2001
threshold=9.8499999046325701 -0.29500000178813929 12.949999809265138 -0.6035499870777129 5.7500000000000009 78.500000000000014 80.500000000000014 -0.56175000965595234 337.50000000000006 1.794999957084656 0.81174999475479137 0.11950000002980234 -0.78654998540878285 79.500000000000014 1024.049987792969 -0.98295000195503224 0.11649999767541887 1.0000000180025095e-35 0.78654998540878307 16.44999980926514 1024.4500122070315 17.250000000000004 -3.195000052452087 -0.91595000028610218 6.8500001430511483 0.98295000195503246 912.50000000000011 177.50000000000003 4.5000000000000009 24.550000190734867
decision_type=2 2 2 2 2 2 2 2 2 2 2 2 2 2 2 2 2 2 2 2 2 2 2 2 2 2 2 2 2 2
left_child=9 5 6 4 -4 17 7 16 11 -1 -5 -7 -8 14 -11 -16 -3 -2 -19 -10 -9 -6 28 24 -24 -25 -17 -13 29 -15
right_child=1 2 3 10 21 8 12 20 19 13 -12 27 -14 22 15 26 -18 18 -20 -21 -22 -23 23 25 -26 -27 -28 -29 -30 -31
leaf_value=-0.00089788656037148031 -0.00089788656037148031 -0.00089788656037148031 0.016734905002985728 0.016734905002985728 0.044048048196951475 0.016288335096758085 0.016734905002985728 0.016734905002985728 0.0043106391657725526 -0.0048506271015518222 0.042295617643329834 0.033087866433403078 -0.00089788656037148031 -0.021471282755221009 -0.1096020709900629 -0.0056383463979503261 0.016734905002985728 0.0043106391657725526 -0.00089788656037148031 0.016288335096758085 -0.00089788656037148031 0.077647636085748678 -0.12112771685306843 -0.0063928153857524782 -0.021835953650936005 -0.031922322290483862 -0.030872385116998816 0.065518975077253391 -0.005382876766168259 -0.0048506271015518222
leaf_weight=1725 2615 401 36 511 24 146 206 926 1308 2972 180 170 1352 1094 21 162 209 1307 1001 141 91 208 12.999999999999998 2081 155 100 222 66 220 93
leaf_count=976 1075 172 12 187 8 51 79 331 500 1870 67 57 555 898 14 98 70 501 388 49 38 72 12 1359 101 66 152 22 160 58
internal_value=-0.000300462 0.00488776 0.0120849 0.0253915 0.0574019 0.000471862 0.00807831 0.0154168 0.00951916 -0.00668353 0.0167349 0.0279044 0.000414863 -0.00880337 -0.0049666 -0.024861 -0.000897887 -0.000897887 0.00431064 0.00467226 0.0167349 0.0713612 -0.012253 -0.00913364 -0.0295192 -0.00756336 -0.0202268 0.0421576 -0.0174608 -0.0196993
internal_weight=19756 10898 4144 959 268 6754 3185 1627 1831 8858 691 382 1558 7133 3377 405 610 4923 2308 1449 1017 232 3756 2349 168 2181 384 236 1407 1187
internal_count=9998 4234 1591 346 92 2643 1245 611 679 5764 254 130 634 4788 2134 264 242 1964 889 549 369 80 2654 1538 113 1425 250 79 1116 956
is_linear=0
shrinkage=0.05


Tree=61
num_leaves=31
num_cat=0
split_feature=10 6 10 7 3 8 9 7 1 5 1 10 28 17 3 9 4 23 11 8 29 7 3 7 7 0 12 1 28 11
split_gain=202.899 184.485 290.035 240.842 232.823 203.713 241.075 152.716 149.394 118.506 117.762 184.939 147.148 108.955 116.332 107.148 97.5931 79.7737 78.1702 71.7421 71.1888 60.0873 59.1255 59.9412 55.815 51.0778 50.9183 59.7345 53.0253 50.1849
threshold=0.98295000195503246 452.50000000000006 -0.78654998540878285 1026.7500000000002 285.50000000000006 427.50000000000006 -1.0000000180025095e-35 1019.0499877929689 72.500000000000014 -1.955000042915344 79.500000000000014 -0.98295000195503224 37.500000000000007 0.10050000250339509 232.50000000000003 1.0000000180025095e-35 0.61500000953674328 41.500000000000007 -0.87834998965263356 353.50000000000006 12.949999809265138 1025.9500122070315 285.50000000000006 1016.6499938964845 1017.2500000000001 24.150000572204593 1.0000000180025095e-35 86.500000000000014 62.500000000000007 1.0000000180025095e-35
decision_type=2 2 2 2 2 2 2 2 2 2 2 2 2 2 2 2 2 2 2 2 2 2 2 2 2 2 2 2 2 2
left_child=1 2 5 9 19 16 -7 22 -8 10 12 -12 -3 14 -11 20 21 29 -18 -5 -4 -1 23 -2 -25 -21 27 -19 -28 -9
right_child=7 3 15 4 -6 6 8 17 -10 13 11 -13 -14 -15 -16 -17 18 26 -20 25 -22 -23 -24 24 -26 -27 28 -29 -30 -31
leaf_value=0.0034562691800180548 -0.021481627206841526 -0.078199254264208415 0.0075108100905349195 0.00052908642748247835 -0.22518806003388905 0.017734652078030884 0.098471065402030947 -0.06540801588978086 0.2548242753202265 -0.016839596044606879 -0.14555882533391318 -0.019831345952913318 -0.0026896943625448703 0.00052908642748247835 -0.13942091917619109 0.00052908642748247835 0.00052908642748247835 0.0012236583583495196 0.038107978185403485 -0.12905408342679342 0.031795902985559649 0.078136325308254789 -0.094698372175512108 -0.15078381833277252 -0.052643232765134246 -0.036939224294003321 -0.016947166837888959 0.067381271772217338 0.053485237700598577 -0.016947166837888959
leaf_weight=708 137 66 2458 43 21 74 50 84 22 600 30 1168 2876 4246 20 5418 84 85 659 27 344 28 69 19 61 34 173 57 28 67
leaf_count=353 79 40 1053 19 9 34 22 48 8 356 14 762 1520 2078 10 2825 46 42 288 16 117 10 38 14 38 19 74 19 10 37
internal_value=-0.000312602 0.000714717 0.00546259 -0.00440442 -0.0733312 0.0247643 0.0811099 -0.0253054 0.146246 -0.00344774 -0.00976485 -0.0229798 -0.00438365 0.000529086 -0.0207938 0.00164686 0.0192022 -0.00847154 0.0319854 -0.0426677 0.0104923 0.00629736 -0.0543822 -0.0415627 -0.0759516 -0.0777114 0.00485993 0.0277799 -0.0113323 -0.0387543
internal_weight=19756 18976 9845 9131 125 1625 146 780 72 9006 4140 1198 2942 4866 620 8220 1479 494 743 104 2802 736 286 217 80 61 343 142 201 151
internal_count=9998 9599 4756 4843 63 761 64 399 30 4780 2336 776 1560 2444 366 3995 697 230 334 54 1170 363 169 131 52 35 145 61 84 85
is_linear=0
shrinkage=0.05


Tree=62
num_leaves=31
num_cat=0
split_feature=25 5 8 27 26 8 18 28 26 6 0 1 6 9 7 11 9 8 14 9 26 4 5 12 17 25 12 14 9 1
split_gain=226.844 108.395 97.4322 98.0278 81.4881 73.1391 97.0592 65.4384 69.1436 56.9212 55.3452 50.6404 54.8938 41.6246 34.2211 32.123 28.3936 26.1232 33.9028 25.503 24.9141 24.6043 23.4855 23.1649 19.1055 17.85 19.8384 13.8526 27.157 10.7303
threshold=9.2500000000000018 -0.29500000178813929 690.50000000000011 14.949999809265138 17.550000190734867 12.500000000000002 5.7500000000000009 78.500000000000014 22.500000000000004 337.50000000000006 21.050000190734867 84.500000000000014 792.50000000000011 1.0000000180025095e-35 1024.049987792969 0.87834998965263378 -1.0000000180025095e-35 740.50000000000011 48.000000000000007 0.78654998540878307 7.8500001430511483 -0.79500001668930043 -3.9350000619888301 -0.56175000965595234 0.11950000002980234 5.9500000476837167 0.81174999475479137 48.000000000000007 0.78654998540878307 68.500000000000014
decision_type=2 2 2 2 2 2 2 2 2 2 2 2 2 2 2 2 2 2 2 2 2 2 2 2 2 2 2 2 2 2
left_child=11 7 3 4 16 10 -7 13 9 24 -5 12 -1 -2 20 17 -3 18 -4 -15 -14 -16 -11 -6 -9 -13 27 28 -27 -23
right_child=1 2 15 5 23 6 -8 8 -10 22 -12 25 14 19 21 -17 -18 -19 -20 -21 -22 29 -24 -25 -26 26 -28 -29 -30 -31
leaf_value=-0.0017445711808175418 -0.0017445711808175418 0.0062677803363958111 0.047070589330461293 0.013986810356119492 0.0062677803363958111 0.013986810356119492 0.071861590555050231 0.01318932923424551 0.041280241165724069 0.01318932923424551 0.037867194080982755 -0.020381885013523407 -0.022603922163069022 0.0030574878468740936 -0.019184171037368809 0.089624502658844002 -0.0017445711808175418 0.054234888421164619 -0.0017445711808175418 -0.0017445711808175418 -0.0066117195943732263 -0.045142752639189064 0.0030574878468740936 0.013986810356119492 0.023321170621616927 -0.0017445711808175418 -0.0017445711808175418 -0.014780812869808738 -0.010802897632887082 -0.094777302337544306
leaf_weight=2428 3063 1076 54 421 211 36 149 154 144 263 246 521 263 1493 157 30 1164 90 58 1077 1099 49 1311 1216 199 465 368 1559 378 13.999999999999998
leaf_count=1527 1296 472 18 162 73 12 51 55 50 105 95 519 263 594 102 10 538 30 21 426 677 43 521 414 68 312 212 977 345 10
internal_value=-0.000296681 0.00380539 0.00974515 0.00812277 0.00457311 0.0234005 0.051217 0.00014239 0.00785955 0.0053621 0.0156853 -0.00729454 -0.00352213 -0.00174457 -0.0114789 0.0413465 -0.00137597 0.0341765 0.0180582 0.00305749 -0.00852333 -0.0297763 0.00305749 0.0139115 0.0233212 -0.0118911 -0.0102941 -0.0119887 -0.00682498 -0.0561727
internal_weight=19756 12455 4751 4519 3667 852 185 7704 2071 1927 667 7301 4010 5633 1582 232 2240 202 112 2570 1362 220 1574 1427 353 3291 2770 2402 843 63
internal_count=9998 5011 1896 1817 1497 320 63 3115 799 749 257 4987 2622 2316 1095 79 1010 69 39 1020 940 155 626 487 123 2365 1846 1634 657 53
is_linear=0
shrinkage=0.05


Tree=63
num_leaves=31
num_cat=0
split_feature=25 5 8 27 14 26 6 9 27 10 1 7 1 6 28 7 11 10 21 8 14 12 4 4 10 27 9 6 12 12
split_gain=197.548 97.1295 88.2169 86.7563 101.504 78.7761 61.6892 82.6943 75.9156 49.8819 50.5077 49.5579 47.1178 49.4258 41.8396 31.0647 29.105 24.8803 23.9148 23.833 30.9187 22.5869 22.2054 22.0643 21.8044 31.0664 20.4302 20.4338 15.9135 15.4903
threshold=9.2500000000000018 -0.29500000178813929 690.50000000000011 12.949999809265138 48.000000000000007 17.050000190734867 342.50000000000006 -1.0000000180025095e-35 16.050000190734867 -0.6035499870777129 78.500000000000014 1025.9500122070315 84.500000000000014 792.50000000000011 70.500000000000014 1024.049987792969 0.87834998965263378 -0.98295000195503224 7.6499998569488534 740.50000000000011 48.000000000000007 -0.56175000965595234 -0.79500001668930043 -0.94499999284744252 -0.37939999997615809 10.550000190734865 -1.0000000180025095e-35 882.50000000000011 0.81174999475479137 1.0000000180025095e-35
decision_type=2 2 2 2 2 2 2 2 2 2 2 2 2 2 2 2 2 2 2 2 2 2 2 2 2 2 2 2 2 2
left_child=12 6 3 5 11 23 7 8 14 10 -9 -5 13 -1 -2 18 19 -14 -15 20 -4 -7 -17 -3 25 -19 27 -26 -28 -10
right_child=1 2 16 4 -6 21 -8 9 29 -11 -12 -13 17 15 -16 22 -18 24 -20 -21 -22 -23 -24 -25 26 -27 28 -29 -30 -31
leaf_value=-0.0016825394695218 0.0016693531312122771 0.0051290364326585852 0.044717059753559253 0.031388647368604361 0.011940612334838971 0.0051290364326585852 -0.0016825394695218 0.068017555976455854 0.035392072426727393 0.0016693531312122771 0.012393511610426552 0.078796717098781055 -0.0566217236717542 -0.027286250999775427 0.020867205113773386 -0.018224962443042142 0.085143279234568284 -0.015644296160724876 -0.0062684106665239899 0.051523144311375092 -0.0016825394695218 0.011940612334838971 -0.053364019231900345 -0.0016825394695218 -0.0016825394695218 -0.0016825394695218 -0.01767652811001871 -0.060557016655802737 -0.0050724045478547572 0.066540926694869995
leaf_weight=2428 541 427 54 441 551 270 3770 44 153 2083 563 63 30 145 496 157 30 441 1217 90 58 1245 63 1522 380 531 1597 14.999999999999998 297 54
leaf_count=1527 226 195 18 167 206 95 1578 15 53 824 226 21 25 123 175 102 10 369 817 30 21 428 53 705 221 340 1197 15 198 18
internal_value=-0.000331375 0.00349666 0.00911929 0.00757555 0.020129 0.00375226 2.92289e-05 0.00502125 0.015872 0.00166935 0.0164256 0.0373147 -0.00686174 -0.0032229 0.0103535 -0.0108543 0.0391891 -0.0112956 -0.00803834 0.0323642 0.0169686 0.0119406 -0.0282875 -0.00168254 -0.0108786 -0.00460441 -0.0135429 -0.00319919 -0.0157001 0.0435179
internal_weight=19756 12455 4751 4519 1055 3464 7704 3934 1244 2690 607 504 7301 4010 1037 1582 232 3291 1362 202 112 1515 220 1949 3261 972 2289 395 1894 207
internal_count=9998 5011 1896 1817 394 1423 3115 1537 472 1065 241 188 4987 2622 401 1095 79 2365 940 69 39 523 155 900 2340 709 1631 236 1395 71
is_linear=0
shrinkage=0.05


Tree=64
num_leaves=31
num_cat=0
split_feature=10 25 7 6 10 25 25 23 23 27 25 5 7 8 7 10 11 7 3 25 7 7 28 27 1 25 5 3 5 25
split_gain=181.552 208.298 136.652 113.878 113.423 90.7026 81.0273 72.2952 68.6383 60.7087 59.4621 53.4325 54.3424 46.9386 46.2851 44.1485 36.6596 34.5285 30.3044 29.7716 27.5191 22.9327 18.7346 17.7394 18.1122 17.4442 14.6794 13.8968 12.2018 9.99148
threshold=0.98295000195503246 9.2500000000000018 1019.0499877929689 457.50000000000006 -0.6035499870777129 15.250000000000002 13.34999990463257 64.500000000000014 110.50000000000001 9.6500000953674334 16.44999980926514 -3.6249999999999996 1015.0499877929689 681.50000000000011 1025.9500122070315 -0.98295000195503224 1.0000000180025095e-35 1017.5499877929689 284.50000000000006 6.3500001430511483 1021.8500061035157 1016.9500122070314 35.500000000000007 16.349999427795414 80.500000000000014 11.150000095367433 -3.195000052452087 24.500000000000004 -4.694999933242797 3.3500000238418584
decision_type=2 2 2 2 2 2 2 2 2 2 2 2 2 2 2 2 2 2 2 2 2 2 2 2 2 2 2 2 2 2
left_child=1 15 11 4 6 7 9 16 10 -3 -6 21 27 -5 -8 -1 20 26 -18 29 -4 28 -19 24 -21 -9 -14 -13 -2 -17
right_child=2 3 5 13 8 -7 14 25 -10 -11 -12 12 17 -15 -16 19 18 22 -20 23 -22 -23 -24 -25 -26 -27 -28 -29 -30 -31
leaf_value=-0.00077266300922833146 -0.051283131953742768 0.0041004407331320138 -0.073539608078343532 -0.00077266300922833146 0.0041004407331320138 0.051234406546542523 0.034118705990108827 -0.0050323982195487034 0.061763833628760451 0.021932724907123034 0.019315897138943352 -0.057199653287728629 -0.083674000739922816 0.0041004407331320138 0.083930026601862037 -0.038180474795046306 -0.0050323982195487034 -0.097823395615532285 -0.044897369337531759 -0.0038747884340562689 -0.02943544438458048 -0.072163852644873613 -0.040423194826607042 -0.00077266300922833146 -0.009793958022256348 0.017704281449377607 -0.13118523439845525 0.0032351374769440063 -0.0054419283096989006 -0.013415813174769545
leaf_weight=335 18 185 56 4384 4595 57 342 34 54 775 665 14.999999999999998 29 841 54 42 120 21 53 2248 96 21 44 477 2633 78 37 26 75 1346
leaf_count=206 16 90 37 1835 1828 19 120 21 18 310 226 10 14 323 18 42 59 14 23 1284 45 21 24 303 1656 26 16 13 41 1340
internal_value=-0.000370532 0.000601242 -0.0240121 0.00464305 0.00897354 -0.00808812 0.0218809 -0.0158258 0.0056799 0.014031 0.00510413 -0.051517 -0.0691116 -0.000772663 0.0409112 -0.00618837 -0.0277691 -0.0848344 -0.0120285 -0.00763906 -0.0456843 -0.0249709 -0.0589679 -0.00594846 -0.00697691 0.0177043 -0.110309 -0.0188752 -0.0143144 -0.0141652
internal_weight=19756 18976 780 11895 6670 494 1356 437 5314 960 5260 286 172 5225 396 7081 325 131 173 6746 152 114 65 5358 4881 112 66 41 93 1388
internal_count=9998 9599 399 4768 2610 230 538 211 2072 400 2054 169 91 2158 138 4831 164 68 82 4625 82 78 38 3243 2940 47 30 23 57 1382
is_linear=0
shrinkage=0.05


Tree=65
num_leaves=31
num_cat=0
split_feature=10 25 7 26 6 10 1 5 8 1 25 25 3 7 7 23 23 22 5 27 0 11 3 23 12 7 3 9 7 1
split_gain=208.592 204.074 163.896 110.941 81.9438 116.037 127.237 114.441 103.601 82.6237 70.8382 56.8269 51.5461 53.711 74.4466 46.5286 43.9244 36.0309 33.5522 30.1745 28.316 28.081 28.5088 25.6291 18.0031 42.5488 17.2149 16.9391 16.6682 15.6002
threshold=0.98295000195503246 10.449999809265138 1019.0499877929689 19.750000000000004 602.50000000000011 -0.78654998540878285 77.500000000000014 0.64499998092651378 84.500000000000014 63.500000000000007 16.800000190734867 6.9500000476837167 285.50000000000006 1016.6499938964845 1017.2500000000001 110.50000000000001 64.500000000000014 7.2500000000000009 -0.5349999964237212 6.5499999523162851 25.94999980926514 1.0000000180025095e-35 284.50000000000006 34.500000000000007 1.0000000180025095e-35 1014.4500122070314 196.50000000000003 -0.6035499870777129 1021.0499877929689 89.500000000000014
decision_type=2 2 2 2 2 2 2 2 2 2 2 2 2 2 2 2 2 2 2 2 2 2 2 2 2 2 2 2 2 2
left_child=1 11 12 16 5 6 7 -3 -8 15 -11 29 13 24 -15 -7 21 -5 20 26 -13 23 -23 -4 25 -2 -20 -6 -18 -1
right_child=2 4 3 17 27 9 8 -9 -10 10 -12 18 -14 14 -16 -17 28 -19 19 -21 -22 22 -24 -25 -26 -27 -28 -29 -30 -31
leaf_value=-0.0085112195895731668 -0.10932596010320328 0.071836979494050698 -0.080770071113810821 0.013857633417302912 0.005138763812989923 0.019714901328552515 0.03724166358049999 0.012462428212165833 0.005138763812989923 0.005138763812989923 0.020432706826703138 -0.0066191182633129958 -0.090689070784562342 -0.15005970849939015 -0.045997075304416393 0.063350569492294673 0.013394855828691857 0.079864341784746218 -0.002535809365578766 0.00097068054237744138 0.00097068054237744138 -0.0081822639379714873 -0.042814603028818968 -0.031681546697881625 -0.0044730356538339577 -0.017758417189121245 -0.0066191182633129958 0.00097068054237744138 -0.0081822639379714873 -0.017639878390782234
leaf_weight=1665 17 216 34 44 1521 224 279 130 356 4370 758 3545 74 23 68 84 48 39 1025 1773 940 122 64 122 68 50 542 1088 56 651
leaf_count=1574 15 74 23 15 568 75 100 50 133 1623 260 1911 38 17 45 28 16 13 530 897 481 60 30 60 37 28 314 424 29 646
internal_value=-0.000392014 0.000670043 -0.0249474 -0.00820534 0.00613868 0.00930685 0.0251342 0.0495286 0.0118421 0.00645059 0.00513876 -0.00419732 -0.0544693 -0.0426097 -0.0722986 0.0316155 -0.0180831 0.0448728 -0.00216106 0.000970681 -0.00501381 -0.026736 -0.0136149 -0.0423803 -0.0225972 -0.040992 -0.0060423 0.000970681 0.0103714 -0.0110772
internal_weight=19996 19167 829 529 9026 6417 981 346 635 5436 5128 10141 300 226 91 308 446 83 7825 3340 4485 342 186 156 135 67 1567 2609 104 2316
internal_count=10114 9688 426 246 3335 2343 357 124 233 1986 1883 6353 180 142 62 103 218 28 4133 1741 2392 173 90 83 80 43 844 992 45 2220
is_linear=0
shrinkage=0.05


Tree=66
num_leaves=31
num_cat=0
split_feature=10 25 7 26 10 25 9 2 3 7 7 7 1 6 22 20 7 10 12 7 26 24 26 5 8 5 12 7 5 5
split_gain=185.482 177.201 149.255 99.3373 80.3331 106.128 63.6442 119.605 46.5203 48.4742 67.1881 41.4459 35.8176 55.5168 32.5179 30.4548 29.1671 32.4484 25.9949 32.1954 24.0394 23.2238 20.9999 20.1631 41.8262 16.8849 16.2478 38.4003 15.0944 12.8709
threshold=0.98295000195503246 9.2500000000000018 1019.0499877929689 19.750000000000004 -0.98295000195503224 16.44999980926514 0.60354998707771312 2.9050000905990605 285.50000000000006 1016.6499938964845 1017.2500000000001 1019.9500122070314 80.500000000000014 792.50000000000011 7.2500000000000009 12.150000095367433 1024.049987792969 -0.98295000195503224 -0.56175000965595234 1021.8500061035157 14.550000190734865 133.75000000000003 6.5499999523162851 5.1949999332427987 43.500000000000007 -2.2949999570846553 1.0000000180025095e-35 1014.4500122070314 0.50499999523162853 -3.6850000619888301
decision_type=2 2 2 2 2 2 2 2 2 2 2 2 2 2 2 2 2 2 2 2 2 2 2 2 2 2 2 2 2 2
left_child=1 12 8 11 -3 6 7 -6 9 26 -11 -4 13 -1 -5 28 22 -18 20 -20 -13 -14 -15 29 -25 -17 27 -2 -7 -23
right_child=2 4 3 14 5 15 -8 -9 -10 10 -12 18 21 16 -16 25 17 -19 19 -21 -22 23 -24 24 -26 -27 -28 -29 -30 -31
leaf_value=-0.00070546579709828664 -0.10385966371087468 -0.00070546579709828664 0.012842820238686721 0.013164751502600583 0.011911812874991148 0.011911812874991148 -0.00070546579709828664 0.00088606946253921295 -0.08615461660901437 -0.14255672340159831 -0.043697221836020407 -0.038298302405589339 -0.00070546579709828664 -0.026542695528612686 0.075871127691024387 0.058331471223097592 -0.10368095452968891 -0.022300835267447361 -0.053485648901689622 -0.017673499044030906 0.0096553074761053168 -0.015287592130609685 -0.0055526079123177328 -0.005513047894039 -0.073901299451402322 0.024508556622848676 -0.0042493834488970391 -0.016870496541261673 0.019121161039948716 -0.0080671946921154532
leaf_weight=1592 17 508 59 44 3482 291 2490 4334 74 23 68 37 534 130 39 39 12.999999999999998 212 105 156 89 810 1151 30 37 685 68 50 236 2593
leaf_count=978 15 214 24 15 1346 98 1023 1813 38 17 45 19 305 130 13 13 10 147 59 79 37 688 751 25 37 238 37 28 82 1790
internal_value=-0.000418161 0.000583337 -0.0235734 -0.0075966 0.00427186 0.00587027 0.00420093 0.00651248 -0.0517458 -0.0404793 -0.0686837 -0.0169436 -0.00568279 -0.00164602 0.0426292 0.0196227 -0.0103998 -0.0270028 -0.0230769 -0.0320807 -0.00442631 -0.00880615 -0.00748352 -0.0103206 -0.0374836 0.0263305 -0.0214674 -0.0389424 0.0119118 -0.00978583
internal_weight=19996 19167 829 529 12065 11557 10306 7816 300 226 91 446 7102 3098 83 1251 1506 225 387 261 126 4004 1281 3470 67 724 135 67 527 3403
internal_count=10114 9688 426 246 4827 4613 4182 3159 180 142 62 218 4861 2016 28 431 1038 157 194 138 56 2845 881 2540 62 251 80 43 180 2478
is_linear=0
shrinkage=0.05


Tree=67
num_leaves=31
num_cat=0
split_feature=10 7 23 25 24 7 7 25 29 5 8 18 23 3 4 25 23 8 11 7 7 11 1 23 3 25 11 27 28 12
split_gain=166.649 165.997 513.195 214.232 152.428 135.077 96.428 94.6875 73.0478 62.6562 53.6071 52.0896 45.3436 42.7586 42.2916 41.7576 39.7738 39.4987 36.6009 33.918 65.6844 31.6502 30.5925 25.813 21.7793 18.6545 16.6479 15.5407 15.3121 14.6636
threshold=0.98295000195503246 1026.6499633789065 53.500000000000007 13.949999809265138 42.915000915527351 1019.0499877929689 1027.850036621094 8.1500000953674334 24.550000190734867 -2.0149999856948848 411.50000000000006 20.849999427795414 41.500000000000007 355.50000000000006 0.60500001907348644 21.050000190734867 22.500000000000004 172.50000000000003 1.0000000180025095e-35 1016.6499938964845 1017.2500000000001 0.60784998536109935 91.500000000000014 66.500000000000014 308.50000000000006 4.4500000476837167 1.0000000180025095e-35 19.150000572204593 35.500000000000007 1.0000000180025095e-35
decision_type=2 2 2 2 2 2 2 2 2 2 2 2 2 2 2 2 2 2 2 2 2 2 2 2 2 2 2 2 2 2
left_child=1 3 -3 7 -4 13 17 25 11 23 -10 15 18 19 22 -5 -11 -6 -7 24 -21 27 -14 -9 29 -1 -27 -16 -22 -2
right_child=5 2 4 8 6 12 -8 9 10 16 -12 -13 14 -15 21 -17 -18 -19 -20 20 28 -23 -24 -25 -26 26 -28 -29 -30 -31
leaf_value=-0.0207749344058791 -0.036995255913752231 -0.30658158309319439 0.064236570256096984 0.0084141395147251958 0.01072309026810607 -0.052762189520479633 -0.11893804091395754 -0.0030941718093660869 0.1209012425862826 -0.0030941718093660869 0.037525257384453323 0.037525257384453323 -0.0135977629639264 -0.10918192455062159 0.025209381365600754 0.023975931366253804 0.0052746877240440887 -0.039350184671503981 -0.0135977629639264 -0.13431942636290423 -0.088579561710357677 -0.013217044676222454 0.029538003887448996 0.0029177871828929324 -0.066866757312128627 -0.0037070270495794264 -0.0098979413508882893 0.067026545784690167 -0.032615070854962777 -0.0040369145558489597
leaf_weight=245 67 17 42 2628 30 86 33 2349 26 493 45 138 187 27 68 270 6561 97 72 26 14.999999999999998 41 42 1830 31 2327 2036 33 66 68
leaf_count=245 43 8 14 876 11 49 14 1082 11 213 15 46 84 12 26 104 2837 56 39 19 10 21 16 795 12 1706 1655 11 47 37
internal_value=-0.000409329 0.000539964 -0.0427416 0.00104021 -0.0205373 -0.0223576 -0.0427904 -0.00131435 0.0130449 0.00116155 0.063178 0.0118725 -0.00715853 -0.0491586 0.00239452 0.0104266 0.00405053 -0.023004 -0.02959 -0.0432222 -0.0651738 0.0238325 -0.0108989 -0.00309417 -0.0290727 -0.0073499 -0.00659603 0.0388724 -0.0429789 -0.020394
internal_weight=19996 19167 219 18948 202 829 160 15841 3107 11233 71 3036 529 300 371 2898 7054 127 158 273 107 142 229 4179 166 4608 4363 101 81 135
internal_count=10114 9688 103 9585 95 426 81 8533 1052 4927 26 1026 246 180 158 980 3050 67 88 168 76 58 100 1877 92 3606 3361 37 57 80
is_linear=0
shrinkage=0.05


Tree=68
num_leaves=31
num_cat=0
split_feature=10 6 9 25 7 9 6 0 26 10 29 6 10 3 7 24 7 7 18 12 7 26 1 11 7 7 0 1 8 3
split_gain=150.132 149.224 228.356 175.2 121.704 102.954 119.596 90.2264 85.0462 69.4144 54.2248 45.0838 47.3916 38.5896 36.3408 32.1293 30.611 59.2801 27.3959 21.973 27.4281 20.561 19.6802 26.8222 18.49 16.2521 26.2169 16.146 11.368 10.2437
threshold=0.98295000195503246 1357.5000000000002 -0.37939999997615809 14.050000190734865 1019.0499877929689 0.60354998707771312 457.50000000000006 24.150000572204593 19.750000000000004 -0.98295000195503224 28.500000000000004 387.50000000000006 -0.6035499870777129 355.50000000000006 1019.9500122070314 142.08499908447268 1016.6499938964845 1017.2500000000001 7.2500000000000009 -0.56175000965595234 1021.8500061035157 14.449999809265138 81.500000000000014 -0.60784998536109913 1026.9500122070315 1015.1499938964845 21.94999980926514 74.500000000000014 859.00000000000011 5.5000000000000009
decision_type=2 2 2 2 2 2 2 2 2 2 2 2 2 2 2 2 2 2 2 2 2 2 2 2 2 2 2 2 2 2
left_child=1 3 24 5 13 6 -1 -4 14 -8 11 12 -5 16 -6 -12 22 -18 -10 21 -21 -16 23 -2 28 -7 -27 -13 -3 -19
right_child=4 2 7 10 8 25 9 -9 18 -11 15 27 -14 -15 19 -17 17 29 -20 20 -22 -23 -24 -25 -26 26 -28 -29 -30 -31
leaf_value=0.0056594587444596424 -0.075107959524179119 -0.012833310877936247 -0.19386804294586182 0.033317564905409991 0.012078207615021576 -0.012833310877936247 -0.012833310877936247 -0.063183042673127993 0.012594292109662836 -0.0012104476534867726 0.090647441319056929 0.011201895454087635 0.012914735346904736 -0.10372282404590537 -0.044690834999084474 0.033317564905409991 -0.1276034514276454 -0.072949946240374916 0.070150607060163447 -0.049275415752615251 -0.016220877655089283 0.0059553783903322603 -0.014496998247646151 -0.0060619779417968615 -0.066000303582233549 -0.0073064041935646433 0.0056594587444596424 0.0056594587444596424 -0.044692569758210871 -0.030986688842606403
leaf_weight=4620 39 389 25 277 59 589 471 28 44 6005 35 778 1374 27 25 36 26 19 39 105 156 101 105 22 17 3644 350 501 28 62
leaf_count=2184 19 214 10 98 24 446 262 13 15 3231 14 265 462 12 13 12 19 15 13 59 79 43 58 15 9 2064 222 167 15 42
internal_value=-0.000428745 0.000472277 -0.0268512 0.00118462 -0.0212609 -0.000933852 0.00167005 -0.124827 -0.0068339 -0.00291016 0.0122528 0.0112065 0.0167443 -0.0467006 -0.0154824 0.0554286 -0.0410611 -0.0619151 0.0396388 -0.0212407 -0.0295187 -0.00409347 -0.027619 -0.0502061 -0.0148865 -0.00723822 -0.00604402 0.00565946 -0.0128333 -0.0408299
internal_weight=19996 19167 487 18680 829 15679 11096 53 529 6476 3001 2930 1651 300 446 71 273 107 83 387 261 126 166 61 434 4583 3994 1279 417 81
internal_count=10114 9688 261 9427 426 8409 5677 23 246 3493 1018 992 560 180 218 26 168 76 28 194 138 56 92 34 238 2732 2286 432 229 57
is_linear=0
shrinkage=0.05


Tree=69
num_leaves=31
num_cat=0
split_feature=10 7 23 25 8 7 25 29 27 28 9 6 8 17 18 23 4 3 11 23 7 7 1 11 0 2 25 12 1 27
split_gain=135.001 140.086 456.471 175.677 126.774 110.168 83.1395 61.875 61.5929 114.263 51.5866 77.5296 47.3534 47.0616 49.8451 36.6327 35.9635 34.8271 31.699 29.4822 34.6266 62.0703 27.2585 26.2568 19.2222 16.5468 16.3353 16.3016 13.9647 13.1198
threshold=0.98295000195503246 1026.6499633789065 53.500000000000007 13.949999809265138 172.50000000000003 1019.0499877929689 7.8500001430511483 24.550000190734867 22.150000572204593 55.500000000000007 0.60354998707771312 457.50000000000006 411.50000000000006 0.1134999990463257 20.849999427795414 41.500000000000007 0.60500001907348644 355.50000000000006 1.0000000180025095e-35 36.500000000000007 1016.6499938964845 1017.7500000000001 91.500000000000014 0.60784998536109935 21.94999980926514 6.7349998950958261 4.6499998569488534 0.81174999475479137 81.500000000000014 19.150000572204593
decision_type=2 2 2 2 2 2 2 2 2 2 2 2 2 2 2 2 2 2 2 2 2 2 2 2 2 2 2 2 2 2
left_child=1 3 -3 6 -4 17 25 13 9 -6 11 -8 -9 -5 -15 18 22 19 -7 20 -2 -22 -17 29 -12 26 -1 28 -21 -18
right_child=5 2 4 7 8 15 10 12 -10 -11 24 -13 -14 14 -16 16 23 -19 -20 27 21 -23 -24 -25 -26 -27 -28 -29 -30 -31
leaf_value=-0.018375444425502794 -0.042645027502637593 -0.28814481426687805 0.049785738599066647 0.0052762916950339911 -0.15029361104965211 -0.04829363658168722 0.0052762916950339911 0.11225309647046602 0.038060915186291649 -0.03135333974357872 -0.0034142246738267414 -0.0016030417887446986 0.034308386418617082 0.013185358651174164 0.034308386418617082 -0.012223028644125061 0.023065249221947262 -0.098536683839780315 -0.012223028644125061 -0.042645027502637593 -0.15810733795166018 -0.053266408247873188 0.028359433157103403 -0.011825063533899262 0.0052762916950339911 -0.031060144029608047 -0.0062113872766410396 0.01054254757383695 -0.021116875885230191 0.0614875154061751
leaf_weight=300 39 17 51 996 25 86 3690 26 21 105 2734 5273 45 1923 117 187 68 27 72 34 20 48 42 41 320 74 3450 26 106 33
leaf_count=300 26 8 18 334 13 49 1572 11 7 57 1240 2397 15 653 39 84 26 12 39 16 13 31 16 21 144 71 2809 13 69 11
internal_value=-0.000407036 0.000447375 -0.039313 0.000906924 -0.0183717 -0.0201616 -0.00122526 0.0117778 -0.0413918 -0.0542265 0.000818091 0.00278293 0.057918 0.0106988 0.0153477 -0.00643527 0.00215127 -0.0443656 -0.0265973 -0.039008 -0.0594739 -0.084102 -0.0101073 0.0219204 -0.00341422 -0.00764654 -0.00718451 -0.0258161 -0.0325685 0.0356191
internal_weight=19996 19167 219 18948 202 829 15841 3107 151 130 12017 8963 71 3036 2040 529 371 300 158 273 107 68 229 142 3054 3824 3750 166 140 101
internal_count=10114 9688 103 9585 95 426 8533 1052 77 70 5353 3969 26 1026 692 246 158 180 88 168 70 44 100 58 1384 3180 3109 98 85 37
is_linear=0
shrinkage=0.05


Tree=70
num_leaves=25
num_cat=0
split_feature=6 28 2 0 9 25 1 7 27 1 28 1 4 28 10 6 26 14 12 10 10 3 9 9
split_gain=127.354 253.027 120.495 190.481 131.61 94.9616 49.7022 56.8163 38.7664 38.0057 35.4983 35.0987 32.2822 30.7252 30.4489 29.9242 25.8359 28.2799 20.0825 9.20673 9.06315 6.85647 10.3039 4.14826
threshold=1357.5000000000002 54.500000000000007 0.98500001430511486 24.849999427795414 -1.0000000180025095e-35 10.449999809265138 77.500000000000014 1020.6499938964845 15.550000190734865 75.500000000000014 61.500000000000007 79.500000000000014 0.28499999642372137 48.500000000000007 -0.6035499870777129 827.50000000000011 12.949999809265138 48.000000000000007 -0.56175000965595234 -0.91595000028610218 0.91595000028610241 154.50000000000003 -0.78654998540878285 1.0000000180025095e-35
decision_type=2 2 2 2 2 2 2 2 2 2 2 2 2 2 2 2 2 2 2 2 2 2 2 2
left_child=2 -2 3 8 -5 11 7 -7 -1 -10 -3 15 -8 -11 -14 -4 17 -13 -17 -12 -18 -21 -23 -9
right_child=1 10 5 4 -6 6 12 23 9 13 19 16 14 -15 -16 18 20 -19 -20 21 -22 22 -24 -25
leaf_value=0.0062970047456588135 -0.1745548725128174 -0.072659877936045322 -0.00078508791689824479 0.047135597223873123 0.16460453813726253 0.0062970047456588135 -0.00078508791689824479 -0.00078508791689824479 0.047135597223873123 0.012620545652691462 -0.043109994893767552 -0.0047909545997939021 0.0062970047456588135 0.047135597223873123 0.00023514308824364906 -0.012842837346296772 -0.00078508791689824479 -0.012346223170337005 -0.0041651656413402606 -0.012842837346296772 -0.0047909545997939021 -0.012842837346296772 -0.043109994893767552 0.0062970047456588135
leaf_weight=753 27 27 2254 55 33 2588 1767 770 39 582 17 1890 694 63 2392 412 1024 2462 1225 344 254 40 30 141
leaf_count=367 10 11 1302 21 12 930 697 305 13 227 10 1384 250 23 879 295 508 1644 762 176 127 28 20 53
internal_value=-0.000505622 -0.0258128 0.000127122 0.013618 0.0850262 -0.00102398 0.00286729 0.006297 0.00924504 0.0189441 -0.0170442 -0.00443747 -0.000474094 0.0156693 0.00434368 -0.000785749 -0.00696124 -0.00879682 -0.00754524 -0.0135601 -0.000785088 -0.0128428 -0.0286124 -0.000785088
internal_weight=19883 485 19398 1525 88 17873 8352 3499 1437 684 458 9521 4853 645 3086 3891 5630 4352 1637 431 1278 414 70 911
internal_count=10054 255 9799 663 33 9136 3114 1288 630 263 245 6022 1826 250 1129 2359 3663 3028 1057 234 635 224 48 358
is_linear=0
shrinkage=0.05


Tree=71
num_leaves=27
num_cat=0
split_feature=5 7 10 7 27 9 5 26 28 7 14 23 6 23 6 28 28 23 1 3 23 3 3 12 7 27
split_gain=114.733 251.817 97.8809 92.557 80.0121 141.989 84.4312 79.3879 59.2232 58.3387 54.5556 53.4753 47.7484 49.537 47.004 97.5596 37.983 32.2855 35.5607 27.3005 24.3753 19.3917 17.954 7.64797 1.87482 1.60465
threshold=-1.9049999713897703 1026.6499633789065 0.98295000195503246 1027.9500122070315 15.949999809265138 0.60354998707771312 3.6450001001358037 17.750000000000004 78.500000000000014 1026.850036621094 48.000000000000007 22.500000000000004 612.50000000000011 120.50000000000001 457.50000000000006 36.500000000000007 63.500000000000007 65.500000000000014 79.500000000000014 355.50000000000006 42.500000000000007 211.50000000000003 76.500000000000014 -0.56175000965595234 1024.549987792969 7.5499999523162851
decision_type=2 2 2 2 2 2 2 2 2 2 2 2 2 2 2 2 2 2 2 2 2 2 2 2 2 2
left_child=1 2 8 4 7 6 10 9 14 11 -6 -2 13 -10 20 -16 -11 18 23 -20 -1 22 -7 -4 -9 -14
right_child=3 -3 17 -5 5 21 -8 24 12 16 -12 -13 25 -15 15 -17 -18 -19 19 -21 -22 -23 -24 -25 -26 -27
leaf_value=-0.005626316741285782 -0.018942961231429745 -0.14302979697558013 -0.05297327183541798 -0.095509045322736116 0.033960221486565516 0.011603972828015686 0.10683508475621542 0.0055253117248560794 0.01010187287384655 -0.11019287046633269 0.012478582853455523 -0.00073584356139200376 -0.00062545032680178143 0.06036550173392663 -0.03965278364376415 -0.0074158000353704472 -0.023980504646897317 0.015335246665137157 -0.022983582420227102 -0.07510001238967691 -0.00062545032680178143 0.0055253117248560794 0.045792875004311402 -0.093542392437274635 0.0016198891260331694 0.0061790650225434238
leaf_weight=1406 430 33 21 24 527 64 30 2266 855 19 673 6491 797 52 257 2704 39 35 245 28 1235 1275 96 26 204 51
leaf_count=1001 283 17 17 8 199 26 10 771 358 13 248 3472 389 20 187 1592 26 13 150 15 561 533 41 14 73 17
internal_value=-0.000449737 -0.00520458 -0.00461482 0.00258423 0.00277857 0.0104301 0.0239839 0.000620524 -0.00337745 -0.00228553 0.0219126 -0.00186705 0.00463746 0.0129836 -0.00588837 -0.0102138 -0.0522225 -0.030258 -0.0352447 -0.0283289 -0.00103882 0.00552531 0.0321173 -0.0754158 0.00552531 -0.00062545
internal_weight=19883 7745 7712 12138 12114 2665 1230 9449 7357 6979 1200 6921 1755 907 5602 2961 58 355 320 273 2641 1435 160 47 2470 848
internal_count=10054 4351 4334 5703 5695 1057 457 4638 4125 3794 447 3755 784 378 3341 1779 39 209 196 165 1562 600 67 31 844 406
is_linear=0
shrinkage=0.05


Tree=72
num_leaves=24
num_cat=0
split_feature=6 28 2 0 9 23 25 5 27 1 28 28 27 7 10 23 8 9 10 7 1 27 3
split_gain=105.825 214.721 100.978 172.621 119.812 83.9697 73.4527 69.7675 32.661 35.4147 29.7889 27.3825 25.0846 24.8692 21.6869 21.565 9.59274 8.50744 6.91848 6.14193 3.64425 2.939 0.719306
threshold=1357.5000000000002 54.500000000000007 0.98500001430511486 24.849999427795414 -1.0000000180025095e-35 50.500000000000007 10.949999809265138 -1.9350000023841856 15.550000190734865 75.500000000000014 61.500000000000007 48.500000000000007 21.250000000000004 1015.4500122070314 -0.98295000195503224 19.500000000000004 859.00000000000011 -0.6035499870777129 -0.37939999997615809 1027.049987792969 51.500000000000007 5.3500001430511483 143.50000000000003
decision_type=2 2 2 2 2 2 2 2 2 2 2 2 2 2 2 2 2 2 2 2 2 2 2
left_child=2 -2 3 8 -5 7 13 12 -1 -10 -3 -11 17 -7 -8 18 19 -4 -9 22 -16 -17 -12
right_child=1 10 5 4 -6 6 14 15 9 11 16 -13 -14 -15 20 21 -18 -19 -20 -21 -22 -23 -24
leaf_value=0.005791558514603664 -0.16052366450980859 -0.066372161441379127 -0.0066633809315816391 0.044401093502978772 0.15641110521374327 0.0020721673260065171 0.0020721673260065171 -0.0066633809315816391 0.044401093502978772 0.011556077643725945 -0.011679538000572649 0.044401093502978772 -0.00164722386259063 -0.00164722386259063 0.0020721673260065171 -0.0066633809315816391 -0.039302688210095311 -0.011679538000572649 -0.011679538000572649 -0.039302688210095311 0.005791558514603664 -0.00164722386259063 -0.020969402651976925
leaf_weight=753 27 27 162 55 33 1065 292 221 39 582 328 63 278 4645 142 449 28 2678 322 17 4671 2948 58
leaf_count=367 10 11 72 21 12 573 111 123 13 227 164 23 110 2710 51 295 15 1893 163 10 1637 1398 45
internal_value=-0.000433383 -0.0235025 0.000143404 0.0124935 0.0804716 -0.000910356 0.00185824 -0.00515269 0.00833058 0.0173206 -0.0154248 0.0141528 -0.010799 -0.00164722 0.00579156 -0.00164722 -0.0122332 -0.0116795 -0.0116795 -0.0116795 0.00579156 -0.00164722 -0.0116795
internal_weight=19883 485 19398 1525 88 17873 10815 7058 1437 684 458 645 3118 5710 5105 3940 431 2840 543 403 4813 3397 386
internal_count=10054 255 9799 663 33 9136 5082 4054 630 263 245 250 2075 3283 1799 1979 234 1965 286 219 1688 1693 209
is_linear=0
shrinkage=0.05


Tree=73
num_leaves=30
num_cat=0
split_feature=10 6 28 25 9 6 26 23 18 3 11 27 0 27 28 3 23 12 11 27 1 11 2 8 3 9 1 15 24
split_gain=98.3991 101.262 195.575 114.922 81.4712 81.0891 73.38 63.9713 48.4569 41.4152 39.7397 35.5726 35.5235 32.8407 31.9644 26.1212 31.4155 39.9823 19.4933 18.0839 13.7458 12.1413 10.2751 9.18773 5.70477 4.64228 3.89079 2.8539 1.96154
threshold=0.98295000195503246 1342.5000000000002 54.500000000000007 14.050000190734865 0.78654998540878307 342.50000000000006 21.399999618530277 64.500000000000014 22.150000572204593 40.500000000000007 -0.60784998536109913 2.7500000000000004 21.94999980926514 20.44999980926514 61.500000000000007 284.50000000000006 36.500000000000007 0.81174999475479137 -0.60784998536109913 11.250000000000002 80.500000000000014 0.87834998965263378 2.9550000429153447 859.00000000000011 9.5000000000000018 -0.6035499870777129 90.500000000000014 1.0500000119209292 172.91500091552737
decision_type=2 2 2 2 2 2 2 2 2 2 2 2 2 2 2 2 2 2 2 2 2 2 2 2 2 2 2 2 2
left_child=1 3 -3 4 5 26 7 15 10 -7 11 -5 21 -12 -4 16 17 -2 -17 -14 -20 -6 -9 25 -18 -16 -1 -8 -10
right_child=6 2 14 8 12 9 27 22 28 -11 13 -13 19 -15 23 18 24 -19 20 -21 -22 -23 -24 -25 -26 -27 -28 -29 -30
leaf_value=0.0046105207742742522 -0.030381104786518134 -0.15249748583193179 -0.064287624359130865 0.0046105207742742522 -0.010275962489533306 -0.0070831499486628206 0.024765445192654931 0.0069310602467190429 0.063511126438776655 0.00048454309889795161 0.0046105207742742522 0.022503155646284953 -0.0026621441571790146 0.020043335758939514 -0.010275962489533306 -0.075386751549584533 -0.024601604375091467 -0.10664474093600324 -0.010706835525587526 0.0046105207742742522 -0.044270394491345698 -0.0026621441571790146 -0.010706835525587526 -0.037655664949290006 -0.010706835525587526 -0.023330722987966637 0.0013057842542089047 0.046574838956197101 0.045430123805999756
leaf_weight=2883 180 27 30 72 2365 2691 30 94 30 5509 1696 764 214 349 362 42 55 19 20 227 89 425 28 28 218 71 1305 30 30
leaf_count=1360 101 10 12 24 1400 1525 10 35 10 2885 574 261 192 118 197 15 33 19 11 99 50 257 17 15 112 38 654 10 10
internal_value=-0.00040041 0.000322121 -0.0214826 0.000930679 -0.000776595 0.00106763 -0.0175239 -0.021808 0.00999764 -0.00199895 0.00907144 0.0182559 -0.00784754 0.00531681 -0.0142781 -0.0283447 -0.0225539 -0.0376626 -0.0464458 0.00461052 -0.0352943 -0.00993481 0.00693106 -0.0110237 -0.0115407 -0.010276 0.00461052 0.0356701 0.0544706
internal_weight=19883 19078 518 18560 15619 12388 805 745 2941 8200 2881 836 3231 2045 491 623 472 199 151 441 109 2790 122 461 273 433 4188 60 60
internal_count=10054 9641 272 9369 8372 6424 413 393 997 4410 977 285 1948 692 262 341 265 120 76 291 61 1657 52 250 145 235 2014 20 20
is_linear=0
shrinkage=0.05


Tree=74
num_leaves=30
num_cat=0
split_feature=7 3 24 5 8 7 10 8 6 28 11 11 7 12 25 27 7 10 25 10 19 23 3 8 4 3 20 12 10
split_gain=90.826 243.764 116.435 91.8415 120.576 110.03 161.572 117.739 120.111 169.743 97.2058 74.7083 72.5837 72.2955 66.8229 75.8669 39.9919 35.0961 70.6845 33.9738 33.4402 27.4184 26.8954 36.5431 22.277 9.74054 6.92378 6.75047 5.91069
threshold=1026.7500000000002 285.50000000000006 49.584999084472663 -2.254999995231628 740.50000000000011 1021.5499877929689 -0.98295000195503224 140.50000000000003 572.50000000000011 37.500000000000007 0.60784998536109935 0.87834998965263378 1010.3500061035157 -0.56175000965595234 17.650000572204593 14.949999809265138 1026.850036621094 0.98295000195503246 14.550000190734865 -0.91595000028610218 0.58550000190734874 76.500000000000014 211.50000000000003 526.50000000000011 0.46500000357627874 71.500000000000014 9.9499998092651385 0.81174999475479137 -0.6035499870777129
decision_type=2 2 2 2 2 2 2 2 2 2 2 2 2 2 2 2 2 2 2 2 2 2 2 2 2 2 2 2 2
left_child=3 2 -2 5 12 7 10 17 13 -10 -7 -12 -5 -9 15 -14 -4 18 -1 20 -8 -16 23 -18 -19 -6 28 -21 -27
right_child=1 -3 16 4 25 6 19 8 9 -11 11 -13 14 -15 21 -17 22 24 -20 27 -22 -23 -24 -25 -26 26 -28 -29 -30
leaf_value=-0.0094793531301754722 0.06533701419830322 -0.18787941751272785 0.01343066186708366 -0.058262820661067964 0.025562975816428662 -0.027882980672936694 -0.059833339029464173 0.03431000665802262 -0.11531278558752754 -0.00088603135733402632 -0.1975881685813268 -0.075254207849502569 -0.0011421567886779477 0.0078438849740114312 0.0088377229600221079 0.0079557082175674056 -0.10629100862777595 -0.030530189072907749 0.025725321919346851 -0.010281588620254918 0.0007508458021809073 0.028176698265042134 0.0022176570752087759 -0.034370405853137768 0.027069178058041467 0.054847533007462826 0.069140997911110905 0.0082803024814046677 0.02759944253108081
leaf_weight=2883 36 23 29 50 50 38 69 423 33 1812 24 26 8942 572 457 3081 33 249 150 315 34 302 17 38 18 48 39 58 34
leaf_count=1898 12 10 11 18 18 15 37 196 20 1008 12 13 4487 251 160 1262 22 159 50 172 14 107 9 20 7 16 13 25 12
internal_value=-0.000352045 -0.0361113 -0.0132964 -3.26856e-05 0.00241821 -0.00478641 -0.0259214 -0.00284502 0.0046185 -0.00293269 -0.0881623 -0.133975 0.00186239 0.0186205 0.00209759 0.00118925 -0.0374914 -0.00926817 -0.00773827 -0.0144147 -0.0398347 0.0164862 -0.0542725 -0.0677983 -0.0266471 0.044127 0.051798 -0.00739529 0.0435495
internal_weight=19883 176 153 19707 13003 6704 564 6140 2840 1845 88 50 12832 995 12782 12023 117 3300 3033 476 103 759 88 71 267 171 121 373 82
internal_count=10054 84 74 9970 6093 3877 288 3589 1475 1028 40 25 6034 447 6016 5749 62 2114 1948 248 51 267 51 42 166 59 41 197 28
is_linear=0
shrinkage=0.05


Tree=75
num_leaves=31
num_cat=0
split_feature=5 8 7 10 1 10 17 12 3 9 23 4 17 2 0 7 3 9 27 28 3 0 20 14 10 27 29 7 5 4
split_gain=94.577 113.545 110.223 145.505 105.981 147.127 99.8045 85.2434 100.759 82.4119 95.573 81.9238 76.9817 63.471 81.6584 58.9815 239.819 58.8475 107.678 56.2986 53.1709 51.647 39.6014 39.3729 32.8848 19.8885 16.9802 18.4502 11.9024 6.5323
threshold=-2.254999995231628 740.50000000000011 1021.5499877929689 -0.91595000028610218 75.500000000000014 -0.98295000195503224 0.13749999552965167 0.81174999475479137 5.5000000000000009 -1.0000000180025095e-35 51.500000000000007 0.36500000953674322 0.11250000074505807 0.56999999284744274 24.750000000000004 1026.7500000000002 285.50000000000006 0.78654998540878307 16.050000190734867 78.500000000000014 211.50000000000003 21.94999980926514 8.8499999046325701 48.000000000000007 0.98295000195503246 8.1500000953674334 10.84999990463257 1023.9500122070314 -1.6850000023841856 -2.8749999999999996
decision_type=2 2 2 2 2 2 2 2 2 2 2 2 2 2 2 2 2 2 2 2 2 2 2 2 2 2 2 2 2 2
left_child=2 13 4 7 6 12 9 8 -4 22 -11 -10 -6 14 26 17 20 18 -15 24 -17 -19 -1 -21 -7 -8 -2 -28 -3 -5
right_child=1 28 3 29 5 19 25 -9 11 10 -12 -13 -14 15 -16 16 -18 21 -20 23 -22 -23 -24 -25 -26 -27 27 -29 -30 -31
leaf_value=-0.009207982355751914 0.0095527555589253535 0.013800903316587211 -0.16023869141936303 0.0025235994749011532 -0.16345352400904117 -0.0078767121572615763 0.038675960950684131 0.0084407780414972548 -0.041261387025080032 -0.026794693572446706 0.029751495553340793 -0.14583191627805883 -0.023138077294125276 0.0004636624283404543 0.11040279644986857 -0.03400837346034892 -0.17848544017128323 -0.0074431030350227264 0.0095527555589253535 0.025914674954812811 0.0095527555589253535 0.0095527555589253535 0.0048245384342949036 0.0014991989921735013 -0.02611578907921467 0.087451035326177429 0.017343403150308422 0.048876511355241146 0.047390335615103446 -0.011494393565965492
leaf_weight=804 317 32 28 124 23 3040 57 39 126 75 214 22 17 7910 23 85 23 2462 1643 230 58 225 1342 98 269 33 163 60 150 252
leaf_count=497 144 13 14 59 11 1983 19 13 62 56 113 11 11 3795 9 45 10 1260 633 92 23 99 627 39 167 11 65 20 50 139
internal_value=-0.000208779 0.00226584 -0.00499955 -0.0256318 -0.00303346 -0.00844976 0.00485395 -0.0584406 -0.0732609 0.00294284 0.0280086 -0.0568057 -0.103819 0.00171547 0.0181352 0.000970317 -0.0286336 0.00137181 0.00321049 -0.00740088 -0.00453152 -0.00516521 -0.000432753 0.0123578 -0.00935943 0.0565602 0.0142053 0.0251341 0.0414845 -0.00687144
internal_weight=19944 13151 6793 591 6202 3677 2525 215 176 2435 289 148 40 12969 563 12406 166 12240 9553 3637 143 2687 2146 328 3309 90 540 223 182 376
internal_count=10090 6166 3924 298 3626 2303 1323 100 87 1293 169 73 22 6103 238 5865 78 5787 4428 2281 68 1359 1124 131 2150 30 229 85 63 198
is_linear=0
shrinkage=0.05


Tree=76
num_leaves=30
num_cat=0
split_feature=10 6 28 25 26 9 6 23 3 3 9 18 11 28 11 4 1 7 3 3 15 3 3 2 7 7 20 23 7
split_gain=88.2373 84.6976 144.809 102.183 70.4689 67.2389 86.9764 61.1985 50.681 43.9797 38.16 37.9029 30.6054 28.2057 24.827 27.5163 22.0996 19.2736 14.0106 31.7653 17.7461 13.0791 8.63671 8.57796 7.82655 6.92118 5.41942 4.11342 2.12235
threshold=0.98295000195503246 1342.5000000000002 54.500000000000007 14.050000190734865 21.399999618530277 0.60354998707771312 342.50000000000006 64.500000000000014 18.500000000000004 40.500000000000007 -0.37939999997615809 22.150000572204593 -0.60784998536109913 61.500000000000007 1.0000000180025095e-35 -0.79500001668930043 94.500000000000014 1015.0499877929689 200.50000000000003 93.500000000000014 1.7099999785423281 284.50000000000006 152.50000000000003 2.7949999570846562 1018.4500122070314 1014.9500122070314 14.650000095367433 42.500000000000007 1026.9500122070315
decision_type=2 2 2 2 2 2 2 2 2 2 2 2 2 2 2 2 2 2 2 2 2 2 2 2 2 2 2 2 2
left_child=1 3 -3 5 7 6 -1 14 10 -8 26 12 -10 -4 15 27 21 -17 19 -7 -20 -16 28 -9 -12 -24 -5 -2 -15
right_child=4 2 13 8 -6 18 9 23 11 -11 24 -13 -14 22 16 17 -18 -19 20 -21 -22 -23 25 -25 -26 -27 -28 -29 -30
leaf_value=0.0045596777603488766 -0.024769850456860008 -0.13201220565372043 -0.056428053719656812 0.0045596777603488766 0.038972930941316819 -0.0085324562562163926 -0.0070434080063899104 0.009423232786326969 0.015554647193228362 0.00088466682617323864 0.045879088696979348 0.049556028401410143 0.0045596777603488766 -0.0090637133212684937 -0.0083328227090948837 -0.014365888647354989 -0.060980505558351675 -0.048998532293890625 -0.0090637133212684937 0.0045596777603488766 -0.0022939412459897297 -0.029057115614414215 -0.0090637133212684937 -0.0083328227090948837 0.075368350063051495 -0.033157858698283957 0.025880980491638186 -0.0083328227090948837 -0.030394176985411081
leaf_weight=3235 41 27 35 30 54 702 2635 89 797 5204 63 54 1935 366 182 49 24 223 2128 561 1188 80 29 25 35 54 30 52 17
leaf_count=1516 27 10 14 10 18 539 1458 33 272 2695 21 18 654 184 97 27 12 122 1202 282 699 45 15 16 14 44 10 26 10
internal_value=-0.000158582 0.000529645 -0.0192177 0.00109031 -0.0162298 -0.000517033 0.00159021 -0.0201265 0.00963639 -0.00178027 0.0371841 0.0080741 0.00725418 -0.013139 -0.0260889 -0.0347321 -0.0150581 -0.0427596 -0.00561326 -0.0011318 -0.00732015 -0.0108515 -0.00988766 0.00942323 0.056411 -0.0253104 0.00578025 -0.0112541 -0.00906371
internal_weight=19944 19125 528 18597 819 15653 11074 765 2944 7839 158 2786 2732 501 651 365 286 272 4579 1263 3316 262 466 114 98 83 60 93 383
internal_count=10090 9667 277 9390 423 8391 5669 405 999 4153 55 944 926 267 356 202 154 149 2722 821 1901 142 253 49 35 59 20 53 194
is_linear=0
shrinkage=0.05


Tree=77
num_leaves=23
num_cat=0
split_feature=5 7 8 29 10 7 6 28 25 28 2 24 27 0 23 7 28 25 9 7 17 8
split_gain=81.435 192.079 108.278 85.0273 70.4956 61.6188 57.6206 90.29 66.9816 54.0978 54.9421 49.1952 48.0832 19.9393 36.2178 13.8475 12.9217 7.97433 7.14113 7.1921 6.26289 2.78699
threshold=-1.9049999713897703 1026.6499633789065 740.50000000000011 24.550000190734867 0.98295000195503246 1010.3500061035157 457.50000000000006 36.500000000000007 13.550000190734865 115.00000000000001 0.56999999284744274 101.25000000000001 16.050000190734867 22.050000190734867 45.500000000000007 1019.2500000000001 141.00000000000003 8.1500000953674334 -0.6035499870777129 1019.5499877929689 0.12750000506639483 822.50000000000011
decision_type=2 2 2 2 2 2 2 2 2 2 2 2 2 2 2 2 2 2 2 2 2 2
left_child=1 3 5 4 6 -2 8 -8 -1 10 17 -5 -12 15 -15 -6 20 -7 19 21 -11 -4
right_child=2 -3 18 11 13 9 7 -9 -10 16 12 -13 -14 14 -16 -17 -18 -19 -20 -21 -22 -23
leaf_value=-0.00069032387883502576 -0.062516530663580511 -0.12828944107487558 0.018428863091177718 0.11103099636409595 -0.053372378468136243 0.0076668183794644882 -0.035721864841476672 -0.0050142781917493599 0.02127552377060056 0.014458842925847041 -0.00082983981756826447 0.023400882309101478 0.0072101081338670631 -0.026327967364342404 0.023400882309101478 -0.026327967364342404 0.048341760149708507 0.014458842925847041 0.061283719233977491 0.050657177412951442 0.027178311466224611 0.038285427490870161
leaf_weight=2808 37 31 43 23 79 86 255 3908 396 30 8771 48 2360 151 47 91 54 477 39 54 126 30
leaf_count=1654 13 16 15 10 46 54 191 2164 132 10 4371 16 941 104 21 47 18 184 13 18 42 10
internal_value=-0.000104962 -0.00407608 0.00246559 -0.00358279 -0.00408275 0.00190807 -0.00301591 -0.00689524 0.00202456 0.00210832 0.00165663 0.0508845 0.000874794 -0.0254398 -0.0146555 -0.0380004 0.0272611 0.0144588 0.0425696 0.0368228 0.0199639 0.0265891
internal_weight=19944 7837 12107 7806 7735 11941 7367 4163 3204 11904 11694 71 11131 368 198 170 210 563 166 127 156 73
internal_count=10090 4401 5689 4385 4359 5633 4141 2355 1786 5620 5550 26 5312 218 125 93 70 238 56 43 52 25
is_linear=0
shrinkage=0.05


Tree=78
num_leaves=31
num_cat=0
split_feature=5 7 10 1 10 9 23 8 6 12 3 4 17 17 6 3 1 27 7 5 12 28 11 14 28 8 20 7 8 5
split_gain=73.7492 95.6329 129.433 94.5041 131.68 92.4693 121.94 91.3573 79.7333 75.4623 85.6725 73.8676 68.1175 60.5146 56.6507 138.098 74.7398 89.0649 74.318 67.0019 62.9635 46.2425 46.2006 36.4096 35.7726 34.4554 34.4515 26.4918 18.7673 11.554
threshold=-2.254999995231628 1021.5499877929689 -0.91595000028610218 75.500000000000014 -0.98295000195503224 -1.0000000180025095e-35 51.500000000000007 740.50000000000011 657.50000000000011 0.81174999475479137 5.5000000000000009 0.36500000953674322 0.11250000074505807 0.13749999552965167 1057.5000000000002 217.50000000000003 80.500000000000014 14.949999809265138 1026.4500122070315 3.7050000429153447 0.81174999475479137 78.500000000000014 -0.60784998536109913 48.000000000000007 65.500000000000014 397.50000000000006 8.8499999046325701 1013.5499877929689 15.500000000000002 -2.8449999094009395
decision_type=2 2 2 2 2 2 2 2 2 2 2 2 2 2 2 2 2 2 2 2 2 2 2 2 2 2 2 2 2 2
left_child=1 3 9 5 12 13 25 14 -8 10 -3 -12 -5 26 16 24 17 20 22 -19 -2 27 -18 -23 -16 -7 -1 -6 -20 -15
right_child=7 2 -4 4 21 6 8 -9 -10 -11 11 -13 -14 29 15 -17 18 19 28 -21 -22 23 -24 -25 -26 -27 -28 -29 -30 -31
leaf_value=-0.0083046180577207342 0.0077336968938026248 -0.14863510534965568 -0.0058511200621030593 -0.15393038728962774 -0.020632171367641349 -0.0050109781412174927 0.084104056497837643 0.037267710243423395 0.024396366092875817 0.0084386686484018963 -0.038499303150271613 -0.1377951746637171 -0.021940419954412125 0.070180926720301309 -0.04978947919242236 -0.13950617625599815 -0.0056478052920824161 0.022876182287207083 0.023707289948607935 0.10004952549934387 -0.0056478052920824161 0.024554103205547385 0.0013637362186933088 0.00144845364454003 -0.0056478052920824161 -0.082932679904134665 0.0047837299877800596 -0.0067574358791524557 0.075909300314055558 0.029553632083393278
leaf_weight=804 3522 28 376 23 390 56 94 182 138 39 126 22 17 30 49 21 2187 450 33 30 680 230 5446 98 515 19 1342 2919 36 42
leaf_count=497 1592 14 198 11 245 40 42 63 77 13 62 11 11 10 31 9 1088 167 11 10 340 92 2548 39 295 16 627 1905 12 14
internal_value=-9.62108e-05 -0.00432671 -0.023545 -0.00249536 -0.00760998 0.00495274 0.0306715 0.002089 0.0485883 -0.0544887 -0.0684329 -0.0532595 -0.0978347 0.00139294 0.00159532 -0.0136092 0.00231356 0.00729553 -0.000714952 0.0276995 0.00496476 -0.00661768 -0.00118193 0.0112896 -0.00892152 -0.0247511 -0.000119826 -0.00839272 0.0509431 0.0464817
internal_weight=19944 6793 591 6202 3677 2525 307 13151 232 215 176 148 40 2218 12969 585 12384 4682 7702 480 4202 3637 7633 328 564 75 2146 3309 69 72
internal_count=10090 3924 298 3626 2303 1323 175 6166 119 100 87 73 22 1148 6103 335 5768 2109 3659 177 1932 2281 3636 131 326 56 1124 2150 23 24
is_linear=0
shrinkage=0.05


Tree=79
num_leaves=31
num_cat=0
split_feature=10 2 0 9 7 10 1 7 25 18 26 23 17 0 1 23 11 7 4 9 12 7 26 4 10 3 11 2 3 5
split_gain=72.6859 75.8286 180.24 169.173 84.5204 192.812 324.742 117.887 88.1786 69.0162 61.1753 53.5718 51.3945 56.3956 53.2193 23.1987 25.5867 22.138 24.4526 21.7119 21.3753 20.0287 19.8915 17.7546 14.1862 11.9105 11.56 7.99094 6.85328 6.33636
threshold=0.98295000195503246 0.90500000119209301 24.849999427795414 -1.0000000180025095e-35 1024.549987792969 -0.98295000195503224 61.500000000000007 1026.4500122070315 12.949999809265138 4.4500000476837167 21.399999618530277 64.500000000000014 0.091499999165534987 25.550000190734867 79.500000000000014 32.500000000000007 1.0000000180025095e-35 1023.4500122070314 0.65500000119209301 0.91595000028610241 1.0000000180025095e-35 1017.8500061035157 30.300000190734867 -0.79500001668930043 -0.91595000028610218 284.50000000000006 0.60784998536109935 2.7949999570846562 24.500000000000004 -2.3049999475479122
decision_type=2 2 2 2 2 2 2 2 2 2 2 2 2 2 2 2 2 2 2 2 2 2 2 2 2 2 2 2 2 2
left_child=1 2 17 -4 8 6 -6 -8 12 20 11 15 13 -3 -14 21 23 22 26 -11 -7 -2 28 -17 -10 -18 -19 -13 -1 -23
right_child=10 4 3 -5 5 9 7 -9 24 19 -12 27 14 -15 -16 16 25 18 -20 -21 -22 29 -24 -25 -26 -27 -28 -29 -30 -31
leaf_value=0.025428401399403812 -0.094818061239579143 -0.16079085499048235 0.050136046542018878 0.19184100848657115 -0.29910833154405869 -0.015698087954645359 -0.089771281109481571 0.0061517164189533804 0.002414730976438224 0.0061517164189533804 0.036735092489807691 0.0092028021957818607 0.002414730976438224 -0.029181046739761175 -0.0039923259720044159 -0.0092634220397280111 -0.0073539028282100438 0.0089951250215734146 0.050136046542018878 -0.0081684175654722826 -0.042954865131485331 -0.032317905892453452 0.050136046542018878 -0.032317905892453452 0.0061517164189533804 -0.026878641168527968 0.038415667004883296 -0.0073539028282100438 0.0061517164189533804 -0.048329855597606212
leaf_weight=80 17 9.9999999999999982 40 27 13.999999999999998 375 61 48 426 526 54 89 5792 31 7281 93 133 202 49 92 89 26 24 237 3167 79 40 25 751 66
leaf_count=32 8 10 16 10 7 206 31 21 151 246 18 33 3025 31 4288 53 71 71 17 34 36 18 12 128 1058 44 17 16 348 34
internal_value=-0.000112465 0.000512176 0.0126106 0.0923218 -0.000307126 -0.0130961 -0.0724165 -0.0433001 0.000615282 -0.00635261 -0.0146989 -0.0183295 -0.00132225 -0.0572151 -0.00114696 -0.0239106 -0.0196778 0.0079503 0.020397 0.00458938 -0.0209262 -0.044958 0.00615172 -0.0284083 0.00615172 -0.0073539 0.013858 0.0092028 0.00615172 -0.0357447
internal_weight=19944 19125 1213 67 17912 1205 123 109 16707 1082 819 765 13114 41 13073 651 542 1146 291 618 464 109 855 330 3593 212 242 114 831 92
internal_count=10090 9667 523 26 9144 581 59 52 8563 522 423 405 7354 41 7313 356 296 497 105 280 242 60 392 181 1209 115 88 49 380 52
is_linear=0
shrinkage=0.05


Tree=80
num_leaves=31
num_cat=0
split_feature=10 25 9 27 23 18 23 10 5 6 8 0 26 23 18 12 12 8 26 23 27 5 11 11 23 10 0 0 5 3
split_gain=66.8518 67.9842 65.772 97.9981 47.056 51.2614 46.8033 47.6403 41.2559 36.8824 35.4821 25.78 25.0009 23.8329 25.3879 20.8882 20.7864 18.8216 18.8156 18.7078 17.4848 16.4781 15.7937 15.3941 14.4062 13.3844 13.2272 7.48034 7.43562 6.85884
threshold=0.98295000195503246 16.44999980926514 0.78654998540878307 15.84999990463257 41.500000000000007 10.34999990463257 51.500000000000007 -0.98295000195503224 1.5950000286102297 782.50000000000011 336.50000000000006 21.849999427795414 15.449999809265138 58.500000000000007 7.8500001430511483 -0.56175000965595234 1.0000000180025095e-35 27.500000000000004 14.250000000000002 32.500000000000007 11.250000000000002 -4.0450000762939444 1.0000000180025095e-35 1.0000000180025095e-35 65.500000000000014 -0.6035499870777129 18.44999980926514 28.550000190734867 -2.3049999475479122 207.50000000000003
decision_type=2 2 2 2 2 2 2 2 2 2 2 2 2 2 2 2 2 2 2 2 2 2 2 2 2 2 2 2 2 2
left_child=1 2 3 6 5 -2 7 -1 15 -8 13 16 -10 25 17 22 26 -15 -18 23 -13 -17 -6 -7 -23 -3 -4 -12 -25 -21
right_child=4 10 11 -5 8 19 9 -9 12 -11 27 20 -14 14 -16 21 18 -19 -20 29 -22 24 -24 28 -26 -27 -28 -29 -30 -31
leaf_value=-0.039408345924672288 -0.10924625310458635 0.017534541903357761 -0.011771040477587541 0.0056222144266463107 -0.0076151523325178362 -0.066807314959087483 0.0024313871823119513 -0.0048464087947420187 -0.011962401459057784 -0.0024528973587536469 0.0056222144266463107 -0.0016709387257587763 0.044579222301642102 0.017534541903357761 0.057225885203010168 0.018600931856781244 -0.018340327435822396 0.037082291543483741 -0.0054266696342099938 -0.017280245621257892 0.0056222144266463107 -0.017280245621257892 0.034459155445036131 -0.029732899380870009 0.018723537328262482 0.0056222144266463107 -0.0021011714296256252 0.028095579330646804 -0.049836948586870794 -0.029732899380870009
leaf_weight=103 19 68 482 1900 54 26 5916 3117 29 3344 478 217 60 259 57 32 710 140 468 133 241 267 38 26 31 312 1328 63 46 48
leaf_count=62 19 27 238 786 23 13 2693 1835 18 1812 165 195 20 91 19 16 460 51 197 80 108 122 19 19 13 104 824 21 20 32
internal_value=9.04433e-05 0.000683602 -0.000143253 0.00134351 -0.0139892 -0.0297801 -0.00075944 -0.00595196 -0.00478044 0.00104617 0.0113877 -0.00634745 0.0261555 0.0183052 0.0260118 -0.0113049 -0.0080406 0.0215527 -0.0132099 -0.0243684 0.00469872 -0.0171784 0.00976337 -0.0421856 -0.0172802 0.00905724 -0.00467624 0.00562221 -0.0299337 -0.0172802
internal_weight=20012 19203 17826 14380 809 298 12480 3220 511 9260 1377 3446 89 836 456 422 2988 399 1178 279 458 330 92 98 298 380 1810 541 72 181
internal_count=10102 9688 9210 7188 414 183 6402 1897 231 4505 478 2022 38 292 161 193 1719 142 657 164 303 151 42 52 135 131 1062 186 39 112
is_linear=0
shrinkage=0.05


Tree=81
num_leaves=30
num_cat=0
split_feature=1 8 7 10 7 2 7 15 7 24 7 21 1 5 8 10 11 5 10 8 7 16 26 7 10 2 3 1 5
split_gain=67.5276 132.002 86.3786 223.01 153.538 110.298 106.878 84.5944 77.7064 70.8735 69.0927 66.1245 64.7932 163.921 51.5908 51.5267 50.4203 48.685 35.2801 34.5309 29.2761 25.3199 21.9487 17.6355 15.6538 9.27623 6.77959 5.73795 1.64946
threshold=79.500000000000014 406.50000000000006 1024.549987792969 -0.98295000195503224 1027.850036621094 1.0149999856948855 1014.9500122070314 1.7099999785423281 1026.4500122070315 80.415000915527358 1026.6499633789065 4.8500001430511483 51.500000000000007 2.6049998998641972 184.50000000000003 -0.91595000028610218 0.60784998536109935 -3.3349999189376827 -0.98295000195503224 15.500000000000002 1027.850036621094 0.27699999511241918 11.150000095367433 1018.6499938964845 0.60354998707771312 2.7649999856948857 27.500000000000004 75.500000000000014 -2.5449999570846553
decision_type=2 2 2 2 2 2 2 2 2 2 2 2 2 2 2 2 2 2 2 2 2 2 2 2 2 2 2 2 2
left_child=2 8 5 4 10 6 -1 23 11 -7 25 -2 13 -11 15 -5 -14 19 -19 -13 26 -10 -8 -3 -17 -4 -16 -24 -9
right_child=1 7 3 14 -6 9 22 28 21 12 -12 17 16 -15 20 24 -18 18 -20 -21 -22 -23 27 -25 -26 -27 -28 -29 -30
leaf_value=0.10849769993320756 -0.20554053187370303 -0.11931642591953279 -0.074911093361237469 0.069155151916272722 0.023107390105724337 0.022792106915605511 0.022792106915605511 -0.011213458723311004 0.0098682269967835523 -0.0049872432208652503 -0.22622788995504381 -0.012690525805310353 0.0069543539206705198 -0.10453293340449983 -0.038616281996170683 -0.02188242346997939 -0.0033030521759446377 -0.023929711602489401 -0.0003167617734613691 0.0057806468659031386 -0.064188960482997284 0.068382482902676456 0.052728562057018286 -0.063983579725027093 0.0084138127878451586 -0.1245947389375596 -0.010902288748651581 0.03398132161389774 0.0097372246139189791
leaf_weight=46 3.9999999999999991 36 17 33 20 177 44 21 29 688 15.999999999999998 1534 5383 44 24 51 1541 161 9052 303 31 51 80 24 260 21 274 30 17
leaf_count=18 4 16 8 13 7 69 23 14 10 352 12 1080 2448 23 12 25 864 78 4456 173 13 17 30 12 132 14 163 10 6
internal_value=0.000129798 -0.00243814 0.00341488 -0.0128483 -0.0952362 0.00492722 0.0415932 -0.0602137 -0.0019296 0.00399102 -0.139067 -0.00228496 0.00317589 -0.0109709 -0.00378925 0.00974915 0.00467147 -0.00221138 -0.000729405 -0.00964384 -0.0179449 0.0471711 0.0227921 -0.0971833 0.00344562 -0.102368 -0.0131343 0.0451705 -0.00184078
internal_weight=20012 11232 8780 747 74 8033 200 98 11134 7833 54 11054 7656 732 673 344 6924 11050 9213 1837 329 80 154 60 311 38 298 110 38
internal_count=10102 5866 4236 399 41 3837 81 48 5818 3756 34 5791 3687 375 358 170 3312 5787 4534 1253 188 27 63 28 157 22 175 40 20
is_linear=0
shrinkage=0.05


Tree=82
num_leaves=31
num_cat=0
split_feature=10 25 8 7 28 5 25 8 11 5 12 12 20 5 7 10 25 7 7 23 7 7 2 25 3 23 7 29 7 4
split_gain=60.3695 61.691 51.3224 50.4164 45.8689 42.4095 41.4625 34.4978 29.9361 29.7948 29.3574 27.4464 35.5516 32.3903 25.9892 25.016 21.311 19.882 14.6406 17.8869 12.0145 12.0128 11.5674 10.5689 9.55161 9.27159 8.76169 8.52276 8.15239 5.93127
threshold=0.98295000195503246 8.8499999046325701 730.50000000000011 1018.7500000000001 141.00000000000003 -1.6850000023841856 16.44999980926514 336.50000000000006 -0.87834998965263356 -3.6249999999999996 -0.56175000965595234 0.81174999475479137 8.6500000953674334 1.5950000286102297 1015.0499877929689 -0.98295000195503224 12.150000095367433 1017.5499877929689 1016.9500122070314 36.500000000000007 1009.6499938964845 1014.5499877929689 7.0450000762939462 3.6499999761581425 24.500000000000004 35.500000000000007 1014.8500061035157 10.050000190734865 1016.3500061035157 1.1150000095367434
decision_type=2 2 2 2 2 2 2 2 2 2 2 2 2 2 2 2 2 2 2 2 2 2 2 2 2 2 2 2 2 2
left_child=1 15 4 9 6 16 10 -8 29 18 -3 12 -10 -14 24 -1 26 28 21 -20 -17 -2 23 -22 -11 -19 -4 -7 -16 -5
right_child=3 2 5 8 -6 27 7 -9 11 14 -12 -13 13 -15 17 20 -18 25 19 -21 22 -23 -24 -25 -26 -27 -28 -29 -30 -31
leaf_value=-0.00036721588210724516 -0.031678937511010606 0.0047250419725578799 0.011809046312716584 -0.025631611593640771 0.045563239951928458 0.013548124197757605 0.017197078105472208 0.0054565539802176955 -0.018095323213232244 -0.034650729389654265 -0.00036721588210724516 -0.03007016651725063 0.004025705700531324 0.042023901170805886 -0.060067511841935928 -0.046829147373928744 0.024276237718868946 -0.050458320975303651 -0.090840921483256579 -0.00067205036228353335 -0.020140681186245693 0.011326536512182605 -0.035703868685911098 -0.0043346764740794146 0.014461622319438242 -0.011060819774866105 -0.00036721588210724516 0.041548476542358277 -0.096274628557942138 -0.060906565324826682
leaf_weight=311 22 3347 149 26 60 33 836 466 123 18 7623 67 214 76 53 17 138 32 11.000000000000002 10.999999999999998 74 62 30 5822 22 28 143 154 22 22
leaf_count=198 14 1345 68 13 20 11 292 161 60 12 3206 40 94 32 21 11 46 13 11 11 74 38 29 4112 11 20 63 52 13 11
internal_value=0.000123309 0.000686976 0.00265648 -0.0132563 0.00195239 0.0167292 0.00173917 0.0101752 -0.00415052 -0.0303661 0.000737916 -0.000385643 0.00443001 0.0139839 -0.0430374 -0.00339091 0.00808463 -0.0535258 -0.00944655 -0.0457565 -0.00485548 6.31981e-05 -0.00473507 -0.00457749 -0.00763894 -0.0320728 0.000432432 0.0366072 -0.0706883 -0.0417993
internal_weight=20012 19203 12949 809 12332 617 12272 1302 528 281 10970 480 413 290 175 6254 430 135 106 22 5943 84 5926 5896 40 60 292 187 75 48
internal_count=10102 9688 5264 414 5024 240 5004 453 250 164 4551 226 186 126 90 4424 177 67 74 22 4226 52 4215 4186 23 33 131 63 34 24
is_linear=0
shrinkage=0.05


Tree=83
num_leaves=31
num_cat=0
split_feature=1 6 10 7 10 12 4 12 7 10 12 2 27 10 4 3 24 11 18 27 11 28 4 3 28 17 1 7 0 14
split_gain=58.3277 138.516 134.865 116.623 169.79 87.3611 83.4795 79.8627 70.9271 88.5248 130.192 118.546 72.9191 68.345 58.4656 56.3657 51.2966 50.8078 72.8043 63.6446 54.5907 50.0374 41.3956 40.3696 39.5772 39.1476 27.3733 25.7274 25.2885 22.8871
threshold=79.500000000000014 747.50000000000011 -0.37939999997615809 1024.549987792969 -0.98295000195503224 0.81174999475479137 2.7150000333786015 -0.56175000965595234 1026.4500122070315 -0.98295000195503224 0.81174999475479137 1.794999957084656 9.6500000953674334 -0.6035499870777129 0.61500000953674328 78.500000000000014 80.415000915527358 -0.60784998536109913 2.3500000238418584 12.550000190734865 1.0000000180025095e-35 37.500000000000007 -0.095000002533197389 152.50000000000003 141.00000000000003 0.1134999990463257 82.500000000000014 1027.850036621094 28.94999980926514 55.000000000000007
decision_type=2 2 2 2 2 2 2 2 2 2 2 2 2 2 2 2 2 2 2 2 2 2 2 2 2 2 2 2 2 2
left_child=1 2 5 7 22 16 24 13 9 10 11 12 -2 14 -3 -13 23 18 -11 25 -21 -18 -5 -1 28 -19 -20 -6 -4 -10
right_child=8 3 6 4 27 -7 -8 -9 29 17 -12 15 -14 -15 -16 -17 21 19 26 20 -22 -23 -24 -25 -26 -27 -28 -29 -30 -31
leaf_value=0.087675765932848065 -0.011340926640173971 -0.020687827545978525 0.002383706194804814 -0.058350309203652778 -0.013399160975473549 0.002383706194804814 0.09375297018885613 0.002383706194804814 0.064801993557051116 -0.086202377440600567 -0.12701561396772212 -0.10859097940847279 0.090810448726018275 -0.0013379972472889318 -0.076462937610329323 -0.024553297375732999 0.002383706194804814 -0.0090378177898103318 0.0035452552464362375 0.012199623120663167 0.00020086904306797633 0.023606607050983906 -0.15661609583887562 0.034993594896048308 0.043285078903039301 0.00020086904306797633 -0.0087416453992687337 -0.061222391166994655 0.022834392548922056 0.0091698038680800079
leaf_weight=48 35 414 2893 17 303 177 25 2420 51 29 33 32 30 582 53 53 97 2090 548 1494 2344 1329 29 150 60 1841 2623 31 152 29
leaf_count=20 17 248 1312 8 178 83 12 1255 17 18 17 16 10 297 26 28 55 1421 245 607 1150 573 18 58 20 883 1427 13 60 10
internal_value=0.000110469 0.00316359 0.00871213 -0.00394472 -0.0302412 0.0196131 0.0024397 -0.00106416 -0.00227614 -0.00261266 -0.0371019 -0.0173209 0.0335092 -0.0127703 -0.0270178 -0.056191 0.0239172 -0.00203726 -0.0073395 0.000146692 0.00472671 0.0206059 -0.1203 0.047765 0.00238371 -0.00432497 -0.00661827 -0.0178378 0.00238371 0.0446353
internal_weight=20012 8780 4931 3849 380 1801 3130 3469 11232 11152 183 150 65 1049 467 85 1624 10969 3200 7769 3838 1426 46 198 3105 3931 3171 334 3045 80
internal_count=10102 4236 2193 2043 217 789 1404 1826 5866 5839 88 71 27 571 274 44 706 5751 1690 4061 1757 628 26 78 1392 2304 1672 191 1372 27
is_linear=0
shrinkage=0.05


Tree=84
num_leaves=31
num_cat=0
split_feature=10 9 27 5 1 6 28 8 14 7 7 26 4 26 24 1 5 10 27 0 7 8 7 23 27 12 7 7 22 12
split_gain=53.5124 48.6917 139.409 93.9051 58.156 84.7398 77.322 62.6319 78.7875 51.1347 45.61 42.7377 39.8028 38.5337 33.2728 34.3129 27.215 27.0558 27.0236 25.2629 23.7901 23.6365 19.7747 19.3371 18.7838 18.7073 17.9087 17.7147 16.7318 16.6642
threshold=0.98295000195503246 0.78654998540878307 16.050000190734867 1.9049999713897707 79.500000000000014 747.50000000000011 44.500000000000007 397.50000000000006 33.000000000000007 1020.8500061035157 1018.7500000000001 23.94999980926514 1.3550000190734866 19.750000000000004 40.415000915527351 83.500000000000014 -3.6249999999999996 1.0000000180025095e-35 20.349999427795414 21.849999427795414 1015.0499877929689 386.50000000000006 1019.8500061035157 48.500000000000007 11.250000000000002 1.0000000180025095e-35 1017.5499877929689 1019.3500061035157 7.2500000000000009 1.0000000180025095e-35
decision_type=2 2 2 2 2 2 2 2 2 2 2 2 2 2 2 2 2 2 2 2 2 2 2 2 2 2 2 2 2 2
left_child=1 2 4 14 5 21 -7 9 -9 -6 16 19 -5 22 15 -4 -2 -13 -16 25 -18 -1 -12 -24 -21 -3 -22 -27 -15 -25
right_child=10 11 3 12 7 6 -8 8 -10 -11 13 17 -14 28 18 -17 20 -19 -20 24 26 -23 23 29 -26 27 -28 -29 -30 -31
leaf_value=0.0018736190407045385 -0.0087950037335449791 -0.0042781138841624941 0.050818020917475226 0.039137478951398325 -0.0072651069821853256 -0.067359717283397916 -0.0021267062637142248 0.0046839502640068529 -0.08663247476021449 0.0028374714806320492 0.010148055185379239 0.0071384758721456318 0.1040478789806366 0.010148055185379239 0.0066873676324384138 0.017693470905453337 -0.0070310121309012184 0.045495862318919257 0.017299647909165519 -0.001075510540321726 -0.067222100933392856 0.0066873676324384138 -0.024459687720910454 0.010148055185379239 0.0071384758721456318 -0.020783357038737543 -0.030573015684882798 -0.0078743717303068252 0.054193064239290024 -0.013272275976950824
leaf_weight=2407 106 1882 100 111 3255 46 3643 44 51 2036 67 104 30 38 1156 172 40 65 642 217 75 1823 202 100 241 405 60 773 36 85
leaf_count=1126 74 1086 34 37 1841 32 1934 22 25 954 30 37 10 13 499 70 23 24 241 195 34 756 113 43 108 269 33 388 12 39
internal_value=8.22503e-05 0.000612941 0.00184027 0.0134665 -9.1758e-05 0.00263444 -0.00294013 -0.00410007 -0.0443386 -0.00337759 -0.0125146 -0.00455201 0.0529482 -0.00385372 0.0107772 0.0270754 -0.0287884 0.0200088 0.00831158 -0.00573188 -0.0408987 0.00668737 -0.00930704 -0.0137637 0.00522008 -0.0073711 -0.0509336 -0.0123125 0.0296032 -0.00208486
internal_weight=20012 19203 15516 2211 13305 7919 3689 5386 95 5291 809 3687 141 528 2070 272 281 169 1798 3518 175 4230 454 387 458 3060 135 1178 74 185
internal_count=10102 9688 7581 891 6690 3848 1966 2842 47 2795 414 2107 47 250 844 104 164 61 740 2046 90 1882 225 195 303 1743 67 657 25 82
is_linear=0
shrinkage=0.05


Tree=85
num_leaves=31
num_cat=0
split_feature=2 0 7 10 1 0 7 18 7 1 21 7 6 28 1 7 28 26 7 11 10 4 9 6 23 10 7 12 17 12
split_gain=55.3381 75.4053 57.9887 174.245 252.428 79.8622 86.4579 57.9493 55.1091 70.3284 84.9221 80.3783 65.377 53.0659 37.27 36.4786 27.1637 20.6586 17.9702 16.2161 13.5124 12.653 10.1375 7.36104 7.05174 6.98068 10.8107 12.9588 6.62606 4.7825
threshold=0.56999999284744274 25.150000572204593 1024.549987792969 -0.98295000195503224 60.500000000000007 20.94999980926514 1026.4500122070315 3.4500000476837163 1023.4500122070314 74.500000000000014 4.8500001430511483 1020.7500000000001 362.50000000000006 57.500000000000007 51.500000000000007 1025.2500000000002 63.500000000000007 11.750000000000002 1025.850036621094 -0.60784998536109913 -0.37939999997615809 -0.44499999284744257 0.78654998540878307 607.50000000000011 41.500000000000007 -0.78654998540878285 1021.3500061035157 0.81174999475479137 0.10050000250339509 0.81174999475479137
decision_type=2 2 2 2 2 2 2 2 2 2 2 2 2 2 2 2 2 2 2 2 2 2 2 2 2 2 2 2 2 2
left_child=1 21 8 4 -4 -6 -7 16 9 11 -11 14 -12 -13 -2 20 18 19 -5 23 -9 -1 -17 -10 -21 26 -23 -28 -18 -27
right_child=2 -3 3 7 5 6 -8 15 17 10 12 13 -14 -15 -16 22 28 -19 -20 24 -22 25 -24 -25 -26 29 27 -29 -30 -31
leaf_value=0.042134414949724752 -0.0052737496223143427 0.09830237115518406 -0.26660092898777554 -0.02400365881164418 -0.13216252744197846 -0.068931888949637324 0.0071971514678739294 0.0068051799112914986 -0.020114264105047502 -0.1910590668519338 0.00037719912539797536 -0.034253786922280871 -0.0073225526781127486 -0.0036679239820868771 0.0071971514678739294 0.0071971514678739294 -0.02400365881164418 0.0071971514678739294 -0.056145678212245309 -0.040949972874174519 -0.010305724930432159 0.0071971514678739294 -0.010305724930432159 -0.059274819493293766 -0.0025191019249600297 0.0071971514678739294 0.049529223482717169 0.0090791011022196885 -0.010305724930432159 0.018708946952416049
leaf_weight=31 604 26 13.999999999999998 85 20 51 42 117 28 5.9999999999999991 6473 172 4802 808 3841 427 61 1001 72 11.999999999999998 332 23 70 21 124 312 44 36 140 93
leaf_count=13 318 9 7 32 14 26 15 47 14 6 3215 81 2761 427 1783 184 48 427 29 12 163 12 30 15 86 132 16 14 85 40
internal_value=-0.000289397 0.0151347 -0.000740393 -0.0104257 -0.0663328 -0.0415209 -0.022028 -0.00498078 3.42376e-05 -0.000752481 -0.00300218 0.00392566 -0.00290211 -0.00903606 0.00678336 0.00150335 -0.0221148 0.00719715 -0.0377016 -0.0122354 -0.00927752 0.0111229 0.00719715 -0.0368974 -0.00334978 0.00923046 0.0209748 0.0313267 -0.0103057 0.00719715
internal_weight=19888 565 19323 1431 127 113 93 1304 17892 16706 11281 5425 11275 980 4445 946 358 1186 157 185 449 539 497 49 136 508 103 80 201 405
internal_count=10061 236 9825 680 62 55 41 618 9145 8591 5982 2609 5976 508 2101 424 194 554 61 127 210 227 214 29 98 214 42 30 133 172
is_linear=0
shrinkage=0.05


Tree=86
num_leaves=31
num_cat=0
split_feature=5 7 4 27 4 1 3 2 23 10 8 29 10 7 28 24 10 26 8 7 11 7 12 18 3 3 8 5 11 7
split_gain=49.8251 112.183 122.231 82.7956 91.6824 60.2758 112.027 58.3396 60.526 57.0948 90.5266 54.851 68.7384 317.232 263.966 125.688 49.4254 53.7015 45.7601 38.7013 38.2889 37.8392 30.7743 29.7773 24.8865 20.5793 17.6401 14.2332 11.5461 6.49401
threshold=-0.29500000178813929 1026.6499633789065 -0.095000002533197389 13.650000095367433 2.5649999380111699 51.500000000000007 173.50000000000003 6.0150001049041757 41.500000000000007 -0.6035499870777129 245.50000000000003 24.550000190734867 -0.98295000195503224 1020.4500122070314 37.500000000000007 75.415000915527358 0.98295000195503246 12.050000190734865 411.50000000000006 1021.8500061035157 -1.0000000180025095e-35 1024.549987792969 0.81174999475479137 4.2500000000000009 206.50000000000003 25.500000000000004 18.500000000000004 0.98000001907348644 0.60784998536109935 1027.049987792969
decision_type=2 2 2 2 2 2 2 2 2 2 2 2 2 2 2 2 2 2 2 2 2 2 2 2 2 2 2 2 2 2
left_child=1 11 25 5 9 6 -2 8 28 10 26 12 13 14 -1 -15 17 -14 -13 -18 23 -10 -11 -9 -22 -3 -5 -24 -7 -27
right_child=3 2 -4 4 -6 7 -8 20 21 22 -12 18 16 15 -16 -17 19 -19 -20 -21 24 -23 27 -25 -26 29 -28 -29 -30 -31
leaf_value=-0.11784230606896538 -0.0034179292400093641 -0.066808182001113894 -0.14107857737047921 0.032059809784678851 0.093280388663212463 -0.0092807697123962595 -0.10127827946732684 -0.10373300115267436 0.0066545431909275201 0.007623817944344401 0.007623817944344401 0.1004809275917385 -0.0050612707104961858 0.00082374077801610911 0.020025008814725583 -0.089665921993793987 -0.023319490549717728 0.0021180554211717214 0.020025008814725583 0.010183967351742568 -0.0092807697123962595 -0.0018143671201097866 0.019998567207022366 -0.031095875713021255 -0.052891447011268501 0.0094345842953771353 0.059316405543768914 0.050866473724647449 -0.0018143671201097866 -0.024576379129663109
leaf_weight=35 102 18 29 102 36 1003 41 21 4257 695 84 23 4149 51 229 155 412 6998 48 109 182 574 157 43 33 32 142 49 54 25
leaf_count=14 65 8 13 43 15 595 20 16 2031 282 30 10 2924 20 118 85 230 2816 16 51 120 289 65 33 24 16 54 18 27 13
internal_value=-0.000234075 -0.00219702 -0.053907 0.00295665 0.0146315 0.000616127 -0.0314758 0.00136027 0.00241887 0.0123277 0.0303852 -0.00175654 -0.00201286 -0.0207604 0.0155258 -0.0672631 -0.00125768 -0.000554146 0.0420629 -0.0163101 -0.0209804 0.00479012 0.00762382 -0.0549299 -0.0108745 -0.0202007 0.0479223 0.0273409 -0.00841885 -0.0054825
internal_weight=19888 12313 104 7575 1265 6310 143 6167 5888 1229 328 12209 12138 470 264 206 11668 11147 71 521 279 4831 901 64 215 75 244 206 1057 57
internal_count=10061 6334 50 3727 507 3220 85 3135 2942 492 127 6284 6258 237 132 105 6021 5740 26 281 193 2320 365 49 144 37 97 83 622 29
is_linear=0
shrinkage=0.05


Tree=87
num_leaves=31
num_cat=0
split_feature=7 10 1 8 25 7 14 27 1 2 24 10 11 18 27 5 18 7 29 5 29 6 8 12 25 28 12 7 0 10
split_gain=47.4539 159.686 214.546 108.293 106.305 64.2503 62.1688 103.727 59.3583 72.3003 79.9883 66.9681 169.71 56.1912 55.9768 68.1686 53.1354 51.2567 49.1456 43.5431 33.3412 38.9349 32.9724 29.7062 26.9925 26.8789 24.1455 24.4525 18.9564 18.4105
threshold=1024.549987792969 -0.98295000195503224 60.500000000000007 169.50000000000003 15.59999990463257 1023.4500122070314 48.000000000000007 8.6500000953674334 77.500000000000014 0.37500000000000006 80.415000915527358 -0.98295000195503224 -0.60784998536109913 11.550000190734865 12.150000095367433 -0.23499999940395352 4.4500000476837167 1020.6499938964845 16.250000000000004 4.5200002193450937 11.150000095367433 602.50000000000011 140.50000000000003 -0.56175000965595234 11.150000095367433 58.500000000000007 1.0000000180025095e-35 1027.850036621094 19.849999427795414 -0.37939999997615809
decision_type=2 2 2 2 2 2 2 2 2 2 2 2 2 2 2 2 2 2 2 2 2 2 2 2 2 2 2 2 2 2
left_child=5 2 -2 -4 -5 8 7 24 9 -1 23 12 25 -14 19 -16 26 -12 29 -13 -9 -22 28 -11 -7 -10 27 -3 -8 -18
right_child=1 16 3 4 -6 6 22 20 11 10 17 14 13 -15 15 -17 18 -19 -20 -21 21 -23 -24 -25 -26 -27 -28 -29 -30 -31
leaf_value=0.085041902848967801 -0.24674745287214006 -0.0080295123853823189 0.073193360699547669 -0.10326444629965158 0.0034901858904422857 0.0089220063433774043 -0.0085031661727322794 0.034927122455376845 2.0662384728590646e-05 0.044047756313633141 0.0044223063955185016 -0.0046051265064050596 -0.10010695863101218 -0.0053705710545182235 -0.0014272193076753752 0.012869532626388298 0.01351500540809787 -0.0066648113314326232 0.063702142961097483 -0.027096995574226769 0.11138189406622023 0.055602023104826606 -0.028764368861448023 0.01927009546446375 0.027291549429297447 0.063143164148697487 -0.039823667870627515 -0.052159392833709718 0.0089220063433774043 -0.0031191965929633892
leaf_weight=27 13.999999999999998 409 18 58 39 355 189 130 48 62 5059 5467 72 20 3590 1086 230 1313 33 224 42 36 96 113 200 26 90 34 207 601
leaf_count=11 7 223 6 37 13 196 98 48 21 23 2387 3188 39 12 1742 465 98 669 11 157 14 12 53 45 67 10 36 14 89 270
internal_value=-0.000240732 -0.00871287 -0.0619396 -0.0394412 -0.0603425 0.000463357 0.0113831 0.0203193 -0.000337736 0.00339034 0.00305361 -0.00266455 -0.0341711 -0.0795121 -0.00216006 0.0018932 -0.00379788 0.00213772 0.00386109 -0.00549042 0.0504333 0.0762769 -0.00247533 0.0364025 0.00903339 0.0221988 -0.0162132 -0.0114165 0.00389777 0.00148473
internal_weight=19888 1526 129 115 97 18362 1255 763 17107 6574 6547 10533 166 92 10367 4676 1397 6372 864 5691 208 78 492 175 555 74 533 443 396 831
internal_count=10061 715 63 56 50 9346 577 337 8769 3135 3124 5634 82 51 5552 2207 652 3056 379 3345 74 26 240 68 263 31 273 237 187 368
is_linear=0
shrinkage=0.05


Tree=88
num_leaves=31
num_cat=0
split_feature=7 10 1 8 25 7 25 1 25 6 10 11 8 1 7 10 28 18 29 7 4 27 23 7 23 7 27 11 28 27
split_gain=42.785 144.117 193.628 97.7348 95.9404 56.6879 56.1293 53.7782 70.2502 62.5276 72.9267 113.948 63.2942 51.4765 51.1882 67.4364 64.5231 48.6749 46.8298 46.4838 34.3475 30.1539 30.1224 24.1104 22.7433 31.5143 22.7294 22.5967 20.8509 19.724
threshold=1024.549987792969 -0.98295000195503224 60.500000000000007 169.50000000000003 15.59999990463257 1023.4500122070314 10.949999809265138 77.500000000000014 19.94999980926514 337.50000000000006 -0.98295000195503224 -0.60784998536109913 7.5000000000000009 68.500000000000014 1020.6499938964845 -0.91595000028610218 57.500000000000007 3.4500000476837163 16.250000000000004 1012.3500061035157 -3.0249999761581416 8.6500000953674334 59.500000000000007 1025.2500000000002 71.500000000000014 1023.7500000000001 7.4500000476837167 0.87834998965263378 63.500000000000007 6.2500000000000009
decision_type=2 2 2 2 2 2 2 2 2 2 2 2 2 2 2 2 2 2 2 2 2 2 2 2 2 2 2 2 2 2
left_child=5 2 -2 -4 -5 7 21 8 14 12 11 -11 22 -10 15 -1 -16 28 23 -12 -14 -7 -9 -19 25 26 -8 -25 -3 -15
right_child=1 17 3 4 -6 6 24 9 13 10 19 -13 20 29 16 -17 -18 18 -20 -21 -22 -23 -24 27 -26 -27 -28 -29 -30 -31
leaf_value=0.016846580109312927 -0.23441008159092497 -0.032948195437590283 0.069533691803614295 -0.098101224364905537 0.0033156763284634323 -0.0032422480487594761 0.013640573963274217 -0.0031876516475983704 0.016846580109312927 -0.0031876516475983704 -0.03344316428539737 -0.079899523030309116 0.036446428999732265 0.046212043367060168 -0.027993880269202322 0.0021168464025143521 -0.00082180521114504188 -0.0085225496084971736 0.060517035108624086 -0.0050144821750233125 0.0083642352104124039 0.013640573963274217 0.0066609884205069657 0.003789617735780999 0.049216175919924027 0.013640573963274217 0.034399063330759587 0.030249272168816257 -0.0087690865708712328 0.09890999014560993
leaf_weight=773 13.999999999999998 159 18 58 39 601 38 4124 132 36 149 85 122 56 275 4249 1063 455 33 4112 1013 195 892 501 78 229 114 46 203 26
leaf_count=394 7 62 6 37 13 332 16 2143 44 15 69 44 48 23 133 1985 543 213 11 2458 502 87 355 212 26 78 38 20 134 13
internal_value=-0.000232659 -0.00827723 -0.0588426 -0.0374692 -0.0573254 0.000435896 0.0106929 -0.000316576 0.00323194 -0.00253133 -0.00709555 -0.0453727 0.000720243 0.0314093 0.00228384 0.00459919 -0.0064065 -0.00360798 0.00191163 -0.00600859 0.0113828 0.00266332 -0.00169243 -1.84908e-05 0.0246178 0.019582 0.0343991 0.00705527 -0.0193892 0.0629211
internal_weight=19888 1526 129 115 97 18362 1255 17107 6574 10533 4382 121 6151 214 6360 5022 1338 1397 1035 4261 1135 796 5016 1002 459 381 152 547 362 82
internal_count=10061 715 63 56 50 9346 577 8769 3135 5634 2586 59 3048 80 3055 2379 676 652 456 2527 550 419 2498 445 158 132 54 232 196 36
is_linear=0
shrinkage=0.05


Tree=89
num_leaves=31
num_cat=0
split_feature=5 7 23 1 5 0 9 6 29 10 7 28 24 10 26 8 23 7 11 2 26 7 24 8 10 10 0 0 24 8
split_gain=41.6426 82.5594 79.5516 49.9144 103.879 64.6242 101.592 135.709 45.2067 52.129 266.452 221.195 102.768 43.0505 46.3966 38.5245 34.9439 34.5972 33.529 30.962 29.7495 19.2378 19.8427 14.3493 12.3861 12.1813 9.97886 6.97758 6.92416 5.63021
threshold=-0.29500000178813929 1026.6499633789065 56.500000000000007 51.500000000000007 2.6049998998641972 24.849999427795414 -1.0000000180025095e-35 492.50000000000006 24.550000190734867 -0.98295000195503224 1020.4500122070314 37.500000000000007 75.415000915527358 0.98295000195503246 11.84999990463257 411.50000000000006 21.500000000000004 1021.8500061035157 0.87834998965263378 5.3750000000000009 18.44999980926514 1018.5499877929689 290.41499328613287 740.50000000000011 -0.91595000028610218 0.78654998540878307 26.750000000000004 18.750000000000004 65.415000915527358 645.50000000000011
decision_type=2 2 2 2 2 2 2 2 2 2 2 2 2 2 2 2 2 2 2 2 2 2 2 2 2 2 2 2 2 2
left_child=1 8 -3 4 28 16 18 -8 9 10 11 -1 -12 14 -11 -10 21 -15 23 20 -18 22 -5 -7 -4 -21 -20 -23 -2 -6
right_child=3 2 24 5 29 6 7 -9 15 13 12 -13 -14 17 -16 -17 19 -19 26 25 -22 27 -24 -25 -26 -27 -28 -29 -30 -31
leaf_value=-0.10783798524311611 0.045365744084119801 -0.11505023479461669 -0.044008073339174537 -0.0063285402872640161 -0.075401368550956249 0.01039027957386447 0.17549944183100827 0.025030115212118904 0.091784096282461425 -0.0049162576092729119 0.00075760141891591693 0.018142564676176805 -0.081066552995433735 -0.021882156226603153 0.0018331662984641586 0.018142564676176805 0.0018541060184733224 0.0097951158847010469 0.028779776891072591 -0.0057700268518857643 0.010265333883504164 -0.022691696057798433 -0.049523645213672092 0.033107976928169351 -0.0021048423399527868 -0.00098414865982045696 0.067136545181274418 -0.0057700268518857643 -0.003012307931916142 -0.11183345160986249
leaf_weight=35 7.9999999999999991 30 29 46 24 392 23 43 23 3936 51 229 155 412 7211 48 4540 109 39 476 1368 61 63 81 45 113 30 151 98 19
leaf_count=14 3 15 12 31 10 173 9 16 10 2821 20 118 85 230 2919 16 2346 51 13 298 469 44 34 27 23 64 10 106 62 12
internal_value=-0.00021493 -0.00200947 -0.0463698 0.00270205 -0.0259513 0.00327697 0.0188965 0.0774664 -0.00163159 -0.00186429 -0.0181905 0.0150649 -0.0608091 -0.00120665 -0.000550052 0.0381494 0.0018841 -0.0152549 0.0117643 0.00267975 0.00380173 -0.0142198 -0.0312945 0.0103903 -0.0185264 -0.00577003 0.0454566 -0.00577003 0.000638866 -0.0914993
internal_weight=19888 12313 104 7575 149 7426 608 66 12209 12138 470 264 206 11668 11147 71 6818 521 542 6497 5908 321 109 473 74 589 69 212 106 43
internal_count=10061 6334 50 3727 87 3640 248 25 6284 6258 237 132 105 6021 5740 26 3392 281 223 3177 2815 215 65 200 35 362 23 150 65 22
is_linear=0
shrinkage=0.05


Tree=90
num_leaves=16
num_cat=0
split_feature=17 28 0 2 1 7 1 8 1 27 12 7 4 4 1
split_gain=40.4494 34.7429 32.5592 31.2231 54.6369 47.4501 31.0481 74.7126 42.2323 22.9783 4.99565 12.8096 1.5402 13.9252 1.27428
threshold=0.091499999165534987 141.00000000000003 25.550000190734867 0.90500000119209301 81.500000000000014 1026.7500000000002 79.500000000000014 406.50000000000006 51.500000000000007 22.150000572204593 0.81174999475479137 1021.8500061035157 0.34499999880790716 0.6850000023841859 60.500000000000007
decision_type=2 2 2 2 2 2 2 2 2 2 2 2 2 2 2
left_child=2 3 -1 4 12 6 8 -8 -5 -7 -6 -12 -2 -14 -4
right_child=1 -3 14 5 10 9 7 -9 -10 -11 11 -13 13 -15 -16
leaf_value=-0.12996657937765121 0.01983588968413149 0.039916101649955467 -0.026658917275706229 -0.0086333286037515496 0.0032636809454213685 -0.026658917275706229 -0.0018913690104228665 -0.026658917275706229 0.0030069891447299119 0.0032636809454213685 0.018985830795019865 0.0032636809454213685 0.0032636809454213685 0.01983588968413149 -0.044294091517275036
leaf_weight=9.9999999999999982 228 54 15.000000000000002 873 700 108 10134 98 7253 24 200 69 41 46 10.999999999999998
leaf_count=10 92 18 15 457 309 61 5381 48 3493 8 88 28 17 18 11
internal_value=-0.000231089 -0.000134949 -0.0531829 -0.000244322 0.00729525 -0.000767893 -0.000550931 -0.00238338 0.00175644 -0.0266589 0.00326368 0.0113094 0.0198359 0.00529388 -0.0266589
internal_weight=19864 19828 36 19774 1284 18490 18358 10232 8126 132 969 269 315 87 26
internal_count=10054 10018 36 10000 552 9448 9379 5429 3950 69 425 116 127 35 26
is_linear=0
shrinkage=0.05


Tree=91
num_leaves=31
num_cat=0
split_feature=5 10 28 23 5 11 27 4 14 1 10 6 11 25 4 17 6 11 12 25 20 28 25 18 18 2 26 12 29 9
split_gain=36.0697 88.51 219.131 173.669 147.281 93.2104 72.3051 75.3395 64.8795 54.082 53.9247 59.7659 59.0046 52.7009 49.375 47.0064 50.0976 45.7011 41.0101 40.331 40.156 40.0966 35.3523 32.2026 30.637 28.4376 25.763 21.8326 20.031 19.9716
threshold=-0.10500000044703482 -0.98295000195503224 37.500000000000007 63.500000000000007 -2.3049999475479122 -1.0000000180025095e-35 13.650000095367433 2.7150000333786015 48.000000000000007 75.500000000000014 -0.6035499870777129 1342.5000000000002 -0.87834998965263356 12.750000000000002 -0.29500000178813929 0.10050000250339509 657.50000000000011 1.0000000180025095e-35 -0.56175000965595234 9.4499998092651385 12.550000190734865 78.500000000000014 11.650000095367433 6.8500001430511483 18.050000190734867 3.5449999570846562 10.550000190734865 1.0000000180025095e-35 14.750000000000002 1.0000000180025095e-35
decision_type=2 2 2 2 2 2 2 2 2 2 2 2 2 2 2 2 2 2 2 2 2 2 2 2 2 2 2 2 2 2
left_child=1 2 3 14 9 28 15 8 23 20 11 13 24 26 -1 16 -2 -15 -17 27 -4 25 -23 -8 -12 -14 -3 -20 -6 -26
right_child=6 10 4 -5 5 -7 7 -9 -10 -11 12 -13 21 17 -16 18 -18 -19 19 -21 -22 22 -24 -25 29 -27 -28 -29 -30 -31
leaf_value=-0.098740972490871659 -0.0038651886627169302 -0.0028696348402930502 0.012278639916992545 -0.047172647994035866 -0.0098459656208248481 -0.047172647994035866 0.017521572432251591 0.084068067960048981 0.0077821626012519671 -0.044081915020942691 -0.0188300687279894 -0.022927505832389408 -0.0010262697532463136 0.012438262649127273 -0.18395266322528614 -0.0038651886627169302 -0.023717288213802135 0.0465933848511089 0.0033943195726299775 0.0077821626012519671 0.061882461753546031 0.00095576714226673913 0.013440440875478089 0.037184176529454854 0.021548656825172277 -0.0083885443051511157 0.0077136391434640562 -0.0038651886627169302 0.044332822039723399 -0.0073859373410148314
leaf_weight=34 477 960 204 33 59 60 154 38 494 35 803 183 4312 362 34 1223 405 132 883 2232 51 1044 775 326 76 1885 1434 855 24 277
leaf_count=17 237 706 115 13 27 32 66 16 202 22 402 93 2073 124 17 614 269 44 508 869 17 535 263 129 30 1215 618 623 9 149
internal_value=-0.000234957 -0.00182177 -0.021748 -0.0880665 -0.00627878 -0.0471726 0.00262587 0.0149998 0.0123051 0.0141999 -0.000952648 0.00478207 -0.00287277 0.00653791 -0.141347 0.00056457 -0.0101075 0.0214068 0.00237716 0.00489815 0.0221994 -0.00134983 0.00517726 0.027261 -0.0134332 -0.00326572 0.00346972 -0.000993523 0.00582019 -0.00115639
internal_weight=19864 12777 534 101 433 143 7087 1012 974 290 12243 3071 9172 2888 68 6075 882 494 5193 3970 255 8016 1819 480 1156 6197 2394 1738 83 353
internal_count=10054 6521 269 47 222 68 3533 413 397 154 6252 1585 4667 1492 34 3120 506 168 2614 2000 132 4086 798 195 581 3288 1324 1131 36 179
is_linear=0
shrinkage=0.05


Tree=92
num_leaves=25
num_cat=0
split_feature=17 10 26 2 0 10 7 8 26 1 10 1 4 6 7 5 11 7 3 0 7 7 5 2
split_gain=35.5339 33.9996 37.1666 32.481 111.764 139.397 47.8289 85.6766 52.2865 29.3182 25.6529 25.4034 25.2259 23.9552 23.176 21.024 18.8746 26.4342 14.4573 24.0978 8.76637 7.55765 6.70979 0.695264
threshold=0.091499999165534987 0.98295000195503246 21.399999618530277 0.90500000119209301 24.849999427795414 -0.98295000195503224 1024.549987792969 169.50000000000003 12.750000000000002 67.500000000000014 -0.37939999997615809 96.500000000000014 -1.6549999713897703 542.50000000000011 1019.0499877929689 -4.3849999904632559 0.87834998965263378 1020.0499877929689 26.500000000000004 21.250000000000004 1025.9500122070315 1015.0499877929689 -4.7349998950958243 2.9300000667572026
decision_type=2 2 2 2 2 2 2 2 2 2 2 2 2 2 2 2 2 2 2 2 2 2 2 2
left_child=9 3 14 4 18 -6 8 10 11 -1 -8 -5 -9 -10 15 22 17 -16 19 -2 -20 -17 -3 -18
right_child=1 2 -4 6 5 -7 7 12 13 -11 -12 -13 -14 -15 16 21 23 -19 20 -21 -22 -23 -24 -25
leaf_value=-0.025014462714266241 0.0039620658157672765 -0.025014462714266241 0.028815228322096039 -0.0022999173317263372 0.16185268516893742 0.036733068011596925 0.0039620658157672765 -0.0045278087713485288 0.0039620658157672765 -0.11424476355314256 -0.0076699088054854722 -0.021021803568107306 -0.025014462714266241 4.64557170957506e-05 0.0078864650103055902 -0.0042184824652191427 0.0078864650103055902 -0.016418215005780275 0.0039620658157672765 0.036733068011596925 0.017581448701116466 -0.025014462714266241 0.0078864650103055902 -0.024949274584650995
leaf_weight=24 50 12.999999999999998 57 7005 27 44 196 155 5537 11.999999999999998 531 186 299 3886 62 67 44 352 909 55 129 163 45 15.999999999999998
leaf_count=24 19 11 19 4636 10 17 76 80 2128 12 240 131 177 1606 27 37 18 169 412 21 44 93 31 16
internal_value=-0.000244419 -0.00015431 -0.0101291 0.000275454 0.00818852 0.0690587 -0.000264386 -0.00998689 0.000426735 -0.0498746 0.000704742 -0.00278417 -0.0250145 0.00287708 -0.0130423 -0.0242291 -0.00624527 -0.0106237 0.00440743 0.0225734 0.00396207 -0.0250145 0.00513965 0.00788647
internal_weight=19864 19828 819 19009 1214 71 17795 1181 16614 36 727 7191 454 9423 762 288 474 414 1143 105 1038 230 58 60
internal_count=10054 10018 421 9597 523 27 9074 573 8501 36 316 4767 257 3734 402 172 230 196 496 40 456 130 42 34
is_linear=0
shrinkage=0.05


Tree=93
num_leaves=31
num_cat=0
split_feature=5 10 7 28 1 29 18 27 4 14 10 2 17 12 7 24 1 18 10 25 25 10 1 3 9 7 7 7 12 1
split_gain=32.3698 80.2327 293.78 185.964 143.049 98.152 72.3963 61.8145 68.9185 58.4946 49.2565 43.4774 41.396 40.1042 33.5095 32.0805 39.3895 29.8216 28.6937 40.9405 28.4949 27.6287 26.3481 24.9345 23.4424 22.7759 41.649 22.0755 21.6153 20.3025
threshold=-0.10500000044703482 -0.98295000195503224 1020.4500122070314 37.500000000000007 60.500000000000007 24.550000190734867 4.6499998569488534 13.650000095367433 2.7150000333786015 48.000000000000007 -0.6035499870777129 5.9849998950958261 0.10050000250339509 -0.56175000965595234 1015.2500000000001 75.415000915527358 77.500000000000014 6.8500001430511483 0.98295000195503246 12.84999990463257 9.4499998092651385 0.60354998707771312 80.500000000000014 355.50000000000006 0.91595000028610241 1018.7500000000001 1017.2500000000001 1027.299987792969 1.0000000180025095e-35 76.500000000000014
decision_type=2 2 2 2 2 2 2 2 2 2 2 2 2 2 2 2 2 2 2 2 2 2 2 2 2 2 2 2 2 2
left_child=1 2 3 -1 -4 6 -6 11 9 17 15 12 -2 -14 22 16 -3 -9 19 24 -15 -21 -13 -20 -12 26 -5 -17 -16 -27
right_child=7 10 4 25 5 -7 -8 8 -10 -11 18 14 13 20 28 27 -18 -19 23 21 -22 -23 -24 -25 -26 29 -28 -29 -30 -31
leaf_value=-0.096221584623510201 -0.0084173877638163194 0.046547468620386112 -0.19501155614852905 0.042647401076905872 -0.12956453061872913 0.054390836613518859 -0.047095598472143591 0.016448645825081664 0.079979659891442248 0.0072466535677687995 -0.0027440986796767939 -0.021882486207918689 -0.0025840855915660959 0.00023702598657256025 -0.061397213935852048 0.0024282033915378701 0.0097086803284691624 0.035246802632342686 -0.011124954287528388 5.7144617503936473e-05 0.0072466535677687995 0.011669824645839866 -0.1011769860982895 -0.055952957526526674 -0.011249835196985258 0.067391906855470043 -0.0090354727063741962 -0.041460643850010019 -0.0084173877638163194 0.015045656870912623
leaf_weight=33 829 83 18 85 31 21 188 154 38 494 5602 22 1205 1592 20 2382 577 326 517 1311 2160 762 20 33 947 59 72 29 227 27
leaf_count=13 474 30 9 41 14 7 96 66 16 202 3017 10 608 1006 8 1307 235 129 274 440 834 254 14 17 665 26 50 13 166 13
internal_value=-0.00023106 -0.00173428 -0.0207059 0.0151504 -0.0590639 -0.0488678 -0.0587693 0.00247907 0.0139201 0.0113429 -0.000906803 0.000573166 0.00151851 0.00324922 -0.0183533 0.00457407 0.0143414 0.0256506 -0.00274193 -0.0020356 0.00588218 0.00408834 -0.0596418 -0.0138146 -0.00397405 0.030275 0.0189457 0.0019003 -0.0113326 0.0509576
internal_weight=19864 12777 534 276 258 240 219 7087 1012 974 12243 6075 5786 4957 289 3071 660 480 9172 8622 3752 2073 42 550 6549 243 157 2411 247 86
internal_count=10054 6521 269 143 126 117 110 3533 413 397 6252 3120 2922 2448 198 1585 265 195 4667 4376 1840 694 24 291 3682 130 91 1320 174 39
is_linear=0
shrinkage=0.05


Tree=94
num_leaves=28
num_cat=0
split_feature=17 1 6 10 7 8 4 27 7 0 5 0 11 2 7 0 10 11 4 11 26 5 18 8 28 6 28
split_gain=30.9579 31.0615 66.8388 104.695 77.4175 65.9909 53.8921 43.2521 46.2707 40.6196 35.5873 33.6579 33.5746 34.0596 32.0784 26.4901 25.488 24.6082 21.6332 17.4743 15.2555 14.2218 12.8163 9.38956 7.34676 2.02155 0.948299
threshold=0.091499999165534987 80.500000000000014 647.50000000000011 -0.6035499870777129 1024.549987792969 273.50000000000006 2.7150000333786015 19.150000572204593 1019.9500122070314 25.349999427795414 -3.3549998998641963 31.44999980926514 -0.87834998965263356 2.9050000905990605 1026.4500122070315 25.550000190734867 0.60354998707771312 -0.60784998536109913 -0.92500001192092884 1.0000000180025095e-35 9.4499998092651385 -1.8450000286102293 8.7500000000000018 15.500000000000002 58.500000000000007 322.50000000000006 51.500000000000007
decision_type=2 2 2 2 2 2 2 2 2 2 2 2 2 2 2 2 2 2 2 2 2 2 2 2 2 2 2
left_child=15 2 3 7 12 10 11 8 -2 22 16 -5 -4 -14 17 -1 20 -12 24 -18 -3 -9 -7 -16 -6 -11 -17
right_child=1 5 4 6 18 9 -8 21 -10 25 14 -13 13 -15 23 26 19 -19 -20 -21 -22 -23 -24 -25 -26 -27 -28
leaf_value=-0.11587463319301605 0.023851898724477294 -0.0064478813644562455 0.0021296302903954442 0.0021296302903954442 -0.023349430452176745 -0.023349430452176745 0.075691179729998115 0.083298215040793794 0.0024647970739847332 0.041611844614932419 -0.0045901181038877142 0.056070751249790197 0.0021296302903954442 -0.0059732405432006428 0.015309960643450419 -0.038962861624631001 -0.018888212000159221 0.001393444019335202 -0.023349430452176745 -0.0051326782343272303 0.0086082551836856279 0.039638398249040953 0.0036176569346358604 0.053959581707463122 -0.0045422347632759234 0.017490062722936274 -0.023349430452176745
leaf_weight=9.9999999999999982 716 452 597 3175 26 257 25 26 391 19 2371 30 793 2925 30 11.000000000000002 568 6242 177 389 268 66 31 33 205 15.999999999999998 14.999999999999998
leaf_count=10 328 448 243 1414 13 122 12 11 170 8 1198 10 320 1651 10 11 336 3054 106 249 135 22 16 11 117 14 15
internal_value=-0.000229224 -0.000145117 0.0019923 0.00640477 -0.00214551 -0.00197741 0.00212963 0.0190355 0.0162978 -0.0233494 -0.00128251 0.00212963 -0.00017708 -0.00323237 6.30159e-06 -0.0465537 -0.00795024 -0.00025372 -0.0229636 -0.0132969 -0.000843653 0.051977 -0.0233494 0.035555 -0.00803967 0.0305847 -0.0233494
internal_weight=19864 19828 9152 4429 4723 10676 3230 1199 1107 323 10353 3205 4315 3718 8676 36 1677 8613 408 957 720 92 288 63 231 35 26
internal_count=10054 10018 4417 1967 2450 5601 1436 531 498 160 5441 1424 2214 1971 4273 36 1168 4252 236 585 583 33 138 21 130 22 26
is_linear=0
shrinkage=0.05


Tree=95
num_leaves=26
num_cat=0
split_feature=28 9 24 0 21 25 1 2 10 0 12 1 28 1 26 28 18 9 18 3 6 13 29 0 8
split_gain=33.6702 27.0616 51.9276 28.5395 26.8139 26.8017 26.7998 25.5711 27.1654 20.2532 17.1343 21.3992 15.9801 15.2947 14.4914 11.6451 14.2248 8.72698 6.82957 6.75076 5.58155 4.84205 3.11329 2.17879 0.230351
threshold=141.00000000000003 0.78654998540878307 75.415000915527358 18.44999980926514 4.8500001430511483 12.150000095367433 67.500000000000014 1.0149999856948855 -0.98295000195503224 21.94999980926514 -0.56175000965595234 67.500000000000014 60.500000000000007 80.500000000000014 12.84999990463257 34.500000000000007 6.5499999523162851 0.98295000195503246 5.8500001430511483 200.50000000000003 32.500000000000007 1.0000000180025095e-35 9.0500001907348651 17.150000572204593 593.50000000000011
decision_type=2 2 2 2 2 2 2 2 2 2 2 2 2 2 2 2 2 2 2 2 2 2 2 2 2
left_child=1 2 10 15 6 9 24 22 -9 19 11 -1 17 14 -12 16 23 -7 -13 -5 -15 -18 -6 -3 -4
right_child=-2 3 4 5 7 12 -8 8 -10 -11 13 18 -14 20 -16 -17 21 -19 -20 -21 -22 -23 -24 -25 -26
leaf_value=0.0055710243779360149 0.038380835453669236 -0.040301910389301393 -0.029267460514198651 -0.0028794507991683118 0.0025600169190243584 0.0010811642827315015 -0.10277926052610081 -0.010833454002189153 1.4275918775604752e-05 0.0010811642827315015 0.0055710243779360149 0.0055710243779360149 0.019138916371402456 0.019138916371402456 0.019138916371402456 -0.0068400658810681249 -0.011563032530204131 0.01154571286959837 0.019138916371402456 -0.0068400658810681249 0.0055710243779360149 -0.021684062132988548 0.0055710243779360149 -0.026434677246823371 -0.019208659843465016
leaf_weight=57 57 43 10.999999999999998 598 380 521 11.999999999999998 603 13456 384 69 52 63 51 121 251 348 153 366 1123 409 111 559 83 22
leaf_count=22 19 17 11 372 192 175 12 313 6714 268 32 19 21 21 42 143 167 53 132 788 185 53 222 34 22
internal_value=7.21076e-06 -0.000103003 0.000777616 -0.00397409 2.70849e-06 -0.0015853 -0.0385357 0.000118339 -0.000450991 -0.00445837 0.0111393 0.0183577 0.0066207 0.0058644 0.0191389 -0.0120948 -0.016286 0.00395251 0.0191389 -0.00684007 0.00557102 -0.012201 0.00557102 -0.0311671 -0.0192087
internal_weight=19903 19846 16168 3678 15043 2842 45 14998 14059 2105 1125 475 737 650 190 836 585 674 418 1721 460 459 939 126 33
internal_count=10049 10030 7939 2091 7486 1677 45 7441 7027 1428 453 173 249 280 74 414 271 228 151 1160 206 220 414 51 33
is_linear=0
shrinkage=0.05


Tree=96
num_leaves=18
num_cat=0
split_feature=28 2 6 28 1 11 2 1 11 27 10 25 3 4 12 0 5
split_gain=30.3616 25.4624 23.6755 55.7229 29.9008 36.8069 36.8726 35.0399 27.0844 34.5606 18.4166 17.9455 8.10733 4.62732 3.46757 5.16244 1.07058
threshold=141.00000000000003 0.56999999284744274 1342.5000000000002 55.500000000000007 80.500000000000014 0.60784998536109935 2.3750000000000004 51.500000000000007 -0.60784998536109913 17.349999427795414 -0.6035499870777129 13.650000095367433 356.50000000000006 1.0049999952316286 0.81174999475479137 21.550000190734867 -1.0000000180025095e-35
decision_type=2 2 2 2 2 2 2 2 2 2 2 2 2 2 2 2 2
left_child=1 10 4 -4 5 7 -7 -3 11 -10 16 -6 13 -5 -12 -16 -1
right_child=-2 2 3 12 8 6 -8 -9 9 -11 14 -13 -14 -15 15 -17 -18
leaf_value=0.018189714314444969 0.036461792912399558 -0.0055115239874218664 -0.066136990558533434 -0.0055115239874218664 -0.0055115239874218664 0.0049759387170606106 -0.0055115239874218664 0.0049041732022507192 -0.002516495095618547 0.0049759387170606106 0.0049759387170606106 0.0049759387170606106 -0.036099983290461997 -0.029882117435336114 0.0049759387170606106 0.018189714314444969 0.0049759387170606106
leaf_weight=124 57 435 42 437 2757 364 1623 6161 5063 2136 298 219 20 20 42 58 47
leaf_count=49 19 233 15 232 1530 169 929 2809 2894 883 125 73 11 14 16 26 22
internal_value=2.22942e-05 -8.23643e-05 -0.000390059 -0.0109245 -9.8591e-05 0.00207494 -0.0038907 0.00387205 -0.00193205 -0.000266059 0.0103419 -0.00551152 -0.00606298 -0.00551152 0.00497594 0.0145428 0.0181897
internal_weight=19903 19846 19277 519 18758 8583 1987 6596 10175 7199 569 2976 477 457 398 100 171
internal_count=10049 10030 9792 272 9520 4140 1098 3042 5380 3777 238 1603 257 246 167 42 71
is_linear=0
shrinkage=0.05


Tree=97
num_leaves=31
num_cat=0
split_feature=7 10 5 25 7 27 14 18 26 0 10 18 27 25 5 10 25 20 27 9 11 10 26 7 5 12 28 7 7 5
split_gain=29.9966 86.2987 109.272 93.1255 46.4058 53.3544 58.1232 43.2063 32.8861 32.8466 60.736 93.0718 37.9418 32.2959 29.6541 27.2982 24.0028 21.3848 18.5211 37.0459 18.2363 15.9503 15.2657 13.7466 11.8179 10.4338 11.9543 9.65907 9.5795 9.29069
threshold=1024.549987792969 -0.98295000195503224 -0.55500000715255726 12.449999809265138 1023.4500122070314 8.6500000953674334 48.000000000000007 5.0499999523162851 20.650000572204593 24.849999427795414 -0.98295000195503224 3.0499999523162846 11.949999809265138 11.150000095367433 0.15500000119209292 -0.6035499870777129 11.34999990463257 10.750000000000002 18.849999427795414 1.0000000180025095e-35 0.87834998965263378 -0.98295000195503224 29.300000190734867 1015.9500122070314 3.4050000905990605 1.0000000180025095e-35 62.500000000000007 1027.850036621094 1018.7500000000001 1.6800000071525576
decision_type=2 2 2 2 2 2 2 2 2 2 2 2 2 2 2 2 2 2 2 2 2 2 2 2 2 2 2 2 2 2
left_child=4 2 -2 29 8 13 14 25 9 10 11 -1 -12 21 17 16 -9 -7 22 28 -17 -6 -10 -11 -23 27 -27 -3 -20 -4
right_child=1 7 3 -5 5 6 -8 15 18 23 12 -13 -14 -15 -16 20 -18 -19 19 -21 -22 24 -24 -25 -26 26 -28 -29 -30 -31
leaf_value=-0.15308948113368109 -0.12022135357062023 -0.0082878812445636128 -0.058749871701002127 0.02358515375742206 -0.048270598524495174 0.029438907305319419 0.013854790977352481 0.0010600767263935673 0.0029790135611210047 0.0029790135611210047 -0.0040724787115447069 -0.017005303512016932 0.00043427534519075404 0.013854790977352481 0.084775380947087947 -0.0034455749952542409 0.035601679516727464 0.067175269694555381 0.034243804216384892 0.012914852364487851 0.031575040370225904 -0.0060926964861748529 0.012914852364487851 0.00043427534519075404 0.0053559692841419317 -0.036422701250939146 -0.0041936726634846395 -0.03709033506531869 0.071539409232862075 -0.11273807803789776
leaf_weight=12.999999999999998 36 477 17 54 19 120 200 90 1178 2031 6663 375 4749 212 38 526 114 42 36 128 40 466 201 1733 156 84 26 31 33 14.999999999999998
leaf_count=7 18 260 9 18 13 44 84 46 394 915 3930 200 2290 71 13 229 38 14 12 47 20 255 75 878 83 32 13 13 13 15
internal_value=9.04547e-06 -0.00676557 -0.0470835 -0.0164677 0.000565217 0.00985402 0.0249209 -0.00322177 -0.00011383 -0.00081076 -0.00211046 -0.0215648 -0.00144903 0.00278865 0.045023 0.00468133 0.0203627 0.0356984 0.00676879 0.0211096 -0.00097062 -0.00314285 0.0047201 0.00297901 -0.00176435 -0.0130687 -0.0270302 -0.0100455 0.0520808 -0.0840568
internal_weight=19903 1510 122 86 18393 1253 400 1388 17140 15564 11800 388 11412 853 200 770 204 162 1576 197 566 641 1379 3764 622 618 110 508 69 32
internal_count=10049 711 60 42 9338 577 155 651 8761 8220 6427 207 6220 422 71 333 84 58 541 72 249 351 469 1793 338 318 45 273 25 24
is_linear=0
shrinkage=0.05


Tree=98
num_leaves=31
num_cat=0
split_feature=7 10 1 8 25 7 27 14 1 6 28 24 11 5 18 6 0 24 10 7 10 26 0 9 10 5 25 9 10 5
split_gain=27.3036 77.9109 106.62 73.5111 57.7814 41.5324 46.1772 52.8818 40.2167 52.5963 82.6542 53.7917 46.5385 45.12 38.9207 35.4729 57.7939 120.285 48.0638 47.794 39.521 29.5567 27.5365 40.8557 24.6366 22.8768 21.6625 17.3523 12.4853 9.60913
threshold=1024.549987792969 -0.98295000195503224 60.500000000000007 169.50000000000003 15.59999990463257 1023.4500122070314 8.6500000953674334 48.000000000000007 74.500000000000014 727.50000000000011 41.500000000000007 618.75000000000011 -0.87834998965263356 -2.9350000619888301 5.0499999523162851 362.50000000000006 24.550000190734867 230.41500091552737 -0.78654998540878285 1012.3500061035157 -0.98295000195503224 15.34999990463257 20.750000000000004 -1.0000000180025095e-35 -0.6035499870777129 -4.1849999427795401 11.34999990463257 -0.37939999997615809 -0.98295000195503224 2.054999947547913
decision_type=2 2 2 2 2 2 2 2 2 2 2 2 2 2 2 2 2 2 2 2 2 2 2 2 2 2 2 2 2 2
left_child=5 2 -2 -4 -5 8 21 22 9 11 -11 13 -12 -1 -3 16 18 -18 -10 25 -21 28 -8 -24 26 -17 -16 -26 -7 -23
right_child=1 14 3 4 -6 6 7 -9 15 10 12 -13 -14 -15 24 19 17 -19 -20 20 -22 29 23 -25 27 -27 -28 -29 -30 -31
leaf_value=0.031576133992609091 -0.18624824682871502 -0.012399451545649511 0.063116676277584507 -0.079141417371907413 0.0020505049783322549 -0.045857067955167669 0.027855903085881564 0.01308265665658135 0.010132880255712131 -0.097429595074870368 0.0040736171688996476 0.0040736171688996476 -0.0039786484061035679 0.010665504743310182 0.0010070732670525711 -0.0022124136423484629 0.20145772298177086 0.016065848651668355 -0.0021837091878694464 -0.027879887069797233 -0.0031793815307979835 0.0031042974395952194 0.043992680426622258 0.101785841354957 0.02359759209211916 -0.04221545770283669 0.033821595527574813 -0.0039760918900816596 -0.0044232482415010443 0.01308265665658135
leaf_weight=346 11.999999999999998 618 18 56 36 19 92 200 923 22 417 1042 2643 1014 90 43 8.9999999999999982 314 5585 168 4490 181 69 39 64 124 114 502 422 231
leaf_count=158 6 318 6 36 12 13 33 84 456 17 162 466 1432 403 46 16 3 122 2785 86 2600 77 25 13 32 55 38 217 242 90
internal_value=4.2541e-05 -0.00642082 -0.0447293 -0.0292909 -0.0473707 0.00057316 0.00936069 0.0233776 -6.92421e-05 0.00346173 -0.000861113 0.00900835 -0.00016683 0.0159854 -0.00305365 -0.00173052 0.000587678 0.0212316 -0.000436903 -0.00501251 -0.00407025 0.00278769 0.0426291 0.0601295 0.00444727 -0.031294 0.0193446 -0.000922089 -0.00620838 0.012417
internal_weight=19903 1510 122 110 92 18393 1253 400 17140 5484 3082 2402 3060 1360 1388 11656 6831 323 6508 4825 4658 853 200 108 770 167 204 566 441 412
internal_count=10049 711 60 54 48 9338 577 155 8761 2638 1611 1027 1594 561 651 6123 3366 125 3241 2757 2686 422 71 38 333 71 84 249 255 167
is_linear=0
shrinkage=0.05


Tree=99
num_leaves=28
num_cat=0
split_feature=28 7 10 23 7 7 25 18 1 7 28 9 6 0 7 1 10 27 9 10 25 28 18 2 10 14 7
split_gain=26.3761 23.934 70.3099 106.752 51.2304 37.8928 36.986 35.1156 31.9714 46.1085 66.8333 42.9036 32.0013 50.8446 43.0306 25.7262 22.0827 20.7692 14.9078 13.6667 12.2464 9.38007 16.951 7.06023 3.23112 1.3912 1.2024
threshold=141.00000000000003 1024.549987792969 -0.98295000195503224 59.500000000000007 1026.4500122070315 1023.4500122070314 10.949999809265138 5.0499999523162851 74.500000000000014 1020.7500000000001 41.500000000000007 -1.0000000180025095e-35 362.50000000000006 24.550000190734867 1012.3500061035157 73.500000000000014 -0.6035499870777129 8.6500000953674334 -0.37939999997615809 -0.37939999997615809 10.750000000000002 65.500000000000014 2.9500000476837163 2.1250000000000004 0.98295000195503246 48.000000000000007 1025.350036621094
decision_type=2 2 2 2 2 2 2 2 2 2 2 2 2 2 2 2 2 2 2 2 2 2 2 2 2 2 2
left_child=1 5 3 15 23 8 17 21 9 11 -11 -1 13 -10 -14 -3 20 19 -18 -7 -9 22 -4 -5 -8 -19 -23
right_child=-2 2 7 4 -6 6 24 16 12 10 -12 -13 14 -15 -16 -17 18 25 -20 -21 -22 26 -24 -25 -26 -27 -28
leaf_value=0.0033593635010965243 0.034010937862228932 -0.16480825245380404 -0.033918229638054818 -0.032774199724197393 0.01698032570858837 -0.014225900012093621 0.01698032570858837 -0.0037784611081562269 -0.00041505833500599478 -0.070826807694557389 -0.0040675959457722229 0.01698032570858837 -0.029698212882001959 0.01698032570858837 -0.0038667414500373077 -0.076473778661559619 0.01698032570858837 0.0095750888865807886 -0.0037784611081562269 0.0019873710918225334 0.01698032570858837 -0.0037784611081562269 -0.010369539311212032 -0.06665773760085969 0.0095750888865807886 0.0033700924054199176 -0.009939563731384278
leaf_weight=3883 57 15.999999999999998 101 25 43 185 423 57 6508 39 968 537 167 323 4658 17 64 86 502 437 147 123 314 21 30 92 80
leaf_count=1810 19 10 48 10 16 111 144 35 3241 18 502 289 71 125 2686 10 32 33 217 231 49 77 140 14 12 46 53
internal_value=4.72612e-05 -5.02864e-05 -0.00610098 -0.0424929 -0.0140129 0.000447998 0.00884072 -0.00290227 -0.000167589 0.00300244 -0.00665311 0.00520225 -0.00164355 0.000558294 -0.0047608 -0.119303 0.00422256 0.00216985 -0.000879178 -0.0028349 0.0169803 -0.0117795 -0.0161007 -0.0511575 0.0169803 0.00957509 -0.00377846
internal_weight=19903 19846 1510 122 89 18336 1253 1388 17083 5427 1007 4420 11656 6831 4825 33 770 800 566 622 204 618 415 46 453 178 203
internal_count=10049 10030 711 60 40 9319 577 651 8742 2619 520 2099 6123 3366 2757 20 333 421 249 342 84 318 188 24 156 79 130
is_linear=0
shrinkage=0.05


Tree=100
num_leaves=31
num_cat=0
split_feature=5 27 4 10 7 28 11 8 11 14 7 11 7 8 17 4 26 23 27 25 7 18 1 11 1 12 7 3 1 3
split_gain=34.565 45.3822 72.3908 44.7895 274.645 160.368 105.851 120.396 79.98 42.4994 37.4745 36.6131 54.7534 39.9976 36.1139 35.3075 33.4701 52.608 31.085 29.5367 29.4391 25.428 24.3752 23.2728 21.9354 18.6773 16.4331 15.0323 14.98 14.652
threshold=-0.10500000044703482 13.650000095367433 2.5649999380111699 -0.98295000195503224 1020.4500122070314 37.500000000000007 -0.60784998536109913 427.50000000000006 1.0000000180025095e-35 48.000000000000007 1024.049987792969 -0.87834998965263356 1010.3500061035157 452.50000000000006 0.10050000250339509 1.7849999666213991 11.949999809265138 120.50000000000001 6.0499999523162851 9.4499998092651385 1014.6499938964845 6.8500001430511483 64.500000000000014 0.60784998536109935 76.500000000000014 -0.56175000965595234 1025.549987792969 20.500000000000004 78.500000000000014 217.50000000000003
decision_type=2 2 2 2 2 2 2 2 2 2 2 2 2 2 2 2 2 2 2 2 2 2 2 2 2 2 2 2 2 2
left_child=3 14 9 4 5 -1 10 8 -8 21 -6 12 -5 18 15 26 -13 20 -14 28 -18 -3 -7 -9 -24 -21 -2 -15 -16 -17
right_child=1 2 -4 11 6 22 7 23 -10 -11 -12 16 13 27 19 29 17 -19 -20 25 -22 -23 24 -25 -26 -27 -28 -29 -30 -31
leaf_value=-0.090440384149551398 -0.0028475455171998341 0.014654313887325843 0.080260329105352107 -0.048545834124088291 0.031374534019609782 -0.0013387694954872132 -0.13998828399926425 0.0149439738324747 -0.05928386243186512 0.006814839016617039 -0.046294468998908996 -0.0039897027734124109 -0.028810470198543794 0.023935522702900142 0.001884298555119644 -0.034565868589641717 0.0091552058379222034 0.048551229933897655 -0.0068354055974086452 0.001884298555119644 0.00018577845611967867 0.031489275462719749 0.046837048103944179 -0.043293125430742901 0.0033257825885500227 0.006814839016617039 -0.035919088144835673 0.0016239721663454075 -0.0028475455171998341 -0.010040847698137874
leaf_weight=30 587 143 38 80 41 45 64 29 59 487 25 3574 195 111 1004 145 1077 60 921 877 6075 326 168 42 35 2201 38 236 1060 105
leaf_count=12 312 62 16 31 14 26 33 12 35 199 13 2610 93 37 645 102 422 20 504 360 2480 128 87 21 19 856 25 98 724 64
internal_value=-0.000140886 0.00268367 0.012581 -0.00167994 -0.0158018 0.0187467 -0.0527421 -0.0713502 -0.101276 0.00989086 0.00195446 -0.0010637 -0.00826767 -0.00606517 0.00104864 -0.00834165 -3.31321e-05 0.0019276 -0.0106751 0.00264656 0.00153646 0.0224938 0.0319548 -0.0195061 0.0393351 0.00574973 -0.00284755 0.0087611 -0.00198113 -0.0242654
internal_weight=19878 7011 994 12867 538 278 260 194 123 956 66 12329 1543 1463 6017 875 10786 7212 1116 5142 7152 469 248 71 203 3078 625 347 2064 250
internal_count=10060 3493 405 6567 272 144 128 101 68 389 27 6295 763 732 3088 503 5532 2922 597 2585 2902 190 132 33 106 1216 337 135 1369 166
is_linear=0
shrinkage=0.05


Tree=101
num_leaves=29
num_cat=0
split_feature=5 7 23 29 24 23 27 4 17 10 8 10 7 28 28 11 10 9 10 2 12 10 7 23 5 7 7 7
split_gain=31.0142 34.5537 48.3123 33.9737 31.5341 29.9034 30.0109 75.5021 42.3711 28.0456 67.6737 27.7314 185.821 123.735 89.7368 28.9089 51.7355 29.0784 24.0003 23.5221 15.7332 15.2205 8.74013 6.38935 6.19726 4.82685 4.28151 1.19172
threshold=-0.40500000119209284 1026.6499633789065 56.500000000000007 24.550000190734867 142.08499908447268 19.500000000000004 12.150000095367433 2.5649999380111699 0.10050000250339509 -0.6035499870777129 245.50000000000003 -0.98295000195503224 1020.4500122070314 37.500000000000007 41.500000000000007 -0.87834998965263356 -0.37939999997615809 0.78654998540878307 0.3793999999761582 5.5150001049041757 0.81174999475479137 0.3793999999761582 1027.299987792969 16.500000000000004 0.50499999523162853 1016.5499877929689 1015.2500000000001 1024.7500000000002
decision_type=2 2 2 2 2 2 2 2 2 2 2 2 2 2 2 2 2 2 2 2 2 2 2 2 2 2 2 2
left_child=1 3 -3 11 -5 18 8 9 24 10 -8 12 13 -1 -14 16 -13 -17 25 21 -11 -10 -4 -20 -7 -2 -9 -27
right_child=5 2 22 4 -6 6 7 26 19 20 -12 15 14 -15 -16 17 -18 -19 23 -21 -22 -23 -24 -25 -26 27 -28 -29
leaf_value=-0.085918366114298511 -0.029183243463436766 -0.086805810353585658 0.011912850907136655 0.071608663909137255 0.015652490947375537 -0.0016739560224566373 0.033306723846581128 0.081702462390617098 0.0051974426963823208 0.0051974426963823208 0.0051974426963823208 0.006473466758435179 -0.10409750206903978 0.015652490947375537 -0.029160637300292492 0.0009979652983325136 -0.013804328631828029 -0.0060795081166097947 -0.059648415675530066 -0.0016739560224566373 0.01948063375492548 0.0013495618102027729 -0.023953491358495341 -0.028385144336657092 -0.0063489680349328283 -0.0063489680349328283 0.053275009559897279 -0.027360410491625471
leaf_weight=30 24 28 29 32 39 112 309 27 3004 824 106 450 55 221 146 8252 1045 1761 26 481 232 1708 41 44 693 115 26 18
leaf_count=12 15 14 15 13 13 58 130 9 1448 346 38 215 36 118 68 4138 524 1082 13 307 93 797 17 19 412 92 12 6
internal_value=-0.000149782 -0.00172839 -0.0312978 -0.00148753 0.0329972 0.00232111 0.00286069 0.00912616 0.00126873 0.0070137 0.0186378 -0.00169225 -0.0138407 0.0148479 -0.0496657 -0.00121509 -0.00770064 -0.00024676 -0.0155586 0.00300106 0.00519744 0.00437308 -0.00909458 -0.0399972 -0.00634897 -0.00634897 0.0677569 -0.00634897
internal_weight=19878 12129 98 12031 71 7749 7522 1524 5998 1471 415 11960 452 251 201 11508 1495 10013 227 5193 1056 4712 70 70 805 157 53 133
internal_count=10060 6265 46 6219 26 3795 3650 628 3022 607 168 6193 234 130 104 5959 739 5220 145 2552 439 2245 32 32 470 113 21 98
is_linear=0
shrinkage=0.05


Tree=102
num_leaves=31
num_cat=0
split_feature=5 3 27 4 14 10 5 12 23 5 29 17 20 10 25 2 11 17 25 18 9 2 5 3 1 3 23 18 0 5
split_gain=26.8758 43.2593 37.3295 60.3676 38.1698 36.4825 145.494 98.2419 88.0975 93.1222 64.1178 62.8654 40.0169 32.0366 41.2285 31.8748 30.9758 27.2755 31.9434 26.1453 22.3542 21.8651 21.8233 21.1428 22.924 20.2891 19.5148 19.4144 18.9951 16.178
threshold=-0.10500000044703482 283.50000000000006 13.650000095367433 2.5649999380111699 48.000000000000007 -0.98295000195503224 -3.3950001001358028 0.81174999475479137 63.500000000000007 -1.5349999666213987 19.849999427795414 0.13350000232458117 12.550000190734865 0.98295000195503246 12.650000095367433 5.9849998950958261 -1.0000000180025095e-35 0.10050000250339509 9.4499998092651385 6.3500001430511483 0.91595000028610241 3.1250000000000004 0.2650000005960465 355.50000000000006 91.500000000000014 206.50000000000003 62.500000000000007 8.7500000000000018 21.94999980926514 -1.1950000524520872
decision_type=2 2 2 2 2 2 2 2 2 2 2 2 2 2 2 2 2 2 2 2 2 2 2 2 2 2 2 2 2 2
left_child=5 2 15 4 22 6 12 8 9 -8 -10 -9 26 14 20 17 19 -2 -19 -17 21 -7 -4 24 28 -18 -1 -16 -15 -22
right_child=1 -3 3 -5 -6 13 7 11 10 -11 -12 -13 -14 23 27 16 25 18 -20 -21 29 -23 -24 -25 -26 -27 -28 -29 -30 -31
leaf_value=-0.0047845218585778589 -0.0069951399647484418 0.070780537204573987 0.013313272013566283 0.072910278917927493 0.0058666181444565722 0.0014516820405150368 -0.068901050455747098 -0.13419785885249866 -0.010814952241147266 -0.013805595735465468 0.067313775577043239 -0.03489410560578108 0.069738602943909475 -0.022651237611115899 0.0021937536230769656 -0.071024523228406911 -0.0070441785991672418 -0.0020707807634448103 0.0058666181444565722 -0.0070441785991672418 -0.005337675292826121 -0.0034691946432345551 0.028953353516621202 -0.050991834834327593 0.023002965560064037 -0.04816379042963187 0.03626071698963642 0.011375613104979783 -0.0023073705428650658 -0.020000115522556733
leaf_weight=73 821 23 135 38 484 3492 123 34 85 68 38 30 39 259 1916 40 198 1909 2982 23 702 4593 328 34 47 30 48 823 206 257
leaf_count=55 471 9 58 16 198 1722 63 20 41 28 15 10 13 127 645 24 130 1241 1172 23 544 2692 130 18 18 21 27 276 126 127
internal_value=-0.000169375 0.00232128 0.00209595 0.0111176 0.00863806 -0.00152649 -0.0142717 -0.0311884 -0.0196804 -0.0409336 0.0133224 -0.0876492 0.0256941 -0.000970324 -0.000421672 0.000615638 -0.0155264 0.001438 0.00285358 -0.0465603 -0.00204931 -0.00119318 0.0207599 -0.0128106 -0.0102751 -0.00704418 0.0114979 0.00495267 -0.0136387 -0.00926703
internal_weight=19878 7011 6988 985 947 12867 538 378 314 191 123 64 160 12329 11783 6003 291 5712 4891 63 9044 8085 463 546 512 228 121 2739 465 959
internal_count=10060 3493 3484 402 386 6567 272 177 147 91 56 30 95 6295 6006 3082 198 2884 2413 47 5085 4414 188 289 271 151 82 921 253 671
is_linear=0
shrinkage=0.05


Tree=103
num_leaves=27
num_cat=0
split_feature=21 9 27 5 22 9 29 1 1 4 22 7 5 7 27 5 0 25 11 28 7 28 22 10 4 1
split_gain=23.8761 23.9281 36.8872 42.1461 36.724 36.4175 27.7883 25.87 38.2659 34.0277 29.1269 36.157 28.632 24.9037 24.1806 20.032 19.6206 19.4625 18.9702 12.2759 13.1143 11.3771 8.79204 8.30367 1.308 0.787727
threshold=4.8500001430511483 0.78654998540878307 16.050000190734867 2.804999947547913 19.94999980926514 -1.0000000180025095e-35 28.500000000000004 73.500000000000014 51.500000000000007 -0.14500000327825543 3.2500000000000004 1020.8500061035157 0.69499999284744274 1021.0499877929689 20.849999427795414 -3.8950001001358028 18.349999427795414 12.050000190734865 -0.87834998965263356 60.500000000000007 1018.6499938964845 34.500000000000007 10.050000190734865 -1.0000000180025095e-35 0.74500000476837169 63.500000000000007
decision_type=2 2 2 2 2 2 2 2 2 2 2 2 2 2 2 2 2 2 2 2 2 2 2 2 2 2
left_child=15 2 7 5 -5 14 -7 8 9 -2 12 -12 -9 -10 -4 25 21 18 -18 20 -19 22 -3 -20 -24 -1
right_child=1 16 3 4 -6 6 -8 10 13 -11 11 -13 -14 -15 -16 -17 17 19 23 -21 -22 -23 24 -25 -26 -27
leaf_value=-0.019183208901194737 -0.0022791320273000365 -0.019183208901194737 0.014460620271154676 0.01126607638807633 0.082933508988582733 0.0030854415514243211 0.052125017961551404 -0.019183208901194737 0.0030854415514243211 -0.019183208901194737 -0.0037816294297054668 0.0030854415514243211 -0.0064080010460656122 -0.0043607262067130899 0.050177308551052159 -0.099826447367668159 0.00027449504119096311 0.015307512240585059 -0.00024750457818330338 0.02745680319411414 0.00027449504119096311 -0.0063149206427887822 -0.015027657266526169 -0.0063149206427887822 -0.010872105631857601 -0.033279408365488053
leaf_weight=21.000000000000004 731 246 281 39 33 1980 29 230 3588 165 4703 2647 491 1218 57 9.9999999999999982 389 150 595 56 574 247 35 1104 249 9.9999999999999982
leaf_count=21 385 109 105 13 11 824 12 105 1649 87 2566 1251 234 674 19 10 235 50 440 19 195 143 18 755 120 10
internal_value=-0.000164427 -8.56462e-05 0.000738273 0.00643275 0.0441136 0.0052768 0.00308544 -0.000261869 0.00231626 -0.00742807 -0.00208326 -0.00114251 -0.0116735 0.00308544 0.0204838 -0.0382808 -0.0037457 -0.00183629 -0.00435374 0.00490273 0.00315822 -0.0107935 -0.0154293 -0.00631492 -0.0108721 -0.0191832
internal_weight=19878 19837 16192 2419 72 2347 2009 13773 5702 896 8071 7350 721 4806 338 41 3645 2868 2088 780 724 777 530 1699 284 31
internal_count=10060 10019 7935 984 24 960 836 6951 2795 472 4156 3817 339 2323 124 41 2084 1694 1430 264 245 390 247 1195 138 31
is_linear=0
shrinkage=0.05


Tree=104
num_leaves=31
num_cat=0
split_feature=10 7 26 9 27 8 11 7 0 7 23 8 0 18 7 7 7 7 0 4 27 8 4 25 1 6 7 0 12 23
split_gain=22.001 29.4898 27.1964 25.7488 62.1962 29.3233 38.6706 55.3639 24.5717 38.3407 22.3661 25.7513 43.1236 35.4352 23.1895 22.4862 18.6643 17.9139 17.4197 74.2658 23.6593 16.5559 15.6051 14.5035 19.322 15.8856 14.0234 11.5944 11.1858 14.9575
threshold=0.98295000195503246 1018.7500000000001 19.750000000000004 0.78654998540878307 16.050000190734867 241.50000000000003 -0.60784998536109913 1014.8500061035157 21.94999980926514 1016.3500061035157 51.500000000000007 367.50000000000006 25.550000190734867 7.3500001430511483 1015.0499877929689 1011.8500061035157 1014.1499938964845 1019.9500122070314 21.94999980926514 2.5649999380111699 17.44999980926514 112.50000000000001 0.65500000119209301 12.050000190734865 97.500000000000014 747.50000000000011 1019.4500122070314 19.050000190734867 1.0000000180025095e-35 39.500000000000007
decision_type=2 2 2 2 2 2 2 2 2 2 2 2 2 2 2 2 2 2 2 2 2 2 2 2 2 2 2 2 2 2
left_child=3 8 17 4 10 6 -6 -8 -2 16 11 13 -13 -1 15 -12 -10 -3 23 20 -20 -16 -4 24 25 -5 -26 -25 29 -19
right_child=1 2 22 18 5 -7 7 -9 9 -11 14 12 -14 -15 21 -17 -18 28 19 -21 -22 -23 -24 27 26 -27 -28 -29 -30 -31
leaf_value=-0.024926651540175503 -0.044419935364957627 0.010068076153610449 0.010068076153610449 -0.0049490326553852208 0.0043527043949392252 0.0043527043949392252 0.068654559055964154 0.014162866306898687 -0.025357783130473561 -0.028109201997059286 -0.0013546815101135726 -0.076379360305145388 -0.0013546815101135726 -0.0019315871292170219 0.0032203598666422544 0.0043527043949392252 0.016858137104039394 -0.020195352797706925 0.00053404625541249827 0.086169009296982388 0.043527079559862618 -0.0013546815101135726 0.046281150976816815 -0.0035147433066163147 -0.04771707295915302 -0.022500259815242844 -0.010078630510717631 0.00053404625541249827 -0.019959936996823864 0.0080487963259220138
leaf_weight=177 82 65 32 1960 341 191 48 1613 36 63 546 32 21 3133 2396 1531 96 75 369 27 32 5414 45 501 49 138 50 519 171 125
leaf_count=116 45 30 11 1310 145 75 16 649 24 42 234 20 12 1807 1115 676 53 40 260 11 13 2705 15 167 32 86 28 177 86 60
internal_value=-0.000132244 -0.00830883 -0.00121021 0.000206162 0.00109834 0.00889798 0.01205 0.0157376 -0.0214554 -0.0117985 -0.000192575 -0.00371488 -0.0382915 -0.00316123 0.00100551 0.0043527 0.0053447 -0.00604825 -0.00357378 0.00590265 0.000534046 -0.000295545 0.0261844 -0.00483456 -0.00712208 -0.0061035 -0.0287078 9.25926e-05 -0.0105706 -0.00254276
internal_weight=19878 790 513 19088 15443 2193 2002 1661 277 195 13250 3363 53 3310 9887 2077 132 436 3645 428 401 7810 77 3217 2197 2098 99 1020 371 200
internal_count=10060 406 242 9654 7570 885 810 665 164 119 6685 1955 32 1923 4730 910 77 216 2084 284 273 3820 26 1800 1456 1396 60 344 186 100
is_linear=0
shrinkage=0.05


Tree=105
num_leaves=31
num_cat=0
split_feature=10 7 11 5 26 11 1 5 0 2 10 12 8 28 27 5 25 10 7 10 26 7 7 1 3 3 0 4 5 18
split_gain=29.604 29.33 26.0778 25.2604 24.3524 30.2297 22.2866 100.33 28.6542 70.3228 68.8 136.169 103.929 97.2492 45.3636 36.9032 27.1329 25.6507 51.4398 22.969 18.1462 17.2564 15.1162 12.591 19.1377 11.5058 19.3486 15.0196 11.2643 8.76165
threshold=0.98295000195503246 1019.0499877929689 -0.87834998965263356 -2.564999938011169 17.750000000000004 1.0000000180025095e-35 51.500000000000007 2.6049998998641972 25.150000572204593 1.235000014305115 -0.98295000195503224 0.81174999475479137 427.50000000000006 37.500000000000007 8.7500000000000018 -3.195000052452087 9.4499998092651385 -0.98295000195503224 1017.1499938964845 0.78654998540878307 15.050000190734865 1020.0499877929689 1015.0499877929689 79.500000000000014 355.50000000000006 334.50000000000006 30.750000000000004 -2.1249999999999996 0.2650000005960465 7.6499998569488534
decision_type=2 2 2 2 2 2 2 2 2 2 2 2 2 2 2 2 2 2 2 2 2 2 2 2 2 2 2 2 2 2
left_child=6 3 -3 23 21 29 7 25 10 14 11 13 -13 -8 -10 19 -17 18 -11 -12 -19 -4 -5 -2 -25 26 -1 -28 -24 -6
right_child=1 2 4 22 5 -7 8 -9 9 17 15 12 -14 -15 -16 16 -18 20 -20 -21 -22 -23 28 24 -26 -27 27 -29 -30 -31
leaf_value=-0.005402439651432913 -0.046327726272019476 -0.03571966554826269 0.0052783433152575263 -0.0005124798338664205 0.0052783433152575263 0.045885324875513715 -0.052153568853115298 -0.083655271988089502 0.029219822998297632 0.029219822998297632 -0.001986645433312386 -0.10207993910765985 0.0025583779747155927 0.0025583779747155927 0.096499587041991103 -0.0016157274772887554 0.0025583779747155927 0.0025583779747155927 0.0025583779747155927 -0.013044697673011092 0.0088344610159065001 -0.013507610172548187 -0.062731692328615571 0.00073529462219326658 -0.048404883123610333 -0.019715359240695084 0.054956401586532588 0.0083645880804397166 -0.0257783611305058 0.030265628068875047
leaf_weight=639 22 52 55 19 62 60 97 41 36 71 1538 71 21 452 35 4490 7938 1587 103 676 1158 246 58 143 23 99 20 128 32 39
leaf_count=338 21 26 24 10 21 20 41 22 14 32 1107 43 7 229 12 2890 3117 848 60 415 395 137 28 95 10 56 7 66 13 13
internal_value=-2.08654e-05 -0.00937817 -0.00215027 -0.0218871 0.0016281 0.0173241 0.000374383 -0.00718884 0.00075807 0.00523446 -0.0001177 -0.0161513 -0.0724467 -0.00671746 0.0544011 0.000584221 0.0016437 0.00403856 0.0226551 -0.005363 0.00285849 -0.00676745 -0.0410375 -0.0107839 -0.00607328 -0.00365032 -0.00162943 0.0146608 -0.0495927 0.00527834
internal_weight=20011 811 514 297 462 161 19200 927 18273 2990 15283 641 92 549 71 14642 12428 2919 174 2214 2745 301 109 188 166 886 787 148 90 101
internal_count=10117 418 241 177 215 54 9699 489 9210 1361 7849 320 50 270 26 7529 6007 1335 92 1522 1243 161 51 126 105 467 411 73 41 34
is_linear=0
shrinkage=0.05


Tree=106
num_leaves=31
num_cat=0
split_feature=10 7 11 5 12 26 7 14 0 1 5 0 10 7 27 3 20 7 17 23 1 3 5 3 7 4 3 5 7 1
split_gain=26.928 26.3397 23.467 22.7975 22.127 34.0306 21.3971 81.4679 33.0953 32.1977 84.3359 39.189 62.4031 42.8205 29.1786 20.4662 17.3244 13.6424 11.88 11.4906 11.3634 17.2718 10.166 8.76128 8.64776 8.06195 6.94852 6.88662 5.85317 4.68268
threshold=0.98295000195503246 1019.0499877929689 -0.87834998965263356 -2.564999938011169 0.81174999475479137 19.750000000000004 1011.6499938964845 48.000000000000007 31.250000000000004 51.500000000000007 2.6049998998641972 25.150000572204593 -0.98295000195503224 1015.9500122070314 2.5499999523162846 56.500000000000007 7.1499998569488534 1015.0499877929689 0.11250000074505807 110.50000000000001 79.500000000000014 355.50000000000006 0.2650000005960465 336.50000000000006 1016.9500122070314 -0.52499997615814198 315.50000000000006 -1.5349999666213987 1010.5499877929689 85.500000000000014
decision_type=2 2 2 2 2 2 2 2 2 2 2 2 2 2 2 2 2 2 2 2 2 2 2 2 2 2 2 2 2 2
left_child=6 3 29 20 5 16 7 18 9 10 23 12 -11 -13 27 -16 -4 -5 28 -10 25 24 26 -8 -22 -2 -19 -9 -1 -3
right_child=1 2 4 17 -6 -7 8 14 19 11 -12 13 -14 -15 15 -17 -18 22 -20 -21 21 -23 -24 -25 -26 -27 -28 -29 -30 -31
leaf_value=0.012107854398269939 -0.074278991872614053 -0.014954590797424318 -0.020188473063854524 -0.00048685581668427122 -0.025073604717669978 0.041739559382723092 -0.0043447571443082063 -0.039829043100277586 0.018402849303097747 -0.015285740176331275 -0.079472509297973865 0.013869402164927555 0.00065388575192069063 0.0033046468368571912 -0.033525741243826561 -0.006250705469091883 0.0063300299922055079 -0.076314498384793594 0.023088613244203422 0.052325949003530103 0.0064947867670502426 -0.045984639940054528 -0.024489443236961964 -0.030757611139790354 -0.025384626308312785 -0.013743688843467021 -0.041681476236720173 -0.073707785606384288 -0.006250705469091883 -0.045795614132657647
leaf_weight=34 11.000000000000002 20 81 19 67 57 646 30 22 641 41 1216 14594 1383 122 152 257 30 130 43 117 23 32 33 26 10.999999999999998 28 30 83 32
leaf_count=14 11 10 38 10 40 19 342 15 14 320 22 524 7503 697 57 68 118 14 48 15 69 10 13 17 26 10 14 10 33 16
internal_value=-1.42387e-05 -0.00893861 -0.00208906 -0.0207927 0.00149518 0.00600179 0.000362723 -0.00908629 0.000657576 0.000532806 -0.00983345 0.000951316 -1.67608e-05 0.00662605 -0.0251872 -0.0182716 -2.49959e-05 -0.0389856 0.0126858 0.0362729 -0.0102447 -0.00576962 -0.0471131 -0.00562845 0.00069853 -0.0440113 -0.0595951 -0.0567684 0.0011271 -0.0339337
internal_weight=20011 811 514 297 462 395 19200 581 18619 18554 720 17834 15235 2599 334 274 338 109 247 65 188 166 90 679 143 22 58 60 117 52
internal_count=10117 418 241 177 215 175 9699 245 9454 9425 381 9044 7823 1221 150 125 156 51 95 29 126 105 41 359 95 21 28 25 47 26
is_linear=0
shrinkage=0.05


Tree=107
num_leaves=31
num_cat=0
split_feature=10 23 9 27 26 25 1 3 3 17 1 11 3 23 12 0 3 23 17 12 11 11 11 1 18 3 2 25 1 18
split_gain=24.2418 23.0318 20.8632 77.4442 48.8219 25.6136 20.2055 41.8359 50.5107 25.7631 22.4591 19.345 19.5314 18.7683 18.3459 17.4617 16.7523 14.5234 15.1591 13.7085 26.2705 14.5811 12.6067 11.1391 10.7647 10.5014 9.65068 8.90667 8.69264 7.76695
threshold=0.98295000195503246 68.500000000000014 0.60354998707771312 20.44999980926514 13.84999990463257 14.449999809265138 51.500000000000007 173.50000000000003 227.50000000000003 0.091499999165534987 79.500000000000014 -0.87834998965263356 52.500000000000007 32.500000000000007 0.81174999475479137 30.750000000000004 200.50000000000003 58.500000000000007 0.11749999970197679 1.0000000180025095e-35 -1.0000000180025095e-35 1.0000000180025095e-35 -1.0000000180025095e-35 67.500000000000014 6.9500000476837167 196.50000000000003 2.9050000905990605 7.4500000476837167 81.500000000000014 10.550000190734865
decision_type=2 2 2 2 2 2 2 2 2 2 2 2 2 2 2 2 2 2 2 2 2 2 2 2 2 2 2 2 2 2
left_child=2 11 3 6 -5 16 7 15 -9 23 -11 12 -2 22 24 -1 27 29 -19 21 -21 -18 -13 -8 -15 -6 -14 -4 -3 -7
right_child=1 28 5 4 25 17 9 8 -10 10 -12 13 26 14 -16 -17 19 18 -20 20 -22 -23 -24 -25 -26 -27 -28 -29 -30 -31
leaf_value=-0.00547118055789421 -0.0084117973033262759 0.002201441751015431 -0.0056480576701786788 0.010709733310601724 0.051409573539307245 0.0020426284212690916 -0.022741884282783311 -0.079616241973753166 -0.013468697018552203 0.0030733415409357825 -0.0012195513316737847 -0.057658233092381411 -0.027115545000718989 -0.015868730100264794 -0.015868730100264794 0.010709733310601724 0.001572190185473324 0.010023342348709621 0.034775442426048575 -0.021555967440568251 -0.0053770303328682578 -0.0068814301950457903 -0.017390563791351659 -0.085977211865511813 0.002201441751015431 0.029620444068623238 -0.069576656073331841 0.0020426284212690916 0.027972457440275895 0.010023342348709621
leaf_weight=633 49 30 386 215 76 234 17.000000000000004 39 111 7235 5263 26 23 65 98 144 992 129 84 329 1057 1050 77 10.999999999999998 354 203 32 869 57 123
leaf_count=337 28 12 381 89 27 80 17 20 61 3414 2628 13 11 30 56 71 534 43 32 177 590 641 45 11 188 68 13 437 22 41
internal_value=-2.41177e-05 -0.00849168 0.000333548 0.00134507 0.0207884 -0.00235208 0.000631099 -0.00649187 -0.0306671 0.00115824 0.00126557 -0.0114126 -0.0313682 -0.00806517 -0.00418224 -0.00182485 -0.00357017 0.00765542 0.0180041 -0.00537962 -0.00921749 -0.00277468 -0.0275552 -0.0467493 0.000803991 0.0355558 -0.0518202 0.0013723 0.0158154 0.00204263
internal_weight=20011 811 19200 13947 494 5253 13453 927 150 12526 12498 724 104 620 517 777 4683 570 213 3428 1386 2042 103 28 419 279 55 1255 87 357
internal_count=10117 418 9699 6743 184 2956 6559 489 81 6070 6042 384 52 332 274 408 2760 196 75 1942 767 1175 58 28 218 95 24 818 34 121
is_linear=0
shrinkage=0.05


Tree=108
num_leaves=29
num_cat=0
split_feature=5 7 4 23 1 27 4 2 29 17 14 24 4 25 0 9 6 5 2 7 28 7 0 23 3 7 26 3
split_gain=19.693 27.1098 53.8396 25.7836 27.3805 46.9757 44.7522 37.0752 24.739 24.3409 23.272 19.7778 19.6024 15.2075 14.133 37.7987 23.0148 10.1173 6.87449 5.36584 4.9247 4.27875 4.15064 3.34515 3.06566 2.50722 2.30681 0.197796
threshold=-0.40500000119209284 1026.6499633789065 -0.29500000178813929 19.500000000000004 95.500000000000014 12.750000000000002 2.5649999380111699 5.5150001049041757 24.550000190734867 0.10050000250339509 55.000000000000007 142.08499908447268 0.65500000119209301 4.6499998569488534 25.94999980926514 -1.0000000180025095e-35 507.50000000000006 3.4050000905990605 4.8199999332427987 1018.7500000000001 49.500000000000007 1016.5499877929689 22.650000572204593 70.500000000000014 243.50000000000003 1027.049987792969 3.7500000000000004 223.50000000000003
decision_type=2 2 2 2 2 2 2 2 2 2 2 2 2 2 2 2 2 2 2 2 2 2 2 2 2 2 2 2
left_child=1 8 25 10 5 7 12 9 13 -5 21 -10 -7 23 16 -16 -15 19 -19 20 -6 -2 -8 26 -23 -3 -1 -12
right_child=3 2 -4 4 17 6 22 -9 11 -11 27 -13 -14 14 15 -17 -18 18 -20 -21 -22 24 -24 -25 -26 -27 -28 -29
leaf_value=-0.039131288094954059 -0.026195377986640001 0.012487133530279 -0.08328973591327668 -0.0015527975094336854 0.0012283643938630351 0.0068001081963988165 0.042767441219517165 -0.0059966908231295349 0.060633616646130886 0.0044709716394414302 -0.042958942055702214 0.014089240048000868 0.016798020237696849 -0.00031094187805888397 0.00063652663890518993 0.014089240048000868 -0.0058027977327726188 0.035132753505156593 -0.0028435756452381612 -0.0059966908231295349 0.023175695049576464 -0.0059966908231295349 0.070243091936464663 -0.0071309398257966483 -0.023948683976023288 -0.0093602378820550856 -0.015537372359801922 -0.049483196224485132
leaf_weight=10.999999999999998 24 24 30 687 127 565 28 552 30 4500 26 36 621 6817 2213 77 2649 26 22 427 32 136 27 69 27 29 178 21
leaf_count=11 15 13 12 398 61 225 13 349 12 2147 11 12 253 3455 1003 38 1453 12 11 201 17 104 9 69 11 15 178 9
internal_value=-2.66603e-05 -0.0012866 -0.0297644 0.00192603 0.00242844 0.00334339 0.0121643 0.00143597 -0.00109094 0.0028911 -0.0144218 0.0294371 0.0101195 -0.00125864 -0.000995111 0.0025296 -0.0018478 -0.00599669 0.0177269 -0.00599669 0.00564544 -0.00651672 0.0562555 -0.0132668 -0.00599669 0.000532911 -0.0169106 -0.045874
internal_weight=20011 12163 83 7848 7614 6980 1241 5739 12080 5187 234 66 1186 12014 11756 2290 9466 634 48 586 159 187 55 258 163 53 189 47
internal_count=10117 6271 40 3846 3696 3394 500 2894 6231 2545 150 24 478 6207 5949 1041 4908 302 23 279 78 130 22 258 115 28 189 20
is_linear=0
shrinkage=0.05


Tree=109
num_leaves=31
num_cat=0
split_feature=10 7 5 11 7 14 27 28 9 6 10 10 25 12 26 3 3 7 7 17 1 3 10 5 7 5 3 29 7 26
split_gain=22.2788 22.6971 20.6994 19.7366 19.3135 72.8158 26.4543 26.2441 20.1208 52.9625 50.2466 40.3423 21.7758 18.8631 29.5608 18.5656 15.3855 15.0722 12.042 10.7468 10.2311 13.8553 8.97481 8.8039 7.79992 6.36772 5.70205 5.46383 5.32112 4.14499
threshold=0.98295000195503246 1019.0499877929689 -2.564999938011169 -0.87834998965263356 1011.6499938964845 48.000000000000007 2.5499999523162846 115.00000000000001 0.60354998707771312 537.50000000000011 -0.91595000028610218 -0.37939999997615809 14.449999809265138 0.81174999475479137 19.750000000000004 56.500000000000007 200.50000000000003 1020.1499938964845 1015.0499877929689 0.11250000074505807 79.500000000000014 355.50000000000006 1.0000000180025095e-35 0.2650000005960465 1016.9500122070314 -1.5349999666213987 315.50000000000006 13.750000000000002 1010.5499877929689 16.750000000000004
decision_type=2 2 2 2 2 2 2 2 2 2 2 2 2 2 2 2 2 2 2 2 2 2 2 2 2 2 2 2 2 2
left_child=4 2 20 -3 5 19 25 8 9 11 -11 -6 16 14 17 -8 -10 -5 -4 28 -2 24 -14 26 -22 -7 -20 -9 -1 -15
right_child=1 3 18 13 7 6 15 27 12 10 -12 -13 22 29 -16 -17 -18 -19 23 -21 21 -23 -24 -25 -26 -27 -28 -29 -30 -31
leaf_value=0.011349814374190876 -0.041160430149598554 -0.031013004768353242 -0.00033647163133872183 0.019484682323944881 0.009014461623351731 -0.037688012657066193 -0.031851420777498703 0.011888738438978586 0.0013685254688681856 -0.010135606523030596 0.00052433777127609729 0.0018680180050742257 0.0018025455144688987 -0.035305075106375358 0.038947281293701709 -0.0060032254786050072 -0.0051058791105265061 -0.0045026091745563063 -0.070904033494492369 0.021793746787768145 0.0064240804849526826 -0.040892659354469056 0.009014461623351731 -0.023089007125236094 -0.023852275956708652 -0.070265405972798664 -0.039530750490458955 0.028319827715555829 -0.0060032254786050072 -0.010429515937964123
leaf_weight=34 22 52 19 50 2055 30 122 144 1253 1389 5415 4287 306 34 57 152 3428 288 30 130 117 23 264 32 26 30 28 78 83 33
leaf_count=14 21 26 10 19 962 15 57 48 816 753 2769 1942 106 27 19 68 1942 137 14 48 69 10 90 13 26 10 14 26 33 13
internal_value=-4.97e-05 -0.00816719 -0.0191711 -0.00180888 0.000293179 -0.00868401 -0.0239059 0.00057331 0.000367099 0.00141216 -0.00165183 0.00469937 -0.00224924 0.00147817 0.00563914 -0.0173211 -0.00337282 2.20834e-05 -0.0365066 0.0118995 -0.00912023 -0.00487393 0.00697792 -0.0441426 0.000919288 -0.0539767 -0.0557583 0.0176618 0.000905882 -0.0230529
internal_weight=20011 811 297 514 19200 581 334 18619 18397 13146 6804 6342 5251 462 395 274 4681 338 109 247 188 166 570 90 143 60 58 222 117 67
internal_count=10117 418 177 241 9699 245 150 9454 9380 6426 3522 2904 2954 215 175 125 2758 156 51 95 126 105 196 41 95 25 28 74 47 40
is_linear=0
shrinkage=0.05


Tree=110
num_leaves=31
num_cat=0
split_feature=1 8 2 11 6 12 10 10 12 4 4 29 21 4 8 0 17 11 3 0 1 4 27 27 2 3 26 23 14 18
split_gain=18.3333 79.5356 46.8234 44.2859 31.1875 69.9925 69.7095 60.72 41.2026 39.9924 31.6154 25.6089 22.7848 21.8659 23.4053 18.1243 17.8206 16.3972 28.4756 31.5773 19.668 22.6158 18.4879 13.9602 13.3762 13.3137 13.2554 9.87319 9.04526 4.54959
threshold=80.500000000000014 397.50000000000006 0.37500000000000006 1.0000000180025095e-35 787.50000000000011 -0.56175000965595234 -0.78654998540878285 -0.37939999997615809 0.81174999475479137 0.61500000953674328 2.5649999380111699 6.1499998569488534 7.8500001430511483 2.3349999189376835 43.500000000000007 28.94999980926514 0.10050000250339509 -0.60784998536109913 32.500000000000007 24.650000572204593 82.500000000000014 1.1349999904632571 15.449999809265138 13.650000095367433 5.4049999713897714 214.50000000000003 11.650000095367433 56.500000000000007 48.000000000000007 3.8500000238418584
decision_type=2 2 2 2 2 2 2 2 2 2 2 2 2 2 2 2 2 2 2 2 2 2 2 2 2 2 2 2 2 2
left_child=2 13 -1 29 7 6 9 8 11 -6 15 -4 -7 17 16 -9 28 20 22 -20 26 -22 -19 -12 -8 27 -2 -16 -15 -3
right_child=1 3 4 -5 5 12 24 10 -10 -11 23 -13 -14 14 25 -17 -18 18 19 -21 21 -23 -24 -25 -26 -27 -28 -29 -30 -31
leaf_value=0.064877456221087232 -0.011589483299145574 -0.093967949404664672 0.000470349712624305 -0.0021407520338412255 -0.024358334048940503 -0.018640128873875769 -0.0027081712915594416 0.000470349712624305 0.000470349712624305 -0.07175319940926364 0.000470349712624305 0.015262452512389542 0.000470349712624305 -0.011930418141815568 -0.10025525509069365 0.01837035543368962 0.0041358630088242617 -0.0097408210320400826 0.0013638428475278785 0.028402206687764688 -0.0036254205455576692 -0.016980283192502773 0.0038842393416656227 0.033060843846038558 -0.02946959231235087 -0.00042802393436431886 0.011920441183405864 -0.044308056552772937 -0.043151616340591795 -0.0646179243441551
leaf_weight=29 76 23 161 31 309 184 706 3471 247 52 30 1697 2125 29 11.999999999999998 167 110 978 5888 110 2250 369 334 26 50 10.999999999999998 284 23 42 31
leaf_count=12 43 10 86 16 184 121 356 1573 126 31 15 739 1093 23 12 68 91 646 2896 53 1226 195 177 10 46 11 117 23 22 13
internal_value=-0.00018252 -0.00160206 0.00144364 -0.0497739 0.00124423 -0.0025381 -0.0131095 0.0034788 0.0103216 -0.0311853 0.00047035 0.0133307 0.00047035 -0.00121269 -0.0165625 0.00047035 -0.00846862 -0.000874036 0.000400186 0.00185971 -0.00400078 -0.00550703 -0.00627225 0.0330608 -0.00447811 -0.0484099 0.00695723 -0.06349 -0.0279967 -0.0771189
internal_weight=19855 10601 9254 85 9225 3426 1117 5799 2105 361 3694 1858 2309 10516 227 3638 181 10289 7310 5998 2979 2619 1312 56 756 46 360 35 71 54
internal_count=10034 5574 4460 39 4448 1831 617 2617 951 215 1666 825 1214 5535 182 1641 136 5353 3772 2949 1581 1421 823 25 402 46 160 35 45 23
is_linear=0
shrinkage=0.05


Tree=111
num_leaves=31
num_cat=0
split_feature=5 1 24 7 10 17 5 23 2 8 7 20 3 10 27 9 6 28 5 16 18 7 7 1 5 9 7 5 7 25
split_gain=18.2079 25.4071 40.6271 51.9898 150.406 51.0346 37.0985 27.2719 23.5567 21.4097 34.4244 17.2697 17.8707 14.1926 18.9196 18.0839 21.5448 26.1121 18.9902 16.3975 14.0226 23.7584 13.8089 18.9188 14.4171 12.5835 10.9044 14.9541 11.3308 10.1651
threshold=-0.40500000119209284 93.500000000000014 209.58499908447268 1015.6499938964845 -0.98295000195503224 0.10050000250339509 2.6950000524520878 30.500000000000004 5.4849998950958261 282.50000000000006 1024.4500122070315 9.6500000953674334 205.50000000000003 0.98295000195503246 22.60000038146973 0.91595000028610241 457.50000000000006 59.500000000000007 -0.55500000715255726 0.27699999511241918 9.8499999046325701 1021.8500061035157 1021.8500061035157 86.500000000000014 -2.1249999999999996 0.60354998707771312 1018.7500000000001 -3.6249999999999996 1019.2500000000001 12.750000000000002
decision_type=2 2 2 2 2 2 2 2 2 2 2 2 2 2 2 2 2 2 2 2 2 2 2 2 2 2 2 2 2 2
left_child=13 2 3 4 -2 -4 -6 -7 -9 10 -5 12 -3 14 15 16 19 -18 -17 -1 21 -14 24 -24 26 29 27 -15 -28 -16
right_child=1 11 5 9 6 7 -8 8 -10 -11 -12 -13 20 22 25 18 17 -19 -20 -21 -22 -23 23 -25 -26 -27 28 -29 -30 -31
leaf_value=-0.00088829341409022008 0.13870362500349681 -0.0052306755990292608 -0.012708529381549934 0.020818776631647454 0.0060872682222763491 -0.0049876854094875345 0.05397461110895331 0.0055147657061766749 -0.00053876185598069584 0.0060872682222763491 0.0060872682222763491 0.00085022584683880093 -0.047101687135941844 -0.00054840367218410529 0.003483877383303224 -0.0060476826419134776 -0.0082300967503230269 -0.00088829341409022008 -0.033399891165626132 0.0030088556077176795 -0.0052306755990292608 -0.015548477610698117 -0.010853826126337729 0.035387285818924773 -0.027498929248761763 0.0034150424718717935 0.03945183046162129 -0.027980477752609423 -0.0037419062487933103 0.030299832343414268
leaf_weight=2671 30 226 601 649 82 344 44 4056 478 185 228 595 85 108 57 950 1708 3202 68 2293 110 152 55 37 129 456 22 92 49 93
leaf_count=1355 12 115 372 274 42 201 15 1875 297 77 92 279 47 77 19 652 1026 1571 27 1081 64 83 30 14 54 160 12 52 28 31
internal_value=-0.000180808 0.00168869 0.0028755 0.0111352 0.0380881 0.00103934 0.014132 0.00273316 0.00391016 0.00717602 0.0139908 -0.00511614 -0.0113116 -0.00140713 -0.00105128 -0.00152969 -0.00087552 -0.00322391 -0.00787475 0.00144732 -0.0190079 -0.0258663 -0.00972325 0.00774314 -0.0137405 0.0075474 -0.00719131 -0.0131672 0.00964207 0.0201098
internal_weight=19855 7865 6697 1218 156 5479 126 4878 4534 1062 877 1168 573 11990 11498 10892 9874 4910 1018 4964 347 237 492 92 400 606 271 200 71 150
internal_count=10034 3845 3257 512 69 2745 57 2373 2172 443 366 588 309 6189 5922 5712 5033 2597 679 2436 194 130 267 44 223 210 169 129 40 50
is_linear=0
shrinkage=0.05


Tree=112
num_leaves=29
num_cat=0
split_feature=28 10 6 1 28 8 23 17 12 7 4 9 27 5 14 7 7 27 1 0 4 4 1 7 11 8 1 23
split_gain=17.5544 16.7699 56.623 51.0907 44.6544 64.2247 149.113 31.1461 31.2541 22.8305 35.0366 32.6104 36.3661 34.3796 31.4381 40.6513 32.8701 30.6325 22.9556 22.5461 20.3398 16.8779 22.5989 13.6725 6.3332 1.7886 1.72346 1.71219
threshold=141.00000000000003 -0.37939999997615809 537.50000000000011 79.500000000000014 41.500000000000007 336.50000000000006 63.500000000000007 0.10050000250339509 -0.56175000965595234 1017.3500061035157 2.7150000333786015 -1.0000000180025095e-35 12.250000000000002 -0.84499999880790699 48.000000000000007 1010.3500061035157 1014.9500122070314 11.250000000000002 97.500000000000014 18.050000190734867 0.56499999761581432 0.80500000715255748 87.500000000000014 1016.3500061035157 0.87834998965263378 486.50000000000006 81.500000000000014 71.500000000000014
decision_type=2 2 2 2 2 2 2 2 2 2 2 2 2 2 2 2 2 2 2 2 2 2 2 2 2 2 2 2
left_child=1 2 3 24 5 -4 -7 23 -9 10 14 12 13 -11 16 -16 -3 26 19 -13 -20 -5 -23 -6 -1 -2 -12 -26
right_child=25 9 4 21 7 6 -8 8 -10 11 17 18 -14 -15 15 -17 -18 -19 20 -21 -22 22 -24 -25 27 -27 -28 -29
leaf_value=0.013261199592808668 0.018171403904755908 0.0055216249594398081 -0.013367154669782092 0.0019837215039441446 -0.005563790149435829 -0.11272881020579423 -0.013367154669782092 -0.005563790149435829 0.0019837215039441446 -0.0039399363564029634 -0.060262173414230326 -0.013075648749863189 0.013261199592808668 0.0063253966078346303 -0.036687134109496138 -0.0075452969329061663 -0.0049229173698778477 0.013261199592808668 -0.0016736085121245945 -0.00076879187522283128 -0.034717699878134771 0.013261199592808668 0.0019837215039441446 -0.013367154669782092 0.0019837215039441446 0.03543697794278463 -0.036058379788147778 0.013261199592808668
leaf_weight=795 30 1101 105 1392 135 57 37 836 2305 1428 12.000000000000002 411 335 1902 127 2073 946 58 85 3937 103 468 597 443 69 30 19 19
leaf_count=341 10 514 76 749 101 31 16 413 1168 686 7 192 142 864 60 1135 562 21 37 1971 47 206 326 283 40 10 17 9
internal_value=-0.00019994 -0.000281792 0.0016309 0.00641409 -0.00244664 -0.0255224 -0.0583215 -0.00121188 0.000750976 -0.0013891 -0.0043235 0.000162362 0.00367 0.00192333 -0.00507799 -0.00922758 -0.000618259 0.0132612 -0.00267174 -0.00193211 -0.0197776 0.00250403 0.00832754 -0.0118786 0.0132612 0.0268042 -0.0454276 0.00198372
internal_weight=19855 19795 7258 3340 3918 199 94 3719 3141 12537 4336 8201 3665 3330 4247 2200 2047 89 4536 4348 188 2457 1065 578 883 60 31 88
internal_count=10034 10014 3759 1671 2088 123 47 1965 1581 6255 2316 3939 1692 1550 2271 1195 1076 45 2247 2163 84 1281 532 384 390 20 24 49
is_linear=0
shrinkage=0.05


Tree=113
num_leaves=31
num_cat=0
split_feature=28 10 6 1 7 1 8 28 7 10 5 27 7 1 11 7 23 7 21 0 7 1 5 8 6 1 20 27 24 8
split_gain=15.8142 15.4178 51.2231 37.8627 34.364 52.6306 49.7103 49.266 82.5664 27.0018 20.8861 34.5546 56.8612 48.2113 29.4944 43.7895 26.3722 32.2356 24.696 16.7447 15.3798 15.3213 11.18 8.14607 6.02687 5.65307 4.24011 3.21919 3.04405 1.61421
threshold=141.00000000000003 -0.37939999997615809 452.50000000000006 84.500000000000014 1020.7500000000001 75.500000000000014 469.50000000000006 41.500000000000007 1022.1499938964845 -0.78654998540878285 2.3950001001358037 11.050000190734865 1017.3500061035157 79.500000000000014 -0.87834998965263356 1010.3500061035157 59.500000000000007 1015.0499877929689 19.44999980926514 19.849999427795414 1020.4500122070314 83.500000000000014 1.4149999618530276 587.50000000000011 37.500000000000007 90.500000000000014 5.2500000000000009 18.750000000000004 431.25000000000006 486.50000000000006
decision_type=2 2 2 2 2 2 2 2 2 2 2 2 2 2 2 2 2 2 2 2 2 2 2 2 2 2 2 2 2 2
left_child=1 2 3 19 5 26 -7 8 -6 -9 14 12 13 -12 15 23 20 -18 -17 27 -16 -14 24 -3 -5 -24 -4 -1 -13 -2
right_child=29 10 4 22 7 6 -8 9 -10 -11 11 28 21 -15 16 18 17 -19 -20 -21 -22 -23 25 -25 -26 -27 -28 -29 -30 -31
leaf_value=0.0024213747260250482 0.017262832919756572 -0.031325344528470724 -0.01314247757074063 0.011887472626362527 -0.10783020231653662 -0.0076907711298891193 -0.054631585674360397 -0.0095237302634196049 -0.023998292267385417 0.0024213747260250482 0.005892035382635454 0.012609762053320057 -0.00049629967759435255 -0.042247804095829601 -0.0053141174674293757 -0.0090667715687702717 0.010539310092540766 -0.00040349168121195275 0.011567586793836843 0.012609762053320057 -0.00040349168121195275 0.0065073331838832104 0.012609762053320057 -0.063461658810124263 0.0024213747260250482 0.0024213747260250482 0.0024213747260250482 0.0075155683896725532 0.0065073331838832104 0.03366512695948283
leaf_weight=237 30 49 137 211 34 475 64 1161 59 487 85 168 1088 134 3449 1252 891 2369 164 780 2136 598 76 33 1457 66 1917 97 121 30
leaf_count=134 10 21 104 94 22 333 28 588 24 263 40 67 544 90 1990 642 403 1058 72 338 957 309 31 11 789 44 930 37 51 10
internal_value=-0.000166767 -0.000244456 0.00158951 0.00670339 -0.00186064 0.00178753 -0.0132644 -0.00729413 -0.0427005 -0.00529608 -0.00130619 0.00312486 0.000404904 -0.0235634 -0.00224612 -0.00873411 -0.00114731 0.00242622 -0.00667692 0.0126098 -0.0032332 0.00351822 0.00242137 -0.0442583 0.00242137 0.0126098 0.00242137 0.00242137 0.0126098 0.025464
internal_weight=19855 19795 7258 2924 4334 2593 539 1741 93 1648 12537 2194 1905 219 10343 1498 8845 3260 1416 1114 5585 1686 1810 82 1668 142 2054 334 289 60
internal_count=10034 10014 3759 1467 2292 1395 361 897 46 851 6255 1101 983 130 5154 746 4408 1461 714 509 2947 853 958 32 883 75 1034 171 118 20
is_linear=0
shrinkage=0.05


Tree=114
num_leaves=27
num_cat=0
split_feature=7 14 0 28 27 6 28 8 26 8 3 8 17 0 28 0 5 8 6 28 28 17 21 7 6 7
split_gain=14.4433 55.2678 35.7885 26.0143 20.7724 16.1701 31.0829 17.5195 21.9742 14.8328 11.137 10.3094 10.261 5.51264 4.89473 4.85029 4.59752 3.76218 2.93953 3.14802 1.86588 1.45102 1.2329 0.928981 0.752613 0.588897
threshold=1011.8500061035157 48.000000000000007 31.250000000000004 115.00000000000001 2.5499999523162846 1342.5000000000002 55.500000000000007 710.50000000000011 11.84999990463257 618.50000000000011 56.500000000000007 810.50000000000011 0.11749999970197679 25.44999980926514 108.50000000000001 29.849999427795414 -1.5349999666213987 13.500000000000002 397.50000000000006 118.50000000000001 102.50000000000001 0.10150000080466272 16.44999980926514 1010.4500122070314 397.50000000000006 1009.8500061035157
decision_type=2 2 2 2 2 2 2 2 2 2 2 2 2 2 2 2 2 2 2 2 2 2 2 2 2 2
left_child=1 12 3 5 16 7 -7 9 -9 -2 17 -8 15 -5 20 -1 -3 24 -12 -20 -4 -17 -14 -23 -6 -19
right_child=2 4 14 13 10 6 11 8 -10 -11 18 -13 22 -15 -16 21 -18 25 19 -21 -22 23 -24 -25 -26 -27
leaf_value=-0.004918945625357018 2.9568190364648834e-05 -0.032787472635507589 0.01830276675106484 0.0082927297691181984 -0.0055265196412801745 -0.050459708486284532 -0.0047121249550394883 -0.0047013033278794454 0.0082927297691181984 -0.0047121249550394883 -0.004918945625357018 -0.026835097319815523 0.019666339732982496 0.01830276675106484 0.054695609211921695 0.0027283684182447814 -0.061819843053817748 -0.024875130057334899 -0.0319059458198864 -0.010557416146495821 0.036433833869902982 0.0081721784916086743 0.031933378134713031 0.013615988564972568 -0.018971770125276902 -0.0319059458198864
leaf_weight=64 16998 25 20 66 14.999999999999998 42 366 330 463 710 104 53 54 162 24 22 30 30 19 42 23 38 33 33 34 55
leaf_count=24 8697 14 13 22 11 15 194 203 171 361 44 31 18 54 8 11 10 12 13 16 8 15 12 15 17 25
internal_value=-0.000110887 -0.00776355 0.000126756 -6.08286e-07 -0.0203832 -0.000202475 -0.00945226 2.80076e-05 0.0072988 -0.000297593 -0.0151886 -0.00534173 0.0105454 0.0167879 0.0366061 0.00291262 -0.0486233 -0.0258966 -0.0064924 -0.0161959 0.0265097 0.0103757 0.0243194 0.013616 -0.0148559 -0.0319059
internal_weight=19855 598 19257 19190 354 18962 461 18501 793 17708 299 419 244 228 67 157 55 134 165 61 43 93 87 71 49 85
internal_count=10034 257 9777 9748 162 9672 240 9432 374 9058 138 225 95 76 29 65 24 65 73 29 21 41 30 30 28 37
is_linear=0
shrinkage=0.05


Tree=115
num_leaves=22
num_cat=0
split_feature=0 9 28 2 24 17 29 28 29 3 22 12 4 6 29 8 12 28 28 0 1
split_gain=14.774 16.2359 12.7687 12.7636 10.7032 11.8215 10.3123 10.166 10.0532 9.79514 7.809 5.4997 3.62962 2.12519 1.58304 1.41963 0.829438 0.776743 0.249814 0.206447 0.0107265
threshold=18.050000190734867 0.91595000028610241 141.00000000000003 0.56999999284744274 80.415000915527358 0.10050000250339509 1.7500000000000002 45.500000000000007 11.150000095367433 40.500000000000007 6.5499999523162851 -0.56175000965595234 0.99500000476837169 522.50000000000011 5.4500000476837167 486.50000000000006 1.0000000180025095e-35 10.500000000000002 6.5000000000000009 23.250000000000004 91.500000000000014
decision_type=2 2 2 2 2 2 2 2 2 2 2 2 2 2 2 2 2 2 2 2 2
left_child=1 6 3 8 11 13 -1 10 19 -7 14 -5 20 -6 -3 -4 -16 18 -8 -2 -12
right_child=2 7 15 4 5 9 17 -9 -10 -11 12 -13 -14 -15 16 -17 -18 -19 -20 -21 -22
leaf_value=-0.036985059517125295 0.0040654007936102516 -0.041559077444530669 0.015684753159681954 0.0040654007936102516 -0.0012734876795232224 -0.0012734876795232224 -0.019317276562963212 -0.0027671129160451633 0.011824464043457744 0.0010210503667778001 -0.016858049869537355 0.0018975692211002572 -0.010724430203488887 -0.0027671129160451633 -0.029472484812140466 0.031066733400026959 -0.020835284752877388 -0.0027671129160451633 -0.012522065229591376 0.0079449324185339992 -0.020835284752877388
leaf_weight=24 265 21 30 438 882 4130 21 74 217 11108 25 786 124 951 64 30 26 547 38 28 39
leaf_count=12 121 7 10 158 645 2138 7 39 82 5388 14 331 57 667 25 10 20 265 18 14 18
internal_value=3.22757e-05 -0.00588089 0.000346662 0.000273185 5.56948e-05 -0.000270262 -0.00276711 -0.0143814 0.00807511 0.000220138 -0.0186817 0.0040654 -0.0124728 -0.00276711 -0.0291977 0.0233757 -0.0263134 -0.00276711 -0.0149407 0.0040654 -0.0208353
internal_weight=19868 1003 18865 18805 18295 17071 630 373 510 15238 299 1224 188 1833 111 60 90 606 59 293 64
internal_count=10046 482 9564 9544 9327 8838 302 180 217 7526 141 489 89 1312 52 20 45 290 25 135 32
is_linear=0
shrinkage=0.05


Tree=116
num_leaves=25
num_cat=0
split_feature=7 10 7 18 26 23 8 10 7 21 10 27 1 0 7 13 0 28 5 3 18 2 29 3
split_gain=14.1959 46.6291 92.3997 17.9583 17.4017 15.943 17.3888 13.2055 40.9768 34.4269 26.7073 25.5849 19.1055 18.9814 23.7121 23.4477 9.90516 9.81036 9.47108 8.35191 6.95981 6.89907 5.98797 1.6013
threshold=1026.7500000000002 -0.98295000195503224 1027.850036621094 2.9500000476837163 28.050000190734867 76.500000000000014 180.50000000000003 -0.37939999997615809 1019.9500122070314 5.1499998569488534 -0.98295000195503224 5.0499999523162851 78.500000000000014 18.050000190734867 1020.5499877929689 1.0000000180025095e-35 23.44999980926514 34.500000000000007 3.554999947547913 209.50000000000003 4.0499999523162851 1.3199999928474428 7.8500001430511483 90.500000000000014
decision_type=2 2 2 2 2 2 2 2 2 2 2 2 2 2 2 2 2 2 2 2 2 2 2 2
left_child=4 2 -2 16 7 -6 -7 8 11 -10 -11 12 -1 17 15 -15 -3 22 -16 -5 -13 -8 -9 -23
right_child=1 3 -4 19 5 6 21 13 9 10 -12 20 -14 14 18 -17 -18 -19 -20 -21 -22 23 -24 -25
leaf_value=0.00051882247550991557 -0.14130535878633196 -0.040946737428506214 0.012668069750070572 0.0024583569334612953 0.0061863498435451225 0.062712522347768154 0.042079151545961702 -0.031444595280018722 -0.11317756090845382 -0.014227548570358265 -0.00044983198248249557 0.0023199931024624194 -0.022177977857234726 -0.00041673701285318627 0.0015016053997576478 -0.0056366775663883577 -0.0021029117328505362 -0.0056366775663883577 0.0061863498435451225 0.036516944368680325 0.0061863498435451225 0.023148440501906658 -0.013285377365492214 0.014664801685794921
leaf_weight=1019 19 30 20 45 109 24 24 55 6.9999999999999991 402 2813 370 102 5771 3326 2321 32 173 540 30 2247 66 260 63
leaf_count=562 14 17 7 17 43 12 10 22 7 196 1389 177 68 3004 1513 1170 18 96 295 12 1239 22 115 21
internal_value=2.84609e-05 -0.0141087 -0.0623446 -0.000377356 0.000154814 0.0123983 0.0231433 -2.56273e-05 0.00171855 -0.00241375 -0.00217258 0.00528041 -0.00154636 -0.001001 -0.000606539 -0.0021455 -0.0202876 -0.0106668 0.0026147 0.0160818 0.00618635 0.0169363 -0.016456 0.0146648
internal_weight=19868 176 39 137 19692 286 177 19406 6960 3222 3215 3738 1121 12446 11958 8092 62 488 3866 75 2617 153 315 129
internal_count=10046 85 21 64 9961 108 65 9853 3638 1592 1585 2046 630 6215 5982 4174 35 233 1808 29 1416 53 137 43
is_linear=0
shrinkage=0.05


Tree=117
num_leaves=31
num_cat=0
split_feature=5 27 4 14 2 11 12 18 17 10 10 4 10 7 10 7 28 7 7 7 12 11 7 23 29 10 6 28 1 24
split_gain=13.2164 34.3349 46.562 31.5678 25.5418 25.4204 23.2582 22.8863 22.4679 18.7559 17.845 15.9147 21.4019 14.7152 14.5267 174.746 111.305 80.9962 120.497 59.7854 31.9971 22.8668 18.7627 25.0467 18.3902 16.9348 28.974 63.0339 37.7344 40.6448
threshold=-0.13499999791383741 13.650000095367433 2.5649999380111699 48.000000000000007 5.9849998950958261 -1.0000000180025095e-35 -0.56175000965595234 6.3500001430511483 0.10050000250339509 -0.6035499870777129 0.3793999999761582 -0.85500001907348622 0.78654998540878307 1021.8500061035157 -0.98295000195503224 1020.7500000000001 37.500000000000007 1021.8500061035157 1021.0499877929689 1024.549987792969 1.0000000180025095e-35 1.0000000180025095e-35 1015.5499877929689 53.500000000000007 11.050000190734865 -0.6035499870777129 792.50000000000011 59.500000000000007 78.500000000000014 137.91500091552737
decision_type=2 2 2 2 2 2 2 2 2 2 2 2 2 2 2 2 2 2 2 2 2 2 2 2 2 2 2 2 2 2
left_child=14 4 3 9 6 7 11 -6 -8 13 -10 -2 -13 -3 15 16 -1 18 -17 20 -19 -21 24 -24 -18 26 28 -28 29 -16
right_child=1 2 -4 -5 5 -7 8 -9 10 -11 -12 12 -14 -15 25 17 22 19 -20 21 -22 -23 23 -25 -26 -27 27 -29 -30 -31
leaf_value=-0.061990041340269697 0.0053201973159427811 0.034999594603901479 0.067812592317076301 0.0053201973159427811 -0.062382134930654011 -0.0064718189189504789 -0.0059873096405920626 -0.0064718189189504789 0.0053201973159427811 0.012081351322577748 -0.00075386281699969663 -0.0064718189189504789 0.0053201973159427811 0.012081351322577748 0.039718465517450882 -0.018812394355024614 0.024811629123157927 -0.042343814952953446 -0.16190732371422553 -0.10539597940444947 0.015142893791198731 -0.032626045769766764 -0.01322630277938313 0.028672761688290468 0.084324733376502994 -0.0016377864129720346 -0.026417463658561492 0.001238676698736252 0.0014064235054567331 0.0095160616032357905
leaf_weight=41 233 201 34 501 44 228 608 22 2417 225 1298 1001 222 53 143 28 27 37 31 25 70 19 45 172 25 9227 243 848 1296 504
leaf_count=21 114 79 14 203 27 153 345 22 1179 97 636 536 98 18 53 17 14 19 19 13 25 9 29 88 12 4693 155 425 690 243
internal_value=4.09005e-05 0.00177271 0.0102898 0.00829407 0.000350631 -0.0140256 0.00108201 -0.0413584 0.00292286 0.0188425 0.00438111 -0.00438367 -0.00647182 0.0285377 -0.00091938 -0.00910464 0.0147515 -0.0443209 -0.0939979 -0.0249107 -0.00473569 -0.0739726 0.0264482 0.019984 0.0534237 -0.000572235 0.00266832 -0.00385232 0.00632968 0.0161914
internal_weight=19868 7087 1014 980 6073 294 5779 66 4323 479 3715 1456 1223 254 12781 520 310 210 59 151 107 44 269 217 52 12261 3034 1091 1943 647
internal_count=10046 3521 411 397 3110 202 2908 49 2160 194 1815 748 634 97 6525 266 164 102 36 66 44 22 143 117 26 6259 1566 580 986 296
is_linear=0
shrinkage=0.05


Tree=118
num_leaves=28
num_cat=0
split_feature=1 8 2 11 6 12 12 4 10 23 7 28 4 9 7 1 7 18 21 7 10 26 8 28 4 20 14
split_gain=12.4608 46.3181 33.2372 32.2367 25.2007 57.3602 56.3995 57.6079 31.2938 29.9646 27.2075 50.7603 24.8292 23.4486 18.0395 16.0355 15.7787 14.6663 15.4801 14.8757 14.1554 11.2416 6.65909 5.29815 3.96506 1.75568 1.38624
threshold=80.500000000000014 406.50000000000006 0.48499999940395361 1.0000000180025095e-35 787.50000000000011 -0.56175000965595234 -0.56175000965595234 0.27500000596046453 -1.0000000180025095e-35 109.50000000000001 1021.1499938964845 56.500000000000007 0.10500000044703485 -0.6035499870777129 1019.6499938964845 75.500000000000014 1026.4500122070315 24.550000190734867 4.8500001430511483 1017.3500061035157 0.60354998707771312 25.349999427795414 15.500000000000002 34.500000000000007 -1.2150000333786009 14.150000095367433 48.000000000000007
decision_type=2 2 2 2 2 2 2 2 2 2 2 2 2 2 2 2 2 2 2 2 2 2 2 2 2 2 2
left_child=2 16 12 26 5 8 7 13 15 21 -8 -12 -1 -6 -9 -4 17 18 -2 -20 -10 -7 -18 -19 -11 -25 -3
right_child=1 3 4 -5 6 9 10 14 20 24 11 -13 -14 -15 -16 -17 22 23 19 -21 -22 -23 -24 25 -26 -27 -28
leaf_value=0.01829210541388988 -0.099561469256877907 -0.057249544967304583 0.01829210541388988 -0.002109877348822706 -0.0025333687368202956 0.00044587482561658667 0.00044587482561658667 -0.014761027719359845 0.00044587482561658667 0.01829210541388988 -0.04580606305971742 -0.0050291206746583307 0.077102618912855789 -0.018888769596461446 -0.055048254922871569 0.0051504483995364709 0.0086095844254349217 0.0064558931574052779 -0.0041586778717376104 2.2145622325500701e-05 0.0097330350700129322 0.009368990119753234 0.041158016820748655 0.013964429135611961 0.009368990119753234 0.026384646250651435 -0.074625569349154833
leaf_weight=47 3.9999999999999991 22 580 34 715 3225 1497 40 564 135 86 678 24 316 91 235 33 58 2987 7395 714 197 30 35 37 65 24
leaf_count=19 4 8 237 18 374 1526 756 23 239 51 50 396 10 191 54 109 11 52 1826 3617 318 71 10 15 20 29 12
internal_value=3.51939e-05 -0.00112541 0.00138617 -0.039028 0.00112059 0.00316082 -0.00226907 -0.0115147 0.00985556 0.000445875 0.000445875 -0.0096192 0.0354636 -0.00754628 -0.0427468 0.0175116 -0.000839539 -0.000988605 -0.00121861 -0.00118072 0.00497322 0.000445875 0.0241088 0.0141304 0.0182921 0.021473 -0.0663153
internal_weight=19868 10687 9181 80 9110 5687 3423 1162 2093 3594 2261 764 71 1031 131 815 10607 10544 10386 10382 1278 3422 63 158 172 100 46
internal_count=10046 5602 4444 38 4415 2571 1844 642 903 1668 1202 446 29 565 77 346 5564 5543 5447 5443 557 1597 21 96 71 44 20
is_linear=0
shrinkage=0.05


Tree=119
num_leaves=31
num_cat=0
split_feature=0 9 5 27 4 14 5 1 7 21 18 0 1 23 6 23 28 27 7 1 4 18 18 7 4 3 12 28 27 4
split_gain=12.1012 12.2653 11.3546 27.8535 48.4211 26.544 28.9316 23.8842 19.1295 18.9274 12.7135 12.5256 23.9026 15.5455 14.4456 17.9772 9.32901 7.6633 7.23563 5.98348 5.96779 4.37701 4.24589 3.83402 2.915 2.87289 2.5709 0.90653 0.862634 0.329976
threshold=17.750000000000004 0.91595000028610241 -0.90500000119209278 12.150000095367433 2.5649999380111699 48.000000000000007 0.15500000119209292 80.500000000000014 1023.3500061035157 8.2500000000000018 3.1499999761581425 29.849999427795414 46.500000000000007 110.50000000000001 457.50000000000006 50.500000000000007 34.500000000000007 3.7500000000000004 1020.8500061035157 54.500000000000007 -0.55500000715255726 4.2500000000000009 6.5499999523162851 1021.1499938964845 1.0049999952316286 37.500000000000007 0.81174999475479137 10.500000000000002 20.349999427795414 -3.0949999094009395
decision_type=2 2 2 2 2 2 2 2 2 2 2 2 2 2 2 2 2 2 2 2 2 2 2 2 2 2 2 2 2 2
left_child=1 17 11 7 5 6 -5 9 -9 -4 -10 14 -13 25 15 18 22 -1 -2 -11 -16 -17 28 -22 -24 -14 -7 -19 -3 -15
right_child=2 16 3 4 -6 26 -8 8 10 19 -12 12 13 29 20 21 -18 27 -20 -21 23 -23 24 -25 -26 -27 -28 -29 -30 -31
leaf_value=-0.034742215648293495 -0.0011710993213605932 -0.036567375544578805 -0.0029190298247345117 0.0079474249507165712 0.055783661835047661 0.0033559521809833092 0.023502424911846623 -0.0029190298247345117 -0.0029190298247345117 0.00021846117812439892 0.0033559521809833092 0.0031189762131478729 0.016317828746374559 0.043867740486607409 -0.0029190298247345117 0.00097393844589363987 -0.0029190298247345117 -0.01442217746987305 0.00097393844589363987 0.0033559521809833092 -0.0011710993213605932 0.0031189762131478729 -0.022734986355990396 -0.0029190298247345117 -0.011646654371725317 0.0031189762131478729 0.0079474249507165712 -0.0029190298247345117 -0.025393104629638868 0.036945800483226779
leaf_weight=20 2503 31 353 519 49 1005 377 2412 192 210 724 214 108 33 3369 271 61 47 844 2790 1009 1742 51 167 82 48 130 432 39 36
leaf_count=10 1541 11 213 207 19 415 149 1337 80 119 312 113 52 11 1807 127 33 21 393 1277 630 720 26 79 38 23 55 199 15 14
internal_value=4.50406e-05 -0.0061297 0.000291642 0.00161614 0.00666882 0.00548388 0.0125389 4.30813e-05 -0.00291903 0.00302158 0.00335595 -0.000830157 0.0074344 0.0204948 -0.00119645 0.000576831 -0.0149997 -0.00291903 -0.0011711 0.00335595 -0.00291903 0.00311898 -0.0203743 -0.0011711 -0.0151283 0.0117542 0.00335595 -0.00291903 -0.0303417 0.0402563
internal_weight=19868 763 19105 8761 2080 2031 896 6681 3328 3353 916 10344 439 225 9905 5360 264 499 3347 3000 4545 2013 203 1176 133 156 1135 479 70 69
internal_count=10046 353 9693 4183 845 826 356 3338 1729 1609 392 5510 213 100 5297 2781 123 230 1934 1396 2516 847 90 709 64 75 470 220 26 25
is_linear=0
shrinkage=0.05


Tree=120
num_leaves=31
num_cat=0
split_feature=10 26 23 1 0 7 11 6 9 23 9 29 11 7 23 28 8 8 8 0 8 0 1 26 2 7 6 7 23 29
split_gain=17.3255 20.932 13.2367 13.0984 16.9424 19.4876 32.4016 19.434 17.7107 15.8703 14.6437 13.7638 11.7939 17.7566 14.5542 9.07231 9.03952 12.1609 18.3311 8.83733 12.4634 8.54759 7.20707 6.65603 5.67247 5.30811 5.27977 4.51421 3.7879 2.06181
threshold=0.98295000195503246 21.399999618530277 64.500000000000014 51.500000000000007 28.94999980926514 1011.2500000000001 -0.60784998536109913 1357.5000000000002 0.60354998707771312 110.50000000000001 -0.37939999997615809 9.7500000000000018 1.0000000180025095e-35 1016.0499877929689 36.500000000000007 55.500000000000007 708.50000000000011 653.50000000000011 667.50000000000011 30.250000000000004 810.50000000000011 21.849999427795414 94.500000000000014 14.34999990463257 2.7949999570846562 1009.6499938964845 472.50000000000006 1018.2500000000001 93.500000000000014 9.9499998092651385
decision_type=2 2 2 2 2 2 2 2 2 2 2 2 2 2 2 2 2 2 2 2 2 2 2 2 2 2 2 2 2 2
left_child=3 2 12 10 5 6 11 8 -7 23 16 -5 13 21 -15 -9 17 25 -19 20 -18 -2 27 -6 -4 -1 -8 -14 -21 -25
right_child=1 -3 24 4 9 7 26 15 -10 -11 -12 -13 22 14 -16 -17 19 18 -20 28 -22 -23 -24 29 -26 -27 -28 -29 -30 -31
leaf_value=-0.026598289112250012 -0.03231339500500606 0.022747290686324792 0.0066295540425718672 -0.035734892209045223 0.0056322347699092898 0.0016424299538896606 0.0056322347699092898 -0.038986708819866184 -0.0018395200723166109 0.037848965451121333 -0.036041576415300369 0.0020676235357920329 -0.020631655864417554 -0.042254414470091969 -0.016731980313857399 -0.0098829489316285407 0.0038320319127228305 -0.063551424904948181 -0.013093684412657271 0.0068148108870516744 -0.027611124030379366 -0.0035134855806920138 -0.033058779722168329 0.012557605773578458 -0.0035134855806920138 -0.0024260004885477099 -0.014608434655449608 -0.0035134855806920138 0.025481728996549338 0.022454897542654992
leaf_weight=24 26 54 93 122 207 12240 78 40 5205 48 38 30 40 89 150 81 118 21 126 77 43 88 21 81 31 423 33 209 42 39
leaf_count=15 9 18 35 49 102 5930 26 14 2934 17 15 10 22 58 80 47 58 11 64 44 27 50 11 27 19 227 13 113 18 13
internal_value=-0.00011084 -0.007315 -0.00948818 0.000191029 0.00048398 0.000262759 -0.0132469 0.000465026 0.000603533 0.0110017 -0.00565641 -0.0282739 -0.0124576 -0.0184741 -0.0262362 -0.019504 -0.00433532 -0.0078265 -0.0203019 0.00307098 -0.00456583 -0.00351349 -0.00459146 0.00706083 0.0054306 -0.00372384 0.00563223 -0.00351349 0.0134031 0.0176418
internal_weight=19917 801 747 19116 18204 17829 263 17566 17445 375 912 152 623 353 239 121 874 594 147 280 161 114 270 327 124 447 111 249 119 120
internal_count=10076 415 397 9661 9182 9023 98 8925 8864 159 479 59 343 197 138 61 464 317 75 147 85 59 146 142 54 242 39 135 62 40
is_linear=0
shrinkage=0.05


Tree=121
num_leaves=31
num_cat=0
split_feature=10 26 29 23 7 8 10 10 7 7 7 25 18 26 27 28 1 23 7 27 4 23 18 28 3 10 11 17 23 11
split_gain=15.0737 18.7199 12.6018 18.6937 12.1697 37.8002 56.9101 55.3633 35.9338 39.6073 32.5495 38.184 23.6089 20.4737 18.4759 17.4579 16.6108 15.1336 21.8983 14.7189 14.6915 13.7296 18.214 13.1587 11.5116 10.7047 9.99829 9.75787 8.91497 7.9177
threshold=0.98295000195503246 21.399999618530277 2.2500000000000004 64.500000000000014 1024.549987792969 169.50000000000003 -0.98295000195503224 -0.91595000028610218 1027.850036621094 1026.6499633789065 1023.4500122070314 10.949999809265138 9.3499999046325701 28.050000190734867 22.60000038146973 63.500000000000007 73.500000000000014 71.500000000000014 1023.7500000000001 9.5500001907348651 0.32500000298023229 76.500000000000014 3.4500000476837163 51.500000000000007 207.50000000000003 -0.37939999997615809 -0.60784998536109913 0.11749999970197679 32.500000000000007 -0.60784998536109913
decision_type=2 2 2 2 2 2 2 2 2 2 2 2 2 2 2 2 2 2 2 2 2 2 2 2 2 2 2 2 2 2
left_child=4 2 -2 24 10 7 8 -6 9 -7 13 19 20 14 16 -8 -1 18 -13 25 -9 -15 -23 -14 28 -12 -26 -19 -4 -21
right_child=1 -3 3 -5 5 6 15 12 -10 -11 11 17 23 21 -16 -17 -18 27 -20 29 -22 22 -24 -25 26 -27 -28 -29 -30 -31
leaf_value=0.0017322769140909759 -0.052770571410655977 0.021609925395912596 -0.02043954891393359 0.0063676304790132761 0.038365655849056858 -0.043721873114506406 -0.021151177553193911 -0.00078868014451094828 0.010897157639265062 -0.12496974825859071 -0.011734917144771786 0.028515291495529928 0.0015846463867550732 0.0064216628459543724 0.0064216628459543724 0.00071962809115506086 -0.0017505666005060462 0.028515291495529928 0.011205492567172537 0.0047751957826706335 -0.018068089490931968 0.015802556651253855 0.059620688642774311 0.023732996268316788 -0.030342224961504717 0.0025391849099963273 -0.012659634972437168 0.060082778003480698 -0.0025401010234536686 0.011205492567172537
leaf_weight=5068 15.999999999999998 54 89 114 93 60 140 231 20 20 186 141 234 107 598 262 10550 39 210 56 244 155 28 94 72 447 142 36 314 97
leaf_count=2454 9 18 49 48 34 31 59 104 7 14 112 50 86 42 207 167 5679 13 70 28 105 54 14 44 29 236 78 12 184 39
internal_value=-9.98132e-05 -0.00681952 -0.00887466 -0.00791388 0.000181757 -0.00430947 -0.0152936 0.00184459 -0.0490476 -0.0640338 0.000536127 0.00844481 -0.00238513 -4.4591e-05 -0.000280082 -0.00689707 -0.000620393 0.0204998 0.0161435 0.00191121 -0.0095094 0.0131234 0.022507 0.00793204 -0.0114478 -0.0016551 -0.02082 0.0408871 -0.00647105 0.0112055
internal_weight=19917 801 747 731 19116 1398 502 896 100 80 17718 1212 803 16506 16216 402 15618 426 351 786 475 290 183 328 617 633 214 75 403 153
internal_count=10076 415 397 388 9661 651 278 373 52 45 9010 560 339 8450 8340 226 8133 145 120 415 209 110 68 130 340 348 107 25 233 67
is_linear=0
shrinkage=0.05


Tree=122
num_leaves=29
num_cat=0
split_feature=10 26 1 5 0 7 11 6 1 23 29 29 23 11 4 3 4 0 6 3 6 26 6 8 5 7 3 0
split_gain=13.5886 16.8878 12.004 53.8396 14.7396 17.0156 29.8514 16.7071 15.4998 14.4354 12.3723 11.3763 17.2348 10.6903 17.1739 8.12541 7.8861 13.9116 8.72925 7.75669 6.26365 6.15439 4.58413 4.23611 3.97239 3.84471 2.32491 1.26107
threshold=0.98295000195503246 21.399999618530277 51.500000000000007 2.6049998998641972 28.94999980926514 1011.2500000000001 -0.60784998536109913 1357.5000000000002 80.500000000000014 110.50000000000001 9.7500000000000018 2.2500000000000004 64.500000000000014 1.0000000180025095e-35 -0.79500001668930043 25.500000000000004 -0.14500000327825543 30.250000000000004 902.50000000000011 284.50000000000006 767.50000000000011 14.34999990463257 472.50000000000006 645.50000000000011 -3.0949999094009395 1015.0499877929689 42.500000000000007 19.849999427795414
decision_type=2 2 2 2 2 2 2 2 2 2 2 2 2 2 2 2 2 2 2 2 2 2 2 2 2 2 2 2
left_child=2 11 3 16 5 6 10 8 -7 21 -4 -2 13 14 -13 -9 17 24 -19 -15 -18 -6 -8 -5 -1 -22 -23 -14
right_child=1 -3 4 23 9 7 22 15 -10 -11 -12 12 27 19 -16 -17 20 18 -20 -21 25 26 -24 -25 -26 -27 -28 -29
leaf_value=-0.010496308647894435 -0.050132042169570928 0.020529429007459573 -0.033893448676242208 -0.04734698423685936 0.0052567648590584048 0.0022741318845034514 0.0052567648590584048 -0.038387890053646907 -0.00073440767338185382 0.03586990435918172 0.0019472849369049075 -0.002430434892643133 -0.002430434892643133 -0.002430434892643133 -0.023192768156789528 -0.0098118510941953164 0.0064781004241828257 0.028909583506630917 0.0044474123023974244 -0.017123262092962371 -0.015362464955874853 0.011152154622587986 -0.01379048445008018 -0.079444897393969927 -0.0015864630927948432 -0.040826427144929768 0.021188208397046382 0.0060521961844766034
leaf_weight=189 15.999999999999998 54 122 26 207 7540 78 35 9905 48 30 85 27 177 264 86 29 51 128 91 84 81 33 17 370 18 39 87
leaf_count=110 9 18 49 12 102 3641 26 14 5223 17 10 49 16 95 146 47 17 20 68 50 44 27 13 11 188 9 13 32
internal_value=-9.2943e-05 -0.00647305 0.000174397 -0.00542344 0.000454842 0.000248503 -0.0123752 0.000437507 0.00056593 0.010265 -0.0268196 -0.00842504 -0.00751216 -0.0109131 -0.0166804 -0.0180776 -0.00272105 -0.000714277 0.0114171 -0.00340257 -0.0140264 0.00650651 0.00525676 -0.0600369 -0.00459892 -0.0198561 0.0167664 0.0060522
internal_weight=19917 801 19116 912 18204 17829 263 17566 17445 375 152 747 731 617 349 121 869 738 179 268 131 327 111 43 559 102 120 114
internal_count=10076 415 9661 479 9182 9023 98 8925 8864 159 59 397 388 340 195 61 456 386 88 145 70 142 39 23 298 53 40 48
is_linear=0
shrinkage=0.05


Tree=123
num_leaves=27
num_cat=0
split_feature=10 26 2 0 26 1 4 6 1 5 29 23 3 12 11 3 27 5 5 11 28 5 1 3 4 0
split_gain=11.6987 15.0663 11.4949 28.9274 11.8048 14.5032 18.2386 14.8429 11.0594 10.7356 10.3493 15.784 10.1001 12.4051 9.57658 9.14154 9.76801 8.28489 7.23418 3.59226 3.01719 1.92096 1.13654 0.783381 0.671214 0.63941
threshold=0.98295000195503246 21.399999618530277 0.48499999940395361 25.150000572204593 12.750000000000002 96.500000000000014 1.2649999856948855 192.50000000000003 40.500000000000007 -0.40500000119209284 2.2500000000000004 64.500000000000014 284.50000000000006 -0.56175000965595234 1.0000000180025095e-35 12.500000000000002 22.60000038146973 4.0750000476837167 1.9950000047683718 -0.87834998965263356 37.500000000000007 0.2650000005960465 80.500000000000014 143.50000000000003 0.69499999284744274 18.550000190734867
decision_type=2 2 2 2 2 2 2 2 2 2 2 2 2 2 2 2 2 2 2 2 2 2 2 2 2 2
left_child=2 10 3 9 5 8 19 -8 24 -1 -2 12 14 -14 -12 20 18 -10 -17 -7 -6 23 -13 -11 -4 -18
right_child=1 -3 4 -5 15 6 7 -9 17 21 11 22 13 -15 -16 16 25 -19 -20 -21 -22 -23 -24 -25 -26 -27
leaf_value=0.034076820700621326 -0.047625439986586575 0.01950295788270456 -0.028367573202684012 0.062939106640608408 -0.00022261078664455818 -0.00022261078664455818 -0.0062239180422491505 -0.064420000304068845 -0.00038319082905899891 0.0098694517305403049 -0.012921645831038307 -0.0022051259130873076 -0.0022051259130873076 -0.027300094521942736 -0.0022051259130873076 -0.00022261078664455818 0.0022051478244703741 -0.0059858582757487287 0.0022051478244703741 -0.010714491697747195 0.0042268438884726567 0.018424058926326255 0.0058287556477305373 0.0042268438884726567 -0.017514316471559661 0.0042268438884726567
leaf_weight=27 15.999999999999998 54 29 23 94 45 18 28 6778 132 281 43 24 135 177 7355 136 731 2251 171 578 27 71 199 28 466
leaf_count=11 9 18 18 8 39 36 13 17 4417 52 166 21 16 63 95 2957 47 538 902 104 231 14 27 85 15 157
internal_value=-8.19135e-05 -0.00600173 0.000166139 0.00846862 -1.49282e-05 -0.00149565 -0.013061 -0.0416476 -0.00109516 0.00521453 -0.00784545 -0.00697475 -0.010239 -0.0210964 -0.00646975 0.00105043 0.000622316 -0.00092861 0.000183452 -0.00697311 0.00422684 0.00422684 0.00582876 0.00422684 -0.0230361 0.00422684
internal_weight=19917 801 19116 408 18708 7828 262 46 7566 385 747 731 617 159 458 10880 10208 7509 9606 216 672 358 114 331 57 602
internal_count=10076 415 9661 170 9491 5158 170 30 4988 162 397 388 340 79 261 4333 4063 4955 3859 140 270 151 48 137 33 204
is_linear=0
shrinkage=0.05


Tree=124
num_leaves=31
num_cat=0
split_feature=8 5 7 11 7 0 8 17 8 29 11 26 6 8 28 25 6 24 26 9 5 18 2 5 12 3 5 7 3 0
split_gain=10.5718 27.3222 41.3439 18.6063 15.8308 11.3736 11.7948 10.8968 11.2411 23.9898 17.3507 13.6113 12.1619 17.8869 12.6341 10.2306 9.40276 9.2312 9.08379 8.25854 7.10097 6.99138 6.9302 6.39281 2.4538 2.43013 2.0709 1.82839 1.67194 1.62661
threshold=710.50000000000011 -1.7549999952316282 1011.2500000000001 0.87834998965263378 1019.4500122070314 29.849999427795414 815.00000000000011 0.091499999165534987 645.50000000000011 12.750000000000002 -1.0000000180025095e-35 30.300000190734867 1147.5000000000002 427.50000000000006 65.500000000000014 14.050000190734865 1357.5000000000002 332.91499328613287 11.650000095367433 -0.6035499870777129 -3.8950001001358028 3.1499999761581425 2.6250000000000004 1.5950000286102297 -0.56175000965595234 42.500000000000007 -3.814999938011169 1014.4500122070314 71.500000000000014 31.750000000000004
decision_type=2 2 2 2 2 2 2 2 2 2 2 2 2 2 2 2 2 2 2 2 2 2 2 2 2 2 2 2 2 2
left_child=7 5 -3 4 23 6 18 20 11 15 -11 12 13 -9 -14 26 24 -13 19 -2 -1 29 -12 -4 -8 -20 -10 -23 -6 -7
right_child=1 2 3 -5 28 21 16 8 9 10 22 17 14 -15 -16 -17 -18 -19 25 -21 -22 27 -24 -25 -26 -27 -28 -29 -30 -31
leaf_value=-0.014898466529087341 -0.0029939505122351753 -0.048545948380515694 1.5918118289754361e-05 0.057755570610364286 0.029981081284306668 0.0034125281007497178 -0.018892202507226896 -0.00052189024232220224 -0.0098439188317218668 -0.0047893711343563938 0.032642924025350691 0.034834442087090932 -0.014898466529087341 0.0043567811846146939 -0.003604061250327736 -0.0047893711343563938 -0.044420059780196218 0.010174164454440049 0.0034125281007497178 -0.025302626671535627 -0.064471182636916632 0.034767600435477039 0.0091328053017971159 0.021369770689616128 -0.0014751144817897253 -0.0029939505122351753 -0.014898466529087341 0.016916855494491758 0.046345013943878383 0.014591415811862267
leaf_weight=22 120 21 79 36 27 132 39 15339 60 113 49 52 121 2141 459 69 26 28 222 56 9.9999999999999982 26 87 63 42 123 251 32 37 35
leaf_count=22 79 7 30 12 9 70 27 7845 37 40 21 23 58 1021 267 23 13 10 82 36 10 10 40 21 20 50 146 16 13 18
internal_value=-6.64337e-05 0.00466171 0.0187511 0.0245909 0.0187952 0.000317617 -0.00313824 -0.00034709 -0.000297386 -0.00686863 0.00519422 -6.95303e-05 -0.000160687 7.56633e-05 -0.00728379 -0.014773 -0.0182586 0.020509 -3.29026e-05 -0.00940043 -0.0294995 0.0099633 0.0176034 0.00948981 -0.00986112 0.00341253 -0.0148985 0.0249189 0.0394415 0.00476913
internal_weight=19917 1116 263 242 206 853 628 18801 18769 629 249 18140 18060 17480 580 380 107 80 521 176 32 225 136 142 81 345 311 58 64 167
internal_count=10076 513 92 85 73 421 307 9563 9531 307 101 9224 9191 8866 325 206 60 33 247 115 32 114 61 51 47 132 183 26 22 88
is_linear=0
shrinkage=0.05


Tree=125
num_leaves=28
num_cat=0
split_feature=18 9 27 1 18 3 28 7 1 5 0 25 10 11 10 28 18 28 0 4 20 10 10 9 20 7 5
split_gain=11.0377 12.2279 17.7933 15.8121 23.999 25.3086 23.5539 21.8728 16.8687 13.7818 11.1621 11.0133 8.7991 8.2697 8.43281 7.57766 9.63315 5.75634 4.01899 2.36286 1.99078 1.82804 1.63294 1.14977 0.186761 0.0805473 0.0231197
threshold=24.550000190734867 0.78654998540878307 16.050000190734867 73.500000000000014 3.2500000000000004 111.50000000000001 34.500000000000007 1021.4500122070314 51.500000000000007 -1.705000042915344 18.349999427795414 12.050000190734865 -1.0000000180025095e-35 -0.87834998965263356 -1.0000000180025095e-35 34.500000000000007 6.5499999523162851 34.500000000000007 19.050000190734867 0.89499998092651378 14.150000095367433 1.0000000180025095e-35 0.98295000195503246 -1.0000000180025095e-35 15.949999809265138 1015.8500061035157 -3.564999938011169
decision_type=2 2 2 2 2 2 2 2 2 2 2 2 2 2 2 2 2 2 2 2 2 2 2 2 2 2 2
left_child=1 2 3 6 5 -5 -1 -6 -8 23 15 13 -13 -12 -15 16 21 -2 -14 -18 25 -3 -11 -4 26 -19 -22
right_child=17 10 9 4 7 -7 8 -9 -10 22 11 12 18 14 -16 -17 19 20 -20 -21 24 -23 -24 -25 -26 -27 -28
leaf_value=-0.052374013066291816 0.0059371742826987844 -0.028878353636812522 0.0059371742826987844 -0.025864193124274154 -0.0025702945635896752 -0.005591035106880091 -0.0046073135118368464 0.0021209184657695087 0.0021209184657695087 0.0059371742826987844 0.00027919500942222183 0.00027919500942222183 0.00027919500942222183 0.00027919500942222183 -0.0046375728372097837 -0.0046375728372097837 -0.015985173444994078 0.012692344552519602 0.0059371742826987844 -0.008196320937326397 0.021893273914853732 -0.016779206533640349 0.0021209184657695087 0.0021209184657695087 0.028407477463285133 0.016159505947776463 0.024137274514545094
leaf_weight=20 73 74 120 194 5322 522 934 2017 4753 1365 309 267 135 594 1096 241 92 24 372 331 24 54 87 804 24 23 22
leaf_count=10 59 33 46 87 2852 251 492 958 2310 516 192 89 45 437 744 137 45 12 129 160 12 19 33 365 12 8 8
internal_value=-1.78331e-06 -0.00011744 0.000468004 -0.000221847 -0.00164842 -0.0103861 0.00179166 -0.000795967 0.00198215 0.00446368 -0.00276762 -0.00127242 0.00379153 -0.00323314 -0.00463757 -0.00800273 -0.0117551 0.0119918 0.00593717 -0.00819632 0.0194475 -0.023774 0.00593717 0.00212092 0.024832 0.0126923 0.0229665
internal_weight=19893 19703 16138 13762 8055 716 5707 7339 5687 2376 3565 2773 774 1999 1690 792 551 190 507 423 117 128 1452 924 70 47 46
internal_count=10061 9950 7920 6960 4148 338 2812 3810 2802 960 2030 1636 263 1373 1181 394 257 111 174 205 52 52 549 411 32 20 20
is_linear=0
shrinkage=0.05


Tree=126
num_leaves=28
num_cat=0
split_feature=18 9 27 23 8 0 18 5 7 8 0 25 10 11 10 28 18 28 23 0 11 20 10 10 20 7 5
split_gain=9.65843 11.1469 15.7938 15.6142 25.6281 33.2351 25.9111 12.7773 10.9887 10.2922 9.62201 10.1807 8.24527 7.84612 7.52133 6.9427 8.79701 5.27426 4.15062 3.43556 2.30487 1.83524 1.6498 1.05249 0.168552 0.0723054 0.0208655
threshold=24.550000190734867 0.78654998540878307 16.050000190734867 51.500000000000007 367.50000000000006 25.550000190734867 5.3500001430511483 -1.705000042915344 1015.0499877929689 112.50000000000001 18.349999427795414 12.050000190734865 -1.0000000180025095e-35 -0.87834998965263356 -1.0000000180025095e-35 34.500000000000007 6.5499999523162851 34.500000000000007 63.500000000000007 19.050000190734867 -0.60784998536109913 14.150000095367433 1.0000000180025095e-35 0.98295000195503246 15.949999809265138 1015.8500061035157 -3.564999938011169
decision_type=2 2 2 2 2 2 2 2 2 2 2 2 2 2 2 2 2 2 2 2 2 2 2 2 2 2 2
left_child=1 2 3 4 6 -6 -1 18 -5 -10 15 13 -13 -12 -15 16 22 -2 -4 -14 -18 25 -3 -9 26 -19 -23
right_child=17 10 7 8 5 -7 -8 23 9 -11 11 12 19 14 -16 -17 20 21 -20 -21 -22 24 -24 -25 -26 -27 -28
leaf_value=-0.046543700002472516 0.0055786299010363123 -0.027434436352671804 0.0020311690211215392 0.0020311690211215392 -0.0672537701683385 -0.0010456732382667967 -0.0020377944367157372 0.0055786299010363123 0.0020311690211215392 -0.0010456732382667967 0.00026464516131232546 0.00026464516131232546 0.00026464516131232546 0.00026464516131232546 -0.0043515508886751925 -0.0043515508886751925 -0.014965817184949463 0.011997148610727437 0.0055786299010363123 0.0055786299010363123 -0.0077254200526751006 0.020798609654108683 -0.015940246034275601 0.0020311690211215392 0.026987103621164962 0.015351531168688898 0.022930410504341126
leaf_weight=33 73 74 784 2044 35 19 3637 1365 2579 5415 309 267 135 594 1096 241 110 24 140 372 313 24 54 87 24 23 22
leaf_count=32 59 33 360 898 22 11 2110 516 1190 2697 192 89 45 437 744 137 53 12 51 129 152 12 19 33 12 8 8
internal_value=2.31178e-05 -8.50714e-05 0.000473894 -0.000176042 -0.00294112 -0.0371359 -0.00243798 0.00423838 0.000849776 -0.000246788 -0.00261539 -0.00122716 0.00364161 -0.00311232 -0.00435155 -0.00747594 -0.0110993 0.0112423 0.00203117 0.00557863 -0.00772542 0.0184157 -0.0225853 0.00557863 0.0235904 0.0119971 0.0218182
internal_weight=19893 19703 16138 13762 3724 54 3670 2376 10038 7994 3565 2773 774 1999 1690 792 551 190 924 507 423 117 128 1452 70 47 46
internal_count=10061 9950 7920 6960 2175 33 2142 960 4785 3887 2030 1636 263 1373 1181 394 257 111 411 174 205 52 52 549 32 20 20
is_linear=0
shrinkage=0.05


Tree=127
num_leaves=27
num_cat=0
split_feature=25 7 29 24 7 14 1 26 1 8 8 4 9 28 8 8 5 26 9 5 27 9 23 4 27 3
split_gain=9.53877 9.63855 20.4093 25.397 18.0595 30.2394 20.5797 14.9798 12.1409 12.0431 43.3471 21.0681 16.6609 11.4574 7.00751 4.19145 3.8376 3.41835 3.2724 1.99715 1.27408 0.249553 0.198555 0.105364 0.069934 0.0204948
threshold=4.4500000476837167 1024.7500000000002 24.550000190734867 142.08499908447268 1023.4500122070314 48.000000000000007 71.500000000000014 29.300000190734867 74.500000000000014 172.50000000000003 35.500000000000007 -0.11499999836087225 -0.37939999997615809 64.500000000000014 24.500000000000004 480.50000000000006 1.1549999713897707 3.5000000000000004 0.60354998707771312 -5.5250000953674308 10.150000095367433 0.78654998540878307 59.500000000000007 2.935000061988831 6.8500001430511483 12.500000000000002
decision_type=2 2 2 2 2 2 2 2 2 2 2 2 2 2 2 2 2 2 2 2 2 2 2 2 2 2
left_child=17 2 4 -4 7 6 -6 8 -2 10 12 -12 20 -14 -7 -9 -13 -1 19 22 -3 -20 -19 -21 -23 -24
right_child=1 9 3 -5 5 14 -8 15 -10 -11 11 16 13 -15 -16 -17 -18 18 21 23 -22 24 25 -25 -26 -27
leaf_value=-0.034701474584065951 0.001726229308204904 0.018103334854046506 0.059939286879130776 0.013248140229996272 0.0045079026957186982 0.0019086355463150538 0.013248140229996272 0.013248140229996272 -0.0011925661834453331 -0.0047951938482337355 -0.0047951938482337355 0.026352237164974215 -0.0047951938482337355 0.015634220511234111 -0.0047951938482337355 0.0063771516464853645 0.046216585174683605 -0.021529028068278108 -0.013550207338162833 -0.0047951938482337355 0.034395486861467366 -0.021529028068278108 -0.012387612089514728 -0.014661363884806634 -0.01848250078527551 -0.015588766634464263
leaf_weight=12.999999999999998 5184 30 35 42 249 440 588 142 11392 420 28 40 676 69 158 72 62 12.999999999999998 13.999999999999998 136 20 20 10.000000000000002 10.999999999999998 19 9.9999999999999982
leaf_count=13 2457 15 14 14 126 208 237 58 5965 236 17 14 278 35 84 24 23 13 14 136 10 20 10 11 19 10
internal_value=3.58897e-05 0.000158404 0.000458624 0.0261462 0.000350095 0.00573389 0.0118689 -0.000110045 -0.000279738 -0.00392682 0.00100527 0.0277717 -0.00337164 -0.00479519 -0.00285314 0.013034 0.0384266 -0.00974879 -0.00835658 -0.00514124 0.0246202 -0.0192766 -0.0171221 -0.00479519 -0.0213322 -0.0139882
internal_weight=19893 19647 18302 77 18225 1435 837 16790 16576 1345 925 130 795 745 598 214 102 246 233 180 50 53 33 147 39 20
internal_count=10061 9815 9187 28 9159 655 363 8504 8422 628 392 54 338 313 292 82 37 246 233 180 25 53 33 147 39 20
is_linear=0
shrinkage=0.05


Tree=128
num_leaves=31
num_cat=0
split_feature=7 8 10 7 10 7 29 24 7 14 1 8 18 28 26 7 10 10 28 7 10 0 23 8 7 19 6 1 8 5
split_gain=9.11867 28.0389 51.0651 48.2839 44.7909 24.0688 17.9889 23.3679 17.2505 28.2626 18.6735 17.0852 14.9242 14.8669 14.0387 12.6511 29.3054 13.9292 9.6557 13.9058 9.36946 8.5257 8.32619 7.54563 7.14502 6.77193 6.26606 5.91023 3.748 3.59827
threshold=1024.7500000000002 194.50000000000003 -0.98295000195503224 1027.850036621094 -0.91595000028610218 1026.6499633789065 24.550000190734867 142.08499908447268 1023.4500122070314 48.000000000000007 71.500000000000014 157.50000000000003 4.6499998569488534 63.500000000000007 29.300000190734867 1022.8500061035157 -0.91595000028610218 -0.37939999997615809 47.500000000000007 1025.9500122070315 0.91595000028610241 19.849999427795414 75.500000000000014 394.50000000000006 1026.7500000000002 0.55099999904632579 282.50000000000006 64.500000000000014 480.50000000000006 1.1549999713897707
decision_type=2 2 2 2 2 2 2 2 2 2 2 2 2 2 2 2 2 2 2 2 2 2 2 2 2 2 2 2 2 2
left_child=6 4 3 5 24 -3 8 -8 14 10 -10 21 22 -4 15 17 -17 -1 19 -14 -20 -11 26 -13 29 -15 -6 -27 -16 -2
right_child=1 2 13 -5 12 -7 7 -9 9 11 -12 23 18 25 28 16 -18 -19 20 -21 -22 -23 -24 -25 -26 27 -28 -29 -30 -31
leaf_value=0.0018796995549037326 0.023621937403312098 -0.049784787694613142 -0.023250919382305855 0.008088234131750853 -0.017256960180654531 -0.11863841251893477 0.056942324553217211 0.012313825040048604 0.0042440583003721518 -0.0058995653295414556 0.012313825040048604 -0.029580560262004535 -0.0085128529245695438 -0.01146534710321314 0.012313825040048604 -0.03179009333990588 -0.0028580327820680218 -0.0011971157063438956 0.018889402175943058 0.0025394980918410246 0.0025394980918410246 0.0042440583003721518 -0.0085128529245695438 -0.0019877916050923838 0.013012195094710306 0.0010308572181707456 -0.041944672549382236 0.025098245629980684 0.0059561202195735604 0.046554478287696842
leaf_weight=5706 26 30 94 23 67 22 35 42 249 251 595 75 294 57 142 101 656 10352 120 169 81 235 56 37 42 144 39 31 72 50
leaf_count=3036 9 18 40 8 35 15 14 14 126 127 244 38 120 43 58 49 345 5231 57 61 45 104 21 23 15 86 17 19 24 19
internal_value=1.72999e-05 -0.00395803 -0.0150345 -0.0522341 0.000747147 -0.0789152 0.000305569 0.0244226 0.000205032 0.00545599 0.0113481 -0.00286001 -0.00336937 -0.00647636 -0.000239614 -0.000401585 -0.00671819 -0.00010381 -4.96727e-05 -0.00402237 0.00910137 0.00119713 -0.016976 -0.0204651 0.0295628 0.000320225 -0.0260011 0.00529422 0.0123138 0.0387091
internal_weight=19893 1345 401 75 944 52 18548 77 18471 1442 844 598 826 326 17029 16815 757 16058 664 463 201 486 162 112 118 232 106 175 214 76
internal_count=10061 628 229 41 399 33 9433 28 9405 662 370 292 356 188 8743 8661 394 8267 283 181 102 231 73 61 43 148 52 105 82 28
is_linear=0
shrinkage=0.05


Tree=129
num_leaves=27
num_cat=0
split_feature=18 9 6 7 23 1 7 1 3 23 18 4 13 20 27 12 7 28 4 23 7 20 18 20 7 5
split_gain=8.72017 9.45095 14.6364 14.2132 35.0166 13.879 21.9076 16.0993 9.918 8.98484 12.008 11.5108 24.8364 9.78256 7.32395 5.01815 7.0061 4.79035 4.40003 3.78384 2.7876 1.68097 1.29254 0.142736 0.0690867 0.0188311
threshold=24.550000190734867 0.78654998540878307 52.500000000000007 1026.7500000000002 62.500000000000007 79.500000000000014 1018.1499938964845 51.500000000000007 208.50000000000003 58.500000000000007 9.3499999046325701 0.69499999284744274 1.0000000180025095e-35 10.449999809265138 12.050000190734865 1.0000000180025095e-35 1020.5499877929689 34.500000000000007 1.3049999475479128 21.500000000000004 1023.2500000000001 14.150000095367433 6.4500000476837167 15.949999809265138 1015.8500061035157 -3.564999938011169
decision_type=2 2 2 2 2 2 2 2 2 2 2 2 2 2 2 2 2 2 2 2 2 2 2 2 2 2
left_child=1 2 14 5 8 7 -7 -4 -5 10 11 20 -13 22 -1 19 -17 -2 -6 -12 -3 24 -11 25 -19 -23
right_child=17 9 3 4 18 6 -8 -9 -10 13 15 12 -14 -15 -16 16 -18 21 -20 -21 -22 23 -24 -25 -26 -27
leaf_value=0.002653834610316797 0.0053002712844014066 -0.0045267853252209623 -0.0047142032195098783 -0.035717337350878453 -0.0093581192859328623 -0.0052484519844678366 0.00066952180738250424 0.0023559996735058259 -0.090767311255137137 -0.00031204929173852365 -0.0045267853252209623 -0.0080673087312578429 -0.036228403730375558 0.0053002712844014066 0.0053002712844014066 -0.0045267853252209623 -0.00031204929173852365 0.011411514844534993 0.002653834610316797 -0.00031204929173852365 -0.018850033227787461 0.019878163437048596 0.0024941109963314413 0.025603391850988075 0.014697322184624878 0.021903374791145326
leaf_weight=249 73 504 907 18 101 2478 4239 7171 14.999999999999998 358 444 406 97 172 938 466 294 24 22 672 43 24 109 24 23 22
leaf_count=121 59 301 477 11 48 1364 2089 3414 9 177 279 194 44 70 377 306 136 12 10 457 18 12 48 12 8 8
internal_value=2.14945e-05 -8.13055e-05 0.000433385 7.39794e-06 -0.0150059 0.0001657 -0.00151371 0.00156216 -0.0607401 -0.0024112 -0.00358423 -0.00786567 -0.013498 0.00296013 0.00530027 -0.0011879 -0.00452679 0.0106818 -0.00273579 -0.000312049 -0.00452679 0.0175228 -0.000312049 0.0224776 0.0114115 0.0208467
internal_weight=19893 19703 16138 14951 156 14795 6717 8078 33 3565 2926 1050 503 639 1187 1876 760 190 123 1116 547 117 467 70 47 46
internal_count=10061 9950 7920 7422 78 7344 3453 3891 20 2030 1735 557 238 295 498 1178 442 111 58 736 319 52 225 32 20 20
is_linear=0
shrinkage=0.05


Tree=130
num_leaves=31
num_cat=0
split_feature=7 10 8 7 7 7 16 27 29 6 8 18 10 23 20 26 5 1 11 4 6 24 4 0 27 11 7 4 2 23
split_gain=10.0359 32.9271 65.9653 30.3781 31.4294 19.2219 29.1309 49.3539 24.3212 28.1101 20.2584 17.5679 14.8818 14.1867 13.5075 13.1398 11.6215 11.514 21.9321 46.1288 38.9686 38.8027 26.6135 24.7966 19.5621 26.5481 34.757 25.5676 20.6123 18.282
threshold=1024.549987792969 -0.98295000195503224 169.50000000000003 1027.850036621094 1026.6499633789065 1023.4500122070314 0.27699999511241918 7.4500000476837167 11.150000095367433 617.50000000000011 177.50000000000003 4.4500000476837167 -0.37939999997615809 79.500000000000014 10.550000190734865 12.949999809265138 2.804999947547913 73.500000000000014 -0.87834998965263356 -0.63499999046325672 787.50000000000011 643.75000000000011 0.18500000238418582 23.150000572204593 5.8500001430511483 -0.87834998965263356 1018.5499877929689 2.935000061988831 5.180000066757203 59.500000000000007
decision_type=2 2 2 2 2 2 2 2 2 2 2 2 2 2 2 2 2 2 2 2 2 2 2 2 2 2 2 2 2 2
left_child=5 2 -2 4 -4 17 10 13 14 -10 -7 16 15 -8 -9 -13 -3 18 19 -1 21 -20 -22 -21 25 26 -19 29 -29 -26
right_child=1 11 3 -5 -6 6 7 8 9 -11 -12 12 -14 -15 -16 -17 -18 24 20 23 22 -23 -24 -25 27 -27 -28 28 -30 -31
leaf_value=0.00048428430052812466 0.052134904407319577 -0.0053992993641681286 -0.039909740934769317 0.010073219686746598 -0.10977452397346497 0.0018579769489291528 0.0049633819492063656 0.017594006729319777 0.088704049918386679 0.038467144480134996 -0.024327157337942884 -0.003052248445858486 -0.0016592690916716587 0.017594006729319777 0.037350652390910732 0.018953609209636166 -0.024967128752715603 -0.027617780389016345 0.01176993958817904 0.0020989514427420535 -0.0010930469138569275 0.00067764458492993558 -0.014187313145794906 0.034708189794148962 -0.0010478800085486823 -0.0022925372309816911 -0.0023488578097630585 0.081725406471420736 0.0097646720552196104 0.0045147530378370389
leaf_weight=501 21 433 60 20 22 412 364 102 36 33 90 73 606 113 93 203 92 263 1179 81 1733 994 500 208 7607 1930 282 17 24 1833
leaf_count=198 7 227 31 7 15 196 177 45 12 11 50 40 270 52 31 75 42 117 493 30 906 461 328 77 4160 1090 141 7 13 765
internal_value=0.000135509 -0.00375541 -0.0285636 -0.045178 -0.058654 0.000459136 0.00646313 0.0127633 0.0302246 0.0557372 -0.00283657 -0.00158668 0.00272383 0.00496338 0.0211971 0.0123476 -0.00882833 2.4028e-05 0.00198912 0.00966069 0.000613604 0.00538033 -0.00402504 0.0255686 -0.00082999 -0.00478843 -0.0145429 0.000203354 0.039602 3.22372e-05
internal_weight=19925 1530 123 102 82 18395 1243 741 264 69 502 1407 882 477 195 276 525 17152 5196 790 4406 2173 2233 289 11956 2475 545 9481 41 9440
internal_count=10074 714 60 53 46 9360 574 328 99 23 246 654 385 229 76 115 269 8786 2493 305 2188 954 1234 107 6293 1348 258 4945 20 4925
is_linear=0
shrinkage=0.05


Tree=131
num_leaves=31
num_cat=0
split_feature=8 26 8 12 7 1 23 4 27 1 12 4 28 18 10 8 0 7 4 17 11 23 25 3 1 23 0 2 7 18
split_gain=9.5546 32.2489 15.4364 12.2656 12.1937 11.4944 45.6792 28.9133 23.6491 18.0271 43.1284 25.902 19.8754 18.6077 34.0396 21.5161 14.8879 9.08575 7.73153 6.49515 5.58615 5.04576 4.31826 3.88365 3.6097 2.99454 2.19785 2.00948 1.7255 1.36225
threshold=730.50000000000011 16.250000000000004 725.50000000000011 -0.56175000965595234 1014.8500061035157 62.500000000000007 52.500000000000007 0.2950000017881394 13.949999809265138 73.500000000000014 1.0000000180025095e-35 -1.1549999713897703 61.500000000000007 3.2500000000000004 -0.37939999997615809 520.50000000000011 30.94999980926514 1017.1499938964845 -1.2549999952316282 0.12150000035762788 1.0000000180025095e-35 109.50000000000001 8.8499999046325701 136.50000000000003 63.500000000000007 75.500000000000014 29.650000572204593 2.9050000905990605 1016.4500122070314 2.4500000476837163
decision_type=2 2 2 2 2 2 2 2 2 2 2 2 2 2 2 2 2 2 2 2 2 2 2 2 2 2 2 2 2 2
left_child=2 3 5 4 22 6 -1 16 -9 10 11 -7 -12 14 -11 -15 -8 23 21 27 26 25 -2 -3 -4 -5 -6 -19 -22 -24
right_child=1 17 24 18 20 9 7 8 -10 13 12 -13 -14 15 -16 -17 -18 19 -20 -21 28 -23 29 -25 -26 -27 -28 -29 -30 -31
leaf_value=-0.068271151240225189 -0.014559476951072957 0.0091335507322801279 -0.01055367452880511 -0.019832155427762441 -0.042905077139536542 0.0010618339816823115 -0.0013481547813734651 -0.022827226386058132 0.0199807774709739 -0.022211415851774784 -0.012918162150435335 0.013225675834414787 0.00070964198571907234 -0.00015530563097003707 -0.0039784043401788352 0.021292048740058633 0.019468897130790648 0.02954552372296651 0.0091335507322801279 0.044300603059430919 0.0026015893990794818 0.0091335507322801279 -0.00019900852290447802 0.025809806432479467 -0.034863864972784715 -0.0023172496818006038 -0.021171565287697473 0.011910580761198487 -0.016567834521885271 0.0091335507322801279
leaf_weight=27 29 120 26 28 30 701 1529 252 37 293 374 1165 940 12993 470 118 91 30 130 48 14.999999999999998 29 40 39 37 190 19 35 54 36
leaf_count=15 29 40 13 14 18 327 757 176 13 139 199 517 475 6704 227 50 35 10 57 16 15 14 20 13 16 88 15 12 32 18
internal_value=0.000112059 0.00523006 -0.000122177 -0.00124401 -0.0105392 -4.02041e-05 -0.00369119 -0.00277781 -0.0173466 0.000374263 0.00376979 0.00865609 -0.0031692 -0.000404011 -0.00799453 3.77222e-05 -0.000178802 0.0195111 0.00425418 0.030351 -0.0215682 -0.00157127 0.00185539 0.0118073 -0.0248311 -0.00456687 -0.0344778 0.0200498 -0.0124006 0.00811896
internal_weight=19925 872 19053 600 223 18990 1936 1909 289 17054 3180 1866 1314 13874 763 13111 1620 272 377 113 118 247 105 159 63 218 49 65 69 76
internal_count=10074 411 9663 320 147 9634 996 981 189 8638 1518 844 674 7120 366 6754 792 91 173 38 80 116 67 53 29 102 33 22 47 38
is_linear=0
shrinkage=0.05


Tree=132
num_leaves=16
num_cat=0
split_feature=28 2 8 1 23 5 1 28 8 7 25 1 12 18 3
split_gain=9.52354 9.33137 8.98793 17.8994 36.8134 28.5451 18.1667 34.026 22.4603 12.5548 10.5508 8.65394 3.62107 1.97382 0.320976
threshold=141.00000000000003 0.48499999940395361 710.50000000000011 63.500000000000007 51.500000000000007 3.2649999856948857 72.500000000000014 35.500000000000007 613.50000000000011 1010.7500000000001 8.8499999046325701 81.500000000000014 -0.56175000965595234 13.550000190734865 188.50000000000003
decision_type=2 2 2 2 2 2 2 2 2 2 2 2 2 2 2
left_child=1 11 3 4 -3 -6 7 -5 -8 -4 12 -1 -11 -13 -15
right_child=-2 2 9 6 5 -7 8 -9 -10 10 -12 13 -14 14 -16
leaf_value=0.010571364021192195 0.021084483133422007 -0.058061657752841715 -0.025061030036363847 -0.032448879589862895 -0.0018385953257751206 -0.021040708614393659 -0.00042042236136956762 0.0035811855570453809 -0.031600632852521439 -0.012439961628928466 0.0035811855570453809 0.0035811855570453809 -0.0014174203035051719 0.010571364021192195 0.0070762747891187881
leaf_weight=65 54 32 39 66 1725 218 13736 2486 58 136 773 298 163 42 34
leaf_count=27 18 17 13 34 845 173 7067 1197 26 110 302 124 88 20 13
internal_value=0.000115229 5.82449e-05 -0.000104612 -0.000372973 -0.00486908 -0.00399303 0.000170267 0.00358119 -0.000551527 0.00358119 0.00358119 0.00726698 -0.00641603 0.00358119 0.0105714
internal_weight=19925 19871 19432 18321 1975 1943 16346 2552 13794 1111 1072 439 299 374 76
internal_count=10074 10056 9872 9359 1035 1018 8324 1231 7093 513 500 184 198 157 33
is_linear=0
shrinkage=0.05


Tree=133
num_leaves=31
num_cat=0
split_feature=8 26 8 12 7 6 8 9 4 1 17 4 10 10 3 7 7 25 7 27 3 25 11 1 21 4 27 0 1 0
split_gain=8.78896 27.9257 13.5443 10.8163 10.7868 10.457 52.7102 147.154 24.0739 18.1582 17.8789 16.6751 18.0383 15.9397 15.6139 11.4321 8.57361 7.4496 7.0724 6.46734 6.35721 5.52871 5.29613 4.78007 4.10653 4.10445 3.71831 2.04232 1.9274 1.72887
threshold=730.50000000000011 16.250000000000004 725.50000000000011 -0.56175000965595234 1014.8500061035157 342.50000000000006 401.50000000000006 -1.0000000180025095e-35 -3.314999938011169 81.500000000000014 0.10050000250339509 1.8049999475479128 -0.91595000028610218 -0.78654998540878285 40.500000000000007 1019.9500122070314 1019.4500122070314 10.150000095367433 1018.6499938964845 6.4500000476837167 4.5000000000000009 12.250000000000002 1.0000000180025095e-35 61.500000000000007 13.150000095367433 -2.3049999475479122 3.2500000000000004 29.650000572204593 58.500000000000007 30.150000572204593
decision_type=2 2 2 2 2 2 2 2 2 2 2 2 2 2 2 2 2 2 2 2 2 2 2 2 2 2 2 2 2 2
left_child=2 3 5 4 26 6 8 17 9 -1 11 15 -13 -10 20 -7 19 -8 25 -3 -12 -18 27 -16 -4 -5 29 -6 -20 -2
right_child=1 16 24 18 22 10 7 -9 13 -11 14 12 -14 -15 23 -17 21 -19 28 -21 -22 -23 -24 -25 -26 -27 -28 -29 -30 -31
leaf_value=0.00011778562147349327 -0.016685751732438803 0.0086739323057711381 -0.034292113284269975 -0.0017150842547416689 -0.04077867055932681 -0.0034108939331850131 0.00011778562147349327 0.1332651963191373 0.0060408696233213918 0.032969130747020244 0.00011778562147349327 -0.073158964727606093 -0.014785468808391176 0.00011778562147349327 -0.0034108939331850131 -0.011777685508898619 0.016475887082774063 0.017165377679860816 -0.0016816078132251278 0.030510025932675319 -0.0034108939331850131 0.044860788186391193 -0.011158541677708644 0.00011778562147349327 -0.0084965846466797373 0.0086739323057711381 0.0086739323057711381 -0.019828276071501408 -0.018659521767071318 0.00021129281362291518
leaf_weight=28 24 159 36 100 30 643 52 28 1150 100 446 13.999999999999998 242 6963 840 410 29 106 32 42 2113 42 69 5855 27 210 40 19 35 41
leaf_count=12 24 53 20 41 18 504 29 11 539 39 278 12 156 3354 443 239 10 36 19 14 1146 14 47 2836 9 93 20 15 20 23
internal_value=0.000132839 0.0050415 -9.18158e-05 -0.000983025 -0.00971176 -1.50312e-05 0.00129859 0.0276203 0.000704503 0.0222194 -0.00106302 -0.00653243 -0.0179778 0.000365059 -0.000289353 -0.0037499 0.0183309 0.00889843 0.00418013 0.013055 -0.00341089 0.033267 -0.0200851 0.000117786 -0.0232369 0.00736388 0.00194585 -0.032655 -0.0105507 -0.00602762
internal_weight=19925 872 19053 600 223 18990 8427 186 8241 128 10563 1309 256 8113 9254 1053 272 158 377 201 2559 71 118 6695 63 310 105 49 67 65
internal_count=10074 411 9663 320 147 9634 4020 76 3944 51 5614 911 168 3893 4703 743 91 65 173 67 1424 24 80 3279 29 134 67 33 39 47
is_linear=0
shrinkage=0.05


Tree=134
num_leaves=31
num_cat=0
split_feature=7 10 8 7 7 7 14 27 8 6 8 22 12 10 20 26 9 26 7 10 1 10 7 7 10 24 0 28 9 1
split_gain=8.55379 28.2153 58.4605 26.3617 25.1804 16.6435 25.3012 43.6215 21.8631 30.0258 18.252 14.98 19.5529 13.2983 12.5467 11.6792 10.4786 10.3281 11.818 15.7314 46.604 11.0974 30.671 14.8539 8.66356 8.61128 8.23023 7.88588 7.3375 9.4901
threshold=1024.549987792969 -0.98295000195503224 169.50000000000003 1027.850036621094 1026.6499633789065 1023.4500122070314 48.000000000000007 7.4500000476837167 231.50000000000003 617.50000000000011 177.50000000000003 4.4500000476837167 1.0000000180025095e-35 -0.37939999997615809 10.550000190734865 12.949999809265138 -0.37939999997615809 29.300000190734867 1022.8500061035157 -0.91595000028610218 80.500000000000014 -0.37939999997615809 1017.1499938964845 1021.4500122070314 -0.91595000028610218 1480.0000000000002 19.849999427795414 63.500000000000007 -0.91595000028610218 67.500000000000014
decision_type=2 2 2 2 2 2 2 2 2 2 2 2 2 2 2 2 2 2 2 2 2 2 2 2 2 2 2 2 2 2
left_child=5 2 -2 4 -4 17 7 28 14 -10 26 12 -3 15 -9 -13 25 18 21 20 -20 22 -1 -23 -19 -15 -8 -18 29 -7
right_child=1 11 3 -5 -6 6 10 8 9 -11 -12 13 -14 16 -16 -17 27 24 19 -21 -22 23 -24 -25 -26 -27 -28 -29 -30 -31
leaf_value=0.0055150288005064562 0.049551058950878329 -0.0035685404578586371 -0.037835039570927625 0.0094101479649543775 -0.10036977664990859 0.0046263607938696249 -0.0063180209376417652 0.016473272469637309 0.084088098671701222 0.018059309504248881 -0.023041409097042762 -0.0027994330393146445 -0.028531217206424726 0.029351635562612655 0.035445367552900828 0.017864025644315728 -0.0027994330393146445 0.031109853677971418 -0.007643156735083232 -0.0029689974290751696 -0.084940467029809952 -0.0014121475463247945 -0.00068480269417761392 0.0048691593120800576 0.0058955402130533643 -0.0027994330393146445 0.0046263607938696249 0.014188267276163253 0.0046263607938696249 0.016473272469637309
leaf_weight=1843 21 429 60 20 22 54 199 102 36 33 90 73 96 47 93 203 466 43 104 654 24 9394 3880 1046 164 22 213 71 350 73
leaf_count=1032 7 231 31 7 15 27 103 45 12 11 50 40 38 23 31 75 202 18 50 343 9 4765 2005 503 61 11 93 34 173 29
internal_value=0.000138469 -0.00345368 -0.0264184 -0.0420592 -0.0546127 0.000437245 0.00602405 0.0118955 0.0283202 0.0525091 -0.00264282 -0.0014461 -0.00813314 0.00253428 0.019761 0.0116316 -0.00160907 3.23703e-05 -0.000103239 -0.00610637 -0.0221364 0.000187206 0.00195673 -0.000782814 0.0111333 0.0170022 0.00181319 -0.00279943 0.00462636 0.0164733
internal_weight=19925 1530 123 102 82 18395 1243 741 264 69 502 1407 525 882 195 276 606 17152 16945 782 128 16163 5723 10440 207 69 412 537 477 127
internal_count=10074 714 60 53 46 9360 574 328 99 23 246 654 269 385 76 115 270 8786 8707 402 59 8305 3037 5268 79 34 196 236 229 56
is_linear=0
shrinkage=0.05


Tree=135
num_leaves=21
num_cat=0
split_feature=28 25 10 6 1 1 7 11 11 7 18 0 7 23 7 1 7 26 23 3
split_gain=9.50936 8.08199 8.00981 34.1719 28.0812 24.2243 30.3973 18.4489 12.8376 22.3163 20.2394 16.0369 14.2119 38.3409 20.8515 10.8508 7.36256 1.2633 0.404867 0.251285
threshold=141.00000000000003 3.3500000238418584 -0.37939999997615809 457.50000000000006 84.500000000000014 75.500000000000014 1021.5499877929689 1.0000000180025095e-35 -0.60784998536109913 1016.1499938964845 21.44999980926514 20.650000572204593 1014.9500122070314 50.500000000000007 1017.9500122070314 64.500000000000014 1020.0499877929689 3.5000000000000004 35.500000000000007 121.50000000000001
decision_type=2 2 2 2 2 2 2 2 2 2 2 2 2 2 2 2 2 2 2 2
left_child=1 17 3 4 15 6 -5 -7 9 10 -4 -11 13 -10 -14 -3 -6 -1 -19 -2
right_child=19 2 8 5 16 7 -8 -9 12 11 -12 -13 14 -15 -16 -17 -18 18 -20 -21
leaf_value=-0.033220612577029636 0.016773744970560073 0.0020509277468755637 -0.0099588173985635242 0.0020509277468755637 0.0064344830869371514 -0.010255959119073751 -0.0074438589011163771 0.00053003804622416256 -0.0068095298616717556 -0.0066574342909681214 0.010041751388560722 0.0026912247698516107 -0.0049618935073607873 0.010041751388560722 0.0010575876403892297 0.010041751388560722 0.0020509277468755637 -0.021747785806655887 -0.010542001849726628 0.023245285749435424
leaf_weight=13.999999999999998 30 109 1252 2278 980 643 900 451 449 653 90 1542 1927 873 5677 1057 854 13.999999999999998 19 30
leaf_count=14 10 47 663 1149 583 390 461 253 246 292 38 732 1113 384 2749 485 385 14 19 10
internal_value=0.00013427 7.39874e-05 0.000123308 0.00144201 0.0055321 -0.00143024 0.00077884 -0.00784748 -0.000646139 -0.00319538 -0.00827469 -8.99481e-05 0.00036402 0.00514893 -0.000467865 0.0100418 0.00205093 -0.0206352 -0.015296 0.0200095
internal_weight=19842 19782 19735 7272 3000 4272 3178 1094 12463 3537 1342 2195 8926 1322 7604 1166 1834 47 33 60
internal_count=10037 10017 9970 3753 1500 2253 1610 643 6217 1725 701 1024 4492 630 3862 532 968 47 33 20
is_linear=0
shrinkage=0.05


Tree=136
num_leaves=31
num_cat=0
split_feature=5 3 1 27 4 12 1 4 16 10 7 28 7 7 7 1 11 0 7 1 1 11 3 10 7 11 11 2 7 10
split_gain=8.79013 37.4832 19.6067 44.1874 36.7846 21.9429 59.6584 25.0872 19.9024 12.2334 115.793 90.7829 53.5925 153.039 30.1778 26.1529 18.0223 21.9816 15.699 14.3909 14.1506 12.8615 24.5805 17.5086 14.7458 11.5765 24.0556 12.5269 11.4771 14.5544
threshold=-0.095000002533197389 279.50000000000006 95.500000000000014 13.650000095367433 2.5649999380111699 -0.56175000965595234 53.500000000000007 1.7150000333786013 0.27699999511241918 -0.98295000195503224 1020.4500122070314 37.500000000000007 1021.8500061035157 1021.0499877929689 1024.549987792969 80.500000000000014 -0.87834998965263356 25.94999980926514 1018.1499938964845 70.500000000000014 75.500000000000014 -0.87834998965263356 14.500000000000002 0.98295000195503246 1010.3500061035157 -0.87834998965263356 -0.60784998536109913 0.98500001430511486 1014.5499877929689 0.91595000028610241
decision_type=2 2 2 2 2 2 2 2 2 2 2 2 2 2 2 2 2 2 2 2 2 2 2 2 2 2 2 2 2 2
left_child=9 2 3 5 8 6 -2 -7 -5 10 11 -1 13 20 15 -14 17 -13 -18 -15 -12 22 28 24 -24 -4 27 -27 29 -11
right_child=1 -3 25 4 -6 7 -8 -9 -10 21 12 16 14 19 -16 -17 18 -19 -20 -21 -22 -23 23 -25 -26 26 -28 -29 -30 -31
leaf_value=-0.061260166168212893 -0.06495056444779039 0.068253309953780414 0.0091358513786242556 0.0069470278968336635 0.062650546514325667 0.0044631593394042022 -0.0030117799388921875 -0.0049255312156698374 0.019089619790558982 0.0068849792226967285 0.0060572565879140582 0.014649659643570581 0.014768847107495132 -0.11756460219621659 -0.051084781308536942 -0.031516105199561405 0.0068806752229366849 0.078848927567402527 0.03654144520206111 -0.18462536521255971 -0.049546023151453809 0.00028332389126535198 -0.029645099079430994 -0.040952200308824203 -0.0054704167063158796 -0.011988837263830331 -0.004684926871334821 -0.046797082914134203 0.014381722441516413 -0.030548437449492906
leaf_weight=35 40 21 91 331 36 3288 1384 908 417 82 35 24 76 15.999999999999998 46 51 123 30 70 15.999999999999998 17 10762 67 39 1078 46 404 59 212 38
leaf_count=14 22 8 53 134 15 1569 697 593 169 55 21 9 30 8 23 21 71 11 38 12 12 5520 26 16 534 21 188 31 91 25
internal_value=0.000131418 0.00155291 0.00135292 0.00216267 0.0132826 0.000611416 -0.00475163 0.00243148 0.0109066 -0.000647703 -0.00802028 0.0141035 -0.0322961 -0.0650633 -0.0163861 -0.00381802 0.0247825 0.0503159 0.0176385 -0.151095 -0.0121207 -0.00032405 -0.00463576 -0.00800715 -0.00688501 -0.00728977 -0.0102264 -0.0315478 0.00738751 -0.00496894
internal_weight=19842 7025 7004 6404 784 5620 1424 4196 748 12817 539 282 257 84 173 127 247 54 193 32 52 12278 1516 1184 1145 600 509 105 332 120
internal_count=10037 3500 3492 3199 318 2881 719 2162 303 6537 270 143 127 53 74 51 129 20 109 20 33 6267 747 576 560 293 240 52 171 80
is_linear=0
shrinkage=0.05


Tree=137
num_leaves=21
num_cat=0
split_feature=28 0 27 9 5 1 27 6 8 28 5 27 18 23 5 4 11 4 29 5
split_gain=8.38773 7.98545 12.401 7.81599 7.77727 15.9403 17.6098 8.16061 20.2943 7.1718 6.17428 5.53981 5.30445 4.94769 3.94131 2.49104 1.91925 1.18775 0.968382 0.217773
threshold=141.00000000000003 18.050000190734867 23.849999427795414 0.91595000028610241 -0.40500000119209284 91.500000000000014 8.4499998092651385 512.50000000000011 157.50000000000003 45.500000000000007 3.3449999094009404 3.7500000000000004 6.5499999523162851 41.500000000000007 -4.1349999904632559 1.0049999952316286 -0.60784998536109913 1.685000002384186 5.4500000476837167 1.4149999618530276
decision_type=2 2 2 2 2 2 2 2 2 2 2 2 2 2 2 2 2 2 2 2
left_child=1 3 4 11 7 6 -6 8 -3 12 -7 -1 18 -4 -9 -14 17 -13 -5 -2
right_child=19 2 13 9 5 10 -8 14 -10 -11 -12 16 15 -15 -16 -17 -18 -19 -20 -21
leaf_value=-0.03136762485784643 0.015773591697216035 -0.00077812589277871593 0.0047729799465751187 -0.032328952494121731 0.0006131574613263773 -0.0019753645794313773 0.0047729799465751187 -0.00077812589277871593 0.0047729799465751187 -0.0019753645794313773 0.0047729799465751187 -0.012800686672897261 -0.015759229627038168 0.0094244084363797331 -0.0019753645794313773 -0.0079627288458735349 -0.0019753645794313773 -0.0019753645794313773 -0.020392230044255097 0.02179817219575246
leaf_weight=17 30 5217 175 21 4104 1304 1715 1199 1384 77 256 87 68 168 3241 120 521 19 89 30
leaf_count=8 10 2796 62 7 2119 646 714 796 599 41 128 45 35 56 1608 56 247 9 45 10
internal_value=0.000119551 6.29349e-05 0.000297045 -0.00424777 0.000121551 0.00137829 0.00261926 -0.00071836 0.000419113 -0.0101079 -0.00197536 -0.00197536 -0.0139501 0.00942441 -0.00197536 -0.0088474 -0.00197536 -0.0102318 -0.0226711 0.0187859
internal_weight=19842 19782 18763 1019 18420 7379 5819 11041 6601 375 1560 644 298 343 4440 188 627 106 110 60
internal_count=10037 10017 9524 493 9406 3607 2833 5799 3395 184 774 309 143 118 2404 91 301 54 52 20
is_linear=0
shrinkage=0.05


Tree=138
num_leaves=18
num_cat=0
split_feature=28 25 7 7 25 10 26 14 18 10 1 28 10 23 26 23 3
split_gain=7.56637 7.25119 7.04881 17.8957 20.6452 14.3119 11.5098 10.6856 10.1338 9.59329 6.36895 4.25209 3.44278 1.63222 1.13382 0.366908 0.213647
threshold=141.00000000000003 3.3500000238418584 1024.4500122070315 1023.4500122070314 8.3499999046325701 -0.98295000195503224 29.300000190734867 48.000000000000007 9.3499999046325701 -0.37939999997615809 85.500000000000014 37.500000000000007 -0.37939999997615809 76.500000000000014 3.5000000000000004 35.500000000000007 121.50000000000001
decision_type=2 2 2 2 2 2 2 2 2 2 2 2 2 2 2 2 2
left_child=1 14 3 6 12 -4 9 -6 10 -3 -7 -10 -5 -8 -1 -16 -2
right_child=16 2 5 4 7 8 13 -9 11 -11 -12 -13 -14 -15 15 -17 -18
leaf_value=-0.031474979647568298 0.014862974360585214 0.0014273388060284389 -0.0097206464150880485 -0.0097206464150880485 0.0089552781238300804 -0.0011358729977626353 0.0043927091839489453 0.00084890540390360344 0.0010891178573909995 -0.0010640832332138182 -0.009488932699498881 0.0089552781238300804 -0.00032943458774382564 0.0089552781238300804 -0.020635656480278292 -0.0099681074682034954 0.020830201506614687
leaf_weight=13.999999999999998 30 6027 127 111 515 750 60 407 224 10765 328 152 113 156 13.999999999999998 19 30
leaf_count=14 10 3179 62 71 201 394 24 185 83 5439 129 70 74 59 14 19 10
internal_value=0.000117741 6.39683e-05 0.000110685 0.000389547 0.00643728 -0.00309138 -1.79499e-05 0.00895528 -0.0012122 -0.00016986 -0.00367743 0.00585567 -0.00725747 0.00895528 -0.019552 -0.0144937 0.0178466
internal_weight=19842 19782 19735 18154 1146 1581 17008 922 1454 16792 1078 376 224 216 47 33 60
internal_count=10037 10017 9970 9232 531 738 8701 386 676 8618 523 153 145 83 47 33 20
is_linear=0
shrinkage=0.05


Tree=139
num_leaves=22
num_cat=0
split_feature=17 0 0 27 23 5 23 27 0 9 3 28 25 5 7 26 7 6 7 7 8
split_gain=7.24731 8.18117 6.87412 10.342 12.4097 7.75299 12.8635 18.2456 7.68982 7.06324 6.17654 4.35543 2.78773 2.774 2.6341 1.99538 1.49421 1.25038 0.695091 0.692674 0.350963
threshold=0.091499999165534987 25.750000000000004 17.750000000000004 23.650000572204593 41.500000000000007 -0.095000002533197389 32.500000000000007 8.6500000953674334 29.849999427795414 0.91595000028610241 4.5000000000000009 34.500000000000007 8.0500001907348651 -2.1750000715255733 1016.9500122070314 11.949999809265138 1020.8500061035157 77.500000000000014 1023.1499938964845 1017.5499877929689 18.500000000000004
decision_type=2 2 2 2 2 2 2 2 2 2 2 2 2 2 2 2 2 2 2 2 2
left_child=1 -1 9 5 16 8 17 -8 10 12 -4 -11 18 -6 -15 -10 -5 -7 20 -3 -2
right_child=2 19 3 4 13 6 7 -9 15 11 -12 -13 -14 14 -16 -17 -18 -19 -20 -21 -22
leaf_value=-0.060616829134523868 -0.0060199328829896731 -0.010625418967449514 0.0017205869636773325 0.0042992917613922091 0.028456140090437499 0.00017540319715047428 0.00042217228649383518 0.0042992917613922091 0.0017205869636773325 -0.010625418967449514 -0.0012293818833263466 -0.0020664545376381667 -0.0020664545376381667 0.021415146707016747 0.011410440920812301 0.0042992917613922091 0.011410440920812301 -0.0020664545376381667 -0.010625418967449514 -0.023932891813191502 -0.010625418967449514
leaf_weight=9.9999999999999982 52 18.000000000000004 902 164 51 152 4444 1538 150 208 10445 62 373 81 54 290 39 727 53 10.999999999999998 18
leaf_count=10 33 18 573 60 17 76 2237 674 96 93 5307 34 153 27 18 119 13 428 30 11 10
internal_value=0.000119737 -0.021413 0.000162144 0.000349009 0.00841789 0.000180691 0.00151697 0.00241726 -0.000597132 -0.00448192 -0.000858118 -0.0106254 -0.00206645 0.0185216 0.0147685 0.00429929 0.00429929 -0.00206645 -0.00997341 -0.0106254 -0.00601993
internal_weight=19842 39 19803 19037 389 18648 6861 5982 11787 766 11347 270 496 186 135 440 203 879 123 29 70
internal_count=10037 39 9998 9645 135 9510 3415 2911 6095 353 5880 127 226 62 45 215 73 504 73 29 43
is_linear=0
shrinkage=0.05


Tree=140
num_leaves=31
num_cat=0
split_feature=8 5 11 1 4 23 8 7 29 4 28 8 7 5 17 23 8 23 24 18 12 25 7 12 17 8 26 25 20 3
split_gain=7.76023 23.8655 20.2389 14.0736 36.0755 30.7448 22.4635 23.374 18.217 15.0731 13.9317 12.5692 12.5157 11.1329 10.3961 10.3804 9.76115 9.46922 8.27238 8.24413 7.81427 7.17112 6.14378 11.7714 5.89612 3.74125 3.73665 3.26959 2.92057 2.36616
threshold=710.50000000000011 -1.7549999952316282 0.87834998965263378 60.500000000000007 -0.29500000178813929 52.500000000000007 397.50000000000006 1019.9500122070314 24.550000190734867 0.39499999582767492 108.50000000000001 705.50000000000011 1019.4500122070314 1.5950000286102297 0.092500001192092909 125.50000000000001 418.50000000000006 110.50000000000001 495.41499328613287 7.1499998569488534 0.81174999475479137 12.150000095367433 1014.8500061035157 -0.56175000965595234 0.096500001847744002 743.50000000000011 14.050000190734865 7.8500001430511483 15.949999809265138 35.500000000000007
decision_type=2 2 2 2 2 2 2 2 2 2 2 2 2 2 2 2 2 2 2 2 2 2 2 2 2 2 2 2 2 2
left_child=3 15 12 4 10 -6 18 -8 11 -10 20 14 13 25 19 21 -16 28 -7 -5 24 22 27 -24 -1 -3 -19 -2 -12 -23
right_child=1 2 -4 8 5 6 7 -9 9 -11 17 -13 -14 -15 16 -17 -18 26 -20 -21 -22 29 23 -25 -26 -27 -28 -29 -30 -31
leaf_value=-0.023454330587073378 -0.012237861069540184 -0.018708031943866187 0.052572901878092028 -0.063751524190107975 -0.086254649609327327 0.036463031503889298 -0.0099454067625580414 -0.04033301125873219 0.04507927635441656 0.012402141917979288 0.0054007330992923768 -0.026255118797222771 0.031007955040110918 0.019311013275926766 -0.00019515490921498689 0.028091373294591906 0.0034463781753197864 0.017035082157920389 -0.0014338961026320856 -0.01621470924941731 0.0054007330992923768 0.013121401242635869 -0.019330641539823831 -0.00098492391591776586 -0.0033226379376088211 0.002798176346681057 0.041245436469713848 0.0028309670242226393 0.016892209420432975 0.0028309670242226393
leaf_weight=38 36 42 36 12.000000000000002 15.999999999999998 18 149 110 46 30 57 45 61 66 15029 32 2097 34 72 11.999999999999998 73 108 132 259 848 39 30 220 36 42
leaf_count=21 36 17 12 12 8 6 88 78 17 10 19 15 21 22 7674 13 1012 12 46 12 25 36 92 124 443 13 10 99 12 14
internal_value=7.88819e-05 0.00421435 0.0179591 -0.000157752 -0.00483543 -0.0184808 -0.0153736 -0.0228513 0.000243362 0.0246689 -0.000372571 0.000135404 0.0119683 0.00406747 0.00020465 0.000168842 0.000250734 0.0134344 0.00614549 -0.0326802 -0.00263294 -0.000952264 -0.0032359 -0.00717836 -0.00418607 -0.00835319 0.0283837 0.00278559 0.00540073 0.00889784
internal_weight=19825 1073 244 18752 1481 365 349 259 17271 76 1116 17195 208 147 17150 829 17126 157 90 24 959 797 647 391 886 81 64 256 93 150
internal_count=10019 499 85 9520 768 226 218 166 8752 27 542 8725 73 52 8710 414 8686 53 52 24 489 401 351 216 464 30 22 135 31 50
is_linear=0
shrinkage=0.05


Tree=141
num_leaves=25
num_cat=0
split_feature=1 18 9 6 25 24 7 7 3 5 29 4 28 28 25 25 15 24 4 5 20 7 20 7
split_gain=7.75303 7.84516 8.36231 19.5018 11.7828 11.7645 11.1255 11.1995 10.3029 12.6968 7.66371 5.22208 4.79869 4.64867 4.26279 3.8724 2.67031 2.58205 1.74179 1.78267 1.59049 0.773583 0.156361 0.0690292
threshold=98.500000000000014 24.550000190734867 0.60354998707771312 342.50000000000006 14.449999809265138 336.25000000000006 1009.8500061035157 1019.7500000000001 200.50000000000003 5.0150001049041757 11.550000190734865 -0.54500001668930043 48.500000000000007 34.500000000000007 4.4500000476837167 7.7500000000000009 1.310000002384186 84.58499908447267 0.28499999642372137 -0.88499999046325672 14.150000095367433 1021.0499877929689 15.949999809265138 1015.8500061035157
decision_type=2 2 2 2 2 2 2 2 2 2 2 2 2 2 2 2 2 2 2 2 2 2 2 2
left_child=1 2 3 5 8 15 16 -8 14 -10 17 -7 21 -3 -4 -1 -5 -2 -12 -20 23 -6 -22 -15
right_child=10 13 4 6 12 11 7 -9 9 -11 18 -13 -14 20 -16 -17 -18 -19 19 -21 22 -23 -24 -25
leaf_value=0.0030860850011870875 0.004408543777265927 0.0049468667506990258 -0.018159544082551167 -0.024327678877418324 0.0010512381788184576 0.0030860850011870875 0.00096761029526580837 -0.0024084316121674391 -0.0039920845665807623 -0.042998767998956501 0.0077668951503161721 0.0012253032516751493 0.0049468667506990258 0.010822936961418263 0.0010512381788184576 0.0049468667506990258 -0.0070480031064814987 -0.01624106407786409 0.015359034146303716 0.029993412839738949 0.019544036918216282 0.0029990524647587418 0.024302976259163448 0.014196813495262809
leaf_weight=365 41 73 29 59 324 1015 5335 4553 3175 21 29 1306 201 24 1136 1857 36 24 46 38 45 42 28 23
leaf_count=253 16 59 29 28 110 412 2731 2271 1826 13 10 600 69 12 735 733 15 11 16 13 19 16 14 8
internal_value=7.51906e-05 -1.89249e-05 -0.000118442 0.000485355 -0.00189822 0.00320113 -0.000750521 -0.000586912 -0.0027798 -0.00424839 0.0104633 0.0012253 0.00488227 0.0100122 0.00105124 0.00494687 -0.0177796 -0.00321593 0.0183319 0.0219793 0.016699 0.00105124 0.0213694 0.0108229
internal_weight=19825 19647 19454 14526 4928 4543 9983 9888 4361 3196 178 2321 567 193 1165 2222 95 65 113 84 120 366 73 47
internal_count=10019 9953 9841 7043 2798 1998 5045 5002 2603 1839 66 1012 195 112 764 986 43 27 39 29 53 126 33 20
is_linear=0
shrinkage=0.05


Tree=142
num_leaves=31
num_cat=0
split_feature=1 1 9 3 7 27 12 7 7 5 24 7 9 17 23 4 4 23 9 5 10 12 12 22 10 25 29 22 11 10
split_gain=6.99347 7.51857 14.3466 34.4309 16.0205 14.1551 10.4443 13.0175 29.1593 10.2924 24.554 37.3768 38.8612 25.3861 14.3905 13.3419 10.0343 9.11164 8.84013 8.09275 22.0019 19.8819 17.0146 34.6953 24.1753 8.95665 6.9165 6.77959 5.37218 3.86459
threshold=98.500000000000014 93.500000000000014 -1.0000000180025095e-35 39.500000000000007 1024.850036621094 7.3500001430511483 1.0000000180025095e-35 1019.2500000000001 1018.9500122070314 -0.25499999523162836 209.58499908447268 1020.0499877929689 -1.0000000180025095e-35 0.10050000250339509 30.500000000000004 1.8450000286102297 1.1549999713897707 76.500000000000014 0.98295000195503246 -4.0450000762939444 0.60354998707771312 -0.56175000965595234 -0.56175000965595234 4.0499999523162851 -0.98295000195503224 14.650000095367433 11.550000190734865 13.550000190734865 0.60784998536109935 0.3793999999761582
decision_type=2 2 2 2 2 2 2 2 2 2 2 2 2 2 2 2 2 2 2 2 2 2 2 2 2 2 2 2 2 2
left_child=1 9 3 -3 5 -5 16 8 -8 19 11 12 -11 15 -15 -12 17 -4 -18 20 21 -1 23 -21 -24 -22 29 -9 -13 -2
right_child=26 2 6 4 -6 -7 7 27 -10 10 13 28 -14 14 -16 -17 18 -19 -20 22 25 -23 24 -25 -26 -27 -28 -29 -30 -31
leaf_value=-0.0028178698435644359 0.0071800896465091107 0.052689571155084151 -0.0039704653294393216 -0.010657385848885911 -0.044595219029320614 0.015743956520843008 -0.0065890660986486008 -0.0083409335153798274 -0.049346888666751527 0.0045562418145549833 -0.0037189750307968839 0.0045562418145549833 0.026412590896842586 -0.0037189750307968839 0.002641262754172014 -0.018815712633128798 0.0061456480814817069 0.030214547216892242 0.041332484355994632 -0.00980506970663555 -0.0059473284843299824 0.010573319150040165 -0.017374110488749261 0.0044051642246442264 -0.0020279095359310158 0.020725035306179165 0.017415309638048698 0.0034004276792283157 0.022494669064348952 -0.013918679172324167
leaf_weight=409 28 37 768 88 18 120 123 474 59 104 377 485 438 335 4304 225 119 20 21 521 681 860 268 2447 6050 33 113 166 97 37
leaf_count=322 10 14 407 52 6 56 71 240 34 47 216 188 188 199 2085 154 58 8 8 257 414 495 132 1164 3000 11 39 81 46 17
internal_value=7.39967e-05 -1.53897e-05 -0.00291035 0.00797804 0.000658013 0.00457416 -0.00454672 -0.00865092 -0.0204501 0.000315083 0.00192238 0.00862827 0.0189364 0.000484218 0.00173778 -0.00917573 -0.000911328 -0.00310283 0.0114237 -0.000592757 0.00230678 0.00625733 -0.00121194 0.00191071 -0.00267887 -0.00471457 0.00994015 -0.00529552 0.00455624 -0.00305513
internal_weight=19825 19647 2013 263 226 208 1750 822 182 17634 6365 1124 542 5241 4639 602 928 788 140 11269 1983 1269 9286 2968 6318 714 178 640 582 65
internal_count=10019 9953 1035 128 114 108 907 426 105 8918 3123 469 235 2654 2284 370 481 415 66 5795 1242 817 4553 1421 3132 425 66 321 234 27
is_linear=0
shrinkage=0.05


Tree=143
num_leaves=30
num_cat=0
split_feature=8 5 13 8 1 5 23 1 29 1 8 5 25 5 18 23 17 8 18 25 8 12 8 5 1 8 23 25 24
split_gain=6.95729 21.344 17.6863 13.8028 12.2495 32.5336 25.1546 22.6805 16.3174 13.5517 11.3715 9.87791 16.2535 13.2942 9.06672 9.00756 8.97635 9.07065 7.44194 6.16752 5.3934 4.78641 5.41335 2.49328 2.02676 1.56631 2.84397 1.01128 0.282905
threshold=710.50000000000011 -1.7549999952316282 1.0000000180025095e-35 799.50000000000011 60.500000000000007 2.6049998998641972 52.500000000000007 53.500000000000007 24.550000190734867 69.500000000000014 705.50000000000011 -0.40500000119209284 10.34999990463257 -3.814999938011169 5.0499999523162851 125.50000000000001 0.092500001192092909 418.50000000000006 7.1499998569488534 12.449999809265138 645.50000000000011 1.0000000180025095e-35 815.00000000000011 -2.2949999570846553 59.500000000000007 448.50000000000006 100.50000000000001 7.8500001430511483 501.25000000000006
decision_type=2 2 2 2 2 2 2 2 2 2 2 2 2 2 2 2 2 2 2 2 2 2 2 2 2 2 2 2 2
left_child=4 15 14 -4 5 6 -1 20 10 -10 16 13 -13 -8 24 19 18 -18 -6 21 -7 22 -2 28 -3 -9 -27 -23 -21
right_child=1 2 3 -5 8 7 11 25 9 -11 -12 12 -14 -15 -16 -17 17 -19 -20 23 -22 27 -24 -25 -26 26 -28 -29 -30
leaf_value=-0.055111023648218675 -0.0026353909572376715 0.02741267136706595 -0.021078179670231685 0.016697230673672861 -0.060023128117124229 -0.038543277028305782 0.0087819508815536636 0.00032554359640926125 0.01170623019970838 0.049433064268481347 -0.025005072967873684 -0.0021386589859163458 0.023458704474673728 -0.0059883957083940271 0.049841633852985172 0.026149138156324626 -0.00022447257464628691 0.0032858967547681099 -0.015094535089693729 0.012621666842380978 -0.070586376854528995 -0.0068542616764226787 -0.015464137707202308 0.0032162712260710748 0.01376227320959935 -0.022590109845623374 -0.0017929772362112999 0.0032162712260710748 0.0086178872734308243
leaf_weight=22 302 57 42 57 12.000000000000002 29 185 20 45 31 45 166 99 863 36 32 15029 2097 11.999999999999998 42 24 26 113 30 52 48 25 230 54
leaf_count=11 169 19 17 19 12 15 105 17 15 12 15 104 34 396 12 13 7674 1012 12 14 17 19 71 10 18 46 23 100 18
internal_value=4.86838e-05 0.00396437 0.0169628 0.000671299 -0.000175374 -0.00453939 -0.00208867 -0.0269484 0.000198844 0.0233158 9.66695e-05 -0.00120025 0.00742413 -0.00338103 0.0280859 0.000138536 0.000162534 0.000205356 -0.0303944 -0.000905804 -0.0530534 -0.00281179 -0.00612852 0.00924433 0.0209006 -0.0120714 -0.0154678 0.00256493 0.0126217
internal_weight=19825 1073 244 99 18752 1481 1335 146 17271 76 17195 1313 265 1048 145 829 17150 17126 24 797 53 671 415 126 109 93 73 256 96
internal_count=10019 499 85 36 9520 768 650 118 8752 27 8725 639 138 501 49 414 8710 8686 24 401 32 359 240 42 37 86 69 119 32
is_linear=0
shrinkage=0.05


Tree=144
num_leaves=31
num_cat=0
split_feature=18 7 23 1 7 10 12 8 28 28 23 18 7 9 3 27 7 9 27 29 13 1 28 9 20 8 28 1 20 7
split_gain=6.47063 6.73397 37.7111 25.6279 18 16.0489 56.7498 74.0532 79.5374 55.0948 72.7181 26.6425 14.2618 15.0984 40.7524 13.7771 34.5875 16.5657 9.64378 9.47919 9.43146 8.96862 4.06962 1.84407 1.45504 1.43129 1.02909 0.674332 0.134491 0.0537783
threshold=24.550000190734867 1014.9500122070314 42.500000000000007 85.500000000000014 1011.8500061035157 -0.98295000195503224 0.81174999475479137 427.50000000000006 57.500000000000007 37.500000000000007 63.500000000000007 4.3500001430511483 1015.5499877929689 0.3793999999761582 164.50000000000003 6.8500001430511483 1017.4500122070314 -0.37939999997615809 9.6500000953674334 5.6499998569488534 1.0000000180025095e-35 79.500000000000014 34.500000000000007 0.3793999999761582 14.150000095367433 12.500000000000002 15.500000000000002 49.500000000000007 15.949999809265138 1015.8500061035157
decision_type=2 2 2 2 2 2 2 2 2 2 2 2 2 2 2 2 2 2 2 2 2 2 2 2 2 2 2 2 2 2
left_child=1 2 3 18 20 6 9 8 -8 10 -3 -11 13 14 -7 16 -14 -17 -1 -15 25 -20 -2 -5 29 -4 -25 -6 -26 -24
right_child=22 5 4 23 27 12 7 -9 -10 11 -12 -13 15 19 -16 17 -18 -19 21 -21 -22 -23 24 26 28 -27 -28 -29 -30 -31
leaf_value=-0.048625517264008523 0.0045568300462508083 -0.072214898963769286 -0.0022685837557931596 -0.016275063653786979 -0.0022685837557931596 -0.0027922439314424993 -0.093935148394297049 0.0045568300462508083 0.0045568300462508083 -0.014045654597916013 -0.014045654597916013 0.0045568300462508083 -0.011767155018407912 -0.029045045402433189 -0.036772406089305876 0.0045568300462508083 -0.00022416742588728512 0.00043193106774656279 -0.031732862131474047 0.0045568300462508083 -0.0022685837557931596 -0.0089461145848035821 0.01000697166295071 -0.01162171336381059 0.01824680401219262 0.0045568300462508083 -0.0022685837557931596 0.0045568300462508083 0.022660394225801742 0.013250135274037071
leaf_weight=32 73 66 49 24 210 300 63 32 21 126 54 439 742 21 125 1428 5176 7665 76 165 327 100 24 38 45 218 344 1791 28 23
leaf_count=13 59 33 18 12 112 144 35 13 14 72 20 215 474 15 56 622 2678 3792 50 100 147 63 12 19 19 88 295 807 14 8
internal_value=4.63824e-05 -4.31815e-05 0.00205173 -0.009094 0.00455683 -0.000452519 -0.00735521 -0.0396961 -0.0655026 -0.0018785 -0.0326481 0.00455683 -9.85917e-05 -0.00758673 -0.0127864 0.000206202 -0.00167143 0.00142822 -0.0233766 0.00429426 -0.00226858 -0.0187858 0.00915684 -0.00226858 0.0154571 0.00455683 -0.00226858 0.00455683 0.0199397 0.010007
internal_weight=19825 19632 3209 614 2595 16423 801 116 84 685 120 565 15622 611 425 15011 5918 9093 208 186 594 176 193 406 120 267 382 2001 73 47
internal_count=10019 9907 1624 452 1172 8283 402 62 49 340 53 287 7881 315 200 7566 3152 4414 126 115 253 113 112 326 53 106 314 919 33 20
is_linear=0
shrinkage=0.05


Tree=145
num_leaves=31
num_cat=0
split_feature=7 10 11 7 14 27 0 9 1 2 23 18 12 10 10 25 26 10 26 9 24 10 7 10 18 4 11 18 1 28
split_gain=7.38836 25.3228 22.6519 17.7287 21.6174 41.1507 21.0828 28.0451 13.953 22.7006 13.5705 13.3849 16.5112 12.388 12.2386 14.9911 11.2693 13.193 9.1753 8.61184 8.47572 7.99269 25.7485 36.6368 22.6959 13.2655 13.3569 9.35884 7.66089 6.42782
threshold=1024.549987792969 -0.98295000195503224 1.0000000180025095e-35 1023.4500122070314 48.000000000000007 8.6500000953674334 20.750000000000004 -1.0000000180025095e-35 79.500000000000014 1.794999957084656 79.500000000000014 4.4500000476837167 1.0000000180025095e-35 -0.37939999997615809 -0.6035499870777129 9.4499998092651385 29.300000190734867 -0.91595000028610218 12.949999809265138 -0.37939999997615809 1480.0000000000002 -0.37939999997615809 1017.2500000000001 -0.91595000028610218 3.1499999761581425 2.5649999380111699 -0.87834998965263356 4.4500000476837167 69.500000000000014 63.500000000000007
decision_type=2 2 2 2 2 2 2 2 2 2 2 2 2 2 2 2 2 2 2 2 2 2 2 2 2 2 2 2 2 2
left_child=3 2 28 16 5 10 -7 -8 9 -4 -5 12 -3 18 15 -6 21 -18 -13 20 -15 22 24 -24 -1 26 -23 -27 -2 -21
right_child=1 11 8 4 14 6 7 -9 -10 -11 -12 13 -14 19 -16 -17 17 -19 -20 29 -22 25 23 -25 -26 27 -28 -29 -30 -31
leaf_value=-0.0063147302552619402 -0.08326109409332276 -0.0035158113503470272 0.0044884749330007115 0.0047370983837008015 -0.03211861339612649 0.017941450098511735 0.032534007018222288 0.083040563265482592 0.017512180407842002 -0.066365805268287656 0.017941450098511735 -0.002679114983555015 -0.026592888769840724 0.029849498809837716 0.0027727266226935648 0.0012277354885424888 0.035731022195382552 0.0055363491314730836 0.016723179239293198 -0.002679114983555015 -0.002679114983555015 -0.0055271086865214085 -0.0072512730436511616 0.0025633404607837383 0.0055363491314730836 -0.023806970119476318 -0.00057073863086729243 0.0055363491314730836 -0.038979902757065643 0.012911806401351226
leaf_weight=408 14.999999999999998 421 26 447 65 94 66 36 30 20 113 70 95 41 368 70 44 172 201 458 28 1597 1488 2634 1497 45 9133 162 28 69
leaf_count=210 8 228 9 214 37 34 24 12 10 14 52 38 38 20 174 35 19 64 75 202 14 771 763 1363 852 28 4617 96 17 33
internal_value=7.92863e-05 -0.00329284 -0.0254252 0.000353972 0.00608111 0.0114253 0.0311458 0.0471266 -0.00901645 -0.0263177 0.0047371 -0.00138846 -0.0077645 0.00240627 -0.0019511 -0.0148279 -6.5729e-05 0.0112829 0.0112697 -0.0016239 0.0152552 -0.00021023 0.00125178 -0.000979635 0.00553635 -0.00101589 -0.00130842 0.00553635 -0.0544268 -0.00267911
internal_weight=19941 1502 119 18439 1259 756 196 102 76 46 560 1383 516 867 503 135 17180 216 271 596 69 16964 6027 4122 1905 10937 10730 207 43 527
internal_count=10071 706 58 9365 582 336 70 36 33 23 266 648 266 382 246 72 8783 83 113 269 34 8700 3188 2126 1062 5512 5388 124 25 235
is_linear=0
shrinkage=0.05


Tree=146
num_leaves=31
num_cat=0
split_feature=1 8 14 2 8 7 11 5 28 1 29 7 5 7 23 11 0 7 9 29 9 8 27 6 12 23 5 11 10 23
split_gain=7.20445 54.6168 27.1324 14.66 42.3518 73.615 14.1164 26.2323 30.6633 27.6017 24.1102 24.0735 16.6443 14.1651 33.8107 13.3332 12.6082 11.9387 56.0312 27.7805 15.3437 21.1885 11.5688 8.99712 8.97094 8.17392 6.19276 5.54725 4.25078 4.0518
threshold=80.500000000000014 397.50000000000006 33.000000000000007 1.0149999856948855 526.50000000000011 1016.4500122070314 0.60784998536109935 -1.9350000023841856 35.500000000000007 77.500000000000014 5.4500000476837167 1011.6499938964845 -3.814999938011169 1014.8500061035157 42.500000000000007 -0.87834998965263356 25.150000572204593 1017.3500061035157 -0.91595000028610218 12.949999809265138 -0.91595000028610218 70.500000000000014 2.3500000238418584 362.50000000000006 1.0000000180025095e-35 51.500000000000007 -1.0000000180025095e-35 -0.60784998536109913 -1.0000000180025095e-35 68.500000000000014
decision_type=2 2 2 2 2 2 2 2 2 2 2 2 2 2 2 2 2 2 2 2 2 2 2 2 2 2 2 2 2 2
left_child=3 16 -3 4 -1 -6 11 8 9 -8 25 22 -10 14 -13 -15 17 18 28 -20 -19 -22 -5 29 -4 -9 -7 -24 -2 -18
right_child=1 2 24 6 5 26 7 10 12 -11 -12 13 -14 15 -16 -17 23 20 19 -21 21 -23 27 -25 -26 -27 -28 -29 -30 -31
leaf_value=0.0058086129764563892 -0.068909144202868144 -0.00076503142200667288 -0.044056980567319055 -0.035077184919527798 0.11094128644024884 0.030537030542338334 -0.080364410819545873 -0.047505706548690796 0.0033691979070098544 -0.026774184203394572 0.0058086129764563892 -0.026547311659879891 -0.01035434164214803 0.0058086129764563892 0.0058086129764563892 0.00011877846147990609 0.016153780583824433 0.006360762559373366 -0.0044798434076208241 0.006360762559373366 0.00075480431451194435 -0.0081179281065861374 -0.011594451511197763 0.006360762559373366 -0.084255042801732613 -0.0056281168204633057 0.0058086129764563892 0.0029895504261111166 -0.039337042858824139 0.037653983136018115
leaf_weight=284 14.999999999999998 29 35 43 27 27 31 11.999999999999998 312 17 514 83 757 775 1307 4332 56 243 2364 443 6542 750 230 69 23 402 28 91 64 36
leaf_count=118 13 16 15 19 9 11 19 6 160 8 212 54 448 339 572 2058 20 110 1550 175 3201 389 102 34 10 298 12 37 42 14
internal_value=8.69961e-05 -0.00079898 -0.0402534 0.00110646 0.0109138 0.0433259 0.000703419 -0.00294275 -0.0081044 -0.0471994 0.00327014 0.0017902 -0.00634897 0.00249124 0.00580861 0.0012332 -0.000474605 -0.000689126 -0.00342368 -0.00225491 0.000358243 -0.000157778 -0.0107225 0.0134107 -0.0599976 -0.00684196 0.0101328 -0.00746005 -0.044952 0.0245669
internal_weight=19941 10669 87 9272 366 82 8906 2045 1117 48 928 6861 1069 6497 1390 5107 10582 10421 2886 2807 7535 7292 364 161 58 414 55 321 79 92
internal_count=10071 5589 41 4482 150 32 4332 1151 635 27 516 3181 608 3023 626 2397 5548 5480 1780 1725 3700 3590 158 68 25 304 23 139 55 34
is_linear=0
shrinkage=0.05


Tree=147
num_leaves=31
num_cat=0
split_feature=7 10 8 7 7 7 14 29 6 8 11 18 28 29 24 27 10 7 11 26 7 10 10 0 18 8 7 9 8 9
split_gain=7.08809 22.4505 35.3439 19.5425 18.7158 15.1804 19.0418 44.0453 25.4013 14.1335 11.8555 11.7271 11.5156 11.5011 18.7429 10.1222 12.1593 10.1206 14.0736 10.1175 9.57743 20.2005 9.6006 6.92224 4.87944 4.39773 4.21806 4.04833 3.78622 3.49728
threshold=1024.549987792969 -0.98295000195503224 169.50000000000003 1027.850036621094 1026.7500000000002 1023.4500122070314 48.000000000000007 11.150000095367433 617.50000000000011 177.50000000000003 -0.87834998965263356 3.4500000476837163 63.500000000000007 24.550000190734867 142.08499908447268 7.4500000476837167 -1.0000000180025095e-35 1025.2500000000002 0.87834998965263378 29.300000190734867 1022.8500061035157 -0.91595000028610218 -0.37939999997615809 19.849999427795414 9.3499999046325701 394.50000000000006 1024.6499633789065 -0.91595000028610218 35.500000000000007 0.60354998707771312
decision_type=2 2 2 2 2 2 2 2 2 2 2 2 2 2 2 2 2 2 2 2 2 2 2 2 2 2 2 2 2 2
left_child=5 2 -2 4 26 13 7 15 -9 23 -3 12 29 19 -15 27 -17 24 -19 20 22 -22 -1 -8 -13 -11 -4 -7 -21 -12
right_child=1 10 3 -5 -6 6 9 8 -10 25 11 17 -14 14 -16 16 -18 18 -20 28 21 -23 -24 -25 -26 -27 -28 -29 -30 -31
leaf_value=0.0016835444501059676 0.047718191146850587 -0.014978957727241018 -0.015040277613496239 0.0062935702178789216 -0.089346624675549963 0.010480346718280411 -0.0056012722483018834 0.075985963833637732 0.026875062655468462 -0.02669014853353684 -0.023237835789720218 -0.0026878863045805331 -0.0026878863045805331 0.051553808711469175 0.010446951001529564 0.010480346718280411 0.026875062655468462 0.004904211179668598 0.034071307513448931 0.0051102222944682269 -0.026432608447822872 -0.0024942917151130123 -0.00086882260190140025 0.0044172288591651241 0.0062196898727844927 -0.001645379886031151 -0.04229745365679264 0.0044172288591651241 0.010446951001529564 -0.010864748615122932
leaf_weight=5687 14.999999999999998 144 22 23 19 135 196 39 36 65 120 222 161 32 33 114 82 511 45 55 102 648 10462 218 156 24 40 350 161 24
leaf_count=3015 5 73 8 8 14 61 102 13 12 33 47 116 112 13 11 45 32 212 19 21 49 338 5274 95 59 16 23 173 62 10
internal_value=0.000110009 -0.00319289 -0.0240323 -0.0343809 -0.0459305 0.000379056 0.00567864 0.0106944 0.0470609 -0.00185991 -0.00139976 0.00017845 -0.00833398 -9.31281e-06 0.0209829 0.00668924 0.0165435 0.0029582 0.00726486 -8.9038e-05 -0.000226506 -0.0057499 3.00139e-05 0.00202612 -0.00268789 -0.0199365 -0.0326256 0.00441723 0.010447 -0.0190416
internal_weight=19941 1502 119 104 81 18439 1259 756 75 503 1383 1239 305 17180 65 681 196 934 556 17115 16899 750 16149 414 378 89 62 485 216 144
internal_count=10071 706 58 53 45 9365 582 336 25 246 648 575 169 8783 24 311 77 406 231 8759 8676 387 8289 197 175 49 31 234 83 57
is_linear=0
shrinkage=0.05


Tree=148
num_leaves=31
num_cat=0
split_feature=7 10 8 7 7 7 26 29 6 10 11 18 29 24 26 7 10 10 29 7 5 10 4 9 4 7 6 11 8 7
split_gain=6.47073 20.2133 31.8979 17.6371 16.891 13.4576 17.3003 43.3957 23.4801 14.2781 10.6571 10.5362 9.88177 17.2832 9.25041 8.64363 18.2309 8.66455 7.97484 11.9111 8.73903 7.55682 19.2498 6.52718 5.15068 3.8068 3.58247 3.47046 3.42214 1.77853
threshold=1024.549987792969 -0.98295000195503224 169.50000000000003 1027.850036621094 1026.7500000000002 1023.4500122070314 11.750000000000002 11.150000095367433 617.50000000000011 -0.98295000195503224 -0.87834998965263356 9.3499999046325701 24.550000190734867 142.08499908447268 29.300000190734867 1022.8500061035157 -0.91595000028610218 -0.37939999997615809 7.3500001430511483 1023.7500000000001 3.8950001001358037 -0.91595000028610218 0.30500000715255743 0.78654998540878307 0.64499998092651378 1024.6499633789065 1092.5000000000002 -0.60784998536109913 35.500000000000007 1024.2500000000002
decision_type=2 2 2 2 2 2 2 2 2 2 2 2 2 2 2 2 2 2 2 2 2 2 2 2 2 2 2 2 2 2
left_child=5 2 -2 4 25 12 9 18 -9 -7 -3 21 14 -14 15 17 -17 -1 20 -20 -8 26 -23 24 -13 -4 -12 -11 -16 -29
right_child=1 10 3 -5 -6 6 7 8 -10 27 11 23 13 -15 28 16 -18 -19 19 -21 -22 22 -24 -25 -26 -27 -28 29 -30 -31
leaf_value=0.0015993672916698835 0.045332281589508056 -0.014230009840038192 -0.014288263695991852 0.0059788917069849767 -0.084879292939838619 -0.05118434064918094 -0.00057846683101427522 0.072186666268568775 0.024724784918864651 -0.01799021770970689 0.0022878208083529383 0.0055744649609550841 0.04897611807100475 0.0096825704284640157 0.0047336946717463487 -0.025110977535665619 -0.0023695770525322319 -0.0008253815048726975 0.024724784918864651 0.007456840858010883 0.007456840858010883 0.0011903138193425757 -0.015409800133161379 0.0022878208083529383 0.020088478353503358 -0.040182580575346953 -0.019233896768289724 -0.00057846683101427522 0.0096825704284640157 -0.015494529083371162
leaf_weight=5687 14.999999999999998 144 22 23 19 18 593 39 36 36 109 128 32 33 55 102 648 10462 89 171 149 451 285 113 117 40 36 108 161 20
leaf_count=3015 5 73 8 8 14 12 270 13 12 22 44 56 13 11 21 49 338 5274 32 68 62 237 134 40 45 23 19 74 62 17
internal_value=9.89146e-05 -0.00305687 -0.0228307 -0.0326619 -0.043634 0.000355978 0.00534579 0.00775521 0.0444402 -0.00891214 -0.00135543 0.000140888 -9.69045e-06 0.0194487 -8.35904e-05 -0.000215181 -0.00546241 2.85133e-05 0.00500933 0.0125448 0.00236885 -0.00279832 -0.00523772 0.00737396 0.0125056 -0.0309943 0.00228782 -0.00427251 0.00968257 -0.000578467
internal_weight=19941 1502 119 104 81 18439 1259 1077 75 182 1383 1239 17180 65 17115 16899 750 16149 1002 260 742 881 736 358 245 62 145 164 216 128
internal_count=10071 706 58 53 45 9365 582 457 25 125 648 575 8783 24 8759 8676 387 8289 432 100 332 434 371 141 101 31 63 113 83 91
is_linear=0
shrinkage=0.05


Tree=149
num_leaves=31
num_cat=0
split_feature=1 8 14 24 7 0 11 28 2 8 7 20 1 5 4 9 8 7 7 7 5 29 28 9 11 28 5 12 3 11
split_gain=6.37014 48.7488 24.2964 14.2672 20.2492 16.0217 14.3631 35.5371 27.5636 23.9649 21.8138 18.0907 21.0955 13.3574 11.9978 25.5321 16.2191 17.1285 16.345 45.2652 18.5121 14.5425 10.887 10.6581 8.79098 8.0406 7.75698 7.67715 7.42216 7.11479
threshold=80.500000000000014 397.50000000000006 33.000000000000007 75.415000915527358 1023.7500000000001 20.750000000000004 0.60784998536109935 35.500000000000007 3.3199999332427983 406.50000000000006 1011.6499938964845 11.150000095367433 64.500000000000014 -3.814999938011169 -3.3850001096725459 -0.78654998540878285 112.50000000000001 1014.7500000000001 1024.1499633789065 1024.350036621094 -0.98500001430511464 5.9500000476837167 89.500000000000014 -1.0000000180025095e-35 -0.60784998536109913 44.500000000000007 -2.1750000715255733 1.0000000180025095e-35 114.50000000000001 -1.0000000180025095e-35
decision_type=2 2 2 2 2 2 2 2 2 2 2 2 2 2 2 2 2 2 2 2 2 2 2 2 2 2 2 2 2 2
left_child=3 14 -3 4 5 -1 10 9 25 -8 24 12 -12 -10 15 22 17 21 20 -20 -18 -16 -2 -19 28 -9 -13 -4 -5 -17
right_child=1 2 27 6 -6 -7 7 8 13 -11 11 26 -14 -15 16 29 18 23 19 -21 -22 -23 -24 -25 -26 -27 -28 -29 -30 -31
leaf_value=0.0058214248251306205 0.014092373614095981 -0.00064206976315070842 -0.041947174242564611 -0.021764624776069524 0.0058214248251306205 0.02912740362605647 -0.0220933483119433 -0.00024076006404392982 -0.00024076006404392982 -0.080811054011185976 -0.0038644034009257555 0.0058214248251306205 0.0031862963920314641 -0.009361531815319464 -0.033026049457257615 -0.018887804085751636 -0.0010281197308581703 0.0042962349631965177 0.062350794871648157 -0.0050429587390235795 -0.017452091912657602 -0.0052370042010414404 0.044569456066404077 -0.00027761531194179763 0.0030222973771432929 0.0058214248251306205 0.0032985872187351207 -0.079133743306864873 -0.0049600345824342383 0.0088610410012982099
leaf_weight=37 180 29 35 157 128 184 32 77 312 24 1612 669 3103 966 50 77 294 1559 30 147 412 806 35 6959 94 640 1124 23 113 33
leaf_count=18 86 16 15 59 48 68 21 45 160 12 817 273 1484 595 37 38 151 720 10 61 231 519 12 3669 40 323 460 10 59 14
internal_value=9.80727e-05 -0.000735025 -0.0380097 0.00105669 0.010974 0.0222832 0.0006688 -0.00300316 -0.00190048 -0.0422862 0.00176472 0.00243095 0.00077575 -0.00630294 -0.00042857 0.00902957 -0.000728258 -0.000118031 -0.00720648 0.00637971 -0.0106126 -0.0068602 0.0190538 0.00055951 -0.0101468 0.00582142 0.00582142 -0.0566936 -0.0147316 -0.0105632
internal_weight=19941 10669 87 9272 349 221 8923 2051 1995 56 6872 6508 4715 1278 10582 325 10257 9374 883 177 706 856 215 8518 364 717 1793 58 270 110
internal_count=10071 5589 41 4482 134 86 4348 1156 1123 33 3192 3034 2301 755 5548 150 5398 4945 453 71 382 556 98 4389 158 368 733 25 118 52
is_linear=0
shrinkage=0.05


Tree=150
num_leaves=23
num_cat=0
split_feature=18 23 9 2 27 23 9 7 10 5 23 10 12 7 21 21 11 7 7 4 10 5
split_gain=5.98551 7.98931 22.6662 7.78042 11.7642 12.6926 6.29721 4.65859 6.19263 4.37541 4.06596 4.3037 7.88359 3.93384 3.48907 2.50213 1.73826 1.33824 0.31231 0.131381 0.100008 0.00481313
threshold=24.550000190734867 22.500000000000004 0.3793999999761582 2.7649999856948857 8.2500000000000018 58.500000000000007 -0.6035499870777129 1016.9500122070314 0.60354998707771312 5.4549999237060556 11.500000000000002 1.0000000180025095e-35 1.0000000180025095e-35 1021.4500122070314 15.650000095367433 17.750000000000004 0.60784998536109935 1018.8500061035157 1020.6499938964845 -1.0000000180025095e-35 -0.37939999997615809 -3.3950001001358028
decision_type=2 2 2 2 2 2 2 2 2 2 2 2 2 2 2 2 2 2 2 2 2 2
left_child=1 2 -1 4 -3 13 9 8 -8 -5 16 -12 -13 -6 -2 -9 18 20 -4 -19 -16 -22
right_child=14 3 10 6 5 -7 7 15 -10 -11 11 12 -14 -15 17 -17 -18 19 -20 -21 21 -23
leaf_value=-0.04844880966203554 0.004567400267863511 0.00041551773529238998 -0.0073398716486773501 0.00041551773529238998 0.0016929803556392357 0.004567400267863511 0.00041551773529238998 -0.0018471157326287711 -0.0018471157326287711 -0.0018471157326287711 -0.0018471157326287711 -0.0073398716486773501 -0.0018471157326287711 0.0031301903117513736 0.021324284481150764 0.00041551773529238998 -0.020864048982277894 0.015363902474443117 -0.012630421508635796 0.0096704235353156417 0.017054197440544764 0.018066389664359715
leaf_weight=28 69 2722 28 4664 2650 1636 888 2735 969 315 643 237 100 1611 28 360 39 14.999999999999998 28 30 24 23
leaf_count=14 43 1266 21 2190 1257 654 663 1681 539 185 412 132 50 660 14 164 13 7 14 24 12 8
internal_value=0.000182247 9.70858e-05 -0.00403714 0.000342911 0.00144209 0.00297044 -0.000611052 -0.00184712 0.000415518 0.000415518 -0.00288037 -0.00192297 -0.00733987 0.00169298 0.00903771 -0.00184712 -0.0127568 0.0147734 -0.00733987 0.00967042 0.0189588 0.0175495
internal_weight=19842 19653 1103 18550 8619 5897 9931 4952 1857 4979 1075 980 337 4261 189 3095 95 120 56 45 75 47
internal_count=10023 9915 656 9259 3837 2571 5422 3047 1202 2375 642 594 182 1917 108 1845 48 65 35 31 34 20
is_linear=0
shrinkage=0.05


Tree=151
num_leaves=28
num_cat=0
split_feature=7 16 0 1 5 17 0 9 27 3 5 1 17 7 0 24 28 23 8 5 17 6 28 4 25 8 15
split_gain=5.92892 25.1146 17.3866 8.96432 38.0374 10.1358 9.0905 28.1667 8.77304 9.09765 8.17655 7.84489 6.72757 4.59037 4.73051 3.92126 3.69097 3.53463 2.52201 1.74807 1.17018 1.13419 1.90729 1.113 1.0582 1.00782 0.128049
threshold=1011.6499938964845 0.27699999511241918 31.250000000000004 51.500000000000007 2.6049998998641972 0.091499999165534987 25.94999980926514 -1.0000000180025095e-35 2.5499999523162846 56.500000000000007 -3.195000052452087 67.500000000000014 0.11850000172853471 1018.3500061035157 30.250000000000004 694.58499145507824 108.50000000000001 68.500000000000014 645.50000000000011 -1.5349999666213987 0.10150000080466272 512.50000000000011 118.50000000000001 -1.8450000286102293 10.550000190734865 13.500000000000002 1.435000002384186
decision_type=2 2 2 2 2 2 2 2 2 2 2 2 2 2 2 2 2 2 2 2 2 2 2 2 2 2 2
left_child=1 8 3 4 13 11 10 -8 19 25 -7 -5 17 14 -2 -15 24 -3 -6 -1 -19 -11 -23 -22 -4 -10 -14
right_child=2 12 16 5 18 6 7 -9 9 21 -12 -13 26 15 -16 -17 -18 20 -20 -21 23 22 -24 -25 -26 -27 -28
leaf_value=-0.023492366719680528 -0.0090818733955914648 -0.0035707914637021173 0.013069407579175905 -0.014317141453425698 -0.039936014513174696 -0.0023981953491636621 0.0020282022896702008 0.013069407579175905 -0.011927750527858735 -0.0035707914637021173 0.00060359582177102607 -0.062894222411242401 0.01939352611700694 0.012446206127306526 0.0045697248322360308 -0.0010099711997833781 0.041564673185348511 0.0021389176207116454 -0.064745079912245276 -0.042038225465350687 0.0064080989326657971 -0.021966900879213172 -0.0076374028029576688 0.01203026813231309 0.025584792913425539 -0.021966900879213172 0.02401321828365326
leaf_weight=24 293 63 21 18.000000000000004 21 2705 1622 97 25 110 14060 10.999999999999998 30 71 81 228 24 24 20 27 35 21 23 57 21 80 30
leaf_count=12 156 21 14 18 9 1810 755 49 14 45 6740 11 10 32 43 126 8 12 13 9 13 14 10 26 7 36 10
internal_value=0.000158103 -0.00496554 0.000303901 0.000215959 -0.0052815 0.000427982 0.000474323 0.00393714 -0.0143555 -0.010623 0.000119263 -0.0291086 0.00721395 -0.00243304 -0.00612524 0.00218531 0.0259229 0.00235716 -0.052038 -0.0333108 0.00784863 -0.00357079 -0.011704 0.0106773 0.0169847 -0.0219669 0.0217034
internal_weight=19842 549 19293 19227 714 18513 18484 1719 310 259 16765 29 239 673 374 299 66 179 41 51 116 154 44 92 42 105 60
internal_count=10023 232 9791 9762 379 9383 9354 804 140 119 8550 29 92 357 199 158 29 72 22 21 51 69 24 39 21 50 20
is_linear=0
shrinkage=0.05


Tree=152
num_leaves=31
num_cat=0
split_feature=10 23 18 1 5 26 5 7 5 11 27 9 5 27 28 23 10 0 18 4 11 29 3 7 9 26 26 27 4 11
split_gain=5.70482 15.3095 48.4464 12.7491 17.1642 16.747 11.6138 15.6249 11.0053 8.64363 8.38396 38.1562 21.4187 18.3482 13.2775 9.86882 16.0117 17.5964 17.3138 19.1269 14.0059 8.93774 7.59755 6.7525 5.88625 6.50025 4.903 2.72107 2.4533 2.36357
threshold=0.98295000195503246 41.500000000000007 10.34999990463257 90.500000000000014 -4.0450000762939444 17.94999980926514 -2.564999938011169 1019.6499938964845 1.4750000238418581 1.0000000180025095e-35 16.050000190734867 -1.0000000180025095e-35 3.6450001001358037 20.849999427795414 53.500000000000007 51.500000000000007 -0.98295000195503224 23.250000000000004 8.4499998092651385 2.7849999666213994 0.87834998965263378 28.500000000000004 42.500000000000007 1015.4500122070314 -1.0000000180025095e-35 14.34999990463257 15.449999809265138 22.60000038146973 0.55500000715255748 1.0000000180025095e-35
decision_type=2 2 2 2 2 2 2 2 2 2 2 2 2 2 2 2 2 2 2 2 2 2 2 2 2 2 2 2 2 2
left_child=10 2 -2 4 -3 -5 -4 -8 -6 -9 15 13 21 14 -12 16 17 -1 19 -18 -19 27 -16 -20 25 -17 -10 -13 -15 -27
right_child=1 3 6 5 8 -7 7 9 26 -11 11 12 -14 28 22 24 18 20 23 -21 -22 -23 -24 -25 -26 29 -28 -29 -30 -31
leaf_value=-0.061056006361137741 -0.090253199409007251 0.02734514694838297 -0.0058424738591036701 -0.005000529602169991 -0.0058424738591036701 0.034180317223072056 -0.043248103326186539 -0.022472751851686661 -0.0038353421858378818 -0.0058424738591036701 0.0019315790161018886 0.00116936972826855 0.041672995957461274 0.044617134774172749 0.02497928875893024 -0.00067086059124776538 -0.0072685687355260598 -0.00067086059124776538 -0.004521944046863428 -0.062491507083177571 -0.035939794058875728 0.028934299107640983 0.012673482897244523 -0.00067086059124776538 0.00116936972826855 0.00024925456851039232 0.02613106492238167 0.0049940410618891911 0.026784010628859201 0.00116936972826855
leaf_weight=22 19 42 102 50 287 60 48 85 21 41 158 2382 33 54 45 4047 784 57 937 15.999999999999998 27 32 87 3066 2404 2677 39 748 30 1442
leaf_count=18 19 24 72 24 135 20 22 46 14 21 66 1062 12 18 15 2355 494 28 590 11 15 13 29 1901 1178 1015 13 264 10 519
internal_value=0.000155834 -0.00399669 -0.0130265 0.00134159 -0.00290833 0.0163708 -0.00771021 -0.0189726 -0.00584247 -0.00972473 0.000328929 0.00251351 0.00116937 0.0176708 0.0117104 -0.000174771 -0.00202733 -0.0212492 -0.00160311 -0.00837303 -0.0108236 0.00116937 0.0234154 -0.000670861 0.000685609 -0.000281485 0.0156428 0.00116937 0.0382482 0.00116937
internal_weight=19842 794 295 499 389 110 276 174 347 126 19048 3569 3195 374 290 15479 4909 106 4803 800 84 3162 132 4003 10570 8166 60 3130 84 4119
internal_count=10023 410 180 230 186 44 161 89 162 67 9613 1489 1351 138 110 8124 3057 61 2996 505 43 1339 44 2491 5067 3889 27 1326 28 1534
is_linear=0
shrinkage=0.05


Tree=153
num_leaves=19
num_cat=0
split_feature=25 7 16 0 28 1 3 0 17 28 17 23 0 26 17 3 9 15
split_gain=5.64533 5.38971 19.5756 15.5653 8.49495 9.67199 11.668 10.2263 6.04414 3.36389 3.12446 2.5639 1.00253 0.998887 0.958125 0.875063 0.259989 0.115565
threshold=3.3500000238418584 1011.6499938964845 0.27699999511241918 31.250000000000004 115.00000000000001 55.500000000000007 173.50000000000003 25.94999980926514 0.11850000172853471 108.50000000000001 0.12550000101327899 68.500000000000014 31.94999980926514 3.5000000000000004 0.10150000080466272 111.50000000000001 0.78654998540878307 1.435000002384186
decision_type=2 2 2 2 2 2 2 2 2 2 2 2 2 2 2 2 2 2
left_child=13 2 -2 4 5 6 -3 -7 11 12 15 -4 -5 -1 -13 -6 -15 -10
right_child=1 3 8 9 10 7 -8 -9 17 -11 -12 14 -14 16 -16 -17 -18 -19
leaf_value=-0.028755353710481098 -0.0087625164868178115 -0.0016536557019132842 -0.00096826946211311113 0.012419872493163259 0.0050632932079575964 0.00010107635251989289 -0.0087625164868178115 0.0047603648490116756 0.018365381161371867 0.039514229695002241 0.012419872493163259 0.0032438152740410483 0.026247745333239439 -0.0087625164868178115 0.010201251684971479 0.0087415828505604289 -0.017908223202595344 0.022754088938236237
leaf_weight=13.999999999999998 310 1041 63 26 48 16530 122 1268 30 24 132 24 15.999999999999998 17.000000000000004 92 42 12.999999999999998 30
leaf_count=14 140 530 21 13 16 8434 75 605 10 8 44 12 8 17 39 14 13 10
internal_value=0.00016252 0.000202279 -0.00468267 0.000341602 0.000258204 0.000144353 -0.00427332 0.000433023 0.00682598 0.0245815 0.00998223 0.00222248 0.0160486 -0.0177273 0.0074559 0.00506329 -0.0125809 0.0205597
internal_weight=19842 19798 549 19249 19183 18961 1163 17798 239 66 222 179 42 44 116 90 30 60
internal_count=10023 9979 232 9747 9718 9644 605 9039 92 29 74 72 21 44 51 30 30 20
is_linear=0
shrinkage=0.05


Tree=154
num_leaves=27
num_cat=0
split_feature=0 9 29 6 10 8 4 4 3 4 3 27 12 23 27 17 28 0 18 4 28 12 29 4 5 28
split_gain=5.14104 7.18027 7.02385 6.84724 25.6332 48.5194 38.8116 26.9786 21.7058 12.4817 9.64468 9.59574 8.86052 24.5795 11.0405 8.66314 4.5897 4.20965 4.20948 2.07651 1.22638 1.0135 0.965241 0.562797 0.340612 0.0468571
threshold=18.050000190734867 0.91595000028610241 1.7500000000000002 352.50000000000006 -0.78654998540878285 526.50000000000011 0.80500000715255748 0.14500000327825549 284.50000000000006 -1.0850000381469724 71.500000000000014 18.94999980926514 -0.56175000965595234 63.500000000000007 8.0500001907348651 0.10050000250339509 45.500000000000007 28.94999980926514 6.5499999523162851 0.99500000476837169 10.500000000000002 0.81174999475479137 5.4500000476837167 1.0049999952316286 -1.0950000286102293 30.500000000000004
decision_type=2 2 2 2 2 2 2 2 2 2 2 2 2 2 2 2 2 2 2 2 2 2 2 2 2 2
left_child=1 2 -1 4 5 6 11 -7 -8 12 17 -2 13 -6 -14 -12 18 -5 22 25 24 -11 -3 -24 -4 -20
right_child=3 16 20 10 9 7 8 -9 -10 21 15 -13 14 -15 -16 -17 -18 -19 19 -21 -22 -23 23 -25 -26 -27
leaf_value=-0.029324528450767204 0.00050257808769893757 -0.030251123223985946 -0.0089009697398831772 -0.0015076607712337881 0.00073620136969333673 0.020386062092755154 0.028399093941649578 0.096968765880750582 0.0037364381188395579 0.00050257808769893757 -0.0015076607712337881 0.013525190451884106 0.00050257808769893757 0.026188902369542428 0.01286479817856013 0.00050257808769893757 -0.0015076607712337881 0.00050257808769893757 -0.01425844418101066 -0.0070193596855133815 -0.0015076607712337881 0.0044057716353637652 -0.01425844418101066 -0.021138070605017923 -0.015416094611000495 -0.0090764012756860916
leaf_weight=24 582 21 31 4770 213 23 240 23 142 4778 775 146 434 171 196 4940 63 620 42 111 592 786 23 55 23 18
leaf_count=12 301 7 12 2619 83 11 111 9 64 2377 486 56 169 68 83 2428 34 299 21 52 287 374 10 30 11 9
internal_value=0.000143506 -0.00334453 -0.00150766 0.000329211 0.00147145 0.00835849 0.0062732 0.0586774 0.0192313 0.000502578 -0.000466292 0.000502578 0.00608394 0.0120706 0.00243492 0.000502578 -0.00951196 -0.00150766 -0.0125311 -0.00778075 -0.00150766 0.000502578 -0.0207361 -0.0181744 -0.0124838 -0.0142584
internal_weight=19842 1003 670 18839 7734 1156 1110 46 382 6578 11105 728 1014 384 630 5715 333 5390 270 171 646 5564 99 78 54 60
internal_count=10023 485 322 9538 3706 552 532 20 175 3154 5832 357 403 151 252 2914 163 2918 129 82 310 2751 47 40 23 30
is_linear=0
shrinkage=0.05


Tree=155
num_leaves=31
num_cat=0
split_feature=10 5 20 7 7 5 23 7 7 12 7 7 10 11 10 6 28 6 27 7 28 7 5 7 23 4 10 12 11 5
split_gain=6.62389 11.9264 15.9246 14.5584 18.2173 16.5858 16.6752 11.165 8.41174 15.4496 11.4568 6.99685 11.6612 23.3155 11.7522 17.4488 11.6569 20.7682 9.48717 17.6442 9.77925 9.26304 15.0781 10.5769 10.9626 10.1745 7.83584 7.51994 6.89642 6.55065
threshold=0.98295000195503246 3.554999947547913 8.6500000953674334 1021.8500061035157 1022.9500122070314 -3.6249999999999996 64.500000000000014 1025.6499633789065 1016.2500000000001 -0.56175000965595234 1014.5499877929689 1024.850036621094 -0.98295000195503224 1.0000000180025095e-35 -0.91595000028610218 902.50000000000011 65.500000000000014 192.50000000000003 22.60000038146973 1021.3500061035157 37.500000000000007 1023.2500000000001 -2.9350000619888301 1022.7500000000001 59.500000000000007 -3.2050000429153438 0.60354998707771312 1.0000000180025095e-35 0.87834998965263378 -2.564999938011169
decision_type=2 2 2 2 2 2 2 2 2 2 2 2 2 2 2 2 2 2 2 2 2 2 2 2 2 2 2 2 2 2
left_child=11 3 -3 5 -5 8 29 -6 10 -10 -2 18 13 -13 15 28 17 -16 21 20 -20 23 -23 24 -1 -24 -25 -18 -14 -7
right_child=1 2 -4 4 7 6 -8 -9 9 -11 -12 12 14 -15 16 -17 27 -19 19 -21 -22 22 25 26 -26 -27 -28 -29 -30 -31
leaf_value=-0.0011980073406253609 -0.012277575254440308 -0.0033047036081552505 0.050982317192987958 0.025174043989843794 -0.015144215382672117 -0.0083429155319377224 0.0089441488097820963 0.011897092581283852 0.005188061402219793 -0.051852640626020734 0.029177481234073641 -0.047284902736198071 0.01406135955825448 0.005092401660624005 -0.0016166792788784056 -0.0095250538367828413 -0.000121651789023807 -0.020852539082110492 0.0033724109505736816 0.037803590013867336 0.025474063496963652 -0.022183609895151238 -0.010695699759691306 -0.0092301892693058118 0.0015123770082323359 0.0033724109505736816 0.0033724109505736816 0.021035269328526091 0.041840424701090784 -0.024795935749150344
leaf_weight=7603 25 35 22 72 102 81 56 61 46 15.999999999999998 50 43 80 42 415 74 168 212 538 42 51 58 141 512 7325 1568 134 56 31 239
leaf_count=4306 16 20 10 27 55 52 20 28 34 15 29 25 29 18 166 35 105 99 188 14 17 33 68 247 3427 735 75 28 16 113
internal_value=4.44592e-05 -0.00439838 0.0176482 -0.0060784 0.00422785 -0.0107996 -0.0162264 -0.00502446 0.00409448 -0.00953212 0.0153591 0.000231779 -0.0036007 -0.0214044 -0.00213998 0.00928166 -0.00462294 -0.00812067 0.000470829 0.00649313 0.00426047 0.000251691 0.00337241 -0.000139112 0.000131947 0.00337241 -0.00640286 0.00516758 0.0218195 -0.0206313
internal_weight=19898 805 57 748 235 513 376 163 137 62 75 19093 1121 85 1036 185 851 627 17972 631 589 17341 1767 15574 14928 1709 646 224 111 320
internal_count=10050 419 30 389 110 279 185 83 94 49 45 9631 521 43 478 80 398 265 9110 219 205 8891 836 8055 7733 803 322 133 45 165
is_linear=0
shrinkage=0.05


Tree=156
num_leaves=31
num_cat=0
split_feature=1 7 26 28 7 1 23 7 23 5 27 23 4 1 7 24 4 11 24 7 5 3 23 27 11 5 4 7 4 3
split_gain=6.14114 19.252 19.5884 28.5289 18.3267 19.6546 12.4372 11.3988 11.9526 10.3932 31.7319 20.0218 18.8622 16.8851 16.2688 14.5194 11.7901 9.46659 7.90429 13.9516 7.85041 6.88966 11.1977 12.8844 10.1169 17.0493 17.2755 13.9418 20.5938 14.0772
threshold=93.500000000000014 1018.8500061035157 11.750000000000002 42.500000000000007 1019.2500000000001 96.500000000000014 76.500000000000014 1024.7500000000002 71.500000000000014 -0.095000002533197389 14.949999809265138 19.500000000000004 1.685000002384186 57.500000000000007 1018.9500122070314 202.91500091552737 -0.41499999165534968 -0.87834998965263356 252.91500091552737 1022.2500000000001 3.6450001001358037 4.5000000000000009 58.500000000000007 11.949999809265138 -0.87834998965263356 -0.61500000953674305 -1.0049999952316282 1014.8500061035157 -2.5249999761581416 68.500000000000014
decision_type=2 2 2 2 2 2 2 2 2 2 2 2 2 2 2 2 2 2 2 2 2 2 2 2 2 2 2 2 2 2
left_child=9 2 17 -4 5 -3 7 8 -6 21 11 14 18 16 -11 -15 -13 -2 19 -12 -14 22 -1 -24 25 26 -23 28 -26 -29
right_child=1 4 3 -5 6 -7 -8 -9 -10 10 12 13 20 15 -16 -17 -18 -19 -20 -21 -22 24 23 -25 27 -27 -28 29 -30 -31
leaf_value=0.00020772420442799881 0.0043352731368851262 -0.0086461452235068598 0.0053082794309235537 0.040139205522231158 -0.004256911760149684 -0.048240231543779377 0.028372349487296469 -0.019148109066149884 0.011816340369031479 -0.035835658370827632 0.025548459325571506 0.0041699810783418631 0.022841377292449276 0.0073131823077912791 -0.0085797750927836657 0.001113331650628322 -0.0085797750927836657 -0.0088284657614702746 0.0073131823077912791 0.011892632202781153 0.06287625455856323 -0.0093224463293691412 0.0083204435278889117 0.042266679834574467 0.010267004891101751 -0.024313179172930265 0.002706121586038915 -0.0032803591399447915 -0.0006874373496109404 0.00099330531126093444
leaf_weight=647 99 84 286 74 1127 50 29 124 32 72 221 187 24 501 57 4549 109 282 181 81 25 596 221 32 714 105 598 3986 1075 3730
leaf_count=452 66 57 105 27 534 29 11 49 12 38 88 106 11 220 49 2280 83 209 73 29 9 260 105 12 307 50 309 2065 574 1831
internal_value=5.12107e-05 -0.00244848 0.00410479 0.012468 -0.0058067 -0.0234201 -0.00400777 -0.00473967 -0.00319813 0.000359879 0.00205056 0.00091776 0.0137086 0.00138745 -0.018547 0.00207515 -0.00857978 -0.00379742 0.0107099 0.0164721 0.0432673 -0.000507851 0.00369528 0.012614 -0.000857982 -0.00499677 -0.00329809 -0.000292355 0.00368454 -0.00121442
internal_weight=19898 2187 741 360 1446 134 1312 1283 1159 17711 6007 5475 532 5346 129 5050 296 381 483 302 49 11704 900 253 10804 1299 1194 9505 1789 7716
internal_count=10050 1099 407 132 692 86 606 595 546 8951 2986 2776 210 2689 87 2500 189 275 190 117 20 5965 569 117 5396 619 569 4777 881 3896
is_linear=0
shrinkage=0.05


Tree=157
num_leaves=31
num_cat=0
split_feature=3 1 7 7 1 26 28 23 5 27 23 7 4 3 7 11 5 24 28 28 27 1 1 6 18 11 26 20 6 0
split_gain=5.66018 5.81299 16.9583 16.4259 17.5657 15.8122 23.2117 11.3351 10.1143 27.4485 18.2663 19.6617 17.3391 16.7362 10.0653 8.34941 7.08499 7.03145 6.44437 6.39212 7.13638 5.80503 5.46725 6.59921 4.73803 4.00954 3.79329 3.52465 2.80071 2.55302
threshold=1.0000000180025095e-35 93.500000000000014 1018.8500061035157 1019.2500000000001 96.500000000000014 11.750000000000002 42.500000000000007 76.500000000000014 -0.095000002533197389 14.949999809265138 32.500000000000007 1018.4500122070314 1.685000002384186 219.50000000000003 1024.7500000000002 -0.87834998965263356 3.6450001001358037 252.91500091552737 28.500000000000004 8.5000000000000018 25.60000038146973 72.500000000000014 83.500000000000014 602.50000000000011 10.84999990463257 -1.0000000180025095e-35 11.949999809265138 10.050000190734865 57.500000000000007 22.94999980926514
decision_type=2 2 2 2 2 2 2 2 2 2 2 2 2 2 2 2 2 2 2 2 2 2 2 2 2 2 2 2 2 2
left_child=22 8 5 4 18 15 -7 14 19 10 11 -10 17 -12 -5 -3 -14 -11 -4 -2 21 -21 23 27 25 -24 -26 -1 -8 -17
right_child=1 2 3 7 -6 6 28 -9 9 12 13 -13 16 -15 -16 29 -18 -19 -20 20 -22 -23 24 -25 26 -27 -28 -29 -30 -31
leaf_value=0.01786225262273481 -0.015357939317210079 0.0039142259709134793 -0.03911921686625907 -0.0031900066960407988 -0.045828220445662739 0.0050428653396405541 0.045777764589321326 0.026953731682793847 -0.023004844402218422 0.015377791991321655 0.00054776095875656578 -0.0030351739121782535 0.021699308774744474 0.0068156212814409825 -0.018190703808420128 -0.0098813771985936921 0.059732439041137703 0.0068156212814409825 -0.001867294715724283 0.00096094666537877233 0.014273224191533197 -0.0014273871409395443 -0.0012925505412347391 0.0052763489012916881 0.0032421654090285302 -0.031792449901695365 0.034956455354889233 0.045549505665188748 0.025038896280306356 0.0039142259709134793
leaf_weight=25 73 96 13.999999999999998 1139 50 286 41 29 155 302 4202 382 24 736 124 250 25 181 68 3842 81 7532 33 60 44 15.999999999999998 11.999999999999998 21 27 28
leaf_count=20 25 63 10 538 29 105 15 11 80 117 2094 242 11 360 49 191 9 73 46 1852 27 3952 23 25 37 9 5 8 10 14
internal_value=4.38432e-05 -4.34604e-05 -0.00249598 -0.00566957 -0.0224701 0.00371171 0.0112859 -0.0039531 0.000257527 0.00192107 0.000867496 -0.00789023 0.0127637 0.00181989 -0.00466276 -0.00345742 0.041104 0.00988865 -0.00822738 -0.00060931 -0.00051532 -0.000620637 0.00818955 0.0162 0.000102851 -0.0112517 0.0100381 0.0304482 0.0375432 -0.00825915
internal_weight=19898 19687 2152 1424 132 728 354 1292 17535 6007 5475 537 532 4938 1263 374 49 483 82 11528 11455 11374 211 106 105 49 56 46 68 278
internal_count=10050 9923 1081 683 85 398 130 598 8842 2986 2776 322 210 2454 587 268 20 190 56 5856 5831 5804 127 53 74 32 42 28 25 205
is_linear=0
shrinkage=0.05


Tree=158
num_leaves=31
num_cat=0
split_feature=10 5 20 7 1 5 23 12 12 0 27 7 28 7 1 5 24 3 5 9 29 28 18 18 7 1 11 9 9 5
split_gain=6.05049 10.9742 14.1322 12.8922 19.0603 15.1521 15.0789 11.0913 7.66341 6.26707 14.3887 16.3047 7.76013 6.12648 5.31054 8.29332 13.8561 6.74432 4.82778 4.63388 9.97021 7.41148 5.716 4.58321 2.91644 2.87393 2.63074 2.59287 2.42164 1.93468
threshold=0.98295000195503246 3.554999947547913 8.6500000953674334 1021.8500061035157 88.500000000000014 -3.6249999999999996 64.500000000000014 1.0000000180025095e-35 0.81174999475479137 18.44999980926514 22.60000038146973 1021.1499938964845 37.500000000000007 1015.0499877929689 93.500000000000014 -0.095000002533197389 209.58499908447268 4.5000000000000009 -4.7349998950958243 0.78654998540878307 4.2500000000000009 31.500000000000004 8.7500000000000018 6.9500000476837167 1020.9500122070314 98.500000000000014 1.0000000180025095e-35 -0.37939999997615809 -0.6035499870777129 1.4750000238418581
decision_type=2 2 2 2 2 2 2 2 2 2 2 2 2 2 2 2 2 2 2 2 2 2 2 2 2 2 2 2 2 2
left_child=9 3 -3 5 23 8 13 -6 18 19 14 12 25 -7 15 17 -17 -11 -2 20 -1 22 -21 26 -8 -12 -5 28 -16 -25
right_child=1 2 -4 4 7 6 24 -9 -10 10 11 -13 -14 -15 27 16 -18 -19 -20 21 -22 -23 -24 29 -26 -27 -28 -29 -30 -31
leaf_value=-0.03628638583150777 -0.018609259823958082 -0.0027905564755201341 0.048350146277384327 -0.032717317466934522 0.034069448908170062 -0.0055681242752689299 0.020750720455096322 -0.00018133452305426966 -0.031070466978209362 0.0039989097528633647 0.0041865475630765399 0.02993743944168091 0.02385775908535602 -0.022321970004372166 -0.001201200270453989 0.0041865475630765399 0.0006745386956008236 -0.00069548172647054124 0.011662570405234066 -0.015006821151917517 -0.001201200270453989 -0.001201200270453989 -0.0051604692539828452 -0.0067549106603885288 -0.0021285944183667502 0.014022153324216281 -0.011400808379445494 -0.001201200270453989 0.0041865475630765399 0.0089318042942162224
leaf_weight=22 14.999999999999998 35 22 24 60 40 26 39 13.999999999999998 835 388 75 51 280 96 772 4709 9140 108 236 610 308 312 61 30 78 22 1387 74 29
leaf_count=13 13 20 10 9 20 23 10 19 9 528 138 25 17 142 54 322 2377 4639 72 96 300 176 152 34 10 26 15 739 29 13
internal_value=4.6035e-05 -0.00420016 0.016948 -0.00581171 0.00388684 -0.0102545 -0.0154415 0.0205767 0.00398126 0.000225063 0.000488422 0.00815132 0.00499086 -0.0196302 0.000221777 0.00055602 0.00211849 -0.000302518 0.00797088 -0.00289082 -0.0012012 -0.00550191 -0.00911974 -0.00826241 0.00849394 0.00418655 -0.0211013 -0.0012012 0.00418655 -0.0017003
internal_weight=19898 805 57 748 235 513 376 99 137 19093 17605 592 517 320 17013 15456 5481 9975 123 1488 632 856 548 136 56 466 46 1557 170 90
internal_count=10050 419 30 389 110 279 185 39 94 9631 8894 206 181 165 8688 7866 2699 5167 85 737 313 424 248 71 20 164 24 822 83 47
is_linear=0
shrinkage=0.05


Tree=159
num_leaves=31
num_cat=0
split_feature=10 5 20 7 1 5 23 12 7 12 7 7 10 8 7 8 27 7 23 10 2 4 3 29 1 10 5 5 28 5
split_gain=5.4413 9.8885 12.7543 11.627 17.1718 13.6371 13.5783 10.0099 7.66941 13.5439 10.3907 6.01935 18.8731 26.4056 16.1618 22.945 11.1496 13.866 10.3423 10.2765 11.1216 9.87468 14.3703 8.26505 14.3099 8.62145 44.9295 12.7517 8.11912 5.91027
threshold=0.98295000195503246 3.554999947547913 8.6500000953674334 1021.8500061035157 88.500000000000014 -3.6249999999999996 64.500000000000014 1.0000000180025095e-35 1016.2500000000001 -0.56175000965595234 1014.5499877929689 1024.4500122070315 -0.98295000195503224 172.50000000000003 1024.2500000000002 252.50000000000003 22.150000572204593 1026.7500000000002 71.500000000000014 0.91595000028610241 1.1549999713897707 1.4550000429153445 228.50000000000003 24.550000190734867 69.500000000000014 0.78654998540878307 -2.814999938011169 5.6549999713897714 65.500000000000014 -2.564999938011169
decision_type=2 2 2 2 2 2 2 2 2 2 2 2 2 2 2 2 2 2 2 2 2 2 2 2 2 2 2 2 2 2
left_child=11 3 -3 5 -5 8 29 -6 10 -10 -2 14 13 -13 23 18 17 -15 -16 21 -21 28 -23 25 -25 27 -27 -1 -14 -7
right_child=1 2 -4 4 7 6 -8 -9 9 -11 -12 12 19 16 15 -17 -18 -19 -20 20 -22 22 -24 24 -26 26 -28 -29 -30 -31
leaf_value=-3.6181269862322787e-05 -0.011781172394752503 -0.0026510290269340792 0.045932638374241913 -0.0078252547816031019 0.032365976174672448 -0.0069465437835013431 0.0080692482580031668 -0.00017226758675697524 0.0045532024263039879 -0.048853797119227244 0.027698066055774691 0.03614943110767533 -0.004129707453982257 -0.028934897638078945 -0.0062579067684162193 0.05498920433944271 0.0015652780376729512 -0.079496786173652204 0.022482688724994662 0.0076471300983729845 -0.019539892761231921 0.025502667625745143 -0.002102756127715111 0.0090034058734152263 0.043213124985008372 -0.0067401053673076215 0.0065918074283513014 -0.010966638733482208 0.0059607588068578713 -0.022574677819066594
leaf_weight=14035 25 35 22 136 60 81 56 39 46 15.999999999999998 50 17 739 67 68 31 21 17 58 52 136 90 99 33 35 894 2156 272 273 239
leaf_count=7189 16 20 10 71 20 52 20 19 34 15 29 6 312 33 33 12 7 12 20 20 65 40 41 11 14 523 942 184 167 113
internal_value=5.25457e-05 -0.00397421 0.0161006 -0.00550398 0.00370641 -0.00972316 -0.014644 0.0195479 0.00378219 -0.00922925 0.0145383 0.000222322 -0.00280605 -0.0216612 0.000482581 0.016453 -0.0310211 -0.0391677 0.00697189 -0.00114995 -0.0120201 0.000551624 0.0110427 0.000338687 0.0177363 0.000270528 0.00268403 -0.000243988 -0.00140767 -0.0186188
internal_weight=19898 805 57 748 235 513 376 99 137 62 75 19093 1511 122 17582 157 105 84 126 1389 188 1201 189 17425 68 17357 3050 14307 1012 320
internal_count=10050 419 30 389 110 279 185 39 94 49 45 9631 703 58 8928 65 52 45 53 645 85 560 81 8863 25 8838 1465 7373 479 165
is_linear=0
shrinkage=0.05


Tree=160
num_leaves=30
num_cat=0
split_feature=25 10 5 23 7 7 23 25 27 11 4 10 22 5 9 5 26 1 9 26 4 5 22 5 10 10 7 2 9
split_gain=5.25874 5.08364 5.97077 5.1504 5.03054 6.32987 13.3049 21.1248 18.9177 9.62539 20.8477 14.0301 4.73766 10.7927 7.42227 4.51931 3.79375 3.52982 2.06392 2.64422 1.87072 1.5986 1.33432 0.36754 0.18778 0.161189 0.217473 0.0363282 0.025124
threshold=4.4500000476837167 0.98295000195503246 -4.3849999904632559 68.500000000000014 1024.850036621094 1023.2500000000001 79.500000000000014 11.949999809265138 7.4500000476837167 1.0000000180025095e-35 2.935000061988831 0.60354998707771312 4.3500001430511483 4.5850000381469735 -0.37939999997615809 -4.694999933242797 13.84999990463257 81.500000000000014 0.60354998707771312 3.5000000000000004 0.59499999880790722 -5.5250000953674308 13.34999990463257 3.554999947547913 -0.98295000195503224 -0.37939999997615809 1016.2500000000001 6.2650001049041757 0.78654998540878307
decision_type=2 2 2 2 2 2 2 2 2 2 2 2 2 2 2 2 2 2 2 2 2 2 2 2 2 2 2 2 2
left_child=18 4 15 23 5 9 8 -8 -7 10 -2 -11 -6 14 -14 -3 -15 -5 19 -1 -19 24 -17 -4 -21 28 -27 -26 -20
right_child=1 2 3 17 12 6 7 -9 -10 11 -12 -13 13 16 -16 22 -18 20 25 21 -22 -23 -24 -25 27 26 -28 -29 -30
leaf_value=-0.026634537142056686 0.00090057154840522615 -0.0036384218706171593 -0.0036384218706171593 0.0030399986659817631 -0.0036384218706171593 -0.0032530340142528525 0.009970915057631426 0.064047334307716017 0.0076188156388808867 -0.0028427718399820228 0.025770474409355839 0.0024394169620168462 0.01244382119100345 0.0082539344781738088 -0.0015395111648034124 0.014457818865776063 0.0333993536233902 0.0072277407931244896 -0.011452336895924347 -0.015136479506336923 0.025922383763827384 -0.0036384218706171593 0.032948884554207324 0.0030399986659817631 -0.0086559264610211028 -0.014245249181985853 -0.022910109694514957 -0.012633961845527997 -0.014560886071278499
leaf_weight=12.999999999999998 9751 18 579 27 393 833 129 21 770 4564 85 1735 95 30 538 25 30 23 13 10.999999999999998 32 138 15.999999999999998 61 12.000000000000002 15.000000000000002 13.999999999999998 10.999999999999998 13
leaf_count=13 4700 16 297 11 203 426 65 7 326 2502 60 865 48 19 226 15 12 9 13 11 12 138 11 32 12 15 14 11 13
internal_value=-4.75839e-06 8.46169e-05 -0.00363842 -0.00363842 0.000247627 0.000448228 0.00330174 0.0175416 0.00196925 0.000138205 0.00111549 -0.00138784 -0.00305656 0.0005594 -0.00136167 0.0122909 0.0208266 0.00971842 -0.00736146 -0.00483329 0.0181046 -0.00363842 0.0216738 -0.00363842 -0.014528 -0.0158653 -0.0184283 -0.0105585 -0.0130066
internal_weight=19995 19755 781 722 18974 17888 1753 150 1603 16135 9836 6299 1086 693 633 59 60 82 240 185 55 172 41 640 34 55 29 23 26
internal_count=10102 9862 403 361 9459 8951 824 72 752 8127 4760 3367 508 305 274 42 31 32 240 185 21 172 26 329 34 55 29 23 26
is_linear=0
shrinkage=0.05


Tree=161
num_leaves=21
num_cat=0
split_feature=29 10 23 1 5 26 5 25 7 7 23 11 4 7 6 7 28 5 23 5
split_gain=4.87487 4.9126 8.63736 10.6814 11.0609 8.73345 5.47632 4.88519 4.99288 6.35071 12.2935 8.538 4.61215 8.47993 3.21274 2.9046 2.0443 0.89176 0.248636 0.242197
threshold=1.1500000357627871 0.98295000195503246 41.500000000000007 91.500000000000014 -4.0450000762939444 17.94999980926514 1.5950000286102297 4.4500000476837167 1024.850036621094 1023.4500122070314 79.500000000000014 1.0000000180025095e-35 1.4049999713897707 1025.6499633789065 167.50000000000003 1016.2500000000001 55.500000000000007 -0.25499999523162836 68.500000000000014 -5.5250000953674308
decision_type=2 2 2 2 2 2 2 2 2 2 2 2 2 2 2 2 2 2 2 2
left_child=18 7 15 4 -4 -5 -6 16 9 11 -11 -9 14 -14 -10 -3 -2 -7 -1 -18
right_child=1 2 3 5 6 17 -8 8 12 10 -12 -13 13 -15 -16 -17 19 -19 -20 -21
leaf_value=-0.022759275800651974 -0.0093254790362213135 -0.0045542509033375056 0.024186222123749115 -0.0032938237464986741 -0.0045542509033375056 0.032963616649309795 0.011729606931859798 0.0010863198788045238 0.0014701536328842243 0.0021163360121120006 0.01762714046350819 -0.0012568009537085481 -0.0014973226106829115 0.024445127660319921 -0.0033283501788669758 -0.0093254790362213135 -0.0063269146075441447 0.020772359768549603 -0.014327384400017122 -0.0033283501788669758
leaf_weight=18 106 39 34 40 303 30 55 9997 405 1359 141 6362 126 42 507 250 20 30 17 114
leaf_count=9 106 26 19 19 142 10 25 4840 160 624 67 3404 60 21 262 152 20 10 12 114
internal_value=-1.98646e-05 1.28276e-05 -0.00387434 0.000216977 -0.00350401 0.0148033 -0.00455425 0.000171119 0.00026095 0.000460591 0.00357435 0.000175082 -0.00304034 0.00498829 -0.00332835 -0.00932548 -0.00691765 0.026868 -0.0186638 -0.00332835
internal_weight=19995 19960 781 492 392 100 358 19179 18939 17859 1500 16359 1080 168 912 289 240 60 35 134
internal_count=10102 10081 403 225 186 39 167 9678 9438 8935 691 8244 503 81 422 178 240 20 21 134
is_linear=0
shrinkage=0.05


Tree=162
num_leaves=31
num_cat=0
split_feature=10 23 5 1 12 7 12 7 7 7 16 0 27 1 5 0 10 10 3 7 1 20 23 5 29 7 5 3 3 3
split_gain=4.65007 10.5514 13.8516 13.1501 11.7931 9.71702 8.42759 6.69648 5.07671 4.65034 21.9718 12.1382 8.36487 8.18103 27.9161 9.60739 27.8084 26.7824 7.15829 4.52653 4.51705 4.25276 3.97398 2.26662 2.17706 2.11987 1.51597 1.2668 1.28942 0.889806
threshold=0.98295000195503246 32.500000000000007 3.6450001001358037 91.500000000000014 -0.56175000965595234 1017.8500061035157 1.0000000180025095e-35 1016.0499877929689 1018.2500000000001 1011.6499938964845 0.27699999511241918 31.250000000000004 2.5499999523162846 51.500000000000007 2.6049998998641972 25.150000572204593 -0.98295000195503224 -0.98295000195503224 56.500000000000007 1017.7500000000001 91.500000000000014 9.5500001907348651 120.50000000000001 -1.5349999666213987 10.449999809265138 1010.5499877929689 -3.195000052452087 37.500000000000007 47.500000000000007 29.500000000000004
decision_type=2 2 2 2 2 2 2 2 2 2 2 2 2 2 2 2 2 2 2 2 2 2 2 2 2 2 2 2 2 2
left_child=9 5 3 4 8 -2 24 -6 -3 10 12 13 23 14 19 17 -17 -15 29 -11 -7 25 -13 -1 -5 -12 -20 -23 -29 -14
right_child=1 2 -4 6 7 20 -8 -9 -10 11 21 22 18 15 -16 16 -18 -19 26 -21 -22 27 -24 -25 -26 -27 -28 28 -30 -31
leaf_value=-0.020573710360460813 -0.053266341546002564 0.026631139798296823 0.034239473423132528 0.013945268951724038 0.0024350424894606167 -0.010136809762153878 -0.010136809762153878 -0.010136809762153878 0.0021978867556899785 -0.0062649354760106746 0.0078576340191352703 0.01075964792218303 -0.012211844362318517 -0.010108818190320978 -0.044614845053071069 0.01075964792218303 0.0015598299931080188 0.00034821493384783458 -0.018260657601058484 0.0019876287873977654 -0.028852376522439899 0.023402078151702883 0.030730676312338223 -0.04106138591413145 0.03110373533434338 -0.002732646041197303 -0.002732646041197303 0.0078576340191352703 0.017232581338983904 -0.020025428050517862
leaf_weight=27 17 27 26 38 106 53 25 320 100 374 31 24 40 639 42 189 2394 14660 15.999999999999998 299 33 30 44 27 36 91 135 30 47 75
leaf_count=13 8 22 12 16 56 33 11 168 49 196 13 14 22 319 23 97 1118 7524 10 158 16 12 16 9 12 38 59 10 16 32
internal_value=-3.20747e-05 -0.00381408 -0.0015489 -0.00297604 -0.0059805 -0.0187247 0.0138064 -0.00996724 0.00739236 0.000121654 -0.00441391 0.00025506 -0.0128756 0.000177958 -0.00506659 0.000387658 0.00320821 -8.85485e-05 -0.00923331 -0.00259849 -0.0118967 0.00741036 0.0213413 -0.0308175 0.0222926 0.0010292 -0.00273265 0.0146861 0.0112902 -0.01865
internal_weight=19995 781 678 652 553 103 99 426 127 19214 549 18665 320 18597 715 17882 2583 15299 266 673 86 229 68 54 74 122 151 107 77 115
internal_count=10102 403 346 334 295 57 39 224 71 9699 234 9465 145 9435 377 9058 1215 7843 123 354 49 89 30 22 28 51 69 38 26 54
is_linear=0
shrinkage=0.05


Tree=163
num_leaves=16
num_cat=0
split_feature=28 0 1 23 12 10 29 12 7 11 4 23 1 19 8
split_gain=4.48788 4.50583 10.0662 37.2909 15.7285 10.6055 18.6317 19.4827 10.7304 10.7683 8.88532 7.84135 5.67528 2.56396 0.783563
threshold=141.00000000000003 29.849999427795414 60.500000000000007 51.500000000000007 0.81174999475479137 -0.37939999997615809 3.0499999523162846 0.81174999475479137 1020.4500122070314 -0.60784998536109913 0.44499999284744268 19.500000000000004 46.500000000000007 0.5704999864101411 486.50000000000006
decision_type=2 2 2 2 2 2 2 2 2 2 2 2 2 2 2
left_child=1 2 3 -1 10 6 13 -8 9 -7 -5 -10 -3 -4 -2
right_child=14 12 5 4 -6 8 7 -9 11 -11 -12 -13 -14 -15 -16
leaf_value=-0.0716432598233223 0.0079139402788132428 0.0023603354390991311 -0.029511901574703504 -0.004049609332245162 0.0023603354390991311 -0.0048001765037237647 0.0023603354390991311 -0.0053089878458567582 -0.0084159785875668521 -0.00062452460290133985 -0.01701288672420934 0.0018569763232327498 0.0067802367700080281 -0.010322882928368119 0.01934170812368393
leaf_weight=20 30 206 49 1397 230 2147 5033 830 195 5497 146 3918 240 27 30
leaf_count=10 10 110 33 705 94 1092 2603 438 81 2872 102 1819 107 16 10
internal_value=-2.62549e-05 -6.73507e-05 -0.000181067 -0.00375097 -0.00298512 0.000180644 0.00190287 0.00222172 -0.000689332 -0.00179736 -0.00527621 0.00136993 0.00490174 -0.0226948 0.0136278
internal_weight=19995 19935 19489 1793 1773 17696 5939 5863 11757 7644 1543 4113 446 76 60
internal_count=10102 10082 9865 911 901 8954 3090 3041 5864 3964 807 1900 217 49 20
is_linear=0
shrinkage=0.05


Tree=164
num_leaves=31
num_cat=0
split_feature=10 23 3 1 12 11 0 3 12 25 5 18 8 5 16 8 8 5 6 18 12 1 28 5 11 23 8 2 8 5
split_gain=4.37466 9.24785 11.6248 10.7489 12.1456 8.5075 9.18338 6.18571 5.13527 4.54758 4.4852 15.1722 5.1443 14.51 18.6387 11.3813 10.1307 8.26884 5.4718 4.27809 3.88027 2.67584 2.45794 2.45781 1.85522 1.73789 1.57234 1.27472 0.824452 0.334473
threshold=0.98295000195503246 34.500000000000007 207.50000000000003 86.500000000000014 -0.56175000965595234 0.87834998965263378 21.750000000000004 6.5000000000000009 -0.56175000965595234 4.4500000476837167 -5.7449998855590811 10.250000000000002 710.50000000000011 -1.6850000023841856 0.27699999511241918 586.50000000000011 427.50000000000006 -3.9350000619888301 832.50000000000011 7.6499998569488534 -0.56175000965595234 87.500000000000014 55.500000000000007 -3.6249999999999996 -1.0000000180025095e-35 63.500000000000007 464.50000000000006 1.6549999713897707 2.5000000000000004 -5.5250000953674308
decision_type=2 2 2 2 2 2 2 2 2 2 2 2 2 2 2 2 2 2 2 2 2 2 2 2 2 2 2 2 2 2
left_child=9 2 7 4 19 6 8 -2 -5 22 11 20 15 18 -15 16 -12 -17 -14 -3 -11 -8 26 -21 -9 -22 28 -7 -1 -24
right_child=1 3 -4 5 -6 27 21 24 -10 10 12 -13 13 14 -16 17 -18 -19 -20 23 25 -23 29 -25 -26 -27 -28 -29 -30 -31
leaf_value=-0.01466184860055751 -0.04241778346208426 -0.0044815651092090106 -0.043264839207303937 0.0053563025270229559 -0.0079266467871256588 0.033552271411532449 0.0309294421564449 -0.021087456474433077 -0.0079266467871256588 -0.0032325029917194548 -9.0619140972449732e-05 0.042766005021554455 0.0070549353722169587 -0.0015416039171673003 0.026456609760907336 0.0080125944758640891 0.0039080612089642339 -0.0032325029917194548 -0.0023609932321317453 0.035095007890569317 -0.00071759959556967829 0.010004219204187394 -0.0078456116668560016 0.011672394416694131 -0.0079266467871256588 0.012895292228495238 -0.023420040428638461 0.018051449686754494 -0.0078456116668560016 -0.0032325029917194548
leaf_weight=47 12.999999999999998 38 29 44 258 21 22 37 92 26 14718 27 214 105 137 187 1775 1131 553 13.999999999999998 37 50 20 56 71 64 25 36 34 114
leaf_count=47 9 16 17 19 136 7 11 19 40 26 7446 9 87 38 46 94 832 547 263 14 37 24 20 28 42 34 25 21 34 114
internal_value=-5.10914e-06 -0.00367341 -0.0148326 -0.00102066 -0.00657357 0.00664864 0.00195885 -0.0080183 -0.00568543 0.000143998 0.00023051 0.00872879 0.00016097 0.00363411 0.0143086 -3.5784e-05 0.000339724 -0.0032325 0.000266137 0.00902486 0.00149253 0.016398 -0.00669552 0.0163569 -0.00792665 0.00790839 -0.0124587 0.0237623 -0.0090756 -0.0032325
internal_weight=19995 781 150 631 366 265 208 121 136 19214 18974 154 18820 1009 242 17811 16493 1318 767 108 127 72 240 70 108 101 106 57 81 134
internal_count=10102 403 87 316 194 122 94 70 59 9699 9459 106 9353 434 84 8919 8278 641 350 58 97 35 240 42 61 71 106 28 81 134
is_linear=0
shrinkage=0.05


Tree=165
num_leaves=22
num_cat=0
split_feature=22 23 9 6 10 4 3 17 28 12 10 12 3 1 9 28 12 20 7 5 1
split_gain=5.74852 5.22111 19.3395 6.33064 12.8273 10.2818 6.81192 8.65303 5.27227 5.17923 4.19789 10.2554 3.92143 2.79441 3.26986 2.73364 2.2208 1.01318 0.398894 0.0693085 0.050818
threshold=24.550000190734867 22.500000000000004 0.3793999999761582 352.50000000000006 -0.78654998540878285 -1.0850000381469724 68.500000000000014 0.10050000250339509 8.5000000000000018 0.81174999475479137 1.0000000180025095e-35 1.0000000180025095e-35 4.5000000000000009 87.500000000000014 0.3793999999761582 34.500000000000007 -0.56175000965595234 14.250000000000002 1014.8500061035157 -4.9300000667572013 89.500000000000014
decision_type=2 2 2 2 2 2 2 2 2 2 2 2 2 2 2 2 2 2 2 2 2
left_child=1 2 -1 4 13 16 12 -8 -4 -7 -10 -12 -5 -3 -15 -2 -6 20 -14 -19 -17
right_child=15 3 8 6 5 9 7 -9 10 -11 11 -13 18 14 -16 17 -18 19 -20 -21 -22
leaf_value=-0.044548451155424121 0.0042370641019287524 0.0042370641019287524 -0.018156152379279044 0.00015975179834631101 0.0042370641019287524 0.00015975179834631101 -0.0017568622104409395 0.00015975179834631101 -0.0017568622104409395 0.0042370641019287524 -0.0099565072948599922 -0.0017568622104409395 0.00015975179834631101 0.00015975179834631101 0.0042370641019287524 0.010998653187867136 0.0010526838989462703 0.020671944726597183 -0.0017568622104409395 0.017070253193378449 0.0089053549620058542
leaf_weight=28 65 699 51 548 387 4740 764 4786 691 807 242 98 1298 188 331 31 650 22 3431 34 33
leaf_count=14 53 309 17 364 150 2283 460 2342 442 382 133 50 632 95 165 11 259 11 1846 17 14
internal_value=-0.000108208 -0.000190429 -0.00352179 8.06862e-06 0.00109387 0.000165458 -0.000774366 0.000159752 -0.00246011 0.000159752 -0.00175686 -0.00731412 -0.00175686 0.00423706 0.000159752 0.00866456 0.00423706 0.0135736 -0.00175686 0.0184852 0.00927603
internal_weight=19924 19739 1110 18629 7802 6584 10827 5550 1082 5547 1031 340 5277 1218 519 185 1037 120 4729 56 64
internal_count=10049 9943 656 9287 3643 3074 5644 2802 642 2665 625 183 2842 569 260 106 409 53 2478 28 25
is_linear=0
shrinkage=0.05


Tree=166
num_leaves=25
num_cat=0
split_feature=18 7 16 7 8 25 10 12 8 28 4 7 7 9 6 27 28 3 8 28 8 20 17 1
split_gain=5.08184 4.33976 15.5662 8.91713 22.6339 22.603 11.3469 38.9898 59.8948 43.2368 10.9069 17.1737 10.6775 8.36045 6.80384 2.60132 2.52132 2.32609 1.31926 1.28998 1.08749 0.921133 0.0652395 0.0474962
threshold=24.550000190734867 1011.7500000000001 0.27699999511241918 1014.9500122070314 142.50000000000003 14.050000190734865 -0.98295000195503224 0.81174999475479137 427.50000000000006 37.500000000000007 -3.254999995231628 1020.2500000000001 1015.5499877929689 -1.0000000180025095e-35 387.50000000000006 2.6499999761581425 34.500000000000007 56.500000000000007 12.500000000000002 118.50000000000001 587.50000000000011 14.250000000000002 0.12049999833106996 89.500000000000014
decision_type=2 2 2 2 2 2 2 2 2 2 2 2 2 2 2 2 2 2 2 2 2 2 2 2
left_child=1 2 14 4 5 13 7 9 -9 -5 11 -8 -12 -3 17 20 -2 -1 -4 -17 -16 23 -23 -18
right_child=16 3 18 6 -6 -7 10 8 -10 -11 12 -13 -14 -15 15 19 21 -19 -20 -21 -22 22 -24 -25
leaf_value=-0.010290887009015447 0.0039759239974688472 -0.012614006451502568 -0.0035546178868166647 -0.029650682983515055 0.0039759239974688472 0.0039759239974688472 -0.010566207054668937 -0.057070072462041703 0.0039759239974688472 0.0039759239974688472 -0.0067761895903394823 0.003682431690734571 0.00039306366043915294 -0.0033381958877768021 -0.020202553711397016 -0.017044498581777919 0.010448720306158066 -0.0035546178868166647 0.0039759239974688472 -0.010290887009015447 -0.033202221039040337 0.01585434451699257 0.019267542021615167 0.0084268669140498322
leaf_weight=39 65 353 36 115 1268 261 592 83 33 559 539 329 14248 779 23 110 31 110 191 42 29 28 28 33
leaf_count=20 53 166 12 51 578 87 296 49 13 283 274 162 7179 559 11 55 11 46 75 16 11 14 14 14
internal_value=-0.000109615 -0.000186921 -0.00444793 -5.79279e-05 0.00262797 -0.00266423 -0.000491142 -0.00633822 -0.0331134 -0.00173003 -0.000197076 -0.0054763 0.000131738 -0.00623074 -0.0110852 -0.0170272 0.00813877 -0.00355462 0.00397592 -0.0137247 -0.0266804 0.0128778 0.0175609 0.00878007
internal_weight=19924 19739 580 19159 2661 1393 16498 790 116 674 15708 921 14787 1132 353 204 185 149 227 152 52 120 56 64
internal_count=10049 9943 246 9697 1390 812 8307 396 62 334 7911 458 7453 725 159 93 106 66 87 71 22 53 28 25
is_linear=0
shrinkage=0.05


Tree=167
num_leaves=28
num_cat=0
split_feature=3 1 1 18 18 26 23 9 2 27 7 1 11 28 7 10 11 17 21 17 7 7 29 26 3 2 5
split_gain=4.85397 4.8215 5.31127 4.86873 4.56308 4.55302 4.39952 16.8753 5.011 8.83969 13.2132 5.25951 5.08785 4.79133 4.10297 3.76523 3.37934 2.93553 2.32746 1.87946 0.784011 0.648921 0.334028 0.250083 0.206577 0.148308 0.060237
threshold=1.0000000180025095e-35 83.500000000000014 63.500000000000007 10.84999990463257 24.550000190734867 12.650000095367433 22.500000000000004 0.3793999999761582 3.0949999094009404 8.6500000953674334 1018.9500122070314 72.500000000000014 1.0000000180025095e-35 8.5000000000000018 1021.7500000000001 1.0000000180025095e-35 -1.0000000180025095e-35 0.1094999983906746 15.650000095367433 0.10150000080466272 1016.9500122070314 1019.3500061035157 10.150000095367433 17.94999980926514 279.50000000000006 3.0949999094009404 -4.9300000667572013
decision_type=2 2 2 2 2 2 2 2 2 2 2 2 2 2 2 2 2 2 2 2 2 2 2 2 2 2 2
left_child=1 2 -1 16 6 21 7 -2 9 23 -11 12 -10 -9 -13 -15 25 19 -6 -4 26 22 -5 -8 -22 -3 -20
right_child=4 3 17 5 18 -7 8 13 11 10 -12 14 -14 15 -16 -17 -18 -19 20 -21 24 -23 -24 -25 -26 -27 -28
leaf_value=0.0012944251802322027 -0.041622394110475275 -0.00057559367901246431 0.003669224656186998 -0.00057559367901246431 0.003789662766535563 0.03759294450283051 -9.4620998061975472e-05 -0.017267998059590658 -9.4620998061975472e-05 0.003789662766535563 0.00099258659669091364 -0.0016755923817524628 -0.0016755923817524628 -0.0016755923817524628 -9.4620998061975472e-05 -0.0069414666527882231 -0.02842901266800861 0.038925822824239731 0.018721514533866536 0.027359455236000942 0.011869675565410305 0.011035351740086781 0.0066944498626980934 0.00099258659669091364 0.0081003883773768225 -0.0054651852115057409 0.015363790138679393
leaf_weight=37 28 15.000000000000002 15.999999999999998 15.000000000000002 61 11.999999999999998 2488 51 2319 2280 3798 4093 1442 681 848 340 18 24 22 15.999999999999998 37 17 15.999999999999998 1176 24 15.999999999999998 34
leaf_count=16 14 5 12 14 38 5 1297 17 1107 1076 1592 2431 836 434 441 183 10 9 11 9 15 12 14 400 18 16 17
internal_value=-7.97156e-05 0.00763163 0.0159945 0.000496305 -0.000158698 0.0100459 -0.00023128 -0.00330311 -4.80759e-05 0.000730839 0.00207979 -0.000920081 -9.4621e-05 -0.00230223 -0.00167559 -0.00167559 -0.0111971 0.0257071 0.00781061 0.0157931 0.0124111 0.0031592 -0.000575594 -9.4621e-05 0.00848948 -0.00119153 0.0166829
internal_weight=19924 202 93 109 19722 60 19544 1100 18444 9742 6078 8702 3761 1072 4941 1021 49 56 178 32 117 48 31 3664 61 31 56
internal_count=10049 122 46 76 9927 45 9828 648 9180 4365 2668 4815 1943 634 2872 617 31 30 99 21 61 40 28 1697 33 21 28
is_linear=0
shrinkage=0.05


Tree=168
num_leaves=31
num_cat=0
split_feature=3 1 17 28 1 18 5 23 18 0 25 1 4 10 24 12 1 18 5 4 12 28 4 2 11 9 28 1 3 8
split_gain=4.52758 9.0979 10.7795 6.54574 26.0718 7.0182 6.3485 5.83728 5.56694 4.64938 9.28342 7.22125 24.5448 16.662 19.7167 13.4617 10.7706 12.7855 34.6384 9.53563 8.24768 10.3488 6.66802 4.03009 4.37806 4.4095 3.33769 2.82459 3.24241 2.05833
threshold=4.5000000000000009 83.500000000000014 0.12350000068545343 35.500000000000007 72.500000000000014 5.9500000476837167 -3.1149998903274532 51.500000000000007 4.9500000476837167 29.849999427795414 12.250000000000002 64.500000000000014 0.44499999284744268 -0.6035499870777129 59.584999084472663 0.81174999475479137 72.500000000000014 2.9500000476837163 5.7249999046325692 -3.4550000429153438 1.0000000180025095e-35 59.500000000000007 0.28499999642372137 0.87500000000000011 -0.60784998536109913 1.0000000180025095e-35 107.50000000000001 46.500000000000007 37.500000000000007 546.50000000000011
decision_type=2 2 2 2 2 2 2 2 2 2 2 2 2 2 2 2 2 2 2 2 2 2 2 2 2 2 2 2 2 2
left_child=1 2 3 4 -1 -5 -4 -7 -3 11 27 12 15 14 -14 19 20 18 -18 -2 -13 -22 -19 -10 -25 -26 -12 -11 -29 -15
right_child=9 8 6 5 -6 7 -8 -9 23 10 26 16 13 29 -16 -17 17 22 -20 -21 21 -23 -24 24 25 -27 -28 28 -30 -31
leaf_value=-0.077640471359093993 -0.014709480041920237 -0.053847023341804745 0.043630713452735254 -0.00037313095215235799 -0.001265849780598935 0.0070696410972413458 0.015900317210051872 0.015900317210051872 0.015048740320914501 0.002343533634075684 0.011170174306879735 0.002343533634075684 0.002343533634075684 0.002343533634075684 -0.033459059362120874 0.002343533634075684 -0.0053817367749389548 -0.001439278225134291 -0.069354339485818692 -0.0021579141261515349 -0.011998161409033217 0.0003007438430913203 0.00083333720195539096 0.0040701649377958594 -0.024106737667073806 -0.003819950648199301 0.028256245687896132 0.011170174306879735 0.002343533634075684 -0.012711679780234894
leaf_weight=11.999999999999998 165 4.9999999999999991 31 142 45 69 38 110 37 178 33 1412 40 70 151 319 554 5979 22 1825 219 781 7014 176 30 250 51 94 48 24
leaf_count=6 83 4 13 80 36 45 15 46 13 98 11 645 14 42 108 124 266 2994 16 908 112 406 3513 117 17 210 17 45 23 22
internal_value=-8.38005e-05 0.00329401 0.00847229 0.00515492 -0.0104592 0.00792753 0.0266457 0.0145124 -0.00135396 -0.000251988 0.00505447 -0.000367402 -0.00281437 -0.0166581 -0.0251394 -0.00110564 2.97849e-05 -0.00053561 -0.00782513 -0.00319862 0.00234353 -0.00239272 -0.000212454 -0.000821577 -0.0021093 -0.00599353 0.0199968 0.00234353 0.0096261 0.000574984
internal_weight=19924 945 447 378 57 321 69 179 498 18979 404 18575 2594 285 191 2309 15981 13569 576 1990 2412 1000 12993 493 456 280 84 320 142 94
internal_count=10049 602 241 213 42 171 28 91 361 9447 194 9253 1301 186 122 1115 7952 6789 282 991 1163 518 6507 357 344 227 28 166 68 64
is_linear=0
shrinkage=0.05


Tree=169
num_leaves=31
num_cat=0
split_feature=10 23 5 1 12 7 12 3 23 24 7 9 1 27 9 1 5 25 5 23 7 1 9 9 0 10 7 7 1 0
split_gain=4.12323 8.52175 13.0014 11.8714 10.5566 7.48694 6.99831 5.77159 7.93164 15.637 6.0193 5.90621 12.7019 5.84561 11.7118 7.99365 11.5883 7.71693 6.2362 13.4062 7.96438 5.24089 5.13969 5.08148 4.70919 4.57492 3.99881 3.53952 3.43195 3.42657
threshold=0.98295000195503246 32.500000000000007 3.6450001001358037 90.500000000000014 -0.56175000965595234 1017.9500122070314 1.0000000180025095e-35 4.5000000000000009 62.500000000000007 157.91500091552737 1014.4500122070314 -1.0000000180025095e-35 67.500000000000014 22.60000038146973 0.60354998707771312 97.500000000000014 0.75499999523162853 12.750000000000002 -0.40500000119209284 22.500000000000004 1014.8500061035157 60.500000000000007 0.3793999999761582 0.78654998540878307 22.750000000000004 0.3793999999761582 1015.0499877929689 1021.8500061035157 91.500000000000014 19.44999980926514
decision_type=2 2 2 2 2 2 2 2 2 2 2 2 2 2 2 2 2 2 2 2 2 2 2 2 2 2 2 2 2 2
left_child=7 5 3 4 24 -2 27 8 10 -10 25 -12 -13 15 17 18 23 -15 20 -20 -9 -11 -19 -17 -3 -1 -6 -5 -7 -16
right_child=1 2 -4 6 26 28 -8 13 9 21 11 12 -14 14 29 16 -18 22 19 -21 -22 -23 -24 -25 -26 -27 -28 -29 -30 -31
leaf_value=-0.0002763357333606109 -0.037527663446962838 0.0027175231053765897 0.034471780930956201 0.0045845202313592797 0.0014014822304432776 -0.0097079913476295614 -0.0089292325079441074 0.0016085980614551154 0.049675660133361818 0.0070094960988377267 0.0070094960988377267 -0.048551610226814562 0.0015352919752217769 0.0019766179592340433 0.0019766179592340433 0.0019649207289959936 -0.029622691300398903 0.012737370801694466 -0.0080097116078386727 0.0015005342068809154 -0.0017252168351742675 0.020522165608902774 0.032957128174602987 -0.012900532067981252 0.030253682968517145 -0.022320200945792158 -0.0097079913476295614 0.027039017169563858 -0.029356061764385391 0.0090556967638470414
leaf_weight=52 32 113 24 26 81 39 29 2334 25 110 93 12.999999999999998 481 72 347 148 53 66 392 6776 7707 72 60 94 18 43 348 54 23 199
leaf_count=50 13 59 11 16 47 27 13 1143 10 56 39 8 342 24 122 70 24 22 251 3289 3987 31 20 50 16 30 176 18 11 74
internal_value=-5.56897e-05 -0.0036026 -0.00168639 -0.00298354 -0.00592204 -0.0177296 0.0121134 9.01753e-05 0.0040242 0.0125967 0.00142229 0.00331199 0.000217216 -0.000101481 0.00423922 -0.000285981 -0.00844693 0.0149038 -0.000146084 0.000980443 -0.000950282 0.00750344 0.0223658 -0.00380926 0.00650112 -0.0102541 -0.00970799 0.0197413 -0.00970799 0.00197662
internal_weight=19924 787 693 669 560 94 109 19137 889 207 682 587 494 18248 744 17504 295 198 17209 7168 10041 182 126 242 131 95 429 80 62 546
internal_count=10049 407 356 345 298 51 47 9642 566 97 469 389 350 9076 262 8814 144 66 8670 3540 5130 87 42 120 75 80 223 34 38 196
is_linear=0
shrinkage=0.05


Tree=170
num_leaves=28
num_cat=0
split_feature=0 29 27 23 9 4 17 9 11 4 8 1 0 6 11 26 4 7 17 25 7 5 26 8 0 4 25
split_gain=4.31392 6.20937 5.12083 8.46107 5.1048 4.09093 3.74608 3.61785 12.7058 9.77668 17.9799 12.9965 13.6623 7.04507 6.53974 5.5314 2.26074 1.45795 1.40323 1.26134 1.69522 1.13343 1.01577 0.499318 0.368007 0.307018 0.14993
threshold=17.849999427795414 1.5500000119209292 23.650000572204593 42.500000000000007 0.91595000028610241 1.4049999713897707 0.11950000002980234 0.60354998707771312 -0.87834998965263356 0.59499999880790722 344.50000000000006 73.500000000000014 25.150000572204593 707.50000000000011 -0.87834998965263356 23.050000190734867 0.89499998092651378 1018.9500122070314 0.10050000250339509 8.0500001907348651 1023.1499938964845 -1.0950000286102293 17.050000190734867 18.500000000000004 16.849999427795414 1.4950000047683718 13.449999809265138
decision_type=2 2 2 2 2 2 2 2 2 2 2 2 2 2 2 2 2 2 2 2 2 2 2 2 2 2 2
left_child=1 -1 7 22 19 6 21 9 18 11 14 13 -13 -2 -11 -10 17 -5 -9 20 23 -6 -4 -3 -7 -22 -18
right_child=2 4 3 16 5 24 -8 8 15 10 -12 12 -14 -15 -16 -17 26 -19 -20 -21 25 -23 -24 -25 -26 -27 -28
leaf_value=-0.034387620800407602 0.0029220071966160679 -0.0047121524889352263 0.0029220071966160679 0.025441406060148171 -0.0094107026724456685 -0.0080543050044697938 -0.0016936772502472817 -0.0016936772502472817 -0.0016936772502472817 -0.0016936772502472817 -0.0016936772502472817 -0.0016936772502472817 0.0029220071966160679 -5.011599265082996e-05 0.0029220071966160679 0.0029220071966160679 0.0090048111871079192 0.013255543317645788 0.0029220071966160679 -0.0016936772502472817 -0.018659474531514713 -0.018659474531514713 0.0090048111871079192 -0.013435286014444298 -0.0016936772502472817 -0.010382975725566641 0.012922713787605365
leaf_weight=15.999999999999998 2083 67 192 54 35 29 36 116 3399 296 443 5422 664 3046 2500 246 36 45 515 411 28 106 36 18 58 17 30
leaf_count=7 895 45 70 18 21 14 16 78 2078 137 255 2664 281 1556 1241 88 12 15 286 166 17 44 12 10 29 10 10
internal_value=4.63963e-06 -0.00354436 0.000157007 0.00580553 -0.00293133 -0.00897459 -0.013392 3.84881e-05 -0.00123913 0.000416453 0.00283618 -0.000282387 -0.00169368 0.00157587 0.00292201 -0.00169368 0.0150876 0.0199024 0.00292201 -0.00169368 -0.00773063 -0.0171277 0.00292201 -0.00471215 -0.00169368 -0.0156894 0.00900481
internal_weight=19944 821 19123 393 805 264 177 18730 4276 14454 3239 11215 6086 5129 2796 3645 165 99 631 541 130 141 228 85 87 45 66
internal_count=10075 379 9696 137 372 124 81 9559 2530 7029 1633 5396 2945 2451 1378 2166 55 33 364 248 82 65 82 55 43 27 22
is_linear=0
shrinkage=0.05


Tree=171
num_leaves=19
num_cat=0
split_feature=28 29 10 10 3 23 10 7 7 4 9 24 4 8 18 29 8 28
split_gain=3.9846 3.88502 7.84562 6.976 3.79094 8.34588 6.08963 35.164 8.89699 13.9627 13.4413 5.94819 4.29435 3.40813 1.94706 1.07471 0.705156 0.0884966
threshold=141.00000000000003 2.2500000000000004 0.98295000195503246 -0.6035499870777129 4.5000000000000009 51.500000000000007 -0.91595000028610218 1017.1499938964845 1018.2500000000001 2.5649999380111699 0.78654998540878307 59.584999084472663 -0.054999999701976769 356.50000000000006 19.849999427795414 1.1500000357627871 486.50000000000006 42.500000000000007
decision_type=2 2 2 2 2 2 2 2 2 2 2 2 2 2 2 2 2 2
left_child=1 2 3 13 5 12 7 -6 9 -8 -10 -9 14 -1 -3 -5 -2 -14
right_child=16 4 -4 15 6 -7 8 11 10 -11 -12 -13 17 -15 -16 -17 -18 -19
leaf_value=-0.032999289485401123 0.0070128347259014847 -0.0029653477183128238 -0.039942504279315477 -0.015796143534006896 0.00626363799971596 0.00626363799971596 -0.0016676550013190032 0.00626363799971596 0.0021729518904038095 0.00626363799971596 -0.0021659062279818153 -0.0029653477183128238 -0.0022850565623451511 -0.0029653477183128238 0.0027574866558496823 -0.0029653477183128238 0.017604527058023397 0.0027574866558496823
leaf_weight=29 30 324 15.999999999999998 27 324 324 6280 300 7663 146 2327 1640 115 10.999999999999998 105 188 33 62
leaf_count=18 10 261 9 16 175 153 3312 111 3622 80 1142 852 84 10 63 116 11 30
internal_value=6.19588e-06 -3.3588e-05 -0.00597927 -0.00384825 4.85782e-05 0.00316425 -0.000106538 -0.00253747 0.000228722 -0.00122262 0.00116229 -0.00296535 -0.000748665 -0.0239646 -0.00296535 -0.00296535 0.0125609 0.00275749
internal_weight=19944 19881 271 255 19610 930 18680 2264 16416 6426 9990 1940 606 40 429 215 63 177
internal_count=10075 10054 169 160 9885 591 9294 1138 8156 3392 4764 963 438 28 324 132 21 114
is_linear=0
shrinkage=0.05


Tree=172
num_leaves=25
num_cat=0
split_feature=28 8 1 4 8 1 8 1 10 7 24 28 22 5 0 25 7 0 5 8 7 5 8 1
split_gain=3.59674 3.48825 9.43472 17.2908 11.5842 19.3137 15.6356 34.454 18.2829 11.2839 15.9877 11.0939 9.36331 9.32434 6.25628 7.58237 5.78851 5.00408 5.3256 3.69737 3.40031 1.22927 0.636404 0.196154
threshold=141.00000000000003 710.50000000000011 63.500000000000007 0.28499999642372137 618.50000000000011 69.500000000000014 415.50000000000006 79.500000000000014 -0.98295000195503224 1016.8500061035157 59.584999084472663 93.500000000000014 4.9500000476837167 -2.1450001001358028 29.750000000000004 11.84999990463257 1011.1499938964845 30.750000000000004 -0.94499999284744252 847.50000000000011 1009.6499938964845 -3.3049999475479122 486.50000000000006 44.500000000000007
decision_type=2 2 2 2 2 2 2 2 2 2 2 2 2 2 2 2 2 2 2 2 2 2 2 2
left_child=1 2 3 17 6 12 8 -8 -4 20 -11 -7 -6 14 15 19 -15 18 -1 -3 -5 23 -2 -16
right_child=22 13 4 9 5 11 7 -9 -10 10 -12 -13 -14 16 21 -17 -18 -19 -20 -21 -22 -23 -24 -25
leaf_value=-0.003763111438225897 0.0066621928599973528 -0.0064815638106007455 -0.0098433057292976779 -0.023036768436431886 -0.0095424022848211876 -0.031831871618581295 0.0059499282489707331 -0.028081480246037245 0.00020832257086508393 0.0059499282489707331 -0.024966831834952734 0.0059499282489707331 0.0059499282489707331 -0.038702637950579329 0.0012387128949657427 0.0012387128949657427 0.0059499282489707331 0.0059499282489707331 0.0019802455940540436 -0.029649392308460344 0.0024594845868847973 0.0012387128949657427 0.016724300474831554 0.0059499282489707331
leaf_weight=1157 30 398 467 14.999999999999998 127 101 1422 75 14459 30 205 24 86 11.999999999999998 29 156 293 79 420 18 102 31 33 175
leaf_count=567 10 229 237 10 65 49 670 36 7380 10 149 8 39 4 16 52 106 32 226 11 55 14 11 89
internal_value=4.8339e-06 -3.29642e-05 -0.000194172 -0.00343296 0.000193841 -0.00896879 0.000382416 0.00525391 -0.00010617 -0.0134966 -0.0198132 -0.0245708 0.000187299 0.002688 -0.000649115 -0.0034725 0.00594993 -0.00129383 -0.00198944 -0.00748402 -0.000809266 0.00594993 0.0119328 0.00594993
internal_weight=19944 19881 18769 2008 16761 338 16423 1497 14926 352 235 125 213 1112 807 572 305 1656 1577 416 117 235 63 204
internal_count=10075 10054 9533 1049 8484 161 8323 706 7617 224 159 57 104 521 411 292 110 825 793 240 65 119 21 105
is_linear=0
shrinkage=0.05


Tree=173
num_leaves=31
num_cat=0
split_feature=8 5 11 8 8 1 8 8 5 12 25 17 1 5 5 25 12 7 8 5 1 18 7 7 24 11 23 25 3 9
split_gain=3.40764 13.8389 11.839 11.9817 7.15896 9.65633 8.42979 9.73453 14.4293 12.7861 7.81796 7.55221 6.56855 6.26652 5.59821 5.38424 7.64325 6.22051 7.74354 5.46404 4.37022 4.35121 5.8395 3.31894 3.27149 2.75114 2.07759 0.946466 0.910587 0.659172
threshold=710.50000000000011 -1.6850000023841856 -0.60784998536109913 799.50000000000011 697.50000000000011 69.500000000000014 681.50000000000011 653.50000000000011 3.9550000429153447 1.0000000180025095e-35 10.34999990463257 0.091499999165534987 67.500000000000014 -0.14500000327825543 -5.7449998855590811 12.449999809265138 1.0000000180025095e-35 1015.8500061035157 826.50000000000011 -3.6550000905990596 67.500000000000014 5.0499999523162851 1019.4500122070314 1016.2500000000001 372.91499328613287 0.60784998536109935 84.500000000000014 8.3499999046325701 35.500000000000007 -0.78654998540878285
decision_type=2 2 2 2 2 2 2 2 2 2 2 2 2 2 2 2 2 2 2 2 2 2 2 2 2 2 2 2 2 2
left_child=4 15 3 -3 6 13 7 11 12 -10 25 20 -9 23 -13 16 17 18 -2 -19 -1 22 -4 29 -17 -8 -12 -18 -26 -6
right_child=1 2 21 -5 5 -7 10 8 9 -11 26 14 -14 -15 -16 24 27 19 -20 -21 -22 -23 -24 -25 28 -27 -28 -29 -30 -31
leaf_value=-0.01341411068575786 0.0035014424251629071 -0.018250718000142472 0.0048341349924474189 0.016052228682919552 -0.01314793405433496 -0.03108285317818324 -0.017932258546352386 -0.0025074552246916152 -0.068419626355171209 -0.0096129269584229113 0.016475321033171245 0.011526419364249791 -0.029906485586737593 0.017427556669073446 2.2818173852352572e-06 0.023488283455371857 -0.0035213494915515182 -0.0071066177485397813 -0.020420318569351989 -0.025101333387917087 -0.052977234721183777 0.038158353449155885 0.027981029213497155 -0.00041762136992205069 0.0092348429063955958 0.0094259585440158861 0.035412892301877344 0.0035014424251629071 0.0035014424251629071 -0.024398715664511142
leaf_weight=16.000000000000004 190 46 46 57 30 42 17 247 18 19 28 106 24 28 18120 30 50 132 41 62 9.9999999999999982 36 51 54 75 20 30 263 33 23
leaf_count=16 108 19 16 19 11 14 11 120 12 19 10 79 13 10 9168 10 32 83 27 30 10 12 17 26 25 13 10 112 11 12
internal_value=2.20392e-05 0.00271163 0.0134581 0.000732466 -0.000136777 -0.010145 -4.18182e-05 -0.00011786 -0.00893278 -0.0382216 0.0148144 3.08904e-05 -0.00493394 -0.00363103 6.93047e-05 -0.000183524 -0.00187861 -0.00625675 -0.000713263 -0.0128575 -0.0268975 0.0233132 0.0178037 -0.00914168 0.00888149 -0.00314403 0.0262706 0.00350144 0.00482405 -0.0180303
internal_weight=19944 1112 236 103 18832 177 18655 18560 308 37 95 18252 271 135 18226 876 738 425 231 194 26 133 97 107 138 37 58 313 108 53
internal_count=10075 521 83 38 9554 73 9481 9437 164 31 44 9273 133 59 9247 438 392 248 135 113 26 45 33 49 46 24 20 144 36 23
is_linear=0
shrinkage=0.05


Tree=174
num_leaves=25
num_cat=0
split_feature=0 29 9 27 23 4 17 3 7 8 8 23 25 7 3 5 7 11 8 7 7 5 7 0
split_gain=3.49896 5.22185 4.5757 4.35739 7.71063 3.78742 3.44129 3.30622 6.00365 13.3968 12.6192 9.43312 7.44933 4.40334 4.07428 1.99695 1.97182 1.15666 3.53317 2.11011 1.14629 0.960652 0.389948 0.309599
threshold=17.849999427795414 1.5500000119209292 0.91595000028610241 23.650000572204593 41.500000000000007 1.4049999713897707 0.11950000002980234 4.5000000000000009 1014.9500122070314 142.50000000000003 112.50000000000001 58.500000000000007 13.949999809265138 1014.9500122070314 352.50000000000006 -2.1750000715255733 1016.9500122070314 0.60784998536109935 12.500000000000002 1024.350036621094 1015.8500061035157 -1.0950000286102293 1020.6499938964845 16.849999427795414
decision_type=2 2 2 2 2 2 2 2 2 2 2 2 2 2 2 2 2 2 2 2 2 2 2 2
left_child=1 -1 17 7 22 6 21 13 9 12 11 -10 -9 -2 -12 -6 20 -3 19 -19 -17 -4 -5 -7
right_child=3 2 5 4 15 23 -8 8 10 -11 14 -13 -14 -15 -16 16 -18 18 -20 -21 -22 -23 -24 -25
leaf_value=-0.031458883243612949 -0.0015076429724227569 -0.0015076429724227569 -0.0088605945879889052 0.0027096644785591147 0.022447690616051355 -0.0075510681349912597 -0.0015076429724227569 -0.0015076429724227569 -0.00028610379918401661 0.0027096644785591147 -0.0015076429724227569 0.0027096644785591147 0.0027096644785591147 0.0027096644785591147 0.0027096644785591147 0.011649157665669919 0.0081989832328657961 -0.0015076429724227569 -0.017035540892819945 -0.016753355475763478 0.023754634821053708 -0.017035540892819945 0.0081989832328657961 -0.0015076429724227569
leaf_weight=15.999999999999998 206 420 35 144 48 29 36 1147 6378 1580 5667 2540 267 719 226 48 54 79 18 24 33 106 66 58
leaf_count=7 141 179 21 54 16 14 16 694 3410 703 2816 1143 89 451 112 16 18 44 9 16 11 44 22 29
internal_value=2.18662e-05 -0.00317438 -0.0026122 0.000159089 0.00536957 -0.00836699 -0.0126284 4.97609e-05 -0.000102252 0.00193983 -0.000515053 0.000766962 -0.00150764 0.00270966 -0.00150764 0.0136883 0.0105739 -0.00150764 -0.00758017 -0.00322306 0.016581 -0.0162135 0.00270966 -0.00150764
internal_weight=19944 821 805 19123 393 264 177 18730 17805 2994 14811 8918 1414 925 5893 183 135 541 121 103 81 141 210 87
internal_count=10075 379 372 9696 137 124 81 9559 8967 1486 7481 4553 783 592 2928 61 45 248 69 60 27 65 76 43
is_linear=0
shrinkage=0.05


Tree=175
num_leaves=24
num_cat=0
split_feature=17 1 0 1 1 2 1 18 7 10 7 4 8 18 7 3 28 0 28 7 1 8 25
split_gain=4.14973 8.78809 3.94442 7.63674 7.33726 11.4546 5.2713 13.8408 12.6133 28.5321 9.96449 8.11754 6.31405 5.08991 3.83801 1.62373 1.61035 1.58715 1.38809 1.02061 0.867823 0.712679 0.224716
threshold=0.091499999165534987 67.500000000000014 29.849999427795414 46.500000000000007 54.500000000000007 3.5149999856948857 72.500000000000014 2.9500000476837163 1021.0499877929689 -0.78654998540878285 1021.0499877929689 -2.9850000143051143 220.50000000000003 3.1499999761581425 1019.4500122070314 31.500000000000004 113.50000000000001 31.750000000000004 107.50000000000001 1016.2500000000001 50.500000000000007 356.50000000000006 12.650000095367433
decision_type=2 2 2 2 2 2 2 2 2 2 2 2 2 2 2 2 2 2 2 2 2 2 2
left_child=1 -1 4 -4 5 14 8 12 11 -10 -9 -6 -8 17 16 19 -2 22 20 -7 -15 -16 -5
right_child=2 -3 3 13 6 15 7 10 9 -11 -12 -13 -14 18 21 -17 -18 -19 -20 -21 -22 -23 -24
leaf_value=-0.0083806126483658167 -0.0036438200371721784 -0.055640669979832393 0.0022598980897612186 0.0022598980897612186 -0.0039625086740828278 -0.0083806126483658167 -0.0039873405349021077 -0.0009558308163465011 -0.0083806126483658167 0.0022598980897612186 0.0019319983450691641 0.0022598980897612186 -0.0083806126483658167 0.020427860146195728 -0.0036438200371721784 -0.0083806126483658167 0.0022598980897612186 0.011230079729013593 0.025962124268213913 -0.0036438200371721784 0.011668102650178805 0.0022598980897612186 0.006744988909387406
leaf_weight=26 173 10.999999999999998 208 67 629 86 295 9298 542 567 4401 2474 280 24 54 286 27 22 42 85 63 230 24
leaf_count=26 76 11 110 39 295 59 158 4988 293 314 2003 1149 124 9 34 151 9 12 14 36 27 116 8
internal_value=-3.15854e-05 -0.0167608 -4.44891e-07 0.00462744 -0.000107644 -0.0044145 0.00011159 -0.000347057 0.00166589 -0.00319667 -2.80743e-05 0.0022599 -0.00794661 0.0117106 0.00109297 -0.00838061 -0.00364382 0.00396286 0.0184973 -0.00364382 0.0148936 0.0022599 0.0022599
internal_weight=19914 37 19877 450 19427 941 18486 14274 4212 1109 13699 3103 575 242 484 457 200 113 129 171 87 284 91
internal_count=10061 37 10024 219 9805 481 9324 7273 2051 607 6991 1444 282 109 235 246 85 59 50 95 36 150 47
is_linear=0
shrinkage=0.05


Tree=176
num_leaves=31
num_cat=0
split_feature=7 7 8 10 8 2 23 18 8 3 7 29 29 24 10 7 7 7 8 29 10 9 2 10 28 25 10 7 7 28
split_gain=3.8926 10.5326 22.2331 9.71075 22.5864 10.8938 8.01226 7.25634 8.74553 9.9754 7.2062 5.45701 5.36817 13.5699 6.27367 48.9533 23.2607 12.8803 11.737 10.5782 10.0704 5.26843 4.15356 3.9411 5.33765 3.468 3.2583 2.57362 1.86615 1.71425
threshold=1024.4500122070315 1024.2500000000002 252.50000000000003 -0.98295000195503224 169.50000000000003 1.9550000429153445 71.500000000000014 9.3499999046325701 2.5000000000000004 36.500000000000007 1025.049987792969 4.7500000000000009 24.550000190734867 142.08499908447268 -0.91595000028610218 1017.1499938964845 1018.2500000000001 1021.0499877929689 670.50000000000011 10.050000190734865 -0.6035499870777129 1.0000000180025095e-35 5.4049999713897714 -0.37939999997615809 37.500000000000007 15.59999990463257 0.91595000028610241 1025.2500000000002 1026.7500000000002 61.500000000000007
decision_type=2 2 2 2 2 2 2 2 2 2 2 2 2 2 2 2 2 2 2 2 2 2 2 2 2 2 2 2 2 2
left_child=1 12 6 4 -2 25 -3 8 10 29 11 -5 14 -14 15 18 -17 20 -1 -19 -16 -12 -11 27 -25 -6 -26 -9 -7 -10
right_child=3 2 -4 7 5 28 -8 23 9 22 21 -13 13 -15 17 16 -18 19 -20 -21 -22 -23 -24 24 26 -27 -28 -29 -30 -31
leaf_value=0.0068152078831267317 0.030408806015144698 -0.0068449203003670134 0.053509103879332547 -0.036659681783722982 -0.024462233980496725 -0.037580568662711554 0.018577819412404842 0.020008297918135659 -0.031355535724888681 0.00063193669942236338 0.00063193669942236338 -0.012521835517502959 0.04149963845275418 0.0068152078831267317 0.0027273792997455451 -0.019666655304555389 -0.0039610096275220731 0.0016025572914956658 -0.040115153458383346 0.0068152078831267317 -0.0010597976497593107 -0.0081745680270565533 -0.016378302181450029 0.00063193669942236338 0.019490109552298823 -0.00097336800712527656 0.005854430030963767 0.0047022325152043642 -0.059938172357422971 -0.013212082038323084
leaf_weight=342 22 71 28 28 30 28 55 57 23 459 80 143 31 42 2117 283 1412 2961 27 687 10274 259 48 153 62 33 62 53 13.999999999999998 30
leaf_count=183 8 35 11 15 16 17 19 19 10 246 37 78 12 14 1154 170 701 1475 13 284 5248 103 20 58 31 11 28 20 10 15
internal_value=-1.84609e-05 0.000187037 0.0132081 -0.00239647 -0.0156566 -0.0253084 0.00425231 -0.00124065 -0.00336274 0.000631937 -0.00810588 -0.0164742 7.67131e-05 0.0136083 2.21474e-05 -0.00257257 -0.00658325 0.000356051 0.00681521 0.00296744 -0.000412759 -0.00388468 0.000631937 0.00462661 0.00144695 -0.0121585 0.0110769 0.0126336 -0.0450331 -0.0210857
internal_weight=19914 18330 154 1584 127 105 126 1457 1070 560 510 171 18176 73 18103 2064 1695 16039 369 3648 12391 339 507 387 277 63 124 110 42 53
internal_count=10061 9319 65 742 62 54 54 680 524 291 233 93 9254 26 9228 1067 871 8161 196 1759 6402 140 266 156 117 27 59 39 27 25
is_linear=0
shrinkage=0.05


Tree=177
num_leaves=31
num_cat=0
split_feature=25 1 7 26 28 7 7 10 29 4 7 10 6 2 10 3 4 8 12 4 5 6 0 7 11 5 7 0 4 26
split_gain=3.63026 3.52643 14.0861 22.1194 24.4074 9.91586 24.1831 119.717 70.1967 32.2001 15.4375 16.6672 27.8846 12.6599 19.0331 10.9807 8.40959 7.36529 5.84039 10.3427 7.55213 5.71578 5.64658 4.60749 4.34784 3.90649 1.80905 1.37959 1.25782 0.847629
threshold=3.3500000238418584 93.500000000000014 1018.4500122070314 11.750000000000002 42.500000000000007 1018.2500000000001 1017.0499877929689 -0.98295000195503224 11.150000095367433 2.935000061988831 1019.2500000000001 -0.91595000028610218 342.50000000000006 5.680000066757203 -0.98295000195503224 347.50000000000006 0.61500000953674328 333.50000000000006 1.0000000180025095e-35 1.3049999475479128 -1.8450000286102293 52.500000000000007 19.849999427795414 1024.1499633789065 -0.87834998965263356 3.3449999094009404 1017.5499877929689 23.050000190734867 0.55500000715255748 3.5000000000000004
decision_type=2 2 2 2 2 2 2 2 2 2 2 2 2 2 2 2 2 2 2 2 2 2 2 2 2 2 2 2 2 2
left_child=29 5 3 24 28 6 7 8 -2 -9 13 12 -12 14 -7 21 -17 -13 19 22 -20 -8 -4 -21 -3 -22 -6 -26 -5 -1
right_child=1 2 18 4 26 10 15 9 -10 -11 11 17 -14 -15 -16 16 -18 -19 20 23 25 -23 -24 -25 27 -27 -28 -29 -30 -31
leaf_value=-0.024188448169401716 0.027506079163515208 0.0044763019355935829 -0.0069232167383833469 0.0044763019355935829 0.032821850829264698 0.036962014728901434 0.010899272225476032 -0.0010443361904172164 0.12083566229918907 0.034093062353856639 0.0089322911277930767 0.00061905966646592036 -0.0069232167383833469 -0.0069232167383833469 0.0058834620891428544 0.00081614482727262289 0.033258699786595326 0.004491280906440057 0.012917497381567956 0.022522485578778173 -0.0069232167383833469 -0.0069232167383833469 0.00062163282606390218 -0.0022243439599319739 -0.0069232167383833469 0.0013580057599073721 0.049385356740094727 0.0044763019355935829 0.011392188072204591 -0.009505916717038914
leaf_weight=13.999999999999998 66 50 181 158 34 51 58 5390 29 66 324 5883 1269 91 1447 217 22 1552 48 62 688 1230 372 27 246 162 32 22 90 33
leaf_count=14 31 42 77 59 13 26 33 2877 12 39 126 2765 628 47 752 137 14 763 24 28 338 673 181 11 184 82 11 11 30 33
internal_value=1.67821e-07 3.30032e-05 -0.00186837 0.0044171 0.0138305 0.00026639 -0.00118323 0.000349632 0.0559962 -0.000619287 0.00123281 0.000432928 -0.00420836 0.00577736 0.00694154 -0.00675556 0.00380249 0.00142736 -0.00444786 -0.000804305 -0.00692322 -0.00692322 -0.00335027 0.015015 -0.0048779 -0.00692322 0.0408526 -0.00692322 0.00663913 -0.0138794
internal_weight=19914 19867 2172 632 314 17695 7078 5551 95 5456 10617 9028 1593 1589 1498 1527 239 7435 1540 642 898 1288 553 89 318 850 66 268 248 47
internal_count=10061 10014 1091 350 113 8923 3816 2959 43 2916 5107 4282 754 825 778 857 151 3528 741 297 444 706 258 39 237 420 24 195 89 47
is_linear=0
shrinkage=0.05


Tree=178
num_leaves=27
num_cat=0
split_feature=8 29 4 4 8 17 28 1 1 4 24 29 1 11 18 7 23 1 12 18 8 12 23 8 1 1
split_gain=3.4901 9.65925 11.4707 12.6674 6.82386 7.99072 7.96824 7.48745 5.25084 12.0229 7.48797 7.22506 6.00626 20.0454 10.1869 5.21083 5.92968 4.32956 3.84492 3.58303 2.92628 3.89562 2.46915 1.23725 0.622106 0.04031
threshold=710.50000000000011 10.050000190734865 -0.67500001192092884 -3.814999938011169 700.50000000000011 0.091499999165534987 98.500000000000014 69.500000000000014 57.500000000000007 -0.14500000327825543 49.584999084472663 14.050000190734865 72.500000000000014 0.60784998536109935 2.9500000476837163 1010.7500000000001 93.500000000000014 67.500000000000014 0.81174999475479137 5.0499999523162851 815.00000000000011 -0.56175000965595234 65.500000000000014 705.50000000000011 56.500000000000007 64.500000000000014
decision_type=2 2 2 2 2 2 2 2 2 2 2 2 2 2 2 2 2 2 2 2 2 2 2 2 2 2
left_child=4 15 3 -3 5 17 7 23 9 11 -11 -7 13 -10 -14 -2 20 -1 25 -4 22 -22 -17 -6 -20 -5
right_child=1 2 19 18 6 8 -8 -9 12 10 -12 -13 14 -15 -16 16 -18 -19 24 -21 21 -23 -24 -25 -26 -27
leaf_value=-0.014205307411355209 -0.020303130556236615 0.050231308937072755 0.016209924311348888 0.0039159898073826277 -0.020994615016712084 -0.0025720153761946292 0.0049723062887399774 -0.03916819709720034 0.0040041683308215522 0.014434994562812473 -0.014205307411355209 0.010437384393811228 -0.0071466106563968278 -0.0054735556102307537 -4.2517358657320233e-05 -0.017093758278393319 0.0039159898073826277 -0.052134405618364167 0.01908727354473538 0.039509780908172781 -0.015321941085797 0.00025424163166914429 0.00025424163166914429 -0.0077161229478667666 0.0097919166336456944 0.014201465476071463
leaf_weight=14.000000000000002 33 14.999999999999998 33 210 18 730 48 33 2688 23 213 125 524 704 13645 21 197 10.999999999999998 45 33 95 67 275 36 30 48
leaf_count=14 11 5 12 84 10 375 16 11 1226 8 134 51 265 438 6969 14 83 11 15 11 63 32 154 19 10 20
internal_value=-2.05275e-05 0.00271434 0.00874889 0.0051244 -0.000180735 -9.97732e-05 -0.0113817 -0.0204046 -6.19101e-05 -0.00342768 -0.0134182 -0.000670056 0.000147193 0.00203709 -0.000305242 -0.000916913 5.97968e-05 -0.0283487 0.00391599 0.0278599 -0.00340751 -0.00880986 -0.00045081 -0.00893788 0.0153691 0.00391599
internal_weight=19914 1102 414 348 18812 18677 135 87 18652 1091 236 855 17561 3392 14169 688 655 25 333 66 458 162 296 54 75 258
internal_count=10061 514 157 134 9547 9491 56 40 9466 568 142 426 8898 1664 7234 357 346 25 129 23 263 95 168 29 25 104
is_linear=0
shrinkage=0.05


Tree=179
num_leaves=27
num_cat=0
split_feature=0 1 1 5 7 7 17 8 8 6 1 11 18 4 18 5 10 28 6 8 0 28 1 24 25 2
split_gain=3.74153 6.89072 6.02156 23.0839 10.4304 7.38973 7.23385 5.94261 5.46853 5.33335 6.58343 10.2668 10.1885 4.60081 4.51385 4.23594 2.95741 2.35038 2.27904 1.68212 1.49312 1.28485 0.806142 0.200173 0.198745 0.158009
threshold=29.849999427795414 46.500000000000007 54.500000000000007 2.6049998998641972 1017.7500000000001 1021.1499938964845 0.091499999165534987 645.50000000000011 810.50000000000011 1287.5000000000002 72.500000000000014 0.60784998536109935 2.9500000476837163 -2.8749999999999996 3.1499999761581425 -4.0950000286102286 -1.0000000180025095e-35 55.500000000000007 1357.5000000000002 235.50000000000003 31.750000000000004 107.50000000000001 50.500000000000007 445.41499328613287 12.650000095367433 4.0450000762939462
decision_type=2 2 2 2 2 2 2 2 2 2 2 2 2 2 2 2 2 2 2 2 2 2 2 2 2 2
left_child=2 -2 3 4 8 7 15 -5 13 10 11 -8 -12 -1 20 -4 -6 -11 -10 -18 24 22 -16 -24 -3 -19
right_child=1 14 6 5 16 -7 9 -9 18 17 12 -13 -14 -15 21 -17 19 25 -20 -21 -22 -23 23 -25 -26 -27
leaf_value=-0.021472468935861824 0.002179911586545112 0.002179911586545112 -0.013346997533877412 -0.029315319084204164 0.002179911586545112 -0.004924250673502684 0.002179911586545112 -0.066688663429684117 -0.012196276041989525 -0.013346997533877412 -0.0047676366402919553 -0.0032921824252601564 -2.985198383164566e-05 -0.0037041929442241835 0.0194324305147997 -0.050418338221921169 -0.020370675293345224 -0.0047676366402919553 -0.03356305521268111 -0.0034392952777567176 0.010731414912767245 0.024756907707168943 0.014642976088957352 0.010731414912767245 0.006455663249656178 -0.0081204298178891889
leaf_weight=41 208 67 14.000000000000002 26 351 15.999999999999998 3211 18 24 43 575 864 13699 327 24 10.999999999999998 17 57 26 107 22 42 33 30 24 37
leaf_count=18 110 39 14 14 170 16 1459 12 18 15 282 526 6991 162 9 11 10 29 13 60 12 14 15 12 8 22
internal_value=-2.16802e-05 0.00448571 -0.000125889 -0.00400183 -0.00198472 -0.034023 7.36552e-05 -0.0446044 -0.00779185 0.000110004 0.000183388 0.00195594 -0.000322647 -0.00568381 0.0111839 -0.026804 0.00217991 -0.00971866 -0.023307 -0.00576053 0.00388778 0.0175751 0.014108 0.010998 0.00217991 -0.00476764
internal_weight=19914 450 19464 953 893 60 18511 44 418 18486 18349 4075 14274 368 242 25 475 137 50 124 113 129 87 63 91 94
internal_count=10061 219 9842 493 451 42 9349 26 211 9324 9258 1985 7273 180 109 25 240 66 31 70 59 50 36 27 47 51
is_linear=0
shrinkage=0.05


Tree=180
num_leaves=31
num_cat=0
split_feature=7 10 29 25 4 5 11 4 7 11 7 7 8 5 27 10 0 12 8 7 25 7 5 1 1 18 10 4 1 11
split_gain=3.66683 118.93 98.3076 15.5241 18.2712 13.1877 10.742 8.72963 15.2358 27.9707 15.7017 14.9299 9.83326 13.4288 9.77816 8.18082 36.718 59.7286 57.2457 43.0293 12.1708 10.4496 21.8577 7.98591 6.85713 11.5905 6.05338 6.03452 6.01593 5.99305
threshold=1015.0499877929689 -0.98295000195503224 11.150000095367433 16.800000190734867 -3.1450001001358028 -1.9950000047683714 -0.87834998965263356 -3.0949999094009395 1020.2500000000001 -0.87834998965263356 1019.8500061035157 1022.6499938964845 8.5000000000000018 -2.6350001096725459 4.6499998569488534 -0.98295000195503224 25.750000000000004 0.81174999475479137 427.50000000000006 1018.3500061035157 5.5499999523162851 1015.2500000000001 2.6950000524520878 88.500000000000014 76.500000000000014 3.5499999523162846 0.78654998540878307 -0.20499999821186063 82.500000000000014 -0.60784998536109913
decision_type=2 2 2 2 2 2 2 2 2 2 2 2 2 2 2 2 2 2 2 2 2 2 2 2 2 2 2 2 2 2
left_child=1 2 -1 4 6 -5 -3 8 9 -2 14 12 -10 -14 -11 16 17 19 -19 -9 -18 22 26 -13 29 -26 -17 -22 -24 -6
right_child=7 3 -4 5 24 -7 -8 15 11 10 -12 23 13 -15 -16 21 20 18 -20 -21 27 -23 28 -25 25 -27 -28 -29 -30 -31
leaf_value=0.018369029155252754 -0.064608624035661866 -0.0068822183798659927 0.14671689224243165 0.035075094097969578 -0.0039459928276617141 0.0063747979900849773 0.0059089749878858087 -0.032222649359277315 -0.016129964664578441 -0.0080410386614383749 -0.027262311662698904 -0.0036621629035678404 0.0014572772454647792 0.026189105166527241 0.0070365026826038962 0.0044559689648807623 0.0078257014281466926 -0.068048659603421893 0.0078257014281466926 0.0030045110602081723 0.021729295678872104 0.00045202485058732614 -0.018471787067560051 -0.032829193238701142 -0.05667419325221669 -0.005103847292906658 -0.014635928845430008 0.046653833303679809 -0.050630874886657254 0.0031389802994670544
leaf_weight=37 22 165 25 51 564 186 537 105 30 443 86 145 105 115 142 130 20 72 21 497 26 14443 26 28 10.999999999999998 1145 61 47 33 634
leaf_count=19 11 58 9 17 239 62 248 51 15 225 40 69 53 55 69 72 20 43 7 236 13 7324 11 16 9 729 26 21 15 308
internal_value=7.28672e-06 0.0015149 0.0701222 0.000223176 -0.000732861 0.0125508 0.00590897 -0.00029747 -0.00456838 -0.00913268 -0.00731379 0.00290929 0.0107234 0.0143853 -0.00438119 1.0413e-05 -0.00495278 -0.00890095 -0.0461938 -0.00313976 0.0245524 0.000276594 -0.0098584 -0.00838284 -0.00284739 -0.00559457 -0.00164144 0.0356329 -0.0364591 -0.000196516
internal_weight=19952 3355 62 3293 3056 237 702 16597 1116 693 671 423 250 220 585 15481 788 695 93 602 93 14693 250 173 2354 1156 191 73 59 1198
internal_count=10090 1698 28 1670 1591 79 306 8392 553 345 334 208 123 108 294 7839 391 337 50 287 54 7448 124 85 1285 738 98 34 26 547
is_linear=0
shrinkage=0.05


Tree=181
num_leaves=31
num_cat=0
split_feature=10 7 7 7 0 7 7 1 20 3 1 12 23 25 7 5 4 10 28 27 8 1 6 9 20 18 23 5 4 5
split_gain=3.62864 7.94634 16.3785 31.9547 22.1483 11.1009 7.85943 14.5567 13.0841 7.67977 7.28106 13.3803 5.54365 5.20304 8.75472 11.9019 8.53196 7.6534 5.49534 6.0477 17.5146 10.2903 6.61304 6.07856 4.91437 4.88434 4.13461 8.12182 6.13289 3.93764
threshold=0.98295000195503246 1018.5499877929689 1016.7500000000001 1017.2500000000001 21.750000000000004 1014.1499938964845 1020.1499938964845 91.500000000000014 8.8499999046325701 24.500000000000004 90.500000000000014 1.0000000180025095e-35 35.500000000000007 16.800000190734867 1015.1499938964845 -1.9950000047683714 1.575000047683716 -0.6035499870777129 10.500000000000002 7.4500000476837167 333.50000000000006 84.500000000000014 602.50000000000011 0.60354998707771312 15.949999809265138 9.2500000000000018 34.500000000000007 1.4750000238418581 1.0549999475479128 -4.0450000762939444
decision_type=2 2 2 2 2 2 2 2 2 2 2 2 2 2 2 2 2 2 2 2 2 2 2 2 2 2 2 2 2 2
left_child=13 2 4 -4 -2 9 7 8 25 -6 26 -12 -5 18 15 -15 -16 -18 -1 20 21 -20 23 -21 -17 -3 28 -28 -8 -7
right_child=1 6 3 12 5 29 10 -9 -10 -11 11 -13 -14 14 16 24 17 -19 19 22 -22 -23 -24 -25 -26 -27 27 -29 -30 -31
leaf_value=-0.0080919324587842983 -0.036482197046279911 -0.016292238401042092 -0.082577090320133037 -0.02497748136520386 -0.015040467958174776 0.0230257347935722 -0.012135472731012056 -0.025665928109696035 0.044421151773752394 0.013244932090553144 0.023293333261972294 -0.012770361271361972 0.0074159467443823818 0.033321338736762601 0.0015764180279990157 0.0015764180279990157 0.041033797770738602 0.0072624176156287096 -0.0040333349207222272 0.0015764180279990157 -1.7396821963694497e-05 -3.9472957908827276e-05 -1.7396821963694497e-05 0.00077951060301766062 0.017521966260577004 0.020054125173115417 -0.0085633625093375753 0.010897654656852995 -0.037259495566631183 0.0029668674111599106
leaf_weight=211 38 18 21 28 18 63 15.999999999999998 19 37 24 64 43 25 51 972 123 25 51 2760 4463 3931 1730 1249 3522 63 19 229 70 29 40
leaf_count=79 14 6 16 14 16 38 12 9 18 12 23 21 19 17 341 41 10 17 1447 2073 2010 1023 612 1982 21 19 110 33 17 20
internal_value=1.25205e-05 -0.00328455 -0.0105301 -0.0303796 -0.0025035 0.00640126 0.000138431 0.0133731 0.0233966 -0.0150405 -0.00259067 0.00880045 -0.00969756 0.000150422 0.00322344 0.0119233 0.00157642 0.0183714 -7.06026e-05 2.52626e-05 -0.000943784 -0.00338808 0.00090899 0.00157642 0.00605606 0.00237211 -0.00613384 -0.00400727 -0.0202637 0.0152359
internal_weight=19952 801 257 74 183 145 544 93 74 42 451 107 53 19151 1285 237 1048 76 17866 17655 8421 4490 9234 7985 186 37 344 299 45 103
internal_count=10090 417 149 49 100 86 268 52 43 28 216 44 33 9673 447 79 368 27 9226 9147 4480 2470 4667 4055 62 25 172 143 29 58
is_linear=0
shrinkage=0.05


Tree=182
num_leaves=31
num_cat=0
split_feature=1 7 26 28 23 7 4 24 10 5 23 7 24 7 1 8 26 10 4 11 7 18 3 4 0 18 1 0 9 7
split_gain=3.68259 15.5004 20.9605 21.0645 7.64584 6.51315 17.5838 45.1214 16.143 16.0135 19.7285 14.2744 19.7138 13.6549 12.3996 26.6259 13.1599 12.0524 40.647 45.6278 15.7176 21.5295 11.8946 11.0852 10.158 9.70049 7.82047 7.4995 7.03056 6.23571
threshold=93.500000000000014 1018.4500122070314 11.750000000000002 42.500000000000007 76.500000000000014 1018.2500000000001 2.935000061988831 477.08500671386724 0.91595000028610241 4.0050001144409189 41.500000000000007 1019.7500000000001 80.415000915527358 1018.0499877929689 72.500000000000014 220.50000000000003 8.8499999046325701 -0.91595000028610218 -0.4549999982118606 -0.60784998536109913 1020.2500000000001 6.4500000476837167 284.50000000000006 -2.3950001001358028 21.750000000000004 10.449999809265138 81.500000000000014 18.44999980926514 -1.0000000180025095e-35 1019.2500000000001
decision_type=2 2 2 2 2 2 2 2 2 2 2 2 2 2 2 2 2 2 2 2 2 2 2 2 2 2 2 2 2 2
left_child=5 2 -2 -4 29 6 8 -8 9 13 -11 12 22 -1 16 -16 -14 18 23 -20 21 -19 -7 -13 28 -26 -9 -22 -10 -3
right_child=1 4 3 -5 -6 11 7 26 24 10 -12 17 14 -15 15 -17 -18 20 19 -21 27 -23 -24 -25 25 -27 -28 -29 -30 -31
leaf_value=0.0006532356315064507 -0.0043333448244527797 -0.012708572589676396 0.0071314970886305678 0.038811198316486273 0.017820254018580593 0.037613787732141857 0.059942879974842073 0.011918884346960113 -0.013814225057334706 -0.046288070849009925 -0.0067674527772278422 0.0061668827791105619 -0.016082343776468878 -0.014198969014035832 0.0031298383974618367 -0.01573203381988297 0.0093772571207955489 -0.013258102356727856 0.02168061678759127 -0.004081738929750711 -0.0028482339042156329 0.0015134324335705732 0.012520994849130818 -0.020407269077283172 -0.013814225057334706 -0.0018958749327187736 -0.033209612034261225 0.0026729027061424579 -0.030985373637693769 -0.0038155455185494703
leaf_weight=5797 328 233 256 66 37 68 40 15.999999999999998 28 35 323 44 54 159 1320 218 845 432 214 873 705 575 82 363 166 465 24 4821 85 1280
leaf_count=3112 244 132 91 24 17 28 14 16 11 17 191 22 54 90 729 114 340 204 97 403 341 278 35 189 97 246 19 2303 41 591
internal_value=1.15096e-05 -0.00191808 0.00456287 0.0136249 -0.0046359 0.000250643 -0.000917223 0.0223923 -0.00118143 -0.000360595 -0.0106312 0.00103604 0.00426594 0.000256745 0.00318307 0.000456309 0.00784798 -4.91086e-06 -0.00405636 0.000990151 0.000921595 -0.00482351 0.0218589 -0.0175344 -0.00814748 -0.00567511 -0.0151582 0.00196852 -0.0219533 -0.00518506
internal_weight=19952 2200 650 322 1550 17752 7138 80 7058 6314 358 10614 2587 5956 2437 1538 899 8027 1494 1087 6533 1007 150 407 744 631 40 5526 113 1513
internal_count=10090 1099 359 115 740 8991 3854 49 3805 3410 208 5137 1300 3202 1237 843 394 3837 711 500 3126 482 63 211 395 343 35 2644 52 723
is_linear=0
shrinkage=0.05


Tree=183
num_leaves=31
num_cat=0
split_feature=1 4 29 28 29 23 3 0 14 11 10 8 23 10 29 12 23 26 6 10 8 17 4 10 3 10 4 0 3 3
split_gain=3.3235 7.57134 9.40654 18.8863 8.42289 9.032 6.80914 8.80146 6.65655 6.30199 6.01936 5.04775 4.60203 4.3984 7.26727 9.26431 11.4132 7.83553 6.4714 19.6437 111.523 11.331 13.574 26.237 9.73036 8.21844 25.1439 7.76071 6.89758 6.62706
threshold=92.500000000000014 0.50499999523162853 10.050000190734865 40.500000000000007 16.349999427795414 59.500000000000007 306.50000000000006 20.849999427795414 55.000000000000007 -0.60784998536109913 0.78654998540878307 27.500000000000004 71.500000000000014 0.98295000195503246 2.2500000000000004 0.81174999475479137 51.500000000000007 21.399999618530277 457.50000000000006 -0.98295000195503224 432.50000000000006 0.10050000250339509 0.32500000298023229 -0.91595000028610218 68.500000000000014 -0.78654998540878285 0.61500000953674328 25.94999980926514 4.5000000000000009 53.500000000000007
decision_type=2 2 2 2 2 2 2 2 2 2 2 2 2 2 2 2 2 2 2 2 2 2 2 2 2 2 2 2 2 2
left_child=13 2 9 -4 5 6 7 -3 -7 -2 -5 -8 -11 18 -15 17 -17 -16 19 20 27 22 -20 -24 28 26 -21 -1 -23 -27
right_child=1 4 3 10 -6 8 11 -9 -10 12 -12 -13 -14 14 15 16 -18 -19 21 25 -22 24 23 -25 -26 29 -28 -29 -30 -31
leaf_value=0.00050501458819756479 0.0021842850681832054 -0.014411660311009973 0.0027908005852759852 0.017147264286116539 0.010395297810043161 0.0027026618915344642 -0.0030474117362444017 -0.0030474117362444017 -0.0030474117362444017 -0.0086320661306329635 0.045358536640803027 -0.029507056662910865 0.0021842850681832054 -0.0369155440479517 -0.0019233924283607866 -0.019871798249705815 0.002705623754381872 0.023146870100136961 -0.0025789348592240025 0.00050501458819756479 0.082134129792451868 0.00050501458819756479 -0.04072617563736234 -0.0070536792648347437 0.00050501458819756479 0.0035144879045151583 0.012865435785820223 0.031851166486740114 -0.0025789348592240025 0.00050501458819756479
leaf_weight=149 363 457 433 30 95 241 320 208 154 361 36 19 48 15.999999999999998 561 36 57 33 635 584 50 376 69 358 3892 1846 561 22 3497 4445
leaf_count=65 203 234 185 14 37 115 164 124 59 218 12 9 22 9 298 31 25 11 478 295 19 208 41 230 1926 875 244 11 1773 2155
internal_value=1.0503e-05 -0.00159839 0.0012383 0.0065885 -0.00401166 -0.00498997 -0.00750988 -0.0105082 0.00141506 -0.00221993 0.0315037 -0.00304741 -0.00648367 0.000269337 -0.00360387 -0.00282805 -0.0175021 -0.0005306 0.00043452 0.00149821 0.0161883 -0.000488181 -0.00533219 -0.0124949 0.000174323 0.00106161 0.00497225 0.000505015 -0.00204452 0.000505015
internal_weight=19952 2765 1271 499 1494 1399 1004 665 395 772 66 339 409 17187 703 687 93 594 16484 7657 221 8827 1062 427 7765 7436 1145 171 3873 6291
internal_count=10090 1396 654 211 742 705 531 358 174 443 26 173 240 8694 374 365 56 309 8320 3664 95 4656 749 271 3907 3569 539 76 1981 3030
is_linear=0
shrinkage=0.05


Tree=184
num_leaves=31
num_cat=0
split_feature=8 5 14 8 8 6 11 5 7 0 4 4 8 11 9 8 4 8 3 4 21 8 11 18 7 6 18 0 23 23
split_gain=3.23516 8.68769 13.8261 10.8858 7.10829 12.7751 11.9772 9.41225 8.7859 14.5898 11.3688 6.5586 6.13432 50.5258 103.441 41.2995 18.2036 17.4443 27.1055 15.8295 13.7721 9.24814 7.26346 5.77608 5.42715 4.17329 4.95099 3.7026 4.79054 2.80775
threshold=710.50000000000011 -1.6850000023841856 48.000000000000007 799.50000000000011 589.50000000000011 552.50000000000011 -1.0000000180025095e-35 -3.9350000619888301 1017.6499938964845 26.150000572204593 0.46500000357627874 -1.6249999999999998 415.50000000000006 -0.87834998965263356 -1.0000000180025095e-35 501.50000000000006 0.7150000035762788 432.50000000000006 1.5000000000000002 1.1150000095367434 4.8500001430511483 411.50000000000006 -0.87834998965263356 5.0499999523162851 1019.4500122070314 817.50000000000011 3.1499999761581425 29.050000190734867 70.500000000000014 113.50000000000001
decision_type=2 2 2 2 2 2 2 2 2 2 2 2 2 2 2 2 2 2 2 2 2 2 2 2 2 2 2 2 2 2
left_child=4 25 23 -4 12 6 29 -7 9 -9 -10 -8 20 14 16 -16 -14 18 -15 -19 -1 22 -22 24 -3 26 -2 28 -27 -6
right_child=1 2 3 -5 5 7 11 8 10 -11 -12 -13 13 17 15 -17 -18 19 -20 -21 21 -23 -24 -25 -26 27 -28 -29 -30 -31
leaf_value=-0.07595399022102356 0.0022424653341222107 0.0097918938579646883 -0.018675054883900682 0.0097918938579646883 0.00024781237704560901 0.00024781237704560901 0.013097650378240625 -0.045529936041150777 -0.002500727082188365 -0.011276014089222542 -0.027008145474470582 0.043442639708518985 0.0030592681407928465 -0.064884641170501717 0.033903362958327583 0.12295781493186951 0.036387789127778035 -0.0014178698882062184 0.020133767500209315 -0.025757708639970851 -0.0028107403796209102 -0.02585982358349221 0.00030955269438402803 0.038879588577482443 0.027169919860931514 -0.022693449870816298 0.01253055385624369 0.0022424653341222107 -0.0032247085020465495 0.017335753170428455
leaf_weight=5.9999999999999991 71 47 53 57 127 176 69 35 526 278 52 24 250 9.9999999999999982 23 30 49 1461 150 70 2170 35 13272 36 51 35 150 287 325 27
leaf_count=6 32 16 21 19 52 104 30 15 277 128 46 8 110 5 10 10 19 710 73 52 1106 15 6785 12 17 24 62 151 166 9
internal_value=1.20675e-05 0.00263274 0.0109683 -0.00216823 -0.000142613 -0.00368957 0.00655723 -0.0060616 -0.00835924 -0.0151063 -0.00470555 0.0209286 0.000123317 0.00269848 0.0199328 0.0843115 0.00852113 -0.000889018 0.0148201 -0.00253073 -0.000216479 -0.000187117 -0.000128929 0.021752 0.0154603 0.000289563 0.00622162 -0.00173669 -0.0051175 0.000247812
internal_weight=19952 1112 244 110 18840 1314 247 1067 891 313 578 93 17526 2043 352 53 299 1691 160 1531 15483 15477 15442 134 98 868 221 647 360 154
internal_count=10090 520 85 40 9570 669 99 570 466 143 323 38 8901 989 149 20 129 840 78 762 7912 7906 7891 45 33 435 94 341 190 61
is_linear=0
shrinkage=0.05


Tree=185
num_leaves=31
num_cat=0
split_feature=7 10 8 7 7 7 8 23 18 8 7 3 28 26 5 10 4 12 10 4 1 1 5 1 2 7 4 2 10 1
split_gain=3.4108 10.8439 21.9514 10.6127 11.8289 8.61041 14.4996 7.64953 5.43917 7.00248 7.74831 7.50715 5.12793 4.76264 6.7583 7.53706 4.57828 3.90827 14.9989 21.5813 16.1269 11.7193 20.8114 18.2111 3.85288 3.51341 3.27693 2.75849 2.6192 2.50232
threshold=1024.4500122070315 -0.98295000195503224 169.50000000000003 1027.850036621094 1026.7500000000002 1024.2500000000002 252.50000000000003 71.500000000000014 9.3499999046325701 2.5000000000000004 1025.049987792969 36.500000000000007 37.500000000000007 29.300000190734867 -0.74500000476837147 -0.91595000028610218 0.48499999940395361 1.0000000180025095e-35 -0.91595000028610218 -0.38499999046325678 97.500000000000014 60.500000000000007 1.9049999713897707 79.500000000000014 5.4049999713897714 1024.7500000000002 1.1950000524520876 2.6250000000000004 -0.37939999997615809 92.500000000000014
decision_type=2 2 2 2 2 2 2 2 2 2 2 2 2 2 2 2 2 2 2 2 2 2 2 2 2 2 2 2 2 2
left_child=5 2 -2 4 27 13 7 -7 9 10 25 -11 28 17 -15 -16 -12 21 19 -19 -20 22 -1 -23 -13 -3 -14 -4 -10 -9
right_child=1 8 3 -5 -6 6 -8 29 12 11 16 24 26 14 15 -17 -18 18 20 -21 -22 23 -24 -25 -26 -27 -28 -29 -30 -31
leaf_value=-0.0024498868377550564 0.029187112233855506 -0.0080820713461522611 -0.015717196339253513 0.007029251009225846 -0.068215821291271003 -0.0049981119454299153 0.048489299092603771 0.0077804885272468845 0.005763251957925276 -0.01828390022142316 0.0006027590775178395 0.0006027590775178395 0.0063772843191239603 0.036806046962738037 0.024327367279264663 0.0037407213584067056 -0.0092303690731885945 -0.019566459557174842 0.00032540264037047672 -0.0018248035056885701 -0.014447048930941446 0.0037407213584067056 -0.032196282270935274 -0.00047402916174640305 -0.015976518939467187 -0.022233816571984321 0.021911024426420532 -0.036966615915298463 0.0006027590775178395 0.028102651735146839
leaf_weight=1139 22 83 42 20 19 76 23 28 69 53 184 448 116 18 45 154 155 248 6687 555 190 3368 62 5661 47 93 48 24 158 33
leaf_count=546 8 44 18 7 14 37 9 10 23 25 78 242 55 8 19 56 61 133 3401 306 86 1527 41 3124 20 52 20 15 61 11
internal_value=1.31809e-05 -0.00221488 -0.0162261 -0.0257413 -0.033452 0.000205807 0.011754 0.00558675 -0.000991058 -0.00284577 -0.00704834 0.000602759 0.00405129 0.000103876 0.00746678 0.00481297 -0.00262932 1.4666e-05 -0.000837789 -0.00730417 -8.27355e-05 0.000654632 -0.0039855 0.00127184 0.000602759 -0.01556 0.0109237 -0.0234443 0.000602759 0.0187744
internal_weight=19868 1581 127 105 85 18287 160 137 1454 1063 515 548 391 18127 217 199 339 17910 7680 803 6877 10230 1201 9029 495 176 164 66 227 61
internal_count=10057 743 62 54 47 9314 67 58 681 522 235 287 159 9247 83 75 139 9164 3926 439 3487 5238 587 4651 262 96 75 33 84 21
is_linear=0
shrinkage=0.05


Tree=186
num_leaves=31
num_cat=0
split_feature=7 14 7 10 29 23 27 10 4 28 10 3 3 7 4 7 5 4 7 10 0 17 18 23 27 3 7 23 8 7
split_gain=3.28948 14.6955 5.53606 72.3314 66.9403 15.7052 29.1529 14.488 14.1702 8.8169 6.70333 35.1718 44.5689 62.7332 19.2809 7.44207 20.4866 7.29817 15.3529 6.91972 6.68431 5.27139 4.53432 4.15878 3.71171 4.17862 3.43137 1.59916 1.08778 1.02261
threshold=1011.6499938964845 48.000000000000007 1015.0499877929689 -0.98295000195503224 11.150000095367433 42.500000000000007 16.349999427795414 0.3793999999761582 1.0249999761581423 89.500000000000014 -0.98295000195503224 352.50000000000006 273.50000000000006 1021.8500061035157 -1.0549999475479124 1015.2500000000001 2.6950000524520878 -3.0949999094009395 1020.2500000000001 0.60354998707771312 22.650000572204593 0.11749999970197679 8.4499998092651385 22.500000000000004 2.5499999523162846 58.500000000000007 1015.1499938964845 68.500000000000014 604.50000000000011 1011.3500061035157
decision_type=2 2 2 2 2 2 2 2 2 2 2 2 2 2 2 2 2 2 2 2 2 2 2 2 2 2 2 2 2 2
left_child=1 21 3 4 -2 7 9 -5 -9 -7 11 12 14 -14 -4 16 19 18 -17 -12 -8 27 -13 -19 -3 -26 -18 -1 -29 -27
right_child=2 24 10 5 -6 6 20 8 -10 -11 15 22 13 -15 -16 17 26 23 -20 -21 -22 -23 -24 -25 25 29 -28 28 -30 -31
leaf_value=-0.0024508419939506124 0.016697011544154244 -0.023791367410028238 -0.024163207940926607 -0.0013335763843942009 0.12577448378909717 -0.0007075652020231371 0.020169963563481969 -0.010896471165159544 -0.051684576532115112 0.0060659000847214928 0.0056304313288659188 0.016688088635387628 -0.083646367693489251 -0.0082557178681363936 0.0012717211534702239 -0.008541895367487817 -0.021165486176808676 -0.0024469254606935306 0.0035034154923462638 -0.014202465828006659 0.051324016036409327 0.017432564173055731 0.040976764216567534 0.00069250777680300243 -0.015461889235302806 -0.0024508419939506124 -0.045368690695613625 0.0091257196754546323 0.0012361351266122118 -0.012416035653306888
leaf_weight=51 39 47 88 342 22 1196 36 287 23 803 136 46 44 74 486 668 27 1146 438 65 33 69 33 13267 120 120 32 35 69 26
leaf_count=17 20 20 41 279 8 631 12 181 12 303 73 19 25 32 255 333 11 694 216 29 11 23 16 6612 56 55 14 16 31 12
internal_value=1.91609e-05 -0.00384092 0.000126391 0.00219054 0.0560364 0.00098297 0.00311629 -0.00578344 -0.0139227 0.00201334 -0.000220461 -0.00477274 -0.00838102 -0.0363675 -0.00262771 1.9739e-06 -0.00838726 0.000142524 -0.00377169 -0.000783192 0.0350697 0.00593648 0.026834 0.000442887 -0.0108382 -0.00854945 -0.0342926 0.000818875 0.00492311 -0.00286799
internal_weight=19868 537 19331 2781 61 2720 2068 652 310 1999 16550 771 692 118 574 15779 260 15519 1106 201 69 224 79 14413 313 266 59 155 104 146
internal_count=10057 230 9827 1457 28 1429 957 472 193 934 8370 388 353 57 296 7982 127 7855 549 102 23 87 35 7306 143 123 25 64 47 67
is_linear=0
shrinkage=0.05


Tree=187
num_leaves=24
num_cat=0
split_feature=7 14 0 17 28 1 5 7 7 1 28 18 6 5 20 1 17 28 28 25 1 5 7
split_gain=2.96617 13.1535 5.24584 4.78718 3.9948 4.59877 17.692 8.59636 6.48184 6.44559 14.0961 8.96277 3.39375 2.94311 2.22938 2.06598 1.66146 1.639 1.51694 0.463385 0.345423 0.686079 0.214252
threshold=1011.6499938964845 48.000000000000007 31.250000000000004 0.11749999970197679 115.00000000000001 56.500000000000007 2.6049998998641972 1017.7500000000001 1021.3500061035157 72.500000000000014 37.500000000000007 2.4500000476837163 337.50000000000006 -1.205000042915344 15.150000095367433 49.500000000000007 0.10150000080466272 118.50000000000001 102.50000000000001 12.550000190734865 52.500000000000007 -0.84499999880790699 1009.4500122070314
decision_type=2 2 2 2 2 2 2 2 2 2 2 2 2 2 2 2 2 2 2 2 2 2 2
left_child=1 3 4 15 5 6 7 -2 -8 10 -7 -11 20 17 -6 16 -1 19 -4 -14 -3 -22 -5
right_child=2 12 18 22 14 9 8 -9 -10 11 -12 -13 13 -15 -16 -17 -18 -19 -20 -21 21 -23 -24
leaf_value=-0.0023295205141728404 -0.0050080236043593216 -0.0023295205141728404 0.007081600446985809 0.019737660984198255 0.0032596170937348023 -0.016562067449676119 -0.036858086949404407 0.003250529624481276 -0.0081918177505334224 -0.010343863074069655 0.0025598604028586017 -0.00012534345750441755 -0.016429249708031873 -0.026474946073722097 0.007081600446985809 -0.0023295205141728404 0.0086447927750762012 -0.0078294794811305055 0.019768747661940075 -0.011197077432256591 -0.0078294794811305055 -0.0023295205141728404 0.014117301694857767
leaf_weight=24 714 21 23 30 72 99 49 564 33 218 3638 13712 97 36 165 84 47 65 44 35 36 23 39
leaf_count=12 359 11 15 10 24 50 32 278 33 122 1808 7036 53 13 55 29 23 24 15 14 19 9 13
internal_value=2.08371e-05 -0.00364465 0.000122661 0.00560556 7.40861e-05 -6.27269e-06 -0.00280795 -0.0013634 -0.0253217 0.000209399 0.00205329 -0.00028526 -0.0102646 -0.0133294 0.00652551 0.000728649 0.00732258 -0.0109272 0.0140891 -0.0145647 -0.00232952 -0.00632563 0.0165609
internal_weight=19868 537 19331 224 19264 19027 1360 1278 82 17667 3737 13930 313 233 237 155 71 197 67 132 80 59 69
internal_count=10057 230 9827 87 9797 9718 702 637 65 9016 1858 7158 143 104 79 64 35 91 30 67 39 28 23
is_linear=0
shrinkage=0.05


Tree=188
num_leaves=31
num_cat=0
split_feature=7 10 8 7 7 7 8 11 23 29 24 18 8 7 18 9 26 10 7 7 9 23 18 7 8 2 1 7 8 1
split_gain=2.97036 9.38036 19.7551 10.1677 10.1034 7.85529 13.0004 6.90051 6.88074 6.45177 11.4353 6.02255 6.76608 7.65526 5.97177 4.47653 4.1983 4.64062 44.3214 9.64292 3.58162 2.84947 3.32186 2.72501 2.62241 2.32908 2.28268 1.13183 0.906922 0.342318
threshold=1024.4500122070315 -0.98295000195503224 172.50000000000003 1027.850036621094 1026.7500000000002 1024.2500000000002 252.50000000000003 -0.87834998965263356 71.500000000000014 24.550000190734867 142.08499908447268 9.3499999046325701 2.5000000000000004 1025.049987792969 2.9500000476837163 0.78654998540878307 29.300000190734867 -0.91595000028610218 1020.2500000000001 1021.0499877929689 0.60354998707771312 74.500000000000014 17.60000038146973 1025.049987792969 35.500000000000007 2.6250000000000004 92.500000000000014 1024.350036621094 501.50000000000006 75.500000000000014
decision_type=2 2 2 2 2 2 2 2 2 2 2 2 2 2 2 2 2 2 2 2 2 2 2 2 2 2 2 2 2 2
left_child=5 2 -2 4 25 9 8 21 27 16 -11 12 13 -9 -14 20 17 18 -1 -19 -13 22 -3 -23 -18 -4 -10 -7 -26 -25
right_child=1 7 3 -5 -6 6 -8 11 26 10 -12 15 14 -15 -16 -17 24 19 -20 -21 -22 23 -24 29 28 -27 -28 -29 -30 -31
leaf_value=0.0034585492198978638 0.025763325005148847 -0.036701015879710516 -0.01542656460776925 0.0073943328857421879 -0.064336695796565008 0.0033417826518416407 0.046015786541544874 -0.015044774169314512 0.0073986686367009365 0.038991012616139471 0.007542772801412927 0.0073403449595356596 -0.0061780554676146883 -0.0013232952283629986 0.0021570233399005024 0.0021570233399005024 0.0034585492198978638 -0.00042494910281506125 -0.01060019769241856 0.0025125393408564367 0.022587023799618088 0.0096570173588891826 -0.011701003709919666 -0.011701003709919666 0.007542772801412927 -0.035128857443730038 0.02680850579883113 -0.0093075623425344627 0.0034585492198978638 -0.0058676022829280963
leaf_weight=1110 24 18 40 20 19 28 23 158 28 33 39 195 215 285 283 98 53 12207 898 3623 48 24 50 44 101 24 33 48 63 36
leaf_count=587 9 10 17 7 14 15 9 86 10 13 13 81 128 112 134 35 20 6338 457 1756 18 12 25 22 42 15 11 22 21 18
internal_value=2.13856e-05 -0.00205785 -0.0150893 -0.0246084 -0.0323199 0.000201145 0.0112313 -0.000919608 0.00539161 0.000103786 0.0150413 0.00034207 -0.00172093 -0.00621719 0.00215702 0.00603497 4.4218e-05 -3.98759e-05 -0.00230422 0.000247352 0.010352 -0.0103235 -0.0182824 -0.00511965 0.00695697 -0.0228149 0.0178991 -0.00464728 0.00754277 -0.00955265
internal_weight=19868 1581 127 103 83 18287 160 1454 137 18127 72 1282 941 443 498 341 18055 17838 2008 15830 243 172 68 104 217 64 61 76 164 80
internal_count=10057 743 62 53 46 9314 67 681 58 9247 26 594 460 198 262 134 9221 9138 1044 8094 99 87 35 52 83 32 21 37 63 40
is_linear=0
shrinkage=0.05


Tree=189
num_leaves=20
num_cat=0
split_feature=28 28 26 7 7 26 27 27 10 4 4 8 9 7 28 11 8 26 19
split_gain=2.66715 2.55394 3.63626 2.79186 6.2077 8.4822 6.16059 5.58642 4.62535 4.14076 3.28638 3.17029 2.57097 1.50555 0.818072 0.613495 0.515932 0.497552 0.128658
threshold=141.00000000000003 13.500000000000002 15.650000095367433 1024.4500122070315 1023.2500000000001 11.750000000000002 23.650000572204593 7.4500000476837167 -0.37939999997615809 -2.445000052452087 1.4550000429153445 27.500000000000004 0.78654998540878307 1020.4500122070314 6.5000000000000009 0.60784998536109935 486.50000000000006 12.650000095367433 0.56099998950958263
decision_type=2 2 2 2 2 2 2 2 2 2 2 2 2 2 2 2 2 2 2
left_child=1 2 12 4 6 -6 8 -7 -3 17 -11 -12 14 15 -1 -14 -2 -5 -16
right_child=16 3 -4 9 5 7 -8 -9 -10 10 11 -13 13 -15 18 -17 -18 -19 -20
leaf_value=-0.015153717427026659 0.005551354549825192 0.0009835806760350571 -0.0019835110194976408 -0.0019835110194976408 -0.0019835110194976408 0.001580686244040994 0.0051448835075796288 0.0051448835075796288 -0.00077621516214632547 -0.0019835110194976408 -0.0019835110194976408 0.0051448835075796288 -0.0051107564143303905 -0.020617852345401168 -0.0099142855202609854 -0.013854501343199186 0.014611157774925233 0.0051448835075796288 -0.0051107564143303905
leaf_weight=21 30 5811 111 28 222 579 222 592 10446 1226 129 84 24 51 44 28 33 81 106
leaf_count=7 10 3089 37 15 162 262 80 240 5312 578 60 40 12 19 19 14 11 39 51
internal_value=2.5475e-05 -7.19875e-06 -0.00403977 7.27466e-05 0.000249184 0.00345426 -2.17468e-05 0.00514488 -0.000147183 -0.00196426 -0.00198351 0.00452896 -0.008238 -0.0145138 -0.00511076 -0.0085272 0.010297 0.00514488 -0.00511076
internal_weight=19868 19805 385 19420 17872 1393 16479 1171 16257 1548 1439 213 274 103 171 52 63 109 150
internal_count=10057 10036 159 9877 9145 664 8481 502 8401 732 678 100 122 45 77 26 21 54 70
is_linear=0
shrinkage=0.05


Tree=190
num_leaves=28
num_cat=0
split_feature=0 27 23 7 23 7 7 28 3 9 4 2 18 5 7 28 20 24 7 25 10 18 7 29 17 27 10
split_gain=3.8158 3.20823 5.69841 3.16683 12.3088 6.36514 9.47322 10.3342 6.76601 3.09569 2.90829 4.03014 2.48101 2.21289 1.49042 1.48419 1.55835 1.3816 1.14075 0.734138 0.716378 0.623779 0.515346 0.350674 0.271253 0.265703 0.162457
threshold=17.750000000000004 23.650000572204593 41.500000000000007 1015.0499877929689 50.500000000000007 1018.1499938964845 1018.8500061035157 70.500000000000014 4.5000000000000009 0.78654998540878307 0.89499998092651378 0.76499998569488536 13.550000190734865 -2.1750000715255733 1016.9500122070314 10.500000000000002 9.9499998092651385 75.415000915527358 1015.8500061035157 9.0500001907348651 -0.6035499870777129 2.9500000476837163 1020.8500061035157 8.0500001907348651 0.10750000178813936 19.349999427795414 0.3793999999761582
decision_type=2 2 2 2 2 2 2 2 2 2 2 2 2 2 2 2 2 2 2 2 2 2 2 2 2 2 2
left_child=10 3 22 4 26 8 -7 -8 -5 -10 11 24 17 -4 18 16 -12 25 -15 20 -17 -6 -3 -14 -1 -13 -2
right_child=1 2 13 5 21 6 7 -9 9 -11 15 12 23 14 -16 19 -18 -19 -20 -21 -22 -23 -24 -25 -26 -27 -28
leaf_value=-0.0060649383740097873 0.00028445444880018897 0.0022259648705633675 0.019886200957828101 0.0022259648705633675 0.00028445444880018897 0.0022259648705633675 -0.0011618756031799716 0.0022259648705633675 -0.0016570559729629894 0.0022259648705633675 -0.0205776337872852 -0.018631736798068652 -0.013480734882992996 0.0092711951169702749 0.0067281179023328704 -0.0057678094917600611 -0.0057678094917600611 -0.027207814698869532 0.021431607405344649 -0.0016570559729629894 -0.0035086170369414086 0.0022259648705633675 0.0067281179023328704 -0.0077850908310169442 -0.0016570559729629894 -0.013480734882992996 -0.0016570559729629894
leaf_weight=51 473 182 54 369 515 1126 7826 2416 3090 600 22 26 27 54 63 60 33 33 30 336 112 1655 42 19 34 27 695
leaf_count=19 370 67 18 249 255 614 3789 1150 1650 424 9 11 14 18 21 33 15 18 10 142 68 693 14 11 12 9 371
internal_value=-1.26352e-05 0.000126707 0.00442252 2.94135e-05 0.0014258 -0.000272728 0.000343045 -0.000273537 -0.00165706 -0.00165706 -0.00344082 -0.00836098 -0.0139131 0.0112303 0.00805054 -0.00165706 -0.00987856 -0.0191764 0.0136142 -0.00165706 -0.00536018 0.00222596 0.00222596 -0.00778509 -0.00165706 -0.0141757 -0.00165706
internal_weight=19970 19190 425 18765 3338 15427 11368 10242 4059 3690 780 217 132 201 147 563 55 86 84 508 172 2170 224 46 85 53 1168
internal_count=10074 9713 148 9565 1689 7876 5553 4939 2323 2074 361 94 63 67 49 267 24 38 28 243 101 948 81 25 31 20 741
is_linear=0
shrinkage=0.05


Tree=191
num_leaves=29
num_cat=0
split_feature=0 6 10 23 4 0 1 4 1 4 1 1 4 6 24 29 9 28 11 6 8 24 21 1 4 10 4 5
split_gain=3.20571 3.00193 12.9807 8.58281 6.48755 3.84683 12.9685 6.2856 3.62175 4.12014 8.75295 6.25978 6.53526 4.37628 3.26402 2.7572 2.52811 4.50049 2.0598 1.9773 1.87868 1.72574 1.2985 1.20795 0.363283 0.711838 0.0622568 0.00793595
threshold=17.750000000000004 52.500000000000007 -0.78654998540878285 30.500000000000004 0.80500000715255748 21.550000190734867 94.500000000000014 0.35500000417232519 92.500000000000014 0.28499999642372137 66.500000000000014 72.500000000000014 -3.314999938011169 737.50000000000011 177.08499908447268 1.4499999880790713 0.91595000028610241 32.500000000000007 0.60784998536109935 37.500000000000007 10.500000000000002 75.415000915527358 12.750000000000002 87.500000000000014 1.1050000190734866 0.3793999999761582 1.1050000190734866 -1.205000042915344
decision_type=2 2 2 2 2 2 2 2 2 2 2 2 2 2 2 2 2 2 2 2 2 2 2 2 2 2 2 2
left_child=15 2 3 -2 -5 24 14 -8 9 11 -11 13 -13 -3 -7 -1 18 23 -17 -6 22 -10 -20 26 -4 -26 -18 -25
right_child=1 8 5 4 19 6 7 -9 21 10 -12 12 -14 -15 -16 16 17 -19 20 -21 -22 -23 -24 27 25 -27 -28 -29
leaf_value=-0.02147353406995535 0.0010605654220249654 0.0010605654220249654 0.0010605654220249654 0.013008218067461592 0.043688578947502027 0.022249866156808795 0.038745708266894024 0.0046892536943778399 0.0010605654220249654 -0.0015133839648004052 0.0010605654220249654 0.0010605654220249654 -0.0015133839648004052 -0.0009765153338366615 0.0040542254893478841 -0.0015133839648004052 -0.0097289069770620431 -0.0015133839648004052 -0.010004935828128867 0.024706633712934412 -0.01206981653323869 -0.0015133839648004052 -0.0015133839648004052 -0.0065108768495053789 0.0010605654220249654 0.0040542254893478841 -0.0065108768495053789 -0.01206981653323869
leaf_weight=20 32 1938 961 41 34 31 42 20 250 499 4917 819 4911 2645 177 384 26 71 51 23 29 1602 39 19 140 108 42 99
leaf_count=9 12 833 404 21 14 11 15 10 95 306 2515 383 2619 1369 85 164 12 39 30 10 15 900 21 12 66 45 19 40
internal_value=-6.14523e-06 0.000121573 0.00218874 0.0173511 0.0249559 0.00106057 0.00704789 0.0277598 -6.76129e-05 0.00019308 0.00106057 -0.00040453 -0.00150621 0.000972868 0.00405423 -0.00314834 -0.0026661 -0.00685398 -0.00151338 0.0360292 -0.00839749 -0.00151338 -0.0037022 -0.0115084 0.00106057 0.00405423 -0.00651088 -0.0120698
internal_weight=19970 19190 1609 130 98 1479 270 62 17581 15729 5416 10313 5730 4583 208 780 760 257 503 57 119 1852 90 186 1209 248 68 118
internal_count=10074 9713 693 57 45 636 121 25 9020 8025 2821 5204 3002 2202 96 361 352 122 230 24 66 995 51 83 515 111 31 52
is_linear=0
shrinkage=0.05


Tree=192
num_leaves=31
num_cat=0
split_feature=7 10 29 4 11 17 25 5 1 8 1 7 11 12 18 29 9 23 11 23 6 5 7 3 8 5 18 6 25 9
split_gain=3.14024 66.0955 59.0709 11.6479 15.9146 15.8979 15.3973 8.95062 8.77805 7.46481 15.7518 32.0376 45.8173 25.8771 23.7742 21.5165 20.7913 37.746 23.4385 30.8711 18.9482 14.5328 14.2273 10.9451 7.64072 25.1538 12.017 9.95106 8.56532 8.53877
threshold=1015.0499877929689 -0.98295000195503224 11.150000095367433 -3.2050000429153438 -0.87834998965263356 0.12150000035762788 16.800000190734867 -1.9950000047683714 79.500000000000014 100.50000000000001 75.500000000000014 1021.3500061035157 0.60784998536109935 1.0000000180025095e-35 3.4500000476837163 19.550000190734867 1.0000000180025095e-35 51.500000000000007 -1.0000000180025095e-35 56.500000000000007 327.50000000000006 -1.6850000023841856 1020.1499938964845 352.50000000000006 8.5000000000000018 4.5850000381469735 5.3500001430511483 37.500000000000007 7.7500000000000009 -1.0000000180025095e-35
decision_type=2 2 2 2 2 2 2 2 2 2 2 2 2 2 2 2 2 2 2 2 2 2 2 2 2 2 2 2 2 2
left_child=1 2 -1 4 -3 -6 -5 -8 -7 24 16 13 14 22 -13 -15 17 21 19 -18 -14 -11 -12 -19 29 27 -27 -26 -29 -2
right_child=9 3 -4 6 5 8 7 -9 -10 10 11 12 20 15 -16 -17 18 23 -20 -21 -22 -23 -24 -25 25 26 -28 28 -30 -31
leaf_value=0.013950205366948949 0.002915812287648565 -0.006780396337653029 0.11909797462550076 -0.0022189518483367843 0.0075715793700679053 0.021472944832406089 0.029931827382568051 0.0060652578216895724 0.056514453887939457 -0.023293325780554021 -0.0083961685073927796 -0.031550650298595433 0.063899694430874662 -0.027773685216314809 -0.0023880937548220686 0.0053407431185498074 0.010078649106435479 -0.00057025417818717462 0.0036788688210601158 0.083428337482305673 0.013641358545650279 -0.075112611133801313 0.012034485675394536 0.013796996235521171 0.022405257013188788 -0.064921182245016099 -0.014332833996525518 -0.0035422484577084176 0.006741305119694202 -0.00080412338254438496
leaf_weight=34 1982 174 22 2385 453 31 51 171 27 47 653 86 20 291 373 59 32 4090 110 26 301 19 98 137 83 14.999999999999998 54 259 928 6959
leaf_count=17 913 61 8 1302 209 14 17 57 9 30 334 40 7 167 189 23 17 2034 58 9 113 9 46 68 33 14 32 196 395 3653
internal_value=-2.84458e-06 0.0013942 0.0552583 0.000477925 0.00628007 0.0107273 -0.00104661 0.0115481 0.0353743 -0.000284238 -0.00163327 -0.00547072 0.00228196 -0.0109631 -0.0078521 -0.0221915 -1.51867e-05 -0.000690444 0.0172401 0.0429595 0.0167727 -0.038211 -0.00573012 -0.000104602 0.000548014 0.00407045 -0.0253303 0.00566782 0.00449746 2.04949e-05
internal_weight=19970 3348 56 3292 685 511 2607 222 58 16622 6342 1881 780 1101 459 350 4461 4293 168 58 321 66 751 4227 10280 1339 69 1270 1187 8941
internal_count=10074 1694 25 1669 293 232 1376 74 23 8380 3144 919 349 570 229 190 2225 2141 84 26 120 39 380 2102 5236 670 46 624 591 4566
is_linear=0
shrinkage=0.05


Tree=193
num_leaves=29
num_cat=0
split_feature=8 2 7 5 8 1 12 6 5 28 11 26 7 1 17 1 8 29 4 24 7 18 12 8 6 3 24 0
split_gain=2.89226 8.93343 6.19896 8.17986 5.93851 17.8541 20.3276 17.207 10.0471 8.43855 6.81742 6.61443 5.6585 5.09172 4.85236 4.26468 14.5135 10.2837 6.08769 7.96407 7.69559 4.09939 6.67277 4.00376 3.78042 3.51415 1.45033 0.828073
threshold=710.50000000000011 1.6250000000000002 1010.7500000000001 -1.6850000023841856 618.50000000000011 69.500000000000014 0.81174999475479137 772.50000000000011 -3.9350000619888301 93.500000000000014 -1.0000000180025095e-35 11.650000095367433 1015.8500061035157 68.500000000000014 0.091499999165534987 64.500000000000014 616.50000000000011 24.550000190734867 0.2950000017881394 40.415000915527351 1016.4500122070314 3.4500000476837163 -0.56175000965595234 625.50000000000011 827.50000000000011 13.500000000000002 746.25000000000011 25.650000572204593
decision_type=2 2 2 2 2 2 2 2 2 2 2 2 2 2 2 2 2 2 2 2 2 2 2 2 2 2 2 2
left_child=4 -2 -3 21 14 6 7 11 -9 10 -7 -6 13 -5 25 18 17 -17 19 -16 -20 22 -4 -12 -23 -1 -8 -14
right_child=1 2 3 12 5 9 26 8 -10 -11 23 -13 27 -15 15 16 -18 -19 20 -21 -22 24 -24 -25 -26 -27 -28 -29
leaf_value=-0.010329514265788129 0.02810254485318155 -0.017138623920757146 -0.0089161086112168105 -0.012177010095463349 0.00040164312100406455 -0.052801026900609338 0.034312057814427782 0.00040164312100406455 -0.011888858223769436 0.0055434253066778188 -0.010873319929079065 0.017646763399243353 0.0018396607201014246 0.012506301800409953 0.080522290865580243 0.00021366174517298706 0.042895483970642093 0.025597078371793033 0.0037409121882827842 -0.001038567147172895 -0.010329514265788129 0.012360683290854746 0.0016289349395631767 -0.028242356306122197 0.0016289349395631767 -0.041718010728557908 0.019139329344034197 0.014897323183052364
leaf_weight=16.000000000000004 33 42 221 39 93 21 28 109 432 24 23 105 28 45 2.9999999999999991 16231 20 40 102 1289 214 115 347 62 158 11.999999999999998 36 82
leaf_count=16 11 14 147 16 47 9 13 65 238 8 15 38 10 15 1 8219 8 15 54 617 141 48 160 29 68 12 12 28
internal_value=-3.05248e-06 0.00247728 0.0016921 0.00245625 -0.000149032 -0.00403815 -0.00125515 -0.00359626 -0.00821192 -0.0212285 -0.0272901 0.00901521 0.0117111 0.00104619 5.33751e-05 8.59106e-05 0.000328386 0.000276063 -0.00237066 -0.000849184 -0.00859138 0.000321356 -0.00209877 -0.0209874 0.00535664 -0.0207449 0.0257774 0.0148973
internal_weight=19970 1110 1077 1035 18860 933 803 739 541 130 106 198 194 84 17927 17899 16291 16271 1608 1292 316 841 568 85 273 28 64 110
internal_count=10074 517 506 492 9557 474 413 388 303 61 53 85 69 31 9083 9055 8242 8234 813 618 195 423 307 44 116 28 25 38
is_linear=0
shrinkage=0.05


Tree=194
num_leaves=30
num_cat=0
split_feature=0 27 23 1 4 1 1 4 6 23 0 25 5 4 9 8 29 2 10 18 29 27 4 26 28 28 11 11 4
split_gain=2.78435 2.64085 5.86838 2.85158 5.03453 10.7148 6.35801 7.06317 6.80958 5.27045 4.56633 2.71959 2.70541 2.59336 2.85331 2.94429 1.15008 1.11798 0.861278 1.02267 0.877365 0.544311 0.357599 0.349685 0.307178 0.225413 0.478366 0.208683 0.129674
threshold=17.750000000000004 23.750000000000004 41.500000000000007 93.500000000000014 0.28499999642372137 66.500000000000014 72.500000000000014 -4.0150001049041739 737.50000000000011 22.500000000000004 20.849999427795414 9.2500000000000018 -1.9350000023841856 1.044999957084656 0.78654998540878307 22.500000000000004 1.7500000000000002 1.5149999856948855 1.0000000180025095e-35 10.250000000000002 8.4499998092651385 15.34999990463257 1.1349999904632571 13.750000000000002 27.500000000000004 20.500000000000004 -1.0000000180025095e-35 0.87834998965263378 0.65500000119209301
decision_type=2 2 2 2 2 2 2 2 2 2 2 2 2 2 2 2 2 2 2 2 2 2 2 2 2 2 2 2 2
left_child=13 3 22 4 6 -6 8 -8 -2 -7 -5 -12 -4 14 15 21 -15 28 19 24 -21 -1 -3 25 -16 26 -18 -27 -14
right_child=1 2 12 10 5 9 7 -9 -10 -11 11 -13 17 16 18 -17 23 -19 -20 20 -22 -23 -24 -25 -26 27 -28 -29 -30
leaf_value=-0.011801514406466769 0.0020751602461390713 0.0020751602461390713 0.020612467511704095 -0.0014054197736136651 -0.0014054197736136651 -0.0014054197736136651 0.0020751602461390713 -0.0014054197736136651 -0.000830936479745162 0.0020751602461390713 0.00033487023626270311 0.0020751602461390713 0.011394860744476319 -0.014500015380939372 -0.023408700471433501 -0.018284817154590901 -0.007952717577276518 0.0068415013778351927 -0.0059662990272045142 -0.014415119230309784 -0.0038602608346991474 -0.0014054197736136651 0.0068415013778351927 -0.0014054197736136651 -0.015408983454108238 -0.0026990013714354322 -0.0040929631599221483 -0.0040929631599221483 0.016043775876363117
leaf_weight=21 1950 167 57 1216 514 561 401 5800 2645 5093 327 279 30 19 24 26 31 63 48 23 32 115 57 167 24 89 102 59 30
leaf_count=14 839 62 19 603 313 352 183 3033 1369 2533 227 120 10 10 9 12 15 21 18 12 19 44 19 62 11 47 51 37 10
internal_value=-7.26114e-07 0.000118303 0.00411803 3.22871e-05 0.000240559 0.00138014 -0.000410509 -0.00140542 0.000999752 0.00207516 -0.00140542 0.00207516 0.0116078 -0.00292914 -0.00655319 -0.00194422 -0.00140542 0.00743497 -0.0114979 -0.0140757 -0.0094214 -0.00140542 0.00207516 -0.00140542 -0.0194088 -0.00399258 -0.00548692 -0.002699 0.0137193
internal_weight=19970 19190 404 18786 16964 6168 10796 6201 4595 5654 1822 606 180 780 313 162 467 123 151 103 55 136 224 448 48 281 133 148 60
internal_count=10074 9713 141 9572 8622 3198 5424 3216 2208 2885 950 347 60 361 139 70 222 41 69 51 31 58 81 212 20 150 66 84 20
is_linear=0
shrinkage=0.05


Tree=195
num_leaves=31
num_cat=0
split_feature=10 4 27 7 6 23 27 12 17 12 7 7 6 2 12 7 3 5 23 23 29 11 23 26 3 10 18 12 3 18
split_gain=4.71626 15.242 70.4505 12.9673 12.57 13.2486 44.2117 74.2306 10.6391 12.0626 11.721 25.2983 11.1645 9.97436 9.25412 8.94202 12.5664 17.3526 10.7848 10.1644 12.8426 9.33853 14.1906 11.6538 8.39466 7.63343 7.33579 11.9632 7.34987 6.83691
threshold=-0.37939999997615809 2.5649999380111699 11.250000000000002 1016.9500122070314 512.50000000000011 70.500000000000014 8.7500000000000018 1.0000000180025095e-35 0.10050000250339509 -0.56175000965595234 1020.0499877929689 1021.3500061035157 742.50000000000011 5.8750000000000009 -0.56175000965595234 1020.5499877929689 50.500000000000007 -3.5449999570846553 34.500000000000007 79.500000000000014 4.5499999523162851 -0.60784998536109913 19.500000000000004 17.94999980926514 26.500000000000004 -0.98295000195503224 10.34999990463257 1.0000000180025095e-35 49.500000000000007 4.4500000476837167
decision_type=2 2 2 2 2 2 2 2 2 2 2 2 2 2 2 2 2 2 2 2 2 2 2 2 2 2 2 2 2 2
left_child=4 15 3 -3 5 14 -7 -8 10 12 -6 25 -10 -4 -1 16 17 24 -19 26 -21 23 -23 -18 -2 -12 28 -28 -17 -5
right_child=1 2 13 29 8 6 7 -9 9 -11 11 -13 -14 -15 -16 19 21 18 -20 20 -22 22 -24 -25 -26 -27 27 -29 -30 -31
leaf_value=0.0066218932077765471 -0.005125432113541932 -0.034034645954767864 0.079385500351587937 -0.014097827410888534 -0.0030115822837989727 0.0066218932077765471 0.08046738278689021 0.020006694335579722 0.0015554610340088046 0.0015554610340088046 -0.07988479962715736 -0.006819169805285955 -0.0030115822837989727 0.038613035678863532 0.0015554610340088046 -0.005485510825551332 -0.0087763524394407141 -0.004788132337631569 0.0076242765920691282 0.0065092239088298323 0.03619933087717403 -0.015720817450098422 -0.00092312660858253942 0.0015049614448077238 0.0017058000737127936 -0.035498246845887288 0.0015638018679361002 0.0065092239088298323 0.00073439475634462536 0.010095606535509394
leaf_weight=951 1008 30 30 43 392 347 59 109 340 2485 12.999999999999998 176 610 30 1746 619 1145 210 1050 161 44 170 3449 363 812 38 754 571 2041 91
leaf_count=467 677 25 12 24 281 146 21 43 142 1258 8 97 336 10 927 270 595 152 484 77 19 102 1679 123 376 32 393 252 945 65
internal_value=0.000298026 -0.000286205 0.0126402 -0.0043204 0.00131283 0.00364921 0.0109978 0.0333915 -0.000538291 0.000549043 -0.00657221 -0.0158044 -0.00301158 0.0589993 0.00224598 -0.000519772 -0.00147927 0.00104502 0.00555554 0.00135961 0.0122174 -0.00299571 -0.00161824 -0.00630147 -0.00207765 -0.0468125 0.000801052 0.00384062 -0.000713019 0.00233204
internal_weight=19887 12621 224 164 7266 3212 515 168 4054 3435 619 227 950 60 2697 12397 8207 3080 1260 4190 205 5127 3619 1508 1820 51 3985 1325 2660 134
internal_count=10038 6280 136 114 3758 1604 210 64 2154 1736 418 137 478 22 1394 6144 4188 1689 636 1956 96 2499 1781 718 1053 40 1860 645 1215 89
is_linear=0
shrinkage=0.05


Tree=196
num_leaves=31
num_cat=0
split_feature=10 4 29 12 7 6 1 1 23 17 24 1 5 12 10 18 28 3 4 7 9 2 7 3 5 1 4 10 0 23
split_gain=4.00863 13.7554 49.5041 16.0852 11.0645 10.7711 13.2108 14.7836 23.0854 78.7169 15.6665 10.4963 14.1825 11.0941 17.8108 10.3351 10.2324 23.3595 9.47692 8.50315 8.54073 8.46565 8.07422 11.3411 15.9147 12.5871 16.0231 12.682 11.8084 9.11319
threshold=-0.37939999997615809 2.5649999380111699 6.0499999523162851 1.0000000180025095e-35 1016.9500122070314 512.50000000000011 81.500000000000014 66.500000000000014 71.500000000000014 0.1225000023841858 88.750000000000014 75.500000000000014 5.1949999332427987 0.81174999475479137 -0.98295000195503224 5.3500001430511483 37.500000000000007 308.50000000000006 -3.0249999761581416 1022.9500122070314 -0.37939999997615809 5.930000066757203 1020.5499877929689 50.500000000000007 -3.1750000715255733 67.500000000000014 -0.33500000834465021 -1.0000000180025095e-35 21.44999980926514 79.500000000000014
decision_type=2 2 2 2 2 2 2 2 2 2 2 2 2 2 2 2 2 2 2 2 2 2 2 2 2 2 2 2 2 2
left_child=5 22 4 -4 -3 6 7 -1 10 -10 -9 16 13 18 -15 21 17 -7 -13 -18 -21 -14 23 24 -2 27 -27 -25 -26 -24
right_child=1 2 3 -5 -6 11 -8 8 9 -11 -12 12 15 14 -16 -17 19 -19 -20 20 -22 -23 29 25 28 26 -28 -29 -30 -31
leaf_value=0.0014271332944190496 -0.0012225972417970882 -0.032996817864477633 0.075416227181752532 0.025843456718656756 0.0026886811522258956 -0.0093315824415992153 0.0014271332944190496 0.015987936589685236 0.015987936589685236 0.087793030625297919 0.0014271332944190496 -0.01982813719660044 -0.024609140992164616 -0.072036717172998643 -0.010589587630513382 -0.0037833104745067397 0.0014271332944190496 -0.069385374420218998 0.00051831766638012298 0.0011839729249816374 -0.0093315824415992153 -0.071185132861137396 0.00076342086693722763 0.013170711593095054 -0.0087867348061716373 -0.0096133263480267864 -0.0022407434955470933 -0.0017421626021464666 0.0090538474833952061 0.011573308760572861
leaf_weight=187 2232 26 30 36 132 39 2228 205 173 42 377 62 25 12.999999999999998 127 29 2514 18 744 261 206 15.999999999999998 3985 230 106 927 3595 375 742 205
leaf_count=82 1289 21 12 16 87 22 1161 81 62 14 204 33 14 7 92 23 1266 10 422 148 107 10 1860 98 61 398 1840 163 339 96
internal_value=0.000266952 -0.00027167 0.0120082 0.0483765 -0.00318362 0.00120254 0.00336529 0.00819662 0.0115736 0.0255744 0.0064015 -0.000511021 -0.00491041 -0.00330346 -0.0162954 -0.0266272 0.000960269 -0.0200247 -0.00104679 0.00136152 -0.00532176 -0.0427851 -0.000493554 -0.00140531 0.000992767 -0.00284593 -0.00375211 0.00392719 0.00682377 0.00129231
internal_weight=19887 12621 224 66 158 7266 3212 984 797 215 582 4054 1016 946 140 70 3038 57 806 2981 467 41 12397 8207 3080 5127 4522 605 848 4190
internal_count=10038 6280 136 28 108 3758 1604 443 361 76 285 2154 601 554 99 47 1553 32 455 1521 255 24 6144 4188 1689 2499 2238 261 400 1956
is_linear=0
shrinkage=0.05


Tree=197
num_leaves=31
num_cat=0
split_feature=10 4 27 7 7 10 28 7 10 4 7 25 10 11 25 1 9 25 8 28 6 5 5 8 14 7 4 24 5 11
split_gain=3.60535 12.4143 58.1281 10.7677 9.51691 57.5199 80.1723 13.3112 19.0867 20.4677 14.8064 13.7141 12.719 11.8838 12.5945 11.6391 11.5678 29.1699 16.2397 10.7693 10.6716 9.02353 8.09551 12.852 7.88664 7.68585 16.611 21.1957 13.7471 12.9376
threshold=-0.37939999997615809 2.5649999380111699 11.250000000000002 1016.9500122070314 1017.0499877929689 -0.98295000195503224 59.500000000000007 1018.2500000000001 -0.98295000195503224 2.4550000429153447 1019.3500061035157 6.8500001430511483 -0.98295000195503224 0.60784998536109935 9.7500000000000018 72.500000000000014 -0.6035499870777129 12.84999990463257 339.50000000000006 49.500000000000007 692.50000000000011 -2.5949999094009395 -4.1349999904632559 531.50000000000011 55.000000000000007 1017.3500061035157 1.4049999713897707 266.25000000000006 4.8949999809265146 0.87834998965263378
decision_type=2 2 2 2 2 2 2 2 2 2 2 2 2 2 2 2 2 2 2 2 2 2 2 2 2 2 2 2 2 2
left_child=4 25 3 -3 5 6 15 8 19 20 11 -9 -13 22 -15 -1 17 -12 -18 21 -10 -6 -7 -24 -4 26 28 -28 -2 -29
right_child=1 2 24 -5 7 13 -8 10 9 -11 16 12 -14 14 -16 -17 18 -19 -20 -21 -22 -23 23 -25 -26 -27 27 29 -30 -31
leaf_value=0.028710456565022469 -0.0017077924225844957 -0.031075340776393814 0.071645414431889862 0.0020637260517105461 -0.021952919860203299 0.0061959469236687196 0.12655205272492909 -0.0080019438100096436 0.0039606265983749911 -0.050261312587694687 0.0010910240405184826 0.036499890287717184 0.0088182789786399023 0.005318119005554494 0.02999202376779388 -0.011359687964431943 0.0011584892643823226 0.027491013859472582 -0.0062704301994615025 -0.004139239144687717 -0.0094901758185724217 -0.058781191963573988 0.0036463773042518413 -0.0077157766022147274 0.035390210946400963 0.00044112695299744617 0.029358127599825031 -0.029299001289410112 0.034087471470788673 0.00083746748277917509
leaf_weight=74 4081 30 30 134 39 381 21 114 385 22 617 45 533 216 68 24 2189 126 1108 37 239 29 470 529 30 8080 23 138 27 48
leaf_count=35 2151 25 12 89 23 247 7 114 212 16 329 19 233 128 27 12 1050 42 554 24 135 14 306 231 10 3856 11 89 13 24
internal_value=0.000252724 -0.000258087 0.0114078 -0.0039983 0.00114 0.00431324 0.0378952 0.0001081 -0.00607594 -0.00286232 0.00108955 0.00784742 0.0109734 0.00191165 0.011226 0.0188974 -6.79886e-05 0.00556801 -0.0013381 -0.0258473 -0.0011912 -0.0376591 -5.21211e-06 -0.00237022 0.0535178 -0.000468876 -0.0021721 -0.0159226 -0.00147253 -0.0215218
internal_weight=19887 12621 224 164 7266 1783 119 5483 751 646 4732 692 578 1664 284 98 4040 743 3297 105 624 68 1380 999 60 12397 4317 209 4108 186
internal_count=10038 6280 136 114 3758 993 54 2765 424 363 2341 366 252 939 155 47 1975 371 1604 61 347 37 784 537 22 6144 2288 124 2164 113
is_linear=0
shrinkage=0.05


Tree=198
num_leaves=31
num_cat=0
split_feature=28 10 3 3 8 27 4 27 28 8 1 3 11 5 27 3 27 23 23 18 3 2 25 3 5 25 25 2 10 9
split_gain=3.31413 4.16436 12.348 12.478 11.6766 14.8573 11.1911 52.396 9.74141 23.4312 16.3206 9.53866 9.3199 7.54558 9.53061 7.41225 15.4328 30.097 10.9488 12.8108 8.23455 7.11769 4.99417 4.61815 4.14526 3.32092 2.67201 2.31129 3.37587 1.89605
threshold=10.500000000000002 -0.37939999997615809 219.50000000000003 290.50000000000006 18.500000000000004 7.0499999523162851 2.5649999380111699 11.250000000000002 73.500000000000014 473.50000000000006 78.500000000000014 19.500000000000004 0.60784998536109935 -4.1849999427795401 18.94999980926514 201.50000000000003 12.250000000000002 65.500000000000014 59.500000000000007 7.0499999523162851 182.50000000000003 5.8750000000000009 9.1500000953674334 283.50000000000006 -0.68500000238418568 14.750000000000002 12.449999809265138 5.0150001049041757 1.0000000180025095e-35 0.78654998540878307
decision_type=2 2 2 2 2 2 2 2 2 2 2 2 2 2 2 2 2 2 2 2 2 2 2 2 2 2 2 2 2 2
left_child=25 2 8 4 23 -6 15 27 11 10 -10 -2 -11 22 -15 16 20 -18 24 -20 -3 -9 -5 -4 -17 29 -13 28 -8 -1
right_child=1 6 3 13 5 -7 7 21 9 12 -12 26 -14 14 -16 18 17 -19 19 -21 -22 -23 -24 -25 -26 -27 -28 -29 -30 -31
leaf_value=-0.0072928439092604415 0.0005201829856861577 -0.0012550305600748553 0.00039051428998103816 0.0091641977777275375 -0.0021055605986879931 0.021084182954985986 0.0022981555011829286 0.068063146273295086 0.024027223222260245 0.0005201829856861577 0.0005201829856861577 -0.0028059220385420699 0.01066018824305566 -0.0017554702470870239 0.007439151986204472 -0.00038137103057252848 0.0036846226773130627 0.03741518063204629 -0.00017022958965731886 0.0090913853854033885 0.0025328217704145067 0.033620700637499494 0.036707538680026408 0.019947842289419735 -0.0028059220385420699 -0.0028059220385420699 0.0005201829856861577 -0.0028059220385420699 0.024018000708427609 -0.01959246853564648
leaf_weight=94 1018 5566 269 123 90 297 38 30 197 1234 74 1590 227 1030 388 1998 1197 70 621 461 953 30 19 34 1489 75 502 107 19 47
leaf_count=38 620 2757 139 86 55 125 24 12 98 548 46 949 99 576 158 1097 576 25 280 200 466 10 7 14 729 25 171 78 12 18
internal_value=0.000240087 0.000307724 0.0012766 0.00433719 0.00993591 0.0156912 -0.000238527 0.0108374 -0.000145601 0.00285961 0.0163674 -0.00181924 0.000520183 0.00186083 0.000760407 -0.000439337 0.000498823 0.00554819 -0.00203805 0.00246546 -0.000482546 0.0508419 0.0128496 0.00258507 -0.00280592 -0.00591957 -0.00280592 -0.00280592 0.00740223 -0.0113927
internal_weight=19887 19671 7092 2250 690 387 12579 224 4842 1732 271 3110 1461 1560 1418 12355 7786 1267 4569 1082 6519 60 142 303 3487 216 2092 164 57 141
internal_count=10038 9957 3691 1160 333 180 6266 136 2531 791 144 1740 647 827 734 6130 3824 601 2306 480 3223 22 93 153 1826 81 1120 114 36 56
is_linear=0
shrinkage=0.05


Tree=199
num_leaves=31
num_cat=0
split_feature=10 4 27 7 7 10 28 7 10 0 7 21 25 10 9 25 6 11 11 29 9 8 11 18 25 7 3 27 9 12
split_gain=2.92455 9.79971 47.8288 9.58195 8.82539 42.569 77.6836 15.3283 15.3052 13.2181 13.1089 12.6407 12.1628 11.6244 10.3641 26.2433 14.6134 9.59607 9.48103 12.5256 10.2261 43.579 8.90921 8.8384 8.11175 7.35239 7.2895 13.8749 18.0091 18.7591
threshold=-0.37939999997615809 2.5649999380111699 11.250000000000002 1016.9500122070314 1017.2500000000001 -0.98295000195503224 59.500000000000007 1018.2500000000001 -0.91595000028610218 25.94999980926514 1019.3500061035157 11.34999990463257 6.8500001430511483 -0.98295000195503224 -0.6035499870777129 12.84999990463257 412.50000000000006 -0.87834998965263356 0.60784998536109935 13.34999990463257 1.0000000180025095e-35 323.50000000000006 0.87834998965263378 12.250000000000002 7.7500000000000009 1016.6499938964845 201.50000000000003 12.250000000000002 -0.37939999997615809 0.81174999475479137
decision_type=2 2 2 2 2 2 2 2 2 2 2 2 2 2 2 2 2 2 2 2 2 2 2 2 2 2 2 2 2 2
left_child=4 26 3 -3 5 6 9 8 11 -1 12 22 -9 -14 15 -12 -16 -13 20 -20 25 -22 -6 -10 -25 -7 27 -2 -29 -30
right_child=1 2 -4 -5 7 18 -8 10 23 -11 14 17 13 -15 16 -17 -18 -19 19 -21 21 -23 -24 24 -26 -27 -28 28 29 -31
leaf_value=-0.011730816810758729 -0.00044748126808504159 -0.0294153042199711 0.048299825986226404 0.0018459130217557522 -0.025047236066072801 -0.001729390317886461 0.1198453153882708 -0.0076285875696492826 -0.0051298042863099939 0.026568037911619942 0.00093785390824628948 -0.019926239677018717 0.034644644260406497 0.0081810708561240331 0.0022730927397228351 0.02597851539474158 -0.0044088073185051058 0.00037776834753183827 0.0018591319707124251 0.022440782937506013 0.0025449431642100666 0.071339171597113213 -0.0671235869328181 0.0041520173845251505 0.032014720269611906 -0.017721962619902967 -0.0020255083618746449 0.015908733460022823 0.0024116492953522219 0.019907040768242502
leaf_weight=33 6519 30 60 134 78 796 21 114 323 71 617 33 45 533 1508 126 1789 106 190 121 564 24 14.999999999999998 45 35 79 4611 304 809 154
leaf_count=18 3223 25 22 89 52 371 7 114 159 33 329 17 19 233 671 42 933 64 118 51 402 12 10 39 14 50 2320 117 424 60
internal_value=0.000197341 -0.00026272 0.0101022 -0.0038726 0.000996464 0.00392596 0.0321277 -4.00754e-05 -0.00733443 0.0144155 0.000938774 -0.0175653 0.00729749 0.0102414 -0.000150392 0.00518432 -0.0013526 -0.00801874 0.0019388 0.00986678 0.000253492 0.00535287 -0.0318337 -0.00144471 0.0134338 -0.00317329 -0.000450002 0.00048304 0.00527078 0.00241165
internal_weight=19887 12621 224 164 7266 1899 125 5367 635 104 4732 232 692 578 4040 743 3297 139 1774 311 1463 588 93 403 80 875 12397 7786 1267 963
internal_count=10038 6280 136 114 3758 1062 58 2696 355 51 2341 143 366 252 1975 371 1604 81 1004 169 835 414 62 212 53 421 6144 3824 601 484
is_linear=0
shrinkage=0.05


Tree=200
num_leaves=17
num_cat=0
split_feature=1 0 10 29 23 11 3 23 1 0 10 4 12 1 25 10
split_gain=3.38296 4.76398 3.07717 9.52701 7.46486 7.23839 3.41068 6.53779 4.42791 4.01557 3.72716 29.749 6.74615 3.39644 0.789937 0.747306
threshold=40.500000000000007 32.649999618530281 0.98295000195503246 2.2500000000000004 64.500000000000014 1.0000000180025095e-35 4.5000000000000009 62.500000000000007 60.500000000000007 24.849999427795414 -0.91595000028610218 -1.0549999475479124 0.81174999475479137 81.500000000000014 8.7500000000000018 -0.37939999997615809
decision_type=2 2 2 2 2 2 2 2 2 2 2 2 2 2 2 2
left_child=14 2 6 -4 5 -5 7 9 -9 -2 11 -8 -12 -6 -1 -16
right_child=1 -3 3 4 13 -7 10 8 -10 -11 12 -13 -14 -15 15 -17
leaf_value=-0.017857930762693288 -0.00064004780234378248 0.026535469508620308 -0.047197899594902996 -0.0087235586607310265 0.0028269792651485714 0.0016981288286768003 -0.016499408827073552 0.0060139403919305806 0.013295515164223698 0.0060139403919305806 -0.00012440955953308376 0.00038341431222186067 0.0027741565799490166 0.013295515164223698 -0.012422139898196542 -0.0024315800810498851
leaf_weight=24 634 17 11.999999999999998 388 40 292 301 104 97 52 13533 1960 2357 68 20 35
leaf_count=17 443 7 7 206 19 155 160 54 41 27 6757 977 1155 26 10 16
internal_value=3.71465e-05 7.82331e-05 5.55608e-05 -0.00298226 -0.00230893 -0.00424836 0.000183214 0.0032106 0.0111409 0.000887011 3.5272e-05 -0.00186414 0.000305541 0.00990232 -0.0102891 -0.00698635
internal_weight=19934 19855 19838 800 788 680 19038 887 201 686 18151 2261 15890 108 79 55
internal_count=10077 10034 10027 413 406 361 9614 565 95 470 9049 1137 7912 45 43 26
is_linear=0
shrinkage=0.05


Tree=201
num_leaves=15
num_cat=0
split_feature=1 0 4 1 7 7 28 27 5 27 5 8 0 8
split_gain=3.07474 4.4432 2.92692 5.03955 2.89781 12.653 10.7581 9.95805 8.10894 20.0047 15.9703 1.76799 1.71659 1.32606
threshold=40.500000000000007 32.149999618530281 -4.6249999999999991 70.500000000000014 1018.2500000000001 1018.8500061035157 70.500000000000014 4.7500000000000009 4.0050001144409189 12.949999809265138 2.3950001001358037 473.50000000000006 25.550000190734867 616.50000000000011
decision_type=2 2 2 2 2 2 2 2 2 2 2 2 2 2
left_child=11 2 3 -2 8 7 -7 -6 10 -10 -4 -1 -5 -13
right_child=1 -3 4 12 5 6 -8 -9 9 -11 -12 13 -14 -15
leaf_value=-0.021130017439524335 -0.014078959650718249 0.017626854836837288 -0.000996154283192384 -0.0024549133117709844 -0.0018926639679807595 -0.00087243254994536336 0.0028802461277085303 0.0086149256854114176 -0.013025141035494231 0.0088360064419994375 0.0088360064419994375 0.0019654854891761656 0.0088360064419994375 -0.013689260720275343
leaf_weight=24 26 36 6583 35 317 8662 2450 781 340 79 428 31 118 24
leaf_count=15 16 16 3595 17 161 4154 1169 412 210 34 202 16 48 12
internal_value=3.7866e-05 7.70362e-05 4.5158e-05 0.00640988 -1.28503e-05 0.000460923 -4.50331e-05 0.00558131 -0.000791421 -0.00754821 -0.000387613 -0.00980674 0.00883601 -0.00486568
internal_weight=19934 19855 19819 179 19640 12210 11112 1098 7430 419 7011 79 153 55
internal_count=10077 10034 10018 81 9937 5896 5323 573 4041 244 3797 43 65 28
is_linear=0
shrinkage=0.05


Tree=202
num_leaves=18
num_cat=0
split_feature=4 1 1 0 12 10 29 23 3 28 3 0 8 2 8 28 28
split_gain=2.78257 4.68369 2.74353 4.18593 3.04682 2.60803 8.58262 7.24389 3.48356 5.26376 3.64951 2.5754 1.59561 1.29319 1.19677 0.761019 0.632975
threshold=-4.6249999999999991 70.500000000000014 40.500000000000007 31.44999980926514 1.0000000180025095e-35 0.98295000195503246 2.2500000000000004 32.500000000000007 4.5000000000000009 42.500000000000007 38.500000000000007 25.550000190734867 473.50000000000006 5.9549999237060556 616.50000000000011 92.500000000000014 89.500000000000014
decision_type=2 2 2 2 2 2 2 2 2 2 2 2 2 2 2 2 2
left_child=1 -1 12 5 -5 8 -7 -8 9 -4 -10 -3 -2 -13 -14 -6 -15
right_child=2 11 3 4 15 6 7 -9 10 -11 -12 13 14 16 -16 -17 -18
leaf_value=-0.013375011544961197 -0.020073516480624679 -0.0023321673327258655 -0.0010306482643846276 0.0052577623514342602 0.013130990878146674 -0.044793351242939636 -0.014413981236783523 -0.00030765459895963024 -0.0015368351975574863 0.0052577623514342602 0.00028323317111332 0.020285167708629516 0.0018672112615839129 0.0053898916797843243 -0.01300479768154522 0.024895891216066151 0.012966089726736151
leaf_weight=26 24 35 431 39 28 11.999999999999998 105 683 3400 450 14501 41 31 29 24 27 48
leaf_count=16 15 17 314 20 13 7 58 348 1807 248 7129 17 16 13 12 9 18
internal_value=3.89396e-05 0.00624488 -1.72925e-05 2.00439e-05 0.010546 -3.04842e-05 -0.0028264 -0.0021873 8.86048e-05 0.00315806 -6.24588e-05 0.00957898 -0.0093164 0.013112 -0.00462239 0.0189065 0.00929245
internal_weight=19934 179 19755 19676 94 19582 800 788 18782 881 17901 153 79 118 55 55 77
internal_count=10077 81 9996 9953 42 9911 413 406 9498 562 8936 65 43 48 28 22 31
is_linear=0
shrinkage=0.05


Tree=203
num_leaves=31
num_cat=0
split_feature=7 14 26 27 11 6 10 18 4 7 5 5 8 24 26 7 9 7 28 10 27 5 12 10 1 10 7 6 1 11
split_gain=2.7609 7.86469 11.687 11.5945 21.7197 14.9715 23.0136 8.1864 7.37202 4.50742 6.3547 7.9814 6.58614 8.40731 5.67563 9.9525 13.9394 5.90213 5.45261 14.9271 4.86149 4.2298 7.6701 21.3895 16.4934 7.56419 6.33228 3.96775 3.90985 6.85803
threshold=1023.2500000000001 48.000000000000007 12.150000095367433 7.2500000000000009 0.60784998536109935 512.50000000000011 -0.98295000195503224 4.3500001430511483 -1.705000042915344 1022.8500061035157 2.6049998998641972 -0.90500000119209278 469.50000000000006 730.41500854492199 20.650000572204593 1021.1499938964845 -0.6035499870777129 1021.3500061035157 56.500000000000007 -0.91595000028610218 17.849999427795414 -3.814999938011169 1.0000000180025095e-35 -0.91595000028610218 58.500000000000007 0.60354998707771312 1013.7500000000001 242.50000000000003 74.500000000000014 -0.60784998536109913
decision_type=2 2 2 2 2 2 2 2 2 2 2 2 2 2 2 2 2 2 2 2 2 2 2 2 2 2 2 2 2 2
left_child=9 3 -3 -2 8 6 -6 27 -5 14 11 20 13 -12 21 28 -17 -18 19 -13 -11 25 24 -24 -23 -1 -27 -4 29 -16
right_child=1 2 7 4 5 -7 -8 -9 -10 10 12 18 -14 -15 15 16 17 -19 -20 -21 -22 22 23 -25 -26 26 -28 -29 -30 -31
leaf_value=0.0012722370662010991 0.0010229893744615828 -0.0165490376849864 -0.0029926251143280944 0.030359285105677217 0.076459211394900375 0.0046564955717821044 0.021241154033510436 0.0010229893744615828 0.0046564955717821044 -0.00083551590341603621 0.030861417866415448 -0.048542184829711919 -0.018260229074142195 -0.00069748225459810716 0.01504638375019119 0.030784632965470807 0.018476762399077414 0.0021066153585340454 -0.0024823276059968129 -0.010562989580633238 0.025473025221038947 -0.0084526171463758064 -0.012002365593984352 -0.001147802306202092 0.0010138115960403851 -0.010968860955192493 -0.0010344693679515322 -0.0082881545693194256 0.0012722370662010991 0.0018115966100251985
leaf_weight=1627 977 118 112 34 21 68 186 815 461 87 36 30 22 51 146 66 70 258 119 188 22 495 501 4823 6531 208 701 225 639 297
leaf_count=1033 512 93 52 14 7 25 82 358 179 40 21 12 17 34 51 22 25 93 59 81 10 229 274 2502 3300 103 432 99 217 101
internal_value=3.83564e-05 0.00143174 -0.00156236 0.00360834 0.00829 0.0199672 0.026843 -2.72715e-05 0.0046565 -0.000210142 -0.00464157 -0.00728652 0.00618087 0.0123614 -5.98278e-05 0.00289754 0.00981895 0.00560024 -0.0110905 -0.0157895 0.00447446 -0.000353061 -0.000737804 -0.00216924 0.000346877 0.00127224 -0.00330769 -0.00700824 0.00127224 0.0061734
internal_weight=19934 3017 1270 1747 770 275 207 1152 495 16917 555 446 109 87 16362 1476 394 328 337 218 109 14886 12350 5324 7026 2536 909 337 1082 443
internal_count=10077 1421 602 819 307 114 89 509 193 8656 274 202 72 55 8382 509 140 118 152 93 50 7873 6305 2776 3529 1568 535 151 369 152
is_linear=0
shrinkage=0.05


Tree=204
num_leaves=31
num_cat=0
split_feature=5 3 7 10 29 4 23 7 10 7 27 9 27 0 1 1 7 7 7 27 23 10 4 23 5 9 23 7 3 23
split_gain=2.5206 8.64493 6.53536 12.8957 10.1467 8.91663 10.6667 5.94972 16.2083 15.1208 12.2947 17.9951 11.1019 13.3486 10.8031 10.4991 20.6996 9.47677 9.38619 22.6157 13.5185 8.82648 24.4539 9.71733 8.66929 8.62429 7.29206 6.44683 6.03545 6.09245
threshold=-4.0450000762939444 35.500000000000007 1016.9500122070314 0.98295000195503246 9.9499998092651385 -1.0049999952316282 53.500000000000007 1018.2500000000001 0.98295000195503246 1018.8500061035157 20.849999427795414 1.0000000180025095e-35 4.3500001430511483 21.750000000000004 70.500000000000014 97.500000000000014 1019.8500061035157 1015.1499938964845 1015.0499877929689 4.6499998569488534 42.500000000000007 -0.91595000028610218 -0.39499999582767481 58.500000000000007 -2.9550000429153438 -0.91595000028610218 59.500000000000007 1018.4500122070314 308.50000000000006 36.500000000000007
decision_type=2 2 2 2 2 2 2 2 2 2 2 2 2 2 2 2 2 2 2 2 2 2 2 2 2 2 2 2 2 2
left_child=1 2 4 -4 5 6 -1 8 10 12 18 -12 14 26 -9 21 -17 24 20 -20 -2 22 -11 -23 -10 -16 -14 -15 29 -19
right_child=7 -3 3 -5 -6 -7 -8 9 17 15 11 -13 13 27 25 16 -18 28 19 -21 -22 23 -24 -25 -26 -27 -28 -29 -30 -31
leaf_value=-0.011668505657549578 -0.0074231036103767252 0.0070050964128196003 -0.0045262393483818395 -0.053631824254989628 0.019203555017709734 0.0044609377797871497 0.0024419632883076253 0.0037061016061812994 -0.031942203454673294 -0.013264942343235603 0.028919810228622878 0.0027835385826972107 0.0037061016061812994 0.028694073600548039 -0.018783660602310431 -0.035427549051781818 0.00041453949864143913 -0.031692199496661917 -0.011792844861533452 -0.0012189508058277152 0.0025171975034618639 -0.00086801346591405891 0.00048984683569122135 0.0023779573188031549 0.011453555933222538 0.0037061016061812994 0.010493768803682017 0.012826502903184871 -0.041968187650567611 -0.0012957099068444224
leaf_weight=262 418 558 297 13.999999999999998 75 588 274 106 15.999999999999998 444 78 338 315 89 115 62 115 34 649 2290 1882 4667 1187 4557 41 61 104 228 38 32
leaf_count=147 275 319 213 14 40 432 143 54 11 224 26 132 178 43 54 28 53 14 379 1261 830 2291 555 2127 20 34 48 100 15 17
internal_value=3.45334e-05 0.00168711 -0.000278074 -0.00673678 0.0013972 0.000209058 -0.00445532 -0.000156754 -0.00147012 0.00047715 -0.00102475 0.00724878 0.00630781 0.00953988 -0.00212768 -6.08856e-05 -0.0121403 -0.0171135 -0.0016817 -0.00355391 0.000710656 0.00013608 -0.00325456 0.000735617 -0.00072771 -0.0107155 0.0037061 0.0172814 -0.0260941 -0.0169545
internal_weight=19934 2068 1510 311 1199 1124 536 17866 5816 12050 5655 416 1018 736 282 11032 177 161 5239 2939 2300 10855 1631 9224 57 176 419 317 104 66
internal_count=10077 1308 989 227 762 722 290 8769 2980 5789 2903 158 511 369 142 5278 81 77 2745 1640 1105 5197 779 4418 31 88 226 143 46 31
is_linear=0
shrinkage=0.05


Tree=205
num_leaves=30
num_cat=0
split_feature=18 7 10 7 18 8 8 28 9 7 5 23 9 7 18 27 6 28 5 5 7 9 23 28 4 28 20 3 17
split_gain=3.30463 3.43424 14.4273 69.6207 16.7875 14.7984 7.64384 15.9209 11.3195 18.5486 20.332 11.0068 10.1096 8.44395 8.32004 7.88316 7.63807 14.8148 9.9951 7.30212 7.05599 7.01101 6.56575 4.0277 3.27254 1.72073 0.952153 0.0462294 0.0311263
threshold=24.550000190734867 1021.1499938964845 -0.98295000195503224 1021.8500061035157 4.1499998569488534 347.50000000000006 298.50000000000006 37.500000000000007 -0.91595000028610218 1018.0499877929689 -2.1450001001358028 59.500000000000007 -1.0000000180025095e-35 1019.8500061035157 6.7500000000000009 4.0499999523162851 822.50000000000011 56.500000000000007 -1.7549999952316282 -1.0249999761581419 1014.1499938964845 -0.78654998540878285 54.500000000000007 65.500000000000014 -0.31499999761581415 34.500000000000007 14.250000000000002 354.50000000000006 0.11850000172853471
decision_type=2 2 2 2 2 2 2 2 2 2 2 2 2 2 2 2 2 2 2 2 2 2 2 2 2 2 2 2 2
left_child=1 6 3 -3 5 -5 8 24 9 10 -1 13 20 -10 -13 -11 19 18 -18 -4 -9 -21 -6 -19 -8 -2 28 -28 -27
right_child=25 2 16 4 22 -7 7 12 11 15 -12 14 -14 -15 -16 -17 17 23 -20 21 -22 -23 -24 -25 -26 26 27 -29 -30
leaf_value=0.0012435383383465346 0.0032476907063449414 -0.089207242429256442 0.0032476907063449414 -0.0080099165612875032 -0.0076549951157028236 -0.048794605483611427 -0.036050526285544039 0.0032476907063449414 -0.0010192255908103686 -0.0093667653066163165 -0.031468087730600551 0.00013151567815954286 0.0032476907063449414 -0.0053167626400695946 0.0032476907063449414 0.0032476907063449414 -0.04701480567455292 -0.0066654026527407763 -0.01291844655640142 0.0032476907063449414 -0.0011923378937460771 4.852016103692736e-05 0.0032476907063449414 4.852016103692736e-05 -0.012165900247256891 0.0069105659176987664 0.014370337172466167 0.017399842739105227 0.0084252838164758995
leaf_weight=73 64 25 1204 86 39 30 32 1114 5371 147 136 924 387 1452 1188 134 30 238 37 277 2858 3033 198 747 22 26 34 20 39
leaf_count=42 54 19 556 38 22 14 15 475 3179 65 83 423 204 718 496 58 15 140 19 130 1365 1381 87 426 11 13 17 10 13
internal_value=-6.54499e-05 -0.000127321 0.000877868 -0.00857467 -0.00286414 -0.0185577 -0.000559091 0.00115827 -0.0013632 -0.00876254 -0.0200425 -0.000957418 0.00149254 -0.00193378 0.00219681 -0.000372827 0.00151981 -0.00231694 -0.0250675 0.00241398 0.000126191 0.000705426 0.00324769 -0.000769438 -0.0258243 0.0066227 0.0105734 0.0154924 0.00691057
internal_weight=19965 19782 5944 378 353 116 13838 4413 9425 490 209 8935 4359 6823 2112 281 5566 1052 67 4514 3972 3310 237 985 54 183 119 54 65
internal_count=10088 9981 2847 180 161 52 7134 2070 5064 248 125 4816 2044 3897 919 123 2667 600 34 2067 1840 1511 109 566 26 107 53 27 26
is_linear=0
shrinkage=0.05


Tree=206
num_leaves=31
num_cat=0
split_feature=1 7 5 24 18 26 7 3 23 4 8 1 26 8 11 7 23 26 4 5 1 4 7 3 7 27 23 10 8 17
split_gain=3.14187 10.3156 11.685 16.3849 11.2282 21.4864 15.5679 18.9129 17.7382 14.2575 13.9327 10.7502 12.7397 10.5194 26.3682 18.5896 18.3667 19.3283 12.5318 11.8878 9.73153 15.8649 11.9842 11.8583 9.60268 14.1863 8.92099 8.19815 20.2296 17.3258
threshold=72.500000000000014 1021.1499938964845 -1.0249999761581419 467.08500671386724 6.7500000000000009 23.94999980926514 1016.0499877929689 98.500000000000014 57.500000000000007 2.935000061988831 4.5000000000000009 82.500000000000014 12.250000000000002 206.50000000000003 0.60784998536109935 1024.549987792969 76.500000000000014 18.94999980926514 -1.1249999999999998 3.3449999094009404 64.500000000000014 0.2950000017881394 1016.7500000000001 352.50000000000006 1022.3500061035157 9.5500001907348651 60.500000000000007 -1.0000000180025095e-35 371.50000000000006 0.10050000250339509
decision_type=2 2 2 2 2 2 2 2 2 2 2 2 2 2 2 2 2 2 2 2 2 2 2 2 2 2 2 2 2 2
left_child=20 4 3 11 6 9 -2 10 -9 26 -8 12 -3 16 19 -16 18 -18 -4 -15 21 -1 -23 27 -5 -26 -6 28 29 -22
right_child=1 2 13 24 5 -7 7 8 -10 -11 -12 -13 -14 14 15 -17 17 -19 -20 -21 23 22 -24 -25 25 -27 -28 -29 -30 -31
leaf_value=0.00049862226614906557 -0.0024190021789264183 0.0033076968656706174 0.0077360956432556988 0.0033076968656706174 -0.0014586468472813129 0.038126704262362587 -0.0024190021789264183 -0.020508580119181559 -0.0024190021789264183 0.018766207239054769 -0.01888307745763132 0.005698075443753183 0.022986464243350102 -0.024251434474342293 0.016890043490848532 -0.017071003646686161 0.0077360956432556988 0.031544839347077309 -0.0012711232400800146 0.0038930386621901327 -0.0013328568856644481 0.0013177781068042021 -0.016556512186048433 0.021466591821491035 -0.050131315907294111 -0.0064264897795143624 0.0037984270412563764 -0.00067105381173123129 0.0022979690259392546 0.026953422698073177
leaf_weight=2770 698 38 380 201 6469 36 141 139 805 65 476 528 232 186 132 58 102 107 2430 47 79 147 259 87 22 119 922 1034 1084 172
leaf_count=1337 338 18 185 92 3701 12 61 86 356 40 235 242 89 90 44 23 46 38 1106 37 41 83 177 43 11 63 395 474 543 82
internal_value=-2.72169e-05 -0.000420398 0.00153639 0.00592383 -0.0013399 -0.000408231 -0.00442977 -0.0079673 -0.00351788 -0.00059429 -0.0147749 0.00984802 0.0179635 8.32653e-05 -0.00730124 0.00652299 0.00111793 0.0154179 5.43397e-05 -0.0185742 0.000973398 -0.000854295 -0.0100848 0.0033369 -0.00323263 -0.0132457 -0.000802846 0.00267109 0.00525969 0.0180506
internal_weight=19965 14333 4582 1140 9751 7492 2259 1561 944 7456 617 798 270 3442 423 190 3019 209 2810 233 5632 3176 406 2456 342 141 7391 2369 1335 251
internal_count=10088 7308 2084 515 5224 4148 1076 738 442 4136 296 349 107 1569 194 67 1375 84 1291 127 2780 1597 260 1183 166 74 4096 1140 666 123
is_linear=0
shrinkage=0.05


Tree=207
num_leaves=31
num_cat=0
split_feature=18 1 7 11 10 10 21 18 7 23 1 4 10 28 11 3 18 20 10 10 27 1 4 7 7 5 26 28 17 5
split_gain=2.77062 3.11718 9.48803 10.0464 13.8149 10.9329 9.34092 9.0345 14.2111 9.43115 8.76063 14.318 11.0409 7.70387 23.8415 7.57106 6.35204 6.02052 6.00397 6.2154 5.97495 5.93089 5.61751 4.54027 2.09243 1.60913 1.51713 0.586981 0.216364 0.207999
threshold=24.550000190734867 72.500000000000014 1021.1499938964845 -0.87834998965263356 1.0000000180025095e-35 0.98295000195503246 4.8500001430511483 6.7500000000000009 1016.0499877929689 60.500000000000007 64.500000000000014 0.2950000017881394 -0.6035499870777129 35.500000000000007 0.60784998536109935 349.50000000000006 2.1499999761581425 11.150000095367433 -1.0000000180025095e-35 0.60354998707771312 3.7500000000000004 93.500000000000014 -3.3850001096725459 1022.5499877929689 1009.6499938964845 -4.8050000667572013 10.650000095367433 34.500000000000007 0.11850000172853471 -1.6449999809265134
decision_type=2 2 2 2 2 2 2 2 2 2 2 2 2 2 2 2 2 2 2 2 2 2 2 2 2 2 2 2 2 2
left_child=1 10 6 4 23 -6 -3 8 -8 -9 11 17 15 14 -12 -13 20 22 -15 -20 -5 -18 -1 -4 -14 -2 -19 -27 -29 -30
right_child=25 2 3 16 5 -7 7 9 -10 -11 13 12 24 18 -16 -17 21 26 19 -21 -22 -23 -24 -25 -26 27 -28 28 29 -31
leaf_value=-0.009480631040347803 0.015269154859216592 -0.059094317044530602 -0.0013675067180884072 -0.0271720753552822 0.0030201769301859884 -0.022570417750449406 -0.002271649652105882 -0.0011763037130577362 -0.0075147898772714716 0.0030201769301859884 -0.0061838575696689033 -0.020168010642131171 -0.017587956786155701 0.0030201769301859884 -0.053319936322754828 0.0030201769301859884 0.0030201769301859884 0.00094901563258389292 -0.0036473424334003838 0.0030201769301859884 -0.005113322450748331 -0.0012772852033055549 -0.00024887107356585643 -0.016613975016273631 0.0019805816767639877 0.0030201769301859884 0.0030201769301859884 0.0051978622836340825 0.012730214476585389 0.0072484015716845476
leaf_weight=182 38 6.9999999999999991 64 39 284 42 698 6396 1561 942 28 204 14.999999999999998 1371 29 34 3041 149 706 322 29 841 1742 206 153 64 697 26 25 30
leaf_count=88 19 7 32 20 139 21 338 3643 738 403 13 134 11 682 17 17 1371 97 309 162 15 367 895 107 98 54 257 13 11 10
internal_value=-1.34829e-05 -7.01347e-05 -0.000466111 0.00141577 -0.00463536 0.0022924 -0.00135689 -0.00131477 -0.00407971 -0.000463589 0.000924728 -0.00081158 -0.00958055 0.00302018 -0.0153879 -0.016508 0.0023288 0.000473691 0.00302018 -0.000906102 -0.0128208 0.00259417 -0.00112215 -0.013 0.000233391 0.00611049 0.00302018 0.00371029 0.00737555 0.00929894
internal_weight=19965 19782 14150 4546 596 326 9604 9597 2259 7338 5632 3176 406 2456 57 238 3950 2770 2399 1028 68 3882 1924 270 168 183 846 145 81 55
internal_count=10088 9981 7201 2072 299 160 5129 5122 1076 4046 2780 1597 260 1183 30 151 1773 1337 1153 471 35 1738 983 139 109 107 354 88 34 21
is_linear=0
shrinkage=0.05


Tree=208
num_leaves=31
num_cat=0
split_feature=1 1 12 4 12 4 28 23 10 10 4 8 26 8 4 8 11 4 18 28 25 29 8 23 18 24 5 5 11 24
split_gain=2.67648 8.44271 16.7025 12.9543 14.6654 12.0202 14.3714 11.2083 10.573 9.94267 8.10872 14.8074 8.04282 8.80953 7.9121 11.0931 18.6909 23.8908 30.1432 19.694 29.7054 25.384 13.749 9.68746 8.10295 16.5222 7.9104 13.4786 12.8027 7.38248
threshold=72.500000000000014 64.500000000000014 1.0000000180025095e-35 0.2950000017881394 0.81174999475479137 -1.1549999713897703 35.500000000000007 75.500000000000014 -1.0000000180025095e-35 -0.6035499870777129 -1.7549999952316282 2.5000000000000004 20.44999980926514 480.50000000000006 -4.0150001049041739 206.50000000000003 0.60784998536109935 -0.55500000715255726 2.7500000000000004 26.500000000000004 9.7500000000000018 10.34999990463257 779.50000000000011 58.500000000000007 5.6499998569488534 596.25000000000011 -2.3449999094009395 -2.195000052452087 0.60784998536109935 40.415000915527351
decision_type=2 2 2 2 2 2 2 2 2 2 2 2 2 2 2 2 2 2 2 2 2 2 2 2 2 2 2 2 2 2
left_child=1 3 5 4 29 10 -7 -6 -8 -5 11 -3 26 -14 -2 23 17 22 -19 20 -18 -21 -17 24 25 -16 28 -28 -4 -1
right_child=14 2 12 9 7 6 8 -9 -10 -11 -12 -13 13 -15 15 16 19 18 -20 21 -22 -23 -24 -25 -26 -27 27 -29 -30 -31
leaf_value=0.077523374557495126 0.0068033509560067353 0.039007538968119128 0.0039375064078131785 -0.015665261717826253 -0.001182812312617898 -0.026428522513462949 0.01525970163725201 0.017746461090163805 0.0035927806803513138 0.00022172122837565397 -0.0088545710000639353 0.0018720826647474001 0.028724229402012299 0.0039375064078131785 -0.0037918777384805518 -0.018611666221091502 -0.080583039710396209 -0.065300706028938296 0.00035831594327849546 -0.0044216282002699494 -0.012742681151536435 0.016364248359659269 0.011592235507034674 0.0024760003491954554 -0.00042070895600205204 -0.032667198469015689 -0.040845988983554501 -0.0052370282533273933 -0.012587113005380769 -0.00095999061825745465
leaf_weight=2.9999999999999991 378 29 240 238 128 26 572 201 294 168 156 361 45 63 499 465 19 18 605 325 23 268 41 2999 8638 55 28 522 120 2438
leaf_count=1 176 10 112 151 51 17 251 78 123 109 77 174 18 21 264 218 12 13 292 144 10 117 15 1340 4678 29 15 291 74 1207
internal_value=2.84114e-05 0.000951949 0.00315338 -0.000750419 0.000472113 0.00662268 0.0101992 0.0103819 0.0112989 -0.00909134 0.000779721 0.00463344 -0.00174725 0.0111533 -0.000334483 -0.000527826 -0.00423379 -0.00809369 -0.00153873 0.00262892 -0.0304577 0.00497233 -0.0161643 8.4159e-06 -0.000796663 -0.00665856 -0.00327831 -0.00704985 0.00248376 -0.000863534
internal_weight=19965 5632 2456 3176 2770 1438 892 329 866 406 546 390 1018 108 14333 13955 1764 1129 623 635 42 593 506 12191 9192 554 910 550 360 2441
internal_count=10088 2780 1183 1597 1337 652 391 129 374 260 261 184 531 39 7308 7132 821 538 305 283 22 261 233 6311 4971 293 492 306 186 1208
is_linear=0
shrinkage=0.05


Tree=209
num_leaves=31
num_cat=0
split_feature=1 7 9 21 5 24 9 8 11 23 4 9 11 5 7 24 8 23 27 22 1 12 4 12 4 7 7 23 7 7
split_gain=2.44754 8.04478 14.1178 16.705 14.1738 13.3761 13.9552 11.4089 16.2454 11.45 10.0162 22.4213 25.019 10.0289 9.13918 8.81925 8.07237 7.85975 11.5647 9.08848 7.71382 14.8655 11.6913 13.2356 10.8482 13.5072 32.11 10.1154 9.50313 7.59098
threshold=72.500000000000014 1021.1499938964845 -0.91595000028610218 12.949999809265138 -1.0249999761581419 467.08500671386724 -0.6035499870777129 172.50000000000003 0.60784998536109935 76.500000000000014 -4.0150001049041739 -0.91595000028610218 0.87834998965263378 -2.9350000619888301 1022.3500061035157 742.08499145507824 180.50000000000003 59.500000000000007 8.7500000000000018 4.5499999523162851 64.500000000000014 1.0000000180025095e-35 0.2950000017881394 0.81174999475479137 -1.1549999713897703 1014.7500000000001 1017.1499938964845 75.500000000000014 1016.7500000000001 1022.1499938964845
decision_type=2 2 2 2 2 2 2 2 2 2 2 2 2 2 2 2 2 2 2 2 2 2 2 2 2 2 2 2 2 2
left_child=20 10 3 -3 5 6 -4 9 -9 -6 -2 12 13 -12 -7 -5 -14 19 -19 -13 22 24 23 -1 -22 -26 -27 -25 -24 -23
right_child=1 2 4 15 7 14 -8 8 -10 -11 11 17 16 -15 -16 -17 -18 18 -20 -21 21 29 28 27 25 26 -28 -29 -30 -31
leaf_value=-0.00082035746391481484 0.0070924595968813453 -0.0090213022623941604 0.037220323653448198 0.044645037177281507 -0.00018512213668480854 0.0030414646769483531 0.0076092809033869628 -0.015475700435733111 0.0028113871759602002 0.016568433124361175 -0.00077793820371880435 -0.024252213899638844 -0.0098899008495346562 -0.020315548840514324 -0.012588380745625294 0.016130680992173848 0.013899133771384528 0.00019108237258582043 0.0060693413306908764 -0.0014542522962417523 0.00074073449476543592 -0.0036662807104214847 0.0015170986022876233 -0.0011236716462008189 -0.019085519302349824 0.040552414944732051 0.0078198518592247426 0.016859137965597917 -0.014399777883421056 0.0074378513974980229
leaf_weight=2441 357 51 42 39 2692 168 756 288 210 106 80 44 53 367 141 89 109 951 1020 6770 546 829 147 128 39 83 770 201 259 189
leaf_count=1208 163 23 14 17 1227 78 335 158 77 44 36 40 20 180 74 37 48 451 401 3885 261 434 83 51 15 39 337 78 177 97
internal_value=3.11693e-05 -0.000315858 0.00141219 0.0151771 0.00085259 0.00574766 0.00916776 -0.000791476 -0.00776428 0.000449573 -0.00112787 -0.00144027 -0.0107179 -0.0168189 -0.00308483 0.0248186 0.0061163 -0.000797114 0.00198363 -0.00160147 0.000914326 0.00301859 -0.000712898 0.000448507 0.00629155 0.00968924 0.0110048 0.00986279 -0.00863677 -0.00160471
internal_weight=19965 14333 4582 179 4403 1107 798 3296 498 2798 9751 9394 609 447 309 128 162 8785 1971 6814 5632 2456 3176 2770 1438 892 853 329 406 1018
internal_count=10088 7308 2084 77 2007 501 349 1506 235 1271 5224 5061 284 216 152 54 68 4777 852 3925 2780 1183 1597 1337 652 391 376 129 260 531
is_linear=0
shrinkage=0.05


Tree=210
num_leaves=31
num_cat=0
split_feature=1 7 7 1 6 3 23 7 23 11 25 12 22 7 7 7 10 29 4 11 23 4 10 4 2 25 10 1 3 5
split_gain=3.4438 11.5263 14.9387 13.7162 9.43416 9.29468 4.53723 6.09203 4.96506 4.42046 3.99822 3.89845 3.75323 3.37777 10.6564 10.453 60.2317 37.7293 14.0708 28.7881 13.2797 10.2441 9.71664 11.8163 9.39024 8.66748 9.89674 7.59646 6.38058 9.41157
threshold=93.500000000000014 1018.8500061035157 1019.2500000000001 96.500000000000014 52.500000000000007 26.500000000000004 76.500000000000014 1024.850036621094 71.500000000000014 1.0000000180025095e-35 10.84999990463257 1.0000000180025095e-35 6.5499999523162851 1018.2500000000001 1019.2500000000001 1016.9500122070314 -0.98295000195503224 11.150000095367433 2.5649999380111699 -0.87834998965263356 19.500000000000004 1.9950000047683718 -0.98295000195503224 2.3349999189376835 6.0150001049041757 6.8500001430511483 -0.98295000195503224 90.500000000000014 348.50000000000006 -1.6850000023841856
decision_type=2 2 2 2 2 2 2 2 2 2 2 2 2 2 2 2 2 2 2 2 2 2 2 2 2 2 2 2 2 2
left_child=13 4 3 10 5 -2 7 8 -4 -6 11 -3 -9 15 24 16 17 -1 21 -20 27 -18 -22 -24 25 -15 -27 -17 -16 -30
right_child=1 2 6 -5 9 -7 -8 12 -10 -11 -12 -13 -14 14 28 20 18 -19 19 -21 22 -23 23 -25 -26 26 -28 -29 29 -31
leaf_value=0.017553487091901757 0.036638293727751702 -0.0036457593637433923 -0.0029495604971339611 -0.042225382437414312 0.0022740217703893515 0.0074503575029730637 0.015764079848304392 -0.022225712629464957 0.0062311238088724819 -0.0079612721041437025 0.0099211432717063227 -0.029533741995692253 -0.0034409412493308388 -0.0063985733047433914 0.00052086673842832146 -0.015753232074607573 -0.00032073902397521879 0.084222816303372389 0.062144724527994792 0.0038356293962166022 -0.015753232074607573 -0.022413899132735889 -0.0011812295720286994 -0.015753232074607573 -0.023041317661603292 0.028712481694916886 0.0056133990856361378 -0.051984167719880736 -0.002210881320951397 -0.021468496413376087
leaf_weight=63 31 33 1118 47 350 227 32 65 27 151 22 26 45 146 8633 33 5232 32 27 98 105 53 1471 52 30 48 1366 21 340 78
leaf_count=29 11 24 527 28 187 102 12 23 10 118 10 22 21 146 4083 21 2759 13 11 64 61 37 827 31 20 20 640 12 193 35
internal_value=9.72219e-05 -0.00178155 -0.00444796 -0.0207384 0.00318943 0.0109574 -0.00282778 -0.00330183 -0.00222208 -0.000810867 -0.00827064 -0.015054 -0.014541 0.000326325 0.000891934 -0.00051111 0.000542917 0.0400105 -0.000150138 0.0164304 -0.00396082 -0.000542298 -0.00315169 -0.00212617 0.00466709 0.00519994 0.00639753 -0.0283548 0.000228748 -0.00580441
internal_weight=20002 2174 1415 128 759 258 1287 1255 1145 501 81 59 110 17828 10641 7187 5505 95 5410 125 1682 5285 1628 1523 1590 1560 1414 54 9051 418
internal_count=10097 1095 677 84 418 113 593 581 537 305 56 46 44 9002 5137 3865 2913 42 2871 75 952 2796 919 858 826 806 660 33 4311 228
is_linear=0
shrinkage=0.05


Tree=211
num_leaves=31
num_cat=0
split_feature=1 7 7 1 6 3 11 10 28 5 29 29 5 28 25 28 27 29 7 0 9 7 25 1 10 7 12 21 28 18
split_gain=3.05915 10.3432 13.5182 12.3789 8.51433 8.38845 3.98947 3.85927 4.39642 3.952 13.1016 5.46792 3.82741 3.79116 3.60839 3.90406 3.45509 3.34637 3.11409 9.61212 14.6178 9.57538 8.12119 6.57346 6.3343 2.8912 3.43286 2.84633 2.73724 2.55071
threshold=93.500000000000014 1018.8500061035157 1019.2500000000001 96.500000000000014 52.500000000000007 26.500000000000004 1.0000000180025095e-35 0.3793999999761582 16.500000000000004 3.3449999094009404 5.9500000476837167 6.5499999523162851 -1.8450000286102293 8.5000000000000018 10.84999990463257 50.500000000000007 25.60000038146973 5.5499999523162851 1018.2500000000001 21.849999427795414 -1.0000000180025095e-35 1019.2500000000001 6.8500001430511483 87.500000000000014 -0.91595000028610218 1017.3500061035157 1.0000000180025095e-35 7.9500000476837167 58.500000000000007 17.94999980926514
decision_type=2 2 2 2 2 2 2 2 2 2 2 2 2 2 2 2 2 2 2 2 2 2 2 2 2 2 2 2 2 2
left_child=13 4 3 14 5 -2 17 8 -4 11 -11 -9 -10 -1 15 -3 18 -6 19 23 -21 22 -20 -15 -23 -7 -27 -19 29 -8
right_child=1 2 7 -5 6 25 28 9 12 10 -12 -13 -14 16 -16 -17 -18 27 21 20 -22 24 -24 -25 -26 26 -28 -29 -30 -31
leaf_value=-0.011142492273615467 0.034806378041544267 -0.035386469028890137 -0.010213110707316203 -0.040114113565613618 -0.015098397949567209 0.0048196196938466987 -0.01877649595855542 -0.020545327339483346 0.014212378558631129 -0.015680366224394397 0.025572372188693598 -0.0053181921187098382 5.9250771072796301e-05 -0.0053942043282838529 0.0094250858676704491 -0.0064556856271485961 0.011520912854567819 -0.0057765591255478322 -0.0053942043282838529 -0.001019899411902909 0.0048261504196098334 -0.0026204237604152132 0.0056365907074429978 -0.0017926184693073486 0.00084694198597989065 0.0085696992110696774 0.029515288942135301 0.0048196196938466987 0.0048196196938466987 -0.0045613574304391082
leaf_weight=72 31 15.999999999999998 97 47 26 122 53 69 52 39 38 405 587 838 22 43 69 67 161 4248 1429 1607 1429 672 7303 79 26 257 20 78
leaf_count=25 11 12 39 28 14 55 45 32 21 17 16 164 304 538 10 34 23 48 161 1965 881 763 665 481 3500 37 10 125 11 62
internal_value=9.17242e-05 -0.00167902 -0.00420489 -0.0197015 0.00302995 0.0104096 -0.000770324 -0.00266366 -0.00029463 -0.00582809 0.00467813 -0.0075348 0.00121099 0.000307654 -0.00785711 -0.0143013 0.000354084 0.00216032 0.00031052 -0.000491397 0.000451653 0.000859413 0.00443373 -0.00403689 0.000221571 0.00707784 0.0137562 0.00354528 -0.00756321 -0.0103125
internal_weight=20002 2174 1415 128 759 258 501 1287 736 551 77 474 639 17828 81 59 17756 350 17687 7187 5677 10500 1590 1510 8910 227 105 324 151 131
internal_count=10097 1095 677 84 418 113 305 593 364 229 33 196 325 9002 56 46 8977 187 8954 3865 2846 5089 826 1019 4263 102 47 173 118 107
is_linear=0
shrinkage=0.05


Tree=212
num_leaves=31
num_cat=0
split_feature=1 7 7 1 28 25 10 10 28 6 28 14 29 29 25 28 7 7 10 25 4 3 7 3 25 10 10 4 8 6
split_gain=2.75781 9.33189 12.2002 11.1719 7.54811 14.5464 4.96113 3.48299 3.96777 3.47669 3.42063 3.31973 8.15852 3.82962 3.25657 3.52342 3.12476 9.41066 53.6187 34.6984 12.828 8.42141 8.28064 8.14136 7.38045 9.3039 6.06112 18.9315 5.80703 5.55691
threshold=93.500000000000014 1018.8500061035157 1019.2500000000001 96.500000000000014 42.500000000000007 9.7500000000000018 0.98295000195503246 0.3793999999761582 16.500000000000004 262.50000000000006 8.5000000000000018 48.000000000000007 5.9500000476837167 9.3499999046325701 10.84999990463257 50.500000000000007 1018.2500000000001 1016.9500122070314 -0.98295000195503224 8.1500000953674334 2.935000061988831 347.50000000000006 1019.2500000000001 348.50000000000006 6.8500001430511483 -0.98295000195503224 -0.91595000028610218 0.48499999940395361 333.50000000000006 77.500000000000014
decision_type=2 2 2 2 2 2 2 2 2 2 2 2 2 2 2 2 2 2 2 2 2 2 2 2 2 2 2 2 2 2
left_child=10 4 3 14 6 -6 9 8 -4 -2 -1 12 -9 -13 15 -3 17 18 19 -12 -20 29 24 -23 -18 -26 27 -24 -28 -19
right_child=1 2 7 -5 5 -7 -8 11 -10 -11 16 13 -14 -15 -16 -17 22 21 20 -21 -22 23 26 -25 25 -27 28 -29 -30 -31
leaf_value=-0.010585367689943975 0.0029034638095080207 -0.033617146452888845 -0.0097024552332064546 -0.038108408143446647 0.0060016382735440747 0.030305561205993099 -0.021671603057533503 -0.0010431184687605913 0.0011504423575576378 -0.0075575988834316382 0.014164555969379718 -0.01006860096058851 0.021699682792479344 -0.0010431184687605913 0.0089538317851044925 -0.006132901215189418 -0.0051252083913707509 0.0070435210690893077 -0.00038749566752494408 0.076453243692715972 0.022307096409892282 0.034357605697143648 -0.0051252083913707509 0.0018974258469734572 0.026995028617481393 0.004602601296308192 0.00016804131414701798 0.0039069912029483962 0.0035917567746070588 -0.0051252083913707509
leaf_weight=72 460 15.999999999999998 97 47 106 72 25 23 639 96 59 327 44 157 22 43 161 94 5347 36 63 21 890 241 48 1381 5797 717 1575 1326
leaf_count=25 223 12 39 28 70 25 13 8 325 87 30 143 19 59 10 34 161 52 2835 12 36 10 422 165 20 645 2745 341 778 725
internal_value=8.58295e-05 -0.00159544 -0.00399464 -0.0187164 0.00287739 0.0118858 0.000117511 -0.00253047 -0.000279899 0.00109724 0.000290848 -0.00553669 0.00489443 -0.00698067 -0.00746426 -0.0135863 0.000334951 -0.000469406 0.000530687 0.0377687 -0.000123215 -0.0037426 0.00088192 0.0044992 0.00420775 0.00535476 0.000292982 -0.0024894 0.000899505 -0.00512521
internal_weight=20002 2174 1415 128 759 178 581 1287 736 556 17828 551 67 484 81 59 17756 7187 5505 95 5410 1682 10569 262 1590 1429 8979 1607 7372 1420
internal_count=10097 1095 677 84 418 95 323 593 364 310 9002 229 27 202 56 46 8977 3865 2913 42 2871 952 5112 175 826 665 4286 763 3523 777
is_linear=0
shrinkage=0.05


Tree=213
num_leaves=31
num_cat=0
split_feature=5 3 4 1 23 22 7 7 8 12 4 20 25 7 3 1 8 8 6 6 8 3 1 9 27 22 3 8 8 7
split_gain=2.9732 6.74607 6.41111 7.02362 11.4144 11.2378 5.34206 8.58625 4.17905 3.91423 4.07789 3.99135 3.62392 4.11021 3.39881 8.15081 11.5773 14.3182 11.0419 14.3113 8.59568 5.62454 6.93445 20.083 8.47589 5.62383 4.77265 22.7569 15.0283 13.4757
threshold=-4.0950000286102286 35.500000000000007 -1.0850000381469724 82.500000000000014 53.500000000000007 7.4500000476837167 1016.9500122070314 1017.1499938964845 177.50000000000003 1.0000000180025095e-35 -1.5249999761581419 9.5500001907348651 8.3499999046325701 1013.5499877929689 348.50000000000006 86.500000000000014 386.50000000000006 347.50000000000006 797.50000000000011 652.50000000000011 259.50000000000006 338.50000000000006 74.500000000000014 1.0000000180025095e-35 21.550000190734867 13.84999990463257 288.50000000000006 344.50000000000006 427.50000000000006 1020.9500122070314
decision_type=2 2 2 2 2 2 2 2 2 2 2 2 2 2 2 2 2 2 2 2 2 2 2 2 2 2 2 2 2 2
left_child=1 2 3 9 5 -5 12 -8 -3 11 -11 -1 -4 -14 21 16 17 20 19 -18 -16 26 23 -23 25 -24 -2 29 -29 -28
right_child=14 8 6 4 -6 -7 7 -9 -10 10 -12 -13 13 -15 15 -17 18 -19 -20 -21 -22 22 24 -25 -26 -27 27 28 -30 -31
leaf_value=-0.0087047756309158088 0.00016623353090269348 0.0032806510903402673 0.0017771185405073824 -0.048721657062952339 0.013610071576002872 -0.012004887124168731 -0.043888592537349239 -0.0017285385799101173 0.01243499523436185 0.001805613109990295 0.02227707923420014 0.0035044580494815653 0.0054461577479328815 0.01335711308287268 -0.0099540953454160114 0.001458412952338075 0.052671410078587749 -0.055256568158374111 -0.0074413432462795363 0.0064610322427932623 0.02352385364472866 0.003354939416102651 -0.0039454920409408246 0.056168751791119576 0.011746210228392786 0.0056760127444320631 -0.0047980568062427793 -0.05466701909899712 -0.003599877424538136 0.0036883615141682299
leaf_weight=171 13784 331 397 26 33 105 12.999999999999998 170 200 113 31 110 65 227 464 620 23 17 74 46 20 72 405 24 187 243 1209 34 25 763
leaf_count=104 6706 201 349 13 13 67 13 134 110 45 15 58 34 106 282 376 8 10 33 20 10 36 199 8 66 169 573 17 11 311
internal_value=6.91779e-05 0.00190216 0.000147984 -0.00388208 -0.0126716 -0.0192922 0.00287013 -0.00472352 0.00672861 -0.000490359 0.00621266 -0.00392536 0.00488702 0.0091152 -0.000133559 -0.00263367 -0.00657324 -0.0101549 0.00597494 0.0203634 -0.00857071 5.51505e-05 0.00383189 0.0165584 0.00236873 -0.000337428 -0.000167179 -0.00242999 -0.0330284 -0.00151452
internal_weight=20002 1992 1461 589 164 131 872 183 531 425 144 281 689 292 18010 1264 644 501 143 69 484 16746 931 96 835 648 15815 2031 59 1972
internal_count=10097 1262 951 315 93 80 636 147 311 222 60 162 489 140 8835 739 363 302 61 28 292 8096 478 44 434 368 7618 912 28 884
is_linear=0
shrinkage=0.05


Tree=214
num_leaves=31
num_cat=0
split_feature=7 17 24 27 0 7 4 6 23 1 4 7 1 27 8 24 1 7 12 1 7 5 1 6 14 5 4 24 4 28
split_gain=2.63637 12.3602 23.064 8.71199 8.5208 7.5623 7.23973 9.88172 6.76509 6.62988 5.57385 10.7604 15.7145 12.5853 12.8973 9.82946 9.69406 6.98924 6.18928 5.53276 4.43492 14.5994 6.54495 6.02658 4.35866 3.86446 3.56337 11.8664 7.63912 5.98726
threshold=1015.0499877929689 0.12049999833106996 152.08499908447268 18.750000000000004 21.150000572204593 1012.3500061035157 -1.6549999713897703 417.50000000000006 42.500000000000007 86.500000000000014 -3.254999995231628 1020.2500000000001 88.500000000000014 3.4500000476837163 339.50000000000006 831.25000000000011 72.500000000000014 1022.6499938964845 1.0000000180025095e-35 83.500000000000014 1015.2500000000001 2.6950000524520878 80.500000000000014 612.50000000000011 48.000000000000007 -3.564999938011169 -2.564999938011169 407.08500671386724 -2.8249999284744258 70.500000000000014
decision_type=2 2 2 2 2 2 2 2 2 2 2 2 2 2 2 2 2 2 2 2 2 2 2 2 2 2 2 2 2 2
left_child=1 4 -3 6 9 24 7 -4 19 -1 11 13 15 14 -2 17 -16 -13 -15 -7 21 23 -23 25 -6 -12 27 29 -29 -22
right_child=10 2 3 -5 5 8 -8 -9 -10 -11 20 12 -14 18 16 -17 -18 -19 -20 -21 26 22 -24 -25 -26 -27 -28 28 -30 -31
leaf_value=-0.020540649161678935 -0.037429533092951293 0.053004476184455251 0.01384477276177813 0.023987473965736861 0.00140868256581072 -0.0052997459463151649 0.003134528175007235 0.003134528175007235 0.003134528175007235 -0.0052997459463151649 0.019913396253250542 0.021343315220322491 -0.028053539991378787 0.011500482920192831 -0.005841117319621808 -0.0046535213851664021 -0.026166668379058441 0.004669496804434542 -0.005841117319621808 -0.00015231015043458177 0.011712252663405649 -0.0084655289296750678 -0.040842057281249282 -0.010764903893792317 -0.0052997459463151649 0.00095691790395393606 -4.5438207186679916e-05 -0.0024878764323530205 0.0077846543372238749 0.039952755334048434
leaf_weight=96 49 26 274 57 249 117 295 172 1329 80 40 121 36 92 257 114 72 65 116 325 48 27 37 76 328 82 14625 476 292 29
leaf_count=75 25 10 96 19 106 67 134 67 645 79 24 58 20 49 134 57 36 30 51 242 27 11 17 40 155 37 7405 226 144 11
internal_value=6.36492e-05 0.00134392 0.00666097 0.00515103 -0.000391911 0.000403465 0.00370207 0.00954675 0.00202314 -0.011003 -0.000193728 -0.00397219 0.00316125 -0.00806235 -0.0134978 0.00690702 -0.00993354 0.0139925 0.0018156 -0.00343915 2.77152e-05 -0.00642311 -0.0271832 0.000287224 -0.00456783 0.00717216 0.000136966 0.00329397 0.00141783 0.0220067
internal_weight=20002 3348 824 798 2524 2348 741 446 1771 176 16654 922 336 586 378 300 329 186 208 442 15732 262 64 198 577 122 15470 845 768 77
internal_count=10097 1695 326 316 1369 1215 297 163 954 154 8402 460 165 295 195 145 170 88 100 309 7942 129 28 101 261 61 7813 408 370 38
is_linear=0
shrinkage=0.05


Tree=215
num_leaves=31
num_cat=0
split_feature=4 25 2 10 7 5 4 11 1 4 11 7 10 5 14 7 3 1 6 10 10 7 18 9 11 11 12 10 25 5
split_gain=2.78507 13.0524 6.0237 8.93821 17.7673 8.26673 8.17947 5.00113 12.212 11.9492 4.39127 3.93064 33.1194 22.5399 7.48051 9.22358 7.43249 9.72524 6.79662 6.16486 5.5485 18.0055 20.3668 15.2925 17.4063 12.5449 7.98072 7.59605 11.5372 9.82879
threshold=1.1349999904632571 18.750000000000004 6.0150001049041757 0.78654998540878307 1015.5499877929689 4.8949999809265146 1.9450000524520876 0.60784998536109935 82.500000000000014 2.5649999380111699 0.87834998965263378 1015.1499938964845 -0.98295000195503224 -0.095000002533197389 48.000000000000007 1012.0499877929689 32.500000000000007 73.500000000000014 387.50000000000006 -0.91595000028610218 0.78654998540878307 1015.7500000000001 7.3500001430511483 -1.0000000180025095e-35 -0.87834998965263356 -0.87834998965263356 1.0000000180025095e-35 -1.0000000180025095e-35 17.750000000000004 -2.6850000619888301
decision_type=2 2 2 2 2 2 2 2 2 2 2 2 2 2 2 2 2 2 2 2 2 2 2 2 2 2 2 2 2 2
left_child=11 2 5 4 -4 7 -7 9 -9 -2 -6 12 13 -1 16 18 -14 -18 -16 -17 27 22 -22 24 -23 -25 -24 -13 29 -29
right_child=1 -3 3 -5 10 6 -8 8 -10 -11 -12 20 14 -15 15 19 17 -19 -20 -21 21 23 26 25 -26 -27 -28 28 -30 -31
leaf_value=0.015360664149246564 -0.0012185788923475297 0.030505350388978659 -0.048752758629394301 -0.0030620615082424477 -0.0038848299759177904 0.015773749083896577 -0.0030620615082424477 -0.0030620615082424477 0.0088991489382460719 0.013071499912551705 -0.03712034713138234 -3.4533765515990309e-05 0.00088098856406775916 0.078096170317042968 -0.00071151340321737267 -0.01259217600113359 0.00088098856406775916 0.010916054449426903 -0.014373056010338761 0.00088098856406775916 -0.06791015617987689 0.025957505092783658 -0.017248728262578571 -0.012965421718032031 0.0047697030024083202 0.00077819711954345543 0.012890519636372725 0.0011569748875850583 0.011157849863906142 -0.0047800891530312695
leaf_weight=41 2144 38 33 41 103 130 41 298 525 157 10.999999999999998 6198 484 22 159 87 445 511 213 1272 17 108 82 186 946 1547 30 917 142 2907
leaf_count=21 1034 15 23 23 92 69 36 186 247 118 7 3125 274 8 77 45 196 236 101 664 9 50 45 91 426 786 13 614 53 1340
internal_value=8.48064e-05 0.00136013 0.00104215 -0.00766295 -0.0164442 0.00153883 0.0122433 0.000952889 0.00429797 -0.00024355 -0.00709177 -0.000190442 0.00137039 0.0372683 0.000657183 -0.0015578 0.00331978 0.00620971 -0.00853385 0.000351759 -0.000576353 0.00134626 -0.0169159 0.00219155 0.00694075 -0.000696883 -0.00917572 -0.00112794 -0.0028367 -0.00335637
internal_weight=19835 3521 3483 188 147 3295 171 3124 823 2301 114 16314 3234 63 3171 1731 1440 956 372 1359 13080 2916 129 2787 1054 1733 112 10164 3966 3824
internal_count=10024 1850 1835 145 122 1690 105 1585 433 1152 99 8174 1622 29 1593 887 706 432 178 709 6552 1420 67 1353 476 877 58 5132 2007 1954
is_linear=0
shrinkage=0.05


Tree=216
num_leaves=31
num_cat=0
split_feature=4 25 8 3 2 18 8 5 7 10 5 4 1 25 10 11 27 10 7 8 8 24 9 1 3 1 1 8 12 3
split_gain=2.57689 11.7671 10.5168 8.70539 7.64687 12.6248 9.65261 6.61379 3.47875 29.9218 20.3423 6.83391 10.5321 8.31523 8.77953 7.91513 5.63173 14.167 14.0443 9.08939 40.7992 19.2502 15.4976 9.05269 4.83867 4.09091 2.60504 7.3027 1.87682 1.48152
threshold=1.1349999904632571 18.750000000000004 506.50000000000006 197.50000000000003 5.0699999332427987 4.6499998569488534 17.500000000000004 4.7950000762939462 1015.1499938964845 -0.98295000195503224 -0.095000002533197389 -3.1450001001358028 87.500000000000014 16.800000190734867 0.78654998540878307 -0.87834998965263356 7.4500000476837167 -1.0000000180025095e-35 1021.7500000000001 339.50000000000006 252.50000000000003 161.25000000000003 -1.0000000180025095e-35 73.500000000000014 65.500000000000014 93.500000000000014 79.500000000000014 220.50000000000003 -0.56175000965595234 191.50000000000003
decision_type=2 2 2 2 2 2 2 2 2 2 2 2 2 2 2 2 2 2 2 2 2 2 2 2 2 2 2 2 2 2
left_child=8 2 3 7 6 -6 -5 -2 9 10 -1 12 15 14 -13 -11 17 26 23 20 22 -22 -18 -19 -15 -20 -10 -28 -4 -30
right_child=1 -3 28 4 5 -7 -8 -9 16 11 -12 13 -14 24 -16 -17 19 18 25 -21 21 -23 -24 -25 -26 -27 27 -29 29 -31
leaf_value=0.014592631235037271 -0.0078360544912742854 0.028980082587191938 -0.025780094760869232 0.00039182973816268571 -0.020625240959365063 -0.00213458677196537 0.0078535332540540324 0.014992586992412911 -0.00068841877652942864 -0.0055306706492258455 0.074191362207586126 4.4650068466072263e-05 0.036168466780621272 0.018182928837191911 -0.007631556695424627 0.0068727614526755592 0.0057433565538466125 -0.0026304697744620768 -0.00068841877652942864 -0.00068841877652942864 0.041077465870903135 0.0044478783544538358 -0.00038917985305684079 -0.010092575971485817 0.003339295325688055 -0.009157749648045773 -0.0014514995577006567 -0.01387826838006413 -0.028526295423507694 -0.0078535705475279924
leaf_weight=41 33 38 28 2339 108 243 532 125 2457 172 22 1753 26 81 473 510 1300 646 787 1004 94 58 4964 1096 156 157 334 183 9.9999999999999982 65
leaf_count=21 13 15 14 1135 82 172 293 70 1258 60 8 964 11 27 247 232 585 286 396 433 35 35 2568 574 52 67 211 104 7 49
internal_value=8.0277e-05 0.00130701 0.00100509 0.00148471 0.000922794 -0.00604367 0.00177449 0.0129435 -0.000184485 0.00128388 0.0354049 0.000605984 0.00493533 -0.000638505 -0.00158646 0.00374462 -0.000547536 -0.00173544 -0.00462491 0.0003586 0.00150463 0.0271004 0.000883537 -0.00732534 0.00826505 -0.000688419 -0.000688419 -0.00585014 -0.0147339 -0.0106099
internal_weight=19835 3521 3483 3380 3222 351 2871 158 16314 3234 63 3171 708 2463 2226 682 13080 5660 2686 7420 6416 152 6264 1742 237 944 2974 517 103 75
internal_count=10024 1850 1835 1765 1682 254 1428 83 8174 1622 29 1593 303 1290 1211 292 6552 2896 1323 3656 3223 70 3153 860 79 463 1573 315 70 56
is_linear=0
shrinkage=0.05


Tree=217
num_leaves=31
num_cat=0
split_feature=4 23 10 12 27 0 1 9 12 23 1 0 1 10 12 9 1 24 0 25 1 29 1 1 20 23 3 6 4 1
split_gain=2.39614 7.65715 12.1999 17.4167 6.49828 18.0489 11.712 12.9731 5.74368 4.57228 4.03633 3.89402 3.52539 3.36659 3.00043 2.93108 2.86775 3.45016 2.83576 5.43141 2.70922 3.91107 3.19186 1.83335 1.39702 1.1946 0.980543 0.970303 0.932381 0.746893
threshold=0.89499998092651378 22.500000000000004 0.60354998707771312 -0.56175000965595234 11.949999809265138 20.750000000000004 80.500000000000014 1.0000000180025095e-35 -0.56175000965595234 55.500000000000007 70.500000000000014 17.849999427795414 98.500000000000014 0.78654998540878307 0.81174999475479137 0.78654998540878307 91.500000000000014 336.25000000000006 29.849999427795414 10.84999990463257 54.500000000000007 14.050000190734865 72.500000000000014 79.500000000000014 11.750000000000002 13.500000000000002 200.50000000000003 42.500000000000007 0.28499999642372137 46.500000000000007
decision_type=2 2 2 2 2 2 2 2 2 2 2 2 2 2 2 2 2 2 2 2 2 2 2 2 2 2 2 2 2 2
left_child=11 2 16 13 9 14 7 -7 -8 26 -11 15 18 -4 -6 27 23 25 20 29 21 -13 -22 -2 -21 -18 -3 -1 -14 -20
right_child=1 4 3 -5 5 6 8 -9 -10 10 -12 12 28 -15 -16 -17 17 -19 19 24 22 -23 -24 -25 -26 -27 -28 -29 -30 -31
leaf_value=-0.0035487717179077658 -0.017978093206882477 0.00051217817858447204 -0.053650160062880752 -0.0010970284465369824 0.0023258015092664599 0.007540318026148878 0.025111985874051852 0.032072813346260984 0.007540318026148878 0.00051217817858447204 0.0023258015092664599 -0.0035487717179077658 0.002995438437516752 -0.028818894349611726 0.007540318026148878 -0.013703460798255707 -0.010570775580649474 -0.023767381693635667 0.0018066521710216302 0.0084498401258199934 0.0011101038247479996 0.0018066521710216302 -0.00061129501940459738 -0.0010970284465369824 0.019581720379053379 -0.0010970284465369824 -0.0010970284465369824 -0.012454873479500011 0.012912096222123456 0.0064819263429341835
leaf_weight=79 25 129 21 32 1044 67 48 124 236 386 1205 761 38 39 69 95 49 28 174 63 3736 143 9645 368 51 80 881 37 63 119
leaf_count=28 9 67 14 16 457 26 21 48 104 255 605 410 15 13 30 42 17 17 94 21 1769 54 4994 209 17 52 514 19 22 65
internal_value=8.72324e-05 0.00105572 -0.00402907 -0.0208817 0.00183501 0.00435535 0.0127548 0.0224037 0.00754032 0.000296255 0.00212138 -0.000224603 -0.000128402 -0.0375098 0.0023258 -0.00696914 -0.00121008 -0.00785792 -0.0001924 0.00392296 -0.000309652 -0.00295884 -0.000130677 -0.00109703 0.0134299 -0.0044047 -0.00109703 -0.00354877 0.00918108 0.00180665
internal_weight=19835 4831 642 92 4189 1588 475 191 284 2601 1591 15004 14793 60 1113 211 550 157 14692 407 14285 904 13381 393 114 129 1010 116 101 293
internal_count=10024 2474 347 43 2127 686 199 74 125 1441 860 7550 7461 27 487 89 304 86 7424 197 7227 464 6763 218 38 69 581 47 37 159
is_linear=0
shrinkage=0.05


Tree=218
num_leaves=31
num_cat=0
split_feature=3 10 18 11 26 4 8 3 8 7 24 5 0 27 7 10 5 16 7 3 10 7 18 9 5 11 10 11 8 11
split_gain=2.27908 3.10825 4.32201 2.72635 2.59626 2.32524 11.132 11.1752 10.7066 12.5928 9.19945 8.75449 6.7223 4.27577 3.66106 23.4239 19.8054 6.72635 8.13836 6.74365 5.5351 17.8753 16.203 12.3326 6.49085 6.97825 5.80547 2.11348 1.8738 1.50641
threshold=1.0000000180025095e-35 -0.91595000028610218 11.449999809265138 1.0000000180025095e-35 12.650000095367433 0.89499998092651378 534.50000000000011 197.50000000000003 401.50000000000006 1022.2500000000001 342.08500671386724 4.8450000286102304 22.750000000000004 6.2500000000000009 1015.0499877929689 -0.98295000195503224 -0.095000002533197389 0.27699999511241918 1012.0499877929689 32.500000000000007 0.78654998540878307 1015.7500000000001 7.3500001430511483 -1.0000000180025095e-35 -4.1349999904632559 -0.87834998965263356 -0.98295000195503224 -0.60784998536109913 605.50000000000011 -1.0000000180025095e-35
decision_type=2 2 2 2 2 2 2 2 2 2 2 2 2 2 2 2 2 2 2 2 2 2 2 2 2 2 2 2 2 2
left_child=1 3 27 -1 -4 14 7 11 10 -10 -9 13 -13 -7 15 16 -2 18 -17 -19 24 22 -22 -23 25 -16 -26 -3 29 -8
right_child=5 2 4 -5 -6 6 28 8 9 -11 -12 12 -14 -15 20 17 -18 19 -20 -21 21 23 -24 -25 26 -27 -28 -29 -30 -31
leaf_value=0.0038202556631257456 0.0084540718565544789 -0.000256583721651657 0.0039840906710108563 0.024469915303316984 0.026040627325282381 -0.0093376056231077639 -0.032681054373582201 0.0030315694227990415 -0.03848722446206454 0.0074491567984223371 -0.0015834968102540377 0.0099132640634633125 0.029235093164401996 0.0099072027537557821 0.013695518912352395 -0.0081227905183865884 0.070484970916401254 0.00085873318081971519 0.00038772910628007335 0.0060068524159711378 -0.054243031986381696 0.0066950428149320455 -0.0084912370646097624 -0.00049856686330712683 -0.0067136351497473438 0.00094365879871106798 -0.0013215525109083848 -0.017636613389759356 -0.0080401403636376316 -0.015446727180824384
leaf_weight=31 31 25 62 33 17 62 21 2406 37 25 1959 123 71 54 132 362 22 448 1254 930 23 977 122 1527 533 573 7869 33 41 32
leaf_count=15 16 13 54 14 7 28 14 1102 22 15 1111 75 34 22 59 171 8 253 638 420 12 442 62 780 246 443 3877 20 30 21
internal_value=7.35811e-05 0.0053707 0.00112099 0.0144677 0.00873043 1.93527e-05 0.000971833 0.00130994 0.000667289 -0.0199645 0.00096034 0.0104874 0.0169847 -0.000378816 -0.000291492 0.00125302 0.0342027 0.000669745 -0.00151871 0.00323618 -0.00069181 0.00131983 -0.0157484 0.0023082 -0.00127695 0.00333124 -0.00166361 -0.0092436 -0.0160664 -0.0222754
internal_weight=19835 201 137 64 79 19634 4831 4737 4427 62 4365 310 194 116 14803 3047 53 2994 1616 1378 11756 2649 145 2504 9107 705 8402 58 94 53
internal_count=10024 123 94 29 61 9901 2474 2409 2250 37 2213 159 109 50 7427 1506 24 1482 809 673 5921 1296 74 1222 4625 502 4123 33 65 35
is_linear=0
shrinkage=0.05


Tree=219
num_leaves=23
num_cat=0
split_feature=29 4 25 2 5 4 17 5 24 5 5 3 6 12 23 26 10 1 1 15 10 28
split_gain=2.15508 2.13114 10.4149 4.56903 6.66157 6.41224 4.70741 2.95626 6.4421 5.72413 5.51631 5.55137 4.85424 8.10051 7.34519 4.66886 2.67946 2.63851 3.78444 2.19168 2.06527 0.843495
threshold=1.2500000000000002 1.1349999904632571 18.750000000000004 6.0150001049041757 4.8949999809265146 1.9450000524520876 0.11450000107288362 -2.3449999094009395 80.415000915527358 -2.254999995231628 -2.1450001001358028 200.50000000000003 567.50000000000011 -0.56175000965595234 54.500000000000007 11.550000190734865 0.78654998540878307 70.500000000000014 72.500000000000014 1.7099999785423281 -1.0000000180025095e-35 68.500000000000014
decision_type=2 2 2 2 2 2 2 2 2 2 2 2 2 2 2 2 2 2 2 2 2 2
left_child=20 7 3 4 6 -6 -3 8 17 19 15 -12 14 -14 -10 -11 -5 -2 -19 -9 -1 -21
right_child=1 2 -4 16 5 -7 -8 9 12 10 11 -13 13 -15 -16 -17 -18 18 -20 21 -22 -23
leaf_value=-0.01970691762248715 0.0078881505874300248 -0.00053414211095771701 0.027242627426197652 -0.0052117877345474878 0.014083227173689662 -0.001922769351664598 0.0035874415223593839 -0.0052117877345474878 0.0003549882128802316 -0.0052117877345474878 0.00019250003490549569 -0.0023957794594157956 -0.0051293656619692384 0.0003549882128802316 0.0047671664123894808 0.0095640884031283173 -0.001922769351664598 0.037359298312145732 0.010200571577096808 0.00057270072320141779 -0.0052117877345474878 0.011265841229922241
leaf_weight=31 23 2079 38 147 130 41 1039 233 2216 49 6233 3103 854 1926 1296 227 41 23 29 24 17 36
leaf_count=18 10 1132 15 122 69 36 450 115 1501 37 2754 1418 540 1070 566 91 23 9 12 9 10 17
internal_value=6.62234e-05 9.18928e-05 0.00120835 0.000923827 0.00136625 0.010975 0.000839278 -0.00014928 0.000691303 -0.000689612 -0.000461815 -0.000667765 0.000517662 -0.0010433 0.00175327 0.00650466 -0.00521179 0.0152586 0.0222131 -0.00521179 -0.0105155 0.00635719
internal_weight=19835 19787 3515 3477 3289 171 3118 16272 6367 9905 9612 9336 6292 2780 3512 276 188 75 52 293 48 60
internal_count=10024 9996 1847 1832 1687 105 1582 8149 3708 4441 4300 4172 3677 1610 2067 128 145 31 21 141 28 26
is_linear=0
shrinkage=0.05


Tree=220
num_leaves=17
num_cat=0
split_feature=28 25 0 9 28 9 8 0 24 7 4 27 18 2 28 5
split_gain=2.09723 1.98544 2.02892 2.95417 4.27511 2.83583 7.87231 5.75769 4.61272 3.85749 2.63966 2.38479 0.605974 0.589356 0.48851 0.15572
threshold=141.00000000000003 3.3500000238418584 18.44999980926514 0.78654998540878307 44.500000000000007 0.3793999999761582 18.500000000000004 21.750000000000004 59.584999084472663 1014.9500122070314 0.49500000476837164 6.0499999523162851 10.050000190734865 2.7649999856948857 57.500000000000007 -3.6850000619888301
decision_type=2 2 2 2 2 2 2 2 2 2 2 2 2 2 2 2
left_child=1 14 3 11 12 8 7 -7 10 -10 -4 -3 -5 -8 15 -1
right_child=-2 2 5 4 -6 6 13 -9 9 -11 -12 -13 -14 -15 -16 -17
leaf_value=-0.010542567467523948 0.0096895806883510807 -0.0050350366008027649 0.0022902292903201043 -0.0050350366008027649 -0.00070184702630528479 -0.00035328061113436748 0.0048872898404196986 0.0038919793759872056 0.0014286922062013432 -0.00070184702630528479 0.0048872898404196986 -0.00070184702630528479 -0.0028684418135540247 0.00023240818691642789 -0.0050350366008027649 -0.017440475672483441
leaf_weight=17.999999999999996 57 79 127 357 163 3921 373 1003 2554 9939 191 600 302 202 13.999999999999998 15.000000000000002
leaf_count=18 19 60 53 165 95 2162 179 621 1141 4895 67 274 154 139 14 15
internal_value=0.000112489 8.4999e-05 0.000109351 -0.00165792 -0.00396587 0.000254226 0.00120399 0.000511463 -0.000153451 -0.000306831 0.00488729 -0.000701847 -0.00503504 0.00488729 -0.0101794 -0.013678
internal_weight=19915 19858 19811 1501 822 18310 5499 4924 12811 12493 318 679 659 575 47 33
internal_count=10071 10052 10005 748 414 9257 3101 2783 6156 6036 120 334 319 318 47 33
is_linear=0
shrinkage=0.05


Tree=221
num_leaves=18
num_cat=0
split_feature=28 0 7 3 16 5 3 5 7 10 23 7 12 23 3 1 11
split_gain=1.88908 1.88649 3.02197 10.2733 11.5031 8.81126 6.74544 6.1801 4.58422 4.38802 21.0549 6.37353 3.96516 3.96478 8.36066 2.45513 0.123873
threshold=141.00000000000003 29.849999427795414 1013.6499938964845 36.500000000000007 0.14200000464916232 -1.2450000047683714 78.500000000000014 -3.814999938011169 1015.0499877929689 -0.98295000195503224 51.500000000000007 1021.0499877929689 1.0000000180025095e-35 42.500000000000007 196.50000000000003 46.500000000000007 -0.87834998965263356
decision_type=2 2 2 2 2 2 2 2 2 2 2 2 2 2 2 2 2
left_child=1 2 3 4 7 16 -7 -1 13 10 -10 -11 -6 14 -4 -3 -5
right_child=-2 15 8 5 12 6 -8 -9 9 11 -12 -13 -14 -15 -16 -17 -18
leaf_value=-0.019692779793754542 0.0092051015872704357 0.0016640238171012067 -0.0015632196060606008 -0.003151097101005489 -0.0086130843113014811 -0.022962290915575896 -0.0034704809569065342 -0.055638822085327583 -0.024015268944203857 -0.00066047093157470824 -0.00042254928029999029 0.0014310679187879869 0.0016509411465518804 0.0016640238171012067 -0.015001776892760839 0.0046473579546759168 0.0016640238171012067
leaf_weight=22 57 199 199 236 334 55 230 18 110 10019 674 5723 131 1113 135 245 415
leaf_count=11 19 107 155 106 193 20 109 12 65 5209 328 2743 67 532 85 109 201
internal_value=0.000115704 8.96143e-05 1.5915e-05 -0.00218719 -0.00793477 0.000913794 -0.00723206 -0.0336641 0.000192551 -8.19154e-05 -0.00373275 9.99075e-05 -0.0057215 0.00166402 -0.00479046 0.00331213 0.00166402
internal_weight=19915 19858 19414 1441 505 936 285 40 17973 16526 784 15742 465 1447 334 444 651
internal_count=10071 10052 9836 719 283 436 129 23 9117 8345 393 7952 260 772 240 216 307
is_linear=0
shrinkage=0.05


Tree=222
num_leaves=31
num_cat=0
split_feature=0 9 27 23 28 7 1 8 18 7 12 26 12 29 28 18 4 11 5 9 5 27 28 5 5 25 6 3 3 0
split_gain=1.85007 2.82189 2.7649 5.31666 2.59997 2.23838 6.76149 6.08437 8.11571 5.92143 5.15981 4.37587 2.12165 2.07061 1.91501 2.37508 1.79969 1.27292 1.26874 0.814489 0.697297 0.639209 0.514215 0.463293 0.414738 0.313026 0.274674 0.269123 0.199449 0.142883
threshold=18.44999980926514 0.98295000195503246 23.750000000000004 42.500000000000007 10.500000000000002 1021.4500122070314 70.500000000000014 386.50000000000006 4.8500001430511483 1024.7500000000002 1.0000000180025095e-35 23.94999980926514 0.81174999475479137 5.5499999523162851 44.500000000000007 6.4500000476837167 0.85500001907348644 0.87834998965263378 -0.84499999880790699 0.78654998540878307 -1.8450000286102293 15.550000190734865 64.500000000000014 -0.40500000119209284 -0.79500001668930043 13.449999809265138 337.50000000000006 322.50000000000006 332.50000000000006 17.849999427795414
decision_type=2 2 2 2 2 2 2 2 2 2 2 2 2 2 2 2 2 2 2 2 2 2 2 2 2 2 2 2 2 2
left_child=1 4 5 24 18 7 26 11 10 12 -9 17 -8 19 15 29 20 -2 -1 -6 -5 27 -11 -21 -4 -18 -7 -17 -15 -3
right_child=2 14 3 16 13 6 9 8 -10 22 -12 -13 -14 28 -16 21 25 -19 -20 23 -22 -23 -24 -25 -26 -27 -28 -29 -30 -31
leaf_value=-0.0051062882705632095 -0.00064427352631592617 -0.022399846172851068 0.0024668611913737739 0.022812716000609929 -0.0051062882705632095 0.0024668611913737739 0.0024668611913737739 -0.00064427352631592617 0.0024668611913737739 -0.00064427352631592617 0.00098873235598162697 0.0024668611913737739 -0.00064427352631592617 -0.00064427352631592617 -0.00064427352631592617 -0.012680526776820814 0.007526373602106293 0.00091129383252892382 -0.017555444423229465 -0.0051062882705632095 0.013476652966605294 -0.0054739421615449995 0.0024668611913737739 -0.002875280898439568 0.007526373602106293 0.012649875089074626 -0.00064427352631592617 -0.0088599160304994734 -0.002875280898439568 -0.016826550597729889
leaf_weight=51 8027 23 143 36 67 88 2291 1529 1107 536 1135 384 561 866 25 14.999999999999998 33 1246 31 37 45 59 98 110 48 33 1074 20 174 23
leaf_count=20 4343 11 54 12 54 47 1030 741 510 229 545 135 259 402 16 8 11 713 14 15 15 23 53 66 16 11 599 14 93 12
internal_value=0.000130901 -0.00155704 0.000268492 0.00474901 -0.000795156 0.000184712 0.00113042 -0.000142638 0.00157602 0.00236379 -0.000489396 -0.000644274 0.00246686 -0.000644274 -0.00772599 -0.0103036 0.0125859 -0.000644274 -0.0095683 -0.00510629 0.017626 -0.00574786 -0.000644274 -0.00287528 0.00246686 0.00752637 -0.000644274 -0.0122459 -0.000644274 -0.0196132
internal_weight=19915 1501 18414 338 1336 18076 4648 13428 3771 3486 2664 9657 2852 1254 165 140 147 9273 82 214 81 94 634 147 191 66 1162 35 1040 46
internal_count=10071 748 9323 119 664 9204 2217 6987 1796 1571 1286 5191 1289 630 84 68 49 5056 34 135 27 45 282 81 70 22 646 22 495 23
is_linear=0
shrinkage=0.05


Tree=223
num_leaves=31
num_cat=0
split_feature=5 11 10 7 4 11 7 18 21 2 1 4 0 7 7 18 10 4 6 11 8 9 8 9 4 23 7 1 4 18
split_gain=1.81451 25.5551 19.2058 9.39833 8.4232 7.20805 5.78797 5.2214 4.40957 4.34984 3.40764 3.13825 32.3158 3.77278 5.34982 4.67865 3.02371 2.96221 5.0663 2.54813 14.2052 57.5626 20.7276 5.55977 10.0964 7.82686 1.6654 1.51002 0.869646 0.634682
threshold=4.8949999809265146 -0.87834998965263356 0.60354998707771312 1015.0499877929689 1.8049999475479128 0.87834998965263378 1019.6499938964845 4.8500001430511483 9.2500000000000018 6.3450000286102304 90.500000000000014 2.5649999380111699 21.94999980926514 1017.0499877929689 1018.9500122070314 4.7500000000000009 -1.0000000180025095e-35 2.3950001001358037 792.50000000000011 -0.87834998965263356 452.50000000000006 -1.0000000180025095e-35 103.50000000000001 0.60354998707771312 0.59499999880790722 59.500000000000007 1015.2500000000001 89.500000000000014 1.1649999618530276 12.050000190734865
decision_type=2 2 2 2 2 2 2 2 2 2 2 2 2 2 2 2 2 2 2 2 2 2 2 2 2 2 2 2 2 2
left_child=11 16 4 -4 5 10 7 -6 9 -5 -3 17 13 26 -15 -16 28 19 29 20 22 -22 -1 24 -21 -25 -13 -8 -2 -19
right_child=1 2 3 8 6 -7 27 -9 -10 -11 -12 12 -14 14 15 -17 -18 18 -20 23 21 -23 -24 25 -26 -27 -28 -29 -30 -31
leaf_value=-0.00044857864976379901 0.034749164183934526 -0.0050988203981555567 0.042667890191078188 0.0062566619955706643 -0.046479552984237671 0.024438499535123507 0.00019387871559177125 -0.015628003192250616 0.015789690037163791 -0.016144983920579156 0.0084525838637581254 -0.00096380489080079973 0.051731544462117286 -0.024147173655884608 -0.0092551559040949527 0.0073528422921728554 0.012718893587589264 -0.0075722064984881368 -0.036444969574610395 -5.9320359420008846e-06 0.0014323237405910556 0.066478592157363889 -0.011694205617548855 -0.0021796855873925992 0.0035183948078760172 0.0040797486535622332 0.020426101294847634 -0.020359643052021661 0.0238658536345728 0.0053952953545376662
leaf_weight=1550 45 430 25 15.999999999999998 24 24 35 32 89 30 52 13.999999999999998 33 28 81 89 36 23 14.999999999999998 9081 616 36 557 3673 2618 578 26 11.999999999999998 31 15.999999999999998
leaf_count=819 18 233 9 10 23 12 33 25 60 15 26 14 13 19 55 77 12 17 8 4431 241 12 263 2116 1213 247 17 8 13 12
internal_value=0.000123421 0.00234181 -0.000908066 0.0145079 -0.00495824 -0.00230521 -0.0179916 -0.0288501 0.00929311 -0.00327637 -0.00363684 2.07418e-05 0.00536288 -0.00106639 -0.00389589 -0.00056038 0.0246557 -5.64164e-05 -0.0117502 -2.26645e-05 -0.00142567 0.00502384 -0.00342144 0.000220025 0.000782741 -0.0013286 0.0129396 -0.00505383 0.0303099 -0.00225221
internal_weight=19915 881 769 160 609 506 103 56 135 46 482 19034 271 238 198 170 112 18763 54 18709 2759 652 2107 15950 11699 4251 40 47 76 39
internal_count=10071 497 454 94 360 271 89 48 85 25 259 9574 195 182 151 132 43 9379 37 9342 1335 253 1082 8007 5644 2363 31 41 31 29
is_linear=0
shrinkage=0.05


Tree=224
num_leaves=20
num_cat=0
split_feature=18 23 5 12 5 7 4 17 7 4 10 5 4 21 10 28 1 9 3
split_gain=1.81261 2.07198 1.67529 6.2279 2.70796 2.87944 2.80069 5.84053 3.49038 2.68231 5.12906 1.62594 0.845694 0.525347 0.272864 0.209783 0.164903 0.142881 0.0809474
threshold=24.550000190734867 11.500000000000002 4.8949999809265146 -0.56175000965595234 4.5850000381469735 1023.1499938964845 1.6549999713897707 0.10050000250339509 1024.4500122070315 1.9450000524520876 0.78654998540878307 -4.8050000667572013 1.1349999904632571 15.650000095367433 0.60354998707771312 106.50000000000001 84.500000000000014 0.91595000028610241 347.50000000000006
decision_type=2 2 2 2 2 2 2 2 2 2 2 2 2 2 2 2 2 2 2
left_child=1 12 4 15 6 -6 8 -8 -3 -5 -11 -2 17 -13 18 -4 -16 -1 -15
right_child=11 2 3 9 5 -7 7 -9 -10 10 -12 13 -14 14 16 -17 -18 -19 -20
leaf_value=-0.0088557896557553053 0.013948441892862321 0.00012201020220595811 -0.0035746626000033896 0.0025377256018836382 -0.0035746626000033896 0.0025377256018836382 -0.0035746626000033896 0.0025377256018836382 -0.0025882303082673218 -0.0035746626000033896 0.0025377256018836382 0.0025377256018836382 -0.0035746626000033896 0.0080564965094838802 0.008812052342767383 0.0025377256018836382 0.0045766856379365782 -0.013863242763493742 0.013535701569456321
leaf_weight=29 40 15880 86 563 257 52 253 1024 1284 114 52 69 39 14.000000000000002 23 66 29 28 12.999999999999998
leaf_count=15 20 7935 51 291 144 22 158 548 609 99 34 44 22 10 9 22 17 11 10
internal_value=0.000117836 7.1269e-05 0.000107103 0.00223797 6.98083e-06 -0.00357466 8.73358e-05 0.00234638 -8.07368e-05 0.00253773 -0.00357466 0.00500418 -0.00725643 0.00258681 0.00661565 -0.00357466 0.00457669 -0.0113156 0.0106946
internal_weight=19915 19727 19631 881 18750 309 18441 1277 17164 729 166 188 96 148 79 152 52 57 27
internal_count=10071 9961 9913 497 9416 166 9250 706 8544 424 133 110 48 90 46 73 26 26 20
is_linear=0
shrinkage=0.05


Tree=225
num_leaves=30
num_cat=0
split_feature=10 12 23 26 7 23 11 18 4 28 27 28 9 7 28 4 10 7 3 7 28 4 3 18 4 7 1 3 1
split_gain=2.06953 7.01708 28.7585 8.24682 7.33232 6.03902 6.87182 8.46187 6.06693 3.47913 2.51962 6.4623 3.0694 4.17736 2.86353 2.35138 1.81108 7.64326 15.1964 6.05874 14.4108 6.50573 4.31917 1.75951 1.43987 1.42797 0.915848 0.667273 0.116997
threshold=0.98295000195503246 0.81174999475479137 39.500000000000007 21.399999618530277 1021.3500061035157 32.500000000000007 -0.87834998965263356 10.34999990463257 -0.36500000953674311 56.500000000000007 22.60000038146973 37.500000000000007 0.60354998707771312 1020.9500122070314 13.500000000000002 -0.44499999284744257 -1.0000000180025095e-35 1020.2500000000001 54.500000000000007 1019.9500122070314 63.500000000000007 -2.9850000143051143 42.500000000000007 12.650000095367433 -0.71500000357627858 1021.6499938964845 98.500000000000014 337.50000000000006 99.500000000000014
decision_type=2 2 2 2 2 2 2 2 2 2 2 2 2 2 2 2 2 2 2 2 2 2 2 2 2 2 2 2 2
left_child=10 3 -3 5 -4 8 24 -8 -2 -10 14 12 13 27 23 -6 19 18 -18 21 -21 -16 -19 25 -7 -1 -14 -12 -28
right_child=1 2 4 -5 15 6 7 -9 9 -11 11 -13 26 -15 16 -17 17 22 -20 20 -22 -23 -24 -25 -26 -27 28 -29 -30
leaf_value=-0.018942373700258211 -0.0068029365641503504 -0.074023899227819032 0.019349738396704199 0.020860729331061954 -0.0038420527270345978 0.0049477841070091188 -0.0034536362841788223 0.0094373052699165891 -0.038960189186036588 -0.015476308406695075 0.0015146959528925998 0.020170333178019993 0.0015146959528925998 0.010970828286250159 -0.0032785744292227921 -0.024171163031831384 0.0014627990299565605 -0.0025088690897810094 -0.0032785744292227921 -0.0032340947889880622 0.0015146959528925998 0.0015146959528925998 0.0015146959528925998 -0.0032785744292227921 -0.0068029365641503504 -0.007766551371742517 0.0095372902719598075 0.0095300517976284038 0.0057963132576057405
leaf_weight=41 26 17 26 42 33 44 237 209 24 46 69 51 476 78 410 25 2660 667 3505 2538 1249 4271 2910 78 77 36 57 30 33
leaf_count=18 18 17 13 14 14 23 104 127 13 20 23 17 174 26 189 15 1414 299 1774 1219 655 2373 1381 49 38 14 19 10 11
internal_value=9.10803e-05 -0.00239085 -0.0147166 -0.00062503 -0.00271397 -0.00198612 -2.25752e-05 0.00304415 -0.0135833 -0.0235279 0.000195493 0.00295312 0.00177132 0.00811997 7.62681e-05 -0.0126046 0.00013387 -0.00033102 -0.00139781 0.000668702 -0.00085175 0.0015147 0.0015076 -0.00669102 -0.00680294 -0.0122545 0.0015147 0.0015147 0.0081656
internal_weight=19965 806 101 705 84 663 567 446 96 70 19159 794 743 177 18365 58 18210 9742 6165 8468 3787 4681 3577 155 121 77 566 99 90
internal_count=10081 416 59 357 42 343 292 231 51 33 9665 280 263 59 9385 29 9304 4868 3188 4436 1874 2562 1680 81 61 32 204 33 30
is_linear=0
shrinkage=0.05


Tree=226
num_leaves=29
num_cat=0
split_feature=10 12 23 26 7 5 7 11 1 4 5 12 27 28 9 7 28 5 10 7 4 6 22 1 7 7 4 22
split_gain=1.92969 6.31007 25.9546 7.46038 6.61742 5.56565 13.6131 8.69231 4.92381 2.15809 2.12736 6.92532 2.16081 5.89464 2.87137 3.91958 2.49883 2.15393 1.9105 7.06264 5.06134 1.11489 0.918322 0.78491 0.595908 0.325921 0.20088 0.0581461
threshold=0.98295000195503246 0.81174999475479137 39.500000000000007 21.399999618530277 1021.3500061035157 -4.0450000762939444 1012.3500061035157 -0.87834998965263356 79.500000000000014 -0.71500000357627858 6.3849999904632577 0.81174999475479137 22.60000038146973 37.500000000000007 0.60354998707771312 1020.9500122070314 13.500000000000002 -0.84499999880790699 -1.0000000180025095e-35 1020.2500000000001 1.7549999952316286 972.50000000000011 8.6500000953674334 98.500000000000014 1015.5499877929689 1021.3500061035157 1.0950000286102297 1.9499999880790713
decision_type=2 2 2 2 2 2 2 2 2 2 2 2 2 2 2 2 2 2 2 2 2 2 2 2 2 2 2 2
left_child=10 3 -3 5 -4 8 -7 -8 -2 -6 12 21 16 14 15 -14 17 26 20 -20 -18 -12 -19 -16 -13 -23 -1 -27
right_child=1 2 4 -5 9 6 7 -9 -10 -11 11 24 13 -15 23 -17 18 22 19 -21 -22 25 -24 -25 -26 27 -28 -29
leaf_value=-0.0068604763961680557 -0.018391650564530317 -0.070322702846982901 0.018382251298484895 0.019817692750976199 -0.0012744833643619832 -0.078476703166961675 -0.016793383750063118 -0.00012237767507786848 0.0089525919970668989 -0.020668028056388722 0.0051000596097621476 0.026465202055194162 0.0013859462954949288 0.01916181668639183 0.0013859462954949288 0.010375653489887362 0.0010044989607253217 -0.020908561017778188 -0.0013966718143679467 0.0013859462954949288 -0.0030799833242733232 -0.017454086318612099 -0.0079848318660099595 0.007757318726119896 0.015705369845513375 -0.01007227695547044 -0.0030799833242733232 -0.005361933729268218
leaf_weight=46 17 17 26 42 26 5.9999999999999991 93 491 56 32 19 22 99 51 476 78 7814 27 6140 3537 608 9.9999999999999982 28 90 31 10.000000000000002 54 19
leaf_count=32 17 17 13 14 11 6 44 240 36 18 13 9 33 17 174 26 4004 11 3171 1657 395 10 14 30 16 10 24 19
internal_value=0.000104165 -0.00229245 -0.0139808 -0.000617944 -0.00257827 -0.00191251 -0.003547 -0.00277718 0.00895259 -0.0119744 0.000204988 0.00710686 0.000164768 0.00271819 0.00158949 0.00776795 5.37012e-05 -0.00626781 0.000107839 -0.000371402 0.000658493 -0.00483171 -0.0143292 0.00138595 0.0201717 -0.00967027 -0.00307998 -0.00698619
internal_weight=19965 806 101 705 84 663 590 584 73 58 19159 111 19048 794 743 177 18254 155 18099 9677 8422 58 55 566 53 39 100 29
internal_count=10081 416 59 357 42 343 290 284 53 29 9665 77 9588 280 263 59 9308 81 9227 4828 4399 52 25 204 25 39 56 29
is_linear=0
shrinkage=0.05


Tree=227
num_leaves=24
num_cat=0
split_feature=28 3 17 18 9 5 27 14 12 7 18 4 7 7 18 23 7 26 23 5 5 5 7
split_gain=1.85642 1.75724 2.79053 3.33692 2.0305 1.73305 9.10584 12.9556 12.4427 13.5197 9.01132 7.23978 5.01087 11.9349 9.46893 9.33036 6.54587 7.8192 7.51685 3.21403 1.09419 0.885805 0.725985
threshold=3.0000000000000004 1.0000000180025095e-35 0.13149999827146533 8.8499999046325701 0.3793999999761582 -0.095000002533197389 13.650000095367433 48.000000000000007 -0.56175000965595234 1020.2500000000001 5.7500000000000009 1.7549999952316286 1019.8500061035157 1020.8500061035157 10.750000000000002 88.500000000000014 1019.6499938964845 22.150000572204593 73.500000000000014 2.6049998998641972 -0.50499999523162831 -4.629999876022338 1019.3500061035157
decision_type=2 2 2 2 2 2 2 2 2 2 2 2 2 2 2 2 2 2 2 2 2 2 2
left_child=-1 2 3 20 -5 12 8 10 9 -7 -8 -10 16 15 -15 -14 17 -3 -18 -9 21 -2 -6
right_child=1 5 -4 4 22 6 7 19 11 -11 -12 -13 13 14 -16 -17 18 -19 -20 -21 -22 -23 -24
leaf_value=-0.01476070753165654 0.002290718635163658 -8.7307539807498664e-05 0.024111105764613436 0.013536556570647699 0.002290718635163658 -0.0073237291452568415 0.0073159276058198941 0.0026430378713975088 0.0022893590002827937 0.0011604440046641456 0.016783286004113811 -0.0026222469936317159 -0.0060831646505960443 -0.0016679522729598417 0.0041342213331683189 0.02474651611223817 0.0020452444195212804 0.0095634645506463677 0.017969062298469181 0.0073159276058198941 0.002290718635163658 -0.0073237291452568415 0.013536556570647699
leaf_weight=21 20 7412 17 49 44 784 86 409 3641 698 360 945 1338 2421 991 25 223 216 111 78 28 37 10.999999999999998
leaf_count=7 15 4084 6 26 40 382 40 169 1744 369 143 614 626 1051 459 13 102 76 45 33 10 18 9
internal_value=9.76042e-05 0.000113249 0.00470732 0.00296201 0.00896828 6.53022e-05 0.000697244 0.00529591 -9.8352e-06 -0.00399272 0.0119888 0.00127726 -0.00028205 -0.00156266 1.72629e-05 -0.00551769 0.000485963 0.000185971 0.00733729 0.00264304 -0.00438684 -0.00732373 0.00229072
internal_weight=19965 19944 206 189 104 19738 7001 933 6068 1482 446 4586 12737 4775 3412 1363 7962 7628 334 487 85 57 55
internal_count=10081 10074 124 118 75 9950 3494 385 3109 751 183 2358 6456 2149 1510 639 4307 4160 147 202 43 33 49
is_linear=0
shrinkage=0.05


Tree=228
num_leaves=26
num_cat=0
split_feature=25 10 4 18 23 0 1 3 3 7 28 29 7 10 3 7 29 12 27 0 5 6 10 28 5
split_gain=1.78777 1.71807 6.25686 6.4811 5.20463 7.7399 5.72475 5.70353 2.07541 3.73726 5.12231 5.58408 2.48365 2.44383 16.7774 17.92 7.323 4.87188 26.5158 6.01062 1.5309 0.643748 0.643575 0.463883 0.14309
threshold=3.3500000238418584 0.98295000195503246 1.8049999475479128 9.2500000000000018 41.500000000000007 22.050000190734867 90.500000000000014 303.50000000000006 4.5000000000000009 1014.5499877929689 37.500000000000007 11.150000095367433 1017.3500061035157 -0.91595000028610218 212.50000000000003 1017.3500061035157 24.550000190734867 0.81174999475479137 12.949999809265138 19.150000572204593 -4.5450000762939444 172.50000000000003 -0.78654998540878285 57.500000000000007 -3.6850000619888301
decision_type=2 2 2 2 2 2 2 2 2 2 2 2 2 2 2 2 2 2 2 2 2 2 2 2 2
left_child=23 8 4 -4 -3 6 -6 -7 9 20 12 -12 -11 14 16 -16 -10 19 -19 -15 22 -22 -2 24 -1
right_child=1 2 3 -5 5 7 -8 -9 13 10 11 -13 -14 17 15 -17 -18 18 -20 -21 21 -23 -24 -25 -26
leaf_value=-0.010227351030334831 0.009222341398708523 -0.0049413098624182519 -0.0049413098624182519 0.037169033233076333 -0.0021081730973235269 0.0066149079981140599 0.0054793922695819206 0.034947821627492492 -0.0049413098624182519 0.0031758773075073266 0.0035324745004815836 0.015515419758524593 -0.0049413098624182519 -0.0025614953605742285 0.018257096153951585 0.0003698625944904214 0.015457677299326117 -0.00029948033747587279 0.012899167358385311 0.00038001026872096287 0.0079980392775991383 -0.0049413098624182519 -0.00084104430960847991 -0.0049413098624182519 -0.01702485049764315
leaf_weight=15.999999999999998 24 284 14.999999999999998 20 286 78 100 23 1306 109 291 146 165 2042 174 717 44 1851 479 11615 17 88 47 12.999999999999998 15.000000000000002
leaf_count=16 15 174 10 12 126 45 40 9 690 74 189 58 111 987 87 329 16 931 208 5816 9 62 39 13 15
internal_value=8.13059e-05 0.000103542 -0.00215774 0.0185186 -0.00309636 0.000724964 -0.00210817 0.013067 0.000198891 0.00256069 0.00417544 0.00753593 -0.00118418 8.39628e-05 -0.00146235 0.00386299 -0.00494131 0.00030072 0.00241389 -5.98048e-05 -0.00396255 -0.00494131 0.00256066 -0.00998616 -0.0135165
internal_weight=19965 19921 806 35 771 487 386 101 19115 887 711 437 274 18228 2241 891 1350 15987 2330 13657 176 105 71 44 31
internal_count=10081 10037 416 22 394 220 166 54 9621 557 432 247 185 9064 1122 416 706 7942 1139 6803 125 71 54 44 31
is_linear=0
shrinkage=0.05


Tree=229
num_leaves=28
num_cat=0
split_feature=10 12 23 26 7 5 7 11 1 27 28 9 7 28 5 23 1 7 27 10 0 18 1 5 3 5 1
split_gain=1.71425 5.81856 23.6281 6.59512 5.68305 5.31331 12.3857 7.76034 4.26781 1.87168 5.27972 2.59145 3.59144 2.21101 1.9345 1.68995 1.59591 2.49227 2.15266 3.95339 1.89165 0.794913 0.692594 0.656169 0.181985 0.235819 0.105256
threshold=0.98295000195503246 0.81174999475479137 39.500000000000007 21.399999618530277 1021.3500061035157 -4.0450000762939444 1012.3500061035157 -0.87834998965263356 79.500000000000014 22.60000038146973 37.500000000000007 0.60354998707771312 1020.9500122070314 13.500000000000002 -0.84499999880790699 51.500000000000007 97.500000000000014 1018.9500122070314 16.050000190734867 0.91595000028610241 20.44999980926514 8.6500000953674334 98.500000000000014 -1.9350000023841856 320.50000000000006 -1.5049999952316282 99.500000000000014
decision_type=2 2 2 2 2 2 2 2 2 2 2 2 2 2 2 2 2 2 2 2 2 2 2 2 2 2 2
left_child=9 3 -3 5 -4 8 -7 -8 -2 13 11 12 23 14 24 -6 18 -18 19 -15 -20 -16 -13 -11 -1 -26 -24
right_child=1 2 4 -5 15 6 7 -9 -10 10 -12 22 -14 16 21 -17 17 -19 20 -21 -22 -23 26 -25 25 -27 -28
leaf_value=-0.0028874496009208927 -0.017288615072474763 -0.067172078766367022 0.016889355761500507 0.018631356883616675 -0.022571388951369696 -0.074879246950149539 -0.015916550251585181 -0.00016458654745866956 0.0084157399304931151 0.0080848581978075571 0.018102319925731303 0.0013002350588328102 0.0097870526613803629 0.00018388215377750572 -0.01965166054390095 -0.0048127209818041002 0.0013002350588328102 -0.0028874496009208927 0.0006235286939906084 -0.0027592127036443551 0.0013002350588328102 -0.0076276225578372509 0.0086656655822145313 0.0013002350588328102 -0.0035226442540685337 -0.011219645072432127 0.0051173672926696865
leaf_weight=59 17 17 26 42 21 5.9999999999999991 93 491 56 42 51 476 78 14166 27 37 118 167 1290 1241 1228 28 57 57 24 17 33
leaf_count=29 17 17 13 14 14 6 44 240 36 14 17 174 26 7437 11 15 65 76 563 638 525 14 19 19 18 9 11
internal_value=6.82061e-05 -0.00219066 -0.0134146 -0.000582697 -0.00253508 -0.00179988 -0.00340733 -0.00267303 0.00841574 0.000163234 0.00253999 0.00147179 0.00736043 6.04766e-05 -0.00588599 -0.0112426 0.000111092 -0.00288745 0.000171437 -5.31777e-05 0.00130024 -0.0135303 0.00130024 0.00130024 -0.00288745 -0.00671408 0.00736462
internal_weight=19965 806 101 705 84 663 590 584 73 19159 794 743 177 18365 155 58 18210 285 17925 15407 2518 55 566 99 100 41 90
internal_count=10081 416 59 357 42 343 290 284 53 9665 280 263 59 9385 81 29 9304 141 9163 8075 1088 25 204 33 56 27 30
is_linear=0
shrinkage=0.05


Tree=230
num_leaves=31
num_cat=0
split_feature=4 26 7 8 3 6 17 24 27 3 25 0 8 1 18 5 10 8 8 11 18 27 29 1 5 7 7 4 9 11
split_gain=2.08983 10.2086 6.29684 6.91705 6.68111 7.15632 5.93101 5.29255 5.16514 5.42318 4.48625 3.79989 5.28475 3.02433 2.72501 2.91008 2.9734 2.35362 13.9563 9.50316 8.28657 7.74331 4.93913 2.06186 1.76998 1.68207 1.66446 1.47636 1.4538 1.37305
threshold=1.1349999904632571 23.94999980926514 1014.6499938964845 523.50000000000011 204.50000000000003 1007.5000000000001 0.11150000244379045 915.41500854492199 8.7500000000000018 204.50000000000003 18.849999427795414 19.750000000000004 180.50000000000003 98.500000000000014 5.0499999523162851 -0.90500000119209278 0.91595000028610241 386.50000000000006 394.50000000000006 -1.0000000180025095e-35 4.8500001430511483 7.4500000476837167 28.500000000000004 70.500000000000014 2.8649998903274541 1018.7500000000001 1015.9500122070314 0.28499999642372137 0.78654998540878307 -0.60784998536109913
decision_type=2 2 2 2 2 2 2 2 2 2 2 2 2 2 2 2 2 2 2 2 2 2 2 2 2 2 2 2 2 2
left_child=11 2 8 4 7 -6 10 -4 9 -2 -3 12 14 17 15 28 -17 21 19 -19 -20 -13 -23 -5 -10 26 -16 -15 -1 -27
right_child=1 6 3 23 5 -7 -8 -9 24 -11 -12 13 -14 27 25 16 -18 18 20 -21 -22 22 -24 -25 -26 29 -28 -29 -30 -31
leaf_value=-0.027173792606308346 -0.044971736069933016 0.0076031539997377558 0.0076031539997377558 -0.010405768616840727 0.00077183004998054514 -0.023018823978418368 0.03021335757914044 -0.003396443370116973 -0.0086408035581310595 -0.011617140004383459 0.019001656071122329 -0.00088316776201060655 -0.028986642095777726 0.0023407776981140631 -0.00088316776201060655 -0.0034019659945633308 -0.017315372031850695 -0.00088316776201060655 -0.00060656925072845704 0.029532653722964541 0.0042114487259319322 0.0010073829507067443 0.024223057213036914 -0.032586102416882146 0.0058145063929259779 -0.0034019659945633308 -0.0034019659945633308 0.016473144119871514 -0.0094859238211658804 -0.00088316776201060655
leaf_weight=21 17 66 427 54 2590 32 42 114 45 39 33 3703 18 33 154 265 39 29 3273 71 1227 5863 23 12.999999999999998 40 221 370 42 26 1051
leaf_count=9 13 22 245 44 1338 20 14 70 25 31 13 1894 10 14 86 125 19 12 1574 27 577 3016 10 8 20 99 227 15 13 503
internal_value=0.000181281 0.00128836 0.000737042 0.00118854 0.0015253 0.000481479 0.0144693 0.00658427 -0.00960589 -0.021396 0.00778995 -5.53781e-05 -0.00200721 0.000240872 -0.00178102 -0.00581039 -0.00402028 0.00018794 0.0011177 0.0195926 0.000707144 -0.00025808 0.0010981 -0.0147094 -0.0018383 -0.000993539 -0.00340197 0.0102549 -0.017389 -0.000883168
internal_weight=19941 3512 3371 3230 3163 2622 141 541 141 56 99 16429 2165 14264 2147 351 304 14189 4600 100 4500 9589 5886 67 85 1796 524 75 47 1272
internal_count=10093 1863 1814 1725 1673 1358 49 315 89 44 35 8230 1091 7139 1081 166 144 7110 2190 39 2151 4920 3026 52 45 915 313 29 22 602
is_linear=0
shrinkage=0.05


Tree=231
num_leaves=30
num_cat=0
split_feature=4 25 7 7 2 7 10 1 0 18 1 5 10 0 5 4 3 7 4 12 7 10 6 2 4 9 5 11 9
split_gain=1.93895 7.60579 5.99834 8.11186 7.89065 6.04586 11.1026 6.07461 3.24488 2.86494 2.74109 2.40679 2.51854 2.22032 2.11906 10.3177 6.51779 13.179 5.12767 4.71818 4.32597 1.86188 1.83014 1.40103 1.35094 1.31206 1.1577 0.878924 0.239087
threshold=1.1349999904632571 18.750000000000004 1014.6499938964845 1014.8500061035157 5.3199999332427987 1015.3500061035157 0.78654998540878307 97.500000000000014 19.750000000000004 5.0499999523162851 98.500000000000014 -0.90500000119209278 0.91595000028610241 22.150000572204593 -1.6850000023841856 0.59499999880790722 27.500000000000004 1020.3500061035157 -3.814999938011169 0.81174999475479137 1015.6499938964845 1.0000000180025095e-35 167.50000000000003 3.9550000429153447 0.35500000417232519 0.78654998540878307 3.185000061988831 -0.60784998536109913 0.78654998540878307
decision_type=2 2 2 2 2 2 2 2 2 2 2 2 2 2 2 2 2 2 2 2 2 2 2 2 2 2 2 2 2
left_child=8 2 4 -4 13 6 -5 -7 9 11 14 25 23 21 15 19 17 -16 -18 -10 -17 -2 27 -13 -12 -1 -15 -11 -24
right_child=1 -3 3 5 -6 7 -8 -9 10 22 24 12 -14 26 16 20 18 -19 -20 -21 -22 -23 28 -25 -26 -27 -28 -29 -30
leaf_value=-0.025815102954705557 -0.0078649198452851125 0.023186739056538314 0.012084650828174675 -0.033508989110476138 -0.042179389577358964 0.0016770546983183442 0.012084650828174675 -0.012911269833949357 -9.4308081701744781e-05 -0.0021769411620286045 0.0042630219852758779 -0.0035237388825083158 -0.016449603309425024 -0.0049011444215596263 0.016948731710450561 -0.00066211137780418968 0.010675839403855433 -0.00083014344154889335 -0.00083014344154889335 0.0044012209243919648 0.011730720716516553 -0.02353316720481962 -0.0035237388825083158 -0.015058573501716769 0.017960860607175468 -0.0090116276226651203 0.0070206086675170809 -0.00083014344154889335 -0.0021769411620286045
leaf_weight=21 25 39 32 33 15.999999999999998 3174 20 73 6629 338 45 240 39 56 158 93 97 213 6069 640 290 11.999999999999998 138 28 30 26 32 1168 167
leaf_count=9 25 15 15 20 11 1685 7 32 3677 170 18 115 19 28 67 55 43 88 2704 327 149 9 100 13 11 13 16 525 127
internal_value=0.000162764 0.00122914 0.000982563 0.00141002 -0.00911871 0.00107565 -0.0156755 0.00134908 -6.51926e-05 -0.00186886 0.000208569 -0.00598278 -0.00436966 -0.00488694 0.000158176 0.000722941 -0.00050292 0.00593795 -0.000830143 0.000301501 0.0087215 -0.0151639 -0.0010647 -0.00352374 0.00974216 -0.0165196 -0.000565961 -0.000830143 -0.00352374
internal_weight=19941 3512 3473 3332 141 3300 53 3247 16429 2165 14264 354 307 125 14189 7652 6537 371 6166 7269 383 37 1811 268 75 47 88 1506 305
internal_count=10093 1863 1848 1759 89 1744 27 1717 8230 1091 7139 169 147 78 7110 4208 2902 155 2747 4004 204 34 922 128 29 22 44 695 227
is_linear=0
shrinkage=0.05


Tree=232
num_leaves=31
num_cat=0
split_feature=5 11 10 7 7 3 7 17 2 7 10 25 11 9 8 9 23 27 5 9 3 24 27 7 10 28 28 29 3 4
split_gain=1.88183 24.3161 15.6707 10.393 8.79916 5.75804 6.67959 4.47489 4.23666 3.02091 2.81936 2.54969 2.76329 14.6165 14.4127 49.979 11.6454 12.8825 6.78906 3.70606 6.1473 5.565 5.43385 4.98755 4.95236 3.40384 1.39838 1.38573 1.37912 0.917116
threshold=4.8949999809265146 -0.87834998965263356 0.60354998707771312 1015.2500000000001 1014.8500061035157 202.50000000000003 1018.5499877929689 0.10350000113248826 6.3450000286102304 1019.6499938964845 -1.0000000180025095e-35 4.6499998569488534 -0.87834998965263356 0.78654998540878307 452.50000000000006 -1.0000000180025095e-35 33.500000000000007 11.250000000000002 -1.7949999570846555 0.91595000028610241 202.50000000000003 75.415000915527358 17.44999980926514 1020.0499877929689 -0.98295000195503224 60.500000000000007 57.500000000000007 14.150000095367433 195.50000000000003 1.1649999618530276
decision_type=2 2 2 2 2 2 2 2 2 2 2 2 2 2 2 2 2 2 2 2 2 2 2 2 2 2 2 2 2 2
left_child=11 10 3 28 -4 6 -5 8 -6 -7 29 26 13 14 27 -16 18 -18 -15 21 22 23 -21 -14 -23 -22 -1 -13 -3 -2
right_child=1 2 4 5 7 9 -8 -9 -10 -11 -12 12 19 16 15 -17 17 -19 -20 20 25 24 -24 -25 -26 -27 -28 -29 -30 -31
leaf_value=-0.0079268854029589525 0.032854750358833458 -0.022291523683816192 0.043508792491186235 0.007218128868183237 0.0063924686915661187 -0.027851304524775706 -0.0048930483829782052 0.015759590334971162 -0.015306142810732127 -0.0028244305402040483 0.011649715719801008 -0.0023608499613624982 0.0082427307528245165 0.010040245620150339 0.0015435241384150846 0.057875307401021328 0.010398655218942794 0.04416820439132485 -0.0023608499613624982 0.0017245521466683518 -0.0023608499613624982 -0.0023608499613624982 0.019274900966323914 0.0020657052740024376 0.00057285609145089965 0.0078300821234846552 -0.0023608499613624982 0.016651823785569935 -0.043394589920838673 0.021667906003338951
leaf_weight=165 53 16.000000000000004 21 162 19 33 383 85 32 19 33 1569 427 153 630 42 100 37 215 374 1308 563 50 849 12284 97 98 81 14.999999999999998 28
leaf_count=165 21 8 7 83 13 28 219 54 16 19 11 788 173 107 245 14 49 16 119 257 704 289 21 326 6134 58 98 27 12 12
internal_value=0.00015493 0.00239037 -0.00074331 -0.00427554 0.0133856 -0.00280981 -0.00129303 0.00873425 -0.00297465 -0.0187069 0.0239688 4.93917e-05 0.000117862 -0.0013229 -0.00236085 0.00506426 0.00649295 0.0189371 0.00186021 0.000373192 -0.00174456 0.000647451 0.00379417 0.00379676 0.000334653 -0.00236085 -0.00483956 -0.00236085 -0.0325027 0.0289877
internal_weight=19941 899 785 628 157 597 545 136 51 52 114 19042 18779 2827 2322 672 505 137 368 15952 1829 14123 424 1276 12847 1405 263 1650 31 81
internal_count=10093 503 459 369 90 349 302 83 29 47 44 9590 9327 1365 1074 259 291 65 226 7962 1040 6922 278 499 6423 762 263 815 20 33
is_linear=0
shrinkage=0.05


Tree=233
num_leaves=31
num_cat=0
split_feature=4 26 11 5 7 21 17 8 9 17 24 3 25 8 28 23 18 7 8 28 12 9 8 27 9 24 10 7 3 8
split_gain=1.7858 8.50474 6.08967 7.46165 14.129 10.0834 5.46619 5.38614 6.09345 8.14754 7.88621 5.02353 3.9022 3.11338 15.9626 18.5942 16.5788 18.3365 14.5817 67.7478 13.9133 13.0836 11.0663 10.6635 9.953 9.2182 8.06964 10.2151 6.62341 8.27593
threshold=1.1349999904632571 23.94999980926514 -0.60784998536109913 2.9450000524520878 1016.1499938964845 8.0500001907348651 0.11150000244379045 401.50000000000006 0.78654998540878307 0.11450000107288362 225.41500091552737 320.50000000000006 18.849999427795414 386.50000000000006 37.500000000000007 63.500000000000007 4.8500001430511483 1018.4500122070314 382.50000000000006 57.500000000000007 -0.56175000965595234 -1.0000000180025095e-35 473.50000000000006 7.4500000476837167 -1.0000000180025095e-35 75.415000915527358 0.60354998707771312 1021.6499938964845 200.50000000000003 12.500000000000002
decision_type=2 2 2 2 2 2 2 2 2 2 2 2 2 2 2 2 2 2 2 2 2 2 2 2 2 2 2 2 2 2
left_child=13 2 3 11 -5 -6 12 8 10 -10 -4 -2 -3 18 15 -15 20 21 23 -20 22 -18 -16 26 -22 -19 -1 -28 29 -25
right_child=1 6 7 4 5 -7 -8 -9 9 -11 -12 -13 -14 14 16 -17 17 25 19 -21 24 -23 -24 28 -26 -27 27 -29 -30 -31
leaf_value=-0.0011755560672034406 -0.010712292924904214 0.0069034674430309573 0.0069034674430309573 -0.028427878293124115 -0.022116707066694899 0.0069034674430309573 0.028286187563623701 -0.0096239503340649554 -0.0035163801103719355 0.0064531282209674412 0.0017165307719980893 0.0069034674430309573 0.017594827503327328 -0.044442341414590678 0.0029967010329851424 -0.010093621508945045 0.0096938040094518112 0.033971373993774943 -0.10451313806207557 0.00051685308804735549 0.0023362697486550132 0.029381448774625663 -0.0072002843425408268 0.0033938306126018534 -0.010093621508945045 0.0029967010329851424 -0.011386207869221079 -0.0012526969308252161 -0.00073006311136496042 -0.0009104835121385602
leaf_weight=2892 313 66 373 33 30 215 42 102 772 279 1220 34 33 48 85 29 467 29 19 80 2240 103 941 3089 58 600 505 490 4009 745
leaf_count=1491 148 22 146 24 15 125 14 79 445 119 697 16 13 22 44 12 198 10 12 37 1009 53 509 1611 31 302 264 237 2037 351
internal_value=0.000116304 0.00113969 0.000636479 -0.00381801 0.00228564 0.00642257 0.0131705 0.00165034 0.00208528 -0.00086986 0.00403496 -0.00870797 0.00690347 -0.000102465 0.0010013 -0.0215728 0.0013856 0.00642588 -0.00053169 -0.0196404 -0.000432475 0.0132514 -0.00527371 -0.000370414 0.00172902 0.0029967 -0.00251185 -0.00639584 0.000690884 0.00217669
internal_weight=19941 3512 3371 625 278 245 141 2746 2644 1051 1593 347 99 16429 4600 77 4523 1199 11829 99 3324 570 1026 11730 2298 629 3887 995 7843 3834
internal_count=10093 1863 1814 328 164 140 49 1486 1407 564 843 164 35 8230 2190 34 2156 563 6040 49 1593 251 553 5991 1040 312 1992 501 3999 1962
is_linear=0
shrinkage=0.05


Tree=234
num_leaves=31
num_cat=0
split_feature=5 11 10 7 7 3 7 17 2 1 11 9 8 9 8 29 4 23 0 5 7 7 1 26 0 7 9 7 1 0
split_gain=1.87372 21.4965 13.885 8.89021 7.82494 5.15561 6.04666 3.88998 3.90949 3.67523 2.71881 14.2202 21.9369 42.9879 16.468 12.7486 12.6593 10.3791 11.5262 9.43745 5.7466 5.42479 4.41798 10.0443 14.6705 7.17886 4.66732 7.40197 4.27618 10.3334
threshold=4.8949999809265146 -0.87834998965263356 0.60354998707771312 1015.2500000000001 1014.8500061035157 202.50000000000003 1018.5499877929689 0.10350000113248826 6.3450000286102304 62.500000000000007 -0.87834998965263356 0.78654998540878307 452.50000000000006 -1.0000000180025095e-35 323.50000000000006 14.150000095367433 -0.41499999165534968 33.500000000000007 21.050000190734867 2.8649998903274541 1020.3500061035157 1010.3500061035157 93.500000000000014 11.750000000000002 21.94999980926514 1018.4500122070314 0.91595000028610241 1018.1499938964845 83.500000000000014 24.650000572204593
decision_type=2 2 2 2 2 2 2 2 2 2 2 2 2 2 2 2 2 2 2 2 2 2 2 2 2 2 2 2 2 2
left_child=10 -2 3 -3 -4 6 -5 8 -6 -7 11 12 14 21 15 -1 -16 19 -19 20 -13 -14 28 26 25 -25 -24 -28 -12 -30
right_child=1 2 4 5 7 9 -8 -9 -10 -11 22 17 13 -15 16 -17 -18 18 -20 -21 -22 -23 23 24 -26 -27 27 -29 29 -31
leaf_value=-0.0055089718962395978 0.022628260064020495 -0.030038544271261465 0.041099325532004953 0.0069569344436864805 0.0061229505545263374 0.0054048222131454033 -0.0045661579154300516 0.014856459263588903 -0.014540803863201291 -0.025293177156112137 -0.00013920905659176375 0.0072137632497651129 -0.017577669107251698 0.053512472765786315 -0.014363001210675125 0.015266127788867706 -0.049364393661099099 0.0098639902787178557 0.039480719732683765 -0.028511126339435578 -0.0087540080010051462 0.0024111509952992665 -0.0053757176054457191 0.0063513656829882444 0.025800226909934349 -0.0028625891762683576 -0.0043715737685683558 -0.027871284299138668 0.0013414453465921952 0.017721963717545176
leaf_weight=1386 114 31 21 162 19 12.999999999999998 383 85 32 39 8830 273 36 42 155 78 31 94 43 24 71 594 303 264 53 1061 58 69 5479 98
leaf_count=705 44 20 7 83 13 13 219 54 16 34 4347 178 12 14 68 26 16 49 16 12 36 233 222 94 21 439 50 56 2945 51
internal_value=0.000108857 0.00233947 -0.000606923 -0.00393182 0.0126927 -0.00257619 -0.00114095 0.00830633 -0.00261056 -0.0176187 3.54615e-06 -0.00142732 -0.00308109 0.00453415 -0.00618257 -0.0044021 -0.0201966 0.00617675 0.0179248 0.00180314 0.00391809 0.00126893 0.00025301 -0.00207675 5.05475e-06 -0.00102675 -0.0087482 -0.0167944 0.000545382 0.00162929
internal_weight=19941 899 785 628 157 597 545 136 51 52 19042 2827 2322 672 1650 1464 186 505 137 368 344 630 16215 1808 1378 1325 430 127 14407 5577
internal_count=10093 503 459 369 90 349 302 83 29 47 9590 1365 1074 259 815 731 84 291 65 226 214 245 8225 882 554 533 328 106 7343 2996
is_linear=0
shrinkage=0.05


Tree=235
num_leaves=31
num_cat=0
split_feature=10 4 12 28 24 8 24 29 21 1 8 28 5 23 17 26 8 12 27 8 4 23 23 23 5 5 10 1 4 5
split_gain=2.3925 17.7043 20.5491 35.1187 33.0648 14.7225 14.986 13.2691 9.78616 9.85321 13.9656 9.01697 11.6078 8.00662 15.0684 12.6277 6.69009 4.74 19.8017 18.6334 13.03 13.4016 9.57543 6.40655 6.34296 4.67058 6.06144 8.21261 4.31976 5.57006
threshold=-0.91595000028610218 -0.55500000715255726 0.81174999475479137 42.500000000000007 56.250000000000007 70.500000000000014 165.41500091552737 24.550000190734867 10.050000190734865 67.500000000000014 411.50000000000006 72.500000000000014 -0.90500000119209278 71.500000000000014 0.1225000023841858 10.550000190734865 477.50000000000006 0.81174999475479137 12.949999809265138 339.50000000000006 0.25499999523162847 42.500000000000007 60.500000000000007 48.500000000000007 0.98000001907348644 5.6549999713897714 0.3793999999761582 75.500000000000014 -2.0549999475479122 -3.4850000143051143
decision_type=2 2 2 2 2 2 2 2 2 2 2 2 2 2 2 2 2 2 2 2 2 2 2 2 2 2 2 2 2 2
left_child=1 7 5 4 -4 6 -3 8 9 -1 -11 12 -5 15 -15 -7 -13 25 19 20 21 -19 24 -22 -20 -2 27 -27 -10 -30
right_child=17 2 3 11 -6 13 -8 -9 28 10 -12 16 -14 14 -16 -17 -18 18 22 -21 23 -23 -24 -25 -26 26 -28 -29 29 -31
leaf_value=-0.013598388359693609 -0.00021168046177379334 -0.0040580746096869312 -0.029282306048757541 0.0027372667363678967 -0.10495521363459136 -0.0061469123989495514 -0.069151216745376595 0.027990744943204134 0.0086180028527415818 -0.015712056179264827 -0.053853184055714376 0.037300173044204708 -0.021160892330196485 0.0059431764709874544 0.030837270145265151 0.0047787316461537646 0.0027372667363678967 -0.037957858459817043 0.0052442174304483087 0.0052442174304483087 -0.00357374183388302 -0.0066397841988470544 0.024460993457001215 0.0052442174304483087 0.015917558214641383 -0.0014337785090460923 0.0063906187812487296 -0.026377065575709846 0.00039015740387199463 -0.012550322326998681
leaf_weight=72 14685 24 23 76 19 371 13.999999999999998 23 30 56 42 20 97 271 71 921 27 36 345 569 343 668 102 365 73 66 51 66 129 234
leaf_count=43 7426 12 8 36 13 247 13 8 15 44 18 10 66 132 33 364 13 21 165 249 233 317 34 189 26 56 35 37 80 116
internal_value=-0.000180723 -0.00162044 0.000686466 -0.0123334 -0.0542296 0.00272665 -0.0280398 -0.00923401 -0.0107547 -0.0207776 -0.0320583 -0.00433498 -0.0096111 0.00344215 0.0102449 0.00164141 0.0150856 2.81597e-05 0.00204207 -0.000237343 -0.00342452 -0.00824128 0.0107258 0.00136502 0.00737412 -0.000310608 -0.00824915 -0.0139054 -0.00641913 -0.00795164
internal_weight=19889 2520 1934 262 42 1672 38 586 563 170 98 220 173 1634 342 1292 47 17369 2501 1981 1412 704 520 708 418 14868 183 132 393 363
internal_count=10059 1271 947 146 21 801 25 324 316 105 62 125 102 776 165 611 23 8788 1234 1009 760 338 225 422 191 7554 128 93 211 196
is_linear=0
shrinkage=0.05


Tree=236
num_leaves=31
num_cat=0
split_feature=10 4 12 28 24 29 21 1 9 7 26 28 2 10 12 5 28 5 7 4 7 1 1 7 22 25 3 3 12 27
split_gain=2.12645 15.7924 18.2953 31.0981 30.2815 11.9353 8.62637 9.09472 11.6444 8.09954 21.3194 27.2265 14.6309 8.96264 17.9154 10.1264 8.01995 10.5564 4.43792 9.33497 11.1613 23.3311 7.46153 7.05234 12.1615 8.24893 8.04562 12.036 6.53658 18.3228
threshold=-0.91595000028610218 -0.55500000715255726 0.81174999475479137 42.500000000000007 56.250000000000007 24.550000190734867 10.050000190734865 67.500000000000014 -1.0000000180025095e-35 1017.0499877929689 10.84999990463257 29.500000000000004 1.544999957084656 -0.98295000195503224 1.0000000180025095e-35 -0.085000000894069658 72.500000000000014 -0.90500000119209278 1020.2500000000001 -0.52499997615814198 1020.6499938964845 65.500000000000014 53.500000000000007 1019.7500000000001 6.4500000476837167 21.150000572204593 188.50000000000003 131.50000000000003 0.81174999475479137 12.949999809265138
decision_type=2 2 2 2 2 2 2 2 2 2 2 2 2 2 2 2 2 2 2 2 2 2 2 2 2 2 2 2 2 2
left_child=1 5 9 4 -4 6 7 -1 -9 13 11 -11 -12 14 -3 -15 17 -5 23 20 21 -20 -21 25 26 28 27 -25 -2 -30
right_child=18 2 3 16 -6 -7 -8 8 -10 10 12 -13 -14 15 -16 -17 -18 -19 19 22 -22 -23 -24 24 -26 -27 -28 -29 29 -31
leaf_value=-0.012825219743235711 -0.00077272849090720972 0.047807648996027505 -0.027577984688805568 0.0025677017280949909 -0.099707453815560593 0.026591207670128864 -0.0060847914816205021 -0.052585211355943941 -0.017032304650447409 -0.074791764418284098 0.013810127297549791 -0.0061088879382385844 0.00099369865327582222 0.010113281251745314 -0.00052997664444976388 -0.024136255538234345 0.014213391821435157 -0.020102847359844092 0.043851887420112014 -0.029391725276681508 0.0024341712127337045 0.005564355667042469 -0.00019774517165048992 -0.011647155611779095 6.5565785968790742e-05 0.019883225299417974 -0.0053618811861735642 -0.039750757593322888 -0.00027053175656531454 0.0098022480073331544
leaf_weight=72 8407 41 23 76 19 23 393 37 61 14.999999999999998 321 379 727 127 36 26 47 97 51 22 2137 181 4252 284 618 51 115 44 976 231
leaf_count=43 4505 15 8 36 13 8 211 21 41 10 122 263 291 71 18 11 23 66 19 15 1016 78 2008 133 310 19 50 31 510 94
internal_value=-0.000165078 -0.00152238 0.0006564 -0.0116287 -0.0510539 -0.00871312 -0.0101554 -0.0195656 -0.0304553 0.00258146 0.00119163 -0.00872372 0.00491934 0.0112951 0.0252082 0.0042931 -0.0041021 -0.00907799 3.18485e-05 0.00104742 0.00356497 0.013981 -0.000348018 -0.00059713 -0.00446668 -0.000172339 -0.0107893 -0.0154172 -0.000278729 0.00316208
internal_weight=19889 2520 1934 262 42 586 563 170 98 1672 1442 394 1048 230 77 153 220 173 17369 6643 2369 232 4274 10726 1061 9665 443 328 9614 1207
internal_count=10059 1271 947 146 21 324 316 105 62 801 686 273 413 115 33 82 125 102 8788 3136 1113 97 2023 5652 524 5128 214 164 5109 604
is_linear=0
shrinkage=0.05


Tree=237
num_leaves=31
num_cat=0
split_feature=7 1 7 7 6 8 1 8 2 10 7 11 11 7 8 18 10 7 5 25 18 7 11 10 23 12 27 5 5 23
split_gain=1.96167 6.89336 12.868 6.69645 8.82899 10.7708 8.03411 9.71589 6.81018 6.11619 11.6885 24.4816 21.9077 11.1311 12.4334 9.23059 6.03967 9.56092 8.4136 19.1231 7.87288 7.79334 15.9515 7.58345 6.58207 6.12167 5.95023 25.0313 10.1679 12.7917
threshold=1018.2500000000001 97.500000000000014 1020.1499938964845 1019.7500000000001 47.500000000000007 18.500000000000004 68.500000000000014 464.50000000000006 4.6250000000000009 -0.78654998540878285 1022.2500000000001 -0.87834998965263356 -0.87834998965263356 1020.2500000000001 353.50000000000006 7.4500000476837167 0.91595000028610241 1018.0499877929689 -3.814999938011169 14.650000095367433 22.750000000000004 1018.0499877929689 -0.87834998965263356 0.98295000195503246 36.500000000000007 -0.56175000965595234 17.349999427795414 1.2250000238418581 -1.4350000023841856 19.500000000000004
decision_type=2 2 2 2 2 2 2 2 2 2 2 2 2 2 2 2 2 2 2 2 2 2 2 2 2 2 2 2 2 2
left_child=16 3 -3 4 5 -2 8 -8 -6 10 11 -5 -12 15 -15 -11 21 18 19 23 24 26 -23 -18 -20 -24 28 -28 -1 -30
right_child=1 2 -4 9 6 -7 7 -9 -10 13 12 -13 -14 14 -16 -17 17 -19 20 -21 -22 22 25 -25 -26 -27 27 -29 29 -31
leaf_value=0.00091449428103947356 0.0073529480969539212 -0.026386664483858194 0.001741333098522378 0.017378279831552625 0.0073529480969539212 0.036744016565774619 0.0014313857804838185 -0.0098509605780665605 -0.00297742860466936 -0.0095371043913333627 -0.016629026991363566 -0.0082615237211395715 0.0035590694981717653 0.00044177511144699409 0.0074675216755037358 0.00030155518499549164 -0.0077260679390486076 0.021584946594455028 -0.023337996691966859 0.05028827653990852 0.0089430991948271799 -0.047069441497325899 -0.014942673497340259 0.0091434518130202036 -0.0088192087141968044 0.0026883745694365833 0.0020722865453137677 0.030083959155222953 -0.022852506523770168 -0.0026505385739528102
leaf_weight=4138 150 69 99 102 442 38 1910 212 161 467 154 1067 1055 5071 719 487 223 33 104 18 48 25 85 95 313 117 556 85 82 1764
leaf_count=2405 75 32 46 45 179 16 1028 99 84 212 87 541 477 2368 357 250 132 17 47 6 18 13 46 63 153 68 250 31 47 867
internal_value=-0.000147118 0.00024697 -0.00981124 0.000387375 0.00247448 0.0129544 0.00175146 0.000304215 0.00684441 -0.000279116 -0.00245943 -0.00602435 0.00098755 0.000489683 0.00131423 -0.00451464 -0.000772808 -0.00479027 -0.00587689 0.000151499 -0.0102329 -0.000283817 -0.0093935 -0.00268643 -0.0124402 -0.00473063 2.8318e-05 0.00460669 -0.000462112 -0.00354792
internal_weight=19889 12203 168 12035 2913 188 2725 2122 603 9122 2378 1169 1209 6744 5790 954 7686 834 801 336 465 6852 227 318 417 202 6625 641 5984 1846
internal_count=10059 5896 78 5818 1481 91 1390 1127 263 4337 1150 586 564 3187 2725 462 4163 436 419 201 218 3727 127 195 200 114 3600 281 3319 914
is_linear=0
shrinkage=0.05


Tree=238
num_leaves=31
num_cat=0
split_feature=7 1 7 7 3 0 23 1 2 10 12 7 5 27 10 7 5 25 18 7 11 27 23 12 27 5 5 23 6 23
split_gain=1.80795 6.22816 11.6134 6.25799 6.22841 6.7161 9.58578 6.26208 7.47483 6.14945 14.7268 21.5505 18.273 6.01597 5.43676 8.62873 7.59327 17.2586 7.10528 7.02452 14.3963 7.00484 5.94032 5.5248 5.23928 22.6804 9.1765 11.6657 5.86531 3.82367
threshold=1018.2500000000001 97.500000000000014 1020.1499938964845 1018.8500061035157 182.50000000000003 21.750000000000004 59.500000000000007 69.500000000000014 4.0150001049041757 -0.91595000028610218 0.81174999475479137 1021.3500061035157 -1.8849999904632566 4.7500000000000009 0.91595000028610241 1018.0499877929689 -3.814999938011169 14.650000095367433 22.750000000000004 1018.0499877929689 -0.87834998965263356 7.3500001430511483 36.500000000000007 -0.56175000965595234 17.349999427795414 1.2250000238418581 -1.4350000023841856 23.500000000000004 792.50000000000011 58.500000000000007
decision_type=2 2 2 2 2 2 2 2 2 2 2 2 2 2 2 2 2 2 2 2 2 2 2 2 2 2 2 2 2 2
left_child=14 3 -3 4 7 6 -6 8 -2 10 12 -12 -5 -9 19 16 17 21 22 24 -21 -16 -18 -22 26 -26 28 -28 -1 -11
right_child=1 2 -4 9 5 -7 -8 13 -10 29 11 -13 -14 -15 15 -17 18 -19 -20 20 23 -23 -24 -25 25 -27 27 -29 -30 -31
leaf_value=0.0019181124887723703 0.016221970277574826 -0.025067331479943319 0.0016542664695545243 -0.0096250178833811595 -0.0021449355845554519 0.015665610548233688 0.009784776406454733 -0.012020857341206857 -0.0038823628162102004 -0.00047545567819838103 -0.03630051232270292 -0.0050357339718310095 0.0029860390518559148 0.0014991237032165056 -0.023999544780920534 0.020505699097658647 -0.022171096763430306 0.047773860560523143 0.0084959442998903505 -0.04471596765518189 -0.014195539513055017 1.5540481348272781e-05 -0.0083782482053191901 0.0025539557719165382 0.0019391697303439424 0.028579760973944386 -0.019010080537243217 -0.0023603539969372974 -0.0025081678306758427 0.001557541078262635
leaf_weight=3157 106 69 99 403 260 179 117 137 82 4719 74 216 1000 206 34 33 104 18 48 25 85 284 313 117 556 85 112 1734 981 4536
leaf_count=1854 44 32 46 215 140 79 53 69 42 2310 40 102 460 140 22 17 47 6 18 13 46 173 153 68 250 31 69 845 551 2124
internal_value=-0.000138414 0.000239919 -0.00932068 0.000373378 0.00399178 0.00769052 0.00390394 0.000118902 0.00745306 1.4115e-05 -0.00275653 -0.0130136 -0.000636381 -0.00390099 -0.000739089 -0.00455076 -0.00558305 0.000143924 -0.00972125 -0.000275146 -0.00892382 -0.00255211 -0.0118182 -0.0044941 2.11931e-05 0.00431735 -0.000439006 -0.00337052 0.00086877 0.000520943
internal_weight=19889 12203 168 12035 1087 556 377 531 188 10948 1693 290 1403 343 7686 834 801 336 465 6852 227 318 417 202 6625 641 5984 1846 4138 9255
internal_count=10059 5896 78 5818 567 272 193 295 86 5251 817 142 675 209 4163 436 419 201 218 3727 127 195 200 114 3600 281 3319 914 2405 4434
is_linear=0
shrinkage=0.05


Tree=239
num_leaves=29
num_cat=0
split_feature=28 7 7 28 8 28 1 1 2 5 25 14 5 9 7 7 7 27 0 7 4 8 3 5 1 0 23 23
split_gain=1.83069 1.90689 5.6943 6.54074 14.8178 19.6356 6.39968 6.16851 6.0962 5.36247 5.42758 5.14934 9.2909 24.1032 19.6278 7.42656 6.41027 7.77587 5.01089 4.43918 2.99068 2.69254 2.2764 1.76909 1.31529 1.14737 0.0545007 0.150754
threshold=141.00000000000003 1018.2500000000001 1018.8500061035157 70.500000000000014 339.50000000000006 40.500000000000007 91.500000000000014 73.500000000000014 4.3199999332427987 6.0450000762939462 6.8500001430511483 48.000000000000007 -0.84499999880790699 -0.91595000028610218 1017.0499877929689 1018.0499877929689 1012.2500000000001 13.949999809265138 19.650000572204593 1012.0499877929689 -1.3550000190734861 323.50000000000006 58.500000000000007 -3.9350000619888301 86.500000000000014 21.750000000000004 67.500000000000014 56.500000000000007
decision_type=2 2 2 2 2 2 2 2 2 2 2 2 2 2 2 2 2 2 2 2 2 2 2 2 2 2 2 2
left_child=1 11 9 4 6 -6 -4 8 -5 10 20 16 19 15 -15 -14 26 21 -19 22 -3 -18 -13 -12 -9 -21 27 -1
right_child=-2 2 3 7 5 -7 -8 24 -10 -11 23 12 13 14 -16 -17 17 18 -20 25 -22 -23 -24 -25 -26 -27 -28 -29
leaf_value=-0.00086031409827819942 0.0090625552874472413 -0.021562938019633295 0.00070060167576869873 0.004453198151090609 -0.030394900482902422 -0.0044247386466611076 -0.0023491780703150597 0.00070060167576869873 0.00070060167576869873 -0.023407408595085145 -0.00084475644872910943 -0.010439081390639052 -0.039344529512880456 -0.00086031409827819942 -0.016262674361640757 -0.0086819210222789222 -0.00086031409827819942 0.0017057712381195883 0.004453198151090609 -0.0040971991338258811 -0.0021684257467229342 0.0014045075357314867 -0.0021198642020268991 0.004453198151090609 0.004453198151090609 -0.00086031409827819942 0.004453198151090609 0.001753686194618543
leaf_weight=48 54 25 5496 1130 79 925 2130 606 556 18 56 182 67 616 237 28 1416 256 539 546 97 1509 150 906 179 1743 235 60
leaf_count=18 18 25 2610 482 42 476 1015 300 296 8 34 91 40 283 111 14 963 118 225 361 97 781 71 410 101 949 98 22
internal_value=-0.00013113 -0.000156159 0.000231547 -0.000108756 -0.000758188 -0.00646821 -6.43598e-06 0.00215939 0.00420282 0.0036596 0.00410905 -0.000776072 -0.0021618 -0.00641714 -0.00375647 -0.0303071 0.000441168 -0.000225319 0.00427186 -0.000860314 -0.00614271 -0.000860314 -0.0066804 0.0044532 0.000700602 -0.000860314 0.0044532 -0.000860314
internal_weight=19889 19835 12203 11101 8630 1004 7626 2471 1686 1102 1084 7632 3569 948 853 95 4063 3720 795 2621 122 2925 332 962 785 2289 343 108
internal_count=10059 10041 5896 5322 4143 518 3625 1179 778 574 566 4145 1920 448 394 54 2225 2087 343 1472 122 1744 162 444 401 1310 138 40
is_linear=0
shrinkage=0.05


Tree=240
num_leaves=26
num_cat=0
split_feature=0 25 1 3 18 11 7 0 4 17 1 3 4 10 7 7 1 9 7 23 11 4 8 29 9
split_gain=2.0249 5.16372 3.37514 7.4366 13.235 5.38524 4.15914 3.05204 3.34103 2.2098 2.41066 2.14698 1.93286 13.1943 6.87707 6.34706 5.49816 7.96567 7.87831 1.87419 1.86523 1.05165 1.04982 0.982062 0.334983
threshold=29.849999427795414 10.84999990463257 54.500000000000007 173.50000000000003 5.7500000000000009 0.60784998536109935 1017.7500000000001 28.94999980926514 -2.5249999761581416 0.091499999165534987 65.500000000000014 193.50000000000003 -1.1549999713897703 -0.78654998540878285 1020.3500061035157 1023.2500000000001 77.500000000000014 -0.6035499870777129 1023.9500122070314 63.500000000000007 -0.87834998965263356 -3.254999995231628 543.50000000000011 7.0499999523162851 -0.6035499870777129
decision_type=2 2 2 2 2 2 2 2 2 2 2 2 2 2 2 2 2 2 2 2 2 2 2 2 2
left_child=2 24 3 6 5 11 7 8 -1 10 -4 -5 13 15 -15 -11 18 -18 -14 -8 -3 -21 -22 -9 -2
right_child=1 20 9 4 -6 -7 19 23 -10 12 -12 -13 16 14 -16 -17 17 -19 -20 21 22 -23 -24 -25 -26
leaf_value=-0.022902388870716096 0.0016191033629753557 0.0070589610196366108 -0.0074982003748711307 -0.041617909464985135 0.0016191033629753557 -0.011448256013721127 -0.011350852064788343 -0.0038618261546424001 -0.0061693671970607456 -0.0074982003748711307 -0.033451947298916901 -0.024424928086607355 0.0016191033629753557 -0.0013157793488009694 0.0016191033629753557 0.0016191033629753557 -0.0051770738875094981 0.00018008210613925085 -0.0048512110868833558 -0.004865874350906494 0.012694173852602643 0.0016191033629753557 0.024769304394721987 0.0016191033629753557 0.0070589610196366108
leaf_weight=35 302 45 13.000000000000002 30 29 19 28 45 202 417 10.999999999999998 46 2925 2965 1155 143 748 9593 498 68 45 373 30 84 28
leaf_count=14 162 15 13 21 13 17 14 35 96 223 11 21 1409 1360 535 74 368 5081 264 34 15 192 10 42 17
internal_value=-4.10445e-07 0.00331542 -7.72172e-05 -0.00296932 -0.014395 -0.0245156 -0.00127258 -0.00527192 -0.00864049 7.29629e-05 -0.0150891 -0.0312116 9.26923e-05 -0.0007851 0.000195783 -0.0074982 0.000391157 -0.000207419 0.0016191 0.0016191 0.0124988 0.0016191 0.0175242 0.000916836 0.0016191
internal_weight=19877 450 19427 959 124 95 835 366 237 18468 24 76 18444 4680 4120 560 13764 10341 3423 469 120 441 75 129 330
internal_count=10056 219 9837 499 72 59 427 187 110 9338 24 42 9314 2192 1895 297 7122 5449 1673 240 40 226 25 77 179
is_linear=0
shrinkage=0.05


Tree=241
num_leaves=28
num_cat=0
split_feature=0 25 1 5 8 11 8 9 1 6 5 17 10 29 23 12 23 11 11 3 8 8 5 5 1 5 5
split_gain=1.70109 4.67284 2.8851 10.3368 6.1546 5.50205 4.86879 2.81311 2.81325 2.22667 2.08437 4.17382 3.70582 4.62544 3.67562 2.48105 2.41824 1.86224 1.71527 1.33742 0.947465 0.931515 0.647121 0.544393 0.311502 1.31366 0.124635
threshold=29.849999427795414 10.84999990463257 54.500000000000007 2.6049998998641972 796.50000000000011 0.60784998536109935 645.50000000000011 -0.78654998540878285 50.500000000000007 1287.5000000000002 2.3950001001358037 0.10050000250339509 -0.37939999997615809 3.9500000476837163 58.500000000000007 -0.56175000965595234 52.500000000000007 -1.0000000180025095e-35 -0.87834998965263356 59.500000000000007 543.50000000000011 589.50000000000011 -5.7449998855590811 -3.6550000905990596 46.500000000000007 -3.3049999475479122 -4.7349998950958243
decision_type=2 2 2 2 2 2 2 2 2 2 2 2 2 2 2 2 2 2 2 2 2 2 2 2 2 2 2
left_child=2 24 3 4 7 6 -5 8 -1 10 12 16 13 -4 -14 -13 -12 23 -3 21 -20 -11 -9 -6 -2 26 -26
right_child=1 18 9 5 17 -7 -8 22 -10 19 11 15 14 -15 -16 -17 -18 -19 20 -21 -22 -23 -24 -25 25 -27 -28
leaf_value=-0.00046516435951685645 0.0015030196836004685 0.0066609254354814702 -0.003175869120004711 -0.016733954808321492 -0.016722890734672546 0.0015030196836004685 -0.048346312131200525 -0.022445167849461239 -0.0089425698224016841 -0.015699158327447043 -0.003175869120004711 -0.00080911343911878016 -0.0014263054610495151 0.0012523634589427875 0.00058132302600754726 0.0015030196836004685 -0.00080911343911878016 -0.0066603773506358271 0.012059465183152094 -0.003175869120004711 0.02353083908557892 -0.003951726032903901 0.0015030196836004685 -0.02870868854224682 0.0018741065155594581 0.0015030196836004685 0.0066609254354814702
leaf_weight=349 196 45 86 29 18 15.999999999999998 21 5.9999999999999991 136 45 306 824 6211 5157 3602 1964 190 32 45 56 30 27 332 20 31 28 75
leaf_count=183 107 15 58 15 16 16 14 6 65 16 189 383 3304 2599 1579 1062 101 16 15 32 10 15 158 10 19 14 39
internal_value=1.86348e-05 0.0030578 -5.17634e-05 -0.00272568 -0.00131444 -0.0218201 -0.0300111 -0.000103865 -0.00284233 8.70869e-05 0.000132953 0.00127428 -0.000115992 0.000957177 -0.000689377 0.00150302 -0.00312125 -0.0155474 0.0118188 -0.00648469 0.016648 -0.0112939 0.00150302 -0.0230312 0.00150302 0.00501914 0.00666093
internal_weight=19877 450 19427 959 893 66 50 823 485 18468 18340 3284 15056 5243 9813 2788 496 70 120 128 75 72 338 38 330 134 106
internal_count=10056 219 9837 499 454 45 29 412 248 9338 9275 1735 7540 2657 4883 1445 290 42 40 63 25 31 164 26 179 72 58
is_linear=0
shrinkage=0.05


Tree=242
num_leaves=17
num_cat=0
split_feature=0 18 7 1 7 7 9 1 7 4 5 5 4 4 7 7
split_gain=1.55104 1.52596 1.67258 6.85727 9.91828 5.35679 7.46603 3.93956 5.36412 7.81475 6.3973 3.58094 1.87723 1.21303 1.03 0.166375
threshold=32.899999618530281 24.550000190734867 1018.2500000000001 97.500000000000014 1019.8500061035157 1019.7500000000001 0.91595000028610241 95.500000000000014 1016.6499938964845 2.6450001001358037 0.64499998092651378 -3.195000052452087 1.1950000524520876 0.14500000327825549 1015.6499938964845 1025.9500122070315
decision_type=2 2 2 2 2 2 2 2 2 2 2 2 2 2 2 2
left_child=1 2 7 5 12 6 -4 8 10 -10 -1 -7 -5 -6 -3 -16
right_child=-2 14 3 4 13 11 -8 -9 9 -11 -12 -13 -14 -15 15 -17
leaf_value=-0.0009263059056108735 0.015118849682895577 0.0075642270651885323 0.0022608277348365306 -0.015437424317688533 -0.0092410798856200505 -0.0048507922037210388 -0.0043169397060949079 0.0022608277348365306 -0.0027138154667588439 -0.028422744646668437 0.0022608277348365306 8.9272576156873508e-05 -0.031259614913850223 0.0022608277348365306 0.0022608277348365306 0.0074941757342053793
leaf_weight=4255 17 68 2454 38 26 383 432 418 2010 30 818 8692 37 84 97 18
leaf_count=2257 7 34 1237 18 12 224 222 216 1197 20 398 4085 16 38 69 6
internal_value=2.25268e-05 9.60445e-06 -3.26623e-05 0.000330327 -0.00922239 0.000478078 0.00226083 -0.000618092 -0.000926628 -0.00309189 -5.5914e-05 -0.000119217 -0.023243 0.000337143 0.00455432 0.00226083
internal_weight=19877 19860 19677 12146 185 11961 2886 7531 7113 2040 5073 9075 75 110 183 115
internal_count=10056 10049 9940 5852 84 5768 1459 4088 3872 1217 2655 4309 34 50 109 75
is_linear=0
shrinkage=0.05


Tree=243
num_leaves=17
num_cat=0
split_feature=25 0 1 0 1 2 6 7 8 18 28 4 14 21 6 7
split_gain=1.44412 1.39289 1.45164 4.9006 1.89498 5.51522 1.82461 1.35246 1.00253 0.887474 0.313789 0.286245 0.324032 0.16488 0.0830661 0.0146176
threshold=3.3500000238418584 32.899999618530281 46.500000000000007 30.050000190734867 54.500000000000007 3.1550000905990605 1287.5000000000002 1021.4500122070314 748.50000000000011 1.9499999880790713 57.500000000000007 -1.7549999952316282 33.000000000000007 13.250000000000002 597.50000000000011 1019.9500122070314
decision_type=2 2 2 2 2 2 2 2 2 2 2 2 2 2 2 2
left_child=10 2 7 4 5 -4 -6 8 -2 -5 14 12 -9 -10 -1 -16
right_child=1 -3 3 9 6 -7 -8 11 13 -11 -12 -13 -14 -15 15 -17
leaf_value=-0.0079019991893222452 -0.0043777754406959272 0.014362906686523381 0.0030072668243684027 0.0036140603886240146 0.00016986416537824301 -0.0043777754406959272 -0.0043777754406959272 0.0037134252340448176 -0.00085158902737829433 0.0072037868526900186 -0.0043777754406959272 0.0072037868526900186 -0.0027329698444477149 0.0043819679221247928 -0.011818909103220157 -0.014342304381231467
leaf_weight=10.999999999999998 232 17 310 58 18314 474 128 44 27 140 11.999999999999998 18 35 34 11.000000000000002 11.999999999999998
leaf_count=11 119 7 154 32 9237 254 63 22 15 58 12 14 18 17 11 12
internal_value=3.64153e-05 5.69412e-05 4.4667e-05 0.000105309 2.43339e-05 -0.00238321 0.000126682 -0.00297564 -0.00437778 0.00720379 -0.00881249 0.00216148 0.000857427 0.00206548 -0.0114262 -0.0131355
internal_weight=19877 19831 19814 19424 19226 784 18442 390 293 198 46 97 79 61 34 23
internal_count=10056 10010 10003 9798 9708 408 9300 205 151 90 46 54 40 32 34 23
is_linear=0
shrinkage=0.05


Tree=244
num_leaves=31
num_cat=0
split_feature=4 8 7 8 7 6 17 5 7 2 4 0 5 24 5 28 18 9 11 23 29 7 8 7 7 11 7 5 6 28
split_gain=1.43323 6.70489 5.20703 4.93914 13.8025 7.84185 14.7488 7.58242 4.17525 3.41144 2.63576 3.43285 4.49989 12.1132 3.96526 9.49194 4.03901 2.24201 2.09406 7.4464 9.38482 6.07235 6.34677 3.09008 3.21802 7.64744 5.25948 2.61928 2.42812 3.12897
threshold=0.89499998092651378 534.50000000000011 1014.6499938964845 17.500000000000004 1014.8500061035157 512.50000000000011 0.10050000250339509 0.15500000119209292 1014.9500122070314 5.2950000762939462 0.66500002145767223 20.94999980926514 -0.24499999731779096 126.25000000000001 -0.50499999523162831 19.500000000000004 8.9499998092651385 -0.37939999997615809 0.87834998965263378 78.500000000000014 14.750000000000002 1013.4500122070314 429.50000000000006 1026.549987792969 1024.549987792969 0.60784998536109935 1023.1499938964845 1.9950000047683718 1382.5000000000002 64.500000000000014
decision_type=2 2 2 2 2 2 2 2 2 2 2 2 2 2 2 2 2 2 2 2 2 2 2 2 2 2 2 2 2 2
left_child=10 2 9 4 -4 7 -7 -5 -6 -2 18 14 -13 -14 16 -16 -12 -15 23 21 27 -20 -23 24 26 -26 -1 -21 -25 -30
right_child=1 -3 3 5 8 6 -8 -9 -10 -11 11 12 13 17 15 -17 -18 -19 19 20 -22 22 -24 28 25 -27 -28 -29 29 -31
leaf_value=-0.00047476877942222834 -0.0044969209500898919 -0.012371569458444261 0.031187516611276403 0.0048027874327487632 -0.04161071119209131 -0.015244434357931217 0.0040387750230158719 0.015837388772931362 0.00013633561042458416 -0.024115290965598363 -0.010104742716554996 -0.0016568877779044541 0.031467842635435936 0.0076729896901683373 -0.039747634405891102 -0.0065050923845310707 -0.0016568877779044541 -0.0016568877779044541 -0.040473051203621761 0.0057646431793254918 0.042528238112018224 0.0022028985900050049 -0.0059019740856161365 0.014865644591844689 -0.0010498830907684016 -0.014495141791518441 0.0033533385593530803 0.016999894270190486 -0.0093673912657273786 0.0081442114565179868
leaf_weight=10286 150 95 36 274 5.9999999999999991 120 571 225 3335 26 143 142 39 88 24 204 383 142 8.9999999999999982 111 21 1313 296 59 532 132 983 54 37 41
leaf_count=5217 100 66 16 110 4 72 361 105 1628 18 56 77 16 41 12 96 222 66 7 61 7 705 162 22 249 61 443 18 15 23
internal_value=3.20479e-05 0.000780611 0.00104404 0.00136926 0.000393179 0.00413922 0.000690027 0.00891555 6.13634e-05 -0.00739509 -0.000208763 -0.00249305 0.00118315 0.00570138 -0.00449692 -0.0100043 -0.00210969 0.00133228 -1.69508e-05 0.00157196 0.0110465 0.000482796 0.000711884 -0.000254431 -0.000340152 -0.00372274 -0.000140841 0.00703972 0.00721204 0.00142278
internal_weight=19877 4838 4743 4567 3377 1190 691 499 3341 176 15039 1165 411 269 754 228 526 230 13874 1804 186 1618 1609 12070 11933 664 11269 165 137 78
internal_count=10056 2480 2414 2296 1648 648 433 215 1632 118 7576 586 200 123 386 108 278 107 6990 960 86 874 867 6030 5970 310 5660 79 60 38
is_linear=0
shrinkage=0.05


Tree=245
num_leaves=21
num_cat=0
split_feature=28 27 10 4 5 12 24 5 6 27 7 3 23 18 25 7 5 1 0 7
split_gain=2.02564 2.85836 1.9497 7.14739 5.45071 4.93633 4.83292 4.71787 7.72603 7.07505 4.54656 10.5904 4.79706 2.96561 1.71597 1.61928 1.00659 0.500582 0.432127 0.143243
threshold=10.500000000000002 25.60000038146973 -1.0000000180025095e-35 2.5649999380111699 -3.814999938011169 -0.56175000965595234 407.08500671386724 -2.2250000238418575 567.50000000000011 18.650000572204593 1020.2500000000001 54.500000000000007 79.500000000000014 4.8500001430511483 14.750000000000002 1020.2500000000001 -1.0549999475479124 87.500000000000014 19.349999427795414 1020.7500000000001
decision_type=2 2 2 2 2 2 2 2 2 2 2 2 2 2 2 2 2 2 2 2
left_child=14 2 4 10 5 6 -2 8 -6 -9 11 -4 -12 -5 16 -7 17 -1 -3 -18
right_child=1 18 3 13 7 15 -8 9 -10 -11 12 -13 -14 -15 -16 -17 19 -19 -20 -21
leaf_value=-0.012270679352460085 0.0055294126073860035 0.0067510416110356649 0.0010439257589212329 -0.0023421257566100559 0.0029102304615951 0.0055294126073860035 -0.0023421257566100559 0.0002147742134761205 -0.0023421257566100559 0.0055294126073860035 0.00033924254710068189 -0.0023421257566100559 0.0055294126073860035 0.0055294126073860035 -0.0023421257566100559 -0.0023421257566100559 -0.011618908122181894 -0.0054625805448395553 0.015237571299076082 -0.016919624239206312
leaf_weight=27 107 30 2838 55 706 687 305 5123 1156 667 3992 3785 150 147 72 28 26 65 30 25
leaf_count=9 70 10 1524 35 429 389 256 2557 582 272 1859 1849 66 84 24 14 9 25 10 12
internal_value=4.52296e-05 9.76293e-05 6.45188e-05 -0.000380002 0.000619829 0.00386621 -0.000595974 0.000141696 -0.0020476 0.00084575 -0.000572745 -0.00138536 0.000726606 0.00552941 -0.00478188 0.00552941 -0.00858304 -0.00546258 0.0109943 -0.0142173
internal_weight=20021 19806 19746 10967 8779 1127 412 7652 1862 5790 10765 6623 4142 202 215 715 143 92 60 51
internal_count=10085 10006 9986 5417 4569 729 326 3840 1011 2829 5298 3373 1925 119 79 403 55 34 20 21
is_linear=0
shrinkage=0.05


Tree=246
num_leaves=22
num_cat=0
split_feature=28 27 10 4 5 5 6 27 12 24 25 7 10 25 7 0 9 0 1 3 1
split_gain=1.72164 2.584 1.73023 6.76083 5.06794 4.54139 5.56085 5.45638 4.52807 4.47311 4.3683 5.26203 3.10244 1.57252 1.47295 1.19029 0.944674 0.389995 0.198334 0.180745 0.138062
threshold=10.500000000000002 25.60000038146973 -1.0000000180025095e-35 2.5649999380111699 -3.814999938011169 -2.0549999475479122 567.50000000000011 18.650000572204593 -0.56175000965595234 391.25000000000006 18.050000190734867 1020.4500122070314 0.60354998707771312 14.750000000000002 1020.2500000000001 19.44999980926514 0.78654998540878307 19.349999427795414 88.500000000000014 315.50000000000006 73.500000000000014
decision_type=2 2 2 2 2 2 2 2 2 2 2 2 2 2 2 2 2 2 2 2 2
left_child=13 2 4 10 8 6 -6 -7 9 -2 11 -4 -12 16 -10 20 18 -3 -1 -18 -5
right_child=1 17 3 15 5 7 -8 -9 14 -11 12 -13 -14 -15 -16 -17 19 -19 -20 -21 -22
leaf_value=-0.008921576078448977 0.0052485900130208674 0.0064134895304838822 -0.001567288462617143 -0.0021651737922736762 0.0020642171343373266 0.00029211260283833288 -0.0021651737922736762 0.0052105505447014701 0.0052485900130208674 -0.0021651737922736762 0.0052485900130208674 0.00077044072326136232 0.0022604093956320975 -0.0021651737922736762 -0.0021651737922736762 0.0052485900130208674 -0.016565993784562402 0.014475692808628083 -0.0051273461774811848 -0.010792001901250898 0.0015417081103735958
leaf_weight=35 97 30 6703 42 785 4973 1258 636 687 315 183 3756 123 72 28 139 23 30 52 33 21
leaf_count=12 61 10 3434 21 467 2490 624 259 389 265 67 1756 41 24 14 77 10 10 22 11 21
internal_value=3.57622e-05 8.40702e-05 5.25889e-05 -0.000366167 0.000575712 0.000114673 -0.00190363 0.00084981 0.00370603 -0.000581083 -0.000555474 -0.000727771 0.00524859 -0.00441442 0.00524859 0.00524859 -0.00808952 0.0104446 -0.00512735 -0.0131635 -0.00216517
internal_weight=20021 19806 19746 10967 8779 7652 2043 5609 1127 412 10765 10459 306 215 715 202 143 60 87 56 63
internal_count=10085 10006 9986 5417 4569 3840 1091 2749 729 326 5298 5190 108 79 403 119 55 20 34 21 42
is_linear=0
shrinkage=0.05


Tree=247
num_leaves=31
num_cat=0
split_feature=7 11 18 23 26 12 7 1 23 29 6 11 28 0 7 10 0 7 7 10 7 9 7 10 26 5 27 5 7 26
split_gain=1.47126 3.98848 3.78533 8.83434 6.49163 5.93271 3.17052 9.28598 21.3944 13.7653 9.17725 8.46537 8.40185 7.49618 6.51577 3.031 3.0183 2.74145 2.69398 2.5083 3.23723 2.46392 2.20127 6.91659 7.08858 7.01828 8.85946 8.54217 4.95537 10.8181
threshold=1024.7500000000002 -0.60784998536109913 4.3500001430511483 59.500000000000007 15.750000000000002 1.0000000180025095e-35 1023.4500122070314 71.500000000000014 73.500000000000014 7.3500001430511483 487.50000000000006 0.60784998536109935 62.500000000000007 21.050000190734867 1024.1499633789065 -0.98295000195503224 20.150000572204593 1023.9500122070314 1026.350036621094 0.60354998707771312 1025.1499633789065 -0.37939999997615809 1022.7500000000001 0.60354998707771312 13.750000000000002 -1.4350000023841856 17.849999427795414 1.9049999713897707 1022.4500122070314 20.650000572204593
decision_type=2 2 2 2 2 2 2 2 2 2 2 2 2 2 2 2 2 2 2 2 2 2 2 2 2 2 2 2 2 2
left_child=6 16 5 19 21 15 22 10 9 13 -8 -11 17 -9 -10 -3 -2 -12 -7 -4 -21 -5 28 25 -25 26 -24 -27 -1 -30
right_child=1 2 3 4 -6 18 7 8 14 11 12 -13 -14 -15 -16 -17 -18 -19 -20 20 -22 -23 23 24 -26 27 -28 -29 29 -31
leaf_value=-3.4671844955894715e-05 -0.025240642338991166 -0.018923383951187134 -0.0015129084416342605 0.01419008306433074 0.02324044011848074 -0.025294412637040731 0.022417936584463827 -0.0059885517004340423 0.044706491893157368 0.0034693115717194575 -0.012238679488457258 0.01406367174765112 -0.0025814547497192302 0.0034693115717194575 0.017703304548017881 -0.0015129084416342605 -0.0061153512700634488 -0.028776121225494607 -0.0073859977569164974 -0.0015129084416342605 0.005139726010180738 0.005139726010180738 -0.0024525958013587763 -0.0084133407912796009 0.0099401212317848601 -0.010276057372988888 0.028122651678594675 0.0051186702896042595 0.003427524044692739 0.036327494515313044
leaf_weight=15931 25 25 340 55 71 42 27 451 32 241 27 172 196 173 74 308 118 52 42 40 230 41 84 74 182 461 33 112 335 27
leaf_count=8123 13 13 133 31 26 18 12 231 14 96 14 64 100 74 27 170 59 31 14 20 95 35 38 60 78 222 14 67 182 11
internal_value=3.45436e-05 -0.00156775 -0.000622655 0.00143977 0.0116293 -0.00446558 0.000149201 0.00239889 0.00445919 0.00227213 -0.00539887 0.00935307 -0.00812997 -0.00241445 0.0258552 -0.00151291 -0.00945893 -0.0218959 -0.0163402 -0.00134982 0.00331256 0.00513973 -3.93713e-05 -0.00238417 0.00463482 -0.00498832 0.00617119 -0.00726697 9.6772e-05 0.00588139
internal_weight=20021 1337 1194 777 167 417 18684 1445 1143 1037 302 413 275 624 106 333 143 79 84 610 270 96 17239 946 256 690 117 573 16293 362
internal_count=10085 627 555 340 92 215 9458 663 506 465 157 160 145 305 41 183 72 45 32 248 115 66 8795 479 138 341 52 289 8316 193
is_linear=0
shrinkage=0.05


Tree=248
num_leaves=31
num_cat=0
split_feature=4 2 0 11 10 23 3 23 5 11 10 11 28 6 4 11 1 8 9 8 9 27 5 23 1 11 25 8 10 18
split_gain=1.49539 13.8256 17.3461 7.50254 4.76968 3.61937 2.95496 2.71644 2.33223 17.4168 9.93394 4.64525 5.11022 4.05286 2.82855 2.62088 9.46425 11.3148 20.8222 15.2661 4.03252 8.57862 6.82063 5.79847 5.29949 6.02253 4.25622 3.33878 2.47609 2.12576
threshold=2.5649999380111699 4.930000066757203 21.550000190734867 0.87834998965263378 0.78654998540878307 77.500000000000014 208.50000000000003 70.500000000000014 4.8949999809265146 -0.87834998965263356 0.60354998707771312 -0.60784998536109913 94.500000000000014 772.50000000000011 2.1950000524520878 -0.87834998965263356 95.500000000000014 420.50000000000006 -1.0000000180025095e-35 356.50000000000006 0.60354998707771312 20.849999427795414 -2.3449999094009395 22.500000000000004 80.500000000000014 1.0000000180025095e-35 17.250000000000004 18.500000000000004 -1.0000000180025095e-35 4.4500000476837167
decision_type=2 2 2 2 2 2 2 2 2 2 2 2 2 2 2 2 2 2 2 2 2 2 2 2 2 2 2 2 2 2
left_child=8 2 5 4 6 -2 7 -3 15 28 11 12 -11 -12 -13 16 17 19 -19 -1 21 23 -23 -17 26 -26 -22 -18 -10 -8
right_child=1 3 -4 -5 -6 -7 29 -9 9 10 13 14 -14 -15 -16 20 27 18 -20 -21 24 22 -24 -25 25 -27 -28 -29 -30 -31
leaf_value=-0.0031199489701963985 0.0058467695925452983 -0.037913270170489954 0.048016040772199634 -0.030575187797633893 0.0058467695925452983 0.027037194004787185 -0.0095933128400879399 -0.008339421332559804 0.025571227073669434 -0.040352762797299553 0.029576196415083751 -0.001212380715161271 -0.0045223780131588382 0.0076430257968604564 -0.021951392358716796 -0.01262394906519804 0.0079954828265581986 0.00081112347282954198 0.034289903759956358 -0.022213181380501337 -0.0098953398402013334 0.021508495278761419 0.0046695176707268913 0.00040867679966440643 0.0011355431307053785 -0.0027661409025893885 0.01001476416985194 0.032123674941249195 0.0097501078413592453 0.0028519524511222433
leaf_weight=1842 93 11.999999999999998 32 24 46 13.999999999999998 59 22 79 17 28 500 24 85 17 86 138 653 50 111 255 71 393 11244 2057 1905 30 15.999999999999998 36 82
leaf_count=933 73 8 13 18 24 9 36 22 32 12 13 277 13 55 16 47 91 256 19 51 147 27 137 5463 1095 1098 10 9 12 69
internal_value=3.18637e-05 0.00312199 0.0157177 -0.00402413 -0.00114076 0.00605835 -0.00554612 -0.0187773 -2.85634e-05 0.00263998 -0.000441293 -0.00317903 -0.0193789 0.0130778 -0.00189432 -0.000139829 -0.00154843 -0.00224716 0.00319226 -0.00420513 0.000106924 0.000582646 0.00724617 0.000309753 -0.00121416 -0.000740456 -0.00779954 0.0105023 0.0206185 -0.00235564
internal_weight=20021 384 139 245 221 107 175 34 19637 786 671 558 41 113 517 18851 2810 2656 703 1953 16041 11794 464 11330 4247 3962 285 154 115 141
internal_count=10085 272 95 177 159 82 135 30 9813 430 386 318 25 68 293 9383 1359 1259 275 984 8024 5674 164 5510 2350 2193 157 100 44 105
is_linear=0
shrinkage=0.05


Tree=249
num_leaves=20
num_cat=0
split_feature=28 27 15 3 5 7 23 18 27 4 12 25 7 5 0 28 0 5 7
split_gain=1.47281 2.40104 1.47372 2.2361 4.55208 2.37026 1.9721 1.86993 1.82604 2.68871 1.58245 1.43609 1.13703 0.880178 0.35197 0.265844 0.257749 0.149351 0.136483
threshold=10.500000000000002 25.60000038146973 1.2450000047683718 273.50000000000006 -2.3950001001358028 1013.6499938964845 22.500000000000004 8.8499999046325701 9.0500001907348651 0.80500000715255748 1.0000000180025095e-35 14.750000000000002 1013.9500122070314 -1.0549999475479124 19.349999427795414 6.5000000000000009 23.44999980926514 3.4050000905990605 1020.7500000000001
decision_type=2 2 2 2 2 2 2 2 2 2 2 2 2 2 2 2 2 2 2
left_child=11 2 3 5 -5 10 -7 12 -9 -10 -2 13 -4 15 -3 -1 -6 -14 -15
right_child=1 14 7 4 16 6 -8 8 9 -11 -12 -13 17 18 -16 -17 -18 -19 -20
leaf_value=-0.0093077619418953407 -0.0020049742241416806 0.006232855779429277 0.00087418453757341901 0.0001321652232860348 -0.0020049742241416806 -0.0020049742241416806 0.0001321652232860348 0.00087418453757341901 0.0017630452340784307 0.0050537227761698221 0.0001321652232860348 -0.0020049742241416806 0.0001321652232860348 -0.010361173304800804 0.013891948809226354 -0.0048162687703755787 0.0001321652232860348 0.00087418453757341901 -0.015535298228263855
leaf_weight=33 563 30 661 901 1892 260 7841 885 1317 619 262 72 3635 26 30 59 106 804 25
leaf_count=11 251 10 300 574 845 161 3931 544 754 322 120 24 1727 9 10 23 49 408 12
internal_value=3.07088e-05 7.53897e-05 4.50433e-05 -0.000308488 -0.00151497 8.33536e-05 0.000132165 0.000572818 0.0016162 0.00265191 -0.00200497 -0.00408534 0.000132165 -0.00762756 0.0100624 -0.00481627 -0.00200497 0.000132165 -0.0128975
internal_weight=20021 19806 19746 11825 2899 8926 8101 7921 2821 1936 825 215 5100 143 60 92 1998 4439 51
internal_count=10085 10006 9986 5931 1468 4463 4092 4055 1620 1076 371 79 2435 55 20 34 894 2135 21
is_linear=0
shrinkage=0.05


Tree=250
num_leaves=15
num_cat=0
split_feature=28 28 4 18 4 7 8 10 7 29 1 10 10 5
split_gain=1.85089 1.77938 1.44942 7.53309 2.06052 1.82078 1.80772 1.38356 5.52504 4.83448 0.258913 0.100321 0.0912849 0.000117927
threshold=141.00000000000003 3.0000000000000004 2.5649999380111699 4.6499998569488534 2.3950001001358037 1019.8500061035157 129.50000000000003 -1.0000000180025095e-35 1020.2500000000001 2.3500000238418584 80.500000000000014 -1.0000000180025095e-35 -0.37939999997615809 1.4149999618530276
decision_type=2 2 2 2 2 2 2 2 2 2 2 2 2 2
left_child=1 -1 4 6 7 -6 -4 9 -9 -3 -7 12 -5 -2
right_child=13 2 3 11 5 10 -8 8 -10 -11 -12 -13 -14 -15
leaf_value=-0.014618716069630215 0.0086529708746820692 -0.007337668564593453 -0.007337668564593453 7.0752462516855262e-05 -0.007337668564593453 -0.0028551857058818526 -0.0015060554071932488 -0.0013606170691790411 0.00096442634454370737 0.0005226253416583845 0.0043255577502069554 0.0043255577502069554 -0.0015060554071932488 0.008793165435393652
leaf_weight=21 30 104 72 103 38 12.999999999999998 39 6603 4168 8614 26 133 11.999999999999998 30
leaf_count=7 10 69 45 88 27 11 37 3368 1920 4395 18 78 10 10
internal_value=-4.55755e-05 -7.19527e-05 -5.66211e-05 0.00309165 -0.000114386 -0.00733767 -0.00733767 -8.18934e-05 -0.000460907 0.000386374 0.00355701 0.00432556 -0.00150606 0.00872307
internal_weight=20006 19946 19925 359 19566 77 111 19489 10771 8718 39 248 115 60
internal_count=10093 10073 10066 258 9808 56 82 9752 5288 4464 29 176 98 20
is_linear=0
shrinkage=0.05


Tree=251
num_leaves=12
num_cat=0
split_feature=28 28 4 18 4 8 18 10 1 29 24
split_gain=1.6701 1.60608 1.44896 7.03053 1.97949 1.67043 1.35956 1.24208 4.69858 4.48458 0.000374682
threshold=141.00000000000003 3.0000000000000004 2.5649999380111699 4.6499998569488534 2.3950001001358037 129.50000000000003 14.250000000000002 -1.0000000180025095e-35 84.500000000000014 2.9500000476837163 266.25000000000006
decision_type=2 2 2 2 2 2 2 2 2 2 2
left_child=1 -1 4 5 7 -4 -6 9 -9 -3 -2
right_child=10 2 3 -5 6 -7 -8 8 -10 -11 -12
leaf_value=-0.013887779556569599 0.0084118616580963132 -0.0069703788992323927 -0.0069703788992323927 0.0041096852981747107 -0.0069703788992323927 -0.001430346800528841 0.0041096852981747107 -0.0014743375409093445 0.00061432201149690482 0.00051065316513662618 0.0081619677568475404
leaf_weight=21 30 136 72 248 62 39 14.999999999999998 5426 5345 8582 30
leaf_count=7 10 97 45 176 45 37 11 2578 2710 4367 10
internal_value=-4.24883e-05 -6.75441e-05 -5.29782e-05 0.00309479 -0.000110734 -0.00697038 -0.00697038 -7.8749e-05 -0.000437861 0.000364931 0.00828691
internal_weight=20006 19946 19925 359 19566 111 77 19489 10771 8718 60
internal_count=10093 10073 10066 258 9808 82 56 9752 5288 4464 20
is_linear=0
shrinkage=0.05


Tree=252
num_leaves=18
num_cat=0
split_feature=5 12 2 3 4 7 0 14 18 19 1 18 1 6 7 24 4
split_gain=1.40743 4.12376 1.43323 2.92103 1.84379 1.69638 3.43788 3.41628 2.77971 2.12854 2.06251 1.19856 0.43785 0.207687 0.0846394 0.0433227 0.00700586
threshold=6.3849999904632577 0.81174999475479137 6.7349998950958261 41.500000000000007 -4.8250000476837149 1011.6499938964845 30.250000000000004 48.000000000000007 3.1499999761581425 0.57649999856948864 55.500000000000007 4.2500000000000009 73.500000000000014 972.50000000000011 1021.7500000000001 896.25000000000011 2.1250000000000004
decision_type=2 2 2 2 2 2 2 2 2 2 2 2 2 2 2 2 2
left_child=2 13 4 -4 11 7 10 9 -8 -6 -7 -1 -3 -2 -15 -5 -16
right_child=1 12 3 15 5 6 8 -9 -10 -11 -12 -13 -14 14 16 -17 -18
leaf_value=0.0017702464666217565 -8.462544064968824e-06 0.020811641642025539 -0.02322594871123632 -0.0034632660192908237 0.00024138534809373748 -0.0021777276200733767 0.0033687893812809132 -0.0034632660192908237 0.01354827710681341 0.012272805631315957 6.332748175569725e-05 0.014345737732946874 0.011726965796616343 -0.0085745081086369117 -0.0029945570929919849 -0.0088391836318704817 -0.004718614863231778
leaf_weight=40 24 21 21 38 157 1089 96 320 88 48 17937 36 36 17 10.000000000000002 18 9.9999999999999982
leaf_count=17 15 10 16 27 65 547 59 144 35 16 9066 16 17 17 10 6 10
internal_value=-4.00261e-05 0.00540447 -7.23296e-05 -0.00688066 -4.58674e-05 -7.58012e-05 8.34149e-07 -0.00287992 0.00680252 0.0030585 -6.49448e-05 0.00772706 0.015074 -0.00363094 -0.00598065 -0.00346327 -0.00377587
internal_weight=20006 118 19888 77 19811 19735 19210 525 184 205 19026 76 57 61 37 56 20
internal_count=10093 79 10014 49 9965 9932 9707 225 94 81 9613 33 27 52 37 33 20
is_linear=0
shrinkage=0.05


Tree=253
num_leaves=13
num_cat=0
split_feature=28 28 4 18 4 7 8 7 4 1 1 3
split_gain=1.51685 1.45011 1.38156 6.5171 1.85167 1.57912 1.56759 1.24255 5.64627 5.56474 0.200265 0.0126659
threshold=141.00000000000003 3.0000000000000004 2.5649999380111699 4.6499998569488534 2.3950001001358037 1019.8500061035157 129.50000000000003 1018.2500000000001 1.0249999761581423 97.500000000000014 80.500000000000014 121.50000000000001
decision_type=2 2 2 2 2 2 2 2 2 2 2 2
left_child=1 -1 4 6 7 -6 -4 8 -3 -9 -7 -2
right_child=11 2 3 -5 5 10 -8 9 -10 -11 -12 -13
leaf_value=-0.013196557476407007 0.007170953465004762 -0.00013443886198821176 -0.0066236153394104783 0.0039164510934269021 -0.0066236153394104783 -0.0023118977076732198 -0.0013535821229917885 0.00037724318190996331 -0.0048014661434237728 -0.0066236153394104783 0.0039164510934269021 0.0086238784094651542
leaf_weight=21 30 6741 72 248 38 12.999999999999998 39 11842 717 189 26 30
leaf_count=7 10 3614 45 176 27 11 37 5636 416 86 18 10
internal_value=-4.06351e-05 -6.45138e-05 -5.06732e-05 0.00302301 -0.00010707 -0.00662362 -0.00662362 -7.60452e-05 -0.000583119 0.000238289 0.00361107 0.00789742
internal_weight=20006 19946 19925 359 19566 77 111 19489 7458 12031 39 60
internal_count=10093 10073 10066 258 9808 56 82 9752 4030 5722 29 20
is_linear=0
shrinkage=0.05


Tree=254
num_leaves=19
num_cat=0
split_feature=28 4 18 8 5 4 7 18 6 7 7 28 2 14 5 27 0 3
split_gain=1.36908 1.33647 6.22692 4.00691 7.67029 1.84555 4.08054 1.33084 1.25065 1.21796 5.46584 5.91179 5.49944 5.2059 11.2195 5.58338 0.193158 0.011431
threshold=141.00000000000003 2.5649999380111699 4.6499998569488534 129.50000000000003 4.4349999427795419 2.3950001001358037 1019.8500061035157 4.1499998569488534 802.50000000000011 1018.2500000000001 1018.9500122070314 70.500000000000014 6.0150001049041757 48.000000000000007 -0.84499999880790699 13.949999809265138 20.150000572204593 121.50000000000001
decision_type=2 2 2 2 2 2 2 2 2 2 2 2 2 2 2 2 2 2
left_child=1 5 3 4 7 9 8 -3 -7 13 12 -12 -11 15 -15 -1 -8 -2
right_child=17 2 -4 -5 -6 6 16 -9 -10 10 11 -13 -14 14 -16 -17 -18 -19
leaf_value=-0.00030219854718964103 0.0068124053130547207 -0.015171087067574264 0.0037204556483564073 -0.0022400147601614666 -0.049381744755165921 -0.0094216554699575201 -0.00097227526659315281 -0.0022400147601614666 -0.027664661513907569 0.0036483251454031123 -0.00077529162442547606 0.002059565748112687 -0.022770250067114833 -0.00069787802201372101 -0.0071266909454580744 0.0037204556483564073 0.0037204556483564073 0.0081926846504211427
leaf_weight=3260 30 32 248 39 13.999999999999998 17 22 26 21 1308 8344 2359 20 2604 824 791 17 30
leaf_count=1858 10 16 176 37 12 14 14 17 13 679 3909 1122 12 1457 386 336 15 10
internal_value=-3.8948e-05 -6.16337e-05 0.00296151 -0.00820049 -0.0161648 -0.000117043 -0.00784263 -0.00814693 -0.0195033 -8.65527e-05 0.000224926 -0.000150473 0.00325046 -0.000587609 -0.00202163 0.000625878 0.00351906 0.00750254
internal_weight=20006 19946 359 111 72 19587 77 58 38 19510 12031 10703 1328 7479 3428 4051 39 60
internal_count=10093 10073 258 82 45 9815 56 33 27 9759 5722 5031 691 4037 1843 2194 29 20
is_linear=0
shrinkage=0.05


Tree=255
num_leaves=31
num_cat=0
split_feature=5 11 10 2 21 7 7 28 24 5 7 10 8 7 7 7 10 8 7 8 23 7 10 3 25 7 2 7 10 25
split_gain=1.54467 13.9125 9.41706 4.51865 7.87109 4.42264 3.13739 2.78346 2.58842 2.2929 8.75011 2.67424 3.50604 5.16927 4.70592 2.22876 10.7057 6.07699 4.83308 4.48781 4.464 4.00744 10.9536 3.67456 2.8552 1.91703 10.8226 4.24179 1.55822 0.948425
threshold=4.8949999809265146 -0.87834998965263356 0.60354998707771312 6.3450000286102304 9.5500001907348651 1015.2500000000001 1016.0499877929689 123.00000000000001 792.91500854492199 4.5850000381469735 1026.4500122070315 0.60354998707771312 330.50000000000006 1018.8500061035157 1019.5499877929689 1024.4500122070315 -0.98295000195503224 2.5000000000000004 1026.549987792969 347.50000000000006 59.500000000000007 1024.2500000000002 -0.98295000195503224 36.500000000000007 13.449999809265138 1023.2500000000001 3.1250000000000004 1022.7500000000001 -1.0000000180025095e-35 8.0500001907348651
decision_type=2 2 2 2 2 2 2 2 2 2 2 2 2 2 2 2 2 2 2 2 2 2 2 2 2 2 2 2 2 2
left_child=9 28 5 8 -5 -3 29 -8 -4 15 11 12 14 -14 -11 21 19 18 -18 20 -17 25 -23 -19 -24 27 -27 -1 -2 -7
right_child=1 2 3 4 -6 6 7 -9 -10 10 -12 -13 13 -15 -16 16 17 23 -20 -21 -22 22 24 -25 -26 26 -28 -29 -30 -31
leaf_value=7.583535855145229e-05 0.022957296659414834 -0.021836347598582509 0.034713423677853177 -0.01896550336719624 0.01139152147738434 0.0028515092614624237 -0.0038180365859067887 0.016180664300918579 0.013795341543853283 -0.019528945873738553 0.029529261920187212 0.0064151131263416681 0.015184200697523707 -0.0091457933065344083 -0.0025549190291868792 -0.027470101614793144 -0.0047587060986342489 -0.0071781150619121825 0.0090930069756248715 -0.037213149395855988 -0.0035685261844524314 0.040969754281369127 -0.0022939220104100451 0.0047628644878025088 0.015675764679908753 0.0050475811697430466 -0.0057157170302324142 -0.0040786352323266334 0.0098924930348540802 0.018327340145002712
leaf_weight=15366 74 30 21 28 55 18 521 18 50 98 18 36 34 61 70 30 721 74 69 22 56 22 84 498 30 830 325 640 33 22
leaf_count=7813 30 20 8 14 33 12 314 6 35 53 6 22 15 34 40 18 317 36 27 14 21 9 40 254 10 372 176 309 11 11
internal_value=-1.67186e-05 0.00204367 -0.000324119 0.0107221 0.00280066 -0.00311742 -0.00214752 -0.00315018 0.0199824 -0.000110647 -0.00432757 -0.00636578 -0.00811525 -0.000438217 -0.0124564 -3.94177e-05 -0.00190851 -0.000706963 -0.00354887 -0.0170614 -0.0119063 0.000119429 0.00866852 0.00321805 0.00243494 5.16779e-05 0.00201895 -9.02812e-05 0.018928 0.0113632
internal_weight=19954 870 763 154 83 609 579 539 71 19084 317 299 263 95 168 18767 1470 1362 790 108 86 17297 136 572 114 17161 1155 16006 107 40
internal_count=10080 494 453 90 47 363 343 320 43 9586 170 164 142 49 93 9416 687 634 344 53 39 8729 59 290 50 8670 548 8122 41 23
is_linear=0
shrinkage=0.05


Tree=256
num_leaves=31
num_cat=0
split_feature=4 29 7 1 7 23 23 25 1 9 5 6 7 1 5 4 7 8 0 1 9 4 7 17 28 9 23 7 1 9
split_gain=1.54267 7.40703 12.5395 9.6671 8.8014 8.38411 6.22664 5.90761 5.33865 4.11541 3.96845 3.78185 3.59862 3.43123 2.70073 6.66577 4.1069 3.96557 3.25452 3.24566 3.65608 2.73252 5.24089 5.80601 6.62407 2.96733 2.51147 2.46208 2.40019 2.14808
threshold=1.5549999475479128 5.4500000476837167 1015.3500061035157 81.500000000000014 1019.9500122070314 59.500000000000007 43.500000000000007 18.849999427795414 84.500000000000014 -1.0000000180025095e-35 4.8450000286102304 47.500000000000007 1024.350036621094 88.500000000000014 4.8450000286102304 0.7150000035762788 1025.9500122070315 536.50000000000011 22.750000000000004 57.500000000000007 -0.91595000028610218 1.3949999809265139 1025.549987792969 0.11450000107288362 60.500000000000007 0.91595000028610241 38.500000000000007 1022.7500000000001 82.500000000000014 -0.37939999997615809
decision_type=2 2 2 2 2 2 2 2 2 2 2 2 2 2 2 2 2 2 2 2 2 2 2 2 2 2 2 2 2 2
left_child=14 2 6 4 9 -5 -2 -6 12 -3 -11 -7 26 -13 21 16 19 18 -17 20 -16 -1 23 25 -25 -23 -4 -21 -8 -20
right_child=1 3 8 5 7 11 28 -9 -10 10 -12 13 -14 -15 15 17 -18 -19 29 27 -22 22 -24 24 -26 -27 -28 -29 -30 -31
leaf_value=-0.00016597351598498307 -0.045873244784095074 0.0073908539996905762 -0.013973745166868815 0.00084532684239056039 0.00084532684239056039 0.036864373832941055 -0.0030598198655449479 0.028220669654282656 0.00084532684239056039 0.037274956376291815 0.015503214734296004 0.0051136417530479213 -0.022659509798028957 0.015601155381677124 0.0013825255361470305 0.0071248250129490589 -0.018499215220411619 -0.0062662792617850238 0.014887331015077131 -0.00047667119992207495 -0.040390023589134218 -0.0058751508570108702 0.021320841237902642 -0.0016384789820473929 0.024789288948322163 -0.016856385302977474 -0.0023116737256196002 0.008884090150368739 -0.028804158636482113 0.032673518639057875
leaf_weight=16872 22 33 53 520 129 11.999999999999998 24 22 289 50 36 176 27 102 11.000000000000002 118 30 33 58 308 9.9999999999999982 278 20 130 29 79 358 91 9.9999999999999982 24
leaf_count=8418 11 17 44 254 60 5 22 9 192 22 12 81 25 53 11 72 12 25 26 133 10 144 10 52 12 38 242 47 9 12
internal_value=-1.55395e-05 0.00135445 -0.00234824 0.00403889 0.0122323 0.00130774 -0.0251465 0.00421835 -0.000592114 0.0224014 0.0281612 0.00938196 -0.00497716 0.00819567 -0.00015662 0.00292758 -0.000626737 0.00979215 0.0124418 0.000649869 -0.0185092 -0.000277628 -0.00379224 -0.00476562 0.00318168 -0.00830517 -0.00381554 0.00165824 -0.0117351 0.020093
internal_weight=19954 1863 783 1080 270 810 56 151 727 119 86 290 438 278 18091 683 450 233 200 420 21 17408 536 516 159 357 411 399 34 82
internal_count=10080 1058 545 513 120 393 42 69 503 51 34 139 311 134 9022 348 213 135 110 201 21 8674 256 246 64 182 286 180 31 38
is_linear=0
shrinkage=0.05


Tree=257
num_leaves=31
num_cat=0
split_feature=7 10 17 25 4 7 1 11 4 7 29 1 21 3 25 11 28 1 9 4 24 7 7 4 6 9 10 8 27 8
split_gain=1.43202 22.1145 26.682 5.85475 7.4928 5.86156 4.46821 4.86772 4.38247 8.23659 11.2837 11.0006 9.34226 6.88852 6.40958 12.0035 4.73326 3.47968 5.36798 3.45941 9.59063 6.87715 5.70991 3.71857 11.6951 17.5583 8.98749 3.73166 15.7726 5.45105
threshold=1014.9500122070314 -0.98295000195503224 0.1225000023841858 16.800000190734867 -3.1450001001358028 1014.4500122070314 70.500000000000014 -0.60784998536109913 -3.0949999094009395 1020.2500000000001 6.3500001430511483 84.500000000000014 12.84999990463257 59.500000000000007 14.750000000000002 -0.87834998965263356 56.500000000000007 66.500000000000014 -1.0000000180025095e-35 -2.564999938011169 407.08500671386724 1016.6499938964845 1019.7500000000001 -1.2549999952316282 447.50000000000006 -0.6035499870777129 0.78654998540878307 681.50000000000011 6.8500001430511483 473.50000000000006
decision_type=2 2 2 2 2 2 2 2 2 2 2 2 2 2 2 2 2 2 2 2 2 2 2 2 2 2 2 2 2 2
left_child=1 2 -1 4 6 -5 7 -3 9 11 12 14 -11 -12 15 -2 -14 -6 -19 20 -10 -22 -23 24 26 -26 -21 29 -29 -25
right_child=8 3 -4 5 17 -7 -8 -9 19 10 13 -13 16 -15 -16 -17 -18 18 -20 23 21 22 -24 27 25 -27 -28 28 -30 -31
leaf_value=0.0074878656586935353 -0.050717080136140194 0.0041180363021277155 0.076246185813631337 0.0041323622369685356 0.00091357572639216573 0.019002022399079235 0.0041323622369685356 -0.012969781123101713 0.020666074195927753 -0.01899890815335754 0.0045740110928219639 0.017343666748040252 -0.0084555026714201783 0.024461679481383829 0.0022123611159622671 -0.0091734236023350534 0.0045740110928219639 -0.0068250108519906831 -0.00052866079511179479 0.00031810826308590961 -0.01629356721788645 0.0096706001319706893 -0.0010629161183411877 0.00031481790074173891 0.00011182727159171906 -0.011089695428811731 0.013495921498194905 -0.00170545093043002 0.021780032880019909 -0.0035915746150596804
leaf_weight=43 18 87 21 123 851 84 503 80 73 74 80 45 32 72 120 511 149 579 815 250 50 203 318 11823 877 582 184 239 102 966
leaf_count=22 9 31 7 41 395 28 210 45 36 39 40 23 16 34 40 272 74 245 587 113 26 101 147 6024 415 312 77 127 35 509
internal_value=-1.71159e-05 0.000954618 0.0300492 0.000358189 -0.000218808 0.00848353 0.00413236 -0.00406774 -0.00020175 -0.00325097 0.00239623 -0.00656279 -0.00403141 0.0131794 -0.00822041 -0.010587 0.0020879 -0.00160583 -0.00314386 1.25339e-05 0.00360104 0.00141935 0.00311924 -0.000141297 -0.00221304 -0.0043565 0.00499271 0.000157395 0.00531953 1.97538e-05
internal_weight=19954 3186 64 3122 2915 207 670 167 16768 1101 407 694 255 152 649 529 181 2245 1394 15667 644 571 521 15023 1893 1459 434 13130 341 12789
internal_count=10080 1611 29 1582 1513 69 286 76 8469 547 203 344 129 74 321 281 90 1227 832 7922 310 274 248 7612 917 727 190 6695 162 6533
is_linear=0
shrinkage=0.05


Tree=258
num_leaves=31
num_cat=0
split_feature=7 10 17 4 25 7 0 10 11 1 4 7 11 23 29 1 1 7 3 4 1 7 7 7 4 6 1 10 1 8
split_gain=1.34178 19.9307 24.0805 5.43175 6.24269 5.4657 4.58515 10.9442 8.25748 4.01945 3.98598 12.1848 15.9638 12.223 13.0479 10.0581 9.40577 6.93348 4.98064 4.79443 3.63144 4.75217 13.2425 6.54431 3.38725 10.4467 10.6926 8.18836 3.45899 10.4992
threshold=1014.9500122070314 -0.98295000195503224 0.1225000023841858 -4.0150001049041739 16.800000190734867 1014.4500122070314 21.94999980926514 0.3793999999761582 -0.87834998965263356 74.500000000000014 -2.9850000143051143 1020.2500000000001 -0.87834998965263356 75.500000000000014 6.7500000000000009 84.500000000000014 88.500000000000014 1019.8500061035157 84.500000000000014 -2.564999938011169 62.500000000000007 1019.7500000000001 1019.4500122070314 1023.2500000000001 -1.2549999952316282 447.50000000000006 67.500000000000014 0.78654998540878307 75.500000000000014 112.50000000000001
decision_type=2 2 2 2 2 2 2 2 2 2 2 2 2 2 2 2 2 2 2 2 2 2 2 2 2 2 2 2 2 2
left_child=1 2 -1 9 6 -6 7 -5 -8 -3 11 12 -2 16 -15 17 18 -14 -13 20 -12 22 -22 -23 25 27 -27 -21 -26 -30
right_child=10 3 -4 4 5 -7 8 -9 -10 -11 19 13 15 14 -16 -17 -18 -19 -20 24 21 23 -24 -25 28 26 -28 -29 29 -31
leaf_value=0.0071134724242742677 -0.043998093051569806 -0.0014357111437180848 0.072433875855945407 -0.0035589824179360959 0.0034621135391301656 0.018051921274690404 -0.0035589824179360959 -0.021414924822026175 0.0016373311104219412 0.010021733260781469 -0.00099906661571471842 -0.0029065569285797862 -0.005093945021608275 0.0069106866163882973 0.039010373041743325 0.016844992474355596 -0.02237458770784239 -0.020078729402818039 0.0069106866163882973 0.00027939537383088117 0.0070479437111046267 -0.003156132422693407 0.044993264305180525 0.017599329977067854 0.0016633769870690108 0.00010957137556417156 -0.0084514620553577339 0.012821125412997587 0.0003074606623294741 -0.0046255632954028429
leaf_weight=43 28 114 21 206 123 84 599 96 1667 233 174 226 582 99 42 47 48 89 83 250 111 134 29 53 2931 735 724 184 8973 1226
leaf_count=22 13 52 7 186 41 28 276 61 840 98 81 110 289 49 19 24 26 41 41 113 67 61 11 25 1492 360 367 77 4596 607
internal_value=-1.45894e-05 0.000926028 0.0285467 0.000359812 -0.000377679 0.00797521 -0.00105098 -0.00683828 -0.000279685 0.00625762 -0.000193311 -0.00291657 -0.00695967 0.00313997 0.0156043 -0.00551528 -0.00178291 -0.00708149 0.0014158 2.49143e-05 0.00483659 0.0079418 0.014908 0.00272643 -0.00013555 -0.00211285 -0.00413867 0.00469746 0.000149525 -0.000285528
internal_weight=19954 3186 64 3122 2775 207 2568 302 2266 347 16768 1244 746 498 141 718 357 671 309 15524 501 327 140 187 15023 1893 1459 434 13130 10199
internal_count=10080 1611 29 1582 1432 69 1363 247 1116 150 8469 612 367 245 68 354 177 330 151 7857 245 164 78 86 7612 917 727 190 6695 5203
is_linear=0
shrinkage=0.05


Tree=259
num_leaves=31
num_cat=0
split_feature=5 10 10 7 5 12 6 10 28 24 7 23 25 2 8 8 10 8 12 23 27 28 7 22 27 9 5 7 24 1
split_gain=1.41992 4.19119 5.16943 12.0299 5.6375 4.9177 4.26585 4.01267 5.23488 3.70163 3.55281 5.78266 2.84101 2.22559 2.1868 7.91519 8.58105 16.542 8.30647 7.89645 10.0105 9.68426 8.05851 7.60343 13.2978 5.97863 5.90054 5.7723 5.73342 6.81685
threshold=-4.0950000286102286 0.3793999999761582 0.98295000195503246 1016.9500122070314 -4.694999933242797 -0.56175000965595234 372.50000000000006 0.91595000028610241 48.500000000000007 391.25000000000006 1015.8500061035157 53.500000000000007 6.3500001430511483 5.7650001049041757 105.50000000000001 137.50000000000003 0.3793999999761582 172.50000000000003 1.0000000180025095e-35 58.500000000000007 9.0500001907348651 49.500000000000007 1023.4500122070314 8.5500001907348651 12.550000190734865 -0.91595000028610218 -1.1950000524520872 1016.1499938964845 59.584999084472663 81.500000000000014
decision_type=2 2 2 2 2 2 2 2 2 2 2 2 2 2 2 2 2 2 2 2 2 2 2 2 2 2 2 2 2 2
left_child=1 5 6 4 -4 9 7 -3 -9 -1 11 -8 -12 -11 19 25 28 18 -18 23 -21 -22 -23 24 -2 -16 -27 -25 29 -17
right_child=14 2 3 -5 -6 -7 10 8 -10 13 12 -13 -14 -15 15 16 17 -19 -20 20 21 22 -24 27 -26 26 -28 -29 -30 -31
leaf_value=0.0089811712918567033 -0.0075977846890816162 6.106937982777292e-05 -0.0076413117349147797 -0.030578060150146486 0.025946171215751712 0.0058269774386370057 -0.011224592853206816 -2.4722395385533628e-05 0.033212770273288089 -0.0015461716809964856 -0.011947760445997119 -2.4722395385533628e-05 -2.4722395385533628e-05 -0.012342499730066729 0.0053085367893800145 0.012597971616634382 -0.006676491564856126 0.044601922333240507 0.020299486931827333 0.0010206441255133231 0.0038287424165704418 0.010168551034846549 0.036096416600048545 -0.0013105253992444601 -0.0013105253992444601 -0.0028862887407029476 -0.015310446915374892 0.0010206441255133231 -0.00097680586958436878 0.0026728742184070095
leaf_weight=72 1006 129 15.999999999999998 14.999999999999998 57 702 285 18 24 250 50 89 201 59 80 211 78 30 45 1838 502 472 32 1139 1147 174 212 4641 6310 70
leaf_count=48 520 61 14 15 32 411 185 12 10 207 50 34 114 57 38 75 33 12 18 875 208 176 13 605 446 83 97 2578 3023 30
internal_value=-1.58413e-05 0.00125961 -0.001295 0.0102045 0.0185845 0.00334481 -0.0025663 0.00443144 0.0178547 -0.00122862 -0.00448089 -0.00757011 -2.47224e-05 -0.00360761 -0.000155321 -0.000829346 -0.000393867 0.0113122 0.00319277 0.000295614 0.00255604 0.00663684 0.0118148 -0.000514755 -0.00305104 -0.00713164 -0.00970992 0.000429989 -0.000665606 0.00632255
internal_weight=19954 1967 884 88 73 1083 796 171 42 381 625 374 251 309 17987 7210 6744 153 123 10777 2844 1006 504 7933 2153 466 386 5780 6591 281
internal_count=10080 1250 527 61 46 723 466 83 22 312 383 219 164 264 8830 3409 3191 63 51 5421 1272 397 189 4149 966 218 180 3183 3128 105
is_linear=0
shrinkage=0.05


Tree=260
num_leaves=31
num_cat=0
split_feature=5 0 27 7 1 8 8 7 9 7 5 7 7 1 8 5 28 6 26 7 4 8 1 8 24 21 3 25 11 7
split_gain=1.75493 5.66404 4.73086 8.2992 28.7184 10.9179 7.29431 6.97745 5.16033 5.07885 4.14451 7.50271 11.9035 11.6232 19.4761 8.88691 20.6374 24.722 7.83139 8.30545 7.64579 11.4975 10.1822 7.28878 5.81202 5.74579 4.96765 4.13671 3.9242 3.84857
threshold=-0.095000002533197389 27.849999427795414 13.650000095367433 1017.8500061035157 81.500000000000014 41.500000000000007 473.50000000000006 1017.8500061035157 1.0000000180025095e-35 1013.8500061035157 -2.3449999094009395 1021.1499938964845 1019.8500061035157 63.500000000000007 1.5000000000000002 -2.254999995231628 61.500000000000007 632.50000000000011 22.150000572204593 1019.6499938964845 -1.705000042915344 344.50000000000006 63.500000000000007 653.50000000000011 80.415000915527358 22.849999427795414 38.500000000000007 17.650000572204593 -0.60784998536109913 1016.6499938964845
decision_type=2 2 2 2 2 2 2 2 2 2 2 2 2 2 2 2 2 2 2 2 2 2 2 2 2 2 2 2 2 2
left_child=10 2 3 4 29 -6 8 9 -5 -4 24 12 18 23 -15 16 17 -13 19 -12 22 -22 -17 -14 -1 26 28 -8 -26 -2
right_child=1 -3 7 6 5 -7 27 -9 -10 -11 11 15 13 14 -16 20 -18 -19 -20 -21 21 -23 -24 -25 25 -27 -28 -29 -30 -31
leaf_value=0.01578129825019647 0.0020202764594185229 0.020530104653961545 0.0020202764594185229 0.0020202764594185229 -0.007625017331084484 -0.024094200816485417 -0.0069810184037750484 0.0020202764594185229 -0.00052430164791879231 0.010588055195150478 -0.0023208914919762699 -0.01516456579495924 -0.014934484077536543 -0.0033294805493080553 -0.017236334999876198 -0.0031062058104133167 0.0090551282134320992 -0.082843543040124992 0.0095178282482938914 0.0040838093894408917 0.0015448279943194216 -0.011238161174426836 0.013887263942366893 0.017142108711716418 0.0016538558356114664 0.0081503786260404536 0.0018611012365245235 0.0020202764594185229 -0.0020649531146581116 -0.0072533501692116269
leaf_weight=63 434 36 60 2338 263 163 415 566 2095 328 2385 24 23 746 380 135 45 19 177 225 1886 194 254 77 1000 142 2768 150 2441 125
leaf_count=26 195 13 30 1142 157 101 258 220 1104 142 1114 13 12 309 165 65 21 10 62 87 770 82 121 27 568 56 1594 50 1497 70
internal_value=0.00010886 0.000748663 0.000646006 0.000124608 -0.00407017 -0.0139266 0.00095131 0.00391594 0.00163324 0.00935468 -0.000234743 -0.00111738 -0.00246612 -0.0065719 -0.00802274 0.000999346 -0.0146141 -0.0393843 -0.00065999 -0.00135021 0.00155584 0.000352568 0.00798979 0.00976449 0.000669365 0.000519459 0.000284238 -0.00439912 -0.000984218 0.00202028
internal_weight=19957 6973 6937 5983 985 426 4998 954 4433 388 12984 6570 4013 1226 1126 2557 88 43 2787 2610 2469 2080 389 100 6414 6351 6209 565 3441 559
internal_count=10081 3482 3469 3077 523 258 2554 392 2246 172 6599 2858 1776 513 474 1082 44 23 1263 1201 1038 852 186 39 3741 3715 3659 308 2065 265
is_linear=0
shrinkage=0.05


Tree=261
num_leaves=31
num_cat=0
split_feature=5 0 12 1 27 11 8 1 24 10 0 27 0 9 3 5 10 12 26 29 1 24 9 8 11 11 1 4 12 24
split_gain=1.67643 5.09357 4.07059 13.8462 15.2687 9.76171 7.14632 7.0282 5.41859 4.42512 21.7029 5.90006 7.96871 5.37211 4.44967 3.95294 8.4362 52.4151 18.0072 14.6083 6.57529 17.2876 9.18297 9.12838 8.98292 8.88413 4.2066 11.0415 6.50517 5.76548
threshold=-0.095000002533197389 27.849999427795414 -0.56175000965595234 89.500000000000014 9.2500000000000018 1.0000000180025095e-35 208.50000000000003 56.500000000000007 185.41500091552737 -0.98295000195503224 20.349999427795414 12.150000095367433 20.849999427795414 -0.78654998540878285 117.50000000000001 -1.6850000023841856 -0.98295000195503224 0.81174999475479137 19.94999980926514 11.150000095367433 67.500000000000014 467.08500671386724 0.78654998540878307 401.50000000000006 -1.0000000180025095e-35 -1.0000000180025095e-35 88.500000000000014 -2.9850000143051143 -0.56175000965595234 80.415000915527358
decision_type=2 2 2 2 2 2 2 2 2 2 2 2 2 2 2 2 2 2 2 2 2 2 2 2 2 2 2 2 2 2
left_child=15 2 3 4 7 -5 -6 -2 -7 10 -4 13 -13 -11 -12 26 17 19 -19 -17 23 22 -22 -18 -23 -25 29 -28 -29 -1
right_child=1 -3 9 5 6 8 -8 -9 -10 11 14 12 -14 -15 -16 16 20 18 -20 -21 21 24 -24 25 -26 -27 27 28 -30 -31
leaf_value=0.010022340712212299 -0.025129502113251125 0.019503600005474356 -0.039834968203848062 0.0039798937661394687 0.010075502440552017 -0.0034450817709931964 0.0024825083652317056 -0.0020563580419499668 -0.022175235574133697 0.002968666231128546 -0.014725201819901883 0.002968666231128546 0.0099511709148740225 -0.00068020635210143887 0.010075502440552017 -0.022505687798062959 -0.0068571758483137405 -0.08679191782915345 -0.024880335868700691 0.021249014500242015 0.0021049845912041415 -0.0041946388819092979 -0.0035484364005628332 -0.0040569528350019243 -0.012944829506372477 0.012576759277425451 0.028963080850931317 -0.0028387290331449849 0.0040887027541857543 -0.00033975569367454116
leaf_weight=137 34 36 22 73 407 52 96 1127 150 1075 23 148 496 3067 167 27 140 24 23 65 1889 319 1159 111 471 290 39 481 1147 6662
leaf_count=59 28 13 22 33 155 28 32 555 100 519 11 71 212 1625 78 16 54 15 9 24 779 138 528 42 196 108 18 357 713 3543
internal_value=0.000119424 0.000744755 0.000647405 -0.00129716 0.000420499 -0.0116905 0.00769707 -0.00273206 -0.0173536 0.00140181 0.00847072 0.00108868 0.00554088 0.000396455 0.0100755 -0.000216407 -0.00141065 -0.0135376 -0.0564948 0.00840796 -0.00102571 -0.00175313 -4.4725e-05 0.00413481 -0.00834455 0.00797242 0.000420917 0.00267179 0.00204196 -0.000130959
internal_weight=19957 6973 6937 1939 1664 275 503 1161 202 4998 212 4786 644 4142 190 12984 4518 139 47 92 4379 3838 3048 541 790 401 8466 1667 1628 6799
internal_count=10081 3482 3469 931 770 161 187 583 128 2538 111 2427 283 2144 89 6599 1909 64 24 40 1845 1641 1307 204 334 150 4690 1088 1070 3602
is_linear=0
shrinkage=0.05


Tree=262
num_leaves=31
num_cat=0
split_feature=5 0 12 1 27 11 8 1 1 10 0 10 3 4 18 5 10 12 7 1 4 7 1 27 8 4 24 18 1 4
split_gain=1.49257 4.59846 3.71001 12.4657 13.6511 8.80995 6.71315 6.34295 4.99725 4.37422 19.6586 5.01542 7.48091 7.25711 4.01563 3.52938 7.626 47.3047 25.791 13.4514 8.39082 6.24776 12.245 24.2345 11.7688 8.07553 9.433 6.23001 3.79645 9.96499
threshold=-0.095000002533197389 27.849999427795414 -0.56175000965595234 89.500000000000014 9.2500000000000018 1.0000000180025095e-35 208.50000000000003 56.500000000000007 94.500000000000014 -0.98295000195503224 20.349999427795414 -0.6035499870777129 219.50000000000003 -4.4349999427795401 4.6499998569488534 -1.6850000023841856 -0.98295000195503224 0.81174999475479137 1022.3500061035157 77.500000000000014 -0.11499999836087225 1021.0499877929689 67.500000000000014 8.8499999046325701 401.50000000000006 -1.2150000333786009 467.08500671386724 3.0499999523162846 88.500000000000014 -2.9850000143051143
decision_type=2 2 2 2 2 2 2 2 2 2 2 2 2 2 2 2 2 2 2 2 2 2 2 2 2 2 2 2 2 2
left_child=15 2 3 4 7 -5 -6 -2 -7 10 -4 12 -11 -13 -12 28 17 19 -19 -17 -21 22 24 -24 -18 27 -27 -23 -1 -30
right_child=1 -3 9 5 6 8 -8 -9 -10 11 14 13 -14 -15 -16 16 21 18 -20 20 -22 25 23 -25 -26 26 -28 -29 29 -31
leaf_value=-0.00012441125048790898 -0.023873027052511188 0.01852841918460197 -0.037843219563364984 0.0037808989901861102 0.0095702528722732046 -0.022212861255022951 0.0023351511616581974 -0.0019535401808586554 -0.0056865771906450396 -0.0037279061169211408 -0.004843140280718217 -0.052991058429082243 0.0063284673756517189 0.0020439203371330973 0.0095702528722732046 -0.020191790002944143 -0.0087685493392902509 -0.094882807242018849 -0.020382773331724682 0.0041066243587171329 0.040716980140784696 -0.0041274537507822546 -0.014131175868605312 -0.001242608242565357 0.0099482479951925416 0.0010859033704196759 -0.011740410028013794 0.013130340862726034 0.027514926707133271 0.0019398634861570502
leaf_weight=6799 34 36 22 73 407 132 96 1127 70 961 64 5.9999999999999991 229 3590 126 29 114 21 26 34 29 69 475 1571 319 1456 159 216 39 1628
leaf_count=3602 28 13 22 33 155 78 32 555 50 529 29 6 122 1770 60 15 41 14 10 14 11 33 206 713 112 575 68 97 18 1070
internal_value=0.00011454 0.000704584 0.000612087 -0.00124435 0.000385428 -0.011106 0.00726576 -0.00259545 -0.0164859 0.0013323 0.00836045 0.00102098 -0.00179269 0.00195209 0.00957025 -0.00020234 -0.00133079 -0.0128607 -0.05367 0.00798756 0.020959 -0.0009648 -0.00261822 -0.00423482 0.0050205 0.00119248 -0.000176873 0.00895214 0.000399871 0.0025382
internal_weight=19957 6973 6937 1939 1664 275 503 1161 202 4998 212 4786 1190 3596 190 12984 4518 139 47 92 63 4379 2479 2046 433 1900 1615 285 8466 1667
internal_count=10081 3482 3469 931 770 161 187 583 128 2538 111 2427 651 1776 89 6599 1909 64 24 40 25 1845 1072 919 153 773 643 130 4690 1088
is_linear=0
shrinkage=0.05


Tree=263
num_leaves=31
num_cat=0
split_feature=5 0 12 1 27 11 1 8 10 0 27 0 17 6 3 5 10 12 26 8 4 4 4 12 27 8 11 5 21 1
split_gain=1.37509 4.14574 3.4283 11.3379 15.7752 10.5731 8.24557 6.60458 4.41737 17.8097 4.89125 7.426 6.91543 4.30787 3.49856 3.23503 11.4531 39.8165 20.2959 14.4046 15.714 6.07913 7.78586 10.7262 7.16815 7.13072 5.57287 5.26302 4.42209 12.3915
threshold=-0.095000002533197389 27.849999427795414 -0.56175000965595234 88.500000000000014 9.2500000000000018 1.0000000180025095e-35 53.500000000000007 208.50000000000003 -0.98295000195503224 20.349999427795414 12.150000095367433 20.849999427795414 0.10050000250339509 292.50000000000006 117.50000000000001 -2.3449999094009395 -0.98295000195503224 0.81174999475479137 19.94999980926514 339.50000000000006 0.56499999761581432 -2.9850000143051143 -1.8450000286102293 0.81174999475479137 6.5499999523162851 520.50000000000011 -0.87834998965263356 -1.955000042915344 22.849999427795414 76.500000000000014
decision_type=2 2 2 2 2 2 2 2 2 2 2 2 2 2 2 2 2 2 2 2 2 2 2 2 2 2 2 2 2 2
left_child=15 2 3 4 6 -5 -2 -6 9 -4 12 -12 -10 -7 -11 28 17 19 -19 -17 -21 25 23 -23 -24 26 -18 -27 -1 -30
right_child=1 -3 8 5 7 13 -8 -9 10 14 11 -13 -14 -15 -16 16 21 18 -20 20 -22 22 24 -25 -26 27 -28 -29 29 -31
leaf_value=0.00040477986415236931 -0.032850723383440215 0.017601998812622494 -0.03595105919309638 0.0050807578641030452 0.0090962254593438454 -0.010467958327719552 -0.0019419437301548767 0.0029887514125662737 -0.0049765795517116998 -0.01342741686687627 0.0026816658212523827 0.0090962254593438454 0.0011247930333347196 -0.024766248255968095 0.0090962254593438454 0.020917754376476461 -0.035361999557131811 -0.082755526348948491 -0.02023480769108843 0.0015606421539012124 -0.050732250064611441 0.0084996933204658405 -0.0077505323850676757 -0.003650073461696832 -0.0003495884605414135 -0.0094039408109066174 -0.008724249689685588 0.0055438552574997545 0.023542967857792974 0.0047768995565686621
leaf_weight=6266 22 36 22 92 354 177 1123 96 533 23 148 496 3609 75 167 55 21 25 27 51 20 539 352 274 4638 88 302 178 96 52
leaf_count=3682 16 13 22 43 134 120 555 32 321 11 71 212 1823 31 78 22 10 16 11 25 11 216 174 118 2003 43 139 70 33 26
internal_value=0.000111931 0.000678279 0.000590452 -0.00119412 0.000581491 -0.00942694 -0.00253582 0.00851333 0.00128278 0.00834551 0.000969935 0.00502367 0.000339657 -0.0147234 0.00909623 -0.000192223 -0.000972029 -0.013482 -0.0502928 0.00170972 -0.0131698 -0.000623659 -0.000132408 0.00440494 -0.000871659 -0.00546361 -0.0104561 0.00059872 0.000606549 0.00914902
internal_weight=19957 6973 6937 1939 1595 344 1145 450 4998 212 4786 644 4142 252 190 12984 6570 178 52 126 71 6392 5803 813 4990 589 323 266 6414 148
internal_count=10081 3482 3469 931 737 194 571 166 2538 111 2427 283 2144 151 89 6599 2858 85 27 58 36 2773 2511 334 2177 262 149 113 3741 59
is_linear=0
shrinkage=0.05


Tree=264
num_leaves=31
num_cat=0
split_feature=3 1 6 18 11 5 11 23 27 18 8 1 8 4 4 14 7 3 7 7 10 24 28 26 7 1 7 7 26 23
split_gain=1.31929 2.6088 3.10458 2.15424 1.99088 1.46145 3.63988 17.1395 13.5425 9.81867 6.55459 17.6689 10.6143 9.74942 6.74817 6.00607 5.97826 5.85808 3.70474 2.83018 9.91914 18.9093 18.1243 10.361 10.2167 10.0501 6.41064 5.45344 9.38961 6.64924
threshold=1.0000000180025095e-35 84.500000000000014 617.50000000000011 11.449999809265138 -1.0000000180025095e-35 -0.095000002533197389 0.60784998536109935 78.500000000000014 4.0499999523162851 14.650000095367433 38.500000000000007 82.500000000000014 20.500000000000004 -1.314999997615814 2.5649999380111699 55.000000000000007 1019.8500061035157 228.50000000000003 1021.2500000000001 1019.8500061035157 -0.91595000028610218 59.584999084472663 24.500000000000004 12.84999990463257 1021.0499877929689 66.500000000000014 1021.5499877929689 1019.6499938964845 29.300000190734867 73.500000000000014
decision_type=2 2 2 2 2 2 2 2 2 2 2 2 2 2 2 2 2 2 2 2 2 2 2 2 2 2 2 2 2 2
left_child=1 2 -1 4 -3 19 10 9 -9 15 12 18 14 -13 -7 -8 -10 -14 -12 27 21 23 -23 -21 25 -22 -26 28 -2 -29
right_child=5 3 -4 -5 -6 6 7 8 16 -11 11 13 17 -15 -16 -17 -18 -19 -20 20 24 22 -24 -25 26 -27 -28 29 -30 -31
leaf_value=0.018963088615176579 -0.0001001501738948836 -0.0026962937389970747 0.0017043981439711757 0.0047437610270987668 -0.02484345557789008 0.00024966658410808439 0.00079250384060849824 0.0067889785579158188 0.017535757477961333 0.0067889785579158188 0.0016473932938735518 0.00026467187813034764 0.005173502380530986 -0.015826209242249034 0.010086083116159553 -0.0067987450187171243 0.038448854739015756 0.026911687142536292 -0.003183138187310842 -0.001831872659065481 0.0073204840953042223 -0.065088435808817555 -0.0094125893157151058 0.01541013873049191 0.0069404824207035393 -0.0052703042141799064 0.00048138517342264471 0.0016085741819920518 0.021018581426227992 0.016496485152414867
leaf_weight=48 7585 28 57 56 14.999999999999998 2580 1003 115 153 124 1267 135 63 311 187 352 44 61 578 54 182 14.999999999999998 573 140 468 1227 2144 227 53 112
leaf_count=30 4147 20 24 45 8 1249 546 47 73 53 550 72 39 193 126 177 15 26 316 24 84 11 281 51 206 556 946 101 20 45
internal_value=0.000103444 0.00410376 0.00959409 -0.00171932 -0.0101363 6.21302e-05 0.000644369 0.00258751 0.013237 0.000340967 -2.72185e-05 -0.0020248 0.00155579 -0.0109557 0.000914433 -0.00117954 0.0222067 0.0158673 0.000134089 -0.00025555 -0.00121445 -0.00636691 -0.0108329 0.00716915 -0.00021241 -0.00364396 0.00163868 0.000321813 4.63925e-05 0.00652729
internal_weight=19957 204 105 99 43 19753 6973 1791 312 1479 5182 2291 2891 446 2767 1355 197 124 1845 12780 4803 782 588 194 4021 1409 2612 7977 7638 339
internal_count=10081 127 54 73 28 9954 3482 911 135 776 2571 1131 1440 265 1375 723 88 65 866 6472 2159 367 292 75 1792 640 1152 4313 4167 146
is_linear=0
shrinkage=0.05


Tree=265
num_leaves=23
num_cat=0
split_feature=3 3 7 0 7 11 6 3 5 24 5 3 10 5 22 25 28 10 11 1 2 7
split_gain=1.6336 1.70835 6.45675 1.7059 1.66334 2.94107 3.61294 1.54745 6.2272 5.18853 4.46201 2.61159 8.60092 4.21854 1.45666 2.79152 2.10718 1.10358 1.3368 1.05567 0.415408 0.0331893
threshold=1.0000000180025095e-35 1.5000000000000002 1021.5499877929689 32.899999618530281 1014.4500122070314 1.0000000180025095e-35 547.50000000000011 18.500000000000004 -1.5049999952316282 473.75000000000006 -1.6050000190734861 38.500000000000007 -0.91595000028610218 -2.3449999094009395 10.250000000000002 8.5500001907348651 28.500000000000004 -0.91595000028610218 -0.60784998536109913 90.500000000000014 2.2949999570846562 1019.3500061035157
decision_type=2 2 2 2 2 2 2 2 2 2 2 2 2 2 2 2 2 2 2 2 2 2
left_child=14 2 4 7 -2 6 -6 8 10 -10 -3 12 -9 -13 16 21 -1 -18 -19 -7 -17 -16
right_child=1 3 -4 -5 5 19 -8 11 9 -11 -12 13 -14 -15 15 20 17 18 -20 -21 -22 -23
leaf_value=-0.019411108394463861 -0.014554180383034375 0.0007672257693422098 -0.037432906244482311 0.015900875649908008 0.017046945782280283 -0.0048625220982905703 -0.0030009444921531465 -0.014055207771835505 0.0079780370991594778 -0.0093137021859486906 -0.014485691122862757 0.0018260291957145768 -0.00093187890865353341 -0.00030167457705495296 0.0044760699267530233 0.023256439918821509 0.0044760699267530233 0.0044760699267530233 -0.0082930152743989453 -0.02043722369708121 0.013744495250284672 0.011384878052734179
leaf_weight=11.999999999999998 23 2232 13.999999999999998 17 38 34 55 135 170 45 49 2867 1661 12428 46 22 48 24.999999999999996 22.000000000000004 15.999999999999998 24 12.999999999999998
leaf_count=5 17 1388 7 7 22 21 34 70 70 17 24 1632 781 5863 45 10 22 14 12 15 11 9
internal_value=7.12007e-05 2.44184e-05 -0.00482442 6.89394e-05 -0.00207431 -6.70583e-05 0.00519067 5.51985e-05 0.00121813 0.00797804 0.000439566 -0.000114639 -0.00191832 9.71569e-05 0.00443697 0.00862084 0.0003313 0.00282508 -0.00353707 -0.00984643 0.0182937 0.00447607
internal_weight=19996 19784 180 19604 166 143 93 19587 2496 215 2281 17091 1796 15295 212 105 107 95 47 50 46 59
internal_count=10096 9968 116 9852 109 92 56 9845 1499 87 1412 8346 851 7495 128 75 53 48 26 36 21 54
is_linear=0
shrinkage=0.05


Tree=266
num_leaves=22
num_cat=0
split_feature=3 3 7 11 2 7 0 7 7 6 1 11 1 18 25 5 5 10 25 21 7
split_gain=1.44495 1.54365 5.82721 1.56232 2.16086 2.00249 1.539 1.46484 3.54492 6.78436 3.32747 3.82665 2.18337 1.26783 2.32209 2.01946 1.44455 0.890091 0.403126 0.203152 0.0556994
threshold=1.0000000180025095e-35 1.5000000000000002 1021.5499877929689 0.87834998965263378 2.8750000000000004 1014.1499938964845 32.899999618530281 1024.7500000000002 1023.4500122070314 432.50000000000006 95.500000000000014 -0.60784998536109913 46.500000000000007 10.84999990463257 8.5500001907348651 -2.8649998903274532 -0.50499999523162831 0.91595000028610241 7.6499998569488534 9.1500000953674334 1019.3500061035157
decision_type=2 2 2 2 2 2 2 2 2 2 2 2 2 2 2 2 2 2 2 2 2
left_child=13 2 3 4 -2 -6 7 8 12 -10 11 -9 -3 15 20 18 -17 -12 19 -1 -15
right_child=1 6 -4 -5 5 -7 -8 10 9 -11 17 -13 -14 14 -16 16 -18 -19 -20 -21 -22
leaf_value=-0.0070663079885499806 0.014913734421133995 -0.0044440943088072038 -0.03556126079389027 -0.016822657734155654 -0.018739422155982434 -0.00033328056137646195 0.015105831781950067 -0.0090294716309027787 0.0058745680253508986 -0.00096800976585222163 -0.0062469282796463145 -5.5905639430129797e-05 3.9947839571293512e-05 0.0047286613028000518 0.018672140667567384 -0.014537116153924555 0.0009539082208100488 -0.018616925812128819 0.0047286613028000518 0.00090126970354853302 0.01161287335249094
leaf_weight=14.000000000000002 20 276 13.999999999999998 15.999999999999998 17 113 17 133 744 706 26 1113 16556 41 37 27 34 33 34 11.999999999999998 12.999999999999998
leaf_count=14 9 142 7 9 12 79 7 67 330 340 10 530 8414 40 18 11 12 12 13 11 9
internal_value=6.99775e-05 2.59791e-05 -0.0045832 -0.00197059 -0.000386375 -0.00274024 6.82997e-05 5.52483e-05 0.000170773 0.00254294 -0.00156316 -0.00101376 -3.35785e-05 0.00417593 0.0086346 0.000822721 -0.00590277 -0.0131657 0.00472866 -0.00292612 0.00472866
internal_weight=19996 19784 180 166 150 130 19604 19587 18282 1450 1305 1246 16832 212 91 121 61 59 60 26 54
internal_count=10096 9968 116 109 100 91 9852 9845 9226 670 619 597 8556 128 67 61 23 22 38 25 49
is_linear=0
shrinkage=0.05


Tree=267
num_leaves=29
num_cat=0
split_feature=3 3 7 3 5 29 27 5 7 12 3 10 7 2 5 1 7 11 2 7 10 1 18 28 11 1 24 10
split_gain=1.32553 1.39315 5.25906 1.43882 6.12982 9.44654 5.25432 4.05264 2.74064 2.61012 2.07461 7.92522 12.7849 7.09333 3.89869 8.12853 4.80546 1.40999 1.95018 1.80724 1.33072 1.2438 2.66017 1.3602 1.31837 0.883931 0.652457 0.189679
threshold=1.0000000180025095e-35 1.5000000000000002 1021.5499877929689 18.500000000000004 -1.5049999952316282 10.050000190734865 12.949999809265138 -1.6050000190734861 1013.3500061035157 1.0000000180025095e-35 38.500000000000007 -0.91595000028610218 1017.1499938964845 3.2949999570846562 -2.1450001001358028 88.500000000000014 1020.5499877929689 0.87834998965263378 2.8750000000000004 1014.1499938964845 0.60354998707771312 84.500000000000014 4.8500001430511483 42.500000000000007 1.0000000180025095e-35 87.500000000000014 380.41499328613287 0.3793999999761582
decision_type=2 2 2 2 2 2 2 2 2 2 2 2 2 2 2 2 2 2 2 2 2 2 2 2 2 2 2 2
left_child=21 2 17 4 7 6 -6 8 -3 -7 11 12 -5 -13 15 -12 -16 18 -2 -20 -9 22 -1 25 -24 -23 27 -27
right_child=1 3 -4 10 5 9 -8 20 -10 -11 14 13 -14 -15 16 -17 -18 -19 19 -21 -22 23 24 -25 -26 26 -28 -29
leaf_value=-0.0035141620678561074 0.014168047085404395 -0.0045217582147835753 -0.033783197615827834 0.018149433585886773 -0.0098683709073263941 0.013133145748607576 0.0093054276707665359 -0.024611869537168082 0.0013201915811744075 0.028952549182706414 0.00033525964587767282 0.0034784979518735788 -0.020870456118307529 -0.0032697932010081997 -0.0012994849011187855 0.0064182122321853087 0.00070475290922105424 -0.015981524437665939 -0.017802451594787487 -0.00031661649968112464 -0.0075198317487393659 -0.013297458606607774 0.0070662926309383841 0.0098058947568966295 0.02064524877703551 0.0032955159100855145 -0.0083973939737512007 -0.0012709484921525356
leaf_weight=35 20 223 13.999999999999998 26 68 62 40 18 2013 45 2632 620 109 1047 6186 694 5790 15.999999999999998 17 113 31 17 39 27 33 20 18 23
leaf_count=16 9 141 7 14 31 21 15 11 1249 20 1385 267 56 516 2923 464 2726 9 12 79 13 12 19 16 19 16 18 12
internal_value=6.68212e-05 2.46802e-05 -0.00435404 6.48847e-05 0.0011853 0.00925668 -0.00117531 0.000425849 0.000737564 0.0197862 -9.88804e-05 -0.00170355 -0.0133555 -0.000759931 9.00894e-05 0.00160452 -0.000330502 -0.00187207 -0.000367056 -0.00260323 -0.0137985 0.00399945 0.0077933 0.000133332 0.01329 -0.00321486 -0.000404959 0.00294071
internal_weight=19996 19784 180 19604 2500 215 108 2285 2236 107 17104 1802 135 1667 15302 3326 11976 166 150 130 49 212 107 105 72 78 61 43
internal_count=10096 9968 116 9852 1501 87 46 1414 1390 41 8351 853 70 783 7498 1849 5649 109 100 91 24 128 54 74 38 58 46 28
is_linear=0
shrinkage=0.05


Tree=268
num_leaves=31
num_cat=0
split_feature=7 11 1 9 18 28 7 5 29 11 28 3 1 7 0 3 3 21 23 11 18 28 27 7 5 7 1 17 28 18
split_gain=1.2979 3.05238 3.51662 2.95679 3.0825 4.98925 2.85219 6.49492 6.40942 8.26425 7.16009 4.81342 3.92342 2.30667 2.28058 2.1802 1.72421 5.65945 9.7878 4.65325 6.35421 3.42778 3.19279 2.07371 3.75244 3.70392 1.63795 1.85065 1.44066 1.35047
threshold=1024.7500000000002 -0.60784998536109913 95.500000000000014 0.91595000028610241 2.9500000476837163 65.500000000000014 1023.4500122070314 -2.754999995231628 7.3500001430511483 0.60784998536109935 49.500000000000007 210.50000000000003 71.500000000000014 1027.1499633789065 20.150000572204593 56.500000000000007 18.500000000000004 22.849999427795414 55.500000000000007 -0.60784998536109913 9.1500000953674334 42.500000000000007 0.65000000596046459 1022.7500000000001 1.8450000286102297 1022.4500122070314 81.500000000000014 0.10850000008940698 50.500000000000007 7.0499999523162851
decision_type=2 2 2 2 2 2 2 2 2 2 2 2 2 2 2 2 2 2 2 2 2 2 2 2 2 2 2 2 2 2
left_child=6 14 3 4 5 -3 16 -8 10 28 15 -11 -12 -6 -2 -9 17 19 -19 20 -1 -21 -18 25 -25 -24 -5 -28 -10 -16
right_child=1 2 -4 26 13 -7 7 8 9 11 12 -13 -14 -15 29 -17 22 18 -20 21 -22 -23 23 24 -26 -27 27 -29 -30 -31
leaf_value=-0.0020494997883484809 -0.023757930099964145 -0.013710251090026672 -0.012542691274340882 -0.018317373814406217 0.0017967526683123761 -0.0010380857394423565 -0.015800801555936536 -0.021061375856399538 0.0042429663228707656 0.0084578614054101244 -0.002065056168364924 0.025094556878594795 0.0042429663228707656 0.016167193599816027 -0.0097367396427167439 -0.0054130534070264092 -0.040175170302391053 0.0070964499841559212 0.032974709357534139 -0.003422730895001733 0.0070964499841559212 0.0010277853170202837 -0.00019345867734561523 -0.0042130671326440433 0.0034885227953180158 0.0049678774115548621 -0.01331307189805167 0.0013432491570711136 0.014293241630429807 0.0018593912257959967
leaf_weight=294 21 93 59 27 753 124 48 25 226 89 229 85 515 29 74 203 4.9999999999999991 48 42 703 529 1125 13199 716 203 357 35 56 46 38
leaf_count=180 11 43 22 9 343 89 27 10 88 32 120 33 247 12 37 98 3 22 14 524 306 632 6455 347 127 189 14 22 21 19
internal_value=6.41344e-05 -0.00145788 -0.000645908 -1.75195e-05 0.000866602 -0.00440584 0.00017075 0.0022879 0.00290021 0.00786279 0.000623146 0.016585 0.00299877 0.00232967 -0.00863743 -0.00712888 -9.48055e-06 0.00114043 0.0134711 0.000721814 0.0038438 -0.000683764 -0.000227154 -0.000213355 -0.00251185 -5.75338e-05 -0.00750258 -0.0042938 0.00424297 -0.00580234
internal_weight=19996 1309 1176 1117 999 217 18687 1466 1418 446 972 174 744 782 133 228 17221 2741 90 2651 823 1828 14480 14475 919 13556 118 91 272 112
internal_count=10096 621 554 532 487 132 9475 676 649 174 475 65 367 355 67 108 8799 1678 36 1642 486 1156 7121 7118 474 6644 45 36 109 56
is_linear=0
shrinkage=0.05


Tree=269
num_leaves=25
num_cat=0
split_feature=28 7 10 23 11 10 28 12 7 7 6 10 18 10 16 18 1 5 10 11 10 24 6 28
split_gain=1.21561 1.12164 3.14402 7.54217 5.77767 4.5744 4.06985 6.68117 3.97323 2.57378 6.26763 7.45721 8.12409 6.65417 4.11006 2.53426 1.85115 1.6652 7.85683 15.348 5.37976 4.30468 4.00719 1.00371
threshold=150.50000000000003 1024.7500000000002 -0.98295000195503224 63.500000000000007 1.0000000180025095e-35 -0.91595000028610218 64.500000000000014 1.0000000180025095e-35 1026.7500000000002 1023.4500122070314 432.50000000000006 0.60354998707771312 9.2500000000000018 -0.98295000195503224 0.20700000226497653 2.9500000476837163 69.500000000000014 -2.3449999094009395 -0.91595000028610218 -1.0000000180025095e-35 -0.37939999997615809 80.415000915527358 567.50000000000011 49.500000000000007
decision_type=2 2 2 2 2 2 2 2 2 2 2 2 2 2 2 2 2 2 2 2 2 2 2 2
left_child=1 9 3 8 -5 15 7 -7 -3 17 14 13 -13 -12 23 -4 -8 21 19 -19 -20 -1 -23 -11
right_child=-2 2 5 4 -6 6 16 -9 -10 10 11 12 -14 -15 -16 -17 -18 18 20 -21 -22 22 -24 -25
leaf_value=0.0060650169150112815 0.012083071896008083 -0.013554321006643322 -0.010822615918257963 -0.013554321006643322 0.0060650169150112815 -0.0020895664025059849 0.00016809599295415279 -0.01644381602983112 -0.045876099256908193 0.0021081853588645872 -0.01514666309130603 -0.021164881569497727 0.0021081853588645872 0.0021081853588645872 0.0060650169150112815 0.0060650169150112815 0.0060650169150112815 0.0015812167583911148 0.0019005828098726523 -0.010044069077568225 -0.00068607526947156363 0.0015431417879464455 -0.0010255065236025273 0.0040866011369379346
leaf_weight=60 21 18 23 21 32 682 202 92 17 283 58 85 33 546 360 137 85 558 2823 578 6981 3543 2657 101
leaf_count=23 7 9 10 14 11 289 135 38 12 125 30 44 16 256 153 60 43 250 1395 315 3183 2084 1542 52
internal_value=5.96024e-05 4.69619e-05 -0.00136789 -0.0104955 0.00139968 -0.000710036 -0.00191006 -0.00379576 -0.0285083 0.000146182 0.00215725 -0.00116148 -0.012658 0.00108453 0.00537785 0.00606502 0.00317541 -2.5227e-05 -0.000397377 -0.00433376 5.87366e-05 0.000625143 0.000442352 0.00210819
internal_weight=19996 19975 1309 88 53 1221 1061 774 35 18666 1466 722 118 604 744 160 287 17200 10940 1136 9804 6260 6200 384
internal_count=10096 10089 621 46 25 575 505 327 21 9468 676 346 60 286 330 70 178 8792 5143 565 4578 3649 3626 177
is_linear=0
shrinkage=0.05


Tree=270
num_leaves=31
num_cat=0
split_feature=8 22 25 9 1 11 7 4 7 6 23 0 5 8 8 28 7 27 8 28 23 22 21 26 7 7 8 11 8 25
split_gain=1.37109 6.70549 13.305 8.27894 15.1337 7.21542 6.64277 6.01784 5.54362 5.05835 3.38271 3.35747 3.06322 2.89296 11.7423 49.0791 11.4761 16.8718 10.3529 8.36109 17.1123 8.71276 6.969 5.30475 4.45823 4.04491 3.81574 8.87497 5.43335 3.02752
threshold=591.50000000000011 4.8500001430511483 10.34999990463257 -0.37939999997615809 62.500000000000007 1.0000000180025095e-35 1017.3500061035157 -1.0000000180025095e-35 1010.6499938964845 1122.5000000000002 87.500000000000014 29.750000000000004 5.3550000190734872 386.50000000000006 382.50000000000006 57.500000000000007 1015.4500122070314 8.7500000000000018 394.50000000000006 38.500000000000007 61.500000000000007 9.5500001907348651 4.8500001430511483 12.949999809265138 1020.8500061035157 1013.7500000000001 327.50000000000006 -0.87834998965263356 216.50000000000003 12.150000095367433
decision_type=2 2 2 2 2 2 2 2 2 2 2 2 2 2 2 2 2 2 2 2 2 2 2 2 2 2 2 2 2 2
left_child=13 3 -3 7 -5 -4 -6 8 -2 -7 -10 12 -9 14 22 -16 17 23 24 20 -20 -21 -1 25 -18 -15 28 -28 -24 -17
right_child=1 2 5 4 6 9 -8 11 10 -11 -12 -13 -14 16 15 29 18 -19 19 21 -22 -23 26 -25 -26 -27 27 -29 -30 -31
leaf_value=-0.049778151512145999 -0.017016587466001511 0.00082714013024023621 0.0075096434261734228 0.00082714013024023621 -0.050143833557764694 0.035345158506842222 -0.015246254429221154 -0.022321413931521504 -0.0023749768749675407 0.011913321628457025 0.00082714013024023621 -0.00019334000119540311 -0.007587388943572991 -0.0096132102875142456 -0.081225130868994674 -0.0089133520034681037 0.037654464691877367 0.04739779443652542 -0.047351206130077761 -0.00047022381533891046 -0.0079003577587669141 0.016943076804280279 0.00023239238994912249 0.010820541414388951 0.0091465977951884266 0.0049529814532120707 -0.009531895655135696 0.0063977864472948703 -0.0034274432811553577 0.010353118511424824
leaf_weight=6.9999999999999991 50 287 123 50 30 51 25 66 953 42 581 56 56 72 23 38 24 27 31 1702 51 75 13273 269 32 78 104 549 1098 44
leaf_count=7 18 161 41 30 12 17 10 35 492 14 251 33 42 43 14 21 11 10 18 841 19 38 6824 94 12 44 47 249 564 15
internal_value=8.40372e-05 -0.00104457 0.00407931 -0.00242503 -0.0160644 0.0141921 -0.0342813 -0.00161224 -0.000632708 0.024763 -9.86835e-05 -0.010329 -0.0149814 0.000236909 -1.70135e-05 -0.0166795 0.00186477 0.00908807 0.000182476 -0.000455598 -0.0160654 0.000264721 9.93834e-05 0.00661942 0.0213643 -0.000914579 0.000122622 0.00386075 -4.72332e-05 0.00142475
internal_weight=19867 2370 503 1867 105 216 55 1762 1584 93 1534 178 122 17497 15136 105 2361 446 1915 1859 82 1777 15031 419 56 150 15024 653 14371 82
internal_count=10027 1156 233 923 52 72 22 871 761 31 743 110 77 8871 7741 50 1130 191 939 916 37 879 7691 181 23 87 7684 296 7388 36
is_linear=0
shrinkage=0.05


Tree=271
num_leaves=31
num_cat=0
split_feature=5 10 5 25 12 24 8 12 1 18 9 25 27 4 3 4 4 21 5 8 7 10 29 26 27 7 10 9 8 16
split_gain=1.28948 4.38965 5.78483 4.71111 4.48427 4.37058 4.08416 5.11794 16.8347 7.58305 15.7004 13.7569 5.9229 4.88779 3.82248 3.30167 5.74819 4.78571 3.14834 3.13702 2.85454 12.6878 18.848 8.08451 8.69458 4.9572 12.0911 13.3189 4.89218 4.28428
threshold=-3.814999938011169 0.60354998707771312 -5.2299997806549063 14.650000095367433 -0.56175000965595234 339.58500671386724 591.50000000000011 0.81174999475479137 70.500000000000014 4.8500001430511483 -0.37939999997615809 10.34999990463257 6.8500001430511483 -0.29500000178813929 90.500000000000014 -2.3950001001358028 -2.1249999999999996 10.84999990463257 -2.3449999094009395 658.50000000000011 1015.0499877929689 -0.98295000195503224 11.150000095367433 15.750000000000002 13.949999809265138 1016.2500000000001 -1.0000000180025095e-35 0.78654998540878307 367.50000000000006 0.27699999511241918
decision_type=2 2 2 2 2 2 2 2 2 2 2 2 2 2 2 2 2 2 2 2 2 2 2 2 2 2 2 2 2 2
left_child=1 4 -3 15 5 -1 20 9 14 10 13 -11 -13 -8 18 17 -17 -4 -9 -10 21 22 -2 28 -25 26 29 -28 -23 -22
right_child=6 2 3 -5 -6 -7 7 8 19 11 -12 12 -14 -15 -16 16 -18 -19 -20 -21 25 23 -24 24 -26 -27 27 -29 -30 -31
leaf_value=0.011510752504950183 -0.0019811578309879853 -0.021040543828260257 -0.015409062995954795 0.013448178216263099 0.0045443775480686864 -0.0024454864286553857 -0.0030054371385856747 -7.8126155968868385e-05 -0.0084116043424920031 -0.001334710106597184 -0.034870109317654913 0.0071499410300838772 0.025768082961440088 -0.012807533509299361 -0.0054834810985873146 -0.021988769945425868 -0.00219188191047543 0.0058217857632193899 0.017066528438262538 -0.030247724949028987 -0.0030450840370129734 -0.002471638545122111 0.060155872028806935 0.003545392110447089 0.020624303569396339 0.00017427924226919692 -0.014311289141065817 0.0034148695743586414 0.0030621644979197918 0.0094009876173145757
leaf_weight=63 26 37 27 54 1086 512 904 33 38 199 44 69 72 148 30 39 613 131 142 29 118 985 23 375 93 13112 335 155 208 167
leaf_count=37 13 20 12 18 613 402 419 14 17 109 17 23 24 91 11 20 397 63 55 12 56 579 8 126 31 6437 151 79 95 78
internal_value=8.27776e-05 0.00112968 -0.00168039 -0.000851308 0.00265399 -0.000916368 -7.22167e-05 -0.00239341 0.00389537 -0.0035846 -0.00560832 0.0029389 0.0156346 -0.00438444 0.0110067 -0.00180461 -0.00337605 0.00468009 0.0138335 -0.0178631 0.000181973 0.0021096 0.0271852 0.00136987 0.00693928 -5.53887e-05 -0.00394107 -0.00870403 -0.000814949 0.00424788
internal_weight=19867 2562 901 864 1661 575 17305 1708 272 1436 1096 340 141 1052 205 810 652 158 175 67 15597 1710 49 1661 468 13887 775 490 1193 285
internal_count=10027 1582 530 510 1052 439 8445 792 109 683 527 156 47 510 80 492 417 75 69 29 7653 852 21 831 157 6801 364 230 674 134
is_linear=0
shrinkage=0.05


Tree=272
num_leaves=27
num_cat=0
split_feature=1 8 18 25 9 1 11 3 4 7 8 0 8 8 28 3 28 4 1 7 21 8 25 18 0 4
split_gain=1.26502 1.10502 4.98723 11.2479 6.79545 13.0754 6.16573 5.954 4.92454 4.95842 4.31635 2.96141 2.5036 10.6494 44.2285 10.5309 12.5516 16.892 9.70691 7.63253 6.28542 3.49089 2.66331 1.56808 0.388647 0.0225644
threshold=99.500000000000014 591.50000000000011 4.8500001430511483 10.34999990463257 -0.37939999997615809 62.500000000000007 1.0000000180025095e-35 65.500000000000014 -1.0000000180025095e-35 1010.6499938964845 735.50000000000011 29.750000000000004 386.50000000000006 382.50000000000006 57.500000000000007 351.50000000000006 37.500000000000007 -0.1649999991059303 70.500000000000014 1015.4500122070314 4.8500001430511483 327.50000000000006 12.150000095367433 10.84999990463257 27.550000190734867 -0.064999999478459344
decision_type=2 2 2 2 2 2 2 2 2 2 2 2 2 2 2 2 2 2 2 2 2 2 2 2 2 2
left_child=1 12 4 25 8 -6 24 -7 9 -3 -8 -10 13 20 -15 16 17 -14 23 -18 -1 -22 -16 -17 -5 -4
right_child=-2 2 3 6 5 7 10 -9 11 -11 -12 -13 15 14 22 18 19 -19 -20 -21 21 -23 -24 -25 -26 -27
leaf_value=-0.047297958391053337 0.0077933399428455341 -0.016017725735902787 0.00065950990101269205 0.0067525986850159002 0.00065950990101269205 -0.049505039930343636 0.030059476031197442 -0.016466177329421045 -0.013663530301710126 -1.7672505650047196e-05 0.0070164787769317633 0.0002249696242090847 -0.0090356123069384696 -0.077182088727536416 -0.0084190073227019685 0.00097004103721404569 0.0076053989980382781 -0.056865982897579673 0.037260952042905908 0.00017693791051382992 -7.0683362394798632e-05 0.003667541887542692 0.0096514661542393965 0.016795587410097537 0.012253455254129875 0.0067525986850159002
leaf_weight=6.9999999999999991 53 50 247 84 50 25 63 30 122 1534 30 56 49 23 38 49 431 22 38 1749 14318 653 44 23 39 40
leaf_count=7 19 18 138 28 30 12 21 10 77 743 10 33 22 14 21 25 184 11 17 863 7369 296 15 8 13 23
internal_value=7.8977e-05 5.8342e-05 -0.000954677 0.00346422 -0.0021452 -0.0145023 0.0128457 -0.0314838 -0.00140882 -0.000522725 0.0226263 -0.00929411 0.000195974 -4.10178e-05 -0.015909 0.00170997 0.000971789 -0.0197168 0.0168159 0.00164559 7.02213e-05 9.23693e-05 0.00127734 0.00602542 0.0067526 0.00065951
internal_weight=19867 19814 2370 503 1867 105 216 55 1762 1584 93 178 17444 15083 105 2361 2251 71 110 2180 14978 14971 82 72 123 287
internal_count=10027 10008 1156 233 923 52 72 22 871 761 31 110 8852 7722 50 1130 1080 33 50 1047 7672 7665 36 33 41 161
is_linear=0
shrinkage=0.05


Tree=273
num_leaves=31
num_cat=0
split_feature=1 13 1 12 10 7 4 7 7 4 5 29 0 10 4 2 18 27 1 9 3 1 4 9 7 9 0 5 3 24
split_gain=1.15105 3.0519 1.46913 4.15558 3.44971 4.41259 2.83719 1.6633 4.71212 7.25305 6.11091 4.10491 3.44576 8.56446 6.32146 11.1146 5.06176 4.98646 2.81798 7.35495 4.45007 2.61429 1.313 1.2035 2.0344 0.858466 0.542376 0.977467 0.239079 0.223605
threshold=98.500000000000014 1.0000000180025095e-35 97.500000000000014 1.0000000180025095e-35 1.0000000180025095e-35 1019.2500000000001 0.65500000119209301 1018.1499938964845 1018.8500061035157 0.89499998092651378 6.0450000762939462 5.6499998569488534 21.44999980926514 0.91595000028610241 2.5649999380111699 4.9549999237060556 7.6499998569488534 15.84999990463257 91.500000000000014 -0.78654998540878285 68.500000000000014 85.500000000000014 0.60500001907348644 0.78654998540878307 1017.0499877929689 0.98295000195503246 20.250000000000004 -0.80500000715255726 293.50000000000006 105.41500091552736
decision_type=2 2 2 2 2 2 2 2 2 2 2 2 2 2 2 2 2 2 2 2 2 2 2 2 2 2 2 2 2 2
left_child=2 25 7 6 22 -6 23 12 9 10 -9 -11 13 16 17 -16 -1 -14 20 -20 -10 -15 29 24 -4 26 27 -2 -24 -5
right_child=1 -3 3 4 5 -7 -8 8 18 11 -12 -13 14 21 15 -17 -18 -19 19 -21 -22 -23 28 -25 -26 -27 -28 -29 -30 -31
leaf_value=-0.010936181135540762 0.0070661120235964332 -0.011249400758081014 -0.0167706005952575 -0.0060218279436230664 -0.037935552597045896 -0.0089204734877536187 0.019639668223403753 0.0018122098226355824 -0.0012069892080364291 0.0013911656637707454 -0.027614342172940572 0.014299212493468076 -0.00063990550367271244 -0.012414875985788448 0.036233991836056571 -0.00059773383869065179 -0.0014336546427406588 0.0046066024746964519 0.01276819185722013 -0.0021690560015738456 0.0012397440677653904 -0.032588798323502914 -0.00079722768542441467 0.0072395376009600498 0.0013165231389960029 0.015297285066201136 0.010923144457140758 -0.0027044151635028614 0.0065740748308599 -0.013596287840291075
leaf_weight=143 47 27 22 20 20 38 21 889 2652 89 18 200 5442 42 33 54 1073 494 86 1974 6210 26 22 35 53 26 31 39 22 19
leaf_count=90 16 11 11 10 10 17 10 487 1278 35 6 98 2833 20 13 29 773 197 38 956 2965 11 9 21 25 9 13 15 11 10
internal_value=7.15801e-05 0.0041682 3.62232e-05 -0.00361296 -0.00956996 -0.0189257 0.00279877 8.73211e-05 0.000446598 0.00342613 0.00122822 0.0103241 -0.000508507 -0.00286013 -7.18247e-06 0.0133729 -0.00189446 -0.000203286 0.000120328 -0.00154546 0.000507546 -0.0201284 -0.00303223 -0.000416306 -0.00398903 0.00707921 0.00525298 0.00320908 0.00288842 -0.00971195
internal_weight=19867 170 19697 272 141 58 131 19425 12118 1196 907 289 7307 1284 6023 87 1216 5936 10922 2060 8862 68 83 110 75 143 117 86 44 39
internal_count=10027 64 9963 134 67 27 67 9829 5863 626 493 133 3966 894 3072 42 863 3030 5237 994 4243 31 40 57 36 53 44 31 20 20
is_linear=0
shrinkage=0.05


Tree=274
num_leaves=31
num_cat=0
split_feature=5 23 5 7 7 6 10 27 29 7 0 10 10 5 8 29 11 3 8 7 10 29 4 7 10 10 15 6 11 7
split_gain=1.17663 3.84361 3.80954 5.57346 8.30851 5.28176 5.02833 3.94017 3.53224 3.60295 2.78202 2.71398 4.9638 3.99826 2.69358 8.47137 15.0666 6.22625 5.83008 4.21308 10.5132 16.8382 5.93984 4.412 9.75936 4.58149 4.05972 2.20068 1.70074 1.73729
threshold=-3.814999938011169 120.50000000000001 -3.5949999094009395 1017.3500061035157 1022.4500122070314 822.50000000000011 0.91595000028610241 3.7500000000000004 9.9499998092651385 1016.9500122070314 28.550000190734867 0.60354998707771312 0.98295000195503246 -5.2299997806549063 629.50000000000011 13.150000095367433 -1.0000000180025095e-35 154.50000000000003 754.50000000000011 1015.0499877929689 -0.98295000195503224 11.150000095367433 -1.7949999570846555 1015.6499938964845 -1.0000000180025095e-35 -0.98295000195503224 1.7099999785423281 812.50000000000011 -0.87834998965263356 1015.5499877929689
decision_type=2 2 2 2 2 2 2 2 2 2 2 2 2 2 2 2 2 2 2 2 2 2 2 2 2 2 2 2 2 2
left_child=1 8 3 5 7 6 -2 -5 11 -10 -7 28 13 -13 19 18 -17 -18 26 20 21 -4 -22 24 -21 -25 -16 -9 -1 -30
right_child=2 -3 14 4 -6 10 -8 27 9 -11 -12 12 -14 -15 15 16 17 -19 -20 23 22 -23 -24 25 -26 -27 -28 -29 29 -31
leaf_value=0.0028655240519799736 -0.002858816003689783 0.014939284598340794 -0.0021243552390772563 -0.0076250819246406146 -0.025321407269686458 -0.036662863227336299 -0.015012428781608559 0.012171610243498318 0.0078695187810858044 0.0028655240519799736 -0.015012428781608559 -0.019952987703003897 0.0028655240519799736 -0.0030773455902199792 -0.010455812195456573 -0.0013238037751848999 0.0095734421310627524 0.035002175083866827 -0.0013238037751848999 0.0055772706775403611 0.0060555820846698557 0.056606399689031688 -0.00033575128008235706 -0.0040270943584247943 -0.012052136665201545 0.00029716731459036719 -0.0013238037751848999 0.00070083278180447866 0.0022111077218835424 -0.0017778617636497046
leaf_weight=278 248 49 26 46 25 23 35 124 153 173 22 37 94 683 457 228 222 27 190 123 563 23 1026 643 217 12923 82 32 577 518
leaf_count=119 148 18 13 23 16 11 19 71 87 113 12 20 63 394 233 83 93 10 81 60 225 8 557 312 96 6316 38 20 380 388
internal_value=7.01349e-05 0.00107018 -7.79216e-05 -0.00415343 0.00186953 -0.00832176 -0.00579167 0.00523475 0.000799753 0.00565504 -0.0242332 7.60116e-05 -0.00221155 -0.00394457 5.71176e-05 -0.00221921 0.00296136 0.0123308 -0.00560897 0.000233729 0.00263219 0.0254431 0.00192877 -4.87874e-05 -0.00567444 9.22064e-05 -0.00852636 0.00902675 0.00143222 0.000324088
internal_weight=19867 2562 17305 555 227 328 283 202 2513 326 45 2187 814 720 16750 1206 477 249 729 15544 1638 49 1589 13906 340 13566 539 156 1373 1095
internal_count=10027 1582 8445 320 130 190 167 114 1564 200 23 1364 477 414 8125 538 186 103 352 7587 803 21 782 6784 156 6628 271 91 887 768
is_linear=0
shrinkage=0.05


Tree=275
num_leaves=31
num_cat=0
split_feature=8 8 7 7 28 1 7 9 4 29 28 3 1 8 28 2 18 23 7 18 12 18 7 3 1 3 8 8 7 25
split_gain=1.7296 7.88424 9.70021 16.8354 33.1077 11.2441 7.41271 15.2684 11.488 6.17432 6.09548 6.10418 5.2638 5.18161 29.3784 4.37803 3.63001 3.14439 2.87248 4.21563 3.77364 10.8847 8.15557 2.52345 6.96771 4.84114 17.4493 3.5232 2.97721 2.4492
threshold=473.50000000000006 386.50000000000006 1021.0499877929689 1022.2500000000001 56.500000000000007 66.500000000000014 1019.8500061035157 -0.78654998540878285 -1.0049999952316282 24.550000190734867 37.500000000000007 54.500000000000007 79.500000000000014 382.50000000000006 57.500000000000007 1.235000014305115 10.84999990463257 87.500000000000014 1013.9500122070314 3.1499999761581425 -0.56175000965595234 4.7500000000000009 1021.5499877929689 348.50000000000006 86.500000000000014 337.50000000000006 323.50000000000006 256.50000000000006 1013.6499938964845 4.6499998569488534
decision_type=2 2 2 2 2 2 2 2 2 2 2 2 2 2 2 2 2 2 2 2 2 2 2 2 2 2 2 2 2 2
left_child=1 13 6 4 -4 -6 10 -8 -9 16 -3 -12 15 23 -15 17 -5 -2 19 -17 21 -20 -22 25 27 28 -27 -25 -1 -26
right_child=12 2 3 9 5 -7 7 8 -10 -11 11 -13 -14 14 -16 18 -18 -19 20 -21 22 -23 -24 24 29 26 -28 -29 -30 -31
leaf_value=-0.0027520551166123107 0.0035251600471205239 -0.023768249942975887 -0.06726330335323627 0.00087114540658341866 -0.035069105595188658 0.0070789459542455998 -0.014708664544202664 0.053631485700607301 0.017287661333250093 0.031314719149044587 0.013118348033027022 0.0010331779731098901 -0.015284730316627594 -0.06399539907773337 0.0022036695347941787 -0.0021536985018578143 0.017187618617847917 0.020089996395966946 -0.0078368657117904531 0.0035251600471205239 0.0012569043232420454 0.0034961467122427009 -0.0069462368292526793 -0.0075686854235197153 -0.011597797781642941 0.0027096078049739531 0.049928072392940524 0.006747396203114632 0.00019460189937203407 0.0017787359932903875
leaf_weight=924 97 17 26 217 20 66 27 30 79 21 199 220 63 21 83 402 27 39 674 342 1465 309 382 502 36 901 20 47 11860 692
leaf_count=450 36 8 13 102 13 31 10 10 36 7 101 104 29 12 37 187 13 16 367 137 717 150 203 312 36 466 7 28 5961 429
internal_value=1.00088e-05 0.000236646 0.00465713 -0.00156953 -0.0178222 -0.00287491 0.00876106 0.0189525 0.0272905 0.00529953 0.00558209 0.00677291 -0.000953186 -4.14284e-05 -0.0111635 -0.00070982 0.00306052 0.00809519 -0.00104487 0.0017197 -0.00177167 -0.0042744 -0.000439685 3.57769e-05 -0.00209005 0.000233856 0.00373498 -0.00634308 -1.83761e-05 0.00111726
internal_weight=19808 16035 949 377 112 86 572 136 109 265 436 419 3773 15086 104 3710 244 136 3574 744 2830 983 1847 14982 1277 13705 921 549 12784 728
internal_count=10028 8186 448 179 57 44 269 56 46 122 213 205 1842 7738 49 1813 115 52 1761 324 1437 517 920 7689 805 6884 473 340 6411 465
is_linear=0
shrinkage=0.05


Tree=276
num_leaves=31
num_cat=0
split_feature=10 7 8 26 28 8 8 4 29 17 5 18 5 16 7 8 17 3 10 0 26 7 24 27 8 8 4 4 18 7
split_gain=1.60479 7.29725 13.7461 9.11119 28.7939 12.7124 12.5824 10.6124 12.2551 7.4159 16.5786 6.86777 5.54695 5.33539 4.74305 3.70522 3.29071 2.30454 5.71877 6.81652 4.93917 5.03185 4.90392 4.62539 6.56199 7.92875 7.8257 6.12491 6.5273 4.33827
threshold=-0.91595000028610218 1017.1499938964845 670.50000000000011 10.84999990463257 29.500000000000004 57.500000000000007 339.50000000000006 0.49500000476837164 10.750000000000002 0.12650000303983691 -1.955000042915344 8.7500000000000018 0.64499998092651378 0.27699999511241918 1016.0499877929689 252.50000000000003 0.11050000041723253 200.50000000000003 -0.78654998540878285 18.44999980926514 16.250000000000004 1020.3500061035157 75.415000915527358 9.0500001907348651 344.50000000000006 249.50000000000003 -2.3049999475479122 0.80500000715255748 9.3499999046325701 1018.1499938964845
decision_type=2 2 2 2 2 2 2 2 2 2 2 2 2 2 2 2 2 2 2 2 2 2 2 2 2 2 2 2 2 2
left_child=1 2 12 4 -3 -6 7 11 -9 -8 -11 -5 13 14 -1 -7 -15 23 19 22 21 -21 -19 24 25 -2 -27 -25 -29 -20
right_child=17 3 -4 6 5 15 9 8 -10 10 -12 -13 -14 16 -16 -17 -18 18 29 20 -22 -23 -24 27 -26 26 -28 28 -30 -31
leaf_value=-0.0047832482721700915 -0.00041416862913880412 -0.068203313727127887 -0.028975022004710305 -0.0039917074786519251 -0.036904881300539413 -0.011358330409295556 -0.0039917074786519251 0.0032762190046229664 0.021313896787283168 0.027261196396180562 0.0015569991349614655 0.0066152076375493342 0.031267122489710648 0.0109990886116672 0.008091022032337785 -0.0039917074786519251 0.033293359279632569 -1.6786327416246589e-05 -0.0029892171488623584 0.0081763496621027817 0.01772247810916203 0.00042939490630678482 -0.020100420686815466 0.0020197568786928504 0.0012494159047570898 -0.011827386543710336 -0.00074560292588256598 0.0043500419231314287 0.032632798833005565 -0.00012123088412700718
leaf_weight=126 3480 19 27 211 7.9999999999999991 173 607 262 147 70 86 168 24 96 72 374 20 110 1918 329 82 127 42 2553 3735 330 308 51 34 4219
leaf_count=69 1798 13 13 93 8 128 263 108 50 26 30 68 14 60 30 278 9 44 1155 203 28 64 27 1291 1773 169 140 23 16 2037
internal_value=1.20218e-05 -0.00117486 0.00535619 -0.00229666 -0.00767847 -0.00560645 -0.000304944 0.00417359 0.0097592 -0.00399171 0.00710571 -0.00185416 0.00809863 0.00632779 0.00133912 -0.00447004 0.0148429 0.000182673 -0.000532328 0.00378346 0.006425 0.00439344 -0.00556621 0.000647959 3.94662e-05 -0.00135357 -0.00647756 0.00245937 0.0156631 -0.00101756
internal_weight=19808 2490 365 2125 574 555 1551 788 409 763 156 379 338 314 198 547 116 17318 6827 690 538 456 152 10491 7853 4118 638 2638 85 6137
internal_count=10028 1260 195 1065 427 414 638 319 158 319 56 161 182 168 99 406 69 8768 3558 366 295 267 71 5210 3880 2107 309 1330 39 3192
is_linear=0
shrinkage=0.05


Tree=277
num_leaves=31
num_cat=0
split_feature=8 8 28 9 11 5 5 12 8 28 11 2 5 2 11 26 9 12 0 4 8 5 8 10 4 0 5 28 8 12
split_gain=1.63259 6.94579 8.4998 8.72592 9.76444 7.60012 13.7254 9.68349 4.67456 26.4317 4.44704 4.21734 4.83467 4.57218 6.79535 5.63419 8.19371 2.98203 3.50579 2.86971 2.72335 2.47983 9.03466 7.23453 6.01516 11.0429 4.79147 2.93801 2.36129 2.34518
threshold=473.50000000000006 386.50000000000006 72.500000000000014 -0.78654998540878285 1.0000000180025095e-35 -2.4550000429153438 -2.2949999570846553 0.81174999475479137 382.50000000000006 57.500000000000007 -0.60784998536109913 1.235000014305115 -3.814999938011169 3.4300000667572026 1.0000000180025095e-35 16.849999427795414 -0.6035499870777129 -0.56175000965595234 27.94999980926514 -0.55500000715255726 448.50000000000006 3.554999947547913 336.50000000000006 0.78654998540878307 2.5649999380111699 21.94999980926514 3.2649999856948857 79.500000000000014 740.50000000000011 0.81174999475479137
decision_type=2 2 2 2 2 2 2 2 2 2 2 2 2 2 2 2 2 2 2 2 2 2 2 2 2 2 2 2 2 2
left_child=1 8 5 29 10 20 -7 -8 21 -10 -5 19 17 14 28 16 -15 18 -13 -2 -3 24 23 -23 26 -26 -1 -24 -14 -4
right_child=11 2 3 4 -6 6 7 -9 9 -11 -12 12 13 15 -16 -17 -18 -19 -20 -21 -22 22 27 -25 25 -27 -28 -29 -30 -31
leaf_value=-0.00014568891811661048 0.018774783790747568 0.004108545151645911 0.004108545151645911 0.021207051362014478 0.045129887303037033 -0.046330412700772289 0.0012043715675709526 -0.026662380348991706 -0.060713058710098272 0.0020783747355621984 0.004108545151645911 -0.0087597493125329256 -0.0020930021313747401 -0.0041679230371627378 0.0032288864351856616 -0.0020930021313747401 -0.014550335353823921 0.0032288864351856616 0.0023510206435854676 0.0032288864351856616 -0.014511924505233765 -0.00077109058187122177 0.00013624447442236402 0.0080159279098174201 0.0010603749078744258 0.039466941577416884 -0.0074412176964039961 0.021264635114685487 0.0032288864351856616 0.013485795342264307
leaf_weight=13076 41 168 319 54 31 20 198 37 21 83 23 119 791 939 411 334 237 528 176 95 25 1201 21 291 61 27 229 76 102 74
leaf_count=6638 15 87 143 22 12 10 93 22 12 37 12 83 317 519 192 113 157 242 130 37 15 670 15 156 49 11 120 30 37 32
internal_value=3.97483e-06 0.000224165 0.00437323 0.0088479 0.0214355 -0.000630813 -0.00656726 -0.00318316 -3.68366e-05 -0.0106007 0.0118961 -0.000931817 -0.00125507 -0.00224094 -7.21419e-05 -0.00411386 -0.00624284 0.00211581 -0.00213095 0.00771284 0.00410855 3.64939e-05 0.00190405 0.000942731 -0.00018508 0.0128442 -0.000271256 0.0166904 -0.002093 0.00538873
internal_weight=19808 16035 949 501 108 448 255 235 15086 104 77 3773 3637 2814 1304 1510 1176 823 295 136 193 14982 1589 1492 13393 88 13305 97 893 393
internal_count=10028 8186 448 221 46 227 125 115 7738 49 34 1842 1790 1335 546 789 676 455 213 52 102 7689 871 826 6818 60 6758 45 354 175
is_linear=0
shrinkage=0.05


Tree=278
num_leaves=31
num_cat=0
split_feature=1 3 4 11 11 9 7 0 27 9 4 5 5 0 1 7 4 4 27 0 7 6 26 5 6 9 5 25 5 24
split_gain=1.15156 1.32709 3.30704 3.5763 7.15785 7.95657 5.24944 3.01928 2.99486 7.75249 3.1677 2.54012 2.42323 5.30368 8.42112 6.97428 9.12003 4.57997 9.40491 7.69072 4.90093 4.25954 5.19601 4.48316 3.50163 2.10162 1.7957 0.970564 0.453488 0.0258664
threshold=99.500000000000014 199.50000000000003 0.7150000035762788 -0.87834998965263356 -1.0000000180025095e-35 -0.78654998540878285 1015.2500000000001 23.250000000000004 20.849999427795414 -1.0000000180025095e-35 0.66500002145767223 4.0050001144409189 -2.3950001001358028 21.750000000000004 80.500000000000014 1017.0499877929689 0.60500001907348644 1.1349999904632571 7.9500000476837167 24.44999980926514 1017.3500061035157 1002.5000000000001 23.94999980926514 3.8149999380111699 212.50000000000003 0.91595000028610241 -3.3950001001358028 12.250000000000002 -4.8050000667572013 877.08499145507824
decision_type=2 2 2 2 2 2 2 2 2 2 2 2 2 2 2 2 2 2 2 2 2 2 2 2 2 2 2 2 2 2
left_child=1 2 8 7 5 -5 -6 -4 10 -10 25 -12 13 14 26 28 -17 18 20 -20 -14 22 -19 -23 -16 -1 -3 -2 -15 -9
right_child=27 12 3 4 6 -7 -8 29 9 -11 11 -13 17 15 24 16 -18 21 19 -21 -22 23 -24 -25 -26 -27 -28 -29 -30 -31
leaf_value=-6.0450122684572237e-05 0.00023042171917579793 -0.0013159363692545373 0.0031107305570743805 -0.031305198052099775 0.033562773652374749 -0.0016333285766916398 0.0043865850638382439 0.0224123052118913 0.024272262173540452 0.0038478175370559374 -0.023353117145597936 -0.0007956843124702573 -0.024191770710361504 0.0077056907722726472 0.0021038094004653032 0.0066625540276394465 0.03010529806872584 0.00023813728274815128 -0.0015454538466506086 0.017858142878573676 -0.007235951211278964 -0.03256140762851352 0.010236086721038994 -0.0068229013382855993 -0.0025958912253206466 0.0033060566994683226 -0.016970518901944159 0.013297454516092936 0.0021038094004653032 0.020130505605980203
leaf_weight=10502 27 23 43 28 15.999999999999998 117 423 23 51 79 26 24 48 80 350 191 53 2923 2847 52 380 21 136 27 460 485 90 30 226 27
leaf_count=5137 11 20 19 15 7 58 244 11 17 32 11 10 39 43 216 100 23 1542 1277 21 191 11 47 26 369 326 44 10 142 9
internal_value=1.12023e-05 -9.278e-06 0.000325597 0.00371884 0.00226864 -0.00736307 0.00544995 0.0128255 0.000119881 0.00766462 3.1015e-05 -0.0125255 -0.000510891 0.00131848 -0.000997518 0.00520514 0.0117546 -0.000929707 -0.00221886 -0.00119741 -0.00913754 0.00045073 0.000682636 -0.0143284 0.000786301 8.81579e-05 -0.0137842 0.00710781 0.00210381 0.0211801
internal_weight=19808 19751 11844 677 584 145 439 93 11167 130 11037 50 7907 1473 923 550 244 6434 3327 2899 428 3107 3059 48 810 10987 113 57 306 50
internal_count=10028 10007 5896 363 324 73 251 39 5533 49 5484 21 4111 957 649 308 123 3154 1528 1298 230 1626 1589 37 585 5463 64 21 185 20
is_linear=0
shrinkage=0.05


Tree=279
num_leaves=31
num_cat=0
split_feature=10 5 21 7 7 7 7 12 12 12 28 6 24 10 29 10 3 11 3 4 18 4 18 18 23 3 3 10 0 6
split_gain=1.58309 6.63176 12.7017 12.9413 12.674 11.8905 10.3885 15.2537 17.6141 11.792 13.7307 19.6385 10.2014 8.98751 8.94325 7.01133 6.83374 6.77774 6.31402 6.27665 6.74684 4.81886 4.04344 3.85294 2.83969 2.1999 1.92502 5.03444 6.05447 6.62625
threshold=-0.91595000028610218 -2.754999995231628 17.750000000000004 1021.4500122070314 1021.8500061035157 1018.3500061035157 1022.3500061035157 1.0000000180025095e-35 0.81174999475479137 -0.56175000965595234 58.500000000000007 737.50000000000011 49.584999084472663 -0.98295000195503224 11.150000095367433 -0.98295000195503224 156.50000000000003 1.0000000180025095e-35 217.50000000000003 -0.83499997854232777 4.9500000476837167 -0.8149999976158141 5.0499999523162851 8.2500000000000018 52.500000000000007 12.500000000000002 200.50000000000003 -0.78654998540878285 18.44999980926514 52.500000000000007
decision_type=2 2 2 2 2 2 2 2 2 2 2 2 2 2 2 2 2 2 2 2 2 2 2 2 2 2 2 2 2 2
left_child=1 2 3 19 -5 -4 9 15 14 12 11 -11 -3 -12 -9 16 -8 -14 -17 20 -1 -6 -10 -21 -7 -26 -2 28 -28 -30
right_child=26 6 5 4 21 24 7 8 22 10 13 -13 17 -15 -16 18 -18 -19 -20 23 -22 -23 -24 -25 25 -27 27 -29 29 -31
leaf_value=-0.040357705498380324 0.00060445803735932656 0.024703628862542765 0.042061310665948051 -0.04429188429795463 0.0085778482521433729 0.0085778482521433729 -0.00057456396520137786 0.0095861296688250254 -0.016903357490897178 -0.011465459362165455 0.015383371085460699 -0.048478396991506606 0.0042119147512239968 -0.0062461770632687742 0.029761474810797595 -0.0067258747020626777 -0.025412739689151448 -0.011400591191072186 0.011934239441967186 0.0013449704403057695 -0.0029589273570769137 -0.01538158781985019 0.0010158123864847071 0.0085778482521433729 0.014044747452679232 0.029382844509616975 -0.0052364926417603312 -0.000929550265153396 0.021875405084278626 0.0041171069762480908
leaf_weight=13.999999999999998 10491 42 35 29 29 30 45 149 50 442 70 39 186 153 87 136 72 111 68 250 87 47 85 174 29 31 152 6137 59 479
leaf_count=8 5210 14 14 18 14 15 22 70 19 221 39 27 65 93 29 65 37 60 29 153 57 22 47 100 10 12 71 3192 30 265
internal_value=9.71386e-06 -0.00116912 0.00274254 -0.000146224 -0.0161703 0.0173019 -0.00287131 0.0018786 0.00878371 -0.00602274 -0.00971196 -0.0144665 0.00163865 0.000543367 0.0170237 -0.00610207 -0.0158596 -0.00162306 -0.000505837 0.0030586 -0.00814292 -0.00543973 -0.00562092 0.00572688 0.00857785 0.0195116 0.000179208 -0.000474272 0.00357507 0.00606458
internal_weight=19808 2490 755 630 105 125 1735 692 371 1043 704 481 339 223 236 321 117 297 204 525 101 76 135 424 90 60 17318 6827 690 538
internal_count=10028 1260 423 372 54 51 837 318 165 519 380 248 139 132 99 153 59 125 94 318 65 36 66 253 37 22 8768 3558 366 295
is_linear=0
shrinkage=0.05


Tree=280
num_leaves=31
num_cat=0
split_feature=3 0 8 8 23 3 10 23 3 18 24 8 5 9 28 27 5 18 5 7 7 5 25 9 1 9 17 18 29 25
split_gain=1.52115 5.24249 23.699 19.1844 38.9347 9.16465 7.86073 5.60376 5.4937 6.08534 5.30717 3.58033 9.76914 12.0427 13.5767 16.5852 10.2153 19.7868 7.00435 6.90148 6.24094 5.72253 4.44198 4.29213 3.13563 6.72441 14.1991 11.1778 10.0477 6.63476
threshold=204.50000000000003 24.150000572204593 347.50000000000006 427.50000000000006 58.500000000000007 336.50000000000006 -0.98295000195503224 59.500000000000007 219.50000000000003 9.3499999046325701 847.91500854492199 2.5000000000000004 -3.504999995231628 -0.37939999997615809 50.500000000000007 7.3500001430511483 -3.6850000619888301 10.449999809265138 -0.70499998331069935 1022.8500061035157 1014.3500061035157 4.2349998950958261 14.650000095367433 -1.0000000180025095e-35 88.500000000000014 -0.78654998540878285 0.11250000074505807 4.7500000000000009 5.5499999523162851 11.750000000000002
decision_type=2 2 2 2 2 2 2 2 2 2 2 2 2 2 2 2 2 2 2 2 2 2 2 2 2 2 2 2 2 2
left_child=11 2 7 4 -4 -6 -3 8 9 -2 -10 12 16 14 18 -16 22 -18 -14 21 -19 -15 23 -1 -13 26 -26 28 -27 -28
right_child=1 6 3 -5 5 -7 -8 -9 10 -11 -12 24 13 19 15 -17 17 20 -20 -21 -22 -23 -24 -25 25 27 29 -29 -30 -31
leaf_value=-0.0056876443655362423 -0.01156409304033244 0.018153670927406187 -0.086656219454912045 0.0021328056949577747 -0.032583808402220409 0.0021328056949577747 0.0021328056949577747 0.0021328056949577747 -0.00036973658695004565 -0.0021191209225894904 -0.01395559398687049 -0.00053751302167656006 0.0012182586526778103 0.0025764492931238669 0.0012182586526778103 0.018926693708635867 -0.059085171635855332 -0.027162633196416278 -0.027541789096413239 -0.0025063207777573917 0.0010253905266937283 0.016060786245458099 0.016443234682083131 0.0012343887424203803 -0.0083364411060449107 -0.039628309099113246 0.011620630204532911 0.003302665430547155 -0.008126416710839017 0.03412837088108063
leaf_weight=366 248 90 26 50 33 31 291 1562 4700 546 73 7741 48 1512 193 336 22 27 33 762 72 83 36 577 71 34 103 282 32 48
leaf_count=188 136 40 15 23 24 14 157 718 2449 332 35 3713 26 776 99 130 15 13 14 357 44 51 12 479 34 15 53 138 17 16
internal_value=-2.16764e-05 -0.00057596 -0.000875623 -0.0212483 -0.0350597 -0.0140986 0.00514123 -0.000475542 -0.00121815 -0.00506919 -0.000577524 0.000320888 0.0015365 0.00302861 0.00929025 0.0122091 -0.00248811 -0.0161937 -0.00977262 0.00140807 -0.00666225 0.00327814 -0.000794156 -0.00145221 -0.000273974 0.00330507 0.0101045 -0.0010325 -0.0195555 0.0187754
internal_weight=20028 7650 7269 140 90 64 381 7129 5567 794 4773 12378 4067 2967 610 529 1100 121 81 2357 99 1595 979 943 8311 570 222 348 66 151
internal_count=10133 3943 3746 76 53 38 197 3670 2952 468 2484 6190 2204 1453 269 229 751 72 40 1184 57 827 679 667 3986 273 103 170 32 69
is_linear=0
shrinkage=0.05


Tree=281
num_leaves=31
num_cat=0
split_feature=5 8 7 10 12 5 10 1 11 5 5 9 24 1 1 1 28 5 11 21 24 7 5 18 28 24 0 12 28 8
split_gain=1.43266 5.40406 4.96806 7.18677 12.7706 24.4742 8.74297 10.7299 8.32581 7.16438 6.66573 11.2428 16.8723 5.1212 14.9236 4.38012 16.1352 7.20359 6.01549 9.48158 12.9136 12.1494 7.9176 6.38977 19.8614 8.3432 5.2549 4.67441 7.5772 4.66474
threshold=-2.1450001001358028 751.00000000000011 1021.3500061035157 -0.91595000028610218 0.81174999475479137 -0.49500000476837153 -0.6035499870777129 51.500000000000007 0.60784998536109935 1.2250000238418581 -1.0249999761581419 -0.91595000028610218 750.41500854492199 65.500000000000014 82.500000000000014 84.500000000000014 91.500000000000014 -2.6850000619888301 0.60784998536109935 17.750000000000004 142.08499908447268 1018.9500122070314 -3.814999938011169 10.650000095367433 37.500000000000007 221.25000000000003 19.44999980926514 0.81174999475479137 45.500000000000007 273.50000000000006
decision_type=2 2 2 2 2 2 2 2 2 2 2 2 2 2 2 2 2 2 2 2 2 2 2 2 2 2 2 2 2 2
left_child=15 2 3 4 8 -6 7 -5 -2 -8 13 12 -12 -4 -15 18 17 -17 19 27 21 -21 -20 24 -24 -25 -19 -1 -29 -22
right_child=1 -3 10 6 5 -7 9 -9 -10 -11 11 -13 -14 14 -16 16 -18 26 22 20 29 -23 23 25 -26 -27 -28 28 -30 -31
leaf_value=-0.00088008437204297298 -0.00048725171320100304 0.0092645257582952244 -0.0027313659902411837 -0.021063520894809205 -0.057918176596814946 -0.0017405807020816396 -0.0029802914843517826 0.0041009093841403504 -0.014673956694244233 0.0005687677966078478 0.036121521413326266 -0.00081590597953623523 0.003631870783868377 0.015128393063787372 0.0010348119676033404 0.00043384416798729884 0.054012347857157396 -0.00077067407583639885 0.0024600591682036582 0.053597799303202798 0.0038099297385125967 0.016535649505710081 -0.062706721201539042 0.025172103739210541 -0.0064133711178606199 -0.0018759475480826086 0.010039116314499441 -0.027694231537835942 0.0038099297385125967 0.011443276039384935
leaf_weight=2714 465 145 201 44 33 47 3526 1137 133 2383 50 3747 199 296 514 1773 14.999999999999998 157 429 29 159 33 15.999999999999998 35 757 111 396 21 262 201
leaf_count=1436 208 49 94 24 20 33 1560 571 77 1142 22 1803 115 123 221 1275 5 79 215 11 73 12 8 17 437 87 196 19 125 76
internal_value=-2.01314e-05 -0.000333796 -0.00044274 -0.00123436 -0.00615238 -0.0249138 -0.000764061 0.00316337 -0.00364249 -0.00154902 0.000785403 -0.000132228 0.0101559 0.00441236 0.00618506 0.000550007 0.00232118 0.00198783 -0.000319789 0.000795477 0.00781242 0.0288887 -0.00314849 -0.00576663 -0.00757856 0.00382667 0.00697015 -0.000192561 0.00380993 0.00418262
internal_weight=20028 12920 12775 7768 678 80 7090 1181 598 5909 5007 3996 249 1011 810 7108 2341 2326 4767 3419 422 62 1348 919 773 146 553 2997 283 360
internal_count=10133 6062 6013 3635 338 53 3297 595 285 2702 2378 1940 137 438 344 4071 1555 1550 2516 1752 172 23 764 549 445 104 275 1580 144 149
is_linear=0
shrinkage=0.05


Tree=282
num_leaves=31
num_cat=0
split_feature=3 23 18 26 5 1 6 3 9 3 18 27 11 10 3 21 28 12 27 12 9 2 11 5 5 5 10 1 5 29
split_gain=1.39006 4.50949 5.86411 9.10344 4.95645 14.2876 6.03132 8.6577 5.79407 4.66739 10.8786 3.51892 4.10167 3.48267 6.92151 8.74474 7.89087 6.07456 5.67167 10.6419 9.58668 10.0707 5.10686 5.06469 4.49082 5.38281 4.24404 5.76371 5.03415 4.74756
threshold=201.50000000000003 59.500000000000007 7.0499999523162851 25.349999427795414 -0.50499999523162831 87.500000000000014 67.500000000000014 284.50000000000006 0.78654998540878307 212.50000000000003 5.3500001430511483 9.5500001907348651 -1.0000000180025095e-35 -0.78654998540878285 20.500000000000004 17.750000000000004 40.500000000000007 -0.56175000965595234 12.250000000000002 0.81174999475479137 -0.37939999997615809 3.7949999570846562 -0.87834998965263356 1.2250000238418581 4.6649999618530282 4.1449999809265146 -1.0000000180025095e-35 84.500000000000014 -5.2299997806549063 2.1499999761581425
decision_type=2 2 2 2 2 2 2 2 2 2 2 2 2 2 2 2 2 2 2 2 2 2 2 2 2 2 2 2 2 2
left_child=13 4 -3 11 -2 9 8 -8 -7 10 -6 -4 -13 14 15 22 -17 -18 26 20 21 -20 -1 -21 25 -16 -15 28 -28 -29
right_child=1 2 3 -5 5 6 7 -9 -10 -11 -12 12 -14 18 24 16 17 -19 19 23 -22 -23 -24 -25 -26 -27 27 29 -30 -31
leaf_value=0.0062690881594049206 -6.477222833529415e-05 0.00011099997460101777 0.0027309828337401644 0.037753537155333021 -0.022415205279921559 0.00011099997460101777 -0.0090295230540118499 -0.039635046881934005 -0.0066221115046868192 0.00011099997460101777 -0.0015256973546331561 0.0052330775576173473 0.013904644118020127 0.0018250531783089213 -0.0042493715164713206 0.0062690881594049206 0.035750393693645792 0.014477403407418772 0.018262959413370621 0.0099368982417345573 0.0020007228861970835 0.0020007228861970835 -0.0017854732207166074 0.028626465149547742 0.0037473868032724695 -0.023627393149040842 -0.018666013850029126 -0.015061642756549323 -0.0014597542057632551 0.0020007228861970835
leaf_weight=109 3529 1403 236 21 77 268 621 24 292 713 327 245 171 2837 1140 55 48 49 186 171 861 82 766 46 174 37 43 41 3732 1724
leaf_count=38 1891 676 141 7 50 116 346 12 137 370 185 93 72 1442 536 26 16 21 66 69 457 37 461 16 89 26 19 22 1760 936
internal_value=-2.01942e-05 -0.000534859 0.00146722 0.00535097 -0.00124522 -0.00303927 -0.00687226 -0.0101683 -0.00307589 0.000111 -0.00550711 0.00430732 0.00773517 0.000316947 -0.00139823 0.00169567 0.0127655 0.0226857 0.000736436 0.00374907 0.00200072 0.0114665 -0.000227314 0.0138987 -0.00375015 -0.00485854 0.000252372 -0.000552989 -0.00165575 0.0018056
internal_weight=20028 7927 2076 673 5851 2322 1205 645 560 1117 404 652 416 12101 2378 1027 152 97 9723 1346 1129 268 875 217 1351 1177 8377 5540 3775 1765
internal_count=10133 4096 989 313 3107 1216 611 358 253 605 235 306 165 6037 1213 562 63 37 4824 645 560 103 499 85 651 562 4179 2737 1779 958
is_linear=0
shrinkage=0.05


Tree=283
num_leaves=31
num_cat=0
split_feature=3 0 8 8 23 3 10 10 5 18 5 23 1 8 4 10 3 7 21 17 24 7 28 8 5 24 27 12 9 2
split_gain=1.1961 4.44427 20.486 16.3636 34.2689 7.93569 7.0332 4.59156 5.7345 4.22993 3.25227 10.5388 6.94354 3.00874 2.9481 2.94557 5.87379 10.4519 7.79431 7.70195 7.04549 6.92034 8.49569 14.5133 8.15857 5.22855 5.0226 9.57554 8.58745 9.28607
threshold=204.50000000000003 24.150000572204593 347.50000000000006 427.50000000000006 58.500000000000007 336.50000000000006 -0.98295000195503224 -0.78654998540878285 4.5850000381469735 2.5499999523162846 -0.5349999964237212 59.500000000000007 83.500000000000014 66.500000000000014 0.28499999642372137 -0.78654998540878285 20.500000000000004 1020.2500000000001 16.150000572204593 0.12750000506639483 157.91500091552737 1023.1499938964845 73.500000000000014 435.50000000000006 2.8649998903274541 37.084999084472663 12.250000000000002 0.81174999475479137 -0.37939999997615809 3.7949999570846562
decision_type=2 2 2 2 2 2 2 2 2 2 2 2 2 2 2 2 2 2 2 2 2 2 2 2 2 2 2 2 2 2
left_child=15 2 7 4 -4 -6 14 8 9 -2 12 -12 -9 -10 -3 16 17 18 -1 -19 -20 22 24 -24 -18 -23 -17 28 29 -28
right_child=1 6 3 -5 5 -7 -8 10 13 -11 11 -13 -14 -15 -16 26 21 19 20 -21 -22 25 23 -25 -26 -27 27 -29 -30 -31
leaf_value=0.002153782894433358 -0.041633585840463644 0.034003087133169178 -0.080892233665172883 0.0019786067055127597 -0.030052040201244936 0.0019786067055127597 0.0019786067055127597 -0.005037693856755579 -0.028648002542879272 0.0019786067055127597 -0.0045533530306070512 0.0019786067055127597 0.0011373892473237751 -0.0021314303390681743 0.012236110662660005 0.00021216377513329674 -0.0076164542106701913 -0.0093376540976031781 0.033837217857708803 0.012826369621831438 0.0088807053926090399 0.067623440424601236 0.019518789629657547 -0.0046348956380242081 -0.028170531250114712 0.001387142261258468 0.017349811314895588 0.01303878261496059 0.0018423068489810514 0.0018423068489810514
leaf_weight=559 5.9999999999999991 20 26 50 33 31 291 553 23 1332 1764 856 2575 20 70 8576 542 265 37 46 120 2.9999999999999991 77 296 53 434 186 220 882 82
leaf_count=339 4 11 15 23 24 14 157 276 17 663 897 402 1393 18 29 4298 266 136 13 21 53 1 40 125 32 212 66 86 465 37
internal_value=-2.39241e-05 -0.00051543 -0.000791338 -0.0197327 -0.0324859 -0.0128208 0.00474855 -0.000419366 0.00197861 0.00197861 -0.00104279 -0.00234233 4.56946e-05 -0.0163147 0.0170732 0.000279842 -0.00127997 0.00159412 0.00491847 -0.00605937 0.0147622 -0.00338082 -0.00573857 0.00017753 -0.00944732 0.00184185 0.000661248 0.00347245 0.00184231 0.0108021
internal_weight=20028 7650 7269 140 90 64 381 7129 1381 1338 5748 2620 3128 43 90 12378 2432 1027 716 311 157 1405 968 373 595 437 9946 1370 1150 268
internal_count=10133 3943 3746 76 53 38 197 3670 702 667 2968 1299 1669 35 40 6190 1238 562 405 157 66 676 463 165 298 213 4952 654 568 103
is_linear=0
shrinkage=0.05


Tree=284
num_leaves=31
num_cat=0
split_feature=7 1 7 1 11 14 7 7 3 6 27 23 0 1 9 7 3 3 9 28 2 11 8 28 2 25 11 24 8 3
split_gain=1.26129 4.97039 9.50301 4.25867 5.60529 3.8904 7.73077 5.18822 8.25731 8.53261 4.3112 17.3755 4.28206 8.79136 3.72022 3.36462 6.34123 4.63848 6.69564 4.49005 5.80113 5.46159 4.82803 10.2505 4.12241 4.50215 3.48048 3.35884 3.17856 2.93044
threshold=1018.2500000000001 97.500000000000014 1020.1499938964845 95.500000000000014 0.60784998536109935 48.000000000000007 1017.8500061035157 1012.2500000000001 46.500000000000007 312.50000000000006 11.949999809265138 71.500000000000014 21.750000000000004 78.500000000000014 -1.0000000180025095e-35 1018.8500061035157 184.50000000000003 283.50000000000006 0.91595000028610241 70.500000000000014 0.98500001430511486 -0.87834998965263356 339.50000000000006 40.500000000000007 6.0150001049041757 7.2500000000000009 -0.87834998965263356 137.91500091552737 344.50000000000006 348.50000000000006
decision_type=2 2 2 2 2 2 2 2 2 2 2 2 2 2 2 2 2 2 2 2 2 2 2 2 2 2 2 2 2 2
left_child=3 15 -3 5 -5 7 12 8 -1 -10 28 -12 13 -7 -14 16 24 27 -19 22 -21 -22 26 -24 25 -2 -17 -18 -9 -8
right_child=1 2 -4 4 -6 6 29 10 9 -11 11 -13 14 -15 -16 19 17 18 -20 20 21 -23 23 -25 -26 -27 -28 -29 -30 -31
leaf_value=0.0013404833843455024 -0.010281272154085239 -0.020207103128161499 0.0018402838933727018 0.0023760925543284406 0.021351541478056894 -0.024184054232734658 -0.014747324401726295 -0.0008966760390236849 0.040623481969038644 0.0085387293193767335 0.00094512463324049822 0.024887120723724367 -0.0031044832184523902 -0.0033873017371310061 -0.0008966760390236849 -0.0028989025269349398 0.022464756510759656 0.0066575754817713613 -0.010472198626076854 0.019436008245386979 0.0076750165006722621 0.00082421074609429249 -0.021525533901326159 -0.0022117407062616323 -0.020675684802234175 0.0019720224496935571 0.00044517834326928199 0.0086589085763877204 0.00094512463324049822 -0.0008966760390236849
leaf_weight=257 70 85 115 410 43 56 157 1271 30 67 801 81 1578 549 1032 882 57 249 74 47 330 2069 74 959 25 447 6604 194 1385 30
leaf_count=110 70 38 53 212 19 32 79 865 10 25 395 27 676 353 655 444 26 134 27 20 141 1010 39 491 13 214 3120 96 721 18
internal_value=-2.7193e-05 0.00028795 -0.00752986 -0.000526776 0.00417729 -0.000818927 -0.00205403 0.000260679 0.00603193 0.0184618 -0.000316773 0.00278693 -0.00147919 -0.00531229 -0.000896676 0.000417373 0.0030329 0.00669532 0.00273311 0.000151169 0.00203941 0.00169858 -0.000390988 -0.0035953 -0.000845754 0.00011314 5.1179e-05 0.0117941 -0.000896676 -0.0119369
internal_weight=20028 12281 200 7747 453 7294 3402 3892 354 97 3538 882 3215 605 2610 12081 1116 574 323 10965 2446 2399 8519 1033 542 517 7486 251 2656 187
internal_count=10133 5936 91 4197 231 3966 1813 2153 145 35 2008 422 1716 385 1331 5845 580 283 161 5265 1171 1151 4094 530 297 284 3564 122 1586 97
is_linear=0
shrinkage=0.05


Tree=285
num_leaves=31
num_cat=0
split_feature=1 4 8 7 29 1 29 7 3 10 12 8 0 12 23 18 8 8 6 7 4 18 7 7 18 26 9 7 29 26
split_gain=1.89606 4.99201 8.77613 4.98777 7.47658 4.40443 7.03808 6.88081 18.452 8.83692 4.46177 4.91404 4.01201 3.33368 3.19174 3.15753 6.97012 4.31326 12.1944 4.7675 4.01444 6.14664 3.6195 3.33988 6.62193 12.8065 5.31932 11.4848 4.97569 3.0854
threshold=72.500000000000014 -3.3850001096725459 339.50000000000006 1019.6499938964845 6.7500000000000009 64.500000000000014 24.550000190734867 1021.1499938964845 35.500000000000007 -1.0000000180025095e-35 0.81174999475479137 443.50000000000006 30.150000572204593 1.0000000180025095e-35 51.500000000000007 2.9500000476837163 220.50000000000003 501.50000000000006 412.50000000000006 1014.3500061035157 -0.14500000327825543 2.4500000476837163 1025.9500122070315 1021.0499877929689 6.7500000000000009 23.94999980926514 -0.91595000028610218 1021.9500122070314 10.050000190734865 20.050000190734867
decision_type=2 2 2 2 2 2 2 2 2 2 2 2 2 2 2 2 2 2 2 2 2 2 2 2 2 2 2 2 2 2
left_child=1 2 13 12 -5 10 7 9 -9 -7 14 -12 -4 -1 -3 16 22 23 -19 -20 -18 -22 -2 24 -17 -26 27 -25 -28 -21
right_child=15 5 3 4 -6 6 -8 8 -10 -11 11 -13 -14 -15 -16 17 20 18 19 29 21 -23 -24 26 25 -27 28 -29 -30 -31
leaf_value=-0.0086453635396586872 -0.0020217470482825316 -0.015923420202863567 -0.0067104524421636074 -0.0013251859801359305 0.020237501119745191 0.0076477223921455565 0.030511415782182111 -0.02455330951473652 0.0015694134886591481 -3.2454076718521568e-05 -0.0075895467173245001 0.0083391209207130251 0.010512186665284008 -0.029596402171330579 -0.00049991244082418426 -0.0020217470482825316 -0.0071731158736053971 0.032443498976920782 0.014201692332114494 -0.0020217470482825316 -0.045179259149651783 -0.010906227975196782 -0.027783340129958974 -0.0020217470482825316 -0.00016093323845285196 0.029734312494595846 -0.00053336860968117425 0.025104265584461934 0.0033184766401380076 0.012159281548781273
leaf_weight=37 277 34 307 131 58 901 23 78 507 641 59 270 38 39 2495 1740 233 38 56 114 19 42 22 80 7303 36 3031 69 1159 39
leaf_count=22 148 20 153 62 23 430 9 44 276 266 27 117 13 18 1281 835 97 13 20 53 14 16 11 37 4062 12 1458 31 457 13
internal_value=-6.7853e-06 0.000771197 -0.00349936 -0.00123684 0.00529193 0.00129137 0.00300097 0.00270349 -0.00191362 0.00445512 5.28396e-06 0.00548261 -0.00481347 -0.0193966 -0.000707267 -0.000313329 -0.00388517 -0.000158328 0.00638899 0.00165181 -0.0101626 -0.0215814 -0.00202175 -0.000278851 -0.000824191 -1.42881e-05 0.000862228 0.0101458 0.000532094 -0.00202175
internal_weight=19876 5618 610 534 189 5008 2150 2127 585 1542 2858 329 345 76 2529 14258 593 13665 247 209 294 61 299 13418 9079 7339 4339 149 4190 153
internal_count=10038 2761 291 251 85 2470 1025 1016 320 696 1445 144 166 40 1301 7277 286 6991 99 86 127 30 159 6892 4909 4074 1983 68 1915 66
is_linear=0
shrinkage=0.05


Tree=286
num_leaves=31
num_cat=0
split_feature=5 11 7 8 11 4 10 3 6 7 4 25 7 23 0 9 23 11 9 4 10 28 7 10 9 23 5 7 27 0
split_gain=1.25975 9.75127 16.0879 19.221 9.48357 14.7136 9.39089 8.59242 8.57859 8.03992 7.68872 6.9957 9.91692 5.59923 3.63567 2.73954 2.57755 2.38097 8.37595 11.0717 7.62459 21.5519 7.75729 5.7776 4.14511 5.67312 7.31238 7.01583 7.94372 6.58221
threshold=2.3950001001358037 -0.87834998965263356 1016.7500000000001 35.500000000000007 -1.0000000180025095e-35 -1.0049999952316282 -0.37939999997615809 197.50000000000003 477.50000000000006 1016.3500061035157 -1.1549999713897703 17.550000190734867 1020.3500061035157 79.500000000000014 20.94999980926514 0.98295000195503246 65.500000000000014 -0.87834998965263356 0.78654998540878307 0.55500000715255748 -0.98295000195503224 58.500000000000007 1017.7500000000001 -0.91595000028610218 0.91595000028610241 58.500000000000007 -0.5349999964237212 1022.2500000000001 7.4500000476837167 21.94999980926514
decision_type=2 2 2 2 2 2 2 2 2 2 2 2 2 2 2 2 2 2 2 2 2 2 2 2 2 2 2 2 2 2
left_child=17 2 7 15 8 10 9 -2 14 -7 -6 12 -10 -8 -3 -4 -5 18 19 20 21 -1 -22 -21 -19 26 -26 -27 -29 -28
right_child=1 4 3 16 5 6 13 -9 11 -11 -12 -13 -14 -15 -16 -17 -18 24 -20 23 22 -23 -24 -25 25 27 29 28 -30 -31
leaf_value=-0.0037603907183640533 0.009104888451596101 0.0021844980051380441 -0.0092523763532794661 0.0032418953309602595 0.008603832773788244 0.010649360256292017 0.0015956172147011589 0.047948003496442522 -0.014101809149740336 -0.0059149865104980289 0.03857244880575883 0.0021844980051380441 -0.0032885721309177489 0.0098290843825753395 0.019525524497032168 0.009511367604136468 0.018508376050866335 0.00037697354127461076 0.0046856042374022952 -0.028008624864742163 -0.0049269011685722942 0.045035556590918346 0.002045214746795239 -0.0089300831752385963 -0.0011842944271231249 0.00016527197292673552 -0.011819583183545469 0.0021886121754239245 0.034619793721607756 0.00016527197292673552
leaf_weight=72 24 27 168 34 49 83 1104 35 366 624 38 105 235 254 50 22 148 12335 437 48 1062 33 639 229 935 220 368 41 35 56
leaf_count=33 8 12 76 17 18 56 574 14 198 389 13 35 166 124 21 10 54 6082 260 25 467 11 319 120 599 102 177 19 14 25
internal_value=-1.33828e-05 0.000868203 0.00789098 0.00404386 -0.00016308 0.00155132 0.000702709 0.0321474 -0.00487494 -0.00397037 0.0216936 -0.00660332 -0.00876164 0.0031356 0.0109723 -0.00707973 0.0156564 -0.000193117 -0.00160788 -0.00292821 -0.00150058 0.0115755 -0.00230775 -0.0122361 6.1721e-05 -0.00228791 -0.00365412 0.00398467 0.017124 -0.00910056
internal_weight=19876 3366 431 372 2935 2152 2065 59 783 707 87 706 601 1358 77 190 182 16510 2520 2083 1806 105 1701 277 13990 1655 1359 296 76 424
internal_count=10038 1785 179 157 1606 1174 1143 22 432 445 31 399 364 698 33 86 71 8253 1235 975 830 44 786 145 7018 936 801 135 33 202
is_linear=0
shrinkage=0.05


Tree=287
num_leaves=31
num_cat=0
split_feature=1 4 8 11 28 11 0 1 12 9 4 12 8 5 29 12 8 23 4 8 5 11 7 2 18 4 8 18 11 9
split_gain=1.65509 4.46016 7.94534 4.47082 4.04641 9.30852 4.52025 4.29097 6.0249 7.28978 6.88116 3.55102 4.5111 3.30703 4.471 3.00865 2.94968 2.59493 2.56661 4.79055 14.1693 15.2451 18.1333 9.18846 5.78954 4.22377 9.72992 8.22393 4.46638 4.09736
threshold=72.500000000000014 -3.3850001096725459 339.50000000000006 1.0000000180025095e-35 37.500000000000007 0.60784998536109935 24.849999427795414 64.500000000000014 1.0000000180025095e-35 1.0000000180025095e-35 -2.6550000905990596 0.81174999475479137 443.50000000000006 -0.43500000238418574 6.5499999523162851 1.0000000180025095e-35 97.500000000000014 50.500000000000007 -4.0150001049041739 245.50000000000003 -2.9350000619888301 0.87834998965263378 1023.1499938964845 3.0949999094009404 6.4500000476837167 -2.564999938011169 142.50000000000003 3.7500000000000004 1.0000000180025095e-35 -0.6035499870777129
decision_type=2 2 2 2 2 2 2 2 2 2 2 2 2 2 2 2 2 2 2 2 2 2 2 2 2 2 2 2 2 2
left_child=1 2 15 13 5 17 -7 11 9 -9 -10 16 -13 14 -4 -1 -6 -3 -2 25 23 22 -22 -21 -25 26 28 -28 -20 -27
right_child=18 4 3 -5 7 6 -8 8 10 -11 -12 12 -14 -15 -16 -17 -18 -19 19 20 21 -23 -24 24 -26 29 27 -29 -30 -31
leaf_value=-0.0082319441477994668 0.0038138176235244488 -0.022422850877046586 -0.0019316038430470571 -0.0086602531723549651 0.0071501957985068048 -0.05185355227440596 -0.014689211296435032 0.0045613778761180819 0.0082562643413742389 0.024837817460217557 -0.0026789975504016902 -0.0035921506280635015 0.007890346707017333 -0.012184291371168235 0.0094309993776356335 -0.028135430812835694 -0.00088460406726484158 -0.0035921506280635015 -0.0034938414349070684 0.03329645749181509 -0.010342736434357173 0.0076170164747880065 0.0083994838779187769 -0.0031886328545232402 0.01446007472221498 -0.0031865783510752624 -0.013906723819673061 0.018993887751490524 0.0063320836939272434 -2.4200723728297383e-06
leaf_weight=37 370 25 193 145 120 14.999999999999998 18 1219 186 46 635 55 270 39 157 39 2374 45 298 32 888 195 151 109 81 1116 22 139 189 10668
leaf_count=22 172 15 91 91 64 9 11 531 78 24 356 25 117 13 56 18 1223 17 138 13 398 73 67 66 49 520 11 61 99 5610
internal_value=-9.75591e-06 0.000717112 -0.00331954 -0.00116677 0.0012088 -0.00859905 -0.0315821 0.00141475 0.00313392 0.0052987 -0.000201581 0.000142602 0.00505853 0.00162643 0.00316534 -0.0184456 -0.000498006 -0.00359215 -0.00029616 -0.000405656 -0.00311917 -0.00521127 -0.00761889 0.00850987 0.00433529 -8.78569e-05 0.00384229 0.0144982 0.000319505 -0.000303975
internal_weight=19876 5618 610 534 5008 103 33 4905 2086 1265 821 2819 325 389 350 76 2494 70 14258 13888 1456 1234 1039 222 190 12432 648 161 487 11784
internal_count=10038 2761 291 251 2470 52 20 2418 989 555 434 1429 142 160 147 40 1287 32 7277 7105 666 538 465 128 115 6439 309 72 237 6130
is_linear=0
shrinkage=0.05


Tree=288
num_leaves=31
num_cat=0
split_feature=1 4 8 7 29 1 29 28 7 10 3 1 23 8 4 11 9 9 3 4 0 23 9 7 5 8 26 4 11 11
split_gain=1.51006 4.03632 7.17067 4.32341 6.37596 3.45968 6.39768 8.99342 6.29535 5.43213 3.40016 3.84502 2.97713 2.86256 2.55053 4.48976 9.50734 6.47962 6.71993 6.19113 5.60094 5.2675 4.38044 3.63481 3.09361 10.6438 12.7337 12.5208 10.6234 5.07484
threshold=72.500000000000014 -3.3850001096725459 339.50000000000006 1019.6499938964845 6.7500000000000009 64.500000000000014 24.550000190734867 35.500000000000007 1020.5499877929689 -1.0000000180025095e-35 46.500000000000007 64.500000000000014 51.500000000000007 503.50000000000006 0.92500001192092907 0.60784998536109935 -0.78654998540878285 -0.78654998540878285 195.50000000000003 2.7849999666213994 19.150000572204593 60.500000000000007 -0.37939999997615809 1021.0499877929689 -2.3449999094009395 245.50000000000003 17.44999980926514 -0.55500000715255726 0.60784998536109935 -1.0000000180025095e-35
decision_type=2 2 2 2 2 2 2 2 2 2 2 2 2 2 2 2 2 2 2 2 2 2 2 2 2 2 2 2 2 2
left_child=1 2 -1 10 13 12 7 8 -7 -9 -4 -12 -3 -5 24 17 -17 23 22 20 -18 -20 -19 -16 -2 29 27 -27 -28 -26
right_child=14 5 3 4 -6 6 -8 9 -10 -11 11 -13 -14 -15 15 16 19 18 21 -21 -22 -23 -24 -25 25 26 28 -29 -30 -31
leaf_value=-0.017523296741082481 0.00039987715323609252 -0.01469282248221776 0.0054001157704520412 0.0074128821226102969 0.018771724762587712 -0.0075234793932876382 0.028898455008216528 0.0050785878686383139 -0.043088583493783306 -0.00010769480885053644 -0.014951670077658193 -0.0025782499787781266 0.00019147695655130531 -0.0075273718703538182 -0.020868584789849563 0.023994985471169156 -0.0009769557668663836 0.0058229621379049844 -0.0012863509690593377 -0.02318091005410837 0.0065493127644345103 0.0036743173051284185 0.03669610269367695 -0.00097373606343018396 0.0013736044525107559 -0.018977693229326215 -0.0059251176036395009 -0.0059251176036395009 0.0071153878024028203 -0.0017954623567311681
leaf_weight=76 3874 34 70 56 58 36 23 1205 17 869 97 178 2824 75 58 54 461 27 2231 23 533 704 20 38 2162 279 259 248 248 3039
leaf_count=40 2421 20 31 26 23 20 9 594 11 391 46 89 1425 36 39 32 238 15 1163 18 244 295 11 22 985 149 88 122 83 1352
internal_value=-7.78411e-06 0.000686507 -0.00315356 -0.00110843 0.00496999 0.00115425 0.00266944 0.00238582 -0.0179525 0.00290555 -0.00443835 -0.00694269 1.44069e-05 -0.0011407 -0.000281352 0.000762499 0.00355086 -0.000207722 0.000203894 0.00246534 0.00305876 -9.64667e-05 0.0189605 -0.0129935 -0.000709775 -0.00139924 -0.00603246 -0.0114748 -0.000375428 -0.000478115
internal_weight=19876 5618 610 534 189 5008 2150 2127 53 2074 345 275 2858 131 14258 4149 1071 3078 2982 1017 994 2935 47 96 10109 6235 1034 527 507 5201
internal_count=10038 2761 291 251 85 2470 1025 1016 31 985 166 135 1445 62 7277 2077 532 1545 1484 500 482 1458 26 61 5200 2779 442 271 171 2337
is_linear=0
shrinkage=0.05


Tree=289
num_leaves=31
num_cat=0
split_feature=1 4 8 7 29 1 29 28 8 12 12 8 3 1 8 23 29 7 12 2 8 4 8 3 3 23 18 11 8 1
split_gain=1.36112 3.6437 6.47153 3.90188 5.7543 3.12535 5.77335 8.07653 5.70658 5.20534 3.52011 4.09448 3.06865 3.47013 2.78898 4.3566 3.22594 2.75412 2.7153 2.65454 2.58346 2.36083 3.86228 12.3563 16.5492 16.0994 12.4189 11.923 4.34933 5.35212
threshold=72.500000000000014 -3.3850001096725459 339.50000000000006 1019.6499938964845 6.7500000000000009 64.500000000000014 24.550000190734867 35.500000000000007 401.50000000000006 1.0000000180025095e-35 0.81174999475479137 443.50000000000006 46.500000000000007 64.500000000000014 97.500000000000014 52.500000000000007 4.6499998569488534 1019.7500000000001 1.0000000180025095e-35 1.8450000286102297 503.50000000000006 -4.0150001049041739 206.50000000000003 246.50000000000003 260.50000000000006 56.500000000000007 8.7500000000000018 0.60784998536109935 200.50000000000003 77.500000000000014
decision_type=2 2 2 2 2 2 2 2 2 2 2 2 2 2 2 2 2 2 2 2 2 2 2 2 2 2 2 2 2 2
left_child=1 2 18 12 20 10 7 8 -7 -9 14 17 -4 -14 16 -16 -3 -12 -1 -13 -5 -2 28 26 -25 -26 27 -24 -23 -30
right_child=21 5 3 4 -6 6 -8 9 -10 -11 11 19 13 -15 15 -17 -18 -19 -20 -21 -22 22 23 24 25 -27 -28 -29 29 -31
leaf_value=-0.0069441822735038967 0.0036755323691948041 -0.0070703003765834917 0.0051301098575017284 0.0070422377769968339 0.01783313771774029 -0.0071228391589876344 0.027453531907952352 0.0047878906335051749 -0.033016043053618792 -0.00033425197065393834 0.0055445080101490024 0.020332682558468412 -0.014204086877943315 -0.0024493374233918916 -0.020597486138077721 -0.00075922760245961704 0.011658629820043787 -0.016316873273428747 -0.025852494820570334 0.0055729578332381052 -0.0071510033036271741 -0.00013308303992562407 -0.0095791412767285301 0.053799784183502203 -0.0093907665364120329 0.016581788118327816 0.007829335910847059 0.0003435940456371873 0.031239394067476195 0.0033016555663198236
leaf_weight=37 370 31 70 56 58 24 23 1253 29 821 25 35 97 178 28 2381 89 34 39 235 75 12048 841 18 115 124 185 473 24 60
leaf_count=22 172 20 31 26 23 15 9 551 16 434 12 14 46 89 17 1220 44 15 18 103 36 6247 401 6 59 51 97 206 8 30
internal_value=-6.51823e-06 0.000652643 -0.00299589 -0.00105301 0.00472149 0.00109705 0.00253717 0.00226774 -0.017006 0.00276027 1.36866e-05 0.00487881 -0.00421644 -0.00659556 -0.000619222 -0.000989809 0.00682032 -0.00705358 -0.0166471 0.00748626 -0.00108366 -0.000266244 -0.000371259 -0.00256293 0.00756654 0.00408453 -0.00429961 -0.00600726 -5.40339e-05 0.0112839
internal_weight=19876 5618 610 534 189 5008 2150 2127 53 2074 2858 329 345 275 2529 2409 120 59 76 270 131 14258 13888 1756 257 239 1499 1314 12132 84
internal_count=10038 2761 291 251 85 2470 1025 1016 31 985 1445 144 166 135 1301 1237 64 27 40 117 62 7277 7105 820 116 110 704 607 6285 38
is_linear=0
shrinkage=0.05


Tree=290
num_leaves=31
num_cat=0
split_feature=4 17 23 10 29 1 12 12 25 21 7 1 11 5 11 7 7 11 28 27 4 12 11 28 26 5 1 0 6 27
split_gain=1.58866 4.8244 5.67233 9.2914 4.4528 9.07414 6.82681 3.97087 3.90984 2.81014 4.47474 2.53761 2.5354 2.08117 7.53083 5.9275 6.20347 5.40602 3.60071 2.58411 2.54108 6.40495 5.12673 4.58748 4.45436 2.29734 2.28161 1.80627 2.93088 1.60058
threshold=1.5549999475479128 0.10050000250339509 54.500000000000007 -0.91595000028610218 5.4500000476837167 80.500000000000014 -0.56175000965595234 1.0000000180025095e-35 17.399999618530277 6.6499998569488534 1019.5499877929689 84.500000000000014 0.60784998536109935 4.7950000762939462 -0.87834998965263356 1018.5499877929689 1020.5499877929689 -0.60784998536109913 105.50000000000001 5.0499999523162851 1.3550000190734866 0.81174999475479137 0.60784998536109935 63.500000000000007 18.849999427795414 4.7449998855590829 83.500000000000014 19.849999427795414 167.50000000000003 17.349999427795414
decision_type=2 2 2 2 2 2 2 2 2 2 2 2 2 2 2 2 2 2 2 2 2 2 2 2 2 2 2 2 2 2
left_child=13 2 3 -2 11 6 -6 -8 12 10 -5 -3 -7 20 -15 17 18 -16 -17 -19 25 22 24 -24 -22 27 -18 28 -1 -29
right_child=1 4 -4 9 5 8 7 -9 -10 -11 -12 -13 -14 14 15 16 26 19 -20 -21 21 -23 23 -25 -26 -27 -28 29 -30 -31
leaf_value=-0.00048907042617326755 -0.050238726001519421 -0.0003790402826888216 -0.0003790402826888216 -0.0099648975929562348 0.0022797281151039467 0.0022797281151039467 0.03104009941619422 0.013541658348464347 0.022479808330535891 -0.0047716350632141698 -0.035612171292304998 0.0022797281151039467 0.0081586805615751525 0.014871749367986648 -0.0080212197106863774 -0.017260566355367556 -0.002619269480826995 0.010645251845320065 0.0014795761503693132 0.029424564281235573 -0.011383869306368082 0.0089322393097023937 -0.0014731862766773633 0.02161278036203132 4.7505195252597334e-05 -0.01463384764889876 0.0056107784704997757 1.2057678410799e-05 -0.0042331989657419227 0.0017424784817542485
leaf_weight=2246 12.999999999999998 344 149 53 49 514 56 77 24 147 20 211 189 106 35 89 183 90 36 23 294 92 106 27 120 27 156 12247 620 1500
leaf_count=1046 12 245 79 32 19 246 25 34 8 102 10 145 93 41 18 49 113 42 16 11 151 49 51 14 40 15 74 6243 378 629
internal_value=7.32027e-05 0.0014701 -0.00353386 -0.00916423 0.00277578 0.0049385 0.0149229 0.0209094 0.00243896 -0.0067371 -0.0151582 -0.00037904 0.00227973 -7.00812e-05 0.00256759 0.000436478 -0.00234261 0.00914929 -0.0118634 0.0144676 -0.000179685 -0.00327387 -0.00532682 0.00321344 -0.00807043 -6.0864e-05 0.00116801 -3.71795e-05 -0.00117901 0.000200872
internal_weight=19843 1846 382 233 1464 909 182 133 727 220 73 555 703 17997 718 612 464 148 125 113 17279 639 547 133 414 16640 339 16613 2866 13747
internal_count=10030 1050 235 156 815 425 78 59 347 144 42 390 339 8980 364 323 252 71 65 53 8616 305 256 65 191 8311 187 8296 1424 6872
is_linear=0
shrinkage=0.05


Tree=291
num_leaves=31
num_cat=0
split_feature=4 17 10 23 29 1 4 24 12 1 11 4 1 4 12 28 2 27 24 0 8 5 8 10 9 25 11 0 11 24
split_gain=1.37501 4.32318 7.26915 3.88587 3.62326 7.49886 5.91528 4.55981 3.13864 3.0971 3.05718 6.58877 2.38465 2.16008 5.81774 6.19811 5.55322 5.43608 4.54424 1.70588 4.82169 2.54097 3.74215 2.20553 1.75073 4.79388 3.86922 2.74296 1.92678 8.56077
threshold=1.544999957084656 0.10050000250339509 -0.91595000028610218 41.500000000000007 5.4500000476837167 80.500000000000014 1.6549999713897707 407.08500671386724 -0.56175000965595234 84.500000000000014 0.60784998536109935 1.7849999666213991 84.500000000000014 1.3949999809265139 0.81174999475479137 60.500000000000007 2.6250000000000004 5.2500000000000009 456.25000000000006 19.849999427795414 177.50000000000003 3.8149999380111699 63.500000000000007 0.98295000195503246 0.3793999999761582 12.050000190734865 -0.87834998965263356 21.550000190734867 1.0000000180025095e-35 80.415000915527358
decision_type=2 2 2 2 2 2 2 2 2 2 2 2 2 2 2 2 2 2 2 2 2 2 2 2 2 2 2 2 2 2
left_child=13 2 -2 8 12 6 -6 -8 -4 -10 -7 -12 -3 19 15 17 -17 -15 -19 20 21 23 -23 -1 28 26 -26 -27 -21 -30
right_child=1 4 3 -5 5 10 7 -9 9 -11 11 -13 -14 14 -16 16 -18 18 -20 24 -22 22 -24 -25 25 27 -28 -29 29 -31
leaf_value=-0.00049234299637091394 -0.034364657104015352 -0.000383179201733236 -0.0043975288268805176 -0.000383179201733236 0.0020285337232990039 0.0020285337232990039 0.0249361996003922 0.0065961563643419513 -0.030036840401589871 -0.0097231234207229567 0.018985639636715256 0.0020285337232990039 0.0020285337232990039 -0.057200622558593754 0.0091218065598513941 0.016279489865374506 -0.0039294201050054387 -0.0056402405661544162 -0.02145888827227313 -0.00041369232064484678 -0.022511609930258532 -0.027477435056458822 -0.00041369232064484678 -0.010026889463000361 0.003191818909610174 0.0038895641201066632 -0.00041369232064484678 0.01295484560886743 0.013131599141942228 0.00040401327916576423
leaf_weight=2792 18 346 53 212 39 568 94 53 24 86 84 114 213 5.9999999999999991 80 49 111 209 58 6965 26 22 22 62 490 367 1808 108 136 4628
leaf_count=1386 14 246 49 130 16 268 37 27 12 38 35 61 146 2 44 21 59 97 29 3175 16 9 11 31 305 129 1211 38 50 2338
internal_value=6.75585e-05 0.00134513 -0.00332656 -0.00183673 0.0025602 0.00444025 0.0134457 0.0183238 -0.00841188 -0.0141552 0.00225354 0.00825723 -0.000383179 -6.80398e-05 -0.0032658 -0.0055545 0.00225956 -0.0101342 -0.0090765 2.60983e-05 -0.00107562 -0.000883302 -0.0128073 -0.00069947 0.000248235 0.00137809 0.000432915 0.00595072 -1.88875e-05 0.000767353
internal_weight=19843 1904 393 375 1511 952 186 147 163 110 766 198 559 17939 513 433 160 273 267 17426 2924 2898 44 2854 14502 2773 2298 475 11729 4764
internal_count=10030 1079 243 229 836 444 80 64 99 50 364 96 392 8951 252 208 80 128 126 8699 1453 1437 20 1417 7246 1683 1516 167 5563 2388
is_linear=0
shrinkage=0.05


Tree=292
num_leaves=16
num_cat=0
split_feature=0 28 27 27 8 8 11 8 28 5 1 5 23 18 8
split_gain=1.35478 1.29071 2.08639 1.79284 1.37891 5.25158 3.73365 4.48742 3.56757 3.39187 2.62909 0.813233 0.624907 0.493666 0.0857803
threshold=32.899999618530281 13.500000000000002 21.000000000000004 25.60000038146973 473.50000000000006 386.50000000000006 -0.87834998965263356 581.50000000000011 105.50000000000001 3.554999947547913 73.500000000000014 -0.84499999880790699 13.500000000000002 8.6500000953674334 33.500000000000007
decision_type=2 2 2 2 2 2 2 2 2 2 2 2 2 2 2
left_child=1 2 11 4 5 9 7 -6 -8 -3 -7 14 -4 -13 -1
right_child=-2 3 12 -5 6 10 8 -9 -10 -11 -12 13 -14 -15 -16
leaf_value=-0.0047746545788708 0.014168676295701198 -0.00020322986826599272 -0.0047746545788708 0.0071081541064274894 0.0035954071309089899 0.0035954071309089899 -0.0013129385779881136 -0.0013129385779881136 0.0035954071309089899 0.002242111531767186 -0.0011326399214095452 -0.016794353723526001 -0.0013129385779881136 -0.0073079809546470649 -0.0084461158607155081
leaf_weight=54 17 13115 87 39 202 603 2905 427 235 1590 301 32 196 24 15.999999999999998
leaf_count=32 7 6693 33 13 86 294 1514 159 87 872 138 13 67 12 10
internal_value=5.97298e-05 4.76319e-05 -0.00273206 0.000106183 8.26602e-05 0.000289917 -0.000775677 0.00275759 -0.00131294 6.11763e-05 0.00359541 -0.00823637 -0.00131294 -0.0127288 -0.00477465
internal_weight=19843 19826 409 19417 19378 15609 3769 629 3140 14705 904 126 283 56 70
internal_count=10030 10023 167 9856 9843 7997 1846 245 1601 7565 432 67 100 25 42
is_linear=0
shrinkage=0.05


Tree=293
num_leaves=28
num_cat=0
split_feature=0 8 8 8 28 1 15 5 28 5 3 18 7 25 18 26 11 1 0 5 8 4 23 1 25 3 1
split_gain=1.22153 1.16203 5.16829 6.35173 36.0872 5.15196 7.83148 4.65253 6.27948 5.05193 4.91704 4.6325 4.16184 7.44978 3.78408 3.75657 3.52527 3.09033 3.07537 3.07502 5.81415 4.03264 2.8249 2.427 1.52366 0.422324 0.261704
threshold=32.899999618530281 473.50000000000006 386.50000000000006 382.50000000000006 57.500000000000007 80.500000000000014 1.435000002384186 3.554999947547913 105.50000000000001 4.5200002193450937 71.500000000000014 4.9500000476837167 1020.9500122070314 13.84999990463257 6.1499998569488534 10.250000000000002 -1.0000000180025095e-35 71.500000000000014 28.94999980926514 3.554999947547913 318.00000000000006 2.7150000333786015 84.500000000000014 75.500000000000014 12.150000095367433 177.50000000000003 58.500000000000007
decision_type=2 2 2 2 2 2 2 2 2 2 2 2 2 2 2 2 2 2 2 2 2 2 2 2 2 2 2
left_child=1 2 3 19 -5 12 -7 10 9 22 14 16 17 -14 18 -16 -12 -4 -3 21 -21 -1 -9 -11 -6 -10 -13
right_child=-2 7 5 4 24 6 -8 8 25 23 11 26 13 -15 15 -17 -18 -19 -20 20 -22 -23 -24 -25 -26 -27 -28
leaf_value=-0.00021755102445676045 0.013460242219597979 -0.0031289013338063666 0.0067559270177183122 -0.078905072983573465 -0.006217352977316631 -0.030144152003857828 0.0067559270177183122 -0.027895746346224437 0.0067559270177183122 -0.003263611602167758 -0.0024517846707052615 0.003815585261818152 -0.0043676966538789422 0.0067559270177183122 0.00097325641613896533 0.0067559270177183122 0.003815585261818152 -5.8711869525072795e-05 0.00097325641613896533 0.00098280582637799252 0.0067559270177183122 0.0067559270177183122 -0.010174778647437368 -0.019715373754501345 0.0067559270177183122 0.0012396973842341041 0.0067559270177183122
leaf_weight=13393 17 1606 327 17 38 27 28 44 37 217 378 51 259 84 89 212 320 179 554 1432 155 74 46 25 44 36 154
leaf_count=6779 7 795 154 11 22 14 15 20 13 149 156 25 136 30 64 86 135 83 278 797 74 47 37 10 15 16 62
internal_value=6.30993e-05 5.16118e-05 0.000237068 1.79664e-05 -0.0126054 0.00390969 -0.0109204 -0.000738485 -0.00580142 -0.00872452 -0.000128946 0.00302683 0.00487042 0.000500222 -0.00128688 0.00396529 0.000875244 0.00675593 -0.00201877 0.000100982 0.00218267 -0.000144331 -0.0188384 -0.00496317 0.00113966 0.00675593 0.00675593
internal_weight=19843 19826 16057 15153 99 904 55 3769 405 332 3364 903 849 343 2461 301 698 506 2160 15054 1587 13467 90 242 82 73 205
internal_count=10030 10023 8177 7745 48 432 29 1846 245 216 1601 378 403 166 1223 150 291 237 1073 7697 871 6826 57 159 37 29 87
is_linear=0
shrinkage=0.05


Tree=294
num_leaves=20
num_cat=0
split_feature=28 27 27 7 7 5 5 27 27 10 1 4 6 4 1 5 23 18 8
split_gain=1.10936 2.00381 1.9113 1.08796 4.75598 2.884 4.40204 6.52651 2.89828 2.80758 2.57 4.04265 2.81621 2.31993 2.24337 0.743178 0.578774 0.445534 0.0790258
threshold=13.500000000000002 25.60000038146973 21.000000000000004 1021.4500122070314 1021.5499877929689 -2.1450001001358028 -0.24499999731779096 13.650000095367433 21.44999980926514 -0.91595000028610218 70.500000000000014 -1.1249999999999998 307.50000000000006 0.39499999582767492 95.500000000000014 -0.84499999880790699 13.500000000000002 8.6500000953674334 33.500000000000007
decision_type=2 2 2 2 2 2 2 2 2 2 2 2 2 2 2 2 2 2 2
left_child=2 3 15 5 -5 8 14 -8 9 -2 12 -12 -6 -10 -7 18 -4 -17 -1
right_child=1 -3 16 4 10 6 7 -9 13 -11 11 -13 -14 -15 -16 17 -18 -19 -20
leaf_value=-0.0044874071757413179 0.002876840212497349 0.011449691767875966 -0.0044874071757413179 0.0057772199476713547 0.0057772199476713547 -0.0011881230617771001 -0.0005025900105350427 0.0042202780667862302 0.002876840212497349 1.6643069404411779e-05 0.0043224944131886774 0.00026493585603561224 -0.0011881230617771001 0.0057772199476713547 0.0049082432353507585 -0.015943757956847548 -0.0011881230617771001 -0.0069317043448487922 -0.0080129324342124164
leaf_weight=54 719 39 87 161 94 2902 3555 921 124 5335 755 3284 1050 191 304 32 196 24 15.999999999999998
leaf_count=32 408 13 33 70 49 1302 1783 377 50 3162 359 1499 587 68 136 13 67 12 10
internal_value=7.32797e-05 0.000127515 -0.00250376 0.000104748 0.000711976 -0.000126198 -0.000778445 0.000469207 0.000660513 0.000417215 0.000415532 0.0010234 -0.00118812 0.00533647 -0.00118812 -0.00778669 -0.00118812 -0.0120814 -0.00448741
internal_weight=19843 19434 409 19395 5344 14051 7682 4476 6369 6054 5183 4039 1144 315 3206 126 283 56 70
internal_count=10030 9863 167 9850 2564 7286 3598 2160 3688 3570 2494 1858 636 118 1438 67 100 25 42
is_linear=0
shrinkage=0.05


Tree=295
num_leaves=31
num_cat=0
split_feature=10 1 18 8 8 23 5 27 4 23 0 10 8 5 11 5 5 5 25 8 9 1 5 23 27 11 23 5 12 27
split_gain=1.42572 3.5715 10.294 7.42664 9.4668 8.52906 9.9501 7.51567 6.55403 6.00698 9.12883 5.45289 5.24957 7.09052 4.32433 5.84246 5.7186 4.18913 4.10666 3.68176 15.4187 3.94824 3.59144 3.43693 3.37815 3.21785 3.15603 5.72964 4.92591 3.37324
threshold=-1.0000000180025095e-35 78.500000000000014 6.8500001430511483 347.50000000000006 323.50000000000006 71.500000000000014 -2.4350000619888301 16.050000190734867 0.80500000715255748 51.500000000000007 24.650000572204593 -0.37939999997615809 256.50000000000006 0.10500000044703485 0.60784998536109935 -1.705000042915344 -0.10500000044703482 -1.4350000023841856 17.150000572204593 473.50000000000006 -0.6035499870777129 77.500000000000014 -0.13499999791383741 55.500000000000007 25.60000038146973 1.0000000180025095e-35 19.500000000000004 -0.50499999523162831 -0.56175000965595234 7.4500000476837167
decision_type=2 2 2 2 2 2 2 2 2 2 2 2 2 2 2 2 2 2 2 2 2 2 2 2 2 2 2 2 2 2
left_child=1 3 8 4 7 -6 -7 25 14 10 -5 23 18 -14 16 -16 -3 -9 22 20 -11 -21 -4 -10 26 -1 27 -2 -29 -28
right_child=24 2 12 9 5 6 -8 17 11 19 -12 -13 13 -15 15 -17 -18 -19 -20 21 -22 -23 -24 -25 -26 -27 29 28 -30 -31
leaf_value=0.0046733016042547473 -0.0028979773178101887 -0.005174342031657164 -0.00092724193281414286 -0.047796076070517307 0.0069426843360997741 0.063020994928148055 0.019471990358206778 0.026522405975394781 -0.014106394248488158 0.013341277010903808 -0.006993873774774062 -0.012293051694368208 0.019934695260599256 -0.0016951491026265997 -0.021934714613275397 -0.0016951491026265997 -0.015634363351689121 0.0075158533032109653 0.017574891320296698 -0.00028371967858737459 -0.0016751562166741807 0.012661081636324525 0.0030909565129219612 -0.0016951491026265997 0.0098809868765947148 -0.0032072206609020078 -0.0014584724445735095 -0.021484395412795516 -0.0028979773178101887 0.00035014768896428155
leaf_weight=249 190 280 1774 15.999999999999998 80 18 41 45 115 271 49 129 80 28 36 132 245 75 35 3228 463 60 810 363 78 270 4454 83 56 6121
leaf_count=151 114 140 1033 8 36 6 21 15 62 116 31 65 39 18 23 56 130 25 14 1602 230 22 466 163 26 148 2218 35 38 2996
internal_value=-0.000106412 0.000364224 -0.000737179 0.00127591 0.00575343 0.0175791 0.0320013 0.00318102 -0.00439854 0.00042357 -0.014655 -0.00169515 0.00100825 0.0118113 -0.00780689 -0.00169515 -0.0100557 0.0144581 0.00056276 0.000667257 0.00386906 -4.75007e-05 0.000332333 -0.00169515 -0.000487481 0.000573608 -0.00056165 -0.00538434 -0.0137462 -0.000411611
internal_weight=19874 8892 4027 4865 778 139 59 639 1300 4087 65 607 2727 108 693 168 525 120 2619 4022 734 3288 2584 478 10982 519 10904 329 139 10575
internal_count=10047 4620 2209 2411 402 63 27 339 639 2009 39 290 1570 57 349 79 270 40 1513 1970 346 1624 1499 225 5427 299 5401 187 73 5214
is_linear=0
shrinkage=0.05


Tree=296
num_leaves=31
num_cat=0
split_feature=10 7 26 3 4 7 0 7 29 11 28 7 10 28 11 7 9 8 25 7 7 6 11 10 3 18 27 1 1 1
split_gain=1.3524 4.09555 6.50449 6.61521 10.227 17.3986 7.18342 7.93096 7.84908 4.7145 4.60032 3.83029 6.97775 13.5273 5.34528 4.22713 7.47669 11.6312 15.8752 8.96841 10.0829 10.0792 6.44432 14.4142 5.67909 5.02274 6.00653 4.38323 4.17545 3.96062
threshold=-1.0000000180025095e-35 1020.4500122070314 24.69999980926514 50.500000000000007 -0.25499999523162836 1015.1499938964845 21.349999427795414 1017.1499938964845 7.5499999523162851 0.87834998965263378 79.500000000000014 1015.9500122070314 -0.98295000195503224 59.500000000000007 0.87834998965263378 1018.2500000000001 -0.6035499870777129 473.50000000000006 9.5500001907348651 1020.2500000000001 1022.2500000000001 47.500000000000007 -0.87834998965263356 -0.37939999997615809 39.500000000000007 11.34999990463257 14.34999990463257 70.500000000000014 75.500000000000014 72.500000000000014
decision_type=2 2 2 2 2 2 2 2 2 2 2 2 2 2 2 2 2 2 2 2 2 2 2 2 2 2 2 2 2 2
left_child=11 2 3 6 5 -5 8 -8 -2 -6 -4 12 13 29 -14 22 17 18 -17 21 -21 -18 23 24 -13 28 -27 -19 -24 -1
right_child=1 -3 10 4 9 -7 7 -9 -10 -11 -12 15 14 -15 -16 16 19 27 -20 20 -22 -23 25 -25 -26 26 -28 -29 -30 -31
leaf_value=0.014434560818167833 -0.034201288637187743 0.0008447227755333912 0.0037898179993294833 0.0012713632142299382 -0.0020243422522492282 -0.012428469652439645 -0.00054833292511025642 0.0037774369213948362 -0.0047745173342909064 0.0036787459106283047 0.023319061550243603 0.0086989307155211758 0.00077425714392000003 0.051392849428313118 0.010200163034292367 -0.0016633856717531122 0.017830099555708114 0.0021428977700906505 0.017280869246524288 -0.0053681194079945281 0.00047754267223475166 0.0016659027339445014 -0.0002674817969690433 -0.045274137992125291 -0.010682288645320151 0.0011063810392315174 0.01454583814811139 -0.0065673714299272342 -0.0066953637832816264 -0.012097603997046298
leaf_weight=39 27 3887 114 378 2811 599 1994 574 141 416 41 51 1367 21 169 178 105 731 292 1280 1741 1183 680 26 146 174 105 180 402 22
leaf_count=20 13 1805 42 152 1428 260 1038 333 111 229 16 20 756 7 76 113 53 382 102 641 825 617 387 13 68 168 47 78 236 11
internal_value=-8.86663e-05 -0.000459807 -0.0011745 -0.00140074 -0.00264609 -0.00712802 0.000512786 0.00116808 -0.00950382 -0.00128914 0.00895562 0.000369709 0.00257002 0.0167811 0.00181135 -0.000119719 0.000516238 0.00371779 0.0101062 -0.000509832 -0.00199927 0.00298364 -0.00240419 -0.0102829 -0.00566482 -0.00111325 0.00486842 0.000421879 -0.00265566 0.00486558
internal_weight=19874 10982 7095 6940 4204 977 2736 2568 168 3227 155 8892 1618 82 1536 7274 5690 1381 470 4309 3021 1288 1584 223 197 1361 279 911 1082 61
internal_count=10047 5427 3622 3564 2069 412 1495 1371 124 1657 58 4620 870 38 832 3750 2811 675 215 2136 1466 670 939 101 88 838 215 460 623 31
is_linear=0
shrinkage=0.05


Tree=297
num_leaves=31
num_cat=0
split_feature=10 7 5 5 26 8 7 1 3 1 23 28 18 23 5 27 10 7 23 7 18 10 28 7 28 8 1 7 7 11
split_gain=1.18733 3.64414 6.48846 8.20783 8.0239 10.5735 9.72359 7.47933 4.82409 12.7783 9.17597 4.39839 3.47304 5.99569 15.5361 4.96989 4.51662 3.7128 3.66865 3.46356 6.63774 4.53657 12.2084 3.84644 5.83178 14.3998 17.2014 6.20016 7.18673 5.79828
threshold=-1.0000000180025095e-35 1020.4500122070314 -2.1249999999999996 -3.5449999570846553 24.44999980926514 100.50000000000001 1018.9500122070314 70.500000000000014 54.500000000000007 80.500000000000014 34.500000000000007 79.500000000000014 10.34999990463257 50.500000000000007 -2.6850000619888301 22.60000038146973 0.91595000028610241 1024.7500000000002 34.500000000000007 1015.9500122070314 3.1499999761581425 -0.98295000195503224 59.500000000000007 1018.2500000000001 67.500000000000014 432.50000000000006 73.500000000000014 1019.9500122070314 1021.1499938964845 -0.87834998965263356
decision_type=2 2 2 2 2 2 2 2 2 2 2 2 2 2 2 2 2 2 2 2 2 2 2 2 2 2 2 2 2 2
left_child=19 2 3 -2 5 6 -4 -7 10 -10 -5 -6 13 14 -3 18 -15 -16 -14 20 -1 22 -22 29 27 26 -26 -25 -29 -21
right_child=1 12 4 8 11 7 -8 -9 9 -11 -12 -13 15 16 17 -17 -18 -19 -20 23 21 -23 -24 24 25 -27 -28 28 -30 -31
leaf_value=-0.0022519509645621927 -0.0018702181007824456 -0.061284856994946804 0.0011916547180607735 -0.0057541713632785086 0.0034542736907800043 -0.0036568784174460037 -0.0050185980687076992 -0.013091791417394506 -0.0088995202718203086 0.0046726093702569704 0.0077706160488840497 0.022153108616972842 0.0013123485115926164 0.0013123485115926164 -0.0022291447773436289 0.013664663774949133 -0.0020493495405457677 -0.015874477263007846 0.0052139226668188824 -0.0097687956580533048 0.0046223040548015815 0.0037188141623492772 0.048823209497190656 0.001196362661542112 0.021714271532066051 0.001196362661542112 0.001196362661542112 -0.0059199445607244555 -0.00038426129726242577 -0.0010708700706574764
leaf_weight=514 1848 11.999999999999998 1435 151 135 458 1124 388 262 513 740 41 575 1469 454 99 580 56 642 223 61 1022 21 929 200 1347 150 790 2274 1361
leaf_count=256 1106 6 672 112 49 173 532 174 133 305 350 16 299 701 186 33 247 25 308 101 31 576 7 500 85 652 107 399 1068 838
internal_value=-8.03001e-05 -0.000428054 -0.00110221 0.000424185 -0.00260004 -0.00313813 -0.0015361 -0.007984 0.00296924 8.43539e-05 0.00547854 0.00781025 0.000802487 -0.000266801 -0.00505061 0.0028915 0.000951915 -0.00372746 0.00201513 0.000349191 0.00244152 0.0046267 0.015942 -0.000116218 0.000490426 0.00294583 0.0120451 -0.000553105 -0.00181154 -0.00229539
internal_weight=19874 10982 7095 3514 3581 3405 2559 846 1666 775 891 176 3887 2571 522 1316 2049 510 1217 8892 1618 1104 82 7274 5690 1697 350 3993 3064 1584
internal_count=10047 5427 3622 2006 1616 1551 1204 347 900 438 462 65 1805 1165 217 640 948 211 607 4620 870 614 38 3750 2811 844 192 1967 1467 939
is_linear=0
shrinkage=0.05


Tree=298
num_leaves=31
num_cat=0
split_feature=4 8 7 23 8 12 25 3 7 6 19 1 1 0 25 23 7 4 5 10 21 1 25 5 8 7 1 4 5 3
split_gain=1.20173 2.96395 6.52814 7.33329 9.51315 7.01238 6.33361 5.50796 5.53141 4.00313 3.90584 4.17793 3.74624 4.42463 3.45782 3.28698 2.75803 2.21898 2.21043 2.06752 2.02608 1.7347 1.8906 1.54152 5.10589 4.22089 3.48276 8.13355 3.9468 2.78541
threshold=1.1349999904632571 17.500000000000004 1017.5499877929689 30.500000000000004 112.50000000000001 -0.56175000965595234 7.6499998569488534 212.50000000000003 1016.7500000000001 1007.5000000000001 0.57199999690055858 97.500000000000014 96.500000000000014 19.94999980926514 10.84999990463257 83.500000000000014 1015.5499877929689 1.1150000095367434 3.0449999570846562 0.78654998540878307 6.0499999523162851 98.500000000000014 12.250000000000002 -1.8450000286102293 754.50000000000011 1011.5499877929689 88.500000000000014 -2.9850000143051143 -1.8849999904632566 71.500000000000014
decision_type=2 2 2 2 2 2 2 2 2 2 2 2 2 2 2 2 2 2 2 2 2 2 2 2 2 2 2 2 2 2
left_child=17 9 7 -4 6 -6 -5 8 16 10 11 20 13 -12 -14 -10 -3 21 -9 -19 -2 23 -23 26 25 -25 28 -28 -1 -26
right_child=1 2 3 4 5 -7 -8 18 15 -11 12 -13 14 -15 -16 -17 -18 19 -20 -21 -22 22 -24 24 29 -27 27 -29 -30 -31
leaf_value=-0.00038980717031474125 -0.0081708426298252469 -0.021592337470501662 -0.013062892792125545 -0.0015215601181405307 -0.0032354151960199279 0.0059684407978260632 0.016413550109547728 -0.00068945370975040626 -0.051432267079750682 -0.021324458853764969 0.0008917801180520807 -0.010614384689635992 0.0043820753919355795 0.0080430996925272835 0.028763183378256285 -0.01681464770808816 3.821391702721095e-05 -0.0039484278768331061 0.02096941078964033 -0.022436454892158508 -0.00033715508831231076 -0.0019588489997751858 0.010669669434117776 -0.012761849748927193 -0.00021485499942766343 -0.00076691234680116615 0.024671622309833767 0.0018145062267984878 0.012090440193424002 0.015412943614025912
leaf_weight=6227 87 20 51 61 78 289 255 31 12.000000000000002 22 501 60 33 235 26 15.999999999999998 56 62 19 20 1610 49 75 74 46 8238 40 1442 64 75
leaf_count=3344 53 16 33 52 37 201 104 15 10 11 215 26 15 90 9 11 36 36 17 9 880 22 25 29 16 3692 18 970 30 25
internal_value=-7.46308e-05 0.000771909 0.00326271 0.00522639 0.00659206 0.00111645 0.0129514 -0.00609664 -0.0126532 -8.73887e-05 9.56895e-05 -0.00122009 0.00300365 0.00203187 0.0151263 -0.0316508 -0.00565404 -0.000253203 0.00754091 -0.0084577 -0.000738764 -0.000212004 0.00567937 -0.000257082 -0.000725259 -0.000873701 0.000250848 0.00243143 -0.000262842 0.0094718
internal_weight=19874 3462 888 734 683 367 316 154 104 2574 2552 1757 795 736 59 28 76 16412 50 82 1697 16330 124 16206 8433 8312 7773 1482 6291 121
internal_count=10047 1831 532 427 394 238 156 105 73 1299 1288 959 329 305 24 21 52 8216 32 45 933 8171 47 8124 3762 3721 4362 988 3374 41
is_linear=0
shrinkage=0.05


Tree=299
num_leaves=17
num_cat=0
split_feature=28 28 10 7 18 7 12 6 2 7 5 5 5 23 18 14
split_gain=1.17807 1.27006 1.23251 4.01002 5.78125 4.93378 4.20316 3.9426 3.73456 2.82999 5.96679 7.08315 6.56769 3.06747 3.57952 1.39571
threshold=141.00000000000003 3.0000000000000004 -0.37939999997615809 1017.2500000000001 3.4500000476837163 1018.2500000000001 -0.56175000965595234 77.500000000000014 1.0149999856948855 1020.4500122070314 -2.1249999999999996 2.3950001001358037 -3.5449999570846553 79.500000000000014 10.34999990463257 48.000000000000007
decision_type=2 2 2 2 2 2 2 2 2 2 2 2 2 2 2 2
left_child=1 -1 3 4 6 7 -3 -5 -7 10 12 -12 -4 14 -11 -6
right_child=-2 2 9 5 15 8 -8 -9 -10 13 11 -13 -14 -15 -16 -17
leaf_value=-0.013371857090128792 0.0072987623581731763 -0.0067281051044083343 -0.0014809383548846974 0.0036011709398363436 0.0036011709398363436 0.0036011709398363436 0.00068826773109540752 -0.0056624501406927511 -0.00017333432013052881 -0.00079920154875927634 -0.0035634612780628089 0.00092101640459615734 0.0025855470521829122 0.0036011709398363436 0.0019424017054716352 0.0010996068295230723
leaf_weight=18 54 169 2081 47 697 472 327 587 4317 2705 2979 1250 1899 205 1432 635
leaf_count=6 18 111 1250 22 437 200 145 334 2173 1233 1334 606 1040 95 698 345
internal_value=-7.63269e-05 -9.64205e-05 -8.43531e-05 0.000434627 0.00245986 -0.000248045 -0.00222464 -0.00439298 0.00030069 -0.00038418 -0.000930218 -0.00223795 0.000459327 0.000648161 0.000283632 0.00360117
internal_weight=19874 19820 19802 7251 1828 5423 496 634 4789 12551 8209 4229 3980 4342 4137 1332
internal_count=10047 10029 10023 3767 1038 2729 256 356 2373 6256 4230 1940 2290 2026 1931 782
is_linear=0
shrinkage=0.05


end of trees

feature_importances:
Column_7=996
Column_25=648
Column_10=580
Column_5=569
Column_1=558
Column_8=515
Column_4=390
Column_28=365
Column_11=337
Column_23=332
Column_3=322
Column_9=321
Column_0=275
Column_27=272
Column_6=260
Column_18=251
Column_12=238
Column_26=225
Column_2=179
Column_29=170
Column_24=152
Column_17=129
Column_20=82
Column_14=57
Column_21=48
Column_22=27
Column_16=14
Column_15=11
Column_13=8
Column_19=8

parameters:
[boosting: gbdt]
[objective: regression]
[metric: l1]
[tree_learner: serial]
[device_type: cpu]
[data_sample_strategy: bagging]
[data: ]
[valid: ]
[num_iterations: 300]
[learning_rate: 0.05]
[num_leaves: 31]
[num_threads: 0]
[seed: 42]
[deterministic: 0]
[force_col_wise: 0]
[force_row_wise: 0]
[histogram_pool_size: -1]
[max_depth: 6]
[min_data_in_leaf: 10]
[min_sum_hessian_in_leaf: 0.001]
[bagging_fraction: 0.9]
[pos_bagging_fraction: 1]
[neg_bagging_fraction: 1]
[bagging_freq: 5]
[bagging_seed: 400]
[bagging_by_query: 0]
[feature_fraction: 0.9]
[feature_fraction_bynode: 1]
[feature_fraction_seed: 30056]
[extra_trees: 0]
[extra_seed: 12879]
[early_stopping_round: 0]
[early_stopping_min_delta: 0]
[first_metric_only: 0]
[max_delta_step: 0]
[lambda_l1: 0]
[lambda_l2: 0]
[linear_lambda: 0]
[min_gain_to_split: 0]
[drop_rate: 0.1]
[max_drop: 50]
[skip_drop: 0.5]
[xgboost_dart_mode: 0]
[uniform_drop: 0]
[drop_seed: 17869]
[top_rate: 0.2]
[other_rate: 0.1]
[min_data_per_group: 100]
[max_cat_threshold: 32]
[cat_l2: 10]
[cat_smooth: 10]
[max_cat_to_onehot: 4]
[top_k: 20]
[monotone_constraints: 1,0,-1,0,0,0,-1,0,0,0,0,0,0,0,-1,1,1,1,1,1,1,1,1,1,-1,1,1,1,1,1]
[monotone_constraints_method: basic]
[monotone_penalty: 0]
[feature_contri: ]
[forcedsplits_filename: ]
[refit_decay_rate: 0.9]
[cegb_tradeoff: 1]
[cegb_penalty_split: 0]
[cegb_penalty_feature_lazy: ]
[cegb_penalty_feature_coupled: ]
[path_smooth: 0]
[interaction_constraints: ]
[verbosity: -1]
[saved_feature_importance_type: 0]
[use_quantized_grad: 0]
[num_grad_quant_bins: 4]
[quant_train_renew_leaf: 0]
[stochastic_rounding: 1]
[linear_tree: 0]
[max_bin: 255]
[max_bin_by_feature: ]
[min_data_in_bin: 3]
[bin_construct_sample_cnt: 200000]
[data_random_seed: 175]
[is_enable_sparse: 1]
[enable_bundle: 1]
[use_missing: 1]
[zero_as_missing: 0]
[feature_pre_filter: 1]
[pre_partition: 0]
[two_round: 0]
[header: 0]
[label_column: ]
[weight_column: ]
[group_column: ]
[ignore_column: ]
[categorical_feature: ]
[forcedbins_filename: ]
[precise_float_parser: 0]
[parser_config_file: ]
[objective_seed: 16083]
[num_class: 1]
[is_unbalance: 0]
[scale_pos_weight: 1]
[sigmoid: 1]
[boost_from_average: 1]
[reg_sqrt: 0]
[alpha: 0.9]
[fair_c: 1]
[poisson_max_delta_step: 0.7]
[tweedie_variance_power: 1.5]
[lambdarank_truncation_level: 30]
[lambdarank_norm: 1]
[label_gain: ]
[lambdarank_position_bias_regularization: 0]
[eval_at: ]
[multi_error_top_k: 1]
[auc_mu_weights: ]
[num_machines: 1]
[local_listen_port: 12400]
[time_out: 120]
[machine_list_filename: ]
[machines: ]
[gpu_platform_id: -1]
[gpu_device_id: -1]
[gpu_device_id_list: ]
[gpu_use_dp: 0]
[num_gpu: 1]

end of parameters

pandas_categorical:null
